step	log_std_min	log_std_mean	log_std_max	std_min	std_mean	std_max	entropy_loss	learning_rate	tensorboard_std_mean
120	-2.000742	-1.997843	-1.996237	0.135235	0.135628	0.135845	0.05211066417396069	2.6337448559670777e-05	0.13562622666358948
240	-1.999717	-1.996997	-1.994632	0.135374	0.135742	0.136064	0.05203546080738306	2.6337448559670777e-05	0.13574101030826569
360	-1.999088	-1.996336	-1.993984	0.135459	0.135832	0.136152	0.05197037477046251	2.6337448559670777e-05	0.13583144545555115
480	-1.998878	-1.995748	-1.992939	0.135487	0.135912	0.136294	0.05191886555403471	2.6337448559670777e-05	0.13591118156909943
600	-1.999116	-1.995252	-1.991389	0.135455	0.135980	0.136506	0.05187601335346699	2.6337448559670777e-05	0.13597892224788666
720	-1.999614	-1.994525	-1.990274	0.135388	0.136079	0.136658	0.051811402477324006	2.6337448559670777e-05	0.13607777655124664
840	-1.998859	-1.994048	-1.988628	0.135490	0.136144	0.136883	0.05176423620432615	2.6337448559670777e-05	0.13614322245121002
960	-1.999794	-1.993299	-1.987594	0.135363	0.136246	0.137025	0.051709473878145215	2.6337448559670777e-05	0.13624374568462372
1080	-1.999628	-1.992798	-1.986874	0.135386	0.136314	0.137123	0.05164761021733284	2.6337448559670777e-05	0.13631440699100494
1200	-1.999173	-1.992455	-1.986238	0.135447	0.136361	0.137211	0.05162164252251387	2.6337448559670777e-05	0.1363602876663208
1320	-1.998652	-1.991801	-1.986800	0.135518	0.136450	0.137134	0.051572717539966104	2.6337448559670777e-05	0.13644830882549286
1440	-1.998974	-1.991444	-1.986180	0.135474	0.136499	0.137219	0.05153378006070852	2.6337448559670777e-05	0.13649775087833405
1560	-2.000669	-1.991012	-1.983880	0.135245	0.136558	0.137535	0.051492000184953216	2.6337448559670777e-05	0.13655763864517212
1680	-2.000463	-1.990629	-1.983220	0.135273	0.136611	0.137625	0.05145217645913362	2.6337448559670777e-05	0.1366104781627655
1800	-1.999298	-1.989921	-1.980391	0.135430	0.136708	0.138015	0.05139675009995699	2.6337448559670777e-05	0.13670668005943298
1920	-1.998588	-1.989421	-1.979813	0.135526	0.136776	0.138095	0.05135040059685707	2.6337448559670777e-05	0.1367751657962799
2040	-1.997288	-1.988582	-1.978188	0.135703	0.136891	0.138320	0.05127224624156952	2.6337448559670777e-05	0.13689039647579193
2160	-1.998237	-1.988405	-1.976901	0.135574	0.136916	0.138498	0.051257637701928614	2.6337448559670777e-05	0.13691478967666626
2280	-1.998085	-1.988077	-1.975937	0.135595	0.136961	0.138631	0.0512280710041523	2.6337448559670777e-05	0.13696010410785675
2400	-1.997716	-1.987368	-1.976360	0.135645	0.137058	0.138573	0.05116240009665489	2.6337448559670777e-05	0.13705764710903168
2520	-1.997743	-1.986711	-1.975589	0.135641	0.137148	0.138680	0.05110724568367005	2.6337448559670777e-05	0.1371472179889679
2640	-1.997930	-1.986131	-1.974115	0.135616	0.137228	0.138884	0.05105350743979216	2.6337448559670777e-05	0.13722729682922363
2760	-1.998181	-1.985766	-1.973584	0.135582	0.137278	0.138958	0.051023836620151995	2.6337448559670777e-05	0.13727699220180511
2880	-1.996742	-1.985568	-1.972577	0.135777	0.137306	0.139098	0.05099854115396738	2.6337448559670777e-05	0.13730543851852417
3000	-1.996765	-1.985358	-1.971184	0.135774	0.137335	0.139292	0.05098202209919691	2.6337448559670777e-05	0.13733422756195068
3120	-1.997301	-1.985225	-1.970630	0.135701	0.137353	0.139369	0.05096974205225706	3.9506172839506166e-05	0.13735254108905792
3240	-1.995590	-1.984883	-1.970014	0.135933	0.137400	0.139455	0.050938522443175316	2.6337448559670777e-05	0.13739986717700958
3360	-1.995591	-1.984859	-1.969721	0.135933	0.137404	0.139496	0.05092880688607693	2.6337448559670777e-05	0.13740450143814087
3480	-1.996125	-1.984211	-1.970423	0.135861	0.137493	0.139398	0.0508844742551446	2.6337448559670777e-05	0.1374916285276413
3600	-1.995622	-1.983990	-1.969579	0.135929	0.137523	0.139516	0.05086185410618782	3.9506172839506166e-05	0.13752204179763794
3720	-1.995665	-1.983820	-1.968307	0.135923	0.137547	0.139693	0.0508440937846899	2.6337448559670777e-05	0.13754630088806152
3840	-1.997307	-1.983509	-1.967451	0.135700	0.137590	0.139813	0.05081579890102148	3.9506172839506166e-05	0.13758936524391174
3960	-1.998483	-1.983061	-1.965391	0.135541	0.137652	0.140101	0.0507754260674119	3.9506172839506166e-05	0.13765162229537964
4080	-1.999796	-1.982674	-1.964923	0.135363	0.137706	0.140167	0.05074085965752602	3.9506172839506166e-05	0.13770520687103271
4200	-1.999663	-1.982094	-1.965131	0.135381	0.137786	0.140138	0.05069450903683901	3.9506172839506166e-05	0.1377841979265213
4320	-1.997646	-1.981312	-1.962695	0.135654	0.137894	0.140479	0.050617610849440095	3.9506172839506166e-05	0.13789312541484833
4440	-1.998825	-1.981001	-1.961212	0.135494	0.137937	0.140688	0.050581887178122995	3.9506172839506166e-05	0.13793781399726868
4560	-1.998524	-1.980355	-1.961839	0.135535	0.138027	0.140600	0.05053678993135691	3.9506172839506166e-05	0.13802501559257507
4680	-1.997897	-1.979656	-1.960381	0.135620	0.138123	0.140805	0.05046708844602108	3.9506172839506166e-05	0.13812299072742462
4800	-1.997927	-1.979307	-1.958761	0.135616	0.138172	0.141033	0.050433801300823686	3.9506172839506166e-05	0.1381722390651703
4920	-1.998785	-1.979079	-1.957093	0.135500	0.138204	0.141269	0.050416027940809724	3.9506172839506166e-05	0.13820341229438782
5040	-1.997612	-1.978414	-1.955534	0.135659	0.138297	0.141489	0.05035476330667734	3.9506172839506166e-05	0.13829660415649414
5160	-1.997250	-1.977850	-1.955198	0.135708	0.138375	0.141536	0.05030086450278759	3.9506172839506166e-05	0.13837547600269318
5280	-1.998490	-1.977488	-1.955697	0.135540	0.138426	0.141466	0.05027166977524757	2.6337448559670777e-05	0.13842564821243286
5400	-1.997992	-1.977103	-1.954608	0.135607	0.138479	0.141620	0.05024296399205923	2.6337448559670777e-05	0.1384783834218979
5520	-1.996781	-1.976685	-1.953400	0.135772	0.138538	0.141791	0.050199418887495996	3.9506172839506166e-05	0.1385379433631897
5640	-1.997040	-1.976182	-1.952265	0.135736	0.138608	0.141952	0.05015509277582168	3.9506172839506166e-05	0.1386079043149948
5760	-1.997745	-1.975679	-1.952019	0.135641	0.138679	0.141987	0.05011498499661684	3.9506172839506166e-05	0.1386774778366089
5880	-2.000182	-1.975367	-1.951249	0.135311	0.138723	0.142096	0.050075662322342396	5.925925925925925e-05	0.1387234628200531
6000	-2.000174	-1.974886	-1.949816	0.135312	0.138790	0.142300	0.05003998950123787	2.6337448559670777e-05	0.13879002630710602
6120	-2.000708	-1.974620	-1.949687	0.135239	0.138829	0.142319	0.05001311134546995	5.925925925925925e-05	0.1388285905122757
6240	-2.001793	-1.974516	-1.950020	0.135093	0.138844	0.142271	0.05000196751207113	2.6337448559670777e-05	0.13884423673152924
6360	-2.001714	-1.974658	-1.950731	0.135103	0.138825	0.142170	0.050015628896653654	2.6337448559670777e-05	0.13882461190223694
6480	-2.000933	-1.974291	-1.951187	0.135209	0.138876	0.142105	0.04998705424368381	3.9506172839506166e-05	0.13887569308280945
6600	-2.002481	-1.973752	-1.951827	0.135000	0.138952	0.142014	0.049941299483180046	3.9506172839506166e-05	0.13895006477832794
6720	-2.004133	-1.973665	-1.952501	0.134777	0.138964	0.141919	0.049924287013709545	3.9506172839506166e-05	0.13896386325359344
6840	-2.003760	-1.973739	-1.950745	0.134827	0.138955	0.142168	0.04993015993386507	3.9506172839506166e-05	0.1389552503824234
6960	-2.004352	-1.973706	-1.949931	0.134748	0.138959	0.142284	0.04993114322423935	5.925925925925925e-05	0.13895903527736664
7080	-2.004903	-1.973707	-1.950101	0.134673	0.138961	0.142260	0.0499284490942955	3.9506172839506166e-05	0.13896076381206512
7200	-2.006087	-1.973608	-1.949581	0.134514	0.138975	0.142334	0.04991873223334551	3.9506172839506166e-05	0.13897506892681122
7320	-2.007281	-1.973262	-1.948986	0.134354	0.139025	0.142418	0.04989760816097259	5.925925925925925e-05	0.13902302086353302
7440	-2.009448	-1.973042	-1.946953	0.134063	0.139057	0.142708	0.04986757822334766	2.6337448559670777e-05	0.13905641436576843
7560	-2.008002	-1.972441	-1.946664	0.134257	0.139141	0.142750	0.04982517007738352	2.6337448559670777e-05	0.13913953304290771
7680	-2.008158	-1.972163	-1.944741	0.134236	0.139181	0.143024	0.04979438129812479	5.925925925925925e-05	0.13917987048625946
7800	-2.009093	-1.971644	-1.944550	0.134110	0.139254	0.143052	0.049747245572507384	3.9506172839506166e-05	0.13925336301326752
7920	-2.010301	-1.971486	-1.943239	0.133948	0.139277	0.143239	0.049734022840857504	3.9506172839506166e-05	0.13927645981311798
8040	-2.011175	-1.970973	-1.943779	0.133831	0.139350	0.143162	0.049676225520670414	5.925925925925925e-05	0.1393507719039917
8160	-2.012314	-1.970286	-1.942229	0.133679	0.139447	0.143384	0.049630286172032356	3.9506172839506166e-05	0.13944575190544128
8280	-2.012081	-1.969625	-1.939336	0.133710	0.139541	0.143799	0.04956014957278967	2.6337448559670777e-05	0.13954171538352966
8400	-2.011976	-1.969722	-1.938109	0.133724	0.139529	0.143976	0.049574194476008415	3.9506172839506166e-05	0.13952772319316864
8520	-2.013177	-1.969584	-1.937659	0.133564	0.139549	0.144041	0.049560504779219625	3.9506172839506166e-05	0.13954851031303406
8640	-2.014662	-1.969200	-1.936564	0.133365	0.139604	0.144199	0.04951825272291899	5.925925925925925e-05	0.1396053582429886
8760	-2.014577	-1.968936	-1.936600	0.133377	0.139642	0.144193	0.049506345950067046	3.9506172839506166e-05	0.13964124023914337
8880	-2.014301	-1.968469	-1.936692	0.133414	0.139708	0.144180	0.04946554880589247	5.925925925925925e-05	0.13970720767974854
9000	-2.015184	-1.968321	-1.937237	0.133296	0.139730	0.144102	0.04944222625344992	5.925925925925925e-05	0.13973018527030945
9120	-2.016151	-1.968067	-1.935371	0.133167	0.139768	0.144371	0.049419013783335686	3.9506172839506166e-05	0.13976867496967316
9240	-2.015613	-1.967467	-1.933705	0.133239	0.139853	0.144611	0.049368392676115036	3.9506172839506166e-05	0.1398533433675766
9360	-2.015535	-1.967025	-1.932305	0.133249	0.139917	0.144814	0.04933526981621981	3.9506172839506166e-05	0.13991621136665344
9480	-2.016021	-1.966466	-1.932483	0.133184	0.139997	0.144788	0.049281952902674675	3.9506172839506166e-05	0.1399962455034256
9600	-2.016791	-1.965926	-1.932153	0.133082	0.140074	0.144836	0.049233289621770385	2.6337448559670777e-05	0.14007383584976196
9720	-2.017197	-1.965576	-1.931858	0.133028	0.140125	0.144879	0.04919414222240448	2.6337448559670777e-05	0.14012554287910461
9840	-2.017924	-1.965506	-1.931493	0.132931	0.140137	0.144932	0.04919931162148714	2.6337448559670777e-05	0.14013560116291046
9960	-2.018828	-1.965034	-1.931348	0.132811	0.140204	0.144953	0.04915041197091341	5.925925925925925e-05	0.14020416140556335
10080	-2.018446	-1.964862	-1.930732	0.132862	0.140230	0.145042	0.04913562703877687	2.6337448559670777e-05	0.1402292400598526
10200	-2.019430	-1.964592	-1.931669	0.132731	0.140269	0.144906	0.049112899042665956	2.6337448559670777e-05	0.14026840031147003
10320	-2.021411	-1.964521	-1.931211	0.132468	0.140281	0.144973	0.049100038781762126	2.6337448559670777e-05	0.14028102159500122
10440	-2.021677	-1.964321	-1.929543	0.132433	0.140310	0.145215	0.04908331781625748	3.9506172839506166e-05	0.14031030237674713
10560	-2.022023	-1.964298	-1.929599	0.132387	0.140314	0.145206	0.04907831586897373	3.9506172839506166e-05	0.1403149962425232
10680	-2.021648	-1.963952	-1.929792	0.132437	0.140363	0.145178	0.04905080832540989	5.925925925925925e-05	0.14036285877227783
10800	-2.021356	-1.963386	-1.928878	0.132476	0.140442	0.145311	0.04901364855468273	5.925925925925925e-05	0.14043974876403809
10920	-2.020507	-1.962827	-1.928327	0.132588	0.140521	0.145391	0.0489582322537899	3.9506172839506166e-05	0.140519380569458
11040	-2.021254	-1.962931	-1.928470	0.132489	0.140506	0.145370	0.048962802067399024	3.9506172839506166e-05	0.14050553739070892
11160	-2.022841	-1.962764	-1.926887	0.132279	0.140531	0.145601	0.04894564114511013	5.925925925925925e-05	0.14053095877170563
11280	-2.024010	-1.962794	-1.927039	0.132125	0.140529	0.145579	0.0489438746124506	2.6337448559670777e-05	0.1405293494462967
11400	-2.023900	-1.962516	-1.924628	0.132139	0.140569	0.145930	0.04892797656357288	5.925925925925925e-05	0.14056827127933502
11520	-2.023772	-1.962357	-1.923953	0.132156	0.140592	0.146029	0.048908676393330096	3.9506172839506166e-05	0.1405918300151825
11640	-2.024349	-1.962032	-1.924434	0.132080	0.140639	0.145958	0.048885470256209373	2.6337448559670777e-05	0.14063867926597595
11760	-2.026312	-1.961791	-1.924844	0.131821	0.140675	0.145899	0.048861104249954226	5.925925925925925e-05	0.1406739056110382
11880	-2.028140	-1.961308	-1.924615	0.131580	0.140745	0.145932	0.04881977252662182	2.6337448559670777e-05	0.14074470102787018
12000	-2.028994	-1.961188	-1.924221	0.131468	0.140765	0.145989	0.04880532845854759	3.9506172839506166e-05	0.14076416194438934
12120	-2.029327	-1.960901	-1.923554	0.131424	0.140805	0.146087	0.04877745546400547	3.9506172839506166e-05	0.14080531895160675
12240	-2.030393	-1.960945	-1.923579	0.131284	0.140803	0.146083	0.04877817388623953	2.6337448559670777e-05	0.14080384373664856
12360	-2.030855	-1.960726	-1.923436	0.131223	0.140837	0.146104	0.04876192845404148	3.9506172839506166e-05	0.1408369094133377
12480	-2.029701	-1.960213	-1.923336	0.131375	0.140911	0.146119	0.048717405274510385	3.9506172839506166e-05	0.14091059565544128
12600	-2.027259	-1.959943	-1.921475	0.131696	0.140951	0.146391	0.048699363879859445	3.9506172839506166e-05	0.14094994962215424
12720	-2.026400	-1.959334	-1.920330	0.131809	0.141038	0.146559	0.048641948774456975	2.6337448559670777e-05	0.14103743433952332
12840	-2.026001	-1.959018	-1.918829	0.131862	0.141085	0.146779	0.04860488902777434	3.9506172839506166e-05	0.14108522236347198
12960	-2.028149	-1.958985	-1.918949	0.131579	0.141092	0.146761	0.048609896562993526	5.925925925925925e-05	0.1410914659500122
13080	-2.030501	-1.958584	-1.918246	0.131270	0.141152	0.146864	0.04856642633676529	5.925925925925925e-05	0.14115290343761444
13200	-2.030026	-1.958201	-1.918050	0.131332	0.141208	0.146893	0.0485365005210042	2.6337448559670777e-05	0.1412080079317093
13320	-2.030296	-1.957675	-1.918534	0.131297	0.141284	0.146822	0.048490867018699646	3.9506172839506166e-05	0.14128343760967255
13440	-2.030167	-1.957204	-1.916832	0.131314	0.141352	0.147072	0.048449024371802804	3.9506172839506166e-05	0.14135105907917023
13560	-2.032189	-1.956875	-1.915874	0.131048	0.141401	0.147213	0.0484184592962265	2.6337448559670777e-05	0.14140044152736664
13680	-2.032660	-1.956645	-1.913865	0.130987	0.141437	0.147509	0.04840048104524612	3.9506172839506166e-05	0.141436368227005
13800	-2.033986	-1.956723	-1.912782	0.130813	0.141428	0.147669	0.04840161222964525	3.9506172839506166e-05	0.14142781496047974
13920	-2.036113	-1.956547	-1.912863	0.130535	0.141455	0.147657	0.048385878279805186	3.9506172839506166e-05	0.14145517349243164
14040	-2.035912	-1.956295	-1.913689	0.130561	0.141492	0.147535	0.048365163058042525	2.6337448559670777e-05	0.14149171113967896
14160	-2.037368	-1.956300	-1.913493	0.130371	0.141494	0.147564	0.04836243391036987	3.9506172839506166e-05	0.14149437844753265
14280	-2.038720	-1.956210	-1.912713	0.130195	0.141510	0.147679	0.04835667815059423	2.6337448559670777e-05	0.14150992035865784
14400	-2.039016	-1.956111	-1.911557	0.130157	0.141523	0.147850	0.04834677930921316	3.9506172839506166e-05	0.14152289927005768
14520	-2.040639	-1.955924	-1.911704	0.129946	0.141552	0.147828	0.0483248682692647	2.6337448559670777e-05	0.14155171811580658
14640	-2.041004	-1.955470	-1.910167	0.129898	0.141617	0.148056	0.048292312398552896	3.9506172839506166e-05	0.14161600172519684
14760	-2.042345	-1.955178	-1.911011	0.129724	0.141662	0.147931	0.048266964592039587	2.6337448559670777e-05	0.14166073501110077
14880	-2.043745	-1.955034	-1.911901	0.129543	0.141684	0.147799	0.048249023780226705	2.6337448559670777e-05	0.141683891415596
15000	-2.043738	-1.954767	-1.909622	0.129544	0.141725	0.148136	0.04823487047106027	5.925925925925925e-05	0.14172355830669403
15120	-2.043275	-1.954711	-1.908795	0.129604	0.141737	0.148259	0.04821668863296509	3.9506172839506166e-05	0.14173714816570282
15240	-2.044037	-1.954775	-1.907544	0.129505	0.141729	0.148445	0.04822615906596184	3.9506172839506166e-05	0.14172852039337158
15360	-2.044506	-1.954688	-1.907153	0.129444	0.141743	0.148503	0.048216515220701694	3.9506172839506166e-05	0.1417435109615326
15480	-2.044962	-1.954575	-1.906369	0.129385	0.141761	0.148619	0.04821416363120079	3.9506172839506166e-05	0.14176012575626373
15600	-2.044816	-1.954555	-1.907121	0.129404	0.141766	0.148507	0.04820520021021366	2.6337448559670777e-05	0.14176571369171143
15720	-2.044229	-1.954418	-1.907719	0.129480	0.141785	0.148418	0.04819246716797352	3.9506172839506166e-05	0.14178529381752014
15840	-2.044124	-1.954378	-1.907288	0.129494	0.141792	0.148483	0.04818751383572817	3.9506172839506166e-05	0.14179286360740662
15960	-2.043968	-1.954097	-1.907552	0.129514	0.141835	0.148443	0.04816842023283243	3.9506172839506166e-05	0.14183416962623596
16080	-2.044520	-1.953690	-1.907795	0.129442	0.141894	0.148407	0.04813738707453012	3.9506172839506166e-05	0.14189273118972778
16200	-2.045798	-1.953668	-1.908527	0.129277	0.141903	0.148299	0.04811493642628193	3.9506172839506166e-05	0.14190511405467987
16320	-2.046693	-1.953384	-1.907093	0.129161	0.141947	0.148512	0.04810517318546772	3.9506172839506166e-05	0.14194633066654205
16440	-2.046861	-1.952669	-1.905050	0.129140	0.142052	0.148815	0.04804668221622706	2.6337448559670777e-05	0.14205123484134674
16560	-2.045135	-1.952455	-1.903619	0.129363	0.142083	0.149028	0.0480149744078517	3.9506172839506166e-05	0.14208325743675232
16680	-2.044344	-1.952272	-1.903521	0.129465	0.142112	0.149043	0.048006057552993295	3.9506172839506166e-05	0.14211130142211914
16800	-2.043767	-1.952155	-1.903222	0.129540	0.142129	0.149088	0.04799549020826817	3.9506172839506166e-05	0.14212797582149506
16920	-2.044192	-1.951652	-1.903241	0.129485	0.142204	0.149085	0.047945105098187925	2.6337448559670777e-05	0.14220426976680756
17040	-2.044078	-1.951524	-1.902529	0.129500	0.142226	0.149191	0.047925802506506444	3.9506172839506166e-05	0.1422271430492401
17160	-2.044911	-1.951293	-1.902245	0.129392	0.142260	0.149233	0.04791780561208725	2.6337448559670777e-05	0.14225967228412628
17280	-2.045084	-1.950947	-1.900521	0.129369	0.142313	0.149491	0.04788738954812288	2.6337448559670777e-05	0.1423119604587555
17400	-2.047690	-1.950584	-1.898671	0.129033	0.142369	0.149768	0.04785202797502279	3.9506172839506166e-05	0.14236845076084137
17520	-2.048440	-1.950024	-1.898236	0.128936	0.142452	0.149833	0.04779918380081653	2.6337448559670777e-05	0.14245188236236572
17640	-2.048974	-1.949868	-1.897190	0.128867	0.142476	0.149989	0.04778939094394445	3.9506172839506166e-05	0.14247502386569977
17760	-2.048856	-1.949752	-1.896675	0.128882	0.142495	0.150067	0.0477752735838294	3.9506172839506166e-05	0.1424947828054428
17880	-2.050256	-1.949573	-1.895826	0.128702	0.142524	0.150194	0.04776248261332512	2.6337448559670777e-05	0.14252325892448425
18000	-2.050435	-1.949024	-1.894302	0.128679	0.142602	0.150423	0.04771495424211025	3.9506172839506166e-05	0.14260037243366241
18120	-2.051083	-1.948575	-1.893785	0.128596	0.142667	0.150501	0.047666114009916785	5.925925925925925e-05	0.14266766607761383
18240	-2.052378	-1.948689	-1.893489	0.128429	0.142657	0.150546	0.047676992043852805	3.9506172839506166e-05	0.1426568180322647
18360	-2.052862	-1.948411	-1.892551	0.128367	0.142702	0.150687	0.04765200987458229	2.6337448559670777e-05	0.1427016258239746
18480	-2.053537	-1.948189	-1.892652	0.128280	0.142737	0.150672	0.04763382114470005	2.6337448559670777e-05	0.14273661375045776
18600	-2.053376	-1.948290	-1.893996	0.128301	0.142725	0.150469	0.047646365314722064	3.9506172839506166e-05	0.14272436499595642
18720	-2.053375	-1.947723	-1.893252	0.128301	0.142809	0.150581	0.047598672658205034	1.7558299039780518e-05	0.14280816912651062
18840	-2.051749	-1.947413	-1.893532	0.128510	0.142854	0.150539	0.04756130483001471	3.9506172839506166e-05	0.14285452663898468
18960	-2.052318	-1.946998	-1.892391	0.128437	0.142917	0.150711	0.04752693399786949	1.7558299039780518e-05	0.1429169923067093
19080	-2.053238	-1.946832	-1.891032	0.128319	0.142944	0.150916	0.04751137383282185	2.6337448559670777e-05	0.14294421672821045
19200	-2.053340	-1.946645	-1.890747	0.128306	0.142975	0.150959	0.04749632626771927	3.9506172839506166e-05	0.1429746299982071
19320	-2.054527	-1.946048	-1.890370	0.128153	0.143065	0.151016	0.04744851011782884	2.6337448559670777e-05	0.14306342601776123
19440	-2.054754	-1.945495	-1.889253	0.128124	0.143146	0.151185	0.04739087205380201	2.6337448559670777e-05	0.1431460976600647
19560	-2.054826	-1.945222	-1.888965	0.128115	0.143190	0.151228	0.04736713487654924	2.6337448559670777e-05	0.14318972826004028
19680	-2.054824	-1.944516	-1.887409	0.128115	0.143294	0.151464	0.04731025118380785	2.6337448559670777e-05	0.14329282939434052
19800	-2.055438	-1.944173	-1.886909	0.128037	0.143347	0.151540	0.04727829620242119	2.6337448559670777e-05	0.14334633946418762
19920	-2.055882	-1.943895	-1.886656	0.127980	0.143388	0.151578	0.04725245889276266	5.925925925925925e-05	0.14338651299476624
20040	-2.056475	-1.943536	-1.885595	0.127904	0.143442	0.151739	0.0472177529707551	3.9506172839506166e-05	0.14344123005867004
20160	-2.056603	-1.943309	-1.883268	0.127888	0.143478	0.152092	0.04719251897186041	3.9506172839506166e-05	0.1434776335954666
20280	-2.056365	-1.942947	-1.882314	0.127918	0.143530	0.152237	0.04716403800994158	3.9506172839506166e-05	0.14352986216545105
20400	-2.056383	-1.942710	-1.881075	0.127916	0.143567	0.152426	0.04714010860770941	2.6337448559670777e-05	0.14356714487075806
20520	-2.056853	-1.942706	-1.881268	0.127856	0.143572	0.152397	0.04714198764413595	3.9506172839506166e-05	0.14357095956802368
20640	-2.056233	-1.942418	-1.880766	0.127935	0.143614	0.152473	0.04711465872824192	3.9506172839506166e-05	0.1436142772436142
20760	-2.057799	-1.942535	-1.879329	0.127735	0.143601	0.152692	0.047124174796044825	3.9506172839506166e-05	0.14360061287879944
20880	-2.058576	-1.942402	-1.879090	0.127636	0.143625	0.152729	0.04711576160043478	3.9506172839506166e-05	0.14362452924251556
21000	-2.058990	-1.942208	-1.878045	0.127583	0.143658	0.152889	0.04709521308541298	1.7558299039780518e-05	0.14365804195404053
21120	-2.059609	-1.941793	-1.877478	0.127504	0.143719	0.152975	0.04706289265304804	3.9506172839506166e-05	0.14371830224990845
21240	-2.059124	-1.941468	-1.876563	0.127566	0.143768	0.153115	0.04703106768429279	3.9506172839506166e-05	0.14376774430274963
21360	-2.059947	-1.941300	-1.875720	0.127461	0.143795	0.153245	0.04701516255736351	3.9506172839506166e-05	0.1437951773405075
21480	-2.060483	-1.941228	-1.873567	0.127392	0.143811	0.153575	0.04700480569154024	3.9506172839506166e-05	0.1438111811876297
21600	-2.059485	-1.940841	-1.872232	0.127520	0.143871	0.153780	0.04697748571634293	3.9506172839506166e-05	0.14387008547782898
21720	-2.060904	-1.940898	-1.873394	0.127339	0.143864	0.153601	0.046981429867446425	1.7558299039780518e-05	0.14386367797851562
21840	-2.062533	-1.940686	-1.872768	0.127132	0.143899	0.153698	0.04696008451282978	3.9506172839506166e-05	0.14389896392822266
21960	-2.062323	-1.940262	-1.871355	0.127158	0.143963	0.153915	0.04692006129771471	2.6337448559670777e-05	0.14396265149116516
22080	-2.062949	-1.939777	-1.869703	0.127079	0.144036	0.154169	0.04688276071101427	3.9506172839506166e-05	0.1440354883670807
22200	-2.061587	-1.939724	-1.868772	0.127252	0.144044	0.154313	0.0468703368678689	2.6337448559670777e-05	0.14404428005218506
22320	-2.061472	-1.939609	-1.868990	0.127266	0.144063	0.154279	0.04686342030763626	3.9506172839506166e-05	0.14406254887580872
22440	-2.062708	-1.939057	-1.868373	0.127109	0.144147	0.154375	0.046817467734217647	3.9506172839506166e-05	0.14414583146572113
22560	-2.063477	-1.938798	-1.868543	0.127012	0.144189	0.154348	0.0467890202999115	2.6337448559670777e-05	0.14418835937976837
22680	-2.062993	-1.938391	-1.868354	0.127073	0.144250	0.154377	0.04675565510988235	3.9506172839506166e-05	0.14424893260002136
22800	-2.064629	-1.938343	-1.868667	0.126865	0.144263	0.154329	0.04674291312694549	3.9506172839506166e-05	0.1442638784646988
22920	-2.066414	-1.938171	-1.868313	0.126639	0.144292	0.154384	0.046731960773468015	3.9506172839506166e-05	0.14429175853729248
23040	-2.067504	-1.937774	-1.866553	0.126501	0.144353	0.154656	0.046697617135941984	2.6337448559670777e-05	0.14435312151908875
23160	-2.067157	-1.937462	-1.866096	0.126545	0.144402	0.154727	0.04666452798992395	2.6337448559670777e-05	0.14440225064754486
23280	-2.067156	-1.937006	-1.865265	0.126545	0.144471	0.154855	0.04662697836756706	2.6337448559670777e-05	0.14447124302387238
23400	-2.067285	-1.936839	-1.865233	0.126529	0.144500	0.154860	0.04661580435931682	3.9506172839506166e-05	0.1444990187883377
23520	-2.069202	-1.936849	-1.865113	0.126286	0.144505	0.154879	0.04661240093410015	2.6337448559670777e-05	0.14450448751449585
23640	-2.070122	-1.936653	-1.863711	0.126170	0.144538	0.155096	0.04659621305763721	5.925925925925925e-05	0.14453771710395813
23760	-2.070616	-1.936334	-1.862225	0.126108	0.144590	0.155327	0.046573092229664326	2.6337448559670777e-05	0.14458851516246796
23880	-2.071983	-1.936102	-1.862978	0.125936	0.144625	0.155210	0.04654522594064474	3.9506172839506166e-05	0.1446254551410675
24000	-2.072664	-1.935944	-1.863337	0.125850	0.144653	0.155154	0.046531676314771175	2.6337448559670777e-05	0.14465317130088806
24120	-2.071681	-1.935648	-1.862275	0.125974	0.144699	0.155319	0.04650526084005833	3.9506172839506166e-05	0.1446983367204666
24240	-2.070730	-1.935584	-1.862204	0.126094	0.144710	0.155330	0.04650001600384712	3.9506172839506166e-05	0.1447095423936844
24360	-2.070590	-1.935415	-1.861860	0.126111	0.144738	0.155383	0.04647652935236692	3.9506172839506166e-05	0.1447388231754303
24480	-2.071054	-1.935051	-1.860728	0.126053	0.144793	0.155559	0.04645559135824442	3.9506172839506166e-05	0.14479254186153412
24600	-2.070122	-1.934971	-1.861180	0.126170	0.144805	0.155489	0.0464454784989357	3.9506172839506166e-05	0.14480459690093994
24720	-2.069576	-1.934575	-1.860374	0.126239	0.144866	0.155614	0.0464120402932167	3.9506172839506166e-05	0.14486528933048248
24840	-2.070334	-1.934457	-1.860679	0.126144	0.144890	0.155567	0.04639758262783289	2.6337448559670777e-05	0.14488963782787323
24960	-2.069552	-1.934220	-1.861617	0.126242	0.144927	0.155421	0.04637895282357931	2.6337448559670777e-05	0.14492689073085785
25080	-2.070058	-1.933907	-1.861655	0.126178	0.144978	0.155415	0.046346699632704255	2.6337448559670777e-05	0.14497780799865723
25200	-2.070743	-1.933858	-1.861848	0.126092	0.144987	0.155385	0.0463402571156621	3.9506172839506166e-05	0.1449875831604004
25320	-2.070612	-1.933137	-1.861052	0.126109	0.145099	0.155509	0.046287201903760435	2.6337448559670777e-05	0.14509853720664978
25440	-2.069540	-1.933203	-1.860853	0.126244	0.145093	0.155540	0.046275267750024794	3.9506172839506166e-05	0.14509418606758118
25560	-2.068982	-1.933068	-1.860226	0.126314	0.145113	0.155637	0.0462765134871006	2.6337448559670777e-05	0.14511245489120483
25680	-2.069414	-1.932562	-1.858897	0.126260	0.145187	0.155844	0.04622645117342472	1.7558299039780518e-05	0.1451876163482666
25800	-2.069590	-1.932108	-1.858802	0.126238	0.145255	0.155859	0.04619325138628483	2.6337448559670777e-05	0.14525443315505981
25920	-2.070283	-1.931952	-1.858986	0.126150	0.145281	0.155831	0.04616975523531437	3.9506172839506166e-05	0.14528077840805054
26040	-2.071573	-1.931763	-1.857792	0.125987	0.145314	0.156017	0.04615690484642983	3.9506172839506166e-05	0.14531295001506805
26160	-2.072313	-1.931665	-1.856877	0.125894	0.145331	0.156160	0.046141125820577146	2.6337448559670777e-05	0.1453317254781723
26280	-2.072306	-1.931327	-1.856314	0.125895	0.145384	0.156247	0.04612064268440008	2.6337448559670777e-05	0.14538371562957764
26400	-2.072187	-1.930790	-1.856214	0.125910	0.145466	0.156263	0.04606611430644989	2.6337448559670777e-05	0.14546659588813782
26520	-2.072081	-1.930610	-1.855862	0.125923	0.145492	0.156318	0.04605025704950094	3.9506172839506166e-05	0.14549219608306885
26640	-2.072322	-1.930242	-1.856172	0.125893	0.145551	0.156270	0.04601983670145273	2.6337448559670777e-05	0.14555040001869202
26760	-2.072518	-1.930153	-1.856350	0.125868	0.145567	0.156242	0.046008799225091934	3.9506172839506166e-05	0.14556647837162018
26880	-2.072931	-1.929979	-1.854975	0.125817	0.145596	0.156457	0.04599405005574227	3.9506172839506166e-05	0.14559641480445862
27000	-2.073104	-1.930050	-1.855818	0.125795	0.145589	0.156325	0.04599709827452898	3.9506172839506166e-05	0.145589679479599
27120	-2.073371	-1.929623	-1.854345	0.125761	0.145658	0.156555	0.045971335470676424	2.6337448559670777e-05	0.1456567794084549
27240	-2.073911	-1.929362	-1.854715	0.125693	0.145699	0.156498	0.04594292510300875	3.9506172839506166e-05	0.14569804072380066
27360	-2.074229	-1.929111	-1.854214	0.125653	0.145740	0.156576	0.045918938145041464	2.6337448559670777e-05	0.14573906362056732
27480	-2.073840	-1.928749	-1.853444	0.125702	0.145794	0.156697	0.04588552564382553	2.6337448559670777e-05	0.14579346776008606
27600	-2.074108	-1.928488	-1.852421	0.125668	0.145837	0.156857	0.04586319550871849	3.9506172839506166e-05	0.14583633840084076
27720	-2.073721	-1.927710	-1.851061	0.125717	0.145958	0.157071	0.045796168595552446	3.9506172839506166e-05	0.14595746994018555
27840	-2.074032	-1.927528	-1.850931	0.125678	0.145992	0.157091	0.045774381048977374	1.7558299039780518e-05	0.14599187672138214
27960	-2.074883	-1.927570	-1.849688	0.125571	0.145992	0.157286	0.04578204322606325	2.6337448559670777e-05	0.14599178731441498
28080	-2.074466	-1.927274	-1.848525	0.125624	0.146039	0.157469	0.04575316421687603	2.6337448559670777e-05	0.1460387259721756
28200	-2.074469	-1.927100	-1.847644	0.125623	0.146073	0.157608	0.04573586620390415	3.9506172839506166e-05	0.14607249200344086
28320	-2.074749	-1.927024	-1.849222	0.125588	0.146089	0.157359	0.04573401156812906	3.9506172839506166e-05	0.14608736336231232
28440	-2.074926	-1.926922	-1.847479	0.125566	0.146110	0.157634	0.04571600090712309	2.6337448559670777e-05	0.14611056447029114
28560	-2.074230	-1.926907	-1.846368	0.125653	0.146116	0.157809	0.0457147752866149	3.9506172839506166e-05	0.14611662924289703
28680	-2.075014	-1.926894	-1.846037	0.125555	0.146127	0.157862	0.045715974830091	3.9506172839506166e-05	0.14612668752670288
28800	-2.076224	-1.926460	-1.845724	0.125403	0.146200	0.157911	0.04568555131554604	2.6337448559670777e-05	0.14619886875152588
28920	-2.075068	-1.926281	-1.845697	0.125548	0.146228	0.157915	0.045655781589448455	1.7558299039780518e-05	0.14622832834720612
29040	-2.074190	-1.926230	-1.845705	0.125658	0.146237	0.157914	0.04565502014011145	3.9506172839506166e-05	0.1462375968694687
29160	-2.074149	-1.926007	-1.844231	0.125663	0.146276	0.158147	0.04564073998481035	1.7558299039780518e-05	0.1462753415107727
29280	-2.074864	-1.925721	-1.843383	0.125574	0.146323	0.158281	0.045615637116134165	2.6337448559670777e-05	0.14632287621498108
29400	-2.075599	-1.925190	-1.841738	0.125481	0.146407	0.158542	0.04556255843490362	2.6337448559670777e-05	0.14640697836875916
29520	-2.075815	-1.924815	-1.840799	0.125454	0.146467	0.158691	0.04552820846438408	2.6337448559670777e-05	0.14646685123443604
29640	-2.076816	-1.924985	-1.839643	0.125329	0.146448	0.158874	0.04554187096655369	2.6337448559670777e-05	0.14644843339920044
29760	-2.075599	-1.924729	-1.838511	0.125481	0.146490	0.159054	0.04552117735147476	3.9506172839506166e-05	0.14649055898189545
29880	-2.075048	-1.924250	-1.838829	0.125550	0.146565	0.159003	0.045478088222444056	2.6337448559670777e-05	0.1465647965669632
30000	-2.077098	-1.924041	-1.837218	0.125293	0.146606	0.159260	0.045458163134753704	3.9506172839506166e-05	0.14660662412643433
30120	-2.076302	-1.923878	-1.837923	0.125393	0.146637	0.159148	0.04544692430645227	2.6337448559670777e-05	0.1466367542743683
30240	-2.077043	-1.923578	-1.837029	0.125300	0.146684	0.159290	0.04541957676410675	2.6337448559670777e-05	0.14668376743793488
30360	-2.076620	-1.923426	-1.834698	0.125353	0.146708	0.159662	0.045407145842909814	2.6337448559670777e-05	0.14670813083648682
30480	-2.077734	-1.923228	-1.834229	0.125214	0.146741	0.159737	0.04539081510156393	1.7558299039780518e-05	0.14674045145511627
30600	-2.080132	-1.922656	-1.832986	0.124914	0.146834	0.159935	0.045341338217258456	3.9506172839506166e-05	0.14683328568935394
30720	-2.080201	-1.922633	-1.832365	0.124905	0.146846	0.160035	0.04533392284065485	2.6337448559670777e-05	0.14684581756591797
30840	-2.080077	-1.922204	-1.831996	0.124921	0.146915	0.160094	0.04530272036790848	3.9506172839506166e-05	0.14691360294818878
30960	-2.079989	-1.921743	-1.831136	0.124932	0.146989	0.160231	0.04525635838508606	2.6337448559670777e-05	0.1469884216785431
31080	-2.079754	-1.921538	-1.830609	0.124961	0.147029	0.160316	0.04523853827267885	2.6337448559670777e-05	0.1470281183719635
31200	-2.079026	-1.921257	-1.831789	0.125052	0.147073	0.160127	0.04521030243486166	3.9506172839506166e-05	0.14707322418689728
31320	-2.079582	-1.920832	-1.830157	0.124982	0.147141	0.160388	0.04517350662499666	2.6337448559670777e-05	0.1471405178308487
31440	-2.079892	-1.920845	-1.829626	0.124944	0.147149	0.160474	0.04517401698976755	3.9506172839506166e-05	0.14714834094047546
31560	-2.077890	-1.920812	-1.829685	0.125194	0.147156	0.160464	0.04517179597169161	3.9506172839506166e-05	0.14715565741062164
31680	-2.076927	-1.920606	-1.829645	0.125315	0.147190	0.160471	0.04515442196279764	1.7558299039780518e-05	0.14719009399414062
31800	-2.075229	-1.920358	-1.828387	0.125528	0.147226	0.160673	0.045131828635931015	2.6337448559670777e-05	0.14722557365894318
31920	-2.075589	-1.919934	-1.827664	0.125483	0.147291	0.160789	0.045091299526393416	2.6337448559670777e-05	0.14729052782058716
32040	-2.075342	-1.919907	-1.826867	0.125513	0.147298	0.160917	0.045088930428028105	3.9506172839506166e-05	0.1472974270582199
32160	-2.076732	-1.919759	-1.825140	0.125339	0.147328	0.161195	0.0450748298317194	3.9506172839506166e-05	0.14732737839221954
32280	-2.077134	-1.919656	-1.824144	0.125289	0.147347	0.161356	0.045068155974149704	3.9506172839506166e-05	0.14734597504138947
32400	-2.075137	-1.919137	-1.823967	0.125539	0.147423	0.161384	0.04502179231494665	1.7558299039780518e-05	0.1474224328994751
32520	-2.075228	-1.918650	-1.821876	0.125528	0.147502	0.161722	0.04497916921973229	2.6337448559670777e-05	0.14750149846076965
32640	-2.075662	-1.918391	-1.822056	0.125473	0.147545	0.161693	0.04495253749191761	3.9506172839506166e-05	0.14754468202590942
32760	-2.076929	-1.918263	-1.821965	0.125315	0.147567	0.161708	0.044941645674407484	3.9506172839506166e-05	0.1475662738084793
32880	-2.076731	-1.918114	-1.821245	0.125339	0.147593	0.161824	0.04493093658238649	2.6337448559670777e-05	0.14759254455566406
33000	-2.076665	-1.917722	-1.819938	0.125348	0.147659	0.162036	0.04488811157643795	3.9506172839506166e-05	0.14765912294387817
33120	-2.076553	-1.917389	-1.819827	0.125362	0.147710	0.162054	0.04486602135002613	2.6337448559670777e-05	0.14770981669425964
33240	-2.077545	-1.917215	-1.820099	0.125237	0.147739	0.162010	0.04484727121889591	2.6337448559670777e-05	0.1477387249469757
33360	-2.076370	-1.916945	-1.818828	0.125384	0.147780	0.162216	0.044822878763079645	3.9506172839506166e-05	0.14778010547161102
33480	-2.076614	-1.916577	-1.818806	0.125354	0.147841	0.162219	0.04478879757225514	2.6337448559670777e-05	0.14784063398838043
33600	-2.076129	-1.916073	-1.818081	0.125415	0.147917	0.162337	0.04475166872143745	2.6337448559670777e-05	0.1479158252477646
33720	-2.077294	-1.915722	-1.817856	0.125269	0.147977	0.162374	0.04471662733703852	3.9506172839506166e-05	0.14797550439834595
33840	-2.077018	-1.915417	-1.817580	0.125303	0.148023	0.162418	0.04468885790556669	3.9506172839506166e-05	0.14802171289920807
33960	-2.077198	-1.915212	-1.817307	0.125281	0.148052	0.162463	0.044667387194931504	3.9506172839506166e-05	0.1480516940355301
34080	-2.076473	-1.914788	-1.817059	0.125372	0.148114	0.162503	0.04462546315044165	2.6337448559670777e-05	0.14811430871486664
34200	-2.076783	-1.914589	-1.816257	0.125333	0.148148	0.162633	0.04461326207965612	3.9506172839506166e-05	0.14814725518226624
34320	-2.078027	-1.914169	-1.815839	0.125177	0.148216	0.162701	0.04457387905567885	3.9506172839506166e-05	0.14821569621562958
34440	-2.078110	-1.913757	-1.815786	0.125167	0.148279	0.162710	0.04453746359795332	3.9506172839506166e-05	0.1482781618833542
34560	-2.077120	-1.913262	-1.815236	0.125291	0.148359	0.162800	0.04449318703263998	3.9506172839506166e-05	0.1483583003282547
34680	-2.075851	-1.913329	-1.814657	0.125450	0.148351	0.162894	0.044496993720531466	2.6337448559670777e-05	0.14835040271282196
34800	-2.076133	-1.913220	-1.814530	0.125414	0.148370	0.162914	0.04448836091905832	2.6337448559670777e-05	0.14837004244327545
34920	-2.077317	-1.913150	-1.813683	0.125266	0.148380	0.163053	0.04447821006178856	3.9506172839506166e-05	0.1483801007270813
35040	-2.077792	-1.912632	-1.812530	0.125206	0.148462	0.163241	0.044437623396515843	2.6337448559670777e-05	0.1484614610671997
35160	-2.078199	-1.912591	-1.812568	0.125155	0.148472	0.163234	0.04442894477397204	3.9506172839506166e-05	0.14847221970558167
35280	-2.077862	-1.912503	-1.812427	0.125198	0.148484	0.163257	0.044416172243654725	3.9506172839506166e-05	0.14848533272743225
35400	-2.077828	-1.912054	-1.812566	0.125202	0.148553	0.163235	0.04438324812799692	1.7558299039780518e-05	0.14855261147022247
35520	-2.076611	-1.911774	-1.811848	0.125354	0.148600	0.163352	0.04435541853308678	2.6337448559670777e-05	0.1485998034477234
35640	-2.077206	-1.911445	-1.811414	0.125280	0.148652	0.163423	0.04432740472257137	2.6337448559670777e-05	0.14865204691886902
35760	-2.078291	-1.911089	-1.808990	0.125144	0.148716	0.163819	0.044293801113963124	3.9506172839506166e-05	0.14871594309806824
35880	-2.078628	-1.910818	-1.808160	0.125102	0.148762	0.163956	0.04426896255463362	2.6337448559670777e-05	0.1487620621919632
36000	-2.079365	-1.910367	-1.807494	0.125010	0.148841	0.164065	0.044230900891125205	3.9506172839506166e-05	0.14884023368358612
36120	-2.080257	-1.910062	-1.805866	0.124898	0.148898	0.164332	0.04419950600713492	3.9506172839506166e-05	0.14889775216579437
36240	-2.081247	-1.909931	-1.806767	0.124775	0.148925	0.164184	0.044191178306937216	2.6337448559670777e-05	0.14892470836639404
36360	-2.081112	-1.909409	-1.805506	0.124791	0.149008	0.164391	0.04414381179958582	3.9506172839506166e-05	0.14900799095630646
36480	-2.081659	-1.909406	-1.806126	0.124723	0.149011	0.164289	0.04414488784968853	2.6337448559670777e-05	0.14901061356067657
36600	-2.082357	-1.909125	-1.806174	0.124636	0.149054	0.164281	0.04411515537649393	3.9506172839506166e-05	0.1490548998117447
36720	-2.083995	-1.909184	-1.805263	0.124432	0.149057	0.164431	0.04412386268377304	3.9506172839506166e-05	0.14905638992786407
36840	-2.084857	-1.908971	-1.805938	0.124325	0.149097	0.164320	0.04410702399909496	3.9506172839506166e-05	0.14909610152244568
36960	-2.087421	-1.908988	-1.805101	0.124006	0.149101	0.164458	0.04410438649356365	1.7558299039780518e-05	0.1491004228591919
37080	-2.089709	-1.908840	-1.804582	0.123723	0.149133	0.164543	0.04409109782427549	3.9506172839506166e-05	0.14913295209407806
37200	-2.090849	-1.908633	-1.805048	0.123582	0.149167	0.164467	0.04407295286655426	2.6337448559670777e-05	0.14916709065437317
37320	-2.090079	-1.908395	-1.804781	0.123677	0.149206	0.164510	0.044053939171135426	2.6337448559670777e-05	0.14920568466186523
37440	-2.090679	-1.908004	-1.804322	0.123603	0.149272	0.164586	0.04401934947818518	2.6337448559670777e-05	0.14927193522453308
37560	-2.091923	-1.907636	-1.803517	0.123450	0.149334	0.164718	0.04398766905069351	3.9506172839506166e-05	0.14933279156684875
37680	-2.093091	-1.907381	-1.802635	0.123305	0.149375	0.164864	0.04396833050996065	3.9506172839506166e-05	0.14937391877174377
37800	-2.095539	-1.907014	-1.800194	0.123004	0.149441	0.165267	0.043927436135709284	1.7558299039780518e-05	0.14944139122962952
37920	-2.095885	-1.906902	-1.799875	0.122961	0.149461	0.165320	0.04391921628266573	2.6337448559670777e-05	0.14946039021015167
38040	-2.095398	-1.906777	-1.799836	0.123021	0.149482	0.165326	0.04390646629035473	2.6337448559670777e-05	0.14948175847530365
38160	-2.096343	-1.906595	-1.799559	0.122905	0.149515	0.165372	0.04389261957257986	1.7558299039780518e-05	0.14951445162296295
38280	-2.096530	-1.906439	-1.799823	0.122882	0.149541	0.165328	0.04387832023203373	3.9506172839506166e-05	0.14954079687595367
38400	-2.097390	-1.906340	-1.799148	0.122776	0.149562	0.165440	0.0438713900744915	2.6337448559670777e-05	0.14956088364124298
38520	-2.098453	-1.906085	-1.798279	0.122646	0.149605	0.165584	0.043843168392777444	2.6337448559670777e-05	0.14960479736328125
38640	-2.098806	-1.905702	-1.798198	0.122603	0.149667	0.165597	0.04381267987191677	3.9506172839506166e-05	0.14966630935668945
38760	-2.099160	-1.905941	-1.797983	0.122559	0.149640	0.165633	0.043831244297325614	2.6337448559670777e-05	0.1496395319700241
38880	-2.100038	-1.905497	-1.798079	0.122452	0.149714	0.165617	0.04379706103354693	2.6337448559670777e-05	0.14971338212490082
39000	-2.100448	-1.904797	-1.797872	0.122402	0.149829	0.165651	0.04372830297797918	3.9506172839506166e-05	0.14982901513576508
39120	-2.101943	-1.904454	-1.796691	0.122219	0.149890	0.165847	0.043697921000421046	3.9506172839506166e-05	0.1498900204896927
39240	-2.102376	-1.903985	-1.796646	0.122166	0.149966	0.165854	0.04365766756236553	2.6337448559670777e-05	0.14996638894081116
39360	-2.103320	-1.903737	-1.796669	0.122051	0.150009	0.165850	0.0436380622908473	3.9506172839506166e-05	0.1500082015991211
39480	-2.104259	-1.903140	-1.795970	0.121936	0.150103	0.165966	0.043588930554687974	2.6337448559670777e-05	0.15010148286819458
39600	-2.103898	-1.902868	-1.795249	0.121980	0.150149	0.166086	0.04355870950967074	2.6337448559670777e-05	0.15014812350273132
39720	-2.104627	-1.902744	-1.795827	0.121891	0.150173	0.165990	0.043545007891952994	1.7558299039780518e-05	0.15017251670360565
39840	-2.105889	-1.902634	-1.794118	0.121737	0.150199	0.166274	0.04353417735546827	2.6337448559670777e-05	0.1501985490322113
39960	-2.106710	-1.902596	-1.794319	0.121637	0.150212	0.166241	0.043528102710843085	3.9506172839506166e-05	0.15021179616451263
40080	-2.105509	-1.902294	-1.793800	0.121784	0.150261	0.166327	0.0435011126101017	2.6337448559670777e-05	0.1502615064382553
40200	-2.105702	-1.901970	-1.792219	0.121760	0.150314	0.166590	0.04347554035484791	2.6337448559670777e-05	0.15031340718269348
40320	-2.106939	-1.901896	-1.792093	0.121610	0.150334	0.166611	0.04346541333943606	1.7558299039780518e-05	0.15033365786075592
40440	-2.107093	-1.901866	-1.792285	0.121591	0.150339	0.166579	0.04346719067543745	2.6337448559670777e-05	0.15033824741840363
40560	-2.107530	-1.901562	-1.791281	0.121538	0.150390	0.166746	0.043440420366823676	2.6337448559670777e-05	0.15038925409317017
40680	-2.108371	-1.901497	-1.790526	0.121436	0.150404	0.166872	0.04342731293290854	3.9506172839506166e-05	0.15040461719036102
40800	-2.107846	-1.901445	-1.789112	0.121499	0.150421	0.167108	0.043431098014116286	3.9506172839506166e-05	0.1504196673631668
40920	-2.107881	-1.901045	-1.789996	0.121495	0.150488	0.166961	0.04339244160801172	3.9506172839506166e-05	0.15048745274543762
41040	-2.107133	-1.900833	-1.790925	0.121586	0.150528	0.166806	0.043367329984903336	2.6337448559670777e-05	0.15052825212478638
41160	-2.107303	-1.900739	-1.789880	0.121565	0.150549	0.166980	0.04336219225078821	3.9506172839506166e-05	0.15054886043071747
41280	-2.107930	-1.900568	-1.789784	0.121489	0.150581	0.166996	0.04335100706666708	2.6337448559670777e-05	0.15057983994483948
41400	-2.108387	-1.900024	-1.788664	0.121434	0.150670	0.167183	0.04329762142151594	2.6337448559670777e-05	0.15066997706890106
41520	-2.108019	-1.899629	-1.788148	0.121478	0.150736	0.167270	0.04327123258262873	3.9506172839506166e-05	0.15073497593402863
41640	-2.107622	-1.899235	-1.787380	0.121527	0.150804	0.167398	0.04323538113385439	3.9506172839506166e-05	0.1508030891418457
41760	-2.108869	-1.899151	-1.785949	0.121375	0.150831	0.167638	0.04322266280651092	3.9506172839506166e-05	0.15083029866218567
41880	-2.109948	-1.898779	-1.785104	0.121244	0.150889	0.167780	0.04318958092480898	2.6337448559670777e-05	0.15088850259780884
42000	-2.110351	-1.898651	-1.784421	0.121195	0.150909	0.167894	0.04317731000483036	3.9506172839506166e-05	0.15090808272361755
42120	-2.110586	-1.898272	-1.783682	0.121167	0.150973	0.168018	0.04314551819115877	3.9506172839506166e-05	0.1509713977575302
42240	-2.112430	-1.897999	-1.783537	0.120944	0.151018	0.168043	0.043118728511035445	2.6337448559670777e-05	0.15101705491542816
42360	-2.112935	-1.897745	-1.782938	0.120883	0.151065	0.168143	0.04308892693370581	3.9506172839506166e-05	0.15106555819511414
42480	-2.112136	-1.897376	-1.781995	0.120979	0.151125	0.168302	0.04306208398193121	1.7558299039780518e-05	0.1511247456073761
42600	-2.112974	-1.897128	-1.781117	0.120878	0.151168	0.168450	0.04304182752966881	2.6337448559670777e-05	0.15116719901561737
42720	-2.113170	-1.896472	-1.781110	0.120854	0.151277	0.168451	0.042980837635695934	3.9506172839506166e-05	0.1512765735387802
42840	-2.114567	-1.895794	-1.780213	0.120686	0.151391	0.168602	0.042920013144612315	3.9506172839506166e-05	0.15139053761959076
42960	-2.115194	-1.895772	-1.780975	0.120610	0.151400	0.168474	0.042917943559587	3.9506172839506166e-05	0.15140016376972198
43080	-2.116208	-1.895548	-1.780073	0.120488	0.151439	0.168626	0.042897159792482854	2.6337448559670777e-05	0.1514391005039215
43200	-2.116457	-1.895135	-1.778537	0.120458	0.151507	0.168885	0.042865010909736156	2.6337448559670777e-05	0.15150660276412964
43320	-2.117317	-1.895035	-1.779420	0.120354	0.151526	0.168736	0.04284773804247379	2.6337448559670777e-05	0.15152662992477417
43440	-2.117453	-1.894794	-1.778691	0.120338	0.151573	0.168859	0.04283127021044493	1.7558299039780518e-05	0.15157222747802734
43560	-2.117845	-1.894541	-1.777986	0.120291	0.151618	0.168978	0.04280704185366631	2.6337448559670777e-05	0.1516176164150238
43680	-2.117901	-1.894120	-1.777582	0.120284	0.151683	0.169046	0.042772865295410155	1.7558299039780518e-05	0.1516820192337036
43800	-2.117575	-1.893821	-1.776953	0.120323	0.151733	0.169153	0.042738440074026586	2.6337448559670777e-05	0.15173301100730896
43920	-2.117206	-1.893641	-1.776341	0.120367	0.151763	0.169256	0.042722603864967824	2.6337448559670777e-05	0.151762455701828
44040	-2.117030	-1.893284	-1.776324	0.120389	0.151823	0.169259	0.04269416760653257	3.9506172839506166e-05	0.151823028922081
44160	-2.117677	-1.892944	-1.776409	0.120311	0.151880	0.169245	0.04266376439481974	2.6337448559670777e-05	0.15187928080558777
44280	-2.118007	-1.892664	-1.776003	0.120271	0.151925	0.169313	0.04263584315776825	2.6337448559670777e-05	0.15192487835884094
44400	-2.118907	-1.892722	-1.775212	0.120163	0.151921	0.169448	0.04263492003083229	3.9506172839506166e-05	0.15192165970802307
44520	-2.119207	-1.892490	-1.774052	0.120127	0.151964	0.169644	0.04262038543820381	2.6337448559670777e-05	0.15196359157562256
44640	-2.119609	-1.892274	-1.773922	0.120079	0.151999	0.169666	0.042601010762155056	1.7558299039780518e-05	0.15199925005435944
44760	-2.120659	-1.891919	-1.772924	0.119953	0.152059	0.169836	0.04257222395390272	1.7558299039780518e-05	0.15205863118171692
44880	-2.121111	-1.891349	-1.771661	0.119898	0.152152	0.170050	0.04252217411994934	2.6337448559670777e-05	0.15215133130550385
45000	-2.120822	-1.890891	-1.771192	0.119933	0.152230	0.170130	0.04248309079557657	2.6337448559670777e-05	0.15222890675067902
45120	-2.120603	-1.890706	-1.771671	0.119959	0.152267	0.170049	0.042458203807473185	3.9506172839506166e-05	0.15226668119430542
45240	-2.120435	-1.890482	-1.771755	0.119979	0.152306	0.170034	0.042441720329225066	3.9506172839506166e-05	0.152305468916893
45360	-2.120067	-1.890209	-1.771084	0.120024	0.152350	0.170149	0.042415795102715495	3.9506172839506166e-05	0.15234985947608948
45480	-2.120062	-1.890111	-1.771405	0.120024	0.152372	0.170094	0.04240940902382136	3.9506172839506166e-05	0.15237118303775787
45600	-2.119618	-1.889643	-1.770874	0.120078	0.152447	0.170184	0.04236735086888075	1.7558299039780518e-05	0.15244632959365845
45720	-2.119433	-1.889593	-1.770586	0.120100	0.152457	0.170233	0.04235667809844017	1.7558299039780518e-05	0.15245702862739563
45840	-2.120685	-1.889481	-1.770678	0.119949	0.152479	0.170218	0.04234678950160742	2.6337448559670777e-05	0.15247850120067596
45960	-2.119966	-1.889298	-1.771056	0.120036	0.152512	0.170153	0.04233907479792833	3.9506172839506166e-05	0.15251053869724274
46080	-2.119062	-1.889331	-1.770567	0.120144	0.152508	0.170236	0.04233389683067799	3.9506172839506166e-05	0.15250761806964874
46200	-2.119484	-1.889054	-1.770178	0.120094	0.152554	0.170303	0.04231757204979658	1.7558299039780518e-05	0.1525535136461258
46320	-2.119942	-1.888622	-1.769347	0.120039	0.152629	0.170444	0.042283041030168535	3.9506172839506166e-05	0.15262678265571594
46440	-2.118497	-1.888031	-1.768737	0.120212	0.152719	0.170548	0.0422172537073493	2.6337448559670777e-05	0.1527196764945984
46560	-2.118968	-1.887618	-1.768086	0.120156	0.152788	0.170659	0.04218342024832964	2.6337448559670777e-05	0.1527881771326065
46680	-2.119391	-1.887114	-1.766755	0.120105	0.152872	0.170887	0.04213997405022383	2.6337448559670777e-05	0.15287178754806519
46800	-2.120079	-1.886973	-1.767632	0.120022	0.152901	0.170737	0.04213255848735571	3.9506172839506166e-05	0.15289847552776337
46920	-2.119709	-1.886291	-1.765071	0.120067	0.153017	0.171175	0.04206579178571701	2.6337448559670777e-05	0.1530165821313858
47040	-2.119343	-1.886021	-1.765424	0.120110	0.153064	0.171114	0.04204124677926302	1.7558299039780518e-05	0.15306338667869568
47160	-2.119238	-1.885905	-1.765343	0.120123	0.153083	0.171128	0.04203068912029266	2.6337448559670777e-05	0.15308304131031036
47280	-2.119041	-1.885918	-1.764885	0.120147	0.153086	0.171206	0.042028209939599034	2.6337448559670777e-05	0.15308602154254913
47400	-2.119430	-1.885245	-1.763533	0.120100	0.153194	0.171438	0.04197186380624771	2.6337448559670777e-05	0.1531934291124344
47520	-2.118835	-1.884656	-1.761855	0.120172	0.153288	0.171726	0.04191559087485075	3.9506172839506166e-05	0.1532880663871765
47640	-2.119142	-1.884406	-1.760662	0.120135	0.153333	0.171931	0.04189330656081438	1.7558299039780518e-05	0.15333285927772522
47760	-2.119617	-1.884186	-1.761718	0.120078	0.153370	0.171750	0.041874042712152004	2.6337448559670777e-05	0.15336938202381134
47880	-2.120277	-1.883800	-1.760075	0.119998	0.153438	0.172032	0.04184222370386124	3.9506172839506166e-05	0.15343767404556274
48000	-2.120575	-1.883345	-1.760064	0.119963	0.153510	0.172034	0.04179838094860315	2.6337448559670777e-05	0.15350991487503052
48120	-2.120641	-1.883039	-1.759814	0.119955	0.153565	0.172077	0.041771281883120535	2.6337448559670777e-05	0.1535646617412567
48240	-2.122623	-1.882553	-1.760473	0.119717	0.153650	0.171964	0.041732055321335795	3.9506172839506166e-05	0.1536492556333542
48360	-2.122048	-1.882162	-1.759945	0.119786	0.153716	0.172054	0.04168896656483412	2.6337448559670777e-05	0.15371614694595337
48480	-2.122780	-1.881965	-1.758281	0.119698	0.153750	0.172341	0.04167537372559309	3.9506172839506166e-05	0.15374897420406342
48600	-2.123636	-1.881719	-1.757141	0.119596	0.153796	0.172537	0.04164605457335711	2.6337448559670777e-05	0.15379618108272552
48720	-2.124411	-1.881510	-1.756567	0.119503	0.153835	0.172636	0.041632443107664584	2.6337448559670777e-05	0.15383437275886536
48840	-2.125442	-1.881327	-1.757052	0.119380	0.153867	0.172553	0.041612574458122255	3.9506172839506166e-05	0.15386712551116943
48960	-2.125746	-1.881229	-1.757283	0.119344	0.153884	0.172513	0.04160577282309532	3.9506172839506166e-05	0.1538843959569931
49080	-2.126025	-1.881260	-1.758200	0.119311	0.153885	0.172355	0.04160892032086849	2.6337448559670777e-05	0.15388447046279907
49200	-2.126436	-1.880746	-1.757038	0.119262	0.153969	0.172555	0.041562925465404986	2.6337448559670777e-05	0.15396910905838013
49320	-2.126142	-1.880604	-1.756999	0.119297	0.153997	0.172562	0.041550565883517264	3.9506172839506166e-05	0.15399673581123352
49440	-2.126091	-1.880372	-1.756865	0.119303	0.154041	0.172585	0.041531714424490926	2.6337448559670777e-05	0.15404008328914642
49560	-2.126046	-1.880247	-1.755657	0.119308	0.154060	0.172794	0.04151906166225672	3.9506172839506166e-05	0.1540595293045044
49680	-2.126922	-1.880059	-1.755749	0.119204	0.154099	0.172778	0.04149995520710945	2.6337448559670777e-05	0.15409915149211884
49800	-2.128011	-1.879692	-1.754634	0.119074	0.154163	0.172971	0.04147435706108808	1.7558299039780518e-05	0.15416219830513
49920	-2.128141	-1.879443	-1.753765	0.119058	0.154207	0.173121	0.041451706737279895	3.9506172839506166e-05	0.15420611202716827
50040	-2.127982	-1.878988	-1.753765	0.119077	0.154281	0.173121	0.0414047846570611	2.6337448559670777e-05	0.15428078174591064
50160	-2.128068	-1.878351	-1.752881	0.119067	0.154380	0.173274	0.04135146737098694	3.9506172839506166e-05	0.15437977015972137
50280	-2.128600	-1.878113	-1.751397	0.119004	0.154428	0.173531	0.04132790043950081	1.7558299039780518e-05	0.1544271558523178
50400	-2.128115	-1.878053	-1.751224	0.119062	0.154442	0.173561	0.04132203534245491	3.9506172839506166e-05	0.1544419825077057
50520	-2.128298	-1.877497	-1.749785	0.119040	0.154533	0.173811	0.04127716328948736	2.6337448559670777e-05	0.15453213453292847
50640	-2.128192	-1.877193	-1.749329	0.119052	0.154584	0.173891	0.04124661386013031	2.6337448559670777e-05	0.15458323061466217
50760	-2.126519	-1.876701	-1.748149	0.119252	0.154658	0.174096	0.041200843453407285	3.9506172839506166e-05	0.15465708076953888
50880	-2.125685	-1.876180	-1.747213	0.119351	0.154746	0.174259	0.041157052665948865	2.6337448559670777e-05	0.15474474430084229
51000	-2.125537	-1.875729	-1.746375	0.119369	0.154813	0.174405	0.04111329484730959	1.7558299039780518e-05	0.1548129767179489
51120	-2.126510	-1.875564	-1.745957	0.119253	0.154847	0.174478	0.04109833091497421	3.9506172839506166e-05	0.15484704077243805
51240	-2.127992	-1.875541	-1.744618	0.119076	0.154862	0.174712	0.04109579287469387	2.6337448559670777e-05	0.1548619568347931
51360	-2.128062	-1.875276	-1.744174	0.119068	0.154901	0.174789	0.0410701010376215	3.9506172839506166e-05	0.15490084886550903
51480	-2.129133	-1.874949	-1.742885	0.118940	0.154960	0.175015	0.041046406328678134	3.9506172839506166e-05	0.15495891869068146
51600	-2.128147	-1.874421	-1.741118	0.119058	0.155049	0.175324	0.04099405687302351	2.6337448559670777e-05	0.1550489068031311
51720	-2.128706	-1.874213	-1.739219	0.118991	0.155090	0.175658	0.0409769831225276	3.9506172839506166e-05	0.15508981049060822
51840	-2.129699	-1.874012	-1.738953	0.118873	0.155131	0.175704	0.04096255414187908	3.9506172839506166e-05	0.15512944757938385
51960	-2.131381	-1.873627	-1.737504	0.118673	0.155207	0.175959	0.040918607637286185	3.9506172839506166e-05	0.15520821511745453
52080	-2.132530	-1.873324	-1.737123	0.118537	0.155262	0.176026	0.040898132510483264	1.7558299039780518e-05	0.15526199340820312
52200	-2.134196	-1.873023	-1.735899	0.118340	0.155321	0.176242	0.04087028224021196	3.9506172839506166e-05	0.15532003343105316
52320	-2.135274	-1.872693	-1.735564	0.118212	0.155380	0.176301	0.04084277972579002	2.6337448559670777e-05	0.15537969768047333
52440	-2.134335	-1.872575	-1.734494	0.118323	0.155401	0.176490	0.04083016738295555	2.6337448559670777e-05	0.15539997816085815
52560	-2.133969	-1.872108	-1.733554	0.118367	0.155482	0.176656	0.04078982193022966	2.6337448559670777e-05	0.15548092126846313
52680	-2.134307	-1.871997	-1.731549	0.118327	0.155512	0.177010	0.040778540819883344	1.7558299039780518e-05	0.15551136434078217
52800	-2.134323	-1.871686	-1.731331	0.118325	0.155566	0.177049	0.040750264190137386	2.6337448559670777e-05	0.1555660218000412
52920	-2.134770	-1.871680	-1.731404	0.118272	0.155571	0.177036	0.04075240008533001	3.9506172839506166e-05	0.155569389462471
53040	-2.132794	-1.871278	-1.731928	0.118506	0.155635	0.176943	0.040716602467000484	2.6337448559670777e-05	0.1556345522403717
53160	-2.132657	-1.870664	-1.731404	0.118522	0.155737	0.177036	0.0406632924452424	3.9506172839506166e-05	0.15573599934577942
53280	-2.132895	-1.870332	-1.730820	0.118494	0.155800	0.177139	0.04063089545816183	1.7558299039780518e-05	0.1557989865541458
53400	-2.132582	-1.869676	-1.730810	0.118531	0.155898	0.177141	0.04057125225663185	3.9506172839506166e-05	0.15589669346809387
53520	-2.132458	-1.869223	-1.731262	0.118546	0.155972	0.177061	0.04052293598651886	2.6337448559670777e-05	0.15597209334373474
53640	-2.132665	-1.869236	-1.730510	0.118521	0.155976	0.177194	0.04052924383431673	3.9506172839506166e-05	0.15597516298294067
53760	-2.133394	-1.868913	-1.729114	0.118435	0.156038	0.177442	0.04050083477050066	1.7558299039780518e-05	0.15603749454021454
53880	-2.133027	-1.868484	-1.728393	0.118478	0.156108	0.177570	0.040458491444587706	2.6337448559670777e-05	0.15610821545124054
54000	-2.132804	-1.868046	-1.727292	0.118505	0.156180	0.177765	0.040427669696509835	3.9506172839506166e-05	0.15617874264717102
54120	-2.131850	-1.867260	-1.727960	0.118618	0.156304	0.177646	0.04035481121391058	3.9506172839506166e-05	0.15630291402339935
54240	-2.132138	-1.866957	-1.728526	0.118584	0.156363	0.177546	0.040323777683079244	2.6337448559670777e-05	0.156363382935524
54360	-2.132136	-1.866692	-1.727839	0.118584	0.156409	0.177668	0.04030118621885777	3.9506172839506166e-05	0.15640798211097717
54480	-2.133545	-1.866517	-1.728193	0.118417	0.156450	0.177605	0.04028570856899023	1.7558299039780518e-05	0.15644989907741547
54600	-2.132326	-1.866068	-1.726710	0.118561	0.156530	0.177869	0.04024682343006134	3.9506172839506166e-05	0.15652921795845032
54720	-2.132136	-1.865796	-1.725508	0.118584	0.156580	0.178083	0.040220847353339195	2.6337448559670777e-05	0.1565796136856079
54840	-2.133110	-1.865622	-1.725742	0.118468	0.156612	0.178041	0.040200982615351676	3.9506172839506166e-05	0.15661190450191498
54960	-2.134868	-1.865582	-1.725156	0.118260	0.156624	0.178145	0.04020002819597721	1.7558299039780518e-05	0.1566237062215805
55080	-2.134455	-1.865284	-1.725487	0.118309	0.156674	0.178086	0.04017370864748955	2.6337448559670777e-05	0.156673401594162
55200	-2.135661	-1.865094	-1.724679	0.118166	0.156714	0.178230	0.04015485420823097	3.9506172839506166e-05	0.15671387314796448
55320	-2.134961	-1.864833	-1.724576	0.118249	0.156759	0.178249	0.04013391137123108	3.9506172839506166e-05	0.15675821900367737
55440	-2.135614	-1.864189	-1.724208	0.118172	0.156867	0.178314	0.040078771859407426	3.9506172839506166e-05	0.15686607360839844
55560	-2.136316	-1.864048	-1.723001	0.118089	0.156899	0.178530	0.04006452839821577	3.9506172839506166e-05	0.15689823031425476
55680	-2.136871	-1.863773	-1.723014	0.118024	0.156946	0.178527	0.04003657903522253	3.9506172839506166e-05	0.1569453924894333
55800	-2.136706	-1.863264	-1.722233	0.118043	0.157031	0.178667	0.0399944830685854	3.9506172839506166e-05	0.15703018009662628
55920	-2.137691	-1.862702	-1.721716	0.117927	0.157124	0.178759	0.03994498644024134	2.6337448559670777e-05	0.15712310373783112
56040	-2.137795	-1.862354	-1.720832	0.117915	0.157183	0.178917	0.03990885596722364	3.9506172839506166e-05	0.15718257427215576
56160	-2.137933	-1.862232	-1.719948	0.117898	0.157210	0.179075	0.03990016430616379	3.9506172839506166e-05	0.15720950067043304
56280	-2.137831	-1.861479	-1.718521	0.117910	0.157330	0.179331	0.03983305804431438	3.9506172839506166e-05	0.15732982754707336
56400	-2.137828	-1.860989	-1.717733	0.117911	0.157403	0.179472	0.0397903885692358	2.6337448559670777e-05	0.15740276873111725
56520	-2.138202	-1.860673	-1.716624	0.117867	0.157456	0.179672	0.03975946083664894	1.7558299039780518e-05	0.15745551884174347
56640	-2.138508	-1.860386	-1.716289	0.117831	0.157513	0.179732	0.03973560519516468	1.7558299039780518e-05	0.15751218795776367
56760	-2.138572	-1.859985	-1.715833	0.117823	0.157579	0.179814	0.03970004040747881	2.6337448559670777e-05	0.15757861733436584
56880	-2.138122	-1.859450	-1.715091	0.117876	0.157663	0.179947	0.03964913170784712	2.6337448559670777e-05	0.15766270458698273
57000	-2.138324	-1.859323	-1.714136	0.117852	0.157687	0.180119	0.03963495083153248	3.9506172839506166e-05	0.15768690407276154
57120	-2.137824	-1.859121	-1.714037	0.117911	0.157719	0.180137	0.03961804211139679	3.9506172839506166e-05	0.15771882236003876
57240	-2.138376	-1.859164	-1.713139	0.117846	0.157718	0.180299	0.0396261740475893	3.9506172839506166e-05	0.1577165424823761
57360	-2.138729	-1.858938	-1.713395	0.117804	0.157764	0.180253	0.03960197679698467	2.6337448559670777e-05	0.1577634960412979
57480	-2.138356	-1.858687	-1.713104	0.117848	0.157806	0.180305	0.039581341110169886	1.7558299039780518e-05	0.15780551731586456
57600	-2.138787	-1.858511	-1.713373	0.117798	0.157839	0.180257	0.039560321159660815	3.9506172839506166e-05	0.15783873200416565
57720	-2.139433	-1.858313	-1.712616	0.117722	0.157880	0.180393	0.03954668566584587	3.9506172839506166e-05	0.15787917375564575
57840	-2.138863	-1.858184	-1.711805	0.117789	0.157894	0.180540	0.03953573834151029	2.6337448559670777e-05	0.15789368748664856
57960	-2.137235	-1.857616	-1.711943	0.117981	0.157982	0.180515	0.039488444291055205	1.7558299039780518e-05	0.15798108279705048
58080	-2.138558	-1.857282	-1.711803	0.117825	0.158040	0.180540	0.03945748377591372	2.6337448559670777e-05	0.1580391824245453
58200	-2.139170	-1.856768	-1.710509	0.117753	0.158129	0.180774	0.03940631505101919	1.7558299039780518e-05	0.15812866389751434
58320	-2.139315	-1.856716	-1.710730	0.117735	0.158145	0.180734	0.03940009772777557	1.7558299039780518e-05	0.15814495086669922
58440	-2.138134	-1.856259	-1.710050	0.117875	0.158212	0.180857	0.03936911579221487	3.9506172839506166e-05	0.15821045637130737
58560	-2.136272	-1.855824	-1.708750	0.118094	0.158281	0.181092	0.03932340107858181	3.9506172839506166e-05	0.15828049182891846
58680	-2.135447	-1.855498	-1.708171	0.118192	0.158332	0.181197	0.03929006531834602	3.9506172839506166e-05	0.15833206474781036
58800	-2.135458	-1.855044	-1.706136	0.118191	0.158405	0.181566	0.0392519474029541	3.9506172839506166e-05	0.1584044098854065
58920	-2.136784	-1.854869	-1.704813	0.118034	0.158437	0.181806	0.03923304155468941	3.9506172839506166e-05	0.15843747556209564
59040	-2.136719	-1.854656	-1.704502	0.118042	0.158472	0.181863	0.03921575918793678	3.9506172839506166e-05	0.15847213566303253
59160	-2.136107	-1.854640	-1.704149	0.118114	0.158477	0.181927	0.0392150916159153	2.6337448559670777e-05	0.15847663581371307
59280	-2.135972	-1.854196	-1.703989	0.118130	0.158545	0.181956	0.03917503133416176	3.9506172839506166e-05	0.15854479372501373
59400	-2.135518	-1.853765	-1.703482	0.118183	0.158614	0.182049	0.039138632640242574	1.7558299039780518e-05	0.1586136519908905
59520	-2.135683	-1.853519	-1.702595	0.118164	0.158655	0.182210	0.03911513611674309	1.7558299039780518e-05	0.1586550772190094
59640	-2.136130	-1.853323	-1.702418	0.118111	0.158686	0.182242	0.03909593895077705	2.6337448559670777e-05	0.15868575870990753
59760	-2.135910	-1.852932	-1.701162	0.118137	0.158752	0.182471	0.039055833034217356	2.6337448559670777e-05	0.1587524116039276
59880	-2.136835	-1.852794	-1.700230	0.118028	0.158781	0.182641	0.039044574834406376	2.6337448559670777e-05	0.15878114104270935
60000	-2.136733	-1.852310	-1.699643	0.118040	0.158864	0.182749	0.03900635279715061	2.6337448559670777e-05	0.1588636338710785
60120	-2.136921	-1.851783	-1.700474	0.118018	0.158954	0.182597	0.03896579425781965	2.6337448559670777e-05	0.158952534198761
60240	-2.137320	-1.851195	-1.700145	0.117971	0.159056	0.182657	0.03890465423464775	2.6337448559670777e-05	0.15905599296092987
60360	-2.137371	-1.850928	-1.700431	0.117965	0.159108	0.182605	0.03888178076595068	3.9506172839506166e-05	0.15910692512989044
60480	-2.137540	-1.850425	-1.700200	0.117945	0.159196	0.182647	0.03883556555956602	2.6337448559670777e-05	0.159195676445961
60600	-2.137427	-1.850038	-1.700177	0.117958	0.159257	0.182651	0.038803118653595446	1.7558299039780518e-05	0.15925629436969757
60720	-2.137466	-1.849930	-1.699495	0.117953	0.159279	0.182776	0.038791663385927676	1.7558299039780518e-05	0.15927812457084656
60840	-2.137790	-1.849479	-1.698995	0.117915	0.159360	0.182867	0.038753746263682845	3.9506172839506166e-05	0.15935926139354706
60960	-2.138307	-1.849360	-1.698501	0.117854	0.159388	0.182958	0.03874055426567793	2.6337448559670777e-05	0.15938700735569
61080	-2.137679	-1.848768	-1.699410	0.117928	0.159485	0.182791	0.03869447074830532	1.7558299039780518e-05	0.1594841331243515
61200	-2.137369	-1.848284	-1.698721	0.117965	0.159577	0.182917	0.03865064475685358	3.9506172839506166e-05	0.1595751941204071
61320	-2.137631	-1.848053	-1.698181	0.117934	0.159626	0.183016	0.03861801978200674	3.9506172839506166e-05	0.15962602198123932
61440	-2.137445	-1.847889	-1.698036	0.117956	0.159649	0.183043	0.03860874716192484	2.6337448559670777e-05	0.15964868664741516
61560	-2.137143	-1.847867	-1.697527	0.117991	0.159655	0.183136	0.03859872948378325	3.9506172839506166e-05	0.1596556454896927
61680	-2.137718	-1.847542	-1.696517	0.117924	0.159711	0.183321	0.03858041949570179	2.6337448559670777e-05	0.15971043705940247
61800	-2.137871	-1.847216	-1.695877	0.117906	0.159769	0.183438	0.0385478001087904	3.9506172839506166e-05	0.15976841747760773
61920	-2.137078	-1.846695	-1.695931	0.117999	0.159854	0.183428	0.03849761672317982	2.6337448559670777e-05	0.1598546952009201
62040	-2.137158	-1.846479	-1.694828	0.117990	0.159901	0.183631	0.03848348017781973	2.6337448559670777e-05	0.1599007397890091
62160	-2.136648	-1.845940	-1.693248	0.118050	0.159999	0.183921	0.03843539711087942	3.9506172839506166e-05	0.15999774634838104
62280	-2.136720	-1.845612	-1.692126	0.118041	0.160060	0.184128	0.038403581641614434	3.9506172839506166e-05	0.1600591540336609
62400	-2.136482	-1.844962	-1.690761	0.118069	0.160173	0.184379	0.03834786023944616	2.6337448559670777e-05	0.16017238795757294
62520	-2.136067	-1.844388	-1.688485	0.118119	0.160271	0.184799	0.03829589355736971	3.9506172839506166e-05	0.16026951372623444
62640	-2.136933	-1.844001	-1.688466	0.118016	0.160334	0.184803	0.03825180176645517	2.6337448559670777e-05	0.1603349894285202
62760	-2.136754	-1.843434	-1.687327	0.118037	0.160432	0.185013	0.03821253292262554	3.9506172839506166e-05	0.16043007373809814
62880	-2.137164	-1.843223	-1.687118	0.117989	0.160471	0.185052	0.03818626943975687	2.6337448559670777e-05	0.1604706048965454
63000	-2.137327	-1.842875	-1.686275	0.117970	0.160533	0.185208	0.038163821958005426	1.7558299039780518e-05	0.1605319231748581
63120	-2.137094	-1.842719	-1.686120	0.117997	0.160559	0.185237	0.038135504350066185	2.6337448559670777e-05	0.16055983304977417
63240	-2.137717	-1.842860	-1.685234	0.117924	0.160551	0.185401	0.038150446489453316	2.6337448559670777e-05	0.160551518201828
63360	-2.137780	-1.842754	-1.685067	0.117916	0.160569	0.185432	0.0381425678730011	1.7558299039780518e-05	0.16056916117668152
63480	-2.137721	-1.842465	-1.684142	0.117923	0.160626	0.185604	0.03812109362334013	2.6337448559670777e-05	0.16062554717063904
63600	-2.135952	-1.842142	-1.682396	0.118132	0.160680	0.185928	0.03809022456407547	2.6337448559670777e-05	0.16067969799041748
63720	-2.135424	-1.842062	-1.681997	0.118195	0.160700	0.186002	0.03808039911091328	2.6337448559670777e-05	0.1607002317905426
63840	-2.134118	-1.841723	-1.682135	0.118349	0.160749	0.185976	0.03805674444884062	1.7558299039780518e-05	0.16074849665164948
63960	-2.133970	-1.841264	-1.681657	0.118366	0.160833	0.186065	0.03801715560257435	2.6337448559670777e-05	0.16083219647407532
64080	-2.132454	-1.840795	-1.679470	0.118546	0.160910	0.186473	0.037969565205276015	2.6337448559670777e-05	0.16091032326221466
64200	-2.132885	-1.840513	-1.679717	0.118495	0.160959	0.186427	0.0379444794729352	2.6337448559670777e-05	0.1609588861465454
64320	-2.134355	-1.839993	-1.679142	0.118321	0.161054	0.186534	0.037900482676923274	2.6337448559670777e-05	0.1610531359910965
64440	-2.134207	-1.839812	-1.679111	0.118338	0.161088	0.186540	0.037881650403141974	1.7558299039780518e-05	0.16108813881874084
64560	-2.134775	-1.839473	-1.679422	0.118271	0.161147	0.186482	0.037851796858012675	3.9506172839506166e-05	0.1611461192369461
64680	-2.133456	-1.838877	-1.676484	0.118427	0.161249	0.187030	0.03779789637774229	3.9506172839506166e-05	0.16124874353408813
64800	-2.132219	-1.838606	-1.676175	0.118574	0.161295	0.187088	0.0377725038677454	3.9506172839506166e-05	0.16129516065120697
64920	-2.132312	-1.838657	-1.675119	0.118563	0.161292	0.187286	0.03777417056262493	3.9506172839506166e-05	0.16129232943058014
65040	-2.132424	-1.838491	-1.674254	0.118550	0.161324	0.187448	0.03776528295129537	2.6337448559670777e-05	0.16132313013076782
65160	-2.132266	-1.838027	-1.672988	0.118568	0.161408	0.187685	0.03772401511669159	2.6337448559670777e-05	0.16140691936016083
65280	-2.132468	-1.837683	-1.672658	0.118544	0.161474	0.187747	0.037689548544585706	2.6337448559670777e-05	0.16147392988204956
65400	-2.132883	-1.837152	-1.672650	0.118495	0.161562	0.187749	0.037641356326639654	3.9506172839506166e-05	0.16156166791915894
65520	-2.132369	-1.836827	-1.672474	0.118556	0.161621	0.187782	0.03761250022798777	3.9506172839506166e-05	0.161620631814003
65640	-2.132417	-1.836203	-1.673323	0.118550	0.161730	0.187623	0.037560107000172135	2.6337448559670777e-05	0.16172872483730316
65760	-2.132590	-1.835911	-1.673883	0.118530	0.161776	0.187517	0.03752788119018078	2.6337448559670777e-05	0.1617763340473175
65880	-2.131567	-1.835544	-1.672462	0.118651	0.161838	0.187784	0.03749293778091669	1.7558299039780518e-05	0.1618383526802063
66000	-2.130830	-1.835058	-1.671667	0.118739	0.161916	0.187934	0.03745574560016394	3.9506172839506166e-05	0.16191565990447998
66120	-2.130115	-1.834435	-1.672659	0.118824	0.162017	0.187747	0.037398488633334635	2.6337448559670777e-05	0.16201607882976532
66240	-2.130876	-1.834124	-1.673558	0.118733	0.162074	0.187578	0.03736892715096474	2.6337448559670777e-05	0.16207429766654968
66360	-2.131678	-1.833648	-1.672631	0.118638	0.162148	0.187752	0.03733042851090431	3.9506172839506166e-05	0.16214695572853088
66480	-2.131753	-1.833515	-1.672297	0.118629	0.162171	0.187815	0.037315425276756284	3.9506172839506166e-05	0.162169948220253
66600	-2.130492	-1.833136	-1.672551	0.118779	0.162225	0.187768	0.037287862226367	2.6337448559670777e-05	0.16222378611564636
66720	-2.129467	-1.832933	-1.671707	0.118901	0.162259	0.187926	0.037260557524859905	2.6337448559670777e-05	0.1622590571641922
66840	-2.128921	-1.832408	-1.671386	0.118966	0.162344	0.187986	0.0372196227312088	3.9506172839506166e-05	0.16234250366687775
66960	-2.127956	-1.831913	-1.671000	0.119080	0.162421	0.188059	0.037170882895588876	2.6337448559670777e-05	0.16242089867591858
67080	-2.127758	-1.831480	-1.668814	0.119104	0.162492	0.188470	0.03713587448000908	1.7558299039780518e-05	0.1624913066625595
67200	-2.126908	-1.831294	-1.668270	0.119205	0.162532	0.188573	0.03711377363651991	2.6337448559670777e-05	0.16253133118152618
67320	-2.126970	-1.830821	-1.667083	0.119198	0.162622	0.188797	0.03706958070397377	2.6337448559670777e-05	0.16262178122997284
67440	-2.126905	-1.830389	-1.666170	0.119206	0.162703	0.188969	0.03703426383435726	2.6337448559670777e-05	0.16270247101783752
67560	-2.126820	-1.830067	-1.665175	0.119216	0.162761	0.189158	0.03700546063482761	3.9506172839506166e-05	0.16275985538959503
67680	-2.128202	-1.829840	-1.664816	0.119051	0.162804	0.189225	0.03698357772082091	2.6337448559670777e-05	0.16280363500118256
67800	-2.128048	-1.829436	-1.663890	0.119069	0.162882	0.189401	0.03695367593318224	2.6337448559670777e-05	0.1628807783126831
67920	-2.126461	-1.828830	-1.663750	0.119259	0.162986	0.189427	0.03689510896801949	1.7558299039780518e-05	0.16298513114452362
68040	-2.127140	-1.828508	-1.663458	0.119178	0.163042	0.189483	0.036870607361197474	2.6337448559670777e-05	0.1630411297082901
68160	-2.125828	-1.828064	-1.662397	0.119334	0.163116	0.189684	0.036824338324368	3.9506172839506166e-05	0.16311536729335785
68280	-2.125782	-1.827704	-1.661297	0.119340	0.163184	0.189893	0.03679014258086681	1.7558299039780518e-05	0.16318368911743164
68400	-2.126664	-1.827504	-1.661361	0.119234	0.163222	0.189880	0.03677048198878765	1.7558299039780518e-05	0.16322249174118042
68520	-2.126615	-1.827529	-1.661834	0.119240	0.163224	0.189791	0.036772854439914224	3.9506172839506166e-05	0.16322408616542816
68640	-2.127211	-1.827282	-1.661678	0.119169	0.163271	0.189820	0.03675462249666452	3.9506172839506166e-05	0.1632700264453888
68760	-2.127822	-1.827173	-1.660473	0.119096	0.163292	0.190049	0.03674294780939817	2.6337448559670777e-05	0.16329137980937958
68880	-2.127606	-1.826815	-1.660038	0.119122	0.163365	0.190132	0.036711383052170275	3.9506172839506166e-05	0.16336403787136078
69000	-2.127798	-1.826561	-1.658806	0.119099	0.163412	0.190366	0.03668993320316076	2.6337448559670777e-05	0.16341105103492737
69120	-2.126920	-1.826210	-1.658454	0.119204	0.163467	0.190433	0.036655483022332194	1.7558299039780518e-05	0.16346685588359833
69240	-2.126904	-1.825990	-1.657716	0.119206	0.163508	0.190574	0.03663596920669079	1.7558299039780518e-05	0.1635073572397232
69360	-2.127313	-1.825549	-1.656435	0.119157	0.163599	0.190818	0.03659860286861658	1.7558299039780518e-05	0.16359861195087433
69480	-2.127942	-1.825346	-1.656062	0.119082	0.163643	0.190889	0.03657956011593342	1.7558299039780518e-05	0.16364261507987976
69600	-2.127981	-1.825071	-1.655762	0.119077	0.163687	0.190947	0.036554868891835214	2.6337448559670777e-05	0.16368673741817474
69720	-2.128259	-1.824510	-1.654861	0.119044	0.163786	0.191119	0.03650164399296045	3.9506172839506166e-05	0.16378562152385712
69840	-2.127353	-1.823728	-1.652712	0.119152	0.163917	0.191530	0.03644494954496622	2.6337448559670777e-05	0.16391511261463165
69960	-2.125751	-1.823279	-1.652916	0.119343	0.163997	0.191491	0.0363925764337182	2.6337448559670777e-05	0.16399726271629333
70080	-2.124878	-1.822654	-1.652496	0.119448	0.164103	0.191571	0.036339278891682626	2.6337448559670777e-05	0.1641017198562622
70200	-2.124198	-1.822099	-1.652274	0.119529	0.164199	0.191614	0.036287369579076766	2.6337448559670777e-05	0.1641988307237625
70320	-2.124679	-1.822151	-1.653359	0.119471	0.164206	0.191406	0.03628675974905491	2.6337448559670777e-05	0.16420619189739227
70440	-2.125068	-1.822008	-1.653686	0.119425	0.164237	0.191343	0.036280558072030546	3.9506172839506166e-05	0.16423562169075012
70560	-2.124282	-1.821665	-1.652755	0.119519	0.164294	0.191521	0.0362493172287941	2.6337448559670777e-05	0.1642938256263733
70680	-2.124052	-1.821087	-1.652039	0.119546	0.164394	0.191659	0.036193478293716906	2.6337448559670777e-05	0.16439396142959595
70800	-2.124060	-1.820658	-1.651430	0.119545	0.164467	0.191775	0.036157234385609624	3.9506172839506166e-05	0.16446618735790253
70920	-2.124108	-1.820349	-1.650656	0.119540	0.164522	0.191924	0.03613255843520165	1.7558299039780518e-05	0.16452111303806305
71040	-2.123480	-1.820143	-1.649854	0.119615	0.164557	0.192078	0.03611252084374428	2.6337448559670777e-05	0.16455671191215515
71160	-2.124126	-1.819572	-1.648969	0.119537	0.164662	0.192248	0.03606368452310562	2.6337448559670777e-05	0.16466063261032104
71280	-2.123993	-1.819174	-1.649376	0.119553	0.164729	0.192170	0.036025166139006616	2.6337448559670777e-05	0.1647290289402008
71400	-2.125845	-1.818911	-1.648195	0.119332	0.164798	0.192397	0.03600231353193521	1.7558299039780518e-05	0.16479730606079102
71520	-2.125075	-1.818615	-1.648203	0.119424	0.164855	0.192395	0.03597236592322588	2.6337448559670777e-05	0.16485454142093658
71640	-2.125004	-1.818382	-1.647620	0.119433	0.164907	0.192508	0.035955694131553174	3.9506172839506166e-05	0.16490577161312103
71760	-2.124634	-1.818010	-1.648127	0.119477	0.164978	0.192410	0.035923258773982523	1.7558299039780518e-05	0.16497723758220673
71880	-2.124608	-1.817554	-1.646722	0.119480	0.165061	0.192681	0.035881954804062845	2.6337448559670777e-05	0.16506023705005646
72000	-2.124462	-1.817144	-1.644514	0.119497	0.165139	0.193106	0.03584608640521765	2.6337448559670777e-05	0.16513775289058685
72120	-2.123119	-1.816669	-1.643722	0.119658	0.165222	0.193259	0.03579762447625399	2.6337448559670777e-05	0.16522139310836792
72240	-2.123307	-1.816389	-1.642916	0.119635	0.165270	0.193415	0.03577480874955654	3.9506172839506166e-05	0.16526900231838226
72360	-2.123900	-1.816170	-1.642427	0.119564	0.165313	0.193510	0.03575473297387362	2.6337448559670777e-05	0.16531196236610413
72480	-2.124515	-1.815655	-1.641606	0.119491	0.165406	0.193669	0.03570719175040722	3.9506172839506166e-05	0.1654059737920761
72600	-2.125432	-1.815054	-1.640849	0.119381	0.165514	0.193815	0.03565616477280855	2.6337448559670777e-05	0.16551363468170166
72720	-2.125882	-1.814584	-1.639466	0.119328	0.165599	0.194084	0.03561637494713068	2.6337448559670777e-05	0.16559818387031555
72840	-2.126125	-1.813916	-1.638836	0.119299	0.165719	0.194206	0.03555165231227875	2.6337448559670777e-05	0.16571828722953796
72960	-2.126163	-1.813371	-1.637697	0.119294	0.165812	0.194427	0.03550296779721975	1.7558299039780518e-05	0.16581127047538757
73080	-2.124698	-1.813053	-1.637045	0.119469	0.165873	0.194554	0.03547171503305435	1.7558299039780518e-05	0.16587218642234802
73200	-2.125071	-1.812698	-1.636839	0.119425	0.165945	0.194594	0.035441881977021694	2.6337448559670777e-05	0.165943905711174
73320	-2.126348	-1.812233	-1.636610	0.119272	0.166029	0.194639	0.035399837605655196	3.9506172839506166e-05	0.16602861881256104
73440	-2.126234	-1.811791	-1.635145	0.119286	0.166107	0.194924	0.03535963706672192	3.9506172839506166e-05	0.16610686480998993
73560	-2.126042	-1.811530	-1.633906	0.119309	0.166153	0.195166	0.03533324059098959	3.9506172839506166e-05	0.1661529392004013
73680	-2.125688	-1.811348	-1.633850	0.119351	0.166182	0.195177	0.035322660207748414	3.9506172839506166e-05	0.16618075966835022
73800	-2.125731	-1.810937	-1.633414	0.119346	0.166250	0.195262	0.035287192836403844	3.9506172839506166e-05	0.16624894738197327
73920	-2.125577	-1.810547	-1.633009	0.119364	0.166327	0.195341	0.03524619173258543	3.9506172839506166e-05	0.166326105594635
74040	-2.124182	-1.810239	-1.633339	0.119531	0.166379	0.195276	0.03521928582340479	2.6337448559670777e-05	0.16637840867042542
74160	-2.123403	-1.809894	-1.634293	0.119624	0.166426	0.195090	0.03518565744161606	1.7558299039780518e-05	0.16642645001411438
74280	-2.123941	-1.809698	-1.633324	0.119560	0.166466	0.195279	0.03516776040196419	3.9506172839506166e-05	0.1664659082889557
74400	-2.123829	-1.809133	-1.632066	0.119573	0.166568	0.195525	0.0351230738684535	2.6337448559670777e-05	0.16656696796417236
74520	-2.122615	-1.808506	-1.631341	0.119718	0.166677	0.195667	0.03506601378321648	3.9506172839506166e-05	0.1666763573884964
74640	-2.122567	-1.807967	-1.630230	0.119724	0.166778	0.195885	0.03501587826758623	3.9506172839506166e-05	0.1667771339416504
74760	-2.122237	-1.807521	-1.629659	0.119763	0.166861	0.195996	0.03497216366231441	2.6337448559670777e-05	0.16686095297336578
74880	-2.122689	-1.806933	-1.628790	0.119709	0.166969	0.196167	0.034930483624339106	1.7558299039780518e-05	0.166967511177063
75000	-2.123851	-1.806702	-1.628431	0.119570	0.167018	0.196237	0.03490272406488657	3.9506172839506166e-05	0.16701693832874298
75120	-2.122355	-1.806023	-1.627434	0.119749	0.167128	0.196433	0.03484133519232273	2.6337448559670777e-05	0.1671268790960312
75240	-2.122414	-1.805325	-1.625947	0.119742	0.167253	0.196725	0.034779816120862964	2.6337448559670777e-05	0.1672518402338028
75360	-2.122675	-1.805059	-1.626495	0.119711	0.167300	0.196617	0.03475814145058394	3.9506172839506166e-05	0.1672983020544052
75480	-2.122415	-1.804855	-1.625994	0.119742	0.167343	0.196716	0.03473341446369886	2.6337448559670777e-05	0.16734297573566437
75600	-2.121947	-1.804718	-1.625415	0.119798	0.167368	0.196830	0.034719162806868556	2.6337448559670777e-05	0.16736850142478943
75720	-2.122655	-1.804358	-1.625075	0.119713	0.167440	0.196897	0.03469107300043106	2.6337448559670777e-05	0.16743920743465424
75840	-2.122430	-1.804089	-1.625691	0.119740	0.167489	0.196776	0.03466881699860096	2.6337448559670777e-05	0.16748809814453125
75960	-2.121673	-1.803537	-1.625885	0.119831	0.167587	0.196737	0.03461698740720749	2.6337448559670777e-05	0.16758593916893005
76080	-2.121615	-1.803284	-1.625533	0.119838	0.167634	0.196807	0.03458988592028618	3.9506172839506166e-05	0.1676347702741623
76200	-2.121521	-1.802769	-1.625861	0.119849	0.167711	0.196742	0.03454929497092962	1.7558299039780518e-05	0.1677103042602539
76320	-2.120869	-1.802403	-1.625423	0.119927	0.167779	0.196828	0.034521770849823954	3.9506172839506166e-05	0.16777683794498444
76440	-2.120645	-1.802036	-1.624383	0.119954	0.167845	0.197033	0.03448149282485247	3.9506172839506166e-05	0.16784515976905823
76560	-2.121124	-1.801801	-1.624847	0.119897	0.167888	0.196942	0.03446156829595566	2.6337448559670777e-05	0.16788740456104279
76680	-2.120421	-1.801365	-1.623263	0.119981	0.167964	0.197254	0.03442804794758558	1.7558299039780518e-05	0.16796258091926575
76800	-2.120876	-1.801231	-1.623346	0.119927	0.167990	0.197238	0.03441011793911457	3.9506172839506166e-05	0.16798900067806244
76920	-2.121019	-1.800819	-1.622446	0.119909	0.168058	0.197415	0.034370839968323706	3.9506172839506166e-05	0.16805775463581085
77040	-2.122070	-1.800828	-1.623286	0.119783	0.168062	0.197249	0.03437169473618269	2.6337448559670777e-05	0.16806231439113617
77160	-2.121755	-1.800585	-1.623047	0.119821	0.168103	0.197297	0.034349995851516726	1.7558299039780518e-05	0.16810300946235657
77280	-2.122486	-1.800203	-1.622175	0.119734	0.168172	0.197469	0.03432067111134529	1.7558299039780518e-05	0.1681712120771408
77400	-2.123119	-1.799721	-1.622427	0.119658	0.168264	0.197419	0.03427303954958916	2.6337448559670777e-05	0.16826310753822327
77520	-2.122396	-1.799338	-1.623274	0.119744	0.168328	0.197252	0.034238222427666186	2.6337448559670777e-05	0.1683281511068344
77640	-2.121923	-1.798776	-1.621943	0.119801	0.168424	0.197515	0.03418979812413454	1.7558299039780518e-05	0.1684236228466034
77760	-2.121038	-1.798053	-1.621387	0.119907	0.168549	0.197624	0.03412843327969313	3.9506172839506166e-05	0.1685473620891571
77880	-2.121444	-1.797855	-1.621026	0.119858	0.168590	0.197696	0.034106917306780817	2.6337448559670777e-05	0.1685892641544342
78000	-2.122892	-1.797138	-1.621239	0.119685	0.168716	0.197654	0.03404277022928	2.6337448559670777e-05	0.16871525347232819
78120	-2.123749	-1.796624	-1.621014	0.119582	0.168804	0.197698	0.034000241011381147	1.7558299039780518e-05	0.16880331933498383
78240	-2.123138	-1.795998	-1.620266	0.119656	0.168919	0.197846	0.0339448519051075	3.9506172839506166e-05	0.16891740262508392
78360	-2.122816	-1.795606	-1.619492	0.119694	0.168991	0.197999	0.033900166116654876	2.6337448559670777e-05	0.1689905971288681
78480	-2.123120	-1.795189	-1.619040	0.119658	0.169069	0.198089	0.033870691806077956	3.9506172839506166e-05	0.16906660795211792
78600	-2.123467	-1.794703	-1.618028	0.119616	0.169154	0.198289	0.03382677938789129	1.7558299039780518e-05	0.16915319859981537
78720	-2.123863	-1.794388	-1.616350	0.119569	0.169216	0.198622	0.03379630595445633	2.6337448559670777e-05	0.16921508312225342
78840	-2.125164	-1.793922	-1.615738	0.119413	0.169297	0.198744	0.03375592976808548	2.6337448559670777e-05	0.16929613053798676
78960	-2.126200	-1.793300	-1.615432	0.119290	0.169414	0.198805	0.03369821421802044	1.7558299039780518e-05	0.16941356658935547
79080	-2.126820	-1.793048	-1.615024	0.119216	0.169462	0.198886	0.03367239590734243	2.6337448559670777e-05	0.16946108639240265
79200	-2.127403	-1.792802	-1.613401	0.119146	0.169514	0.199209	0.03364852759987116	1.7558299039780518e-05	0.1695137768983841
79320	-2.128099	-1.792433	-1.612033	0.119063	0.169594	0.199482	0.03362010233104229	2.6337448559670777e-05	0.16959260404109955
79440	-2.126650	-1.791772	-1.610933	0.119236	0.169712	0.199701	0.03355827908962965	2.6337448559670777e-05	0.16971136629581451
79560	-2.126891	-1.791577	-1.611845	0.119207	0.169758	0.199519	0.033537772670388225	3.9506172839506166e-05	0.169757679104805
79680	-2.126402	-1.790957	-1.611383	0.119266	0.169869	0.199611	0.033487608283758165	2.6337448559670777e-05	0.16986790299415588
79800	-2.126477	-1.790617	-1.611381	0.119257	0.169926	0.199612	0.03345567286014557	2.6337448559670777e-05	0.16992461681365967
79920	-2.127094	-1.790153	-1.611427	0.119183	0.170015	0.199603	0.03341799583286047	1.7558299039780518e-05	0.17001399397850037
80040	-2.127211	-1.790049	-1.611318	0.119169	0.170041	0.199624	0.03340296559035778	2.6337448559670777e-05	0.17004048824310303
80160	-2.127831	-1.789892	-1.610633	0.119095	0.170072	0.199761	0.033390809409320356	1.7558299039780518e-05	0.17007067799568176
80280	-2.127970	-1.789663	-1.610356	0.119079	0.170122	0.199816	0.03336785677820444	2.6337448559670777e-05	0.17012159526348114
80400	-2.127452	-1.789171	-1.610786	0.119140	0.170206	0.199731	0.033326908387243746	2.6337448559670777e-05	0.1702052652835846
80520	-2.127922	-1.788668	-1.609792	0.119084	0.170296	0.199929	0.033282610960304736	1.7558299039780518e-05	0.1702951192855835
80640	-2.128114	-1.788295	-1.610243	0.119062	0.170371	0.199839	0.033245940878987315	2.6337448559670777e-05	0.1703697144985199
80760	-2.127374	-1.787830	-1.609336	0.119150	0.170454	0.200020	0.03320488277822733	3.9506172839506166e-05	0.17045296728610992
80880	-2.126527	-1.787511	-1.608515	0.119251	0.170515	0.200185	0.03317143861204386	2.6337448559670777e-05	0.17051467299461365
81000	-2.128498	-1.787181	-1.608407	0.119016	0.170582	0.200206	0.033140707202255724	3.9506172839506166e-05	0.17058232426643372
81120	-2.128489	-1.786545	-1.607719	0.119017	0.170702	0.200344	0.033093892596662046	1.7558299039780518e-05	0.17070113122463226
81240	-2.126627	-1.786169	-1.606485	0.119239	0.170774	0.200591	0.03305471297353506	3.9506172839506166e-05	0.17077331244945526
81360	-2.125540	-1.785730	-1.605288	0.119368	0.170857	0.200832	0.033017249405384065	2.6337448559670777e-05	0.1708555966615677
81480	-2.125404	-1.785364	-1.605707	0.119385	0.170933	0.200748	0.03297912832349539	1.7558299039780518e-05	0.17093278467655182
81600	-2.125901	-1.784981	-1.605013	0.119325	0.171005	0.200887	0.03294916357845068	2.6337448559670777e-05	0.1710035353899002
81720	-2.126940	-1.784465	-1.603154	0.119202	0.171100	0.201261	0.03290045242756605	1.7558299039780518e-05	0.17109964787960052
81840	-2.126462	-1.784016	-1.602229	0.119258	0.171191	0.201447	0.032861553318798545	2.6337448559670777e-05	0.1711902618408203
81960	-2.126537	-1.783636	-1.600731	0.119250	0.171257	0.201749	0.03282232005149126	2.6337448559670777e-05	0.17125749588012695
82080	-2.126378	-1.783232	-1.599983	0.119268	0.171332	0.201900	0.03279016613960266	1.7558299039780518e-05	0.17133191227912903
82200	-2.126448	-1.782945	-1.598985	0.119260	0.171391	0.202102	0.03276687823235989	2.6337448559670777e-05	0.17139044404029846
82320	-2.125820	-1.782459	-1.598097	0.119335	0.171476	0.202281	0.03271696232259273	2.6337448559670777e-05	0.17147615551948547
82440	-2.126221	-1.782158	-1.596457	0.119287	0.171537	0.202613	0.032692229561507705	3.9506172839506166e-05	0.17153693735599518
82560	-2.126079	-1.781689	-1.595837	0.119304	0.171623	0.202739	0.032651275396347046	2.6337448559670777e-05	0.17162282764911652
82680	-2.127115	-1.781298	-1.595101	0.119181	0.171698	0.202888	0.03261511139571667	2.6337448559670777e-05	0.17169742286205292
82800	-2.127621	-1.781055	-1.595475	0.119120	0.171746	0.202812	0.03259778898209333	2.6337448559670777e-05	0.17174477875232697
82920	-2.127165	-1.780724	-1.595768	0.119175	0.171797	0.202753	0.0325598431751132	1.7558299039780518e-05	0.1717972308397293
83040	-2.126866	-1.780500	-1.595826	0.119210	0.171841	0.202741	0.03254107106477022	3.9506172839506166e-05	0.1718408763408661
83160	-2.126395	-1.780208	-1.595127	0.119266	0.171893	0.202883	0.032519104331731795	3.9506172839506166e-05	0.17189255356788635
83280	-2.124988	-1.779575	-1.594665	0.119434	0.172005	0.202976	0.032462232559919355	2.6337448559670777e-05	0.17200419306755066
83400	-2.125211	-1.779386	-1.594281	0.119408	0.172035	0.203054	0.032443824037909505	3.9506172839506166e-05	0.17203377187252045
83520	-2.125856	-1.779231	-1.594592	0.119331	0.172062	0.202991	0.032428279891610144	3.9506172839506166e-05	0.17206202447414398
83640	-2.127549	-1.778751	-1.594239	0.119129	0.172150	0.203063	0.032385431602597235	2.6337448559670777e-05	0.17215006053447723
83760	-2.128199	-1.778277	-1.592533	0.119051	0.172237	0.203410	0.032345080934464934	2.6337448559670777e-05	0.1722363531589508
83880	-2.127149	-1.777882	-1.590686	0.119177	0.172309	0.203786	0.03231076058000326	3.9506172839506166e-05	0.17230786383152008
84000	-2.126314	-1.777336	-1.589675	0.119276	0.172404	0.203992	0.032263356074690816	3.9506172839506166e-05	0.17240233719348907
84120	-2.125905	-1.776967	-1.588891	0.119325	0.172477	0.204152	0.0322261318564415	2.6337448559670777e-05	0.17247647047042847
84240	-2.126410	-1.776769	-1.588171	0.119265	0.172515	0.204299	0.03220818471163511	3.9506172839506166e-05	0.1725137084722519
84360	-2.126886	-1.776421	-1.587743	0.119208	0.172580	0.204386	0.03217435665428638	2.6337448559670777e-05	0.1725797951221466
84480	-2.125982	-1.775739	-1.585952	0.119316	0.172707	0.204753	0.032121151126921176	2.6337448559670777e-05	0.17270499467849731
84600	-2.124548	-1.775119	-1.585267	0.119487	0.172805	0.204893	0.03206237778067589	3.9506172839506166e-05	0.172804057598114
84720	-2.124339	-1.774547	-1.584589	0.119512	0.172909	0.205032	0.032010261341929434	2.6337448559670777e-05	0.17290842533111572
84840	-2.123921	-1.774196	-1.584014	0.119562	0.172980	0.205150	0.03197549432516098	3.9506172839506166e-05	0.1729791909456253
84960	-2.123802	-1.773957	-1.583347	0.119576	0.173028	0.205287	0.03195500485599041	2.6337448559670777e-05	0.17302687466144562
85080	-2.122702	-1.773304	-1.582902	0.119708	0.173145	0.205378	0.03190198428928852	1.7558299039780518e-05	0.17314405739307404
85200	-2.122597	-1.773098	-1.583287	0.119720	0.173191	0.205299	0.03187656849622726	3.9506172839506166e-05	0.17318984866142273
85320	-2.122888	-1.772781	-1.582063	0.119685	0.173262	0.205551	0.03184736389666796	2.6337448559670777e-05	0.17326124012470245
85440	-2.122345	-1.772412	-1.582261	0.119751	0.173330	0.205510	0.03181472346186638	2.6337448559670777e-05	0.17332933843135834
85560	-2.122280	-1.772327	-1.582965	0.119758	0.173333	0.205365	0.03180213086307049	1.7558299039780518e-05	0.17333345115184784
85680	-2.123153	-1.771582	-1.582864	0.119654	0.173479	0.205386	0.03174196314066648	1.7558299039780518e-05	0.17347835004329681
85800	-2.122769	-1.771113	-1.582134	0.119700	0.173567	0.205536	0.031702413223683834	2.6337448559670777e-05	0.173566073179245
85920	-2.121480	-1.770416	-1.582643	0.119854	0.173696	0.205431	0.03164177313446999	2.6337448559670777e-05	0.1736944019794464
86040	-2.121417	-1.769769	-1.581777	0.119862	0.173817	0.205609	0.03157591186463833	3.9506172839506166e-05	0.17381629347801208
86160	-2.121612	-1.769439	-1.580724	0.119838	0.173887	0.205826	0.03155181016772986	3.9506172839506166e-05	0.17388570308685303
86280	-2.121407	-1.769050	-1.579924	0.119863	0.173966	0.205991	0.03151661716401577	1.7558299039780518e-05	0.17396517097949982
86400	-2.120671	-1.768691	-1.578717	0.119951	0.174042	0.206240	0.031482693180441855	1.7558299039780518e-05	0.17404165863990784
86520	-2.120237	-1.768514	-1.578802	0.120003	0.174075	0.206222	0.03146893866360188	3.9506172839506166e-05	0.17407344281673431
86640	-2.119793	-1.768212	-1.578821	0.120056	0.174135	0.206218	0.03143693152815104	2.6337448559670777e-05	0.17413435876369476
86760	-2.120585	-1.768140	-1.578050	0.119961	0.174155	0.206377	0.031428451649844646	1.7558299039780518e-05	0.1741553246974945
86880	-2.120507	-1.767404	-1.577522	0.119971	0.174284	0.206486	0.03136678449809551	2.6337448559670777e-05	0.17428265511989594
87000	-2.119730	-1.767171	-1.576794	0.120064	0.174331	0.206637	0.03134303018450737	2.6337448559670777e-05	0.17433029413223267
87120	-2.120177	-1.767023	-1.576736	0.120010	0.174367	0.206648	0.031330504640936854	2.6337448559670777e-05	0.17436668276786804
87240	-2.121811	-1.766822	-1.575186	0.119814	0.174411	0.206969	0.03131003137677908	3.9506172839506166e-05	0.17441096901893616
87360	-2.122524	-1.766567	-1.574538	0.119729	0.174475	0.207103	0.03129318580031395	3.9506172839506166e-05	0.174473375082016
87480	-2.122749	-1.766147	-1.573228	0.119702	0.174569	0.207375	0.0312569422647357	3.9506172839506166e-05	0.17456689476966858
87600	-2.123059	-1.765574	-1.571763	0.119665	0.174690	0.207679	0.03120100861415267	1.7558299039780518e-05	0.17468947172164917
87720	-2.122724	-1.765511	-1.570842	0.119705	0.174699	0.207870	0.031188687216490506	3.9506172839506166e-05	0.17469961941242218
87840	-2.123477	-1.765280	-1.570772	0.119615	0.174753	0.207885	0.03117529721930623	3.9506172839506166e-05	0.1747516542673111
87960	-2.123412	-1.764723	-1.569741	0.119623	0.174858	0.208099	0.03112518275156617	2.6337448559670777e-05	0.17485742270946503
88080	-2.123413	-1.764310	-1.568322	0.119623	0.174939	0.208395	0.031089514028280973	1.7558299039780518e-05	0.1749376356601715
88200	-2.123789	-1.763832	-1.568561	0.119578	0.175026	0.208345	0.031046957522630692	2.6337448559670777e-05	0.17502480745315552
88320	-2.124637	-1.763268	-1.568042	0.119476	0.175141	0.208453	0.03099370254203677	1.7558299039780518e-05	0.17514052987098694
88440	-2.124446	-1.762821	-1.567333	0.119499	0.175225	0.208601	0.03095398787409067	1.7558299039780518e-05	0.17522437870502472
88560	-2.124864	-1.762409	-1.565609	0.119449	0.175306	0.208961	0.03091408759355545	2.6337448559670777e-05	0.17530609667301178
88680	-2.123981	-1.761776	-1.563454	0.119555	0.175436	0.209411	0.030864054057747125	2.6337448559670777e-05	0.1754353791475296
88800	-2.122899	-1.761243	-1.561470	0.119684	0.175537	0.209827	0.03081767912954092	2.6337448559670777e-05	0.17553551495075226
88920	-2.123179	-1.760707	-1.559808	0.119651	0.175630	0.210176	0.030763003136962654	2.6337448559670777e-05	0.1756296008825302
89040	-2.123106	-1.760287	-1.559115	0.119659	0.175703	0.210322	0.03072434775531292	2.6337448559670777e-05	0.17570243775844574
89160	-2.122838	-1.759938	-1.557495	0.119691	0.175768	0.210663	0.03069333964958787	2.6337448559670777e-05	0.17576764523983002
89280	-2.122103	-1.759462	-1.556638	0.119779	0.175843	0.210844	0.03064816873520613	2.6337448559670777e-05	0.17584246397018433
89400	-2.122722	-1.759282	-1.556183	0.119705	0.175880	0.210940	0.030632676370441914	3.9506172839506166e-05	0.17588017880916595
89520	-2.122756	-1.758806	-1.554152	0.119701	0.175973	0.211368	0.03059164183214307	1.7558299039780518e-05	0.17597244679927826
89640	-2.122329	-1.758339	-1.553247	0.119752	0.176048	0.211560	0.030547723267227413	2.6337448559670777e-05	0.17604775726795197
89760	-2.122762	-1.758168	-1.553017	0.119701	0.176084	0.211609	0.03053554370999336	3.9506172839506166e-05	0.17608320713043213
89880	-2.122408	-1.757970	-1.552469	0.119743	0.176135	0.211725	0.030508538242429495	3.9506172839506166e-05	0.17613594233989716
90000	-2.121984	-1.757358	-1.552918	0.119794	0.176249	0.211629	0.030464174319058658	3.9506172839506166e-05	0.17624720931053162
90120	-2.122634	-1.757103	-1.552407	0.119716	0.176308	0.211738	0.03043606048449874	2.6337448559670777e-05	0.17630814015865326
90240	-2.124359	-1.756668	-1.550813	0.119510	0.176393	0.212075	0.03040122436359525	1.7558299039780518e-05	0.1763920933008194
90360	-2.124689	-1.756261	-1.550528	0.119470	0.176478	0.212136	0.030362252704799177	3.9506172839506166e-05	0.1764771044254303
90480	-2.124332	-1.756201	-1.551471	0.119513	0.176493	0.211936	0.030348647478967906	1.7558299039780518e-05	0.17649316787719727
90600	-2.124049	-1.756051	-1.551258	0.119547	0.176530	0.211981	0.030342577304691077	2.6337448559670777e-05	0.17652936279773712
90720	-2.124296	-1.755614	-1.551175	0.119517	0.176604	0.211999	0.030307008791714905	1.7558299039780518e-05	0.17660337686538696
90840	-2.124114	-1.755419	-1.550244	0.119539	0.176647	0.212196	0.030290297977626324	3.9506172839506166e-05	0.1766459047794342
90960	-2.122585	-1.755021	-1.549999	0.119722	0.176720	0.212248	0.030246487259864806	3.9506172839506166e-05	0.1767204999923706
91080	-2.122906	-1.754736	-1.549961	0.119683	0.176778	0.212256	0.0302272355183959	3.9506172839506166e-05	0.17677725851535797
91200	-2.123037	-1.754213	-1.549260	0.119668	0.176888	0.212405	0.030180558655411006	3.9506172839506166e-05	0.17688670754432678
91320	-2.123293	-1.753650	-1.547935	0.119637	0.177003	0.212687	0.030128042865544557	1.7558299039780518e-05	0.17700260877609253
91440	-2.124290	-1.753205	-1.546650	0.119518	0.177088	0.212960	0.030088238511234523	3.9506172839506166e-05	0.17708709836006165
91560	-2.124093	-1.753014	-1.545545	0.119541	0.177130	0.213196	0.030071351397782563	1.7558299039780518e-05	0.17712874710559845
91680	-2.123704	-1.752834	-1.545753	0.119588	0.177161	0.213151	0.030051940586417913	2.6337448559670777e-05	0.17716029286384583
91800	-2.122869	-1.752288	-1.544710	0.119688	0.177264	0.213374	0.030003686249256135	1.7558299039780518e-05	0.17726345360279083
91920	-2.122356	-1.751704	-1.543260	0.119749	0.177374	0.213683	0.029955902136862278	1.7558299039780518e-05	0.17737294733524323
92040	-2.122384	-1.751212	-1.542306	0.119746	0.177465	0.213887	0.029905506316572426	2.6337448559670777e-05	0.177464559674263
92160	-2.122854	-1.750989	-1.540987	0.119690	0.177526	0.214170	0.02988877259194851	3.9506172839506166e-05	0.17752507328987122
92280	-2.122302	-1.750681	-1.540930	0.119756	0.177590	0.214182	0.029860283806920053	2.6337448559670777e-05	0.1775898039340973
92400	-2.122324	-1.750489	-1.540127	0.119753	0.177629	0.214354	0.029845162481069564	3.9506172839506166e-05	0.1776283085346222
92520	-2.121834	-1.750112	-1.538882	0.119812	0.177690	0.214621	0.02980749951675534	2.6337448559670777e-05	0.17768977582454681
92640	-2.122702	-1.749860	-1.538372	0.119708	0.177748	0.214730	0.029781347885727883	2.6337448559670777e-05	0.17774800956249237
92760	-2.122252	-1.749323	-1.537995	0.119762	0.177852	0.214811	0.02973723690956831	1.7558299039780518e-05	0.1778516322374344
92880	-2.121289	-1.749020	-1.538145	0.119877	0.177908	0.214779	0.02971384087577462	2.6337448559670777e-05	0.1779063493013382
93000	-2.120958	-1.748595	-1.539249	0.119917	0.177983	0.214542	0.029674412216991186	1.7558299039780518e-05	0.17798210680484772
93120	-2.120350	-1.748006	-1.538528	0.119990	0.178088	0.214697	0.029613464791327714	2.6337448559670777e-05	0.17808829247951508
93240	-2.120746	-1.747890	-1.538214	0.119942	0.178119	0.214764	0.0296092146076262	1.7558299039780518e-05	0.1781185418367386
93360	-2.121105	-1.747552	-1.537105	0.119899	0.178190	0.215003	0.029576155263930558	2.6337448559670777e-05	0.1781897246837616
93480	-2.122007	-1.747227	-1.536825	0.119791	0.178263	0.215063	0.029550519492477178	2.6337448559670777e-05	0.1782626062631607
93600	-2.122091	-1.746726	-1.536601	0.119781	0.178357	0.215111	0.029500854853540658	1.7558299039780518e-05	0.17835702002048492
93720	-2.123161	-1.746634	-1.535657	0.119653	0.178386	0.215314	0.02949273306876421	2.6337448559670777e-05	0.1783856451511383
93840	-2.122717	-1.746404	-1.534577	0.119706	0.178440	0.215547	0.029474465735256673	3.9506172839506166e-05	0.17843925952911377
93960	-2.123462	-1.745770	-1.534610	0.119617	0.178558	0.215540	0.029419071972370148	3.9506172839506166e-05	0.17855750024318695
94080	-2.123503	-1.745404	-1.534864	0.119612	0.178635	0.215485	0.029386259242892267	2.6337448559670777e-05	0.1786346435546875
94200	-2.122612	-1.745243	-1.535457	0.119719	0.178659	0.215357	0.02936883978545666	2.6337448559670777e-05	0.17865876853466034
94320	-2.122607	-1.744938	-1.534445	0.119719	0.178718	0.215575	0.02934677554294467	3.9506172839506166e-05	0.17871609330177307
94440	-2.122054	-1.744146	-1.532658	0.119785	0.178877	0.215961	0.029276146460324524	2.6337448559670777e-05	0.17887620627880096
94560	-2.122110	-1.743880	-1.532300	0.119779	0.178927	0.216038	0.029244449455291033	3.9506172839506166e-05	0.17892728745937347
94680	-2.121938	-1.743738	-1.530472	0.119799	0.178968	0.216434	0.02923485366627574	2.6337448559670777e-05	0.17896749079227448
94800	-2.122038	-1.743786	-1.530390	0.119787	0.178970	0.216451	0.029231396876275538	1.7558299039780518e-05	0.17897015810012817
94920	-2.121187	-1.743399	-1.530159	0.119889	0.179047	0.216501	0.029203470889478923	2.6337448559670777e-05	0.17904680967330933
95040	-2.121313	-1.743100	-1.530536	0.119874	0.179102	0.216420	0.02917750347405672	2.6337448559670777e-05	0.1791011542081833
95160	-2.120922	-1.742664	-1.530375	0.119921	0.179172	0.216455	0.029134994745254515	1.7558299039780518e-05	0.17917218804359436
95280	-2.120685	-1.742286	-1.529015	0.119949	0.179249	0.216749	0.029102596826851367	2.6337448559670777e-05	0.17924924194812775
95400	-2.121927	-1.742163	-1.528157	0.119801	0.179291	0.216935	0.029091563168913127	2.6337448559670777e-05	0.17929068207740784
95520	-2.120613	-1.741809	-1.527136	0.119958	0.179362	0.217157	0.029061371833086012	3.9506172839506166e-05	0.17936137318611145
95640	-2.120225	-1.741445	-1.526141	0.120005	0.179441	0.217373	0.02902695778757334	1.7558299039780518e-05	0.17944081127643585
95760	-2.119694	-1.741260	-1.525746	0.120068	0.179469	0.217459	0.029008408822119237	2.6337448559670777e-05	0.17946897447109222
95880	-2.120800	-1.740887	-1.525168	0.119936	0.179550	0.217584	0.028979693073779345	1.7558299039780518e-05	0.1795496791601181
96000	-2.120934	-1.740641	-1.525145	0.119920	0.179595	0.217590	0.028956294152885677	3.9506172839506166e-05	0.17959435284137726
96120	-2.121218	-1.740044	-1.524052	0.119885	0.179709	0.217827	0.028902733139693736	2.6337448559670777e-05	0.1797083467245102
96240	-2.122689	-1.739870	-1.523832	0.119709	0.179756	0.217875	0.0288844040594995	2.6337448559670777e-05	0.1797553300857544
96360	-2.123911	-1.739642	-1.524294	0.119563	0.179807	0.217775	0.02886524796485901	2.6337448559670777e-05	0.17980672419071198
96480	-2.124094	-1.739333	-1.523631	0.119541	0.179868	0.217919	0.02883758218958974	3.9506172839506166e-05	0.1798679530620575
96600	-2.122818	-1.739016	-1.523927	0.119694	0.179928	0.217855	0.028812623210251333	1.7558299039780518e-05	0.17992669343948364
96720	-2.122021	-1.738633	-1.523740	0.119789	0.179997	0.217895	0.028776356764137746	3.9506172839506166e-05	0.1799967885017395
96840	-2.122661	-1.738406	-1.524009	0.119713	0.180043	0.217837	0.0287536695599556	1.7558299039780518e-05	0.18004244565963745
96960	-2.121757	-1.737808	-1.522259	0.119821	0.180158	0.218218	0.028707811143249273	2.6337448559670777e-05	0.18015632033348083
97080	-2.122150	-1.737852	-1.522560	0.119774	0.180163	0.218153	0.028702022694051265	3.9506172839506166e-05	0.1801626980304718
97200	-2.122441	-1.737421	-1.522249	0.119739	0.180244	0.218221	0.028666292130947114	2.6337448559670777e-05	0.18024374544620514
97320	-2.123742	-1.737049	-1.523354	0.119583	0.180324	0.217979	0.028633900731801987	2.6337448559670777e-05	0.18032371997833252
97440	-2.125442	-1.736980	-1.523078	0.119380	0.180347	0.218040	0.028626976907253264	2.6337448559670777e-05	0.18034641444683075
97560	-2.125731	-1.736620	-1.521768	0.119346	0.180418	0.218326	0.028595126792788507	2.6337448559670777e-05	0.18041765689849854
97680	-2.125738	-1.736475	-1.520649	0.119345	0.180453	0.218570	0.028576186485588552	2.6337448559670777e-05	0.18045291304588318
97800	-2.126194	-1.736146	-1.519327	0.119290	0.180517	0.218859	0.02855086773633957	2.6337448559670777e-05	0.1805160641670227
97920	-2.127126	-1.735787	-1.519427	0.119179	0.180594	0.218837	0.028522661421447992	1.7558299039780518e-05	0.18059344589710236
98040	-2.128048	-1.735412	-1.518918	0.119069	0.180673	0.218949	0.028483420237898828	2.6337448559670777e-05	0.18067339062690735
98160	-2.128928	-1.734989	-1.517380	0.118965	0.180758	0.219286	0.028451122995465993	2.6337448559670777e-05	0.18075771629810333
98280	-2.128405	-1.734797	-1.516994	0.119027	0.180797	0.219370	0.028434398863464595	2.6337448559670777e-05	0.18079489469528198
98400	-2.126269	-1.734355	-1.516446	0.119281	0.180874	0.219491	0.028388950880616902	3.9506172839506166e-05	0.18087413907051086
98520	-2.126816	-1.734329	-1.516165	0.119216	0.180884	0.219552	0.02838652431964874	1.7558299039780518e-05	0.1808832436800003
98640	-2.128113	-1.734082	-1.515855	0.119062	0.180942	0.219620	0.028362924698740244	2.6337448559670777e-05	0.180941641330719
98760	-2.128582	-1.733695	-1.516098	0.119006	0.181022	0.219567	0.028334213700145484	1.7558299039780518e-05	0.1810208410024643
98880	-2.129042	-1.733319	-1.515252	0.118951	0.181093	0.219753	0.02829779973253608	2.6337448559670777e-05	0.18109294772148132
99000	-2.128688	-1.732756	-1.515340	0.118993	0.181195	0.219733	0.028248249273747205	2.6337448559670777e-05	0.1811942309141159
99120	-2.130144	-1.732293	-1.514748	0.118820	0.181304	0.219864	0.02821042584255338	1.7558299039780518e-05	0.1813027411699295
99240	-2.131622	-1.732007	-1.514228	0.118645	0.181374	0.219978	0.028179936576634645	2.6337448559670777e-05	0.18137319386005402
99360	-2.131567	-1.731696	-1.513658	0.118651	0.181443	0.220103	0.028151437640190125	3.9506172839506166e-05	0.18144173920154572
99480	-2.132434	-1.731746	-1.512765	0.118548	0.181448	0.220300	0.028153766877949238	2.6337448559670777e-05	0.18144768476486206
99600	-2.131846	-1.731604	-1.512255	0.118618	0.181486	0.220412	0.02814477039501071	1.1705532693187011e-05	0.1814851015806198
99720	-2.131832	-1.731366	-1.512598	0.118620	0.181540	0.220337	0.028120249789208174	2.6337448559670777e-05	0.1815398931503296
99840	-2.132038	-1.731141	-1.512327	0.118595	0.181582	0.220397	0.028100717440247537	2.6337448559670777e-05	0.18158157169818878
99960	-2.131100	-1.730643	-1.511543	0.118707	0.181678	0.220569	0.028062694519758225	3.9506172839506166e-05	0.181675523519516
100080	-2.131663	-1.730403	-1.510258	0.118640	0.181735	0.220853	0.0280344245955348	2.6337448559670777e-05	0.18173466622829437
100200	-2.131576	-1.730162	-1.509516	0.118650	0.181782	0.221017	0.028013790026307106	2.6337448559670777e-05	0.18178147077560425
100320	-2.131159	-1.729657	-1.510194	0.118700	0.181877	0.220867	0.02796884039416909	2.6337448559670777e-05	0.1818767637014389
100440	-2.131999	-1.729297	-1.508941	0.118600	0.181951	0.221144	0.027934208419173955	3.9506172839506166e-05	0.18195036053657532
100560	-2.131073	-1.728839	-1.506439	0.118710	0.182050	0.221698	0.027896979264914988	1.7558299039780518e-05	0.1820489764213562
100680	-2.130126	-1.728413	-1.505896	0.118822	0.182135	0.221818	0.027856403775513173	3.9506172839506166e-05	0.18213346600532532
100800	-2.130627	-1.728007	-1.502967	0.118763	0.182222	0.222469	0.027819141186773776	3.9506172839506166e-05	0.18222108483314514
100920	-2.131168	-1.727373	-1.501165	0.118699	0.182351	0.222870	0.02776443660259247	2.6337448559670777e-05	0.18235023319721222
101040	-2.131150	-1.726829	-1.499765	0.118701	0.182451	0.223183	0.027715020719915627	3.9506172839506166e-05	0.1824502944946289
101160	-2.132056	-1.726171	-1.498942	0.118593	0.182582	0.223366	0.027664794586598873	2.6337448559670777e-05	0.18257950246334076
101280	-2.131329	-1.725527	-1.498525	0.118679	0.182704	0.223460	0.027600791584700347	3.9506172839506166e-05	0.18270260095596313
101400	-2.130831	-1.725141	-1.498298	0.118739	0.182787	0.223510	0.027564831729978322	3.9506172839506166e-05	0.18278512358665466
101520	-2.131779	-1.724360	-1.498824	0.118626	0.182935	0.223393	0.027495630271732806	2.6337448559670777e-05	0.1829337328672409
101640	-2.130760	-1.723830	-1.497840	0.118747	0.183036	0.223613	0.027444629371166228	3.9506172839506166e-05	0.1830349862575531
101760	-2.131930	-1.723650	-1.496877	0.118608	0.183077	0.223828	0.02742464728653431	2.6337448559670777e-05	0.18307732045650482
101880	-2.132314	-1.723110	-1.494412	0.118563	0.183202	0.224380	0.027380798757076264	3.9506172839506166e-05	0.18320082128047943
102000	-2.132470	-1.722450	-1.493210	0.118544	0.183313	0.224650	0.027321756910532714	3.9506172839506166e-05	0.1833120882511139
102120	-2.132865	-1.721931	-1.493090	0.118497	0.183412	0.224677	0.027271803934127092	2.6337448559670777e-05	0.18341121077537537
102240	-2.133589	-1.721590	-1.492056	0.118412	0.183477	0.224910	0.027241790015250445	3.9506172839506166e-05	0.18347612023353577
102360	-2.132735	-1.720407	-1.491162	0.118513	0.183693	0.225111	0.027146573644131422	3.9506172839506166e-05	0.1836903840303421
102480	-2.132433	-1.719490	-1.491358	0.118549	0.183874	0.225067	0.02705745939165354	5.925925925925925e-05	0.18387262523174286
102600	-2.131285	-1.718507	-1.490412	0.118685	0.184054	0.225280	0.026968893501907586	3.9506172839506166e-05	0.184052973985672
102720	-2.132173	-1.718225	-1.489758	0.118579	0.184117	0.225427	0.02693845275789499	3.9506172839506166e-05	0.18411661684513092
102840	-2.131592	-1.717470	-1.488209	0.118648	0.184267	0.225777	0.026871894579380752	3.9506172839506166e-05	0.18426653742790222
102960	-2.131462	-1.716799	-1.487448	0.118664	0.184401	0.225949	0.02680965084582567	2.6337448559670777e-05	0.18440042436122894
103080	-2.131821	-1.716549	-1.487707	0.118621	0.184458	0.225890	0.026790200732648373	3.9506172839506166e-05	0.18445740640163422
103200	-2.130968	-1.715575	-1.487672	0.118722	0.184645	0.225898	0.026712292991578578	2.6337448559670777e-05	0.18464218080043793
103320	-2.131980	-1.715295	-1.487150	0.118602	0.184707	0.226016	0.02667556721717119	2.6337448559670777e-05	0.1847061961889267
103440	-2.132778	-1.714950	-1.486076	0.118508	0.184778	0.226259	0.026647503674030303	2.6337448559670777e-05	0.18477727472782135
103560	-2.133013	-1.714732	-1.487167	0.118480	0.184826	0.226012	0.026624502148479223	2.6337448559670777e-05	0.18482506275177002
103680	-2.134545	-1.714420	-1.486484	0.118298	0.184882	0.226166	0.02659843787550926	2.6337448559670777e-05	0.18488064408302307
103800	-2.135360	-1.713673	-1.486999	0.118202	0.185037	0.226050	0.02653336003422737	5.925925925925925e-05	0.18503600358963013
103920	-2.135617	-1.713160	-1.487985	0.118172	0.185137	0.225827	0.026484043430536987	2.6337448559670777e-05	0.18513637781143188
104040	-2.135252	-1.712578	-1.485917	0.118215	0.185262	0.226295	0.02643204852938652	2.6337448559670777e-05	0.18526148796081543
104160	-2.135396	-1.711673	-1.484001	0.118198	0.185431	0.226729	0.026352852024137972	3.9506172839506166e-05	0.18542997539043427
104280	-2.135753	-1.710734	-1.483010	0.118156	0.185618	0.226954	0.026276801992207766	3.9506172839506166e-05	0.1856151819229126
104400	-2.136070	-1.710356	-1.482526	0.118118	0.185686	0.227063	0.02623067582026124	3.9506172839506166e-05	0.1856854259967804
104520	-2.137338	-1.710200	-1.482610	0.117968	0.185726	0.227044	0.02621933240443468	2.6337448559670777e-05	0.18572473526000977
104640	-2.136740	-1.709921	-1.482349	0.118039	0.185781	0.227104	0.026195392943918705	2.6337448559670777e-05	0.18578006327152252
104760	-2.136319	-1.709654	-1.482738	0.118089	0.185830	0.227015	0.026169863436371087	1.7558299039780518e-05	0.1858287900686264
104880	-2.136503	-1.709283	-1.481512	0.118067	0.185906	0.227294	0.02613447029143572	3.9506172839506166e-05	0.18590545654296875
105000	-2.136602	-1.708620	-1.481468	0.118055	0.186035	0.227304	0.02607636181637645	3.9506172839506166e-05	0.18603308498859406
105120	-2.137589	-1.708139	-1.481462	0.117939	0.186123	0.227305	0.02603231240063906	3.9506172839506166e-05	0.18612250685691833
105240	-2.135677	-1.707641	-1.480381	0.118165	0.186216	0.227551	0.025986045505851506	3.9506172839506166e-05	0.18621580302715302
105360	-2.135205	-1.706708	-1.478580	0.118220	0.186391	0.227961	0.025908943451941013	3.9506172839506166e-05	0.18638914823532104
105480	-2.135596	-1.705961	-1.477302	0.118174	0.186544	0.228253	0.02584340451285243	3.9506172839506166e-05	0.18654221296310425
105600	-2.135809	-1.705234	-1.476501	0.118149	0.186684	0.228436	0.025775169767439366	3.9506172839506166e-05	0.18668225407600403
105720	-2.135698	-1.704665	-1.476412	0.118162	0.186808	0.228456	0.02571880305185914	2.6337448559670777e-05	0.18680791556835175
105840	-2.136053	-1.704220	-1.477263	0.118120	0.186887	0.228262	0.025681433733552694	3.9506172839506166e-05	0.186885803937912
105960	-2.134854	-1.703726	-1.476956	0.118262	0.186981	0.228332	0.02563321990892291	2.6337448559670777e-05	0.1869802176952362
106080	-2.132936	-1.703225	-1.474891	0.118489	0.187081	0.228804	0.0255911055020988	1.7558299039780518e-05	0.18708008527755737
106200	-2.130770	-1.702923	-1.476253	0.118746	0.187142	0.228492	0.025555801670998336	3.9506172839506166e-05	0.18714234232902527
106320	-2.131965	-1.702590	-1.476836	0.118604	0.187209	0.228359	0.025527601316571235	3.9506172839506166e-05	0.18720877170562744
106440	-2.132218	-1.702096	-1.476330	0.118574	0.187312	0.228475	0.025487441569566727	3.9506172839506166e-05	0.18731118738651276
106560	-2.133032	-1.701878	-1.474768	0.118478	0.187372	0.228832	0.02546633342280984	2.6337448559670777e-05	0.18737153708934784
106680	-2.131596	-1.701363	-1.474456	0.118648	0.187468	0.228903	0.025428035575896502	2.6337448559670777e-05	0.18746696412563324
106800	-2.130263	-1.700776	-1.474047	0.118806	0.187570	0.228997	0.02537301881238818	5.925925925925925e-05	0.18756885826587677
106920	-2.130712	-1.700244	-1.472268	0.118753	0.187682	0.229405	0.02532557686790824	3.9506172839506166e-05	0.18768000602722168
107040	-2.130590	-1.699924	-1.470793	0.118767	0.187746	0.229743	0.025291169993579388	1.7558299039780518e-05	0.18774555623531342
107160	-2.130779	-1.699007	-1.469559	0.118745	0.187926	0.230027	0.02521640220656991	2.6337448559670777e-05	0.18792425096035004
107280	-2.130459	-1.698579	-1.468868	0.118783	0.188006	0.230186	0.025172317773103713	2.6337448559670777e-05	0.18800537288188934
107400	-2.130049	-1.697777	-1.466556	0.118831	0.188171	0.230719	0.025108929723501205	2.6337448559670777e-05	0.18816810846328735
107520	-2.130745	-1.696696	-1.465040	0.118749	0.188389	0.231069	0.025002374965697526	2.6337448559670777e-05	0.18838852643966675
107640	-2.130752	-1.696565	-1.465539	0.118748	0.188418	0.230954	0.024981774855405092	2.6337448559670777e-05	0.18841850757598877
107760	-2.131712	-1.695974	-1.465171	0.118634	0.188544	0.231038	0.024938204139471055	3.9506172839506166e-05	0.18854275345802307
107880	-2.132478	-1.695610	-1.464869	0.118543	0.188635	0.231108	0.024902709294110537	3.9506172839506166e-05	0.1886344999074936
108000	-2.132659	-1.695224	-1.463133	0.118522	0.188722	0.231510	0.024868027493357658	2.6337448559670777e-05	0.1887219250202179
108120	-2.132958	-1.694728	-1.461303	0.118486	0.188826	0.231934	0.024824557732790707	3.9506172839506166e-05	0.1888255774974823
108240	-2.132988	-1.694225	-1.461126	0.118483	0.188924	0.231975	0.02478302037343383	3.9506172839506166e-05	0.18892307579517365
108360	-2.132208	-1.693563	-1.461136	0.118575	0.189047	0.231973	0.02472289213910699	1.7558299039780518e-05	0.18904635310173035
108480	-2.131088	-1.692864	-1.460626	0.118708	0.189186	0.232091	0.024660545773804186	1.7558299039780518e-05	0.18918514251708984
108600	-2.131615	-1.692381	-1.459343	0.118646	0.189286	0.232389	0.02461485443636775	2.6337448559670777e-05	0.1892852783203125
108720	-2.131484	-1.691604	-1.458505	0.118661	0.189444	0.232584	0.024547522328794	1.7558299039780518e-05	0.1894434243440628
108840	-2.131115	-1.691210	-1.457444	0.118705	0.189526	0.232831	0.024508496932685375	3.9506172839506166e-05	0.18952523171901703
108960	-2.130992	-1.691363	-1.456815	0.118719	0.189504	0.232977	0.02451796755194664	3.9506172839506166e-05	0.18950407207012177
109080	-2.131294	-1.691077	-1.456368	0.118684	0.189562	0.233081	0.024501759000122546	3.9506172839506166e-05	0.18956027925014496
109200	-2.131638	-1.690437	-1.456671	0.118643	0.189703	0.233011	0.02444541295990348	3.9506172839506166e-05	0.18970052897930145
109320	-2.129837	-1.689981	-1.455881	0.118857	0.189801	0.233195	0.024392297305166722	2.6337448559670777e-05	0.1898009032011032
109440	-2.130039	-1.689596	-1.455028	0.118833	0.189875	0.233394	0.02436383944004774	1.7558299039780518e-05	0.18987464904785156
109560	-2.132136	-1.689353	-1.454753	0.118584	0.189940	0.233458	0.024339279718697072	3.9506172839506166e-05	0.18993990123271942
109680	-2.134042	-1.689123	-1.454376	0.118358	0.190005	0.233546	0.024319458287209272	2.6337448559670777e-05	0.19000421464443207
109800	-2.133494	-1.688674	-1.454754	0.118423	0.190097	0.233458	0.02428117422387004	2.6337448559670777e-05	0.19009649753570557
109920	-2.134095	-1.688223	-1.453964	0.118352	0.190194	0.233642	0.024240905418992043	3.9506172839506166e-05	0.19019319117069244
110040	-2.134418	-1.687329	-1.453367	0.118313	0.190374	0.233782	0.02416004380211234	1.7558299039780518e-05	0.19037321209907532
110160	-2.135629	-1.687339	-1.453595	0.118170	0.190378	0.233729	0.024155850801616908	3.9506172839506166e-05	0.1903780847787857
110280	-2.136001	-1.686927	-1.453228	0.118126	0.190463	0.233814	0.024119326379150152	2.6337448559670777e-05	0.1904628723859787
110400	-2.135720	-1.686445	-1.452686	0.118159	0.190557	0.233941	0.024081372562795876	3.9506172839506166e-05	0.19055554270744324
110520	-2.136209	-1.685981	-1.452754	0.118102	0.190652	0.233925	0.024039617832750083	3.9506172839506166e-05	0.19065028429031372
110640	-2.135554	-1.685333	-1.450530	0.118179	0.190774	0.234446	0.023985539190471174	3.9506172839506166e-05	0.19077207148075104
110760	-2.135467	-1.684770	-1.449170	0.118189	0.190893	0.234765	0.023928018659353255	1.7558299039780518e-05	0.1908925324678421
110880	-2.135659	-1.684507	-1.448812	0.118167	0.190947	0.234849	0.02390880398452282	3.9506172839506166e-05	0.1909453272819519
111000	-2.134762	-1.683885	-1.449349	0.118273	0.191078	0.234723	0.023856956884264945	3.9506172839506166e-05	0.19107560813426971
111120	-2.133674	-1.683185	-1.449335	0.118401	0.191204	0.234726	0.023786696139723063	2.6337448559670777e-05	0.19120298326015472
111240	-2.132667	-1.682243	-1.447870	0.118521	0.191387	0.235071	0.023699574545025824	3.9506172839506166e-05	0.19138628244400024
111360	-2.132943	-1.681593	-1.447649	0.118488	0.191526	0.235122	0.023643297143280506	3.9506172839506166e-05	0.19152487814426422
111480	-2.133195	-1.681332	-1.447858	0.118458	0.191579	0.235073	0.02361344816163182	2.6337448559670777e-05	0.19157949090003967
111600	-2.134485	-1.681066	-1.447579	0.118305	0.191635	0.235139	0.023594778217375278	2.6337448559670777e-05	0.1916341334581375
111720	-2.135454	-1.680268	-1.447403	0.118191	0.191793	0.235180	0.02352875117212534	2.6337448559670777e-05	0.19179198145866394
111840	-2.134307	-1.679825	-1.447229	0.118327	0.191884	0.235221	0.023483201768249272	2.6337448559670777e-05	0.19188305735588074
111960	-2.135185	-1.679713	-1.447701	0.118223	0.191897	0.235110	0.023469654843211174	2.6337448559670777e-05	0.19189687073230743
112080	-2.134904	-1.679301	-1.447154	0.118256	0.191982	0.235239	0.023436962626874447	2.6337448559670777e-05	0.19198161363601685
112200	-2.134743	-1.678592	-1.446731	0.118275	0.192124	0.235338	0.023372106719762087	3.9506172839506166e-05	0.19212400913238525
112320	-2.134418	-1.678142	-1.445738	0.118313	0.192212	0.235572	0.02332978490740061	2.6337448559670777e-05	0.19221216440200806
112440	-2.134262	-1.677556	-1.444532	0.118332	0.192325	0.235857	0.023280193004757165	3.9506172839506166e-05	0.19232463836669922
112560	-2.133076	-1.676616	-1.443885	0.118472	0.192495	0.236009	0.02319802828133106	1.7558299039780518e-05	0.19249364733695984
112680	-2.133847	-1.676618	-1.444915	0.118381	0.192497	0.235766	0.023189359158277512	3.9506172839506166e-05	0.19249705970287323
112800	-2.132584	-1.675819	-1.445128	0.118531	0.192644	0.235716	0.023122169822454453	3.9506172839506166e-05	0.19264355301856995
112920	-2.131450	-1.675401	-1.443727	0.118665	0.192732	0.236046	0.02308711688965559	2.6337448559670777e-05	0.19273139536380768
113040	-2.131210	-1.674779	-1.442072	0.118694	0.192865	0.236437	0.023031775653362275	2.6337448559670777e-05	0.19286450743675232
113160	-2.130128	-1.674425	-1.442479	0.118822	0.192929	0.236341	0.02300055753439665	1.7558299039780518e-05	0.19292837381362915
113280	-2.129741	-1.674082	-1.443744	0.118868	0.192989	0.236042	0.022969405632466078	3.9506172839506166e-05	0.192987322807312
113400	-2.129390	-1.673449	-1.444060	0.118910	0.193101	0.235968	0.022910080198198558	3.9506172839506166e-05	0.19309966266155243
113520	-2.130033	-1.673074	-1.443164	0.118833	0.193184	0.236179	0.022880594059824944	2.6337448559670777e-05	0.19318237900733948
113640	-2.129015	-1.672752	-1.442508	0.118954	0.193253	0.236334	0.02284475099295378	2.6337448559670777e-05	0.19325296580791473
113760	-2.129467	-1.672576	-1.442013	0.118901	0.193293	0.236451	0.02283081943169236	3.9506172839506166e-05	0.1932925432920456
113880	-2.129589	-1.672142	-1.441737	0.118886	0.193383	0.236517	0.022790531907230616	2.6337448559670777e-05	0.19338218867778778
114000	-2.128796	-1.671600	-1.440433	0.118980	0.193500	0.236825	0.022745316848158836	3.9506172839506166e-05	0.19349877536296844
114120	-2.128278	-1.671406	-1.440849	0.119042	0.193554	0.236727	0.022727617621421815	1.7558299039780518e-05	0.19355322420597076
114240	-2.127356	-1.671214	-1.440113	0.119152	0.193586	0.236901	0.022712157294154166	1.7558299039780518e-05	0.1935850828886032
114360	-2.126410	-1.670689	-1.438529	0.119265	0.193691	0.237277	0.022665213141590358	3.9506172839506166e-05	0.1936892420053482
114480	-2.126826	-1.670208	-1.438248	0.119215	0.193792	0.237343	0.022621164470911025	2.6337448559670777e-05	0.19379118084907532
114600	-2.127393	-1.669711	-1.437891	0.119148	0.193884	0.237428	0.02256989311426878	3.9506172839506166e-05	0.19388432800769806
114720	-2.128074	-1.669564	-1.437676	0.119066	0.193914	0.237479	0.02256094552576542	2.6337448559670777e-05	0.19391298294067383
114840	-2.129207	-1.669413	-1.436925	0.118932	0.193964	0.237657	0.02254260526970029	1.7558299039780518e-05	0.19396382570266724
114960	-2.129317	-1.669046	-1.437393	0.118918	0.194034	0.237546	0.022510134615004063	3.9506172839506166e-05	0.1940339356660843
115080	-2.128731	-1.668452	-1.437276	0.118988	0.194149	0.237574	0.022468150593340397	2.6337448559670777e-05	0.19414719939231873
115200	-2.128530	-1.667729	-1.436010	0.119012	0.194303	0.237875	0.022397096455097198	1.7558299039780518e-05	0.19430239498615265
115320	-2.127498	-1.667108	-1.434873	0.119135	0.194428	0.238146	0.022338546440005304	1.7558299039780518e-05	0.19442814588546753
115440	-2.128441	-1.667113	-1.434632	0.119023	0.194431	0.238203	0.022338306065648794	1.7558299039780518e-05	0.19443035125732422
115560	-2.128353	-1.666798	-1.433947	0.119033	0.194496	0.238366	0.022308086138218643	1.7558299039780518e-05	0.1944957822561264
115680	-2.127486	-1.666347	-1.433674	0.119136	0.194597	0.238431	0.022269142139703036	2.6337448559670777e-05	0.19459615647792816
115800	-2.127392	-1.665975	-1.432953	0.119148	0.194671	0.238603	0.022235717345029115	3.9506172839506166e-05	0.19467103481292725
115920	-2.127825	-1.665762	-1.431252	0.119096	0.194723	0.239009	0.02221669936552644	3.9506172839506166e-05	0.1947222352027893
116040	-2.127660	-1.665554	-1.429602	0.119116	0.194768	0.239404	0.02219908032566309	1.7558299039780518e-05	0.19476677477359772
116160	-2.127109	-1.665192	-1.429437	0.119181	0.194839	0.239444	0.02216555830091238	2.6337448559670777e-05	0.19483895599842072
116280	-2.126348	-1.664538	-1.428273	0.119272	0.194976	0.239723	0.022106831520795824	2.6337448559670777e-05	0.1949751377105713
116400	-2.126580	-1.664192	-1.427434	0.119244	0.195038	0.239924	0.022080762311816216	2.6337448559670777e-05	0.19503647089004517
116520	-2.124978	-1.663768	-1.426811	0.119436	0.195112	0.240073	0.022036177664995195	1.7558299039780518e-05	0.19511224329471588
116640	-2.125317	-1.663735	-1.426386	0.119395	0.195125	0.240175	0.022034265752881765	3.9506172839506166e-05	0.1951237916946411
116760	-2.124834	-1.663266	-1.425382	0.119453	0.195233	0.240416	0.02199595021083951	1.7558299039780518e-05	0.1952318698167801
116880	-2.125798	-1.663015	-1.424219	0.119338	0.195286	0.240696	0.021971930004656314	1.7558299039780518e-05	0.1952846199274063
117000	-2.125818	-1.662713	-1.422873	0.119335	0.195357	0.241021	0.02194076608866453	1.7558299039780518e-05	0.19535711407661438
117120	-2.126017	-1.662283	-1.422454	0.119312	0.195453	0.241122	0.021906793862581254	2.6337448559670777e-05	0.19545146822929382
117240	-2.124621	-1.661629	-1.421581	0.119478	0.195576	0.241332	0.021846687700599433	2.6337448559670777e-05	0.19557495415210724
117360	-2.124816	-1.661425	-1.420402	0.119455	0.195608	0.241617	0.02182447798550129	3.9506172839506166e-05	0.19560794532299042
117480	-2.125171	-1.661108	-1.419968	0.119413	0.195686	0.241722	0.021798559371381997	1.7558299039780518e-05	0.1956849843263626
117600	-2.123990	-1.660575	-1.420123	0.119554	0.195801	0.241684	0.02175047658383846	1.7558299039780518e-05	0.1958007961511612
117720	-2.123851	-1.660106	-1.420611	0.119570	0.195909	0.241566	0.021705798152834178	2.6337448559670777e-05	0.1959088146686554
117840	-2.123218	-1.659714	-1.420313	0.119646	0.195982	0.241638	0.021676417905837297	3.9506172839506166e-05	0.1959799975156784
117960	-2.123923	-1.659299	-1.418468	0.119562	0.196073	0.242085	0.021636319253593682	1.7558299039780518e-05	0.19607220590114594
118080	-2.122452	-1.658737	-1.419466	0.119738	0.196172	0.241843	0.021585883107036352	1.7558299039780518e-05	0.19617190957069397
118200	-2.121863	-1.658396	-1.418393	0.119808	0.196238	0.242103	0.02155266935005784	1.7558299039780518e-05	0.19623759388923645
118320	-2.120988	-1.658030	-1.418931	0.119913	0.196309	0.241972	0.02152096377685666	2.6337448559670777e-05	0.19630828499794006
118440	-2.121139	-1.657904	-1.418516	0.119895	0.196339	0.242073	0.021508061792701483	1.7558299039780518e-05	0.19633851945400238
118560	-2.121348	-1.657693	-1.418385	0.119870	0.196373	0.242105	0.021488405857235195	3.9506172839506166e-05	0.19637374579906464
118680	-2.120898	-1.657425	-1.418811	0.119924	0.196426	0.242002	0.021468978840857744	2.6337448559670777e-05	0.19642527401447296
118800	-2.119913	-1.657215	-1.417874	0.120042	0.196463	0.242228	0.021444100048393012	1.7558299039780518e-05	0.1964634209871292
118920	-2.121096	-1.656810	-1.416648	0.119900	0.196549	0.242526	0.02141005964949727	1.7558299039780518e-05	0.1965484917163849
119040	-2.121693	-1.656533	-1.415761	0.119829	0.196608	0.242741	0.02138801207765937	1.1705532693187011e-05	0.19660760462284088
119160	-2.121711	-1.656143	-1.414782	0.119826	0.196697	0.242979	0.02135755931958556	2.6337448559670777e-05	0.19669505953788757
119280	-2.120772	-1.655948	-1.414285	0.119939	0.196731	0.243099	0.021334464196115732	1.7558299039780518e-05	0.19673049449920654
119400	-2.120628	-1.655557	-1.413774	0.119956	0.196807	0.243224	0.021301915496587755	3.9506172839506166e-05	0.1968056559562683
119520	-2.120836	-1.655127	-1.412599	0.119931	0.196899	0.243509	0.02126002972945571	1.7558299039780518e-05	0.19689838588237762
119640	-2.120983	-1.654772	-1.412802	0.119914	0.196967	0.243460	0.021234022360295056	3.9506172839506166e-05	0.1969653069972992
119760	-2.120384	-1.654075	-1.411076	0.119986	0.197104	0.243881	0.021170107088983058	1.7558299039780518e-05	0.1971026360988617
119880	-2.120234	-1.653678	-1.409547	0.120003	0.197194	0.244254	0.021132156904786824	1.7558299039780518e-05	0.19719253480434418
120000	-2.120183	-1.653592	-1.408544	0.120010	0.197218	0.244499	0.021120492834597826	2.6337448559670777e-05	0.1972178965806961
120120	-2.120547	-1.653313	-1.408596	0.119966	0.197283	0.244486	0.021093094442039727	3.9506172839506166e-05	0.19728344678878784
120240	-2.121284	-1.652937	-1.407821	0.119878	0.197373	0.244676	0.021066841389983892	1.7558299039780518e-05	0.19737210869789124
120360	-2.120886	-1.652499	-1.407513	0.119925	0.197462	0.244751	0.0210280223749578	3.9506172839506166e-05	0.19745993614196777
120480	-2.120665	-1.652347	-1.407931	0.119952	0.197497	0.244649	0.02100645247846842	3.9506172839506166e-05	0.19749745726585388
120600	-2.120338	-1.651958	-1.407522	0.119991	0.197581	0.244749	0.02097336845472455	1.7558299039780518e-05	0.1975804567337036
120720	-2.120285	-1.651530	-1.406980	0.119997	0.197676	0.244882	0.020938440505415202	3.9506172839506166e-05	0.19767454266548157
120840	-2.120300	-1.651203	-1.405748	0.119996	0.197750	0.245184	0.02090879753232002	2.6337448559670777e-05	0.19774900376796722
120960	-2.120595	-1.650795	-1.403918	0.119960	0.197827	0.245633	0.020869442168623208	1.7558299039780518e-05	0.19782614707946777
121080	-2.121063	-1.650371	-1.403079	0.119904	0.197917	0.245839	0.020836239401251077	2.6337448559670777e-05	0.1979154348373413
121200	-2.121021	-1.649757	-1.402087	0.119909	0.198044	0.246083	0.020780621748417615	3.9506172839506166e-05	0.19804222881793976
121320	-2.120796	-1.649071	-1.401168	0.119936	0.198176	0.246309	0.020714060124009847	1.7558299039780518e-05	0.1981753408908844
121440	-2.123027	-1.648696	-1.400078	0.119669	0.198263	0.246578	0.020686921663582325	3.9506172839506166e-05	0.1982606202363968
121560	-2.122899	-1.648168	-1.399569	0.119684	0.198370	0.246703	0.02063318956643343	3.9506172839506166e-05	0.19836923480033875
121680	-2.121373	-1.647401	-1.398212	0.119867	0.198529	0.247038	0.02056833254173398	3.9506172839506166e-05	0.1985267549753189
121800	-2.120303	-1.646961	-1.397809	0.119995	0.198618	0.247138	0.0205300597473979	3.9506172839506166e-05	0.19861675798892975
121920	-2.119051	-1.646637	-1.398246	0.120146	0.198684	0.247030	0.02049468653276563	2.6337448559670777e-05	0.19868360459804535
122040	-2.118650	-1.646291	-1.397308	0.120194	0.198762	0.247262	0.02046394282951951	2.6337448559670777e-05	0.1987612396478653
122160	-2.118162	-1.646231	-1.396775	0.120252	0.198772	0.247394	0.020455318223685025	1.7558299039780518e-05	0.19877246022224426
122280	-2.117418	-1.645884	-1.396386	0.120342	0.198833	0.247490	0.02042996995151043	3.9506172839506166e-05	0.198832705616951
122400	-2.115958	-1.645550	-1.394872	0.120518	0.198901	0.247865	0.020399671513587236	3.9506172839506166e-05	0.19889995455741882
122520	-2.114151	-1.644996	-1.394392	0.120736	0.199000	0.247984	0.020348784606903793	1.7558299039780518e-05	0.19900016486644745
122640	-2.114474	-1.644920	-1.394687	0.120697	0.199016	0.247911	0.02033606395125389	2.6337448559670777e-05	0.19901646673679352
122760	-2.113349	-1.644831	-1.394102	0.120833	0.199032	0.248056	0.02033576285466552	2.6337448559670777e-05	0.19903141260147095
122880	-2.112948	-1.644415	-1.392517	0.120881	0.199128	0.248449	0.02029324546456337	2.6337448559670777e-05	0.1991279423236847
123000	-2.113296	-1.644121	-1.392398	0.120839	0.199190	0.248479	0.020271793566644193	2.6337448559670777e-05	0.19918818771839142
123120	-2.113138	-1.643737	-1.390908	0.120858	0.199272	0.248849	0.02023955648764968	2.6337448559670777e-05	0.1992701292037964
123240	-2.113012	-1.643274	-1.389421	0.120873	0.199372	0.249220	0.02019410254433751	1.7558299039780518e-05	0.19937126338481903
123360	-2.112409	-1.642701	-1.388772	0.120946	0.199478	0.249381	0.02014182657003403	1.7558299039780518e-05	0.19947832822799683
123480	-2.112425	-1.642591	-1.389541	0.120944	0.199495	0.249190	0.020131143648177384	2.6337448559670777e-05	0.19949452579021454
123600	-2.112331	-1.642385	-1.389786	0.120956	0.199531	0.249129	0.02010685997083783	3.9506172839506166e-05	0.19953182339668274
123720	-2.112906	-1.642065	-1.388883	0.120886	0.199599	0.249354	0.020084477309137583	3.9506172839506166e-05	0.1995987445116043
123840	-2.112512	-1.642004	-1.389324	0.120934	0.199616	0.249244	0.020074459072202445	3.9506172839506166e-05	0.19961605966091156
123960	-2.113092	-1.641609	-1.389555	0.120864	0.199699	0.249186	0.020046085026115178	1.7558299039780518e-05	0.19969739019870758
124080	-2.112845	-1.641289	-1.388565	0.120894	0.199769	0.249433	0.0200176284648478	2.6337448559670777e-05	0.19976793229579926
124200	-2.112765	-1.641125	-1.389285	0.120903	0.199807	0.249254	0.019998298678547143	2.6337448559670777e-05	0.19980670511722565
124320	-2.111870	-1.640840	-1.389109	0.121012	0.199856	0.249297	0.019975361041724683	3.9506172839506166e-05	0.19985440373420715
124440	-2.110312	-1.640035	-1.386946	0.121200	0.200018	0.249837	0.019907866977155207	1.7558299039780518e-05	0.2000173181295395
124560	-2.109511	-1.639843	-1.385883	0.121297	0.200063	0.250103	0.019890188612043856	2.6337448559670777e-05	0.20006121695041656
124680	-2.109334	-1.639151	-1.385403	0.121319	0.200205	0.250223	0.019823730643838643	2.6337448559670777e-05	0.20020392537117004
124800	-2.108711	-1.638515	-1.384562	0.121394	0.200335	0.250434	0.01977471970021725	2.6337448559670777e-05	0.20033235847949982
124920	-2.108359	-1.638390	-1.384026	0.121437	0.200371	0.250568	0.01974994260817766	1.7558299039780518e-05	0.2003709077835083
125040	-2.109125	-1.638210	-1.382866	0.121344	0.200419	0.250859	0.019737375993281604	1.7558299039780518e-05	0.20041848719120026
125160	-2.108381	-1.637886	-1.382613	0.121434	0.200481	0.250922	0.019709927774965764	1.7558299039780518e-05	0.20048074424266815
125280	-2.108326	-1.637636	-1.381582	0.121441	0.200539	0.251181	0.019683614280074833	1.7558299039780518e-05	0.2005382776260376
125400	-2.107613	-1.637281	-1.380600	0.121528	0.200604	0.251428	0.019660383556038143	2.6337448559670777e-05	0.20060214400291443
125520	-2.106585	-1.636917	-1.378971	0.121653	0.200667	0.251837	0.01962188659235835	1.7558299039780518e-05	0.20066609978675842
125640	-2.106357	-1.636788	-1.378992	0.121680	0.200696	0.251832	0.01961156241595745	3.9506172839506166e-05	0.20069406926631927
125760	-2.105803	-1.636510	-1.378531	0.121748	0.200758	0.251948	0.01958131091669202	3.9506172839506166e-05	0.20075751841068268
125880	-2.105029	-1.636100	-1.378495	0.121842	0.200851	0.251958	0.019554045889526604	1.7558299039780518e-05	0.2008497267961502
126000	-2.104621	-1.635873	-1.378460	0.121892	0.200896	0.251966	0.01952660446986556	2.6337448559670777e-05	0.20089541375637054
126120	-2.103243	-1.635366	-1.378022	0.122060	0.201000	0.252077	0.01948848655447364	3.9506172839506166e-05	0.20099760591983795
126240	-2.102273	-1.634865	-1.377707	0.122178	0.201096	0.252156	0.019444073364138604	1.7558299039780518e-05	0.20109491050243378
126360	-2.102363	-1.634441	-1.377770	0.122167	0.201187	0.252140	0.019400536268949508	3.9506172839506166e-05	0.20118531584739685
126480	-2.101756	-1.634176	-1.377432	0.122242	0.201245	0.252226	0.019374291971325876	2.6337448559670777e-05	0.20124466717243195
126600	-2.101898	-1.633624	-1.376396	0.122224	0.201363	0.252487	0.019328668992966414	3.9506172839506166e-05	0.20136158168315887
126720	-2.101194	-1.632931	-1.374882	0.122310	0.201505	0.252869	0.01926178177818656	3.9506172839506166e-05	0.20150402188301086
126840	-2.100554	-1.632583	-1.373792	0.122389	0.201582	0.253145	0.01923234760761261	3.9506172839506166e-05	0.20158089697360992
126960	-2.099577	-1.632205	-1.373305	0.122508	0.201656	0.253269	0.019195964094251394	2.6337448559670777e-05	0.20165587961673737
127080	-2.099046	-1.631772	-1.372060	0.122573	0.201755	0.253584	0.019153174851089715	2.6337448559670777e-05	0.20175547897815704
127200	-2.098147	-1.631280	-1.372091	0.122684	0.201837	0.253576	0.01911803549155593	1.7558299039780518e-05	0.2018364667892456
127320	-2.097612	-1.630734	-1.371642	0.122749	0.201950	0.253690	0.019070593547075985	3.9506172839506166e-05	0.20194752514362335
127440	-2.095917	-1.630106	-1.370793	0.122957	0.202071	0.253906	0.019006004091352224	3.9506172839506166e-05	0.20207059383392334
127560	-2.096121	-1.629992	-1.370796	0.122932	0.202090	0.253905	0.01899669859558344	3.9506172839506166e-05	0.20209023356437683
127680	-2.095598	-1.629577	-1.370234	0.122997	0.202171	0.254047	0.018958471622318028	1.7558299039780518e-05	0.2021712213754654
127800	-2.093990	-1.629316	-1.369663	0.123195	0.202219	0.254193	0.018935584276914597	2.6337448559670777e-05	0.20221853256225586
127920	-2.093670	-1.629043	-1.369202	0.123234	0.202269	0.254310	0.0189119353890419	3.9506172839506166e-05	0.20226837694644928
128040	-2.093146	-1.628551	-1.368791	0.123299	0.202372	0.254414	0.01886594370007515	2.6337448559670777e-05	0.20237122476100922
128160	-2.092553	-1.627990	-1.368093	0.123372	0.202491	0.254592	0.018820016458630563	3.9506172839506166e-05	0.20249024033546448
128280	-2.093128	-1.627599	-1.366745	0.123301	0.202590	0.254935	0.018779658991843463	2.6337448559670777e-05	0.20258960127830505
128400	-2.092105	-1.627418	-1.366265	0.123427	0.202612	0.255058	0.01876806952059269	3.9506172839506166e-05	0.2026110291481018
128520	-2.091449	-1.626990	-1.365942	0.123508	0.202703	0.255140	0.01872366536408663	3.9506172839506166e-05	0.20270301401615143
128640	-2.089884	-1.626792	-1.365232	0.123702	0.202747	0.255321	0.018712980207055807	2.6337448559670777e-05	0.2027449756860733
128760	-2.089654	-1.626377	-1.363792	0.123730	0.202840	0.255689	0.01867253128439188	1.7558299039780518e-05	0.20283982157707214
128880	-2.088939	-1.625665	-1.362815	0.123818	0.202995	0.255939	0.01861422462388873	3.9506172839506166e-05	0.20299382507801056
129000	-2.089972	-1.625226	-1.362296	0.123691	0.203103	0.256072	0.018570637330412865	2.6337448559670777e-05	0.20310211181640625
129120	-2.090837	-1.624997	-1.361537	0.123584	0.203164	0.256267	0.0185439083725214	2.6337448559670777e-05	0.2031637281179428
129240	-2.090207	-1.624261	-1.360645	0.123662	0.203314	0.256495	0.018487834464758636	3.9506172839506166e-05	0.20331232249736786
129360	-2.089546	-1.623730	-1.360567	0.123743	0.203428	0.256515	0.018434317968785762	1.7558299039780518e-05	0.2034274935722351
129480	-2.089198	-1.623680	-1.360646	0.123786	0.203429	0.256495	0.018425883259624243	2.6337448559670777e-05	0.2034294158220291
129600	-2.089661	-1.623319	-1.360235	0.123729	0.203510	0.256600	0.01840197676792741	1.7558299039780518e-05	0.20350933074951172
129720	-2.089862	-1.623016	-1.359541	0.123704	0.203583	0.256779	0.018366653937846422	2.6337448559670777e-05	0.20358304679393768
129840	-2.089278	-1.622631	-1.357636	0.123776	0.203666	0.257268	0.018335445038974284	2.6337448559670777e-05	0.2036651223897934
129960	-2.088630	-1.622249	-1.356591	0.123857	0.203743	0.257537	0.018302956782281398	3.9506172839506166e-05	0.20374132692813873
130080	-2.089302	-1.622069	-1.355760	0.123774	0.203794	0.257751	0.01828288659453392	2.6337448559670777e-05	0.20379377901554108
130200	-2.088629	-1.621758	-1.354978	0.123857	0.203855	0.257953	0.01825591837987304	1.7558299039780518e-05	0.20385487377643585
130320	-2.088403	-1.621688	-1.354769	0.123885	0.203859	0.258007	0.018254292011260987	3.9506172839506166e-05	0.20385782420635223
130440	-2.086032	-1.621164	-1.353466	0.124179	0.203951	0.258343	0.018199895229190587	2.6337448559670777e-05	0.20395098626613617
130560	-2.085224	-1.620953	-1.352303	0.124279	0.203991	0.258644	0.018183349445462228	2.6337448559670777e-05	0.20398996770381927
130680	-2.085414	-1.620741	-1.350929	0.124256	0.204042	0.258999	0.018165229912847282	2.6337448559670777e-05	0.20404145121574402
130800	-2.083832	-1.620358	-1.349286	0.124452	0.204119	0.259425	0.018131547421216965	3.9506172839506166e-05	0.2041180580854416
130920	-2.083819	-1.620172	-1.348002	0.124454	0.204158	0.259759	0.018114497233182193	2.6337448559670777e-05	0.20415697991847992
131040	-2.084115	-1.619691	-1.347073	0.124417	0.204258	0.260000	0.0180702893063426	2.6337448559670777e-05	0.20425768196582794
131160	-2.084343	-1.619406	-1.346948	0.124389	0.204321	0.260033	0.018047355581074953	2.6337448559670777e-05	0.20432020723819733
131280	-2.084788	-1.619058	-1.347066	0.124333	0.204389	0.260002	0.018010829295963048	1.7558299039780518e-05	0.20438925921916962
131400	-2.085577	-1.618748	-1.347077	0.124235	0.204452	0.259999	0.017984231002628803	2.6337448559670777e-05	0.2044522911310196
131520	-2.085363	-1.618331	-1.345956	0.124262	0.204546	0.260291	0.017949835490435363	3.9506172839506166e-05	0.2045448124408722
131640	-2.085668	-1.618076	-1.345761	0.124224	0.204608	0.260342	0.017920781299471854	3.9506172839506166e-05	0.20460812747478485
131760	-2.085652	-1.617682	-1.345353	0.124226	0.204695	0.260448	0.01789004383608699	1.7558299039780518e-05	0.20469489693641663
131880	-2.085004	-1.617217	-1.343982	0.124307	0.204795	0.260805	0.01784671824425459	2.6337448559670777e-05	0.20479506254196167
132000	-2.084997	-1.616849	-1.343165	0.124307	0.204886	0.261018	0.017815655656158925	3.9506172839506166e-05	0.20488502085208893
132120	-2.084026	-1.616338	-1.341588	0.124428	0.204991	0.261430	0.017775929346680642	3.9506172839506166e-05	0.2049882709980011
132240	-2.084599	-1.616081	-1.341267	0.124357	0.205039	0.261514	0.017745853774249552	2.6337448559670777e-05	0.20503835380077362
132360	-2.084243	-1.615690	-1.340984	0.124401	0.205117	0.261588	0.017710993066430092	2.6337448559670777e-05	0.20511645078659058
132480	-2.084035	-1.615372	-1.341578	0.124427	0.205175	0.261433	0.0176862764172256	1.7558299039780518e-05	0.20517359673976898
132600	-2.083254	-1.614818	-1.341611	0.124524	0.205290	0.261424	0.017630294617265462	3.9506172839506166e-05	0.2052900195121765
132720	-2.082224	-1.614605	-1.340423	0.124653	0.205334	0.261735	0.01760841803625226	2.6337448559670777e-05	0.20533472299575806
132840	-2.080707	-1.614247	-1.339890	0.124842	0.205418	0.261875	0.017580162081867457	1.7558299039780518e-05	0.20541761815547943
132960	-2.079652	-1.614018	-1.340213	0.124974	0.205452	0.261790	0.017562456894665956	2.6337448559670777e-05	0.2054508477449417
133080	-2.079920	-1.613669	-1.339842	0.124940	0.205525	0.261887	0.017528226133435965	1.7558299039780518e-05	0.20552454888820648
133200	-2.080158	-1.613453	-1.339262	0.124911	0.205578	0.262039	0.017509300354868175	2.6337448559670777e-05	0.20557749271392822
133320	-2.079101	-1.612862	-1.338198	0.125043	0.205711	0.262318	0.017463923059403898	2.6337448559670777e-05	0.20570912957191467
133440	-2.079415	-1.612377	-1.337005	0.125003	0.205820	0.262631	0.017408822383731603	1.7558299039780518e-05	0.2058197259902954
133560	-2.079014	-1.612078	-1.336499	0.125053	0.205871	0.262764	0.01738354917615652	3.9506172839506166e-05	0.20587140321731567
133680	-2.078436	-1.611709	-1.336581	0.125126	0.205943	0.262742	0.017349611129611732	2.6337448559670777e-05	0.20594272017478943
133800	-2.077756	-1.611234	-1.336269	0.125211	0.206041	0.262824	0.01730992291122675	2.6337448559670777e-05	0.20604094862937927
133920	-2.077351	-1.610949	-1.335578	0.125262	0.206105	0.263006	0.017284779995679855	2.6337448559670777e-05	0.20610380172729492
134040	-2.076408	-1.610339	-1.334723	0.125380	0.206228	0.263231	0.01723459269851446	3.9506172839506166e-05	0.20622596144676208
134160	-2.076213	-1.609975	-1.335338	0.125404	0.206300	0.263069	0.017195066902786493	2.6337448559670777e-05	0.2062997817993164
134280	-2.074939	-1.609545	-1.335573	0.125564	0.206380	0.263008	0.01715777600184083	3.9506172839506166e-05	0.20637981593608856
134400	-2.074649	-1.609062	-1.333096	0.125600	0.206492	0.263660	0.01711435364559293	3.9506172839506166e-05	0.20649194717407227
134520	-2.075432	-1.608843	-1.332588	0.125502	0.206546	0.263794	0.017094956431537866	2.6337448559670777e-05	0.2065448760986328
134640	-2.074862	-1.608369	-1.332158	0.125574	0.206651	0.263907	0.017056398559361696	2.6337448559670777e-05	0.20664994418621063
134760	-2.073578	-1.607967	-1.331600	0.125735	0.206731	0.264054	0.017014049366116522	2.6337448559670777e-05	0.20673048496246338
134880	-2.071934	-1.607364	-1.330100	0.125942	0.206865	0.264451	0.016964351665228604	2.6337448559670777e-05	0.20686443150043488
135000	-2.070161	-1.606606	-1.329246	0.126165	0.207010	0.264677	0.01689222352579236	2.6337448559670777e-05	0.20700950920581818
135120	-2.068752	-1.606355	-1.329407	0.126343	0.207060	0.264634	0.016876121517270803	3.9506172839506166e-05	0.20705710351467133
135240	-2.068489	-1.605849	-1.329294	0.126377	0.207160	0.264664	0.01682639857754111	2.6337448559670777e-05	0.20715920627117157
135360	-2.067748	-1.605320	-1.329878	0.126470	0.207265	0.264509	0.016776701807975768	1.7558299039780518e-05	0.20726493000984192
135480	-2.067580	-1.605078	-1.329866	0.126491	0.207305	0.264513	0.01675671646371484	2.6337448559670777e-05	0.2073034793138504
135600	-2.066873	-1.604515	-1.329400	0.126581	0.207417	0.264636	0.016705540660768747	1.7558299039780518e-05	0.2074168473482132
135720	-2.066695	-1.604036	-1.328157	0.126603	0.207530	0.264965	0.01666680835187435	1.7558299039780518e-05	0.2075282633304596
135840	-2.066131	-1.603338	-1.327452	0.126675	0.207682	0.265152	0.01660293648019433	3.9506172839506166e-05	0.20767971873283386
135960	-2.064526	-1.602758	-1.326296	0.126878	0.207799	0.265459	0.016551071684807538	2.6337448559670777e-05	0.20779773592948914
136080	-2.064338	-1.602313	-1.326152	0.126902	0.207897	0.265497	0.01650885371491313	1.7558299039780518e-05	0.20789626240730286
136200	-2.064192	-1.601845	-1.325390	0.126921	0.208002	0.265699	0.01645971117541194	2.6337448559670777e-05	0.2080024927854538
136320	-2.064258	-1.601517	-1.325135	0.126912	0.208076	0.265767	0.016439662594348193	3.9506172839506166e-05	0.20807377994060516
136440	-2.064610	-1.601149	-1.324401	0.126868	0.208161	0.265962	0.016399273183196783	1.7558299039780518e-05	0.20816084742546082
136560	-2.064202	-1.600469	-1.322724	0.126920	0.208306	0.266409	0.016340818908065557	2.6337448559670777e-05	0.2083057016134262
136680	-2.063325	-1.599934	-1.322783	0.127031	0.208420	0.266393	0.016295395232737063	2.6337448559670777e-05	0.20841874182224274
136800	-2.062776	-1.599553	-1.323234	0.127101	0.208502	0.266273	0.016257323697209357	2.6337448559670777e-05	0.20850177109241486
136920	-2.062818	-1.599071	-1.323525	0.127095	0.208606	0.266195	0.01621618801727891	2.6337448559670777e-05	0.20860442519187927
137040	-2.062518	-1.598695	-1.321866	0.127133	0.208688	0.266637	0.016180397383868693	2.6337448559670777e-05	0.2086872011423111
137160	-2.061781	-1.598038	-1.320030	0.127227	0.208835	0.267127	0.01612296337261796	2.6337448559670777e-05	0.20883429050445557
137280	-2.060423	-1.597449	-1.319431	0.127400	0.208950	0.267287	0.01607199115678668	1.1705532693187011e-05	0.20894847810268402
137400	-2.059761	-1.597251	-1.317833	0.127484	0.208990	0.267715	0.01604922376573086	1.7558299039780518e-05	0.2089896947145462
137520	-2.059093	-1.596663	-1.315967	0.127570	0.209115	0.268215	0.016004416812211274	3.9506172839506166e-05	0.2091130167245865
137640	-2.058667	-1.596293	-1.314804	0.127624	0.209193	0.268527	0.015964660234749316	1.7558299039780518e-05	0.20919208228588104
137760	-2.058030	-1.595822	-1.314988	0.127705	0.209289	0.268477	0.015922800451517106	2.6337448559670777e-05	0.2092885971069336
137880	-2.058194	-1.595617	-1.315449	0.127684	0.209337	0.268354	0.015907008666545153	2.6337448559670777e-05	0.20933550596237183
138000	-2.057495	-1.595002	-1.314554	0.127774	0.209464	0.268594	0.015852149482816456	3.9506172839506166e-05	0.2094630002975464
138120	-2.056531	-1.594607	-1.314534	0.127897	0.209536	0.268599	0.015812638867646455	3.9506172839506166e-05	0.20953530073165894
138240	-2.055538	-1.594185	-1.313261	0.128024	0.209631	0.268942	0.01577946813777089	2.6337448559670777e-05	0.209629088640213
138360	-2.055414	-1.593784	-1.312692	0.128040	0.209712	0.269095	0.01573951365426183	1.7558299039780518e-05	0.2097112238407135
138480	-2.055295	-1.593523	-1.312370	0.128055	0.209775	0.269181	0.01571336919441819	1.7558299039780518e-05	0.20977455377578735
138600	-2.054153	-1.593045	-1.311921	0.128201	0.209873	0.269302	0.015673241298645734	1.7558299039780518e-05	0.20987193286418915
138720	-2.053862	-1.592736	-1.311536	0.128239	0.209958	0.269406	0.01564991008490324	1.7558299039780518e-05	0.20995637774467468
138840	-2.053277	-1.591986	-1.311051	0.128314	0.210119	0.269536	0.015582199208438396	2.6337448559670777e-05	0.21011677384376526
138960	-2.053792	-1.591537	-1.310888	0.128248	0.210230	0.269581	0.015533284097909928	1.1705532693187011e-05	0.21023011207580566
139080	-2.053558	-1.591349	-1.310645	0.128278	0.210269	0.269646	0.015519927674904465	2.6337448559670777e-05	0.21026772260665894
139200	-2.052622	-1.590875	-1.308883	0.128398	0.210372	0.270121	0.015476993937045335	1.7558299039780518e-05	0.21037128567695618
139320	-2.051844	-1.590437	-1.307808	0.128498	0.210461	0.270412	0.015439404593780636	2.6337448559670777e-05	0.21046078205108643
139440	-2.051314	-1.590196	-1.307057	0.128566	0.210491	0.270615	0.015415844367817044	1.7558299039780518e-05	0.21049095690250397
139560	-2.050201	-1.589810	-1.306048	0.128709	0.210569	0.270889	0.015381578681990504	1.7558299039780518e-05	0.21056881546974182
139680	-2.050363	-1.589383	-1.305471	0.128688	0.210651	0.271045	0.015340188005939125	2.6337448559670777e-05	0.21065174043178558
139800	-2.049229	-1.589017	-1.304882	0.128834	0.210727	0.271205	0.015309616923332214	1.7558299039780518e-05	0.21072660386562347
139920	-2.048659	-1.588702	-1.304355	0.128908	0.210796	0.271347	0.015279259998351336	3.9506172839506166e-05	0.2107953280210495
140040	-2.047195	-1.588276	-1.303592	0.129096	0.210878	0.271555	0.015248511545360088	3.9506172839506166e-05	0.21087604761123657
140160	-2.047333	-1.587803	-1.303222	0.129079	0.210989	0.271655	0.015203882148489356	2.6337448559670777e-05	0.21098767220973969
140280	-2.046399	-1.587301	-1.302064	0.129199	0.211086	0.271970	0.01515799043700099	1.7558299039780518e-05	0.21108552813529968
140400	-2.045612	-1.586801	-1.300695	0.129301	0.211193	0.272342	0.015109268855303526	1.7558299039780518e-05	0.21119298040866852
140520	-2.045926	-1.586397	-1.299910	0.129260	0.211280	0.272556	0.01507392809726298	2.6337448559670777e-05	0.21127977967262268
140640	-2.046587	-1.586123	-1.299417	0.129175	0.211344	0.272691	0.015052212169393897	2.6337448559670777e-05	0.2113429605960846
140760	-2.046584	-1.585760	-1.298892	0.129175	0.211425	0.272834	0.015018085204064845	1.7558299039780518e-05	0.21142438054084778
140880	-2.046400	-1.585135	-1.299091	0.129199	0.211577	0.272780	0.014960802206769586	3.9506172839506166e-05	0.21157671511173248
141000	-2.045851	-1.584964	-1.299103	0.129270	0.211621	0.272777	0.014944688975811004	3.9506172839506166e-05	0.21162058413028717
141120	-2.044358	-1.584422	-1.297732	0.129463	0.211738	0.273151	0.014898954937234522	2.6337448559670777e-05	0.21173731982707977
141240	-2.044490	-1.583801	-1.297559	0.129446	0.211881	0.273198	0.014840512629598379	2.6337448559670777e-05	0.2118799239397049
141360	-2.044544	-1.583644	-1.296386	0.129439	0.211925	0.273519	0.014826397458091379	3.9506172839506166e-05	0.21192416548728943
141480	-2.042582	-1.583186	-1.295422	0.129693	0.212024	0.273782	0.014787839958444238	3.9506172839506166e-05	0.21202242374420166
141600	-2.042061	-1.582740	-1.295395	0.129761	0.212124	0.273790	0.014744744403287768	1.7558299039780518e-05	0.21212315559387207
141720	-2.041473	-1.582274	-1.295222	0.129837	0.212222	0.273837	0.01470698118209839	1.7558299039780518e-05	0.21222065389156342
141840	-2.040941	-1.582053	-1.295897	0.129906	0.212266	0.273652	0.014683426357805729	1.7558299039780518e-05	0.2122662365436554
141960	-2.041392	-1.581779	-1.297183	0.129848	0.212333	0.273301	0.014655365608632565	2.6337448559670777e-05	0.21233275532722473
142080	-2.042029	-1.581426	-1.296394	0.129765	0.212417	0.273516	0.014628085680305958	1.7558299039780518e-05	0.2124166488647461
142200	-2.042369	-1.581099	-1.295173	0.129721	0.212492	0.273850	0.014596164273098112	2.6337448559670777e-05	0.2124919593334198
142320	-2.042985	-1.580763	-1.295128	0.129641	0.212570	0.273863	0.014567118324339389	2.6337448559670777e-05	0.21257002651691437
142440	-2.043476	-1.580690	-1.295149	0.129578	0.212592	0.273857	0.014556624414399266	3.9506172839506166e-05	0.21259275078773499
142560	-2.042160	-1.580343	-1.295840	0.129748	0.212659	0.273668	0.01453041830100119	2.6337448559670777e-05	0.2126578539609909
142680	-2.041110	-1.579836	-1.295435	0.129884	0.212771	0.273779	0.014491044636815786	2.6337448559670777e-05	0.2127683311700821
142800	-2.040985	-1.579705	-1.295222	0.129901	0.212792	0.273837	0.014468474499881267	3.9506172839506166e-05	0.21279239654541016
142920	-2.042149	-1.579355	-1.294242	0.129750	0.212872	0.274106	0.014438455505296589	2.6337448559670777e-05	0.2128719985485077
143040	-2.043196	-1.579164	-1.293237	0.129614	0.212933	0.274381	0.014429040579125285	3.9506172839506166e-05	0.21293000876903534
143160	-2.043172	-1.578827	-1.292909	0.129617	0.213007	0.274471	0.014393125008791686	2.6337448559670777e-05	0.21300628781318665
143280	-2.043303	-1.578462	-1.291363	0.129600	0.213100	0.274896	0.014357549976557494	2.6337448559670777e-05	0.21309985220432281
143400	-2.042530	-1.577898	-1.291061	0.129700	0.213227	0.274979	0.014314119750633836	2.6337448559670777e-05	0.21322517096996307
143520	-2.041728	-1.577531	-1.290803	0.129804	0.213306	0.275050	0.014276443142443895	2.6337448559670777e-05	0.21330563724040985
143640	-2.043399	-1.577263	-1.288926	0.129587	0.213391	0.275567	0.014251376735046506	3.9506172839506166e-05	0.21339035034179688
143760	-2.043263	-1.577002	-1.289559	0.129605	0.213447	0.275392	0.014229599293321371	2.6337448559670777e-05	0.21344569325447083
143880	-2.042963	-1.576787	-1.289100	0.129644	0.213496	0.275519	0.014209373760968447	2.6337448559670777e-05	0.2134944051504135
144000	-2.042948	-1.576608	-1.287673	0.129646	0.213538	0.275912	0.014187789661809802	2.6337448559670777e-05	0.21353910863399506
144120	-2.042951	-1.576473	-1.287443	0.129646	0.213565	0.275976	0.014174001524224877	2.6337448559670777e-05	0.21356616914272308
144240	-2.042680	-1.575627	-1.286053	0.129681	0.213751	0.276359	0.01411010418087244	1.7558299039780518e-05	0.21374985575675964
144360	-2.042944	-1.575268	-1.285863	0.129646	0.213835	0.276412	0.014072903431952	2.6337448559670777e-05	0.2138344943523407
144480	-2.042246	-1.574996	-1.285698	0.129737	0.213890	0.276457	0.01404800908640027	2.6337448559670777e-05	0.213889017701149
144600	-2.041720	-1.574643	-1.285803	0.129805	0.213965	0.276429	0.01401391513645649	3.9506172839506166e-05	0.21396520733833313
144720	-2.040099	-1.574198	-1.284174	0.130016	0.214053	0.276879	0.013978765998035669	3.9506172839506166e-05	0.2140514850616455
144840	-2.038009	-1.573977	-1.284367	0.130288	0.214094	0.276826	0.013954083668068051	2.6337448559670777e-05	0.21409450471401215
144960	-2.037863	-1.573770	-1.284020	0.130307	0.214144	0.276922	0.013935486227273941	1.7558299039780518e-05	0.2141440212726593
145080	-2.037885	-1.573276	-1.284157	0.130304	0.214247	0.276884	0.013894899655133486	2.6337448559670777e-05	0.21424560248851776
145200	-2.037853	-1.572896	-1.283682	0.130308	0.214329	0.277015	0.013857274688780308	2.6337448559670777e-05	0.21432840824127197
145320	-2.036618	-1.572606	-1.282958	0.130469	0.214392	0.277216	0.013833504170179367	1.7558299039780518e-05	0.21439099311828613
145440	-2.036254	-1.572037	-1.281703	0.130517	0.214528	0.277564	0.013782367575913668	2.6337448559670777e-05	0.2145274430513382
145560	-2.036105	-1.571733	-1.280626	0.130536	0.214593	0.277863	0.013753651361912488	2.6337448559670777e-05	0.21459245681762695
145680	-2.036271	-1.571585	-1.278622	0.130514	0.214641	0.278421	0.013742253370583057	2.6337448559670777e-05	0.21464039385318756
145800	-2.034775	-1.571212	-1.278844	0.130710	0.214705	0.278359	0.013706163503229618	1.7558299039780518e-05	0.214704692363739
145920	-2.033437	-1.570896	-1.279024	0.130885	0.214772	0.278309	0.013683623308315873	1.7558299039780518e-05	0.2147701382637024
146040	-2.033073	-1.570618	-1.277789	0.130933	0.214843	0.278653	0.013649484096094965	2.6337448559670777e-05	0.21484380960464478
146160	-2.033801	-1.570378	-1.277364	0.130837	0.214906	0.278771	0.013631882332265376	3.9506172839506166e-05	0.21490579843521118
146280	-2.033630	-1.570096	-1.276328	0.130860	0.214973	0.279060	0.01360711813904345	1.7558299039780518e-05	0.21497249603271484
146400	-2.033359	-1.569796	-1.275894	0.130895	0.215052	0.279181	0.0135871066711843	1.7558299039780518e-05	0.21505068242549896
146520	-2.032868	-1.569367	-1.275017	0.130959	0.215155	0.279426	0.013539612898603082	2.6337448559670777e-05	0.2151549607515335
146640	-2.034020	-1.569051	-1.275411	0.130809	0.215240	0.279316	0.013514958927407861	3.9506172839506166e-05	0.21523892879486084
146760	-2.034477	-1.568293	-1.274056	0.130749	0.215419	0.279695	0.013450969755649567	1.7558299039780518e-05	0.21541741490364075
146880	-2.033310	-1.567937	-1.273527	0.130901	0.215493	0.279843	0.01341152829118073	1.7558299039780518e-05	0.21549223363399506
147000	-2.034139	-1.567718	-1.273212	0.130793	0.215547	0.279931	0.013393212296068668	3.9506172839506166e-05	0.21554653346538544
147120	-2.033633	-1.567402	-1.272180	0.130859	0.215620	0.280220	0.013366068480536342	1.7558299039780518e-05	0.21561910212039948
147240	-2.032940	-1.566722	-1.270365	0.130950	0.215776	0.280729	0.013305337820202112	1.7558299039780518e-05	0.21577489376068115
147360	-2.032790	-1.566404	-1.269070	0.130970	0.215853	0.281093	0.013276576250791549	1.7558299039780518e-05	0.2158525288105011
147480	-2.032988	-1.565914	-1.267986	0.130944	0.215963	0.281398	0.013232594821602106	1.7558299039780518e-05	0.21596267819404602
147600	-2.031729	-1.565402	-1.266806	0.131109	0.216072	0.281730	0.01318555218167603	2.6337448559670777e-05	0.21607066690921783
147720	-2.032305	-1.565077	-1.265621	0.131033	0.216149	0.282064	0.01315581207163632	3.9506172839506166e-05	0.21614867448806763
147840	-2.032718	-1.564779	-1.265742	0.130979	0.216219	0.282030	0.013133436115458608	1.7558299039780518e-05	0.21621760725975037
147960	-2.032706	-1.564474	-1.265451	0.130981	0.216299	0.282112	0.013102645752951503	1.7558299039780518e-05	0.21629846096038818
148080	-2.032098	-1.564255	-1.264197	0.131060	0.216350	0.282466	0.013079389603808523	2.6337448559670777e-05	0.21634981036186218
148200	-2.031746	-1.563905	-1.263403	0.131106	0.216436	0.282690	0.01304471716284752	2.6337448559670777e-05	0.21643634140491486
148320	-2.031049	-1.563540	-1.262069	0.131198	0.216525	0.283068	0.013021137146279217	3.9506172839506166e-05	0.21652381122112274
148440	-2.030092	-1.562883	-1.261072	0.131323	0.216672	0.283350	0.01296316790394485	2.6337448559670777e-05	0.21666951477527618
148560	-2.030155	-1.562488	-1.259719	0.131315	0.216764	0.283734	0.012925523146986962	1.7558299039780518e-05	0.2167632132768631
148680	-2.030387	-1.562220	-1.259559	0.131285	0.216822	0.283779	0.012900024466216565	1.7558299039780518e-05	0.21682140231132507
148800	-2.030037	-1.561944	-1.259826	0.131331	0.216893	0.283703	0.012877678638324142	1.7558299039780518e-05	0.2168913036584854
148920	-2.029231	-1.561444	-1.260004	0.131437	0.216992	0.283653	0.012829820066690445	2.6337448559670777e-05	0.21699166297912598
149040	-2.027686	-1.560807	-1.259562	0.131640	0.217117	0.283778	0.012773167202249169	1.7558299039780518e-05	0.21711622178554535
149160	-2.027802	-1.560573	-1.259321	0.131625	0.217158	0.283847	0.012748388480395079	2.6337448559670777e-05	0.2171580046415329
149280	-2.026881	-1.560306	-1.258690	0.131746	0.217225	0.284026	0.01272278893738985	2.6337448559670777e-05	0.21722489595413208
149400	-2.026280	-1.559966	-1.257989	0.131825	0.217311	0.284225	0.012693548947572708	2.6337448559670777e-05	0.2173105925321579
149520	-2.025228	-1.559393	-1.257178	0.131964	0.217431	0.284456	0.012647226732224227	2.6337448559670777e-05	0.21742969751358032
149640	-2.025432	-1.559098	-1.256701	0.131937	0.217498	0.284591	0.012617144593968987	1.7558299039780518e-05	0.2174978107213974
149760	-2.026618	-1.558673	-1.255699	0.131780	0.217608	0.284877	0.012583603756502271	2.6337448559670777e-05	0.21760618686676025
149880	-2.025519	-1.558335	-1.255315	0.131925	0.217681	0.284986	0.01254848875105381	2.6337448559670777e-05	0.21768079698085785
150000	-2.025607	-1.558098	-1.254454	0.131914	0.217740	0.285232	0.012524251872673631	1.7558299039780518e-05	0.21774032711982727
150120	-2.025054	-1.557823	-1.254144	0.131987	0.217801	0.285320	0.01250343257561326	2.6337448559670777e-05	0.2178005874156952
150240	-2.025173	-1.557615	-1.254446	0.131971	0.217843	0.285234	0.012483616080135106	2.6337448559670777e-05	0.21784323453903198
150360	-2.023875	-1.557317	-1.254986	0.132142	0.217909	0.285080	0.012459581717848778	2.6337448559670777e-05	0.21790780127048492
150480	-2.022955	-1.556781	-1.254124	0.132264	0.218037	0.285326	0.012408742029219866	1.7558299039780518e-05	0.21803699433803558
150600	-2.023292	-1.556401	-1.253932	0.132219	0.218128	0.285380	0.012376430351287127	3.9506172839506166e-05	0.2181273251771927
150720	-2.023354	-1.555851	-1.254002	0.132211	0.218259	0.285360	0.012324131932109595	3.9506172839506166e-05	0.2182581126689911
150840	-2.023138	-1.555287	-1.253507	0.132240	0.218394	0.285502	0.012276168959215284	3.9506172839506166e-05	0.21839265525341034
150960	-2.022565	-1.555072	-1.253419	0.132316	0.218448	0.285527	0.012254449957981705	1.7558299039780518e-05	0.21844741702079773
151080	-2.020966	-1.554547	-1.252411	0.132527	0.218560	0.285815	0.012211768887937069	2.6337448559670777e-05	0.2185574322938919
151200	-2.021132	-1.554264	-1.252059	0.132505	0.218629	0.285915	0.012179503869265317	2.6337448559670777e-05	0.21862906217575073
151320	-2.021259	-1.553833	-1.251751	0.132489	0.218733	0.286004	0.012145790550857783	3.9506172839506166e-05	0.21873129904270172
151440	-2.021220	-1.553298	-1.251993	0.132494	0.218859	0.285934	0.01209602109156549	1.1705532693187011e-05	0.218858540058136
151560	-2.020228	-1.552867	-1.250472	0.132625	0.218942	0.286370	0.012054301099851727	2.6337448559670777e-05	0.21894212067127228
151680	-2.019990	-1.552195	-1.249675	0.132657	0.219094	0.286598	0.012002910720184445	2.6337448559670777e-05	0.21909169852733612
151800	-2.019920	-1.551543	-1.248512	0.132666	0.219240	0.286931	0.01194089432246983	1.7558299039780518e-05	0.21923914551734924
151920	-2.019460	-1.551038	-1.247843	0.132727	0.219349	0.287123	0.011890870844945311	2.6337448559670777e-05	0.21934886276721954
152040	-2.018706	-1.550746	-1.247088	0.132827	0.219400	0.287340	0.011863573314622044	1.7558299039780518e-05	0.2193998098373413
152160	-2.018325	-1.550629	-1.247778	0.132878	0.219435	0.287142	0.011850559804588556	3.9506172839506166e-05	0.21943481266498566
152280	-2.018821	-1.550451	-1.247040	0.132812	0.219485	0.287354	0.011836525425314904	3.9506172839506166e-05	0.21948470175266266
152400	-2.018726	-1.550249	-1.245768	0.132825	0.219541	0.287720	0.011821768153458834	2.6337448559670777e-05	0.21953940391540527
152520	-2.019170	-1.549992	-1.244774	0.132766	0.219611	0.288006	0.01179199838079512	2.6337448559670777e-05	0.21961209177970886
152640	-2.019412	-1.549721	-1.245056	0.132733	0.219685	0.287925	0.011772382352501155	2.6337448559670777e-05	0.2196841835975647
152760	-2.019252	-1.549578	-1.245176	0.132755	0.219725	0.287890	0.011763370968401432	3.9506172839506166e-05	0.21972370147705078
152880	-2.018742	-1.548939	-1.244769	0.132822	0.219866	0.288007	0.011704047257080675	2.6337448559670777e-05	0.21986550092697144
153000	-2.018641	-1.548518	-1.244563	0.132836	0.219982	0.288067	0.011669399961829186	2.6337448559670777e-05	0.2199799120426178
153120	-2.018798	-1.547910	-1.243717	0.132815	0.220119	0.288311	0.011609013890847564	1.1705532693187011e-05	0.220118910074234
153240	-2.018225	-1.547389	-1.242925	0.132891	0.220240	0.288539	0.011568676913157105	3.9506172839506166e-05	0.22023750841617584
153360	-2.017026	-1.546930	-1.243106	0.133051	0.220331	0.288487	0.01152300089597702	1.7558299039780518e-05	0.22033005952835083
153480	-2.017047	-1.546350	-1.241992	0.133048	0.220461	0.288808	0.011471277242526412	1.7558299039780518e-05	0.2204601913690567
153600	-2.016702	-1.545877	-1.241011	0.133094	0.220577	0.289092	0.011426846822723746	2.6337448559670777e-05	0.2205769419670105
153720	-2.016504	-1.545440	-1.239309	0.133120	0.220684	0.289584	0.011388004571199418	2.6337448559670777e-05	0.22068282961845398
153840	-2.014914	-1.544702	-1.237598	0.133332	0.220851	0.290080	0.011324491072446107	2.6337448559670777e-05	0.22085002064704895
153960	-2.014240	-1.543860	-1.236553	0.133422	0.221048	0.290383	0.011245097825303673	2.6337448559670777e-05	0.22104790806770325
154080	-2.013289	-1.543534	-1.237026	0.133549	0.221115	0.290246	0.01121865063905716	2.6337448559670777e-05	0.2211136668920517
154200	-2.013561	-1.543133	-1.236179	0.133512	0.221211	0.290492	0.011184014799073338	2.6337448559670777e-05	0.22120945155620575
154320	-2.012052	-1.542543	-1.235855	0.133714	0.221331	0.290586	0.011129618948325514	3.9506172839506166e-05	0.221329927444458
154440	-2.013232	-1.542231	-1.234659	0.133556	0.221421	0.290934	0.01109828930348158	1.7558299039780518e-05	0.22142039239406586
154560	-2.012850	-1.541876	-1.234462	0.133607	0.221499	0.290991	0.01106838877312839	2.6337448559670777e-05	0.2214985191822052
154680	-2.011959	-1.541584	-1.233925	0.133726	0.221563	0.291148	0.01104676523245871	3.9506172839506166e-05	0.22156086564064026
154800	-2.011779	-1.541437	-1.233528	0.133751	0.221616	0.291263	0.011024732561782002	2.6337448559670777e-05	0.22161632776260376
154920	-2.012644	-1.541217	-1.232140	0.133635	0.221684	0.291668	0.011008602054789662	2.6337448559670777e-05	0.22168385982513428
155040	-2.012072	-1.540648	-1.231005	0.133711	0.221819	0.291999	0.010966259893029929	1.7558299039780518e-05	0.22181691229343414
155160	-2.011640	-1.540270	-1.229664	0.133769	0.221905	0.292391	0.01092195911332965	1.1705532693187011e-05	0.22190405428409576
155280	-2.010975	-1.539749	-1.229479	0.133858	0.222012	0.292445	0.010878095217049123	1.7558299039780518e-05	0.22201132774353027
155400	-2.011793	-1.539374	-1.228624	0.133749	0.222106	0.292695	0.010841044317930936	1.7558299039780518e-05	0.22210580110549927
155520	-2.011848	-1.539194	-1.228944	0.133741	0.222148	0.292601	0.010822477797046304	2.6337448559670777e-05	0.222148135304451
155640	-2.011624	-1.538855	-1.227781	0.133771	0.222227	0.292942	0.010795914754271507	2.6337448559670777e-05	0.22222565114498138
155760	-2.010846	-1.538495	-1.227624	0.133875	0.222318	0.292988	0.010764985904097557	2.6337448559670777e-05	0.222316712141037
155880	-2.009768	-1.538041	-1.226307	0.134020	0.222425	0.293374	0.010722403787076474	2.6337448559670777e-05	0.22242385149002075
156000	-2.008906	-1.537333	-1.226036	0.134135	0.222581	0.293453	0.010661684488877655	2.6337448559670777e-05	0.2225789576768875
156120	-2.008688	-1.536587	-1.226147	0.134165	0.222755	0.293421	0.010590416425839067	3.9506172839506166e-05	0.22275453805923462
156240	-2.009274	-1.536387	-1.225845	0.134086	0.222805	0.293510	0.01057681730017066	1.7558299039780518e-05	0.2228039801120758
156360	-2.006906	-1.536035	-1.224445	0.134404	0.222885	0.293921	0.010537716280668973	3.9506172839506166e-05	0.22288569808006287
156480	-2.005198	-1.535561	-1.223565	0.134634	0.222986	0.294180	0.01049423790536821	2.6337448559670777e-05	0.2229861468076706
156600	-2.004994	-1.535230	-1.222921	0.134661	0.223067	0.294369	0.010466076340526343	2.6337448559670777e-05	0.2230674773454666
156720	-2.004637	-1.534731	-1.221964	0.134709	0.223185	0.294651	0.010429473361000419	2.6337448559670777e-05	0.22318296134471893
156840	-2.003938	-1.533979	-1.220051	0.134803	0.223373	0.295215	0.010359255643561483	2.6337448559670777e-05	0.2233714610338211
156960	-2.004352	-1.533497	-1.220854	0.134748	0.223485	0.294978	0.010312038706615567	2.6337448559670777e-05	0.22348403930664062
157080	-2.004773	-1.532987	-1.219188	0.134691	0.223620	0.295470	0.010273128235712647	1.7558299039780518e-05	0.22361865639686584
157200	-2.005213	-1.532624	-1.217857	0.134632	0.223720	0.295863	0.010236284602433443	2.6337448559670777e-05	0.22371864318847656
157320	-2.003444	-1.532101	-1.217855	0.134870	0.223832	0.295864	0.010189920384436845	2.6337448559670777e-05	0.22383065521717072
157440	-2.002678	-1.531625	-1.217011	0.134973	0.223955	0.296114	0.010146315908059478	3.9506172839506166e-05	0.2239532768726349
157560	-2.003264	-1.531146	-1.215046	0.134894	0.224082	0.296696	0.010108259413391352	2.6337448559670777e-05	0.22407880425453186
157680	-2.001991	-1.530319	-1.215031	0.135066	0.224248	0.296701	0.010033813258633017	2.6337448559670777e-05	0.2242456078529358
157800	-2.001285	-1.529711	-1.214525	0.135162	0.224382	0.296851	0.009975886112079025	2.6337448559670777e-05	0.22438035905361176
157920	-2.000857	-1.529400	-1.214477	0.135219	0.224453	0.296865	0.00994617617689073	2.6337448559670777e-05	0.22445210814476013
158040	-2.000851	-1.529081	-1.214300	0.135220	0.224543	0.296918	0.00991172599606216	2.6337448559670777e-05	0.22454382479190826
158160	-1.999580	-1.528556	-1.214030	0.135392	0.224666	0.296998	0.009872279688715934	3.9506172839506166e-05	0.2246643751859665
158280	-1.999435	-1.528265	-1.214242	0.135412	0.224743	0.296935	0.009845002554357052	1.7558299039780518e-05	0.22474190592765808
158400	-1.998766	-1.527906	-1.213901	0.135502	0.224828	0.297036	0.009815402701497078	1.7558299039780518e-05	0.22482667863368988
158520	-1.997484	-1.527425	-1.213735	0.135676	0.224934	0.297086	0.009765170700848102	2.6337448559670777e-05	0.2249332219362259
158640	-1.997145	-1.527334	-1.213609	0.135722	0.224953	0.297123	0.009757176507264376	1.7558299039780518e-05	0.22495269775390625
158760	-1.997172	-1.527170	-1.213693	0.135719	0.224995	0.297098	0.009743745671585202	3.9506172839506166e-05	0.2249944657087326
158880	-1.997089	-1.527037	-1.213719	0.135730	0.225019	0.297090	0.009727001702412964	2.6337448559670777e-05	0.22501970827579498
159000	-1.997117	-1.526728	-1.213614	0.135726	0.225095	0.297122	0.009707531100139022	2.6337448559670777e-05	0.2250930815935135
159120	-1.997107	-1.526159	-1.213382	0.135727	0.225218	0.297191	0.009655039804056288	2.6337448559670777e-05	0.22521650791168213
159240	-1.996454	-1.525421	-1.212725	0.135816	0.225394	0.297386	0.009588863234966993	1.7558299039780518e-05	0.22539302706718445
159360	-1.996956	-1.525245	-1.211956	0.135748	0.225443	0.297615	0.009570765355601907	3.9506172839506166e-05	0.22544214129447937
159480	-1.995793	-1.524634	-1.210679	0.135906	0.225584	0.297995	0.00951476115733385	2.6337448559670777e-05	0.22558371722698212
159600	-1.996073	-1.524524	-1.209587	0.135868	0.225620	0.298320	0.009502149233594537	3.9506172839506166e-05	0.2256205528974533
159720	-1.995452	-1.524391	-1.208610	0.135952	0.225656	0.298612	0.009494472341611982	2.6337448559670777e-05	0.2256547212600708
159840	-1.994374	-1.524080	-1.208123	0.136099	0.225717	0.298757	0.009466609917581081	3.9506172839506166e-05	0.2257157266139984
159960	-1.993523	-1.523877	-1.207323	0.136215	0.225768	0.298996	0.009451143722981215	2.6337448559670777e-05	0.22576680779457092
160080	-1.993243	-1.523470	-1.206524	0.136253	0.225863	0.299235	0.009411932341754437	2.6337448559670777e-05	0.22586144506931305
160200	-1.992411	-1.523199	-1.204852	0.136366	0.225925	0.299736	0.00937969102524221	2.6337448559670777e-05	0.22592556476593018
160320	-1.992359	-1.522916	-1.204269	0.136373	0.226006	0.299911	0.009362241951748729	2.6337448559670777e-05	0.2260051667690277
160440	-1.991271	-1.522314	-1.203503	0.136522	0.226152	0.300141	0.009308156557381153	2.6337448559670777e-05	0.22615134716033936
160560	-1.991746	-1.522066	-1.202984	0.136457	0.226206	0.300297	0.009282151935622096	2.6337448559670777e-05	0.2262057214975357
160680	-1.990423	-1.521826	-1.203082	0.136638	0.226259	0.300267	0.009264787752181291	1.7558299039780518e-05	0.22625766694545746
160800	-1.990169	-1.521253	-1.202600	0.136672	0.226397	0.300412	0.009211563132703304	2.6337448559670777e-05	0.22639627754688263
160920	-1.989814	-1.521132	-1.202733	0.136721	0.226424	0.300372	0.009197789477184415	2.6337448559670777e-05	0.2264239341020584
161040	-1.989653	-1.520755	-1.202510	0.136743	0.226521	0.300439	0.009168822085484862	2.6337448559670777e-05	0.22651907801628113
161160	-1.989240	-1.520359	-1.202886	0.136799	0.226614	0.300326	0.009131229110062122	1.7558299039780518e-05	0.2266133576631546
161280	-1.989771	-1.519819	-1.202455	0.136727	0.226732	0.300456	0.0090874589048326	3.9506172839506166e-05	0.22672919929027557
161400	-1.990374	-1.518993	-1.201628	0.136644	0.226923	0.300704	0.009007551474496722	2.6337448559670777e-05	0.22692258656024933
161520	-1.990409	-1.518653	-1.201172	0.136640	0.227005	0.300841	0.008979228558018804	2.6337448559670777e-05	0.22700434923171997
161640	-1.990862	-1.518148	-1.201315	0.136578	0.227115	0.300798	0.00892922473140061	2.6337448559670777e-05	0.22711478173732758
161760	-1.991323	-1.517937	-1.200503	0.136515	0.227174	0.301043	0.0089099848177284	2.6337448559670777e-05	0.2271740734577179
161880	-1.990920	-1.517653	-1.199996	0.136570	0.227241	0.301195	0.00888577993027866	2.6337448559670777e-05	0.22724038362503052
162000	-1.990662	-1.517296	-1.198966	0.136605	0.227306	0.301506	0.008856567507609724	1.7558299039780518e-05	0.22730542719364166
162120	-1.991556	-1.516993	-1.199033	0.136483	0.227388	0.301486	0.008829909237101674	2.6337448559670777e-05	0.22738683223724365
162240	-1.991058	-1.516470	-1.198794	0.136551	0.227523	0.301558	0.008780337544158101	2.6337448559670777e-05	0.22752220928668976
162360	-1.990116	-1.515948	-1.198338	0.136680	0.227644	0.301695	0.008735338784754276	3.9506172839506166e-05	0.22764252126216888
162480	-1.989481	-1.515715	-1.197681	0.136766	0.227685	0.301893	0.008712687483057379	2.6337448559670777e-05	0.22768469154834747
162600	-1.989118	-1.515076	-1.197397	0.136816	0.227828	0.301979	0.008660496165975928	3.9506172839506166e-05	0.2278258353471756
162720	-1.989599	-1.514926	-1.198005	0.136750	0.227857	0.301796	0.008642868418246508	3.9506172839506166e-05	0.22785532474517822
162840	-1.989060	-1.514361	-1.197178	0.136824	0.227997	0.302045	0.008592028170824051	3.9506172839506166e-05	0.2279958724975586
162960	-1.989578	-1.513839	-1.196006	0.136753	0.228134	0.302399	0.008543591713532805	2.6337448559670777e-05	0.2281339317560196
163080	-1.989291	-1.513474	-1.195596	0.136792	0.228226	0.302524	0.008511801343411207	1.1705532693187011e-05	0.22822538018226624
163200	-1.989117	-1.512954	-1.194633	0.136816	0.228353	0.302815	0.00846445793285966	1.7558299039780518e-05	0.22835227847099304
163320	-1.989154	-1.512735	-1.193953	0.136811	0.228402	0.303021	0.008444911940023303	2.6337448559670777e-05	0.22840090095996857
163440	-1.988823	-1.512139	-1.194164	0.136856	0.228535	0.302957	0.00839490327052772	3.9506172839506166e-05	0.2285337597131729
163560	-1.988245	-1.511448	-1.192999	0.136936	0.228709	0.303310	0.008332078950479627	1.7558299039780518e-05	0.22870777547359467
163680	-1.989270	-1.511179	-1.192958	0.136795	0.228779	0.303323	0.008301765797659755	1.7558299039780518e-05	0.2287791520357132
163800	-1.990000	-1.511099	-1.192152	0.136695	0.228813	0.303567	0.008294772589579225	1.1705532693187011e-05	0.2288123220205307
163920	-1.989921	-1.510594	-1.191440	0.136706	0.228929	0.303783	0.008250631857663393	2.6337448559670777e-05	0.22892867028713226
164040	-1.990153	-1.510358	-1.190937	0.136675	0.228988	0.303936	0.008228341955691576	2.6337448559670777e-05	0.22898806631565094
164160	-1.990589	-1.510146	-1.189669	0.136615	0.229047	0.304322	0.008210325054824353	3.9506172839506166e-05	0.2290467768907547
164280	-1.990093	-1.509670	-1.188970	0.136683	0.229165	0.304535	0.008170755254104734	1.7558299039780518e-05	0.22916361689567566
164400	-1.990476	-1.509179	-1.187340	0.136630	0.229298	0.305032	0.008122042799368501	2.6337448559670777e-05	0.22929814457893372
164520	-1.991333	-1.508818	-1.186949	0.136513	0.229392	0.305151	0.008093728357926011	2.6337448559670777e-05	0.22939038276672363
164640	-1.991250	-1.508557	-1.186679	0.136525	0.229461	0.305233	0.008070183638483285	2.6337448559670777e-05	0.229459747672081
164760	-1.989920	-1.508099	-1.186205	0.136706	0.229566	0.305378	0.00802790983580053	1.7558299039780518e-05	0.2295646220445633
164880	-1.989689	-1.507893	-1.185840	0.136738	0.229616	0.305489	0.008009005105122924	1.7558299039780518e-05	0.22961536049842834
165000	-1.989403	-1.507512	-1.184967	0.136777	0.229725	0.305756	0.007973887119442224	1.7558299039780518e-05	0.22972413897514343
165120	-1.990117	-1.507221	-1.184383	0.136679	0.229802	0.305935	0.007948591420426965	1.7558299039780518e-05	0.22980117797851562
165240	-1.991598	-1.506701	-1.182826	0.136477	0.229937	0.306412	0.007909009885042905	2.6337448559670777e-05	0.22993552684783936
165360	-1.990975	-1.506341	-1.183303	0.136562	0.230014	0.306266	0.007870626123622059	2.6337448559670777e-05	0.23001296818256378
165480	-1.990261	-1.506063	-1.182837	0.136660	0.230076	0.306408	0.007845449540764094	3.9506172839506166e-05	0.23007476329803467
165600	-1.990975	-1.505862	-1.182596	0.136562	0.230130	0.306482	0.007827557856217027	2.6337448559670777e-05	0.23012903332710266
165720	-1.992067	-1.505546	-1.181850	0.136413	0.230220	0.306711	0.007800510269589722	2.6337448559670777e-05	0.23021820187568665
165840	-1.991601	-1.505255	-1.182171	0.136477	0.230293	0.306612	0.007768682925961912	2.6337448559670777e-05	0.23029325902462006
165960	-1.992003	-1.504687	-1.180461	0.136422	0.230422	0.307137	0.007719968049786985	2.6337448559670777e-05	0.230421245098114
166080	-1.992288	-1.504399	-1.179519	0.136383	0.230503	0.307426	0.007692865910939872	1.1705532693187011e-05	0.23050285875797272
166200	-1.992076	-1.504063	-1.179326	0.136412	0.230584	0.307486	0.007668698858469725	2.6337448559670777e-05	0.2305818796157837
166320	-1.992010	-1.503616	-1.178552	0.136421	0.230699	0.307724	0.007625705888494849	2.6337448559670777e-05	0.23069755733013153
166440	-1.991446	-1.503135	-1.178053	0.136498	0.230800	0.307878	0.007581404782831669	2.6337448559670777e-05	0.23079991340637207
166560	-1.991302	-1.503077	-1.177970	0.136518	0.230813	0.307903	0.007573678134940564	2.6337448559670777e-05	0.23081304132938385
166680	-1.991305	-1.502792	-1.177206	0.136517	0.230884	0.308139	0.007550291693769395	1.7558299039780518e-05	0.23088301718235016
166800	-1.991249	-1.502478	-1.177071	0.136525	0.230963	0.308180	0.007518849731422961	2.6337448559670777e-05	0.2309623658657074
166920	-1.990712	-1.502253	-1.177427	0.136598	0.231005	0.308070	0.007499627443030477	2.6337448559670777e-05	0.23100510239601135
167040	-1.991018	-1.502140	-1.177804	0.136556	0.231031	0.307954	0.007489930372685194	2.6337448559670777e-05	0.23103097081184387
167160	-1.991232	-1.501579	-1.177442	0.136527	0.231172	0.308066	0.007442103908397257	2.6337448559670777e-05	0.23117023706436157
167280	-1.990360	-1.500973	-1.176101	0.136646	0.231319	0.308479	0.007388756563887	1.7558299039780518e-05	0.23131772875785828
167400	-1.990708	-1.500619	-1.176263	0.136599	0.231400	0.308429	0.0073561187833547596	3.9506172839506166e-05	0.23139914870262146
167520	-1.990997	-1.500091	-1.176061	0.136559	0.231531	0.308492	0.007303695566952229	2.6337448559670777e-05	0.23153063654899597
167640	-1.991489	-1.499790	-1.175379	0.136492	0.231619	0.308702	0.007280935742892325	2.6337448559670777e-05	0.23161709308624268
167760	-1.990609	-1.499251	-1.174218	0.136612	0.231755	0.309060	0.007238756003789604	2.6337448559670777e-05	0.23175226151943207
167880	-1.990918	-1.498675	-1.173001	0.136570	0.231903	0.309437	0.0071831494336947795	1.7558299039780518e-05	0.2319013774394989
168000	-1.990680	-1.498412	-1.173138	0.136603	0.231955	0.309395	0.007152054319158196	2.6337448559670777e-05	0.23195530474185944
168120	-1.989525	-1.498047	-1.173180	0.136760	0.232028	0.309382	0.007124045607633888	1.7558299039780518e-05	0.23202729225158691
168240	-1.989639	-1.497533	-1.172363	0.136745	0.232155	0.309634	0.0070802004309371116	3.9506172839506166e-05	0.2321540117263794
168360	-1.990686	-1.496879	-1.170726	0.136602	0.232320	0.310142	0.00702223046682775	2.6337448559670777e-05	0.23231752216815948
168480	-1.990397	-1.496511	-1.170206	0.136641	0.232404	0.310303	0.006987000652588904	2.6337448559670777e-05	0.23240268230438232
168600	-1.990777	-1.496019	-1.169218	0.136589	0.232526	0.310610	0.0069402730325236915	3.9506172839506166e-05	0.23252499103546143
168720	-1.990164	-1.495926	-1.169945	0.136673	0.232534	0.310384	0.006931197084486485	2.6337448559670777e-05	0.2325333207845688
168840	-1.989954	-1.495525	-1.168728	0.136702	0.232628	0.310762	0.006894777435809374	3.9506172839506166e-05	0.23262745141983032
168960	-1.990228	-1.494871	-1.168015	0.136664	0.232783	0.310984	0.006838599359616638	2.6337448559670777e-05	0.23278194665908813
169080	-1.990146	-1.494776	-1.167228	0.136675	0.232809	0.311228	0.006827781954780221	3.9506172839506166e-05	0.2328076958656311
169200	-1.990770	-1.494426	-1.165183	0.136590	0.232906	0.311866	0.006793961627408862	3.9506172839506166e-05	0.2329058200120926
169320	-1.990715	-1.494086	-1.164537	0.136598	0.232977	0.312067	0.006770211923867464	3.9506172839506166e-05	0.23297442495822906
169440	-1.990513	-1.493791	-1.163744	0.136625	0.233051	0.312315	0.006741179712116718	2.6337448559670777e-05	0.23304970562458038
169560	-1.991033	-1.493574	-1.163643	0.136554	0.233095	0.312346	0.006722614797763526	2.6337448559670777e-05	0.23309360444545746
169680	-1.990533	-1.493387	-1.163488	0.136623	0.233146	0.312395	0.006703534466214478	3.9506172839506166e-05	0.23314455151557922
169800	-1.990053	-1.492851	-1.162233	0.136688	0.233277	0.312787	0.006658124690875411	1.1705532693187011e-05	0.23327572643756866
169920	-1.990391	-1.492725	-1.161761	0.136642	0.233323	0.312935	0.006642627250403166	3.9506172839506166e-05	0.23332156240940094
170040	-1.989822	-1.492473	-1.161314	0.136720	0.233381	0.313074	0.006618942553177476	1.1705532693187011e-05	0.23338070511817932
170160	-1.990562	-1.492094	-1.160878	0.136619	0.233477	0.313211	0.006588884512893856	1.7558299039780518e-05	0.2334754765033722
170280	-1.990961	-1.491711	-1.160695	0.136564	0.233559	0.313268	0.0065523897996172305	1.7558299039780518e-05	0.23355837166309357
170400	-1.990988	-1.491352	-1.159132	0.136560	0.233647	0.313758	0.006519898213446141	1.7558299039780518e-05	0.23364663124084473
170520	-1.991734	-1.491009	-1.158108	0.136459	0.233753	0.314080	0.00648871527519077	1.7558299039780518e-05	0.2337520569562912
170640	-1.991557	-1.490573	-1.157654	0.136483	0.233861	0.314222	0.006449525244534016	3.9506172839506166e-05	0.23386093974113464
170760	-1.990829	-1.490158	-1.157556	0.136582	0.233958	0.314253	0.006416924064978957	1.7558299039780518e-05	0.23395688831806183
170880	-1.991206	-1.489620	-1.157256	0.136531	0.234095	0.314347	0.0063654400641098615	2.6337448559670777e-05	0.23409420251846313
171000	-1.991775	-1.489462	-1.157232	0.136453	0.234132	0.314355	0.0063474686350673435	2.6337448559670777e-05	0.23413234949111938
171120	-1.992324	-1.489330	-1.157805	0.136378	0.234153	0.314175	0.0063393118791282175	2.6337448559670777e-05	0.2341516762971878
171240	-1.990219	-1.488776	-1.156519	0.136666	0.234271	0.314579	0.006292672641575336	2.6337448559670777e-05	0.2342686951160431
171360	-1.989267	-1.488588	-1.157187	0.136796	0.234308	0.314369	0.006268248846754432	2.6337448559670777e-05	0.23430807888507843
171480	-1.988757	-1.488126	-1.156433	0.136865	0.234425	0.314606	0.006233017728663981	1.7558299039780518e-05	0.2344237118959427
171600	-1.989976	-1.487840	-1.156532	0.136699	0.234515	0.314575	0.006205563107505441	1.1705532693187011e-05	0.2345137894153595
171720	-1.989232	-1.487453	-1.155669	0.136800	0.234619	0.314847	0.006168042053468525	2.6337448559670777e-05	0.23461829125881195
171840	-1.989048	-1.487014	-1.154272	0.136826	0.234729	0.315287	0.006134819961152971	3.9506172839506166e-05	0.23472733795642853
171960	-1.989413	-1.486423	-1.152941	0.136776	0.234862	0.315707	0.006073714862577617	2.6337448559670777e-05	0.23486164212226868
172080	-1.988577	-1.485839	-1.152316	0.136890	0.234994	0.315904	0.006027467199601233	1.7558299039780518e-05	0.2349931299686432
172200	-1.988720	-1.485677	-1.152649	0.136870	0.235031	0.315799	0.006008843355812132	1.7558299039780518e-05	0.23503044247627258
172320	-1.989419	-1.485231	-1.153438	0.136775	0.235146	0.315550	0.005969922500662505	1.7558299039780518e-05	0.2351449728012085
172440	-1.990015	-1.484962	-1.153277	0.136693	0.235198	0.315601	0.0059458606643602255	2.6337448559670777e-05	0.23519712686538696
172560	-1.989111	-1.484766	-1.152319	0.136817	0.235231	0.315903	0.005927456240169704	2.6337448559670777e-05	0.23523008823394775
172680	-1.987749	-1.484419	-1.151628	0.137003	0.235306	0.316122	0.005893591791391373	2.6337448559670777e-05	0.2353062778711319
172800	-1.988881	-1.484170	-1.150342	0.136848	0.235381	0.316529	0.005875516799278557	1.7558299039780518e-05	0.2353801429271698
172920	-1.990432	-1.483945	-1.149993	0.136636	0.235458	0.316639	0.005851166066713631	3.9506172839506166e-05	0.23545749485492706
173040	-1.992281	-1.483814	-1.149217	0.136384	0.235516	0.316885	0.005843403586186469	2.6337448559670777e-05	0.23551447689533234
173160	-1.993261	-1.483570	-1.148051	0.136250	0.235590	0.317254	0.005820513260550797	1.7558299039780518e-05	0.23558947443962097
173280	-1.993505	-1.483199	-1.147213	0.136217	0.235682	0.317520	0.005791601957753301	1.7558299039780518e-05	0.23568029701709747
173400	-1.991554	-1.482729	-1.146639	0.136483	0.235780	0.317703	0.005743670440278947	3.9506172839506166e-05	0.23577943444252014
173520	-1.992120	-1.482241	-1.146082	0.136406	0.235900	0.317880	0.005704157543368638	2.6337448559670777e-05	0.2358974665403366
173640	-1.991684	-1.481557	-1.144309	0.136465	0.236073	0.318444	0.005646310281008482	1.7558299039780518e-05	0.23607094585895538
173760	-1.992051	-1.481081	-1.143270	0.136415	0.236183	0.318775	0.005598092800937593	1.7558299039780518e-05	0.236182302236557
173880	-1.991728	-1.480768	-1.141373	0.136459	0.236270	0.319380	0.0055685776052996514	3.9506172839506166e-05	0.23626890778541565
174000	-1.992182	-1.480199	-1.139312	0.136398	0.236418	0.320039	0.005516219651326537	1.7558299039780518e-05	0.23641741275787354
174120	-1.992108	-1.479717	-1.138854	0.136408	0.236534	0.320186	0.005474217422306538	2.6337448559670777e-05	0.2365330457687378
174240	-1.993249	-1.479584	-1.138774	0.136252	0.236559	0.320211	0.005459748138673603	2.6337448559670777e-05	0.2365579903125763
174360	-1.993493	-1.479247	-1.138968	0.136219	0.236632	0.320149	0.005428842827677726	1.7558299039780518e-05	0.23663188517093658
174480	-1.993784	-1.478892	-1.136940	0.136179	0.236739	0.320799	0.005399518250487745	3.9506172839506166e-05	0.23673798143863678
174600	-1.994228	-1.478660	-1.136063	0.136119	0.236796	0.321081	0.005379048082977534	3.9506172839506166e-05	0.2367953509092331
174720	-1.994545	-1.478288	-1.136161	0.136075	0.236892	0.321049	0.005340641760267317	1.7558299039780518e-05	0.23689217865467072
174840	-1.995762	-1.478163	-1.135580	0.135910	0.236943	0.321236	0.0053356649121269585	2.6337448559670777e-05	0.23694159090518951
174960	-1.994692	-1.477507	-1.135362	0.136056	0.237105	0.321306	0.0052743739215657115	2.6337448559670777e-05	0.2371041178703308
175080	-1.995151	-1.477099	-1.135871	0.135993	0.237219	0.321142	0.0052368393400684	2.6337448559670777e-05	0.23721857368946075
175200	-1.995625	-1.476995	-1.136196	0.135929	0.237258	0.321038	0.005224661948159337	3.9506172839506166e-05	0.23725803196430206
175320	-1.996089	-1.476599	-1.135490	0.135866	0.237374	0.321265	0.005194462882354855	2.6337448559670777e-05	0.23737268149852753
175440	-1.995386	-1.476421	-1.134863	0.135961	0.237426	0.321466	0.0051767171127721666	2.6337448559670777e-05	0.23742471635341644
175560	-1.995628	-1.476128	-1.133803	0.135928	0.237514	0.321807	0.005150210950523615	2.6337448559670777e-05	0.237513467669487
175680	-1.995286	-1.475470	-1.133179	0.135975	0.237664	0.322008	0.005095234629698098	1.7558299039780518e-05	0.2376621961593628
175800	-1.995074	-1.475375	-1.132935	0.136004	0.237691	0.322086	0.005082605895586312	1.1705532693187011e-05	0.23769041895866394
175920	-1.994690	-1.474786	-1.131376	0.136056	0.237839	0.322589	0.005034702410921454	2.6337448559670777e-05	0.23783785104751587
176040	-1.995356	-1.474648	-1.131324	0.135965	0.237875	0.322606	0.005014054104685783	2.6337448559670777e-05	0.237875297665596
176160	-1.994999	-1.474112	-1.130341	0.136014	0.237999	0.322923	0.004969251481816173	3.9506172839506166e-05	0.23799848556518555
176280	-1.994536	-1.474159	-1.128644	0.136077	0.237995	0.323472	0.0049678045092150565	1.7558299039780518e-05	0.2379947304725647
176400	-1.995161	-1.473821	-1.127957	0.135992	0.238077	0.323694	0.00494306671898812	2.6337448559670777e-05	0.2380758821964264
176520	-1.996465	-1.473453	-1.126316	0.135815	0.238182	0.324225	0.004912908701226115	3.9506172839506166e-05	0.238179549574852
176640	-1.996851	-1.473180	-1.125011	0.135762	0.238244	0.324649	0.004887404665350914	2.6337448559670777e-05	0.23824353516101837
176760	-1.997581	-1.472970	-1.123513	0.135663	0.238301	0.325136	0.00486539036501199	2.6337448559670777e-05	0.23830078542232513
176880	-1.997456	-1.472485	-1.122578	0.135680	0.238421	0.325440	0.0048234546557068825	2.6337448559670777e-05	0.23841942846775055
177000	-1.996905	-1.472092	-1.122179	0.135755	0.238512	0.325570	0.004786149878054857	2.6337448559670777e-05	0.23851147294044495
177120	-1.997605	-1.471555	-1.121959	0.135660	0.238651	0.325641	0.004741512099280953	1.7558299039780518e-05	0.23864927887916565
177240	-1.997712	-1.471274	-1.121585	0.135645	0.238725	0.325763	0.004714360763318837	1.7558299039780518e-05	0.23872439563274384
177360	-1.997745	-1.470812	-1.120575	0.135641	0.238864	0.326092	0.004672063421458006	1.7558299039780518e-05	0.23886319994926453
177480	-1.998563	-1.470479	-1.120581	0.135530	0.238940	0.326090	0.004642982454970479	3.9506172839506166e-05	0.2389392852783203
177600	-1.998845	-1.470011	-1.119109	0.135492	0.239055	0.326571	0.004605495627038181	2.6337448559670777e-05	0.23905280232429504
177720	-1.998995	-1.469528	-1.118174	0.135471	0.239183	0.326876	0.0045514717698097226	1.7558299039780518e-05	0.23918302357196808
177840	-1.998843	-1.468983	-1.117447	0.135492	0.239312	0.327114	0.004509152774699032	2.6337448559670777e-05	0.2393103688955307
177960	-1.998700	-1.468130	-1.117274	0.135511	0.239521	0.327170	0.00443261165637523	2.6337448559670777e-05	0.23951970040798187
178080	-1.998391	-1.467658	-1.116053	0.135553	0.239632	0.327570	0.004389762179926038	1.7558299039780518e-05	0.23963071405887604
178200	-1.997977	-1.467323	-1.114731	0.135609	0.239724	0.328004	0.004355823760852218	1.7558299039780518e-05	0.23972317576408386
178320	-1.999117	-1.467026	-1.114729	0.135455	0.239811	0.328004	0.0043322254670783876	1.7558299039780518e-05	0.2398097962141037
178440	-1.999888	-1.466364	-1.113703	0.135350	0.239978	0.328341	0.004273452935740352	2.6337448559670777e-05	0.23997624218463898
178560	-2.000545	-1.465921	-1.112539	0.135262	0.240098	0.328723	0.004239412234164774	3.9506172839506166e-05	0.24009545147418976
178680	-2.000734	-1.465532	-1.111483	0.135236	0.240213	0.329070	0.00419440062250942	2.6337448559670777e-05	0.2402128279209137
178800	-2.000094	-1.465028	-1.112147	0.135323	0.240327	0.328852	0.004157129162922502	3.9506172839506166e-05	0.24032461643218994
178920	-1.999656	-1.464487	-1.111902	0.135382	0.240460	0.328933	0.004104986484162509	1.7558299039780518e-05	0.2404581755399704
179040	-1.999838	-1.464110	-1.111357	0.135357	0.240550	0.329112	0.004066107165999711	2.6337448559670777e-05	0.2405502051115036
179160	-1.999978	-1.463791	-1.110204	0.135338	0.240642	0.329492	0.004043466062285006	3.9506172839506166e-05	0.24063928425312042
179280	-2.000820	-1.463300	-1.110419	0.135224	0.240771	0.329421	0.0039994120597839355	3.9506172839506166e-05	0.2407688945531845
179400	-2.001027	-1.462898	-1.110414	0.135196	0.240877	0.329423	0.003958282642997801	2.6337448559670777e-05	0.24087588489055634
179520	-2.001333	-1.462558	-1.109822	0.135155	0.240985	0.329618	0.003927455539815128	1.7558299039780518e-05	0.24098458886146545
179640	-2.001702	-1.462551	-1.109847	0.135105	0.240995	0.329609	0.003927245899103582	3.9506172839506166e-05	0.24099424481391907
179760	-2.001854	-1.462399	-1.109185	0.135085	0.241032	0.329828	0.003916583373211324	2.6337448559670777e-05	0.24103140830993652
179880	-2.002287	-1.461912	-1.109007	0.135026	0.241158	0.329886	0.003873924515210092	2.6337448559670777e-05	0.2411559820175171
180000	-2.003248	-1.461494	-1.108383	0.134896	0.241287	0.330092	0.0038365873391740025	3.9506172839506166e-05	0.2412845492362976
180120	-2.003352	-1.461049	-1.107822	0.134882	0.241407	0.330278	0.0037964401417411864	2.6337448559670777e-05	0.24140526354312897
180240	-2.003700	-1.460415	-1.107230	0.134835	0.241574	0.330473	0.0037370676640421153	2.6337448559670777e-05	0.24157238006591797
180360	-2.005079	-1.460251	-1.107492	0.134650	0.241619	0.330387	0.0037214214680716395	3.9506172839506166e-05	0.24161756038665771
180480	-2.004477	-1.459924	-1.106352	0.134731	0.241710	0.330764	0.003691343136597425	2.6337448559670777e-05	0.24170948565006256
180600	-2.004481	-1.459447	-1.105917	0.134730	0.241817	0.330907	0.003653827914968133	3.9506172839506166e-05	0.2418154776096344
180720	-2.003697	-1.459175	-1.105511	0.134836	0.241890	0.331042	0.0036242948728613554	2.6337448559670777e-05	0.24188876152038574
180840	-2.003931	-1.458972	-1.104043	0.134804	0.241953	0.331528	0.0036009562434628608	3.9506172839506166e-05	0.24195298552513123
180960	-2.002773	-1.458534	-1.103302	0.134961	0.242075	0.331774	0.0035670023527927695	2.6337448559670777e-05	0.24207432568073273
181080	-2.003466	-1.457920	-1.102934	0.134867	0.242219	0.331896	0.003512406162917614	2.6337448559670777e-05	0.24221830070018768
181200	-2.003667	-1.457382	-1.102499	0.134840	0.242361	0.332040	0.003461290837731212	1.7558299039780518e-05	0.24236087501049042
181320	-2.005257	-1.456886	-1.102550	0.134626	0.242493	0.332023	0.003420480189379305	1.7558299039780518e-05	0.24249222874641418
181440	-2.005932	-1.456228	-1.102502	0.134535	0.242652	0.332039	0.003362294833641499	1.7558299039780518e-05	0.2426508069038391
181560	-2.006785	-1.455892	-1.101013	0.134420	0.242752	0.332534	0.0033294713008217513	3.9506172839506166e-05	0.24275155365467072
181680	-2.005904	-1.455522	-1.101692	0.134539	0.242828	0.332308	0.0032954307389445603	2.6337448559670777e-05	0.24282719194889069
181800	-2.005990	-1.455173	-1.101201	0.134527	0.242918	0.332472	0.0032668557483702897	2.6337448559670777e-05	0.24291646480560303
181920	-2.005244	-1.454572	-1.100316	0.134627	0.243064	0.332766	0.003210333234164864	1.7558299039780518e-05	0.24306300282478333
182040	-2.005893	-1.453916	-1.100015	0.134540	0.243229	0.332866	0.0031575968372635544	3.9506172839506166e-05	0.24322648346424103
182160	-2.006242	-1.453411	-1.100048	0.134493	0.243352	0.332855	0.0031067234696820377	2.6337448559670777e-05	0.24335065484046936
182280	-2.006270	-1.452675	-1.098629	0.134489	0.243548	0.333328	0.0030438821529969575	3.9506172839506166e-05	0.24354548752307892
182400	-2.006393	-1.452347	-1.097700	0.134473	0.243637	0.333637	0.003011775470804423	2.6337448559670777e-05	0.24363592267036438
182520	-2.006847	-1.451846	-1.096810	0.134412	0.243767	0.333935	0.0029674283927306534	2.6337448559670777e-05	0.24376574158668518
182640	-2.007077	-1.451479	-1.096396	0.134381	0.243884	0.334073	0.002930484095122665	3.9506172839506166e-05	0.24388284981250763
182760	-2.008542	-1.451142	-1.095643	0.134184	0.243971	0.334325	0.002900600142311305	2.6337448559670777e-05	0.2439703643321991
182880	-2.007736	-1.450946	-1.095484	0.134292	0.244009	0.334378	0.0028815381811000407	3.9506172839506166e-05	0.24400901794433594
183000	-2.007454	-1.450828	-1.093782	0.134330	0.244050	0.334947	0.0028716221335344017	3.9506172839506166e-05	0.2440488338470459
183120	-2.008663	-1.450373	-1.092726	0.134168	0.244171	0.335301	0.0028285102569498123	2.6337448559670777e-05	0.24417077004909515
183240	-2.008434	-1.449828	-1.092217	0.134199	0.244302	0.335472	0.0027855010237544777	1.7558299039780518e-05	0.24430076777935028
183360	-2.009003	-1.449275	-1.089934	0.134122	0.244455	0.336239	0.0027292709331959487	1.7558299039780518e-05	0.2444555014371872
183480	-2.009812	-1.449010	-1.089143	0.134014	0.244522	0.336505	0.00271014217287302	2.6337448559670777e-05	0.24452151358127594
183600	-2.008722	-1.448632	-1.088593	0.134160	0.244621	0.336690	0.002671919483691454	2.6337448559670777e-05	0.24462123215198517
183720	-2.007951	-1.448151	-1.087209	0.134263	0.244726	0.337156	0.0026340118260122837	2.6337448559670777e-05	0.24472445249557495
183840	-2.007060	-1.447722	-1.086468	0.134383	0.244831	0.337406	0.0025958108715713026	3.9506172839506166e-05	0.24482831358909607
183960	-2.005964	-1.446872	-1.085799	0.134530	0.245052	0.337632	0.002517762570641935	3.9506172839506166e-05	0.24505074322223663
184080	-2.004700	-1.446302	-1.085635	0.134701	0.245189	0.337687	0.002470897638704628	2.6337448559670777e-05	0.245186910033226
184200	-2.005261	-1.445948	-1.085313	0.134625	0.245267	0.337796	0.0024332717177458106	1.7558299039780518e-05	0.2452661246061325
184320	-2.004938	-1.445714	-1.084276	0.134669	0.245329	0.338147	0.0024138573557138444	2.6337448559670777e-05	0.2453283816576004
184440	-2.004864	-1.445178	-1.082958	0.134679	0.245468	0.338593	0.002365219604689628	1.7558299039780518e-05	0.24546781182289124
184560	-2.004317	-1.444674	-1.082610	0.134752	0.245577	0.338710	0.002323369518853724	1.7558299039780518e-05	0.24557560682296753
184680	-2.003977	-1.444125	-1.081786	0.134798	0.245729	0.338990	0.002276083279866725	2.6337448559670777e-05	0.2457275390625
184800	-2.002744	-1.443307	-1.080184	0.134964	0.245939	0.339533	0.0022008685977198184	1.7558299039780518e-05	0.2459379881620407
184920	-2.001655	-1.442787	-1.081022	0.135112	0.246068	0.339249	0.002152090962044895	2.6337448559670777e-05	0.2460668832063675
185040	-2.001704	-1.442519	-1.080210	0.135105	0.246129	0.339524	0.0021243991097435353	3.9506172839506166e-05	0.2461286187171936
185160	-2.001611	-1.441836	-1.079897	0.135118	0.246302	0.339631	0.0020681133260950445	3.9506172839506166e-05	0.24630022048950195
185280	-2.002291	-1.441518	-1.078129	0.135026	0.246392	0.340232	0.002037591044791043	2.6337448559670777e-05	0.24638988077640533
185400	-2.002725	-1.441331	-1.077277	0.134967	0.246434	0.340522	0.0020155653939582406	2.6337448559670777e-05	0.24643364548683167
185520	-2.003982	-1.441189	-1.077454	0.134797	0.246486	0.340461	0.0020063576754182576	1.7558299039780518e-05	0.246485635638237
185640	-2.004135	-1.440918	-1.076798	0.134777	0.246560	0.340685	0.0019824946648441255	3.9506172839506166e-05	0.24655869603157043
185760	-2.004217	-1.440328	-1.076535	0.134766	0.246714	0.340774	0.001935048238374293	1.7558299039780518e-05	0.2467116117477417
185880	-2.004176	-1.439785	-1.074924	0.134771	0.246866	0.341324	0.0018812406226061285	3.9506172839506166e-05	0.24686408042907715
186000	-2.002918	-1.439379	-1.074147	0.134941	0.246960	0.341589	0.00184040023596026	3.9506172839506166e-05	0.24696004390716553
186120	-2.002181	-1.438754	-1.072562	0.135040	0.247129	0.342131	0.0017891949566546828	1.7558299039780518e-05	0.24712742865085602
186240	-2.001905	-1.438311	-1.070919	0.135078	0.247241	0.342693	0.001745971164200455	2.6337448559670777e-05	0.24724094569683075
186360	-2.000720	-1.437971	-1.070424	0.135238	0.247294	0.342863	0.0017162649659439922	3.9506172839506166e-05	0.24729296565055847
186480	-2.001033	-1.437657	-1.069948	0.135196	0.247389	0.343026	0.0016866032092366368	2.6337448559670777e-05	0.24738818407058716
186600	-2.001421	-1.437244	-1.070036	0.135143	0.247498	0.342996	0.0016514925519004464	2.6337448559670777e-05	0.24749703705310822
186720	-2.000492	-1.436763	-1.069453	0.135269	0.247625	0.343196	0.001610152202192694	1.7558299039780518e-05	0.24762429296970367
186840	-2.001665	-1.436356	-1.068693	0.135110	0.247729	0.343457	0.001570971735054627	2.6337448559670777e-05	0.2477286010980606
186960	-2.001521	-1.435937	-1.068318	0.135130	0.247838	0.343586	0.0015320259612053634	1.7558299039780518e-05	0.24783731997013092
187080	-2.000723	-1.435386	-1.067450	0.135237	0.247974	0.343884	0.0014875371765810997	3.9506172839506166e-05	0.24797211587429047
187200	-2.000685	-1.434717	-1.065814	0.135243	0.248152	0.344447	0.001424109231447801	1.7558299039780518e-05	0.24815146625041962
187320	-2.001593	-1.434251	-1.065420	0.135120	0.248281	0.344583	0.0013831148797180503	2.6337448559670777e-05	0.24827992916107178
187440	-2.002381	-1.434012	-1.063483	0.135013	0.248360	0.345251	0.0013636235264129937	3.9506172839506166e-05	0.24835757911205292
187560	-2.002819	-1.433472	-1.062521	0.134954	0.248509	0.345584	0.0013109505176544189	2.6337448559670777e-05	0.2485085278749466
187680	-2.002746	-1.432923	-1.062008	0.134964	0.248645	0.345761	0.0012622322421520949	3.9506172839506166e-05	0.24864447116851807
187800	-2.001948	-1.432224	-1.061745	0.135072	0.248824	0.345852	0.0011998117493931203	2.6337448559670777e-05	0.24882270395755768
187920	-2.002669	-1.431675	-1.061518	0.134975	0.248965	0.345930	0.0011497427884023636	3.9506172839506166e-05	0.2489643096923828
188040	-2.001974	-1.431072	-1.061261	0.135068	0.249114	0.346019	0.0010956809506751596	2.6337448559670777e-05	0.24911318719387054
188160	-2.001636	-1.430419	-1.060627	0.135114	0.249271	0.346238	0.0010426316934172065	3.9506172839506166e-05	0.24926920235157013
188280	-2.001585	-1.430037	-1.058988	0.135121	0.249386	0.346807	0.0010013066872488706	1.7558299039780518e-05	0.24938523769378662
188400	-2.002509	-1.429775	-1.058170	0.134996	0.249456	0.347090	0.000975454130093567	2.6337448559670777e-05	0.24945570528507233
188520	-2.003404	-1.429503	-1.058038	0.134875	0.249532	0.347136	0.0009548754780553282	1.7558299039780518e-05	0.24953094124794006
188640	-2.003245	-1.429002	-1.057179	0.134897	0.249675	0.347434	0.0009086779988138005	3.9506172839506166e-05	0.24967433512210846
188760	-2.003394	-1.428658	-1.056601	0.134877	0.249772	0.347635	0.0008771046559559181	3.9506172839506166e-05	0.2497720867395401
188880	-2.002846	-1.428294	-1.055446	0.134951	0.249855	0.348037	0.0008411398070165887	2.6337448559670777e-05	0.2498558610677719
189000	-2.003369	-1.428155	-1.055165	0.134880	0.249898	0.348135	0.0008354057528777048	3.9506172839506166e-05	0.2498953938484192
189120	-2.003206	-1.427626	-1.053598	0.134902	0.250041	0.348681	0.0007857105258153752	1.1705532693187011e-05	0.2500401735305786
189240	-2.003302	-1.427079	-1.051821	0.134889	0.250188	0.349301	0.0007393801672151313	2.6337448559670777e-05	0.25018569827079773
189360	-2.001867	-1.426399	-1.051164	0.135083	0.250353	0.349531	0.0006769323197659105	2.6337448559670777e-05	0.2503518760204315
189480	-2.002021	-1.426174	-1.051059	0.135062	0.250404	0.349567	0.0006525195989524945	2.6337448559670777e-05	0.2504035532474518
189600	-2.002787	-1.425858	-1.050402	0.134959	0.250480	0.349797	0.0006244603515369818	2.6337448559670777e-05	0.25047993659973145
189720	-2.002758	-1.425339	-1.049246	0.134963	0.250602	0.350202	0.0005774413206381723	2.6337448559670777e-05	0.2506014108657837
189840	-2.003132	-1.424965	-1.048839	0.134912	0.250717	0.350344	0.000546936024329625	2.6337448559670777e-05	0.25071457028388977
189960	-2.002682	-1.424567	-1.048014	0.134973	0.250817	0.350633	0.0005113414692459628	2.6337448559670777e-05	0.2508161962032318
190080	-2.002663	-1.424035	-1.047412	0.134975	0.250960	0.350845	0.0004619952611392364	2.6337448559670777e-05	0.2509588897228241
190200	-2.002316	-1.423503	-1.046790	0.135022	0.251092	0.351063	0.00041339458839502187	1.7558299039780518e-05	0.2510918080806732
190320	-2.003793	-1.423098	-1.045502	0.134823	0.251205	0.351515	0.0003764087465242483	2.6337448559670777e-05	0.25120505690574646
190440	-2.004318	-1.423049	-1.045314	0.134752	0.251217	0.351581	0.00037035872665001077	2.6337448559670777e-05	0.25121718645095825
190560	-2.005474	-1.422697	-1.043783	0.134596	0.251332	0.352120	0.00034207963035441934	1.7558299039780518e-05	0.2513313293457031
190680	-2.005782	-1.422202	-1.042656	0.134555	0.251480	0.352517	0.0002996832641656511	3.9506172839506166e-05	0.2514786422252655
190800	-2.004521	-1.421774	-1.041836	0.134725	0.251589	0.352806	0.00025554361200192944	1.7558299039780518e-05	0.2515890300273895
190920	-2.004277	-1.421530	-1.042202	0.134758	0.251640	0.352677	0.00023445811311830766	1.7558299039780518e-05	0.2516399621963501
191040	-2.004868	-1.421147	-1.041565	0.134678	0.251740	0.352902	0.000201833869505208	2.6337448559670777e-05	0.251738965511322
191160	-2.005199	-1.420901	-1.039419	0.134634	0.251825	0.353660	0.00017823057860368862	1.7558299039780518e-05	0.2518247961997986
191280	-2.004433	-1.420501	-1.039974	0.134737	0.251937	0.353464	0.0001463018314098008	1.1705532693187011e-05	0.2519356310367584
191400	-2.003479	-1.420117	-1.040411	0.134865	0.252017	0.353310	0.00010849478676391299	1.7558299039780518e-05	0.2520167827606201
191520	-2.002687	-1.419768	-1.039337	0.134972	0.252105	0.353689	7.404726566164754e-05	2.6337448559670777e-05	0.2521052956581116
191640	-2.002696	-1.419138	-1.039280	0.134971	0.252271	0.353709	2.5615661434130745e-05	1.7558299039780518e-05	0.25227001309394836
191760	-2.002517	-1.418576	-1.037688	0.134995	0.252417	0.354273	-2.54628354923625e-05	1.7558299039780518e-05	0.2524152994155884
191880	-2.003140	-1.418172	-1.037328	0.134911	0.252532	0.354400	-6.712475260428619e-05	2.6337448559670777e-05	0.2525307238101959
192000	-2.003269	-1.417800	-1.036238	0.134894	0.252626	0.354787	-9.717359971546102e-05	2.6337448559670777e-05	0.2526240050792694
192120	-2.003451	-1.417141	-1.035478	0.134869	0.252800	0.355057	-0.00015859105842537248	2.6337448559670777e-05	0.25279897451400757
192240	-2.004608	-1.416808	-1.035008	0.134713	0.252899	0.355223	-0.0001864872538135387	3.9506172839506166e-05	0.25289803743362427
192360	-2.004368	-1.416263	-1.033862	0.134745	0.253044	0.355631	-0.00023519503520219587	1.7558299039780518e-05	0.25304239988327026
192480	-2.004307	-1.415895	-1.033209	0.134754	0.253155	0.355863	-0.0002687763510039076	1.7558299039780518e-05	0.25315362215042114
192600	-2.004135	-1.415252	-1.031754	0.134777	0.253307	0.356381	-0.000325369558413513	2.6337448559670777e-05	0.2533046305179596
192720	-2.003553	-1.414448	-1.031504	0.134855	0.253503	0.356470	-0.00040172218141378837	1.7558299039780518e-05	0.25350242853164673
192840	-2.003873	-1.413987	-1.031127	0.134812	0.253622	0.356605	-0.0004424548023962416	2.6337448559670777e-05	0.25362154841423035
192960	-2.003003	-1.413552	-1.031429	0.134930	0.253719	0.356497	-0.0004815764375962317	1.7558299039780518e-05	0.25371846556663513
193080	-2.003915	-1.413218	-1.030834	0.134806	0.253805	0.356709	-0.0005064681376097724	1.7558299039780518e-05	0.2538031339645386
193200	-2.002578	-1.412645	-1.031001	0.134987	0.253938	0.356650	-0.0005633439519442618	1.7558299039780518e-05	0.25393763184547424
193320	-2.003394	-1.412150	-1.029628	0.134877	0.254082	0.357140	-0.0006086931098252535	3.9506172839506166e-05	0.2540813386440277
193440	-2.003600	-1.412026	-1.029342	0.134849	0.254128	0.357242	-0.0006206424994161352	1.7558299039780518e-05	0.2541274428367615
193560	-2.003505	-1.411770	-1.029052	0.134862	0.254179	0.357345	-0.0006440175318857654	1.7558299039780518e-05	0.25417837500572205
193680	-2.002668	-1.411385	-1.028189	0.134975	0.254274	0.357654	-0.0006679746031295509	3.9506172839506166e-05	0.2542710304260254
193800	-2.001973	-1.410968	-1.027172	0.135069	0.254374	0.358018	-0.0007147769501898438	2.6337448559670777e-05	0.2543734014034271
193920	-2.001605	-1.410303	-1.026360	0.135118	0.254550	0.358309	-0.0007732003810815513	2.6337448559670777e-05	0.2545495331287384
194040	-2.002011	-1.409938	-1.025693	0.135063	0.254645	0.358548	-0.0008085895271506161	3.9506172839506166e-05	0.25464412569999695
194160	-2.001973	-1.409570	-1.025182	0.135069	0.254751	0.358731	-0.0008350136398803442	3.9506172839506166e-05	0.25474804639816284
194280	-2.002297	-1.408945	-1.024154	0.135025	0.254923	0.359100	-0.0008897345775039867	2.6337448559670777e-05	0.2549218535423279
194400	-2.001645	-1.408592	-1.023308	0.135113	0.255007	0.359404	-0.0009276043914724141	2.6337448559670777e-05	0.2550066411495209
194520	-2.001567	-1.408331	-1.022399	0.135123	0.255080	0.359731	-0.0009492052369751037	2.6337448559670777e-05	0.255079060792923
194640	-2.001219	-1.408061	-1.022224	0.135170	0.255141	0.359794	-0.0009799626539461314	3.9506172839506166e-05	0.25514140725135803
194760	-2.000435	-1.407409	-1.022105	0.135276	0.255321	0.359837	-0.0010276041808538138	2.6337448559670777e-05	0.25531870126724243
194880	-2.000850	-1.406996	-1.021681	0.135220	0.255432	0.359989	-0.0010666903282981366	2.6337448559670777e-05	0.255429208278656
195000	-2.000818	-1.406444	-1.021279	0.135225	0.255579	0.360134	-0.0011180892994161694	1.7558299039780518e-05	0.2555781900882721
195120	-2.000820	-1.406006	-1.020294	0.135224	0.255703	0.360489	-0.0011610507383011282	2.6337448559670777e-05	0.2557019293308258
195240	-1.998958	-1.405379	-1.019506	0.135476	0.255855	0.360773	-0.0012136682751588523	1.7558299039780518e-05	0.2558533847332001
195360	-1.998698	-1.404742	-1.019144	0.135512	0.256033	0.360904	-0.0012709341128356755	3.9506172839506166e-05	0.25603049993515015
195480	-1.998279	-1.404113	-1.018254	0.135568	0.256212	0.361225	-0.0013281998049933462	2.6337448559670777e-05	0.2562108337879181
195600	-1.997837	-1.403395	-1.018474	0.135628	0.256373	0.361146	-0.0013923920167144388	2.6337448559670777e-05	0.25637200474739075
195720	-1.997540	-1.403062	-1.017987	0.135669	0.256456	0.361321	-0.0014198398508597164	2.6337448559670777e-05	0.256454199552536
195840	-1.999012	-1.402799	-1.017098	0.135469	0.256552	0.361643	-0.0014462701103184373	1.7558299039780518e-05	0.256550133228302
195960	-1.998265	-1.402344	-1.015994	0.135570	0.256684	0.362043	-0.0014890218910295517	1.7558299039780518e-05	0.2566832900047302
196080	-1.997509	-1.401786	-1.015142	0.135673	0.256826	0.362351	-0.00153708818834275	1.7558299039780518e-05	0.2568243145942688
196200	-1.996908	-1.401371	-1.013945	0.135754	0.256919	0.362785	-0.0015776690735947341	2.6337448559670777e-05	0.25691744685173035
196320	-1.995677	-1.400678	-1.013579	0.135922	0.257123	0.362918	-0.0016355612897314131	3.9506172839506166e-05	0.25712037086486816
196440	-1.996144	-1.400250	-1.012374	0.135858	0.257257	0.363355	-0.0016813885071314872	1.7558299039780518e-05	0.257257342338562
196560	-1.996550	-1.400145	-1.011008	0.135803	0.257290	0.363852	-0.0016902204020880162	2.6337448559670777e-05	0.2572888731956482
196680	-1.997545	-1.399853	-1.009736	0.135668	0.257377	0.364315	-0.0017174665816128254	2.6337448559670777e-05	0.25737735629081726
196800	-1.998072	-1.399333	-1.009452	0.135597	0.257524	0.364419	-0.0017592435120604931	3.9506172839506166e-05	0.2575225532054901
196920	-1.998958	-1.398705	-1.008813	0.135476	0.257706	0.364652	-0.001810873456997797	1.7558299039780518e-05	0.2577037215232849
197040	-1.999059	-1.398117	-1.007473	0.135463	0.257868	0.365140	-0.0018667459371499717	1.7558299039780518e-05	0.2578667402267456
197160	-1.999005	-1.397855	-1.006189	0.135470	0.257964	0.365610	-0.0018951509438920767	3.9506172839506166e-05	0.25796329975128174
197280	-1.998049	-1.397200	-1.004930	0.135600	0.258137	0.366070	-0.001951931754592806	1.7558299039780518e-05	0.2581358551979065
197400	-1.996988	-1.397158	-1.005027	0.135744	0.258155	0.366035	-0.001960146601777524	2.6337448559670777e-05	0.2581554651260376
197520	-1.997119	-1.396770	-1.004465	0.135726	0.258260	0.366240	-0.0019896276062354445	1.7558299039780518e-05	0.25825825333595276
197640	-1.997196	-1.396265	-1.003445	0.135715	0.258393	0.366614	-0.0020362728042528032	1.7558299039780518e-05	0.258391797542572
197760	-1.996828	-1.395588	-1.002009	0.135765	0.258573	0.367141	-0.0020970283541828392	2.6337448559670777e-05	0.25857269763946533
197880	-1.996658	-1.395030	-1.001325	0.135788	0.258719	0.367392	-0.0021468570455908777	3.9506172839506166e-05	0.2587181627750397
198000	-1.995281	-1.394458	-1.000970	0.135975	0.258864	0.367523	-0.0021977268159389498	2.6337448559670777e-05	0.2588627338409424
198120	-1.993761	-1.394013	-0.999001	0.136182	0.258985	0.368247	-0.0022417646483518182	2.6337448559670777e-05	0.2589851915836334
198240	-1.993890	-1.393674	-0.998383	0.136165	0.259075	0.368475	-0.0022683165734633803	3.9506172839506166e-05	0.25907307863235474
198360	-1.993946	-1.392985	-0.998875	0.136157	0.259250	0.368293	-0.0023245787248015403	2.6337448559670777e-05	0.25924763083457947
198480	-1.995111	-1.392579	-0.996902	0.135999	0.259387	0.369021	-0.0023701065918430688	3.9506172839506166e-05	0.25938621163368225
198600	-1.993832	-1.392447	-0.995648	0.136173	0.259423	0.369484	-0.00238776485202834	2.6337448559670777e-05	0.25942322611808777
198720	-1.994132	-1.392280	-0.994776	0.136132	0.259475	0.369806	-0.002398863236885518	2.6337448559670777e-05	0.2594744861125946
198840	-1.994327	-1.391947	-0.993860	0.136105	0.259572	0.370145	-0.0024207380367442964	1.7558299039780518e-05	0.259570449590683
198960	-1.994071	-1.391647	-0.993987	0.136140	0.259660	0.370098	-0.0024518334539607167	2.6337448559670777e-05	0.2596585750579834
199080	-1.994988	-1.391354	-0.994070	0.136015	0.259760	0.370068	-0.0024813877884298564	1.7558299039780518e-05	0.25976020097732544
199200	-1.995468	-1.390821	-0.993810	0.135950	0.259910	0.370164	-0.0025233445223420857	2.6337448559670777e-05	0.2599087357521057
199320	-1.995505	-1.390533	-0.992763	0.135945	0.259997	0.370552	-0.002558078069705516	2.6337448559670777e-05	0.2599978446960449
199440	-1.995494	-1.390437	-0.992449	0.135946	0.260017	0.370668	-0.0025634914520196615	2.6337448559670777e-05	0.26001662015914917
199560	-1.995356	-1.389748	-0.991381	0.135965	0.260189	0.371064	-0.002616270736325532	3.9506172839506166e-05	0.26018691062927246
199680	-1.994867	-1.389548	-0.991259	0.136032	0.260217	0.371109	-0.002644043159671128	2.6337448559670777e-05	0.26021620631217957
199800	-1.995044	-1.389087	-0.991535	0.136008	0.260341	0.371007	-0.0026819670223630966	3.9506172839506166e-05	0.2603398561477661
199920	-1.997624	-1.388639	-0.989877	0.135657	0.260497	0.371622	-0.002726015308871865	2.6337448559670777e-05	0.26049625873565674
200040	-1.998457	-1.388243	-0.989396	0.135544	0.260615	0.371801	-0.0027499326854012905	2.6337448559670777e-05	0.2606128752231598
200160	-1.997456	-1.387492	-0.988936	0.135680	0.260798	0.371972	-0.0028224901179783046	1.7558299039780518e-05	0.2607961893081665
200280	-1.998294	-1.386976	-0.988256	0.135566	0.260950	0.372225	-0.0028711134335026147	1.7558299039780518e-05	0.26094865798950195
200400	-1.998576	-1.386589	-0.987901	0.135528	0.261051	0.372358	-0.002904619567561895	1.7558299039780518e-05	0.2610492706298828
200520	-1.998526	-1.386382	-0.987638	0.135535	0.261101	0.372455	-0.00292750297812745	3.9506172839506166e-05	0.2610997259616852
200640	-1.998289	-1.386012	-0.986792	0.135567	0.261209	0.372770	-0.0029610763071104885	2.6337448559670777e-05	0.2612086236476898
200760	-1.997592	-1.385409	-0.987035	0.135662	0.261369	0.372680	-0.0030159626621752977	3.9506172839506166e-05	0.2613688111305237
200880	-1.997138	-1.384969	-0.986582	0.135723	0.261476	0.372849	-0.0030529683688655497	2.6337448559670777e-05	0.26147472858428955
201000	-1.996344	-1.384507	-0.985366	0.135831	0.261601	0.373303	-0.0030964639387093484	2.6337448559670777e-05	0.26159989833831787
201120	-1.996265	-1.383855	-0.984448	0.135842	0.261788	0.373645	-0.0031545993988402188	2.6337448559670777e-05	0.261786550283432
201240	-1.996137	-1.383263	-0.984241	0.135859	0.261959	0.373723	-0.003200881532393396	2.6337448559670777e-05	0.26195695996284485
201360	-1.995946	-1.382877	-0.983114	0.135885	0.262084	0.374144	-0.003241104364860803	1.7558299039780518e-05	0.2620832026004791
201480	-1.996966	-1.382795	-0.983225	0.135747	0.262129	0.374103	-0.0032484222552739083	2.6337448559670777e-05	0.2621283233165741
201600	-1.996670	-1.382172	-0.982522	0.135787	0.262308	0.374366	-0.0033030724036507307	1.7558299039780518e-05	0.2623063921928406
201720	-1.996959	-1.381609	-0.981639	0.135747	0.262457	0.374696	-0.0033533956040628253	1.7558299039780518e-05	0.26245513558387756
201840	-1.997174	-1.381253	-0.980638	0.135718	0.262559	0.375072	-0.0033912428305484356	1.7558299039780518e-05	0.2625584900379181
201960	-1.997939	-1.381009	-0.979990	0.135614	0.262647	0.375315	-0.0034077422227710486	2.6337448559670777e-05	0.2626453638076782
202080	-1.996220	-1.380535	-0.979227	0.135848	0.262763	0.375601	-0.0034579831059090792	1.7558299039780518e-05	0.26276272535324097
202200	-1.995013	-1.380182	-0.979953	0.136012	0.262854	0.375329	-0.00348039431264624	2.6337448559670777e-05	0.26285117864608765
202320	-1.995928	-1.379838	-0.980112	0.135887	0.262971	0.375269	-0.003508028748910874	1.7558299039780518e-05	0.2629684805870056
202440	-1.996185	-1.379143	-0.979684	0.135853	0.263149	0.375430	-0.0035783931729383768	1.7558299039780518e-05	0.2631482183933258
202560	-1.996929	-1.378627	-0.979579	0.135752	0.263283	0.375469	-0.0036230764468200504	2.6337448559670777e-05	0.2632811665534973
202680	-1.996179	-1.378235	-0.980321	0.135853	0.263367	0.375191	-0.003657855628989637	1.7558299039780518e-05	0.26336631178855896
202800	-1.996834	-1.377923	-0.978459	0.135764	0.263467	0.375890	-0.0036864906665869056	2.6337448559670777e-05	0.26346516609191895
202920	-1.996671	-1.377459	-0.977488	0.135787	0.263608	0.376255	-0.003731292171869427	1.7558299039780518e-05	0.26360800862312317
203040	-1.997087	-1.377099	-0.976607	0.135730	0.263717	0.376587	-0.003763214813079685	1.7558299039780518e-05	0.26371628046035767
203160	-1.997201	-1.376749	-0.974874	0.135715	0.263832	0.377240	-0.0037912593805231156	2.6337448559670777e-05	0.2638300657272339
203280	-1.996809	-1.376350	-0.972984	0.135768	0.263928	0.377953	-0.0038286902476102115	1.7558299039780518e-05	0.2639264166355133
203400	-1.997490	-1.375972	-0.972462	0.135675	0.264030	0.378151	-0.0038636660668998958	2.6337448559670777e-05	0.26402878761291504
203520	-1.998166	-1.375408	-0.971344	0.135584	0.264201	0.378574	-0.003909041557926684	1.7558299039780518e-05	0.2641986608505249
203640	-1.999382	-1.375059	-0.971275	0.135419	0.264303	0.378600	-0.00394698700401932	1.7558299039780518e-05	0.2643020451068878
203760	-1.998933	-1.374639	-0.970666	0.135480	0.264414	0.378831	-0.003984089032746852	2.6337448559670777e-05	0.26441335678100586
203880	-1.997853	-1.374105	-0.969392	0.135626	0.264561	0.379314	-0.004029879532754421	2.6337448559670777e-05	0.2645598351955414
204000	-1.998291	-1.373867	-0.969377	0.135567	0.264626	0.379319	-0.004057591594755649	3.9506172839506166e-05	0.2646259665489197
204120	-1.997289	-1.373323	-0.968619	0.135703	0.264768	0.379607	-0.0040988547028973695	3.9506172839506166e-05	0.2647671401500702
204240	-1.994898	-1.372588	-0.967806	0.136027	0.264954	0.379916	-0.00416638059541583	3.9506172839506166e-05	0.26495224237442017
204360	-1.994755	-1.371984	-0.966652	0.136047	0.265128	0.380354	-0.004219006956554949	3.9506172839506166e-05	0.2651260197162628
204480	-1.995434	-1.371654	-0.965794	0.135955	0.265230	0.380681	-0.004252625885419548	3.9506172839506166e-05	0.2652290463447571
204600	-1.993476	-1.371171	-0.964843	0.136221	0.265352	0.381043	-0.004294877359643579	1.7558299039780518e-05	0.26535192131996155
204720	-1.993079	-1.370880	-0.963704	0.136275	0.265432	0.381477	-0.004326160484924913	1.1705532693187011e-05	0.26543182134628296
204840	-1.993039	-1.370665	-0.964177	0.136281	0.265502	0.381297	-0.00433838707394898	2.6337448559670777e-05	0.26550087332725525
204960	-1.993070	-1.370277	-0.964415	0.136276	0.265603	0.381206	-0.004376107477582991	1.7558299039780518e-05	0.2656024098396301
205080	-1.991560	-1.369885	-0.963549	0.136482	0.265684	0.381536	-0.004412253689952195	1.7558299039780518e-05	0.26568403840065
205200	-1.992721	-1.369611	-0.963804	0.136324	0.265769	0.381439	-0.004437188804149628	1.7558299039780518e-05	0.26576855778694153
205320	-1.992688	-1.369428	-0.963684	0.136328	0.265817	0.381485	-0.0044541561510413885	2.6337448559670777e-05	0.26581624150276184
205440	-1.992486	-1.368745	-0.962630	0.136356	0.266004	0.381887	-0.00451391376554966	3.9506172839506166e-05	0.2660028040409088
205560	-1.992081	-1.368187	-0.961605	0.136411	0.266165	0.382279	-0.004564344417303801	2.6337448559670777e-05	0.26616397500038147
205680	-1.992916	-1.367598	-0.961111	0.136297	0.266325	0.382468	-0.004619039851240814	2.6337448559670777e-05	0.2663239538669586
205800	-1.991757	-1.367196	-0.960674	0.136455	0.266419	0.382635	-0.004654708132147789	1.7558299039780518e-05	0.2664180099964142
205920	-1.990728	-1.366681	-0.960038	0.136596	0.266546	0.382878	-0.004697833443060517	1.7558299039780518e-05	0.2665451765060425
206040	-1.989859	-1.365980	-0.958535	0.136715	0.266741	0.383454	-0.004760896461084485	1.7558299039780518e-05	0.2667393982410431
206160	-1.989052	-1.365302	-0.957108	0.136825	0.266921	0.384002	-0.004816591064445675	1.7558299039780518e-05	0.26691970229148865
206280	-1.989222	-1.364742	-0.956678	0.136802	0.267075	0.384167	-0.00486749610863626	1.7558299039780518e-05	0.2670736610889435
206400	-1.988758	-1.364493	-0.956321	0.136865	0.267150	0.384304	-0.004897333076223731	2.6337448559670777e-05	0.2671487331390381
206520	-1.987549	-1.364056	-0.955717	0.137031	0.267272	0.384536	-0.004937524325214326	1.7558299039780518e-05	0.26727181673049927
206640	-1.987260	-1.363693	-0.955219	0.137071	0.267375	0.384728	-0.004965995182283222	1.7558299039780518e-05	0.2673740088939667
206760	-1.988390	-1.362989	-0.954991	0.136916	0.267582	0.384816	-0.00502624218352139	1.7558299039780518e-05	0.26758065819740295
206880	-1.988518	-1.362387	-0.954095	0.136898	0.267763	0.385160	-0.005086968163959682	1.7558299039780518e-05	0.2677619159221649
207000	-1.988846	-1.362206	-0.953914	0.136853	0.267820	0.385230	-0.005104542896151543	3.9506172839506166e-05	0.26781925559043884
207120	-1.989571	-1.361819	-0.952556	0.136754	0.267948	0.385754	-0.005139083159156144	2.6337448559670777e-05	0.2679468095302582
207240	-1.989031	-1.361141	-0.952134	0.136828	0.268132	0.385917	-0.005193758220411837	1.7558299039780518e-05	0.2681301534175873
207360	-1.988937	-1.360754	-0.951535	0.136841	0.268241	0.386148	-0.005233459663577378	3.9506172839506166e-05	0.26823925971984863
207480	-1.989429	-1.360228	-0.950369	0.136774	0.268404	0.386598	-0.00528145341668278	1.7558299039780518e-05	0.2684037387371063
207600	-1.989844	-1.360036	-0.950536	0.136717	0.268452	0.386534	-0.005297300918027758	2.6337448559670777e-05	0.26845037937164307
207720	-1.989582	-1.359485	-0.949045	0.136753	0.268586	0.387111	-0.005341872689314187	2.6337448559670777e-05	0.26858359575271606
207840	-1.989759	-1.359009	-0.948119	0.136728	0.268718	0.387469	-0.005385743826627732	3.9506172839506166e-05	0.2687166631221771
207960	-1.989514	-1.358550	-0.947869	0.136762	0.268830	0.387566	-0.005429076706059277	1.7558299039780518e-05	0.268828421831131
208080	-1.990362	-1.358183	-0.948143	0.136646	0.268920	0.387460	-0.0054652740247547625	1.7558299039780518e-05	0.2689189016819
208200	-1.990818	-1.357830	-0.947515	0.136584	0.269028	0.387703	-0.005494183837436139	2.6337448559670777e-05	0.2690257430076599
208320	-1.991704	-1.357626	-0.946806	0.136463	0.269104	0.387978	-0.0055126533145084975	1.7558299039780518e-05	0.26910239458084106
208440	-1.991911	-1.357219	-0.946814	0.136434	0.269232	0.387975	-0.005551874404773116	2.6337448559670777e-05	0.26923125982284546
208560	-1.991016	-1.356876	-0.948126	0.136557	0.269311	0.387466	-0.005581619497388601	1.7558299039780518e-05	0.26930946111679077
208680	-1.991605	-1.356594	-0.947113	0.136476	0.269400	0.387859	-0.005607989733107388	1.7558299039780518e-05	0.2694000005722046
208800	-1.992019	-1.356228	-0.946862	0.136420	0.269493	0.387956	-0.005645233066752553	2.6337448559670777e-05	0.2694929540157318
208920	-1.992132	-1.355828	-0.946709	0.136404	0.269609	0.388016	-0.005678524868562818	1.7558299039780518e-05	0.26960882544517517
209040	-1.991817	-1.355634	-0.946789	0.136447	0.269659	0.387985	-0.005694143287837505	3.9506172839506166e-05	0.26965683698654175
209160	-1.991952	-1.355255	-0.944761	0.136429	0.269781	0.388772	-0.00573346083983779	2.6337448559670777e-05	0.26978012919425964
209280	-1.991774	-1.354666	-0.943717	0.136453	0.269944	0.389179	-0.005781925329938531	1.7558299039780518e-05	0.2699432969093323
209400	-1.991495	-1.354050	-0.942969	0.136491	0.270111	0.389470	-0.005831522238440812	2.6337448559670777e-05	0.27010852098464966
209520	-1.991288	-1.353699	-0.942224	0.136519	0.270234	0.389760	-0.005870634410530329	2.6337448559670777e-05	0.27023378014564514
209640	-1.991419	-1.353467	-0.941279	0.136502	0.270296	0.390129	-0.005887830816209316	2.6337448559670777e-05	0.2702942192554474
209760	-1.990844	-1.353104	-0.941908	0.136580	0.270381	0.389883	-0.005925758671946823	2.6337448559670777e-05	0.2703815996646881
209880	-1.991602	-1.352845	-0.940352	0.136477	0.270472	0.390491	-0.00594460554420948	2.6337448559670777e-05	0.2704707384109497
210000	-1.991500	-1.352404	-0.939156	0.136491	0.270608	0.390958	-0.005982552911154926	2.6337448559670777e-05	0.2706064283847809
210120	-1.990493	-1.351687	-0.938698	0.136628	0.270789	0.391137	-0.006046177889220417	3.9506172839506166e-05	0.27078720927238464
210240	-1.989468	-1.350946	-0.937927	0.136768	0.270960	0.391438	-0.006109043210744858	2.6337448559670777e-05	0.27095815539360046
210360	-1.989539	-1.350472	-0.937300	0.136758	0.271115	0.391684	-0.006159304175525904	2.6337448559670777e-05	0.271112859249115
210480	-1.989254	-1.350155	-0.936271	0.136797	0.271216	0.392087	-0.006181655521504581	2.6337448559670777e-05	0.27121320366859436
210600	-1.988579	-1.349558	-0.935120	0.136890	0.271391	0.392539	-0.00623684749007225	2.6337448559670777e-05	0.2713896930217743
210720	-1.988787	-1.349167	-0.933949	0.136861	0.271516	0.392999	-0.006277008145116269	3.9506172839506166e-05	0.2715158760547638
210840	-1.988411	-1.348839	-0.932949	0.136913	0.271616	0.393392	-0.006308344169519841	2.6337448559670777e-05	0.27161532640457153
210960	-1.988044	-1.348266	-0.931614	0.136963	0.271777	0.393917	-0.00635717916302383	2.6337448559670777e-05	0.2717764973640442
211080	-1.988812	-1.347980	-0.931353	0.136858	0.271850	0.394020	-0.006379756075330078	2.6337448559670777e-05	0.27184829115867615
211200	-1.988551	-1.347617	-0.929989	0.136894	0.271958	0.394558	-0.006414954550564289	3.9506172839506166e-05	0.27195584774017334
211320	-1.987540	-1.347304	-0.929817	0.137032	0.272035	0.394626	-0.006446726759895683	2.6337448559670777e-05	0.272034615278244
211440	-1.987114	-1.346743	-0.928676	0.137090	0.272184	0.395076	-0.006492359889671206	2.6337448559670777e-05	0.27218204736709595
211560	-1.987256	-1.346232	-0.928148	0.137071	0.272339	0.395285	-0.006541548459790647	2.6337448559670777e-05	0.27233871817588806
211680	-1.986935	-1.346150	-0.928174	0.137115	0.272356	0.395275	-0.006553163612261414	1.1705532693187011e-05	0.2723568081855774
211800	-1.987458	-1.345860	-0.927873	0.137043	0.272454	0.395394	-0.006570306792855263	1.7558299039780518e-05	0.27245211601257324
211920	-1.987831	-1.345423	-0.926552	0.136992	0.272587	0.395916	-0.006611946178600192	2.6337448559670777e-05	0.27258583903312683
212040	-1.987848	-1.344909	-0.924414	0.136990	0.272742	0.396764	-0.006661358778364957	2.6337448559670777e-05	0.27274206280708313
212160	-1.986893	-1.344674	-0.923888	0.137121	0.272798	0.396973	-0.0066814104327932	3.9506172839506166e-05	0.27279630303382874
212280	-1.987595	-1.344261	-0.922455	0.137025	0.272930	0.397542	-0.006715323938988149	2.6337448559670777e-05	0.272928923368454
212400	-1.987352	-1.343635	-0.922017	0.137058	0.273126	0.397716	-0.006775948987342417	1.7558299039780518e-05	0.2731264531612396
212520	-1.987817	-1.343403	-0.921696	0.136994	0.273200	0.397844	-0.006793693173676729	1.1705532693187011e-05	0.2731991112232208
212640	-1.987461	-1.342997	-0.920512	0.137043	0.273323	0.398315	-0.006828907341696322	2.6337448559670777e-05	0.2733214795589447
212760	-1.986896	-1.342471	-0.920167	0.137120	0.273470	0.398452	-0.00687215703073889	1.7558299039780518e-05	0.2734679877758026
212880	-1.987353	-1.341707	-0.919395	0.137058	0.273673	0.398760	-0.006940441275946796	3.9506172839506166e-05	0.2736703157424927
213000	-1.986995	-1.341104	-0.918355	0.137107	0.273842	0.399175	-0.007001733500510454	2.6337448559670777e-05	0.2738412618637085
213120	-1.986695	-1.340671	-0.916582	0.137148	0.273987	0.399883	-0.007039788481779397	3.9506172839506166e-05	0.27398550510406494
213240	-1.986679	-1.340135	-0.915394	0.137150	0.274142	0.400359	-0.0070876858429983255	3.9506172839506166e-05	0.2741406559944153
213360	-1.986211	-1.339867	-0.915252	0.137214	0.274210	0.400416	-0.007114951242692768	2.6337448559670777e-05	0.2742091417312622
213480	-1.985317	-1.339669	-0.914378	0.137337	0.274262	0.400766	-0.007133013289421797	2.6337448559670777e-05	0.2742612957954407
213600	-1.986138	-1.339461	-0.912548	0.137224	0.274331	0.401500	-0.0071520810713991525	1.7558299039780518e-05	0.27433058619499207
213720	-1.985295	-1.339038	-0.912140	0.137340	0.274444	0.401664	-0.007184791518375278	1.7558299039780518e-05	0.2744426727294922
213840	-1.985482	-1.338772	-0.912680	0.137314	0.274518	0.401447	-0.007209702907130122	2.6337448559670777e-05	0.2745169997215271
213960	-1.985855	-1.338328	-0.912477	0.137263	0.274656	0.401528	-0.007250794768333435	1.7558299039780518e-05	0.2746541500091553
214080	-1.986704	-1.338039	-0.912448	0.137147	0.274758	0.401540	-0.007276960439048708	2.6337448559670777e-05	0.2747562825679779
214200	-1.985743	-1.337685	-0.912564	0.137279	0.274853	0.401493	-0.007308051595464349	1.7558299039780518e-05	0.27485156059265137
214320	-1.985273	-1.337367	-0.912773	0.137343	0.274954	0.401409	-0.007339486596174538	2.6337448559670777e-05	0.27495309710502625
214440	-1.984644	-1.337150	-0.912167	0.137430	0.275021	0.401653	-0.007358537334948778	3.9506172839506166e-05	0.27501851320266724
214560	-1.984596	-1.336547	-0.910581	0.137436	0.275199	0.402291	-0.007413161755539477	1.7558299039780518e-05	0.275198757648468
214680	-1.984359	-1.336226	-0.908597	0.137469	0.275303	0.403089	-0.007439726265147328	3.9506172839506166e-05	0.2753010094165802
214800	-1.984510	-1.335804	-0.908267	0.137448	0.275424	0.403222	-0.007475854177027941	1.7558299039780518e-05	0.2754227817058563
214920	-1.983818	-1.335178	-0.907548	0.137543	0.275595	0.403512	-0.007536738459020853	1.7558299039780518e-05	0.2755957841873169
215040	-1.983610	-1.334622	-0.906678	0.137572	0.275752	0.403863	-0.0075789345661178235	2.6337448559670777e-05	0.27574941515922546
215160	-1.983617	-1.334306	-0.906008	0.137571	0.275867	0.404134	-0.007614839635789394	3.9506172839506166e-05	0.27586597204208374
215280	-1.983588	-1.334026	-0.905973	0.137575	0.275933	0.404149	-0.00763791031204164	3.9506172839506166e-05	0.2759314477443695
215400	-1.981420	-1.333218	-0.904589	0.137873	0.276139	0.404708	-0.007706685364246369	2.6337448559670777e-05	0.2761358320713043
215520	-1.981466	-1.332841	-0.903201	0.137867	0.276246	0.405270	-0.007745800237171352	1.1705532693187011e-05	0.27624526619911194
215640	-1.981135	-1.332215	-0.902810	0.137913	0.276430	0.405429	-0.007799065578728915	2.6337448559670777e-05	0.27642834186553955
215760	-1.981458	-1.331790	-0.901789	0.137868	0.276570	0.405843	-0.007844303734600544	2.6337448559670777e-05	0.27657046914100647
215880	-1.982059	-1.331314	-0.901472	0.137785	0.276719	0.405972	-0.007882713386788965	3.9506172839506166e-05	0.27671781182289124
216000	-1.983027	-1.330952	-0.901151	0.137652	0.276833	0.406102	-0.007914686715230346	2.6337448559670777e-05	0.27683159708976746
216120	-1.982415	-1.330396	-0.901274	0.137736	0.276965	0.406052	-0.007965690409764647	2.6337448559670777e-05	0.2769637405872345
216240	-1.982744	-1.329858	-0.900669	0.137691	0.277104	0.406298	-0.008010397339239717	2.6337448559670777e-05	0.2771022319793701
216360	-1.983010	-1.329166	-0.899955	0.137654	0.277293	0.406588	-0.008072642469778657	2.6337448559670777e-05	0.2772906422615051
216480	-1.982808	-1.328715	-0.898678	0.137682	0.277435	0.407107	-0.008114538621157408	2.6337448559670777e-05	0.2774341106414795
216600	-1.982143	-1.328361	-0.898128	0.137774	0.277526	0.407331	-0.00815111636184156	2.6337448559670777e-05	0.27752649784088135
216720	-1.982863	-1.327669	-0.896837	0.137674	0.277745	0.407858	-0.0082048031501472	2.6337448559670777e-05	0.2777421474456787
216840	-1.982315	-1.326999	-0.895785	0.137750	0.277935	0.408287	-0.008267315989360213	1.7558299039780518e-05	0.27793318033218384
216960	-1.982152	-1.326651	-0.895020	0.137772	0.278035	0.408600	-0.008303162921220065	1.7558299039780518e-05	0.2780344784259796
217080	-1.982039	-1.326340	-0.894558	0.137788	0.278138	0.408788	-0.008331728260964155	2.6337448559670777e-05	0.27813732624053955
217200	-1.981320	-1.325828	-0.892978	0.137887	0.278299	0.409435	-0.00837340191937983	2.6337448559670777e-05	0.2782970666885376
217320	-1.980946	-1.325301	-0.892740	0.137939	0.278455	0.409532	-0.008422514842823147	2.6337448559670777e-05	0.27845317125320435
217440	-1.981658	-1.324740	-0.891390	0.137840	0.278629	0.410085	-0.008468256704509259	3.9506172839506166e-05	0.2786252498626709
217560	-1.980668	-1.324208	-0.891020	0.137977	0.278769	0.410237	-0.008523527113720775	3.9506172839506166e-05	0.278767853975296
217680	-1.980905	-1.323485	-0.889670	0.137944	0.278977	0.410791	-0.00858423188328743	1.7558299039780518e-05	0.2789749801158905
217800	-1.980157	-1.322976	-0.887823	0.138048	0.279146	0.411551	-0.008629527548328042	2.6337448559670777e-05	0.2791433036327362
217920	-1.980708	-1.322513	-0.886653	0.137972	0.279295	0.412032	-0.008670707652345299	1.7558299039780518e-05	0.279293417930603
218040	-1.980785	-1.322028	-0.886561	0.137961	0.279433	0.412071	-0.008719745464622975	2.6337448559670777e-05	0.2794322669506073
218160	-1.981657	-1.321844	-0.885192	0.137841	0.279495	0.412635	-0.008738688239827753	1.7558299039780518e-05	0.27949434518814087
218280	-1.982066	-1.321424	-0.884315	0.137784	0.279605	0.412997	-0.008770438004285097	1.7558299039780518e-05	0.2796040177345276
218400	-1.983087	-1.320829	-0.884579	0.137644	0.279781	0.412888	-0.008821930829435587	1.7558299039780518e-05	0.2797788679599762
218520	-1.982732	-1.320621	-0.884057	0.137693	0.279843	0.413104	-0.008844798943027855	2.6337448559670777e-05	0.27984166145324707
218640	-1.982922	-1.320151	-0.882435	0.137666	0.279989	0.413774	-0.00888690333813429	3.9506172839506166e-05	0.27998802065849304
218760	-1.983264	-1.319958	-0.882036	0.137619	0.280046	0.413939	-0.008910176996141671	2.6337448559670777e-05	0.2800471782684326
218880	-1.983450	-1.319736	-0.881539	0.137594	0.280106	0.414145	-0.008924162108451128	3.9506172839506166e-05	0.2801038920879364
219000	-1.983412	-1.319258	-0.879209	0.137599	0.280257	0.415111	-0.008962401561439038	3.9506172839506166e-05	0.280253142118454
219120	-1.981699	-1.318501	-0.879341	0.137835	0.280454	0.415056	-0.009034547349438071	3.9506172839506166e-05	0.2804526686668396
219240	-1.981479	-1.318358	-0.879875	0.137865	0.280496	0.414835	-0.009053223952651023	1.7558299039780518e-05	0.2804965376853943
219360	-1.980578	-1.318042	-0.879914	0.137990	0.280568	0.414818	-0.009076402569189668	2.6337448559670777e-05	0.2805669605731964
219480	-1.979988	-1.317811	-0.880229	0.138071	0.280615	0.414688	-0.009100654162466526	2.6337448559670777e-05	0.28061535954475403
219600	-1.979473	-1.317149	-0.879518	0.138142	0.280812	0.414983	-0.009157788706943393	1.7558299039780518e-05	0.2808106541633606
219720	-1.980537	-1.316775	-0.878804	0.137995	0.280937	0.415279	-0.00919121983461082	2.6337448559670777e-05	0.280935674905777
219840	-1.979536	-1.316180	-0.877279	0.138133	0.281125	0.415913	-0.009235298819839954	3.9506172839506166e-05	0.2811209261417389
219960	-1.978651	-1.315677	-0.876945	0.138256	0.281269	0.416052	-0.009290795912966133	1.7558299039780518e-05	0.2812683582305908
220080	-1.978050	-1.315141	-0.875791	0.138339	0.281425	0.416532	-0.009335167706012726	1.7558299039780518e-05	0.28142303228378296
220200	-1.977903	-1.314847	-0.874999	0.138359	0.281516	0.416863	-0.009365155780687928	2.6337448559670777e-05	0.2815151810646057
220320	-1.977288	-1.314207	-0.874670	0.138444	0.281679	0.417000	-0.009425162756815552	2.6337448559670777e-05	0.28167933225631714
220440	-1.976423	-1.313825	-0.874467	0.138564	0.281794	0.417084	-0.009457272244617343	1.7558299039780518e-05	0.2817929983139038
220560	-1.976360	-1.313599	-0.872689	0.138573	0.281848	0.417826	-0.009480242803692817	1.7558299039780518e-05	0.2818485498428345
220680	-1.976061	-1.313287	-0.872305	0.138614	0.281945	0.417987	-0.009504717634990811	3.9506172839506166e-05	0.2819434404373169
220800	-1.976487	-1.312915	-0.871588	0.138555	0.282068	0.418287	-0.009537470852956175	2.6337448559670777e-05	0.28206637501716614
220920	-1.976849	-1.312469	-0.869937	0.138505	0.282222	0.418978	-0.009576902911067008	1.7558299039780518e-05	0.2822204530239105
221040	-1.977088	-1.312362	-0.869055	0.138472	0.282245	0.419348	-0.00958870779722929	2.6337448559670777e-05	0.2822442948818207
221160	-1.976310	-1.311772	-0.868496	0.138580	0.282408	0.419582	-0.009640101715922356	3.9506172839506166e-05	0.28240638971328735
221280	-1.975915	-1.311254	-0.867218	0.138634	0.282571	0.420119	-0.00968721704557538	2.6337448559670777e-05	0.2825693190097809
221400	-1.975098	-1.310748	-0.866630	0.138748	0.282709	0.420366	-0.009733062703162432	1.7558299039780518e-05	0.28270843625068665
221520	-1.974498	-1.310014	-0.864578	0.138831	0.282929	0.421229	-0.00980086624622345	1.7558299039780518e-05	0.2829277515411377
221640	-1.974400	-1.309474	-0.863504	0.138845	0.283087	0.421682	-0.009845653502270579	1.7558299039780518e-05	0.2830854654312134
221760	-1.974442	-1.309121	-0.864069	0.138839	0.283186	0.421444	-0.00987616996280849	3.9506172839506166e-05	0.28318390250205994
221880	-1.974475	-1.308698	-0.863868	0.138834	0.283312	0.421528	-0.009913927596062421	2.6337448559670777e-05	0.2833094894886017
222000	-1.973790	-1.308131	-0.863487	0.138929	0.283462	0.421689	-0.009966923901811243	3.9506172839506166e-05	0.2834596633911133
222120	-1.973787	-1.307531	-0.863400	0.138930	0.283622	0.421726	-0.010019358526915313	3.9506172839506166e-05	0.2836192548274994
222240	-1.972740	-1.306999	-0.863363	0.139075	0.283762	0.421742	-0.01006909110583365	3.9506172839506166e-05	0.28376057744026184
222360	-1.972802	-1.306156	-0.863083	0.139067	0.284010	0.421860	-0.010139381559565664	1.7558299039780518e-05	0.2840079367160797
222480	-1.971724	-1.305550	-0.861842	0.139217	0.284179	0.422383	-0.010201850533485412	3.9506172839506166e-05	0.28417879343032837
222600	-1.970997	-1.305015	-0.860929	0.139318	0.284330	0.422769	-0.010247077513486146	2.6337448559670777e-05	0.28432855010032654
222720	-1.969905	-1.304347	-0.860250	0.139470	0.284510	0.423056	-0.010311973979696631	2.6337448559670777e-05	0.2845100164413452
222840	-1.970778	-1.304032	-0.861149	0.139348	0.284580	0.422676	-0.010340508352965117	2.6337448559670777e-05	0.2845788300037384
222960	-1.971369	-1.303631	-0.861020	0.139266	0.284702	0.422731	-0.010373663390055299	3.9506172839506166e-05	0.28470104932785034
223080	-1.971376	-1.303322	-0.859550	0.139265	0.284812	0.423352	-0.010406445432454347	3.9506172839506166e-05	0.28481218218803406
223200	-1.972274	-1.302930	-0.858854	0.139140	0.284935	0.423647	-0.010437019262462854	2.6337448559670777e-05	0.2849339544773102
223320	-1.972494	-1.302431	-0.856922	0.139109	0.285099	0.424467	-0.010481063416227699	1.7558299039780518e-05	0.2850967049598694
223440	-1.972510	-1.301890	-0.856518	0.139107	0.285251	0.424638	-0.010527449147775769	1.7558299039780518e-05	0.2852493226528168
223560	-1.972843	-1.301384	-0.855925	0.139061	0.285407	0.424890	-0.010573115479201079	2.6337448559670777e-05	0.28540557622909546
223680	-1.973148	-1.300681	-0.855005	0.139018	0.285616	0.425281	-0.010638987924903632	3.9506172839506166e-05	0.28561460971832275
223800	-1.972961	-1.300281	-0.854651	0.139044	0.285737	0.425431	-0.010673074750229716	1.7558299039780518e-05	0.28573548793792725
223920	-1.972864	-1.300210	-0.853935	0.139058	0.285780	0.425736	-0.010685041639953851	1.7558299039780518e-05	0.28578004240989685
224040	-1.973056	-1.299723	-0.853079	0.139031	0.285946	0.426101	-0.010729598859325052	3.9506172839506166e-05	0.2859460413455963
224160	-1.973144	-1.299401	-0.851545	0.139019	0.286053	0.426755	-0.010752146551385521	2.6337448559670777e-05	0.28605177998542786
224280	-1.973775	-1.299020	-0.850205	0.138931	0.286193	0.427327	-0.010790317365899683	2.6337448559670777e-05	0.28619202971458435
224400	-1.974834	-1.298586	-0.848715	0.138784	0.286333	0.427964	-0.010827655997127294	2.6337448559670777e-05	0.2863317131996155
224520	-1.974735	-1.298037	-0.847306	0.138798	0.286510	0.428568	-0.010877515934407712	1.7558299039780518e-05	0.2865089774131775
224640	-1.974018	-1.297569	-0.845685	0.138898	0.286642	0.429263	-0.010921500576660036	3.9506172839506166e-05	0.2866414189338684
224760	-1.974486	-1.297079	-0.844618	0.138833	0.286797	0.429721	-0.010953776817768813	1.7558299039780518e-05	0.2867942452430725
224880	-1.974137	-1.296464	-0.843291	0.138881	0.286993	0.430292	-0.011016481462866068	2.6337448559670777e-05	0.28699108958244324
225000	-1.975258	-1.296209	-0.842264	0.138726	0.287083	0.430734	-0.011044430593028665	2.6337448559670777e-05	0.2870829999446869
225120	-1.975589	-1.295755	-0.840659	0.138680	0.287225	0.431426	-0.011082783481106162	2.6337448559670777e-05	0.28722378611564636
225240	-1.975392	-1.295339	-0.841470	0.138707	0.287354	0.431077	-0.011119000101462006	3.9506172839506166e-05	0.2873519957065582
225360	-1.976583	-1.294956	-0.840523	0.138542	0.287483	0.431485	-0.011157442070543765	2.6337448559670777e-05	0.28748252987861633
225480	-1.977639	-1.294236	-0.839797	0.138396	0.287695	0.431798	-0.01121570304967463	1.7558299039780518e-05	0.2876932919025421
225600	-1.977638	-1.293796	-0.838621	0.138396	0.287830	0.432306	-0.011259643314406275	2.6337448559670777e-05	0.2878294289112091
225720	-1.978138	-1.293534	-0.837711	0.138327	0.287934	0.432700	-0.0112837890163064	3.9506172839506166e-05	0.28793197870254517
225840	-1.978126	-1.293482	-0.837773	0.138328	0.287936	0.432673	-0.011287630163133144	1.7558299039780518e-05	0.2879351079463959
225960	-1.978125	-1.293031	-0.837064	0.138328	0.288084	0.432980	-0.011324860248714685	1.7558299039780518e-05	0.2880823016166687
226080	-1.977954	-1.292646	-0.837255	0.138352	0.288203	0.432897	-0.011362888710573315	1.7558299039780518e-05	0.2882016897201538
226200	-1.977200	-1.292035	-0.836987	0.138456	0.288376	0.433013	-0.011416123388335109	2.6337448559670777e-05	0.28837427496910095
226320	-1.977801	-1.291467	-0.837205	0.138373	0.288537	0.432919	-0.011470264010131358	2.6337448559670777e-05	0.28853651881217957
226440	-1.977230	-1.290924	-0.835890	0.138452	0.288701	0.433489	-0.011515113525092602	2.6337448559670777e-05	0.2886987626552582
226560	-1.976944	-1.290524	-0.834708	0.138492	0.288823	0.434001	-0.011553690675646067	2.6337448559670777e-05	0.2888215482234955
226680	-1.976578	-1.289989	-0.833284	0.138543	0.288986	0.434620	-0.011596831539645792	3.9506172839506166e-05	0.28898313641548157
226800	-1.975424	-1.289417	-0.833075	0.138702	0.289147	0.434710	-0.011655154637992382	2.6337448559670777e-05	0.2891457974910736
226920	-1.975116	-1.289233	-0.832862	0.138745	0.289191	0.434803	-0.011668283538892866	1.7558299039780518e-05	0.2891896367073059
227040	-1.974687	-1.288544	-0.831947	0.138805	0.289395	0.435201	-0.011729027098044752	2.6337448559670777e-05	0.2893928587436676
227160	-1.974661	-1.288203	-0.830987	0.138808	0.289499	0.435619	-0.011761352326720953	2.6337448559670777e-05	0.2894980311393738
227280	-1.975622	-1.287998	-0.829652	0.138675	0.289584	0.436201	-0.011781688872724771	3.9506172839506166e-05	0.28958219289779663
227400	-1.976013	-1.287532	-0.828269	0.138621	0.289734	0.436805	-0.011820987658575177	2.6337448559670777e-05	0.28973308205604553
227520	-1.975804	-1.286770	-0.827405	0.138650	0.289964	0.437182	-0.011891364632174373	1.7558299039780518e-05	0.2899622321128845
227640	-1.975702	-1.286321	-0.827890	0.138664	0.290102	0.436971	-0.011935196164995433	2.6337448559670777e-05	0.2901023328304291
227760	-1.974272	-1.285659	-0.826974	0.138862	0.290290	0.437371	-0.01198971546255052	3.9506172839506166e-05	0.2902880609035492
227880	-1.973242	-1.285092	-0.826121	0.139005	0.290458	0.437744	-0.012041565915569662	2.6337448559670777e-05	0.2904569208621979
228000	-1.972931	-1.284634	-0.824740	0.139049	0.290623	0.438349	-0.012082778848707676	1.7558299039780518e-05	0.29062196612358093
228120	-1.973496	-1.284319	-0.823603	0.138970	0.290728	0.438848	-0.012114267703145743	2.6337448559670777e-05	0.29072797298431396
228240	-1.972532	-1.283867	-0.822554	0.139104	0.290865	0.439308	-0.012150671007111669	2.6337448559670777e-05	0.2908630967140198
228360	-1.973156	-1.283425	-0.822529	0.139017	0.291005	0.439319	-0.012187626119703055	3.9506172839506166e-05	0.291002094745636
228480	-1.974323	-1.282928	-0.821509	0.138855	0.291191	0.439768	-0.012235954543575645	3.9506172839506166e-05	0.2911888659000397
228600	-1.975005	-1.282823	-0.820956	0.138761	0.291239	0.440011	-0.012253171484917402	1.7558299039780518e-05	0.29123935103416443
228720	-1.974985	-1.282328	-0.820233	0.138763	0.291394	0.440329	-0.012288680113852025	2.6337448559670777e-05	0.29139244556427
228840	-1.974739	-1.281936	-0.820829	0.138798	0.291503	0.440067	-0.012325753457844257	1.7558299039780518e-05	0.29150184988975525
228960	-1.975459	-1.281521	-0.820836	0.138698	0.291634	0.440064	-0.01236438462510705	2.6337448559670777e-05	0.291632741689682
229080	-1.975499	-1.281237	-0.821403	0.138692	0.291732	0.439814	-0.01239078538492322	2.6337448559670777e-05	0.2917308211326599
229200	-1.975452	-1.280570	-0.820632	0.138699	0.291940	0.440154	-0.012451843917369842	2.6337448559670777e-05	0.2919401526451111
229320	-1.975229	-1.280107	-0.819547	0.138730	0.292077	0.440631	-0.012488666409626602	1.7558299039780518e-05	0.292075514793396
229440	-1.974344	-1.279596	-0.819105	0.138852	0.292230	0.440826	-0.012534849578514695	3.9506172839506166e-05	0.29222795367240906
229560	-1.973349	-1.279109	-0.817873	0.138991	0.292363	0.441369	-0.012584628257900476	1.7558299039780518e-05	0.29236289858818054
229680	-1.973882	-1.278597	-0.817739	0.138917	0.292522	0.441429	-0.012625065026804804	2.6337448559670777e-05	0.29252055287361145
229800	-1.973196	-1.278232	-0.817154	0.139012	0.292622	0.441687	-0.01265664272941649	2.6337448559670777e-05	0.29261964559555054
229920	-1.973807	-1.277957	-0.816561	0.138927	0.292706	0.441949	-0.012683289637789131	2.6337448559670777e-05	0.2927039861679077
230040	-1.973562	-1.277483	-0.815070	0.138961	0.292863	0.442608	-0.012724230345338584	2.6337448559670777e-05	0.2928604185581207
230160	-1.974504	-1.276925	-0.813840	0.138830	0.293048	0.443153	-0.012770381243899464	2.6337448559670777e-05	0.29304468631744385
230280	-1.974283	-1.276371	-0.812872	0.138861	0.293206	0.443582	-0.012828012416139244	2.6337448559670777e-05	0.2932051122188568
230400	-1.974807	-1.276126	-0.812868	0.138788	0.293296	0.443584	-0.012846937449648977	2.6337448559670777e-05	0.29329392313957214
230520	-1.975036	-1.275797	-0.812155	0.138756	0.293404	0.443900	-0.012875724490731955	2.6337448559670777e-05	0.29340147972106934
230640	-1.975423	-1.275192	-0.811610	0.138703	0.293589	0.444142	-0.012931126449257136	3.9506172839506166e-05	0.293586790561676
230760	-1.975854	-1.274721	-0.810730	0.138643	0.293735	0.444534	-0.012978262640535832	1.7558299039780518e-05	0.29373425245285034
230880	-1.976582	-1.274440	-0.809096	0.138542	0.293831	0.445260	-0.013003932777792215	2.6337448559670777e-05	0.2938310205936432
231000	-1.977307	-1.274088	-0.808373	0.138442	0.293939	0.445582	-0.013033244619145989	1.7558299039780518e-05	0.29393845796585083
231120	-1.976732	-1.273636	-0.806104	0.138521	0.294096	0.446595	-0.01307012108154595	1.1705532693187011e-05	0.29409393668174744
231240	-1.975851	-1.273142	-0.805552	0.138643	0.294237	0.446841	-0.01311827078461647	2.6337448559670777e-05	0.29423561692237854
231360	-1.973825	-1.272445	-0.805865	0.138924	0.294424	0.446702	-0.013177941227331758	3.9506172839506166e-05	0.29442304372787476
231480	-1.973805	-1.271986	-0.804395	0.138927	0.294571	0.447359	-0.013219399843364954	3.9506172839506166e-05	0.294568806886673
231600	-1.974284	-1.271105	-0.803186	0.138861	0.294855	0.447900	-0.013301845779642463	2.6337448559670777e-05	0.2948538362979889
231720	-1.974367	-1.270795	-0.802468	0.138849	0.294962	0.448222	-0.013329386059194804	1.7558299039780518e-05	0.2949611246585846
231840	-1.973928	-1.270369	-0.801382	0.138910	0.295114	0.448709	-0.013368049683049322	1.7558299039780518e-05	0.2951129078865051
231960	-1.973591	-1.269949	-0.800014	0.138957	0.295268	0.449323	-0.013402555510401726	2.6337448559670777e-05	0.29526597261428833
232080	-1.974166	-1.269566	-0.799252	0.138877	0.295379	0.449665	-0.0134424215182662	2.6337448559670777e-05	0.29537880420684814
232200	-1.973693	-1.268861	-0.798570	0.138943	0.295595	0.449972	-0.013504368392750621	2.6337448559670777e-05	0.2955949902534485
232320	-1.974317	-1.268415	-0.797455	0.138856	0.295755	0.450474	-0.013544519804418087	3.9506172839506166e-05	0.29575401544570923
232440	-1.973722	-1.268097	-0.797055	0.138939	0.295865	0.450654	-0.013572713453322649	2.6337448559670777e-05	0.2958635985851288
232560	-1.974092	-1.267573	-0.794882	0.138887	0.296040	0.451635	-0.013619802426546812	1.7558299039780518e-05	0.29603907465934753
232680	-1.974224	-1.267263	-0.794849	0.138869	0.296140	0.451649	-0.013651481829583645	3.9506172839506166e-05	0.2961391508579254
232800	-1.974185	-1.266680	-0.793538	0.138874	0.296334	0.452242	-0.013696813210844993	2.6337448559670777e-05	0.29633191227912903
232920	-1.973645	-1.266224	-0.793557	0.138949	0.296461	0.452233	-0.013741365261375904	2.6337448559670777e-05	0.29645997285842896
233040	-1.971451	-1.265444	-0.792403	0.139255	0.296687	0.452756	-0.013807557243853807	1.7558299039780518e-05	0.2966848909854889
233160	-1.971442	-1.265260	-0.791674	0.139256	0.296752	0.453085	-0.013828484481200576	3.9506172839506166e-05	0.2967512309551239
233280	-1.971769	-1.264812	-0.791605	0.139210	0.296891	0.453117	-0.01386997695080936	2.6337448559670777e-05	0.296889990568161
233400	-1.971648	-1.264413	-0.791269	0.139227	0.297028	0.453269	-0.013904653256759048	2.6337448559670777e-05	0.29702597856521606
233520	-1.971044	-1.263846	-0.789822	0.139311	0.297208	0.453925	-0.013955122698098421	2.6337448559670777e-05	0.29720667004585266
233640	-1.970575	-1.263279	-0.789864	0.139377	0.297393	0.453906	-0.01400458076968789	2.6337448559670777e-05	0.29739126563072205
233760	-1.970546	-1.262861	-0.790427	0.139381	0.297529	0.453651	-0.01404319554567337	1.7558299039780518e-05	0.2975284457206726
233880	-1.968863	-1.262360	-0.790631	0.139616	0.297660	0.453558	-0.014086652873083949	2.6337448559670777e-05	0.2976585030555725
234000	-1.968690	-1.261857	-0.790620	0.139640	0.297802	0.453564	-0.014135924819856881	2.6337448559670777e-05	0.29780134558677673
234120	-1.967465	-1.261602	-0.789823	0.139811	0.297871	0.453925	-0.01415940229780972	2.6337448559670777e-05	0.29787057638168335
234240	-1.968025	-1.261107	-0.787907	0.139733	0.298028	0.454796	-0.0142047556117177	3.9506172839506166e-05	0.29802802205085754
234360	-1.968953	-1.261187	-0.787614	0.139603	0.298021	0.454929	-0.014200564799830317	2.6337448559670777e-05	0.29802224040031433
234480	-1.969497	-1.260842	-0.787369	0.139527	0.298152	0.455040	-0.01422527115792036	2.6337448559670777e-05	0.29815059900283813
234600	-1.970153	-1.260467	-0.786781	0.139435	0.298279	0.455308	-0.01426068665459752	1.7558299039780518e-05	0.29827913641929626
234720	-1.970174	-1.259930	-0.785182	0.139433	0.298457	0.456037	-0.014305075956508517	3.9506172839506166e-05	0.2984548509120941
234840	-1.968989	-1.259603	-0.784571	0.139598	0.298551	0.456315	-0.014336420595645905	2.6337448559670777e-05	0.2985500991344452
234960	-1.967980	-1.259187	-0.783446	0.139739	0.298666	0.456829	-0.014371578767895698	3.9506172839506166e-05	0.2986648380756378
235080	-1.968460	-1.258811	-0.783676	0.139672	0.298801	0.456724	-0.014404855761677026	3.9506172839506166e-05	0.298798143863678
235200	-1.967887	-1.258108	-0.782064	0.139752	0.299025	0.457461	-0.014470088714733719	3.9506172839506166e-05	0.29902344942092896
235320	-1.967273	-1.257751	-0.781308	0.139838	0.299124	0.457807	-0.014505663746967911	1.7558299039780518e-05	0.2991235852241516
235440	-1.967717	-1.257611	-0.781224	0.139776	0.299171	0.457845	-0.014517294289544225	2.6337448559670777e-05	0.2991693913936615
235560	-1.967247	-1.257366	-0.779734	0.139841	0.299266	0.458528	-0.014538524206727743	3.9506172839506166e-05	0.29926493763923645
235680	-1.966873	-1.256883	-0.778820	0.139894	0.299425	0.458947	-0.01458234959281981	2.6337448559670777e-05	0.2994236350059509
235800	-1.968090	-1.256513	-0.779630	0.139724	0.299553	0.458575	-0.014612798346206546	2.6337448559670777e-05	0.29955044388771057
235920	-1.968274	-1.256069	-0.779901	0.139698	0.299694	0.458451	-0.014653574302792549	2.6337448559670777e-05	0.29969266057014465
236040	-1.968679	-1.255836	-0.778999	0.139641	0.299780	0.458865	-0.014674811903387309	1.7558299039780518e-05	0.2997785210609436
236160	-1.970383	-1.255521	-0.778398	0.139403	0.299875	0.459141	-0.014702414954081177	1.7558299039780518e-05	0.29987379908561707
236280	-1.970108	-1.255278	-0.778320	0.139442	0.299936	0.459177	-0.014729705872014165	2.6337448559670777e-05	0.2999367117881775
236400	-1.970296	-1.254972	-0.777408	0.139416	0.300038	0.459596	-0.014754287013784052	2.6337448559670777e-05	0.3000372052192688
236520	-1.969893	-1.254549	-0.776702	0.139472	0.300177	0.459920	-0.01479051485657692	2.6337448559670777e-05	0.30017414689064026
236640	-1.969585	-1.254096	-0.775853	0.139515	0.300337	0.460311	-0.014830387709662319	1.7558299039780518e-05	0.3003348708152771
236760	-1.968382	-1.253554	-0.774271	0.139683	0.300529	0.461040	-0.014881196338683367	1.7558299039780518e-05	0.30052897334098816
236880	-1.969215	-1.252917	-0.773257	0.139566	0.300752	0.461507	-0.01493586483411491	3.9506172839506166e-05	0.3007505238056183
237000	-1.968964	-1.252388	-0.772490	0.139601	0.300932	0.461862	-0.014982410473749042	2.6337448559670777e-05	0.30092889070510864
237120	-1.968361	-1.252072	-0.772530	0.139686	0.301024	0.461843	-0.01501255831681192	1.7558299039780518e-05	0.3010224401950836
237240	-1.967821	-1.251473	-0.772121	0.139761	0.301197	0.462032	-0.015066449483856558	1.7558299039780518e-05	0.3011952042579651
237360	-1.966311	-1.250784	-0.770971	0.139972	0.301418	0.462564	-0.015127739449962974	3.9506172839506166e-05	0.30141595005989075
237480	-1.965357	-1.250306	-0.770676	0.140106	0.301552	0.462700	-0.01517395437695086	1.7558299039780518e-05	0.30155065655708313
237600	-1.965916	-1.250101	-0.770727	0.140028	0.301629	0.462677	-0.015194449992850422	1.7558299039780518e-05	0.3016284108161926
237720	-1.965208	-1.249709	-0.769957	0.140127	0.301751	0.463033	-0.015223240479826927	3.9506172839506166e-05	0.30174800753593445
237840	-1.965304	-1.249363	-0.769335	0.140113	0.301850	0.463321	-0.01526021296158433	2.6337448559670777e-05	0.3018496036529541
237960	-1.964626	-1.249218	-0.769792	0.140208	0.301879	0.463110	-0.015269428957253695	2.6337448559670777e-05	0.3018767833709717
238080	-1.964322	-1.248868	-0.769525	0.140251	0.301976	0.463233	-0.015301696630194784	1.7558299039780518e-05	0.30197465419769287
238200	-1.963333	-1.248517	-0.769044	0.140390	0.302085	0.463456	-0.015334564493969083	1.7558299039780518e-05	0.3020850718021393
238320	-1.963108	-1.248118	-0.769199	0.140421	0.302188	0.463384	-0.015367913525551558	1.7558299039780518e-05	0.3021869659423828
238440	-1.962610	-1.247754	-0.769047	0.140491	0.302312	0.463454	-0.015403130650520324	2.6337448559670777e-05	0.30231043696403503
238560	-1.962285	-1.247399	-0.768679	0.140537	0.302413	0.463625	-0.015437516570091247	1.7558299039780518e-05	0.3024134337902069
238680	-1.961546	-1.247168	-0.768278	0.140641	0.302504	0.463811	-0.015454925410449506	2.6337448559670777e-05	0.3025020956993103
238800	-1.960729	-1.246791	-0.767724	0.140756	0.302626	0.464068	-0.015491524292156101	3.9506172839506166e-05	0.3026255667209625
238920	-1.959996	-1.246556	-0.767776	0.140859	0.302705	0.464044	-0.015514008514583112	3.9506172839506166e-05	0.30270466208457947
239040	-1.960257	-1.246143	-0.767313	0.140822	0.302845	0.464259	-0.015541812917217613	3.9506172839506166e-05	0.3028416037559509
239160	-1.960688	-1.245721	-0.767888	0.140762	0.302967	0.463992	-0.015587519435212017	2.6337448559670777e-05	0.30296722054481506
239280	-1.960470	-1.245612	-0.768445	0.140792	0.302990	0.463733	-0.015596753126010299	1.7558299039780518e-05	0.3029886782169342
239400	-1.960064	-1.245266	-0.768331	0.140849	0.303075	0.463786	-0.015629294142127038	1.7558299039780518e-05	0.3030751347541809
239520	-1.961015	-1.244991	-0.767762	0.140716	0.303164	0.464051	-0.01565287709236145	2.6337448559670777e-05	0.3031628131866455
239640	-1.961495	-1.244585	-0.766531	0.140648	0.303304	0.464622	-0.015685867983847857	1.7558299039780518e-05	0.303302139043808
239760	-1.960888	-1.244120	-0.764544	0.140733	0.303442	0.465546	-0.0157313316129148	1.7558299039780518e-05	0.30344119668006897
239880	-1.961673	-1.243754	-0.764032	0.140623	0.303574	0.465785	-0.01576545471325517	2.6337448559670777e-05	0.30357423424720764
240000	-1.960379	-1.243357	-0.763218	0.140805	0.303681	0.466164	-0.015797655284404754	3.9506172839506166e-05	0.30367884039878845
240120	-1.959932	-1.243052	-0.763065	0.140868	0.303763	0.466235	-0.015828886721283197	3.9506172839506166e-05	0.30376267433166504
240240	-1.960008	-1.242519	-0.763947	0.140857	0.303921	0.465824	-0.01587395565584302	3.9506172839506166e-05	0.30392003059387207
240360	-1.959591	-1.242075	-0.762735	0.140916	0.304058	0.466389	-0.015907308831810952	2.6337448559670777e-05	0.30405429005622864
240480	-1.960534	-1.241660	-0.762154	0.140783	0.304211	0.466660	-0.015955829992890358	2.6337448559670777e-05	0.30421119928359985
240600	-1.961783	-1.241332	-0.761536	0.140608	0.304344	0.466949	-0.015982893574982882	1.7558299039780518e-05	0.30434319376945496
240720	-1.961997	-1.240875	-0.759828	0.140577	0.304510	0.467747	-0.016025247517973185	3.9506172839506166e-05	0.3045097589492798
240840	-1.962694	-1.240446	-0.759392	0.140479	0.304653	0.467951	-0.016060773562639952	3.9506172839506166e-05	0.3046519458293915
240960	-1.962538	-1.240009	-0.758022	0.140501	0.304794	0.468592	-0.016101587284356355	3.9506172839506166e-05	0.3047927916049957
241080	-1.962506	-1.239600	-0.757017	0.140506	0.304928	0.469064	-0.016138307098299266	2.6337448559670777e-05	0.30492615699768066
241200	-1.962632	-1.239587	-0.756502	0.140488	0.304935	0.469305	-0.016142514906823634	2.6337448559670777e-05	0.30493536591529846
241320	-1.961673	-1.239120	-0.755612	0.140623	0.305069	0.469723	-0.016176452301442622	1.7558299039780518e-05	0.30506664514541626
241440	-1.960800	-1.238709	-0.755051	0.140746	0.305187	0.469986	-0.01622211802750826	2.6337448559670777e-05	0.30518683791160583
241560	-1.960723	-1.237969	-0.754019	0.140757	0.305420	0.470472	-0.016279682982712984	2.6337448559670777e-05	0.30541807413101196
241680	-1.959487	-1.237325	-0.752596	0.140931	0.305624	0.471142	-0.016335591953247786	2.6337448559670777e-05	0.30562055110931396
241800	-1.959598	-1.236985	-0.751257	0.140915	0.305736	0.471773	-0.016374608874320982	2.6337448559670777e-05	0.3057357668876648
241920	-1.959663	-1.236658	-0.751520	0.140906	0.305836	0.471649	-0.016402090527117254	3.9506172839506166e-05	0.30583491921424866
242040	-1.958780	-1.236083	-0.750849	0.141030	0.306037	0.471966	-0.016452653612941504	2.6337448559670777e-05	0.3060356378555298
242160	-1.959010	-1.235575	-0.749701	0.140998	0.306222	0.472508	-0.01650049230083823	2.6337448559670777e-05	0.3062208592891693
242280	-1.959515	-1.235230	-0.748339	0.140927	0.306342	0.473152	-0.016529566235840322	2.6337448559670777e-05	0.30634021759033203
242400	-1.959514	-1.234800	-0.747517	0.140927	0.306494	0.473541	-0.01656663101166487	1.7558299039780518e-05	0.3064929246902466
242520	-1.959438	-1.234297	-0.745924	0.140938	0.306668	0.474296	-0.0166091070510447	3.9506172839506166e-05	0.3066653609275818
242640	-1.960475	-1.233822	-0.744839	0.140792	0.306845	0.474811	-0.01665484458208084	3.9506172839506166e-05	0.30684301257133484
242760	-1.961736	-1.233363	-0.744137	0.140614	0.307008	0.475144	-0.01669325865805149	2.6337448559670777e-05	0.30700430274009705
242880	-1.961412	-1.233081	-0.743475	0.140660	0.307095	0.475459	-0.01672334261238575	1.7558299039780518e-05	0.3070937991142273
243000	-1.961316	-1.232976	-0.744040	0.140673	0.307100	0.475190	-0.016735970601439477	1.7558299039780518e-05	0.3070995509624481
243120	-1.961158	-1.232648	-0.743568	0.140695	0.307188	0.475415	-0.01676353709772229	2.6337448559670777e-05	0.3071870505809784
243240	-1.961022	-1.232114	-0.743696	0.140715	0.307333	0.475354	-0.016803769022226335	1.7558299039780518e-05	0.3073299825191498
243360	-1.959697	-1.231827	-0.743222	0.140901	0.307409	0.475579	-0.016839156858623028	1.7558299039780518e-05	0.30740875005722046
243480	-1.960261	-1.231340	-0.742175	0.140822	0.307582	0.476077	-0.01688105333596468	3.9506172839506166e-05	0.30758124589920044
243600	-1.961083	-1.230948	-0.741059	0.140706	0.307707	0.476609	-0.016913511231541632	3.9506172839506166e-05	0.3077051341533661
243720	-1.960378	-1.230334	-0.739784	0.140805	0.307897	0.477217	-0.016968450043350458	3.9506172839506166e-05	0.30789417028427124
243840	-1.960000	-1.230050	-0.738968	0.140858	0.307993	0.477607	-0.016998324356973172	2.6337448559670777e-05	0.30799248814582825
243960	-1.959857	-1.229824	-0.738900	0.140879	0.308071	0.477639	-0.01701742522418499	2.6337448559670777e-05	0.3080700933933258
244080	-1.959925	-1.229600	-0.737553	0.140869	0.308169	0.478283	-0.0170387314632535	3.9506172839506166e-05	0.3081684112548828
244200	-1.959119	-1.229140	-0.736325	0.140983	0.308320	0.478870	-0.01707701273262501	1.7558299039780518e-05	0.3083189129829407
244320	-1.958915	-1.228806	-0.736385	0.141011	0.308437	0.478842	-0.01710821259766817	1.7558299039780518e-05	0.3084363043308258
244440	-1.959557	-1.228396	-0.735050	0.140921	0.308573	0.479482	-0.017142599262297154	2.6337448559670777e-05	0.3085705041885376
244560	-1.959003	-1.227787	-0.734700	0.140999	0.308780	0.479650	-0.01719895116984844	2.6337448559670777e-05	0.3087785243988037
244680	-1.958349	-1.227505	-0.733457	0.141091	0.308868	0.480246	-0.01722710970789194	3.9506172839506166e-05	0.3088657855987549
244800	-1.957531	-1.227203	-0.732544	0.141207	0.308968	0.480685	-0.01725526889786124	3.9506172839506166e-05	0.30896762013435364
244920	-1.958302	-1.226956	-0.732691	0.141098	0.309074	0.480614	-0.01727359099313617	1.7558299039780518e-05	0.309072881937027
245040	-1.957288	-1.226463	-0.732025	0.141241	0.309242	0.480934	-0.01731554213911295	1.7558299039780518e-05	0.30924028158187866
245160	-1.956705	-1.225858	-0.731834	0.141323	0.309426	0.481026	-0.017377510387450456	3.9506172839506166e-05	0.30942749977111816
245280	-1.957973	-1.225579	-0.732144	0.141144	0.309521	0.480877	-0.017400391586124896	1.7558299039780518e-05	0.3095201253890991
245400	-1.957034	-1.225294	-0.732445	0.141277	0.309597	0.480732	-0.017424552608281373	1.7558299039780518e-05	0.3095957040786743
245520	-1.956164	-1.224859	-0.732211	0.141400	0.309732	0.480845	-0.01746144900098443	1.7558299039780518e-05	0.3097309172153473
245640	-1.956059	-1.224618	-0.731562	0.141415	0.309800	0.481157	-0.01748329484835267	1.7558299039780518e-05	0.30979838967323303
245760	-1.955847	-1.223927	-0.732012	0.141445	0.310002	0.480940	-0.017544894013553858	1.7558299039780518e-05	0.310001403093338
245880	-1.955914	-1.223631	-0.731328	0.141435	0.310104	0.481269	-0.01757562318816781	2.6337448559670777e-05	0.31010332703590393
246000	-1.956586	-1.223423	-0.731803	0.141340	0.310171	0.481041	-0.017593036778271197	1.7558299039780518e-05	0.3101706802845001
246120	-1.955130	-1.222975	-0.732890	0.141546	0.310287	0.480518	-0.01762850396335125	2.6337448559670777e-05	0.3102843761444092
246240	-1.954157	-1.222431	-0.732501	0.141684	0.310464	0.480705	-0.017680338956415652	2.6337448559670777e-05	0.31046268343925476
246360	-1.954922	-1.222204	-0.732004	0.141576	0.310538	0.480944	-0.017696466110646725	1.7558299039780518e-05	0.3105352520942688
246480	-1.953663	-1.221706	-0.730858	0.141754	0.310696	0.481496	-0.017744290176779032	3.9506172839506166e-05	0.3106938600540161
246600	-1.952549	-1.221183	-0.730433	0.141912	0.310854	0.481700	-0.017791819386184217	3.9506172839506166e-05	0.3108524680137634
246720	-1.952716	-1.220628	-0.729699	0.141888	0.311020	0.482054	-0.0178408476524055	3.9506172839506166e-05	0.31101781129837036
246840	-1.953029	-1.220263	-0.727610	0.141844	0.311160	0.483062	-0.01787759056314826	1.7558299039780518e-05	0.311158686876297
246960	-1.952836	-1.219691	-0.726980	0.141871	0.311354	0.483367	-0.01792903058230877	2.6337448559670777e-05	0.3113533556461334
247080	-1.952818	-1.219329	-0.725773	0.141874	0.311498	0.483950	-0.0179587516002357	1.7558299039780518e-05	0.31149688363075256
247200	-1.952822	-1.218955	-0.724594	0.141873	0.311632	0.484521	-0.017988915741443633	1.7558299039780518e-05	0.31162911653518677
247320	-1.953451	-1.218587	-0.722233	0.141784	0.311776	0.485666	-0.018025594670325516	1.7558299039780518e-05	0.3117745518684387
247440	-1.953272	-1.218294	-0.721962	0.141809	0.311841	0.485798	-0.018058874178677797	1.7558299039780518e-05	0.31184059381484985
247560	-1.953201	-1.218033	-0.721054	0.141819	0.311939	0.486240	-0.018080271035432815	3.9506172839506166e-05	0.3119381070137024
247680	-1.954351	-1.217629	-0.721081	0.141656	0.312061	0.486226	-0.018112032674252987	3.9506172839506166e-05	0.3120582401752472
247800	-1.955037	-1.217278	-0.721107	0.141559	0.312168	0.486214	-0.01814878694713116	2.6337448559670777e-05	0.312167763710022
247920	-1.954298	-1.216658	-0.720112	0.141664	0.312359	0.486698	-0.018198246974498032	3.9506172839506166e-05	0.312357097864151
248040	-1.953840	-1.216250	-0.720415	0.141729	0.312480	0.486550	-0.01823600810021162	1.7558299039780518e-05	0.3124784231185913
248160	-1.954162	-1.215718	-0.719572	0.141683	0.312660	0.486961	-0.01828526137396693	1.7558299039780518e-05	0.3126594126224518
248280	-1.953821	-1.215119	-0.719021	0.141732	0.312839	0.487229	-0.018333048094063997	3.9506172839506166e-05	0.3128345310688019
248400	-1.954249	-1.214559	-0.718387	0.141671	0.313041	0.487538	-0.01839139861986041	2.6337448559670777e-05	0.3130403459072113
248520	-1.953761	-1.214230	-0.717575	0.141740	0.313155	0.487934	-0.018415398709475995	1.7558299039780518e-05	0.31315281987190247
248640	-1.954508	-1.213791	-0.716331	0.141634	0.313312	0.488541	-0.018453884311020373	1.7558299039780518e-05	0.3133087158203125
248760	-1.954711	-1.213171	-0.715087	0.141605	0.313513	0.489149	-0.018509417958557605	2.6337448559670777e-05	0.3135109543800354
248880	-1.954800	-1.212499	-0.714287	0.141593	0.313743	0.489541	-0.018574468232691287	2.6337448559670777e-05	0.31374165415763855
249000	-1.954828	-1.212090	-0.714373	0.141589	0.313869	0.489499	-0.018608671519905327	1.7558299039780518e-05	0.3138675093650818
249120	-1.954793	-1.211878	-0.713684	0.141594	0.313958	0.489836	-0.01863531759008765	1.7558299039780518e-05	0.31395819783210754
249240	-1.955529	-1.211498	-0.712195	0.141490	0.314121	0.490566	-0.018666967935860156	2.6337448559670777e-05	0.31412020325660706
249360	-1.955013	-1.211255	-0.711447	0.141563	0.314205	0.490933	-0.018690728396177293	3.9506172839506166e-05	0.31420445442199707
249480	-1.954149	-1.211079	-0.711484	0.141685	0.314249	0.490915	-0.018708404060453175	3.9506172839506166e-05	0.3142502009868622
249600	-1.953936	-1.210777	-0.709718	0.141715	0.314380	0.491783	-0.01873160284012556	1.7558299039780518e-05	0.31437918543815613
249720	-1.954334	-1.210523	-0.710041	0.141659	0.314484	0.491624	-0.018752048071473838	3.9506172839506166e-05	0.3144817650318146
249840	-1.954627	-1.209956	-0.709592	0.141617	0.314675	0.491845	-0.018803091999143363	3.9506172839506166e-05	0.3146740198135376
249960	-1.953693	-1.209645	-0.711147	0.141750	0.314759	0.491080	-0.018835150450468064	1.7558299039780518e-05	0.3147583603858948
250080	-1.953691	-1.209237	-0.710228	0.141750	0.314883	0.491532	-0.01886469265446067	1.7558299039780518e-05	0.31488144397735596
250200	-1.953041	-1.209023	-0.710613	0.141842	0.314946	0.491343	-0.01889124121516943	2.6337448559670777e-05	0.31494563817977905
250320	-1.953069	-1.208376	-0.709993	0.141838	0.315170	0.491648	-0.018945065792649984	3.9506172839506166e-05	0.3151673674583435
250440	-1.953209	-1.207866	-0.709144	0.141818	0.315354	0.492065	-0.018993973918259143	2.6337448559670777e-05	0.31535279750823975
250560	-1.952292	-1.207298	-0.708715	0.141948	0.315540	0.492276	-0.019039023388177156	1.7558299039780518e-05	0.3155372738838196
250680	-1.952635	-1.206606	-0.708238	0.141900	0.315805	0.492511	-0.01910143345594406	1.7558299039780518e-05	0.3158029019832611
250800	-1.952984	-1.206239	-0.709280	0.141850	0.315928	0.491998	-0.019141266588121653	2.6337448559670777e-05	0.3159271478652954
250920	-1.952329	-1.205763	-0.707770	0.141943	0.316110	0.492742	-0.019180425349622963	3.9506172839506166e-05	0.31610798835754395
251040	-1.951614	-1.205250	-0.707101	0.142045	0.316279	0.493072	-0.019225956592708825	3.9506172839506166e-05	0.31627675890922546
251160	-1.950143	-1.204628	-0.706094	0.142254	0.316473	0.493569	-0.019284803979098798	2.6337448559670777e-05	0.3164727985858917
251280	-1.949784	-1.204109	-0.704253	0.142305	0.316655	0.494478	-0.019330910034477712	3.9506172839506166e-05	0.31665319204330444
251400	-1.949235	-1.203483	-0.702964	0.142383	0.316858	0.495116	-0.01938563333824277	2.6337448559670777e-05	0.3168557286262512
251520	-1.950157	-1.203179	-0.701692	0.142252	0.316994	0.495746	-0.019415672589093446	1.7558299039780518e-05	0.31699293851852417
251640	-1.950348	-1.202784	-0.701409	0.142225	0.317118	0.495886	-0.019454081542789936	3.9506172839506166e-05	0.3171185851097107
251760	-1.949685	-1.202348	-0.700698	0.142319	0.317245	0.496239	-0.01948318937793374	1.7558299039780518e-05	0.3172421157360077
251880	-1.950027	-1.201894	-0.700566	0.142270	0.317383	0.496304	-0.01952857794240117	3.9506172839506166e-05	0.3173808455467224
252000	-1.950720	-1.201270	-0.699247	0.142172	0.317610	0.496959	-0.019587045069783926	2.6337448559670777e-05	0.31760868430137634
252120	-1.950572	-1.200774	-0.699745	0.142193	0.317771	0.496712	-0.01963044600561261	1.7558299039780518e-05	0.3177693784236908
252240	-1.950821	-1.200351	-0.700106	0.142157	0.317888	0.496533	-0.019671150110661985	1.7558299039780518e-05	0.3178882300853729
252360	-1.950972	-1.199791	-0.700593	0.142136	0.318079	0.496291	-0.019717968720942735	2.6337448559670777e-05	0.3180782198905945
252480	-1.950481	-1.199226	-0.699951	0.142206	0.318268	0.496610	-0.019769872631877662	2.6337448559670777e-05	0.3182666301727295
252600	-1.950610	-1.198706	-0.699485	0.142187	0.318421	0.496841	-0.019821202754974364	2.6337448559670777e-05	0.31842005252838135
252720	-1.950892	-1.198406	-0.699200	0.142147	0.318523	0.496983	-0.01984729366376996	2.6337448559670777e-05	0.31852278113365173
252840	-1.950574	-1.197758	-0.698459	0.142192	0.318725	0.497351	-0.01989429723471403	3.9506172839506166e-05	0.3187212646007538
252960	-1.950662	-1.197378	-0.697654	0.142180	0.318843	0.497752	-0.019937744829803705	2.6337448559670777e-05	0.3188415467739105
253080	-1.949620	-1.196969	-0.696314	0.142328	0.319001	0.498419	-0.019972672034054995	1.7558299039780518e-05	0.31900039315223694
253200	-1.949944	-1.196677	-0.695653	0.142282	0.319120	0.498749	-0.020000311359763146	1.7558299039780518e-05	0.3191186189651489
253320	-1.950880	-1.196194	-0.695548	0.142149	0.319271	0.498801	-0.020041998382657765	2.6337448559670777e-05	0.31926974654197693
253440	-1.951127	-1.195654	-0.696749	0.142114	0.319451	0.498202	-0.020091671869158743	2.6337448559670777e-05	0.3194493353366852
253560	-1.950413	-1.195166	-0.697094	0.142215	0.319602	0.498030	-0.020137881487607957	2.6337448559670777e-05	0.3196013569831848
253680	-1.950717	-1.194836	-0.696407	0.142172	0.319725	0.498373	-0.020162874925881626	1.7558299039780518e-05	0.3197217881679535
253800	-1.949831	-1.194484	-0.696318	0.142298	0.319831	0.498417	-0.02019797218963504	2.6337448559670777e-05	0.3198293149471283
253920	-1.949472	-1.194064	-0.695757	0.142349	0.319961	0.498697	-0.020230315905064345	2.6337448559670777e-05	0.3199586570262909
254040	-1.949200	-1.193554	-0.694348	0.142388	0.320135	0.499400	-0.02028097314760089	2.6337448559670777e-05	0.3201333284378052
254160	-1.949180	-1.193045	-0.693733	0.142391	0.320334	0.499707	-0.020326827839016914	2.6337448559670777e-05	0.3203319311141968
254280	-1.948375	-1.192919	-0.693639	0.142505	0.320367	0.499754	-0.020343275740742683	2.6337448559670777e-05	0.3203670382499695
254400	-1.948472	-1.192502	-0.693157	0.142492	0.320493	0.499995	-0.020373269636183976	2.6337448559670777e-05	0.32049113512039185
254520	-1.947289	-1.191745	-0.691143	0.142660	0.320753	0.501003	-0.02044516457244754	1.1705532693187011e-05	0.32075250148773193
254640	-1.946434	-1.191485	-0.690175	0.142782	0.320846	0.501488	-0.020468219183385372	1.7558299039780518e-05	0.3208456337451935
254760	-1.946833	-1.191026	-0.689674	0.142725	0.320995	0.501740	-0.020508215855807067	1.7558299039780518e-05	0.320993572473526
254880	-1.946397	-1.190531	-0.687849	0.142788	0.321182	0.502656	-0.020554825197905302	1.7558299039780518e-05	0.3211812973022461
255000	-1.946035	-1.190069	-0.688639	0.142839	0.321325	0.502259	-0.020596220437437297	1.7558299039780518e-05	0.3213248550891876
255120	-1.945624	-1.189822	-0.689083	0.142898	0.321391	0.502036	-0.02061962792649865	2.6337448559670777e-05	0.3213910758495331
255240	-1.945609	-1.189679	-0.687981	0.142900	0.321453	0.502590	-0.020632203295826913	2.6337448559670777e-05	0.3214521110057831
255360	-1.944652	-1.189132	-0.687569	0.143037	0.321610	0.502797	-0.020669669937342407	3.9506172839506166e-05	0.32160553336143494
255480	-1.944973	-1.188859	-0.687294	0.142991	0.321706	0.502935	-0.020702797453850508	2.6337448559670777e-05	0.3217036724090576
255600	-1.946131	-1.188604	-0.687236	0.142826	0.321821	0.502964	-0.020728424284607173	1.7558299039780518e-05	0.32182103395462036
255720	-1.946072	-1.188430	-0.686720	0.142834	0.321881	0.503224	-0.02074180552735925	3.9506172839506166e-05	0.3218797445297241
255840	-1.946134	-1.187711	-0.685771	0.142825	0.322129	0.503702	-0.020804831478744745	3.9506172839506166e-05	0.32212692499160767
255960	-1.946296	-1.187063	-0.684978	0.142802	0.322349	0.504101	-0.0208590985275805	3.9506172839506166e-05	0.3223438560962677
256080	-1.946368	-1.186617	-0.684841	0.142792	0.322484	0.504171	-0.020912495069205762	3.9506172839506166e-05	0.3224860429763794
256200	-1.945924	-1.185937	-0.684720	0.142855	0.322722	0.504232	-0.020961569063365458	3.9506172839506166e-05	0.3227194845676422
256320	-1.944918	-1.185405	-0.683017	0.142999	0.322902	0.505091	-0.02101522237062454	3.9506172839506166e-05	0.32290178537368774
256440	-1.945321	-1.185156	-0.682182	0.142941	0.323000	0.505513	-0.0210374440997839	1.7558299039780518e-05	0.32299861311912537
256560	-1.945926	-1.184825	-0.682527	0.142855	0.323127	0.505338	-0.021064870245754718	1.7558299039780518e-05	0.32312512397766113
256680	-1.945582	-1.184807	-0.682937	0.142904	0.323128	0.505131	-0.021073518227785824	2.6337448559670777e-05	0.32312873005867004
256800	-1.947231	-1.184386	-0.681449	0.142669	0.323312	0.505883	-0.021107571944594384	3.9506172839506166e-05	0.3233117461204529
256920	-1.947044	-1.184160	-0.681240	0.142695	0.323383	0.505989	-0.0211300615221262	2.6337448559670777e-05	0.3233838379383087
257040	-1.946915	-1.183566	-0.680168	0.142714	0.323589	0.506532	-0.0211727162823081	1.7558299039780518e-05	0.32358667254447937
257160	-1.947491	-1.183092	-0.679697	0.142632	0.323750	0.506771	-0.02121830256655812	2.6337448559670777e-05	0.3237474858760834
257280	-1.946942	-1.182334	-0.679028	0.142710	0.324002	0.507110	-0.021285908482968807	2.6337448559670777e-05	0.32400012016296387
257400	-1.946462	-1.181862	-0.677969	0.142778	0.324152	0.507647	-0.02133334008976817	2.6337448559670777e-05	0.32415106892585754
257520	-1.946534	-1.181360	-0.676544	0.142768	0.324328	0.508371	-0.021377069782465695	2.6337448559670777e-05	0.3243258595466614
257640	-1.946797	-1.181018	-0.675262	0.142731	0.324457	0.509023	-0.02140326639637351	3.9506172839506166e-05	0.3244530260562897
257760	-1.946407	-1.180527	-0.675616	0.142786	0.324615	0.508843	-0.02145196981728077	2.6337448559670777e-05	0.32461342215538025
257880	-1.945927	-1.179949	-0.674591	0.142855	0.324822	0.509365	-0.021505011059343816	2.6337448559670777e-05	0.3248198926448822
258000	-1.946662	-1.179575	-0.674448	0.142750	0.324956	0.509437	-0.02153384340927005	2.6337448559670777e-05	0.3249536454677582
258120	-1.946244	-1.179134	-0.673350	0.142810	0.325091	0.509997	-0.02158084325492382	2.6337448559670777e-05	0.32509031891822815
258240	-1.945822	-1.178639	-0.672972	0.142870	0.325264	0.510190	-0.021623858716338873	1.7558299039780518e-05	0.3252621293067932
258360	-1.945576	-1.178307	-0.671943	0.142905	0.325370	0.510716	-0.02165309665724635	1.7558299039780518e-05	0.3253684937953949
258480	-1.945827	-1.177752	-0.671213	0.142869	0.325577	0.511088	-0.021701240632683038	1.7558299039780518e-05	0.3255758583545685
258600	-1.945713	-1.177409	-0.670126	0.142885	0.325684	0.511644	-0.021732200030237438	1.7558299039780518e-05	0.3256821036338806
258720	-1.944849	-1.176786	-0.668887	0.143009	0.325904	0.512278	-0.021787490881979465	2.6337448559670777e-05	0.32590189576148987
258840	-1.945042	-1.176456	-0.668372	0.142981	0.326011	0.512542	-0.02182255983352661	3.9506172839506166e-05	0.32601043581962585
258960	-1.945009	-1.176250	-0.667611	0.142986	0.326080	0.512932	-0.021842785365879535	2.6337448559670777e-05	0.32608065009117126
259080	-1.945218	-1.175561	-0.666182	0.142956	0.326305	0.513666	-0.021903151459991933	1.7558299039780518e-05	0.3263053894042969
259200	-1.946244	-1.175113	-0.666238	0.142809	0.326470	0.513637	-0.0219392248429358	2.6337448559670777e-05	0.3264680802822113
259320	-1.946344	-1.174845	-0.665969	0.142795	0.326532	0.513776	-0.021965451259166	2.6337448559670777e-05	0.32653024792671204
259440	-1.946416	-1.174424	-0.665815	0.142785	0.326705	0.513855	-0.022001938335597514	2.6337448559670777e-05	0.32670268416404724
259560	-1.944548	-1.173751	-0.664926	0.143052	0.326937	0.514311	-0.02206009514629841	1.7558299039780518e-05	0.3269363343715668
259680	-1.944228	-1.173520	-0.663051	0.143098	0.327036	0.515277	-0.02208331823348999	2.6337448559670777e-05	0.3270346224308014
259800	-1.944915	-1.173119	-0.662541	0.142999	0.327148	0.515540	-0.022118366789072752	1.7558299039780518e-05	0.32714664936065674
259920	-1.944287	-1.172799	-0.662328	0.143089	0.327252	0.515649	-0.022145476564764975	2.6337448559670777e-05	0.3272492587566376
260040	-1.944675	-1.172226	-0.661164	0.143034	0.327464	0.516250	-0.022200398985296486	1.7558299039780518e-05	0.327463299036026
260160	-1.944373	-1.171721	-0.661041	0.143077	0.327616	0.516314	-0.022248480841517447	1.7558299039780518e-05	0.3276155889034271
260280	-1.944784	-1.171419	-0.660535	0.143018	0.327713	0.516575	-0.02227369025349617	1.7558299039780518e-05	0.3277120590209961
260400	-1.946935	-1.171346	-0.659097	0.142711	0.327771	0.517318	-0.0222831298597157	1.7558299039780518e-05	0.32777097821235657
260520	-1.947206	-1.170961	-0.658363	0.142672	0.327899	0.517698	-0.022313595190644263	3.9506172839506166e-05	0.3278980851173401
260640	-1.947223	-1.170530	-0.658632	0.142670	0.328045	0.517559	-0.022351769730448723	2.6337448559670777e-05	0.3280435800552368
260760	-1.946934	-1.169898	-0.656676	0.142711	0.328277	0.518572	-0.022407251596450805	1.7558299039780518e-05	0.3282749056816101
260880	-1.946621	-1.169596	-0.656500	0.142756	0.328406	0.518664	-0.022435990627855062	2.6337448559670777e-05	0.32840314507484436
261000	-1.946791	-1.169087	-0.656693	0.142731	0.328591	0.518564	-0.02248347392305732	1.7558299039780518e-05	0.3285902142524719
261120	-1.946853	-1.168538	-0.655085	0.142723	0.328802	0.519398	-0.02252867566421628	2.6337448559670777e-05	0.32879942655563354
261240	-1.945863	-1.167763	-0.654595	0.142864	0.329063	0.519652	-0.02259470513090491	2.6337448559670777e-05	0.3290598392486572
261360	-1.946360	-1.167337	-0.653057	0.142793	0.329251	0.520452	-0.02263670740649104	2.6337448559670777e-05	0.32924747467041016
261480	-1.946444	-1.167208	-0.653257	0.142781	0.329291	0.520348	-0.022655170783400534	2.6337448559670777e-05	0.32929113507270813
261600	-1.946715	-1.167054	-0.653715	0.142742	0.329344	0.520110	-0.02267058603465557	3.9506172839506166e-05	0.32934486865997314
261720	-1.946799	-1.166403	-0.652227	0.142730	0.329582	0.520884	-0.022722537349909543	2.6337448559670777e-05	0.32957974076271057
261840	-1.946433	-1.165822	-0.652562	0.142782	0.329792	0.520710	-0.022774254716932774	1.7558299039780518e-05	0.3297901451587677
261960	-1.946539	-1.165388	-0.651979	0.142767	0.329971	0.521014	-0.022818224783986808	3.9506172839506166e-05	0.3299699127674103
262080	-1.945826	-1.165089	-0.651282	0.142869	0.330082	0.521377	-0.022841333597898483	2.6337448559670777e-05	0.33007949590682983
262200	-1.946135	-1.164905	-0.650172	0.142825	0.330183	0.521956	-0.02286240253597498	2.6337448559670777e-05	0.3301823139190674
262320	-1.945376	-1.164346	-0.648979	0.142933	0.330376	0.522579	-0.022904775850474835	1.7558299039780518e-05	0.33037468791007996
262440	-1.945472	-1.163757	-0.648395	0.142920	0.330558	0.522884	-0.022963619232177733	2.6337448559670777e-05	0.3305569291114807
262560	-1.945696	-1.163316	-0.647795	0.142888	0.330742	0.523198	-0.023004948534071444	1.7558299039780518e-05	0.33074161410331726
262680	-1.945000	-1.163051	-0.647914	0.142987	0.330812	0.523136	-0.02302710823714733	2.6337448559670777e-05	0.3308103680610657
262800	-1.944293	-1.162817	-0.647642	0.143088	0.330868	0.523278	-0.02304765721783042	3.9506172839506166e-05	0.33086609840393066
262920	-1.943755	-1.162022	-0.646339	0.143165	0.331141	0.523960	-0.02311347657814622	2.6337448559670777e-05	0.33113789558410645
263040	-1.944010	-1.161355	-0.645022	0.143129	0.331413	0.524651	-0.023174499161541462	2.6337448559670777e-05	0.3314101994037628
263160	-1.943995	-1.161156	-0.645157	0.143131	0.331518	0.524580	-0.023198834713548423	2.6337448559670777e-05	0.33151721954345703
263280	-1.944240	-1.160586	-0.642729	0.143096	0.331727	0.525855	-0.023248443473130466	1.7558299039780518e-05	0.33172526955604553
263400	-1.943439	-1.160145	-0.641323	0.143211	0.331896	0.526595	-0.023283787537366152	2.6337448559670777e-05	0.3318931460380554
263520	-1.943175	-1.159480	-0.640671	0.143248	0.332119	0.526939	-0.023344379011541606	1.7558299039780518e-05	0.3321179747581482
263640	-1.943048	-1.158823	-0.640302	0.143267	0.332333	0.527133	-0.023400568403303623	3.9506172839506166e-05	0.3323303461074829
263760	-1.943757	-1.158277	-0.638780	0.143165	0.332548	0.527936	-0.023460110742598773	1.7558299039780518e-05	0.33254826068878174
263880	-1.942994	-1.157934	-0.637434	0.143274	0.332655	0.528647	-0.023486620653420685	1.7558299039780518e-05	0.3326525092124939
264000	-1.943825	-1.157388	-0.636637	0.143155	0.332861	0.529069	-0.02353759976103902	2.6337448559670777e-05	0.33285975456237793
264120	-1.943530	-1.157165	-0.636142	0.143198	0.332941	0.529331	-0.023558799736201765	2.6337448559670777e-05	0.3329409658908844
264240	-1.942261	-1.156515	-0.636637	0.143379	0.333142	0.529068	-0.023608395364135504	1.7558299039780518e-05	0.33313921093940735
264360	-1.942450	-1.156125	-0.637333	0.143352	0.333273	0.528700	-0.023648672550916672	1.7558299039780518e-05	0.33327189087867737
264480	-1.942219	-1.155644	-0.636581	0.143385	0.333440	0.529099	-0.02369006387889385	1.7558299039780518e-05	0.33343827724456787
264600	-1.941784	-1.155222	-0.635175	0.143448	0.333609	0.529843	-0.02373038502410054	1.1705532693187011e-05	0.3336077332496643
264720	-1.941451	-1.154943	-0.634768	0.143496	0.333707	0.530059	-0.023755087051540613	3.9506172839506166e-05	0.3337053954601288
264840	-1.941202	-1.154221	-0.633413	0.143531	0.333954	0.530777	-0.02381591610610485	3.9506172839506166e-05	0.33394941687583923
264960	-1.941303	-1.153968	-0.632788	0.143517	0.334018	0.531109	-0.02384279342368245	2.6337448559670777e-05	0.3340163826942444
265080	-1.940898	-1.153139	-0.632442	0.143575	0.334317	0.531293	-0.02391168512403965	1.7558299039780518e-05	0.3343132436275482
265200	-1.940899	-1.152526	-0.632177	0.143575	0.334533	0.531434	-0.023976374138146638	2.6337448559670777e-05	0.3345326781272888
265320	-1.940378	-1.152034	-0.632369	0.143650	0.334726	0.531332	-0.024015748966485263	3.9506172839506166e-05	0.3347243666648865
265440	-1.939953	-1.151412	-0.632899	0.143711	0.334923	0.531050	-0.02407396472990513	2.6337448559670777e-05	0.33492204546928406
265560	-1.938964	-1.151227	-0.632523	0.143853	0.334985	0.531250	-0.02408531866967678	2.6337448559670777e-05	0.33498215675354004
265680	-1.938764	-1.150671	-0.631342	0.143882	0.335192	0.531878	-0.024137222301214935	1.7558299039780518e-05	0.3351897895336151
265800	-1.938523	-1.150291	-0.629813	0.143916	0.335320	0.532692	-0.02417378230020404	2.6337448559670777e-05	0.33531877398490906
265920	-1.937621	-1.149664	-0.629611	0.144046	0.335498	0.532799	-0.024232206493616106	1.7558299039780518e-05	0.33549708127975464
266040	-1.936289	-1.149341	-0.630049	0.144238	0.335586	0.532566	-0.02425918458029628	2.6337448559670777e-05	0.3355850279331207
266160	-1.936815	-1.149037	-0.629247	0.144162	0.335687	0.532993	-0.024290547985583544	1.1705532693187011e-05	0.3356868028640747
266280	-1.936262	-1.148468	-0.628883	0.144242	0.335904	0.533187	-0.024332940019667147	3.9506172839506166e-05	0.3358994722366333
266400	-1.936359	-1.148085	-0.628663	0.144228	0.336053	0.533304	-0.024369830545037986	1.7558299039780518e-05	0.3360511362552643
266520	-1.936073	-1.147472	-0.629139	0.144269	0.336263	0.533050	-0.024427219573408366	2.6337448559670777e-05	0.33626148104667664
266640	-1.935963	-1.147027	-0.628315	0.144285	0.336422	0.533490	-0.02446684893220663	3.9506172839506166e-05	0.33641955256462097
266760	-1.935038	-1.146553	-0.628559	0.144419	0.336591	0.533360	-0.02450990118086338	2.6337448559670777e-05	0.33658963441848755
266880	-1.935688	-1.146180	-0.628660	0.144325	0.336714	0.533306	-0.024547663051635027	1.7558299039780518e-05	0.33671408891677856
267000	-1.934556	-1.145830	-0.628422	0.144488	0.336836	0.533433	-0.02457669787108898	2.6337448559670777e-05	0.33683523535728455
267120	-1.933733	-1.145569	-0.628117	0.144607	0.336923	0.533596	-0.024598886910825967	1.1705532693187011e-05	0.33692115545272827
267240	-1.934094	-1.145109	-0.626400	0.144555	0.337098	0.534512	-0.0246423683129251	2.6337448559670777e-05	0.33709678053855896
267360	-1.933834	-1.144647	-0.625341	0.144593	0.337272	0.535079	-0.024679889995604755	2.6337448559670777e-05	0.3372701108455658
267480	-1.933599	-1.144260	-0.624866	0.144627	0.337410	0.535333	-0.024719325266778468	2.6337448559670777e-05	0.3374090790748596
267600	-1.934440	-1.144045	-0.624495	0.144505	0.337499	0.535532	-0.024735101964324713	3.9506172839506166e-05	0.33749696612358093
267720	-1.933970	-1.143318	-0.623066	0.144573	0.337734	0.536298	-0.024800063483417033	2.6337448559670777e-05	0.33773210644721985
267840	-1.934361	-1.142759	-0.621683	0.144517	0.337931	0.537040	-0.0248543637804687	1.7558299039780518e-05	0.3379307985305786
267960	-1.933426	-1.142219	-0.620111	0.144652	0.338117	0.537885	-0.02489911122247577	3.9506172839506166e-05	0.33811572194099426
268080	-1.933939	-1.142185	-0.619594	0.144578	0.338118	0.538163	-0.02491377666592598	2.6337448559670777e-05	0.33811962604522705
268200	-1.933570	-1.141279	-0.618142	0.144631	0.338414	0.538945	-0.024980679899454118	3.9506172839506166e-05	0.3384115397930145
268320	-1.934682	-1.140887	-0.616800	0.144470	0.338582	0.539668	-0.025021560490131378	3.9506172839506166e-05	0.33858105540275574
268440	-1.933962	-1.140546	-0.616423	0.144574	0.338699	0.539872	-0.025050174538046123	1.7558299039780518e-05	0.3386975824832916
268560	-1.933996	-1.140081	-0.616737	0.144569	0.338833	0.539702	-0.025094565004110336	2.6337448559670777e-05	0.3388318717479706
268680	-1.934176	-1.139771	-0.616413	0.144543	0.338960	0.539877	-0.025121402740478516	1.1705532693187011e-05	0.3389592468738556
268800	-1.933720	-1.139596	-0.616813	0.144609	0.339008	0.539662	-0.025140110589563846	2.6337448559670777e-05	0.33900779485702515
268920	-1.932497	-1.138777	-0.616446	0.144786	0.339284	0.539860	-0.02521158754825592	3.9506172839506166e-05	0.33928266167640686
269040	-1.931874	-1.138579	-0.616296	0.144877	0.339359	0.539941	-0.025228780042380095	3.9506172839506166e-05	0.3393579423427582
269160	-1.931756	-1.137720	-0.613637	0.144894	0.339671	0.541378	-0.02529555605724454	2.6337448559670777e-05	0.33966735005378723
269280	-1.931427	-1.137389	-0.612761	0.144941	0.339797	0.541852	-0.025337460543960334	2.6337448559670777e-05	0.3397962152957916
269400	-1.931074	-1.136785	-0.612084	0.144992	0.340021	0.542220	-0.025386385899037123	3.9506172839506166e-05	0.34001782536506653
269520	-1.929707	-1.136232	-0.611445	0.145191	0.340198	0.542566	-0.02543764254078269	2.6337448559670777e-05	0.3401962220668793
269640	-1.929520	-1.136021	-0.611192	0.145218	0.340266	0.542704	-0.02545888163149357	1.7558299039780518e-05	0.3402650058269501
269760	-1.929191	-1.135664	-0.611248	0.145266	0.340401	0.542673	-0.025484635028988123	1.7558299039780518e-05	0.3403984308242798
269880	-1.927947	-1.135033	-0.610030	0.145446	0.340614	0.543335	-0.025545419845730066	3.9506172839506166e-05	0.3406122326850891
270000	-1.927383	-1.134477	-0.609479	0.145529	0.340801	0.543634	-0.025597162637859584	3.9506172839506166e-05	0.3407995104789734
270120	-1.926057	-1.134050	-0.608441	0.145722	0.340964	0.544199	-0.025636883825063704	2.6337448559670777e-05	0.340963214635849
270240	-1.925784	-1.133341	-0.607343	0.145761	0.341245	0.544797	-0.025697396509349345	1.7558299039780518e-05	0.34124353528022766
270360	-1.925624	-1.133230	-0.607486	0.145785	0.341289	0.544718	-0.025709718838334082	1.7558299039780518e-05	0.341287225484848
270480	-1.925027	-1.132816	-0.607548	0.145872	0.341439	0.544685	-0.025744596496224403	2.6337448559670777e-05	0.34143707156181335
270600	-1.924566	-1.132445	-0.607370	0.145939	0.341567	0.544782	-0.02577953301370144	2.6337448559670777e-05	0.34156447649002075
270720	-1.924156	-1.131927	-0.606432	0.145999	0.341761	0.545293	-0.02582608824595809	3.9506172839506166e-05	0.34175893664360046
270840	-1.923292	-1.130993	-0.606458	0.146125	0.342078	0.545279	-0.025907693058252336	1.7558299039780518e-05	0.3420753479003906
270960	-1.922258	-1.130632	-0.606114	0.146276	0.342202	0.545467	-0.02594119282439351	3.9506172839506166e-05	0.34220001101493835
271080	-1.922507	-1.129908	-0.605119	0.146240	0.342449	0.546009	-0.026007993426173926	1.7558299039780518e-05	0.34244757890701294
271200	-1.921524	-1.129480	-0.603722	0.146384	0.342596	0.546773	-0.026046356838196515	3.9506172839506166e-05	0.34259408712387085
271320	-1.921206	-1.129056	-0.602779	0.146430	0.342751	0.547289	-0.026086995098739862	1.7558299039780518e-05	0.34275075793266296
271440	-1.920287	-1.128702	-0.602127	0.146565	0.342885	0.547646	-0.026118022110313176	3.9506172839506166e-05	0.34288379549980164
271560	-1.920675	-1.128394	-0.600194	0.146508	0.343025	0.548705	-0.026144567783921956	1.7558299039780518e-05	0.3430238366127014
271680	-1.920230	-1.127757	-0.598808	0.146573	0.343280	0.549466	-0.02619484709575772	3.9506172839506166e-05	0.3432743549346924
271800	-1.919702	-1.127378	-0.597597	0.146651	0.343414	0.550132	-0.026240859646350145	2.6337448559670777e-05	0.3434144854545593
271920	-1.919023	-1.126822	-0.597343	0.146750	0.343603	0.550272	-0.02628346597775817	3.9506172839506166e-05	0.34360042214393616
272040	-1.917584	-1.126154	-0.596256	0.146962	0.343842	0.550870	-0.026343527156859635	1.7558299039780518e-05	0.34383997321128845
272160	-1.917850	-1.125594	-0.595373	0.146923	0.344056	0.551357	-0.026397880353033542	2.6337448559670777e-05	0.3440551459789276
272280	-1.917632	-1.125111	-0.593934	0.146955	0.344253	0.552151	-0.026438890583813192	2.6337448559670777e-05	0.34425169229507446
272400	-1.918190	-1.124717	-0.592956	0.146873	0.344402	0.552691	-0.026473806984722615	1.7558299039780518e-05	0.3444010019302368
272520	-1.917537	-1.124417	-0.592916	0.146969	0.344501	0.552713	-0.02650838512927294	1.7558299039780518e-05	0.34450095891952515
272640	-1.915347	-1.124089	-0.592745	0.147291	0.344600	0.552808	-0.026535452529788017	2.6337448559670777e-05	0.3446000814437866
272760	-1.914701	-1.123485	-0.592189	0.147386	0.344779	0.553115	-0.02657917104661465	1.7558299039780518e-05	0.34477606415748596
272880	-1.914501	-1.123088	-0.591974	0.147415	0.344907	0.553234	-0.026627873722463846	2.6337448559670777e-05	0.34490758180618286
273000	-1.913780	-1.122677	-0.591234	0.147522	0.345057	0.553644	-0.026658410113304852	2.6337448559670777e-05	0.345055490732193
273120	-1.914558	-1.122368	-0.589787	0.147407	0.345164	0.554446	-0.026686785276979208	1.7558299039780518e-05	0.3451630175113678
273240	-1.914806	-1.121700	-0.587722	0.147370	0.345433	0.555591	-0.026743827760219573	2.6337448559670777e-05	0.3454294800758362
273360	-1.915693	-1.121287	-0.586610	0.147240	0.345583	0.556210	-0.026787046622484923	2.6337448559670777e-05	0.3455817401409149
273480	-1.916013	-1.121170	-0.585800	0.147193	0.345639	0.556660	-0.0267975271679461	1.7558299039780518e-05	0.345638632774353
273600	-1.915860	-1.120712	-0.584200	0.147215	0.345814	0.557552	-0.026839561853557826	1.7558299039780518e-05	0.34581395983695984
273720	-1.917202	-1.120402	-0.584166	0.147018	0.345957	0.557571	-0.026865224167704583	2.6337448559670777e-05	0.3459553122520447
273840	-1.916869	-1.120051	-0.584414	0.147067	0.346074	0.557432	-0.026896285451948644	1.7558299039780518e-05	0.3460729420185089
273960	-1.917306	-1.119778	-0.583643	0.147002	0.346210	0.557862	-0.026918796822428703	3.9506172839506166e-05	0.3462066650390625
274080	-1.916993	-1.119171	-0.582213	0.147049	0.346453	0.558661	-0.026971491612493993	1.7558299039780518e-05	0.34645023941993713
274200	-1.917980	-1.118838	-0.581543	0.146903	0.346625	0.559035	-0.02700640559196472	3.9506172839506166e-05	0.3466239869594574
274320	-1.917097	-1.118659	-0.579413	0.147033	0.346726	0.560227	-0.02702197777107358	1.7558299039780518e-05	0.3467249274253845
274440	-1.917073	-1.118088	-0.578128	0.147037	0.346935	0.560947	-0.02707069143652916	1.7558299039780518e-05	0.3469333350658417
274560	-1.916667	-1.117440	-0.576832	0.147096	0.347180	0.561675	-0.027127449121326207	1.7558299039780518e-05	0.34717756509780884
274680	-1.916401	-1.116869	-0.576685	0.147136	0.347387	0.561758	-0.027183647267520428	3.9506172839506166e-05	0.3473861515522003
274800	-1.916944	-1.116454	-0.576012	0.147056	0.347531	0.562136	-0.027220577001571655	2.6337448559670777e-05	0.3475303053855896
274920	-1.917606	-1.115945	-0.576614	0.146958	0.347703	0.561797	-0.027261954080313445	3.9506172839506166e-05	0.3476993441581726
275040	-1.917672	-1.115429	-0.576385	0.146949	0.347860	0.561926	-0.027308220416307448	1.7558299039780518e-05	0.34785783290863037
275160	-1.918755	-1.115215	-0.576457	0.146790	0.347909	0.561885	-0.027334642596542835	1.7558299039780518e-05	0.34790876507759094
275280	-1.919373	-1.114721	-0.575673	0.146699	0.348116	0.562326	-0.02737651178613305	3.9506172839506166e-05	0.34811481833457947
275400	-1.918492	-1.114084	-0.575442	0.146828	0.348366	0.562456	-0.0274371980689466	3.9506172839506166e-05	0.3483661413192749
275520	-1.918656	-1.113827	-0.574085	0.146804	0.348481	0.563220	-0.027456848416477442	1.7558299039780518e-05	0.34848007559776306
275640	-1.918353	-1.113339	-0.573032	0.146849	0.348648	0.563813	-0.0274991262704134	3.9506172839506166e-05	0.34864628314971924
275760	-1.918707	-1.112967	-0.571422	0.146797	0.348780	0.564722	-0.027536104246973992	2.6337448559670777e-05	0.34877967834472656
275880	-1.918473	-1.112659	-0.571057	0.146831	0.348905	0.564928	-0.02755922544747591	3.9506172839506166e-05	0.34890246391296387
276000	-1.918501	-1.112152	-0.571379	0.146827	0.349087	0.564746	-0.02761124987155199	2.6337448559670777e-05	0.34908753633499146
276120	-1.918138	-1.111723	-0.572105	0.146880	0.349239	0.564336	-0.02764692921191454	3.9506172839506166e-05	0.3492377698421478
276240	-1.918620	-1.111571	-0.569974	0.146809	0.349334	0.565540	-0.027662426326423885	3.9506172839506166e-05	0.34933343529701233
276360	-1.919569	-1.111086	-0.568918	0.146670	0.349531	0.566138	-0.02770257433876395	2.6337448559670777e-05	0.3495285212993622
276480	-1.919471	-1.110645	-0.566637	0.146684	0.349704	0.567430	-0.027746319118887187	3.9506172839506166e-05	0.3497043251991272
276600	-1.919641	-1.110087	-0.564972	0.146660	0.349931	0.568376	-0.027792651392519473	2.6337448559670777e-05	0.3499298095703125
276720	-1.920040	-1.109604	-0.564879	0.146601	0.350075	0.568429	-0.02783657805994153	3.9506172839506166e-05	0.3500751852989197
276840	-1.918307	-1.109343	-0.564352	0.146855	0.350146	0.568728	-0.027858444862067698	3.9506172839506166e-05	0.350144624710083
276960	-1.917055	-1.108407	-0.564132	0.147039	0.350477	0.568854	-0.027935880050063134	2.6337448559670777e-05	0.3504739999771118
277080	-1.916878	-1.107864	-0.562867	0.147065	0.350686	0.569574	-0.02799402279779315	2.6337448559670777e-05	0.35068410634994507
277200	-1.918045	-1.107666	-0.563083	0.146894	0.350788	0.569451	-0.028011663723737	2.6337448559670777e-05	0.35078659653663635
277320	-1.918290	-1.107279	-0.562693	0.146858	0.350958	0.569673	-0.028046065010130405	2.6337448559670777e-05	0.35095712542533875
277440	-1.917793	-1.106915	-0.562536	0.146931	0.351073	0.569762	-0.028082400280982255	2.6337448559670777e-05	0.35107284784317017
277560	-1.918455	-1.106523	-0.561368	0.146834	0.351243	0.570428	-0.028113747853785752	1.7558299039780518e-05	0.35124197602272034
277680	-1.918188	-1.106217	-0.560430	0.146873	0.351362	0.570964	-0.02814371883869171	1.7558299039780518e-05	0.3513619005680084
277800	-1.918272	-1.105762	-0.558947	0.146860	0.351548	0.571811	-0.028182227164506912	2.6337448559670777e-05	0.35154619812965393
277920	-1.917812	-1.105337	-0.558875	0.146928	0.351707	0.571852	-0.02821939056739211	2.6337448559670777e-05	0.3517042398452759
278040	-1.919016	-1.104619	-0.559317	0.146751	0.351944	0.571600	-0.028280756156891584	3.9506172839506166e-05	0.35194167494773865
278160	-1.919361	-1.103975	-0.558962	0.146701	0.352169	0.571802	-0.02834397042170167	2.6337448559670777e-05	0.3521670997142792
278280	-1.917402	-1.103387	-0.558714	0.146988	0.352331	0.571944	-0.02839165469631553	2.6337448559670777e-05	0.3523293137550354
278400	-1.916918	-1.102721	-0.557192	0.147060	0.352605	0.572815	-0.028451299760490656	1.7558299039780518e-05	0.35260313749313354
278520	-1.916920	-1.102391	-0.556729	0.147059	0.352760	0.573081	-0.0284847779199481	2.6337448559670777e-05	0.3527587354183197
278640	-1.915748	-1.101752	-0.556020	0.147232	0.352975	0.573487	-0.02854480054229498	2.6337448559670777e-05	0.35297486186027527
278760	-1.915484	-1.101209	-0.555396	0.147271	0.353175	0.573845	-0.0285892216488719	1.7558299039780518e-05	0.35317322611808777
278880	-1.915012	-1.100522	-0.552561	0.147340	0.353477	0.575474	-0.028653317783027887	1.7558299039780518e-05	0.353475958108902
279000	-1.915368	-1.100055	-0.551296	0.147288	0.353658	0.576202	-0.02869802126660943	1.7558299039780518e-05	0.35365745425224304
279120	-1.915523	-1.099291	-0.550657	0.147265	0.353938	0.576571	-0.028758926782757044	3.9506172839506166e-05	0.3539339601993561
279240	-1.915342	-1.098399	-0.549567	0.147291	0.354257	0.577200	-0.02884298861026764	1.7558299039780518e-05	0.354255735874176
279360	-1.916066	-1.097965	-0.549604	0.147185	0.354420	0.577179	-0.028886822424829005	1.7558299039780518e-05	0.35441911220550537
279480	-1.916713	-1.097427	-0.548413	0.147090	0.354653	0.577866	-0.028928342182189225	1.7558299039780518e-05	0.35465100407600403
279600	-1.916666	-1.097030	-0.548484	0.147097	0.354815	0.577825	-0.028969939332455397	1.7558299039780518e-05	0.35481488704681396
279720	-1.916603	-1.096698	-0.548686	0.147106	0.354919	0.577709	-0.028994543943554163	3.9506172839506166e-05	0.3549157977104187
279840	-1.917052	-1.096330	-0.545957	0.147040	0.355102	0.579287	-0.02903038738295436	1.7558299039780518e-05	0.3551005423069
279960	-1.917067	-1.096029	-0.545781	0.147038	0.355200	0.579389	-0.0290572851896286	3.9506172839506166e-05	0.35519734025001526
280080	-1.917224	-1.095836	-0.545948	0.147014	0.355281	0.579292	-0.029075702000409365	2.6337448559670777e-05	0.35528087615966797
280200	-1.917562	-1.095364	-0.545011	0.146965	0.355464	0.579835	-0.02911528619006276	3.9506172839506166e-05	0.35546207427978516
280320	-1.917961	-1.095069	-0.545445	0.146906	0.355584	0.579584	-0.029144180472940207	2.6337448559670777e-05	0.3555814325809479
280440	-1.917580	-1.094670	-0.545192	0.146962	0.355706	0.579730	-0.02918247105553746	1.7558299039780518e-05	0.35570523142814636
280560	-1.917989	-1.094225	-0.544941	0.146902	0.355884	0.579876	-0.02921821242198348	1.7558299039780518e-05	0.3558824956417084
280680	-1.917967	-1.093625	-0.544342	0.146905	0.356098	0.580224	-0.02927042553201318	2.6337448559670777e-05	0.35609522461891174
280800	-1.918114	-1.093168	-0.544365	0.146884	0.356287	0.580210	-0.029317354690283536	1.7558299039780518e-05	0.3562858998775482
280920	-1.918529	-1.092770	-0.545201	0.146823	0.356430	0.579725	-0.02935636369511485	3.9506172839506166e-05	0.3564301133155823
281040	-1.917974	-1.092337	-0.544865	0.146904	0.356609	0.579920	-0.029384490475058554	2.6337448559670777e-05	0.35660630464553833
281160	-1.917536	-1.091786	-0.543984	0.146969	0.356827	0.580431	-0.029440710227936505	3.9506172839506166e-05	0.356825590133667
281280	-1.917123	-1.091596	-0.544415	0.147029	0.356897	0.580181	-0.02946397438645363	2.6337448559670777e-05	0.35689815878868103
281400	-1.917286	-1.091202	-0.543207	0.147005	0.357056	0.580882	-0.029495738632977008	3.9506172839506166e-05	0.35705679655075073
281520	-1.917528	-1.090568	-0.541564	0.146970	0.357305	0.581837	-0.02954666707664728	2.6337448559670777e-05	0.35730186104774475
281640	-1.917087	-1.089730	-0.541334	0.147035	0.357631	0.581972	-0.029622005764395	2.6337448559670777e-05	0.35762807726860046
281760	-1.915423	-1.089317	-0.541146	0.147280	0.357763	0.582081	-0.029664335306733847	3.9506172839506166e-05	0.35776278376579285
281880	-1.915364	-1.088953	-0.538281	0.147288	0.357914	0.583751	-0.02969995131716132	3.9506172839506166e-05	0.35791411995887756
282000	-1.913717	-1.088645	-0.538657	0.147531	0.357981	0.583532	-0.02972142109647393	3.9506172839506166e-05	0.3579796850681305
282120	-1.913200	-1.088207	-0.538601	0.147607	0.358145	0.583564	-0.029760575853288174	3.9506172839506166e-05	0.3581416606903076
282240	-1.913297	-1.087749	-0.538823	0.147593	0.358306	0.583434	-0.02980584716424346	3.9506172839506166e-05	0.35830509662628174
282360	-1.913314	-1.087327	-0.538474	0.147591	0.358461	0.583638	-0.029842946026474238	3.9506172839506166e-05	0.35845983028411865
282480	-1.914377	-1.086640	-0.537733	0.147434	0.358727	0.584071	-0.029898053500801325	2.6337448559670777e-05	0.3587241768836975
282600	-1.913698	-1.086354	-0.537996	0.147534	0.358814	0.583917	-0.029925545025616885	3.9506172839506166e-05	0.3588102459907532
282720	-1.913504	-1.085854	-0.537482	0.147562	0.359005	0.584218	-0.029974456038326026	3.9506172839506166e-05	0.35900381207466125
282840	-1.913278	-1.085579	-0.537920	0.147596	0.359085	0.583962	-0.02999826455488801	3.9506172839506166e-05	0.35908323526382446
282960	-1.913886	-1.085074	-0.537823	0.147506	0.359261	0.584018	-0.030043907929211855	3.9506172839506166e-05	0.359260231256485
283080	-1.913095	-1.084693	-0.536951	0.147623	0.359376	0.584527	-0.030077939108014106	3.9506172839506166e-05	0.3593749403953552
283200	-1.913354	-1.084222	-0.537446	0.147585	0.359540	0.584238	-0.03012156207114458	1.7558299039780518e-05	0.3595390319824219
283320	-1.912944	-1.083842	-0.536965	0.147645	0.359667	0.584520	-0.030154564324766396	1.7558299039780518e-05	0.35966578125953674
283440	-1.913997	-1.083359	-0.536415	0.147490	0.359863	0.584841	-0.030201204400509597	2.6337448559670777e-05	0.3598621189594269
283560	-1.912456	-1.082854	-0.536778	0.147717	0.360018	0.584629	-0.030242008063942193	2.6337448559670777e-05	0.36001622676849365
283680	-1.912480	-1.082437	-0.536785	0.147714	0.360166	0.584625	-0.030280991457402706	1.7558299039780518e-05	0.36016443371772766
283800	-1.912381	-1.082139	-0.535697	0.147728	0.360302	0.585261	-0.030311567522585393	3.9506172839506166e-05	0.3603019118309021
283920	-1.913438	-1.081630	-0.533660	0.147572	0.360540	0.586454	-0.03035055436193943	1.7558299039780518e-05	0.36053815484046936
284040	-1.913241	-1.081267	-0.533606	0.147601	0.360661	0.586486	-0.030384891666471958	3.9506172839506166e-05	0.3606593608856201
284160	-1.911883	-1.080738	-0.533806	0.147802	0.360824	0.586369	-0.030438132304698228	2.6337448559670777e-05	0.3608248233795166
284280	-1.912617	-1.080266	-0.533509	0.147693	0.361017	0.586543	-0.030478116124868393	2.6337448559670777e-05	0.36101585626602173
284400	-1.914303	-1.079952	-0.533178	0.147445	0.361160	0.586737	-0.03050623144954443	1.7558299039780518e-05	0.3611590564250946
284520	-1.915023	-1.079511	-0.533460	0.147338	0.361330	0.586572	-0.030542006250470877	2.6337448559670777e-05	0.361327588558197
284640	-1.915105	-1.078869	-0.533638	0.147326	0.361510	0.586468	-0.030598429962992668	2.6337448559670777e-05	0.3615071475505829
284760	-1.914714	-1.078308	-0.532731	0.147384	0.361714	0.587000	-0.03065343890339136	2.6337448559670777e-05	0.36171314120292664
284880	-1.914703	-1.077940	-0.532870	0.147386	0.361869	0.586918	-0.03068564338609576	1.7558299039780518e-05	0.36186814308166504
285000	-1.913831	-1.077558	-0.531452	0.147514	0.362003	0.587751	-0.030718764010816812	3.9506172839506166e-05	0.36200088262557983
285120	-1.914249	-1.077296	-0.530896	0.147452	0.362108	0.588078	-0.030746194999665022	2.6337448559670777e-05	0.36210763454437256
285240	-1.914344	-1.076999	-0.530809	0.147438	0.362219	0.588129	-0.03077324852347374	2.6337448559670777e-05	0.36221909523010254
285360	-1.915146	-1.076835	-0.530866	0.147320	0.362323	0.588095	-0.03079705312848091	3.9506172839506166e-05	0.36232468485832214
285480	-1.915463	-1.076753	-0.530788	0.147274	0.362361	0.588142	-0.030796235706657172	2.6337448559670777e-05	0.3623611032962799
285600	-1.915561	-1.076594	-0.530745	0.147259	0.362410	0.588166	-0.03080676794052124	3.9506172839506166e-05	0.36240819096565247
285720	-1.914979	-1.076316	-0.530970	0.147345	0.362498	0.588034	-0.03083434384316206	2.6337448559670777e-05	0.36249810457229614
285840	-1.913819	-1.076007	-0.529933	0.147516	0.362600	0.588644	-0.030861372593790293	2.6337448559670777e-05	0.3625992238521576
285960	-1.912912	-1.075586	-0.529582	0.147650	0.362760	0.588851	-0.030901045072823763	3.9506172839506166e-05	0.3627593219280243
286080	-1.912194	-1.075303	-0.529570	0.147756	0.362856	0.588858	-0.0309221263974905	2.6337448559670777e-05	0.36285364627838135
286200	-1.911587	-1.074686	-0.529615	0.147846	0.363089	0.588831	-0.03097645966336131	3.9506172839506166e-05	0.363086462020874
286320	-1.910195	-1.074388	-0.529452	0.148051	0.363178	0.588928	-0.031008892599493264	3.9506172839506166e-05	0.3631773591041565
286440	-1.909898	-1.073980	-0.528797	0.148095	0.363355	0.589314	-0.03104864228516817	3.9506172839506166e-05	0.3633556067943573
286560	-1.908692	-1.073510	-0.527591	0.148274	0.363556	0.590025	-0.0310812977142632	1.7558299039780518e-05	0.3635532855987549
286680	-1.908319	-1.073012	-0.526483	0.148330	0.363748	0.590679	-0.031122209969908	2.6337448559670777e-05	0.3637453615665436
286800	-1.910134	-1.072689	-0.525455	0.148060	0.363911	0.591286	-0.031161075830459593	2.6337448559670777e-05	0.3639088273048401
286920	-1.910247	-1.072292	-0.524024	0.148044	0.364103	0.592133	-0.031195336487144232	2.6337448559670777e-05	0.3641025125980377
287040	-1.911090	-1.071800	-0.521955	0.147919	0.364304	0.593359	-0.03123960057273507	1.7558299039780518e-05	0.3643035292625427
287160	-1.911172	-1.071383	-0.521366	0.147907	0.364457	0.593709	-0.031273482367396355	2.6337448559670777e-05	0.3644546568393707
287280	-1.911159	-1.071073	-0.521442	0.147909	0.364562	0.593664	-0.03130225855857134	3.9506172839506166e-05	0.3645589351654053
287400	-1.911325	-1.070889	-0.521438	0.147884	0.364627	0.593666	-0.03131742123514414	2.6337448559670777e-05	0.3646244406700134
287520	-1.913433	-1.070580	-0.521135	0.147573	0.364759	0.593846	-0.03135007079690695	1.7558299039780518e-05	0.3647586405277252
287640	-1.913828	-1.070053	-0.519855	0.147515	0.364952	0.594607	-0.03139983043074608	3.9506172839506166e-05	0.3649521470069885
287760	-1.914908	-1.069677	-0.518564	0.147355	0.365115	0.595375	-0.0314293572679162	1.7558299039780518e-05	0.3651140332221985
287880	-1.914304	-1.069384	-0.518314	0.147444	0.365211	0.595524	-0.031454994902014734	2.6337448559670777e-05	0.3652089536190033
288000	-1.914113	-1.068880	-0.517548	0.147473	0.365395	0.595980	-0.03150458689779043	2.6337448559670777e-05	0.3653949797153473
288120	-1.914466	-1.068556	-0.517058	0.147420	0.365550	0.596272	-0.03152613732963801	3.9506172839506166e-05	0.36554619669914246
288240	-1.913826	-1.068068	-0.515629	0.147515	0.365730	0.597125	-0.03157436903566122	2.6337448559670777e-05	0.3657277822494507
288360	-1.914343	-1.067389	-0.514570	0.147439	0.365997	0.597757	-0.031635670177638534	3.9506172839506166e-05	0.36599573493003845
288480	-1.914321	-1.067029	-0.514011	0.147442	0.366123	0.598092	-0.031667282618582246	3.9506172839506166e-05	0.36612144112586975
288600	-1.915216	-1.066510	-0.512621	0.147310	0.366357	0.598924	-0.03171598482877016	2.6337448559670777e-05	0.3663561940193176
288720	-1.915852	-1.066063	-0.511105	0.147216	0.366548	0.599833	-0.03175334334373474	3.9506172839506166e-05	0.36654579639434814
288840	-1.915853	-1.065783	-0.511015	0.147216	0.366656	0.599887	-0.03177971933037042	1.7558299039780518e-05	0.36665529012680054
288960	-1.915056	-1.065610	-0.511825	0.147334	0.366724	0.599401	-0.03179478645324707	3.9506172839506166e-05	0.3667210042476654
289080	-1.914542	-1.065436	-0.511659	0.147409	0.366797	0.599500	-0.03181048445403576	2.6337448559670777e-05	0.366795152425766
289200	-1.914273	-1.065165	-0.510868	0.147449	0.366930	0.599975	-0.03184119537472725	1.7558299039780518e-05	0.3669307231903076
289320	-1.915222	-1.064717	-0.509666	0.147309	0.367128	0.600696	-0.031875230744481085	1.1705532693187011e-05	0.36712637543678284
289440	-1.914999	-1.064175	-0.509444	0.147342	0.367368	0.600830	-0.03192413672804832	3.9506172839506166e-05	0.36736494302749634
289560	-1.915192	-1.063804	-0.507841	0.147314	0.367535	0.601793	-0.03196163885295391	2.6337448559670777e-05	0.3675346076488495
289680	-1.915491	-1.063448	-0.508125	0.147269	0.367639	0.601623	-0.031990050710737704	2.6337448559670777e-05	0.3676380515098572
289800	-1.915185	-1.063115	-0.507313	0.147315	0.367779	0.602111	-0.032021262869238856	1.7558299039780518e-05	0.36777743697166443
289920	-1.916075	-1.062865	-0.506292	0.147183	0.367901	0.602727	-0.03204632643610239	2.6337448559670777e-05	0.3679004907608032
290040	-1.916544	-1.062376	-0.505952	0.147115	0.368095	0.602931	-0.03208522722125053	1.7558299039780518e-05	0.3680930733680725
290160	-1.915497	-1.061949	-0.504855	0.147269	0.368280	0.603593	-0.032122830115258696	2.6337448559670777e-05	0.3682779371738434
290280	-1.915544	-1.061450	-0.503847	0.147262	0.368474	0.604202	-0.03217096161097288	2.6337448559670777e-05	0.3684728741645813
290400	-1.915599	-1.061192	-0.504511	0.147254	0.368557	0.603801	-0.03219498246908188	3.9506172839506166e-05	0.36855602264404297
290520	-1.916891	-1.060626	-0.503391	0.147064	0.368809	0.604477	-0.032242126762866974	1.7558299039780518e-05	0.36880728602409363
290640	-1.915803	-1.060187	-0.503124	0.147224	0.368931	0.604639	-0.03228355720639229	2.6337448559670777e-05	0.3689294755458832
290760	-1.915386	-1.059625	-0.502394	0.147285	0.369183	0.605080	-0.03233072813600302	1.7558299039780518e-05	0.36917978525161743
290880	-1.914928	-1.059261	-0.501649	0.147352	0.369346	0.605531	-0.03237118944525719	1.7558299039780518e-05	0.36934489011764526
291000	-1.914869	-1.058785	-0.500299	0.147361	0.369546	0.606349	-0.032407112419605255	3.9506172839506166e-05	0.36954352259635925
291120	-1.915516	-1.058457	-0.500218	0.147266	0.369680	0.606399	-0.03243760708719492	2.6337448559670777e-05	0.36967697739601135
291240	-1.915559	-1.057881	-0.499342	0.147259	0.369919	0.606930	-0.03248542454093695	1.7558299039780518e-05	0.36991503834724426
291360	-1.914767	-1.057385	-0.499210	0.147376	0.370120	0.607010	-0.03253708817064762	3.9506172839506166e-05	0.37012016773223877
291480	-1.915676	-1.057038	-0.499081	0.147242	0.370270	0.607089	-0.03256521355360746	3.9506172839506166e-05	0.37026727199554443
291600	-1.915157	-1.056249	-0.499054	0.147319	0.370567	0.607105	-0.03263645712286234	2.6337448559670777e-05	0.3705657720565796
291720	-1.914467	-1.055809	-0.498629	0.147420	0.370734	0.607363	-0.03267352972179651	3.9506172839506166e-05	0.3707323372364044
291840	-1.913321	-1.055278	-0.497861	0.147589	0.370947	0.607830	-0.03272833600640297	1.7558299039780518e-05	0.3709469139575958
291960	-1.913413	-1.055133	-0.497495	0.147576	0.371016	0.608052	-0.03273997027426958	2.6337448559670777e-05	0.3710157871246338
292080	-1.913727	-1.054733	-0.497352	0.147530	0.371173	0.608139	-0.03276485484093428	3.9506172839506166e-05	0.37116584181785583
292200	-1.911748	-1.054200	-0.496120	0.147822	0.371359	0.608889	-0.03282190654426813	2.6337448559670777e-05	0.3713570833206177
292320	-1.910925	-1.053552	-0.494908	0.147944	0.371611	0.609627	-0.03287916034460068	1.7558299039780518e-05	0.3716081380844116
292440	-1.909774	-1.052869	-0.494237	0.148114	0.371862	0.610036	-0.032935933023691175	3.9506172839506166e-05	0.37185782194137573
292560	-1.909464	-1.052442	-0.492706	0.148160	0.372044	0.610971	-0.03297853749245405	2.6337448559670777e-05	0.3720417022705078
292680	-1.909084	-1.051808	-0.490904	0.148216	0.372310	0.612073	-0.03303638156503439	1.7558299039780518e-05	0.3723085820674896
292800	-1.909086	-1.051434	-0.490287	0.148216	0.372434	0.612451	-0.03306918255984783	3.9506172839506166e-05	0.3724314272403717
292920	-1.908949	-1.050813	-0.488580	0.148236	0.372674	0.613497	-0.03312457613646984	3.9506172839506166e-05	0.37267202138900757
293040	-1.909088	-1.050432	-0.487605	0.148215	0.372849	0.614095	-0.03316669538617134	3.9506172839506166e-05	0.3728494644165039
293160	-1.909304	-1.049777	-0.487012	0.148183	0.373097	0.614460	-0.03321393691003323	2.6337448559670777e-05	0.37309378385543823
293280	-1.908164	-1.049083	-0.486328	0.148352	0.373337	0.614880	-0.03327975049614906	1.7558299039780518e-05	0.3733347952365875
293400	-1.908312	-1.048671	-0.486581	0.148331	0.373471	0.614725	-0.03331899140030146	2.6337448559670777e-05	0.3734686076641083
293520	-1.908846	-1.048280	-0.486537	0.148251	0.373618	0.614752	-0.033354183472692964	2.6337448559670777e-05	0.37361741065979004
293640	-1.908455	-1.047634	-0.485302	0.148309	0.373893	0.615511	-0.03341052532196045	3.9506172839506166e-05	0.37388989329338074
293760	-1.907666	-1.047118	-0.484355	0.148426	0.374092	0.616094	-0.033457239903509614	3.9506172839506166e-05	0.3740895986557007
293880	-1.907400	-1.046526	-0.484855	0.148466	0.374319	0.615787	-0.03351485561579466	3.9506172839506166e-05	0.37431830167770386
294000	-1.907210	-1.045869	-0.484006	0.148494	0.374586	0.616309	-0.033572367019951345	1.7558299039780518e-05	0.37458449602127075
294120	-1.905606	-1.045063	-0.483086	0.148732	0.374887	0.616877	-0.033635984547436236	3.9506172839506166e-05	0.374881386756897
294240	-1.905993	-1.044679	-0.481925	0.148675	0.375069	0.617594	-0.03368237987160683	1.7558299039780518e-05	0.3750690519809723
294360	-1.906264	-1.044388	-0.480720	0.148635	0.375217	0.618338	-0.03370700478553772	2.6337448559670777e-05	0.3752160370349884
294480	-1.906067	-1.043768	-0.479890	0.148664	0.375462	0.618851	-0.033760358765721324	3.9506172839506166e-05	0.3754598796367645
294600	-1.905738	-1.043365	-0.479032	0.148713	0.375650	0.619383	-0.03379736822098493	3.9506172839506166e-05	0.37564682960510254
294720	-1.903820	-1.042914	-0.478434	0.148998	0.375832	0.619753	-0.0338430117815733	3.9506172839506166e-05	0.37583234906196594
294840	-1.904126	-1.042518	-0.478218	0.148953	0.376013	0.619887	-0.03387078270316124	2.6337448559670777e-05	0.37601011991500854
294960	-1.905304	-1.042196	-0.478200	0.148777	0.376148	0.619898	-0.03390257284045219	2.6337448559670777e-05	0.37614575028419495
295080	-1.905098	-1.041982	-0.477594	0.148808	0.376248	0.620274	-0.033929545991122724	2.6337448559670777e-05	0.376248836517334
295200	-1.906647	-1.041308	-0.478472	0.148578	0.376521	0.619730	-0.03397811278700828	3.9506172839506166e-05	0.37651780247688293
295320	-1.906911	-1.040783	-0.476970	0.148539	0.376769	0.620661	-0.034030101634562014	1.7558299039780518e-05	0.3767678737640381
295440	-1.906640	-1.040205	-0.475850	0.148579	0.377038	0.621357	-0.03408056031912565	3.9506172839506166e-05	0.37703603506088257
295560	-1.906083	-1.039679	-0.474157	0.148662	0.377191	0.622409	-0.03412545379251242	3.9506172839506166e-05	0.37718868255615234
295680	-1.905805	-1.039411	-0.474523	0.148703	0.377289	0.622182	-0.034156492352485655	3.9506172839506166e-05	0.3772885799407959
295800	-1.905260	-1.039153	-0.474673	0.148784	0.377374	0.622088	-0.03417629208415747	3.9506172839506166e-05	0.37737277150154114
295920	-1.904890	-1.038438	-0.473983	0.148839	0.377663	0.622518	-0.03424255102872849	1.7558299039780518e-05	0.37766221165657043
296040	-1.904383	-1.038177	-0.473374	0.148915	0.377756	0.622897	-0.03427170589566231	3.9506172839506166e-05	0.37775686383247375
296160	-1.904066	-1.037880	-0.473192	0.148962	0.377874	0.623010	-0.03429193012416363	2.6337448559670777e-05	0.3778730034828186
296280	-1.903784	-1.037541	-0.473556	0.149004	0.378001	0.622783	-0.03432394172996282	3.9506172839506166e-05	0.37800049781799316
296400	-1.902732	-1.036732	-0.472921	0.149161	0.378333	0.623179	-0.03439048789441586	1.7558299039780518e-05	0.37833020091056824
296520	-1.902438	-1.035955	-0.471532	0.149204	0.378679	0.624045	-0.034464874677360056	1.7558299039780518e-05	0.37867847084999084
296640	-1.901650	-1.035799	-0.470132	0.149322	0.378784	0.624920	-0.03448356911540031	2.6337448559670777e-05	0.37878409028053284
296760	-1.901279	-1.035139	-0.469411	0.149377	0.379033	0.625370	-0.034536929614841935	2.6337448559670777e-05	0.37903130054473877
296880	-1.900813	-1.034795	-0.468535	0.149447	0.379187	0.625919	-0.034571267664432526	2.6337448559670777e-05	0.37918591499328613
297000	-1.900425	-1.034079	-0.467909	0.149505	0.379468	0.626311	-0.03463032804429531	2.6337448559670777e-05	0.37946557998657227
297120	-1.901599	-1.033450	-0.467200	0.149330	0.379703	0.626755	-0.03468836434185505	3.9506172839506166e-05	0.3797011375427246
297240	-1.902359	-1.033074	-0.466904	0.149216	0.379901	0.626940	-0.03472085557878017	3.9506172839506166e-05	0.37989822030067444
297360	-1.902494	-1.032717	-0.466210	0.149196	0.380045	0.627375	-0.03475834354758263	3.9506172839506166e-05	0.3800441324710846
297480	-1.901216	-1.032269	-0.465746	0.149387	0.380218	0.627667	-0.03479793276637792	3.9506172839506166e-05	0.38021737337112427
297600	-1.900046	-1.031645	-0.462923	0.149562	0.380502	0.629441	-0.03484457265585661	1.7558299039780518e-05	0.3804980516433716
297720	-1.900744	-1.031300	-0.462577	0.149457	0.380661	0.629659	-0.034881968051195145	3.9506172839506166e-05	0.3806585371494293
297840	-1.900348	-1.030681	-0.461628	0.149517	0.380927	0.630257	-0.0349386727437377	1.7558299039780518e-05	0.38092514872550964
297960	-1.900665	-1.030400	-0.460878	0.149469	0.381059	0.630730	-0.034966306015849116	2.6337448559670777e-05	0.38105714321136475
298080	-1.900254	-1.029971	-0.459435	0.149531	0.381221	0.631640	-0.035001101531088354	2.6337448559670777e-05	0.3812192380428314
298200	-1.899935	-1.029323	-0.458629	0.149578	0.381491	0.632150	-0.03505376186221838	3.9506172839506166e-05	0.3814859092235565
298320	-1.898829	-1.028593	-0.456993	0.149744	0.381789	0.633185	-0.035125404968857764	1.7558299039780518e-05	0.38178691267967224
298440	-1.899666	-1.028127	-0.455672	0.149619	0.382039	0.634022	-0.035167555510997775	2.6337448559670777e-05	0.38203734159469604
298560	-1.900106	-1.027947	-0.455440	0.149553	0.382119	0.634169	-0.035184001177549364	2.6337448559670777e-05	0.38211584091186523
298680	-1.899784	-1.027623	-0.455771	0.149601	0.382227	0.633959	-0.03521976508200168	2.6337448559670777e-05	0.38222745060920715
298800	-1.900460	-1.027234	-0.455758	0.149500	0.382372	0.633967	-0.03524944856762886	1.7558299039780518e-05	0.3823709189891815
298920	-1.899278	-1.026666	-0.455401	0.149677	0.382585	0.634194	-0.03529417458921671	1.7558299039780518e-05	0.3825814425945282
299040	-1.897567	-1.026186	-0.454384	0.149933	0.382761	0.634839	-0.03534497823566198	2.6337448559670777e-05	0.38275963068008423
299160	-1.898300	-1.026084	-0.452973	0.149823	0.382823	0.635735	-0.03535677790641785	3.9506172839506166e-05	0.3828233778476715
299280	-1.898231	-1.025708	-0.452913	0.149833	0.382962	0.635774	-0.03538988176733256	3.9506172839506166e-05	0.3829612731933594
299400	-1.898740	-1.025328	-0.451831	0.149757	0.383133	0.636461	-0.03541540931910277	1.7558299039780518e-05	0.38313060998916626
299520	-1.899458	-1.024592	-0.451626	0.149650	0.383429	0.636593	-0.03548168856650591	3.9506172839506166e-05	0.3834250569343567
299640	-1.899346	-1.024080	-0.450389	0.149666	0.383623	0.637380	-0.03553321063518524	1.7558299039780518e-05	0.38362178206443787
299760	-1.899328	-1.023427	-0.449338	0.149669	0.383882	0.638050	-0.0355912446975708	3.9506172839506166e-05	0.38387948274612427
299880	-1.898953	-1.022691	-0.448247	0.149725	0.384169	0.638747	-0.03565929364413023	2.6337448559670777e-05	0.3841686248779297
300000	-1.898276	-1.021877	-0.447040	0.149827	0.384488	0.639518	-0.03572973497211933	1.7558299039780518e-05	0.3844854533672333
300120	-1.898202	-1.021487	-0.445405	0.149838	0.384680	0.640565	-0.03576610032469034	3.9506172839506166e-05	0.3846783936023712
300240	-1.898739	-1.020831	-0.444104	0.149757	0.384968	0.641398	-0.03582459054887295	2.6337448559670777e-05	0.384966105222702
300360	-1.898256	-1.020264	-0.443537	0.149830	0.385205	0.641763	-0.03587086517363787	2.6337448559670777e-05	0.38520145416259766
300480	-1.897716	-1.019715	-0.443072	0.149911	0.385419	0.642061	-0.035927982069551945	3.9506172839506166e-05	0.3854181468486786
300600	-1.898497	-1.019526	-0.442565	0.149794	0.385540	0.642387	-0.03594438601285219	2.6337448559670777e-05	0.38553929328918457
300720	-1.897867	-1.018944	-0.441080	0.149888	0.385788	0.643341	-0.03600021377205849	3.9506172839506166e-05	0.385787695646286
300840	-1.897899	-1.018427	-0.439968	0.149883	0.386034	0.644057	-0.03603949621319771	1.7558299039780518e-05	0.38603225350379944
300960	-1.898624	-1.017905	-0.440652	0.149775	0.386244	0.643617	-0.03608719520270824	1.7558299039780518e-05	0.3862427771091461
301080	-1.897631	-1.017195	-0.439043	0.149923	0.386507	0.644653	-0.03614657297730446	2.6337448559670777e-05	0.3865036964416504
301200	-1.898202	-1.016780	-0.438902	0.149838	0.386668	0.644744	-0.03619047719985247	2.6337448559670777e-05	0.3866666257381439
301320	-1.897694	-1.016242	-0.438041	0.149914	0.386890	0.645299	-0.03623857740312815	1.7558299039780518e-05	0.3868892192840576
301440	-1.897343	-1.015819	-0.437940	0.149967	0.387053	0.645365	-0.036278446204960346	2.6337448559670777e-05	0.38705286383628845
301560	-1.897171	-1.015404	-0.437099	0.149992	0.387190	0.645908	-0.03631444573402405	3.9506172839506166e-05	0.3871886730194092
301680	-1.897407	-1.014906	-0.437970	0.149957	0.387346	0.645345	-0.03635797277092934	2.6337448559670777e-05	0.3873443007469177
301800	-1.899105	-1.014527	-0.436492	0.149703	0.387558	0.646299	-0.036396445147693156	3.9506172839506166e-05	0.38755643367767334
301920	-1.897939	-1.013912	-0.434253	0.149877	0.387825	0.647749	-0.03644344862550497	1.7558299039780518e-05	0.38782253861427307
302040	-1.896659	-1.013222	-0.433571	0.150069	0.388098	0.648190	-0.036511086858808994	1.7558299039780518e-05	0.3880974054336548
302160	-1.896274	-1.012760	-0.433228	0.150127	0.388278	0.648413	-0.03654875326901674	2.6337448559670777e-05	0.3882752060890198
302280	-1.897847	-1.012473	-0.433992	0.149891	0.388414	0.647917	-0.03657842576503754	2.6337448559670777e-05	0.38841238617897034
302400	-1.898277	-1.012184	-0.432216	0.149827	0.388589	0.649069	-0.03660633880645037	2.6337448559670777e-05	0.38858795166015625
302520	-1.898629	-1.011776	-0.431307	0.149774	0.388757	0.649659	-0.03664018865674734	2.6337448559670777e-05	0.38875553011894226
302640	-1.898661	-1.011501	-0.430091	0.149769	0.388890	0.650450	-0.03666878957301378	3.9506172839506166e-05	0.3888894319534302
302760	-1.897319	-1.010999	-0.429471	0.149970	0.389063	0.650853	-0.03670253977179527	3.9506172839506166e-05	0.38905563950538635
302880	-1.897455	-1.010318	-0.428968	0.149950	0.389340	0.651181	-0.036771660670638084	1.7558299039780518e-05	0.38933777809143066
303000	-1.898188	-1.010029	-0.427436	0.149840	0.389462	0.652179	-0.03680046964436769	3.9506172839506166e-05	0.38946205377578735
303120	-1.897388	-1.009616	-0.427201	0.149960	0.389625	0.652332	-0.03683461807668209	5.925925925925925e-05	0.3896234333515167
303240	-1.898198	-1.008989	-0.426809	0.149838	0.389888	0.652588	-0.03689055778086185	1.7558299039780518e-05	0.3898862302303314
303360	-1.897349	-1.008601	-0.426518	0.149966	0.390042	0.652778	-0.03693253099918366	3.9506172839506166e-05	0.39004307985305786
303480	-1.898477	-1.008478	-0.426378	0.149797	0.390107	0.652870	-0.0369385177269578	2.6337448559670777e-05	0.3901057839393616
303600	-1.898108	-1.008024	-0.425342	0.149852	0.390284	0.653546	-0.03697900641709566	2.6337448559670777e-05	0.39028358459472656
303720	-1.897254	-1.007656	-0.425281	0.149980	0.390397	0.653586	-0.03700774591416121	3.9506172839506166e-05	0.3903937339782715
303840	-1.897707	-1.007378	-0.425817	0.149912	0.390506	0.653236	-0.03703546822071076	3.9506172839506166e-05	0.3905034363269806
303960	-1.897961	-1.006926	-0.425063	0.149874	0.390680	0.653728	-0.037072735652327535	2.6337448559670777e-05	0.3906768560409546
304080	-1.898168	-1.006511	-0.424449	0.149843	0.390866	0.654130	-0.03711502067744732	2.6337448559670777e-05	0.3908633589744568
304200	-1.899725	-1.006044	-0.422454	0.149610	0.391100	0.655436	-0.03715630378574133	3.9506172839506166e-05	0.39109882712364197
304320	-1.899555	-1.005514	-0.421701	0.149635	0.391332	0.655930	-0.03720422778278589	2.6337448559670777e-05	0.3913305699825287
304440	-1.899326	-1.005277	-0.421097	0.149669	0.391395	0.656327	-0.03722511250525713	1.7558299039780518e-05	0.39139339327812195
304560	-1.899597	-1.004628	-0.421377	0.149629	0.391655	0.656143	-0.03728468511253595	3.9506172839506166e-05	0.39165300130844116
304680	-1.899709	-1.003961	-0.421419	0.149612	0.391929	0.656115	-0.03734599221497774	2.6337448559670777e-05	0.3919275104999542
304800	-1.899722	-1.003478	-0.420358	0.149610	0.392105	0.656812	-0.03738654050976038	1.7558299039780518e-05	0.3921037018299103
304920	-1.900549	-1.003171	-0.419811	0.149486	0.392256	0.657171	-0.03741597793996334	3.9506172839506166e-05	0.3922540545463562
305040	-1.899400	-1.002457	-0.420567	0.149658	0.392501	0.656674	-0.03747511245310307	2.6337448559670777e-05	0.39250048995018005
305160	-1.898986	-1.001913	-0.420741	0.149720	0.392715	0.656560	-0.037523475289344785	3.9506172839506166e-05	0.3927111029624939
305280	-1.898632	-1.001158	-0.420198	0.149773	0.393018	0.656917	-0.03759417627006769	3.9506172839506166e-05	0.3930164873600006
305400	-1.899017	-1.000856	-0.418827	0.149716	0.393126	0.657818	-0.037623646296560766	3.9506172839506166e-05	0.3931238055229187
305520	-1.900130	-1.000299	-0.416785	0.149549	0.393407	0.659163	-0.037672541849315164	3.9506172839506166e-05	0.3934030830860138
305640	-1.900772	-1.000043	-0.414652	0.149453	0.393574	0.660570	-0.03770247213542462	3.9506172839506166e-05	0.39357447624206543
305760	-1.899123	-0.999411	-0.413605	0.149700	0.393807	0.661262	-0.03775357902050018	3.9506172839506166e-05	0.39380505681037903
305880	-1.898574	-0.999064	-0.414557	0.149782	0.393941	0.660633	-0.03777770604938269	3.9506172839506166e-05	0.3939369320869446
306000	-1.899038	-0.998787	-0.413706	0.149713	0.394068	0.661196	-0.037813391722738746	1.7558299039780518e-05	0.3940672278404236
306120	-1.899736	-0.998158	-0.412187	0.149608	0.394324	0.662201	-0.037867609225213525	3.9506172839506166e-05	0.3943222165107727
306240	-1.899868	-0.997584	-0.411931	0.149588	0.394545	0.662370	-0.037911626137793066	2.6337448559670777e-05	0.3945407271385193
306360	-1.898990	-0.996578	-0.411376	0.149720	0.394936	0.662738	-0.037997490167617796	3.9506172839506166e-05	0.39492979645729065
306480	-1.899274	-0.996080	-0.411158	0.149677	0.395160	0.662882	-0.038052516989409924	2.6337448559670777e-05	0.39515814185142517
306600	-1.898957	-0.995492	-0.410697	0.149725	0.395404	0.663188	-0.03810679130256176	3.9506172839506166e-05	0.39540159702301025
306720	-1.899404	-0.995206	-0.409854	0.149658	0.395492	0.663747	-0.03812851645052433	3.9506172839506166e-05	0.39549019932746887
306840	-1.899380	-0.994601	-0.408790	0.149661	0.395743	0.664453	-0.038188892602920535	2.6337448559670777e-05	0.39574262499809265
306960	-1.898536	-0.994353	-0.408745	0.149788	0.395819	0.664484	-0.038208814710378645	2.6337448559670777e-05	0.3958177864551544
307080	-1.899068	-0.994171	-0.408039	0.149708	0.395955	0.664953	-0.03823054973036051	3.9506172839506166e-05	0.3959556221961975
307200	-1.897555	-0.993763	-0.406691	0.149935	0.396077	0.665850	-0.038263041898608206	1.7558299039780518e-05	0.39607560634613037
307320	-1.898299	-0.993517	-0.406039	0.149823	0.396207	0.666284	-0.038286720588803294	3.9506172839506166e-05	0.39620622992515564
307440	-1.897621	-0.993135	-0.406218	0.149925	0.396345	0.666165	-0.038314731977880004	3.9506172839506166e-05	0.39634183049201965
307560	-1.898788	-0.992827	-0.405557	0.149750	0.396462	0.666606	-0.03835240621119738	3.9506172839506166e-05	0.3964637219905853
307680	-1.899904	-0.992332	-0.403829	0.149583	0.396684	0.667758	-0.03838607668876648	3.9506172839506166e-05	0.3966802954673767
307800	-1.899338	-0.991574	-0.403595	0.149668	0.396962	0.667914	-0.03845676183700562	1.7558299039780518e-05	0.3969598114490509
307920	-1.898017	-0.990882	-0.402165	0.149865	0.397290	0.668870	-0.03851301223039627	2.6337448559670777e-05	0.3972865641117096
308040	-1.897112	-0.990457	-0.401295	0.150001	0.397462	0.669453	-0.03855974730104208	3.9506172839506166e-05	0.3974609375
308160	-1.897158	-0.989875	-0.400740	0.149994	0.397685	0.669824	-0.03861106466501951	1.7558299039780518e-05	0.39768412709236145
308280	-1.895707	-0.989154	-0.399564	0.150212	0.397984	0.670613	-0.038668150454759596	5.925925925925925e-05	0.3979771137237549
308400	-1.895564	-0.988428	-0.398098	0.150234	0.398297	0.671596	-0.03874157648533583	2.6337448559670777e-05	0.3982950448989868
308520	-1.895288	-0.987956	-0.397584	0.150275	0.398477	0.671941	-0.0387848699465394	1.7558299039780518e-05	0.398476779460907
308640	-1.895104	-0.987492	-0.398005	0.150303	0.398618	0.671659	-0.038823926635086534	1.7558299039780518e-05	0.39861729741096497
308760	-1.895125	-0.987087	-0.397123	0.150300	0.398777	0.672251	-0.038867628760635854	1.7558299039780518e-05	0.3987779915332794
308880	-1.894445	-0.986653	-0.396491	0.150402	0.398917	0.672676	-0.038902413100004196	2.6337448559670777e-05	0.398916631937027
309000	-1.895192	-0.986183	-0.395305	0.150289	0.399155	0.673474	-0.03894269783049822	1.7558299039780518e-05	0.39915281534194946
309120	-1.894826	-0.985730	-0.394061	0.150345	0.399333	0.674313	-0.038981516100466254	2.6337448559670777e-05	0.39933085441589355
309240	-1.894151	-0.984846	-0.393937	0.150446	0.399670	0.674397	-0.039058223739266394	3.9506172839506166e-05	0.39966586232185364
309360	-1.894131	-0.983988	-0.393430	0.150449	0.400008	0.674738	-0.03913825321942568	2.6337448559670777e-05	0.4000053107738495
309480	-1.894350	-0.983411	-0.392130	0.150416	0.400293	0.675616	-0.03919096887111664	3.9506172839506166e-05	0.40028876066207886
309600	-1.895225	-0.982973	-0.389359	0.150284	0.400554	0.677491	-0.039234770275652406	3.9506172839506166e-05	0.40055274963378906
309720	-1.894230	-0.982065	-0.388627	0.150434	0.400970	0.677987	-0.039310090616345404	1.7558299039780518e-05	0.40096724033355713
309840	-1.893244	-0.981314	-0.388653	0.150582	0.401237	0.677970	-0.03938105646520853	3.9506172839506166e-05	0.40123599767684937
309960	-1.894160	-0.981037	-0.388626	0.150445	0.401355	0.677988	-0.039409689232707025	5.925925925925925e-05	0.4013558626174927
310080	-1.893296	-0.980506	-0.387521	0.150575	0.401596	0.678738	-0.03945608977228403	3.9506172839506166e-05	0.4015950858592987
310200	-1.892321	-0.979907	-0.386476	0.150722	0.401823	0.679447	-0.039505713246762754	2.6337448559670777e-05	0.40181997418403625
310320	-1.892314	-0.979527	-0.385393	0.150723	0.402005	0.680183	-0.03954080604016781	1.7558299039780518e-05	0.40200281143188477
310440	-1.892463	-0.979186	-0.384939	0.150700	0.402146	0.680492	-0.03957191035151482	3.9506172839506166e-05	0.4021427631378174
310560	-1.892587	-0.978763	-0.383675	0.150681	0.402351	0.681352	-0.03961089737713337	1.7558299039780518e-05	0.40234947204589844
310680	-1.892258	-0.978300	-0.384101	0.150731	0.402516	0.681063	-0.039654321409761904	2.6337448559670777e-05	0.40251460671424866
310800	-1.892276	-0.977791	-0.383863	0.150728	0.402697	0.681225	-0.03969973661005497	2.6337448559670777e-05	0.402695894241333
310920	-1.891822	-0.977494	-0.383958	0.150797	0.402771	0.681160	-0.03972558956593275	3.9506172839506166e-05	0.40276893973350525
311040	-1.891242	-0.977161	-0.384076	0.150884	0.402906	0.681080	-0.03975648023188114	5.925925925925925e-05	0.40290454030036926
311160	-1.890777	-0.976494	-0.383102	0.150955	0.403185	0.681743	-0.03981132749468088	3.9506172839506166e-05	0.40318048000335693
311280	-1.890967	-0.976090	-0.383291	0.150926	0.403344	0.681614	-0.03985191062092781	1.7558299039780518e-05	0.4033425450325012
311400	-1.890793	-0.975575	-0.382465	0.150952	0.403555	0.682177	-0.03990031480789184	2.6337448559670777e-05	0.4035531282424927
311520	-1.891515	-0.975175	-0.382186	0.150843	0.403734	0.682368	-0.039932981692254545	3.9506172839506166e-05	0.40373125672340393
311640	-1.891429	-0.974687	-0.381431	0.150856	0.403925	0.682883	-0.03997658956795931	3.9506172839506166e-05	0.4039211571216583
311760	-1.892238	-0.973939	-0.380493	0.150734	0.404273	0.683524	-0.040036238916218284	3.9506172839506166e-05	0.40426743030548096
311880	-1.891258	-0.973381	-0.380913	0.150882	0.404487	0.683237	-0.040100913122296335	3.9506172839506166e-05	0.4044870436191559
312000	-1.890188	-0.972606	-0.378659	0.151043	0.404802	0.684779	-0.04016682468354702	2.6337448559670777e-05	0.40480101108551025
312120	-1.889233	-0.971881	-0.377334	0.151188	0.405097	0.685687	-0.04023298639804125	2.6337448559670777e-05	0.4050952196121216
312240	-1.888045	-0.971395	-0.377560	0.151367	0.405273	0.685532	-0.04027314372360706	2.6337448559670777e-05	0.40527021884918213
312360	-1.886871	-0.970713	-0.377720	0.151545	0.405521	0.685422	-0.04033635165542364	3.9506172839506166e-05	0.40552008152008057
312480	-1.887601	-0.970433	-0.376805	0.151435	0.405657	0.686050	-0.040367758832871914	2.6337448559670777e-05	0.40565717220306396
312600	-1.888107	-0.969774	-0.376305	0.151358	0.405938	0.686393	-0.04042164273560047	3.9506172839506166e-05	0.4059367775917053
312720	-1.889429	-0.969517	-0.375574	0.151158	0.406092	0.686895	-0.040442950837314126	1.7558299039780518e-05	0.4060894548892975
312840	-1.889565	-0.969114	-0.374840	0.151138	0.406275	0.687399	-0.04047605972737074	2.6337448559670777e-05	0.40627145767211914
312960	-1.888190	-0.968358	-0.373028	0.151346	0.406590	0.688646	-0.04054697994142771	3.9506172839506166e-05	0.40658798813819885
313080	-1.887569	-0.967704	-0.372072	0.151440	0.406853	0.689304	-0.04060370158404112	1.7558299039780518e-05	0.40684980154037476
313200	-1.886842	-0.967118	-0.372781	0.151550	0.407078	0.688816	-0.04066128302365542	2.6337448559670777e-05	0.4070773720741272
313320	-1.886441	-0.966490	-0.371682	0.151610	0.407362	0.689574	-0.04071352444589138	3.9506172839506166e-05	0.4073604941368103
313440	-1.886063	-0.965942	-0.371664	0.151668	0.407594	0.689586	-0.04076613951474428	2.6337448559670777e-05	0.4075932800769806
313560	-1.886563	-0.965915	-0.371115	0.151592	0.407663	0.689964	-0.040769570879638194	2.6337448559670777e-05	0.4076618254184723
313680	-1.886925	-0.965337	-0.370385	0.151537	0.407917	0.690469	-0.04081359449774027	3.9506172839506166e-05	0.40791112184524536
313800	-1.887446	-0.965028	-0.371148	0.151458	0.408008	0.689942	-0.040846262313425544	3.9506172839506166e-05	0.4080062508583069
313920	-1.886899	-0.964476	-0.370164	0.151541	0.408230	0.690621	-0.04089790657162666	3.9506172839506166e-05	0.4082305431365967
314040	-1.887094	-0.964151	-0.369620	0.151511	0.408368	0.690997	-0.04092532731592655	2.6337448559670777e-05	0.40836676955223083
314160	-1.888492	-0.963738	-0.369136	0.151300	0.408554	0.691331	-0.040964942425489426	2.6337448559670777e-05	0.4085536599159241
314280	-1.888284	-0.963175	-0.368662	0.151331	0.408765	0.691659	-0.041013984754681584	2.6337448559670777e-05	0.40876317024230957
314400	-1.887718	-0.962532	-0.367636	0.151417	0.409039	0.692369	-0.04106508307158947	3.9506172839506166e-05	0.40903240442276
314520	-1.887851	-0.961984	-0.367543	0.151397	0.409232	0.692433	-0.041124376095831396	3.9506172839506166e-05	0.4092332124710083
314640	-1.888370	-0.961390	-0.368670	0.151318	0.409435	0.691654	-0.041168360970914364	2.6337448559670777e-05	0.4094323217868805
314760	-1.888990	-0.961132	-0.369110	0.151224	0.409537	0.691350	-0.04119669646024704	2.6337448559670777e-05	0.40953537821769714
314880	-1.889733	-0.960701	-0.367896	0.151112	0.409752	0.692189	-0.04124242030084133	1.7558299039780518e-05	0.4097520112991333
315000	-1.889767	-0.960302	-0.367131	0.151107	0.409971	0.692719	-0.041271363757550715	3.9506172839506166e-05	0.40996646881103516
315120	-1.890833	-0.959794	-0.365907	0.150946	0.410211	0.693568	-0.041315566003322604	3.9506172839506166e-05	0.4102061688899994
315240	-1.889965	-0.959119	-0.365736	0.151077	0.410483	0.693686	-0.04138422030955553	2.6337448559670777e-05	0.41048455238342285
315360	-1.889034	-0.958833	-0.365774	0.151218	0.410602	0.693660	-0.04140192568302155	3.9506172839506166e-05	0.41059955954551697
315480	-1.887882	-0.958026	-0.364970	0.151392	0.410936	0.694217	-0.041475827991962436	2.6337448559670777e-05	0.4109345078468323
315600	-1.888835	-0.957911	-0.365494	0.151248	0.411016	0.693854	-0.04148929715156555	2.6337448559670777e-05	0.4110148549079895
315720	-1.889783	-0.957367	-0.364499	0.151105	0.411288	0.694545	-0.04153545144945383	3.9506172839506166e-05	0.41128426790237427
315840	-1.888618	-0.957115	-0.365351	0.151281	0.411366	0.693953	-0.04156729057431221	2.6337448559670777e-05	0.41136834025382996
315960	-1.888942	-0.956681	-0.365582	0.151232	0.411531	0.693793	-0.04159692395478487	2.6337448559670777e-05	0.41152992844581604
316080	-1.888316	-0.956140	-0.365748	0.151326	0.411728	0.693677	-0.04164626728743315	3.9506172839506166e-05	0.4117261469364166
316200	-1.887432	-0.955825	-0.365977	0.151460	0.411818	0.693519	-0.04167708419263363	1.7558299039780518e-05	0.41181710362434387
316320	-1.888094	-0.955735	-0.365989	0.151360	0.411870	0.693510	-0.04168681874871254	3.9506172839506166e-05	0.41187039017677307
316440	-1.889258	-0.955120	-0.366740	0.151184	0.412130	0.692990	-0.041745329089462754	2.6337448559670777e-05	0.4121303856372833
316560	-1.889323	-0.954867	-0.365533	0.151174	0.412270	0.693826	-0.041760295256972314	2.6337448559670777e-05	0.41226667165756226
316680	-1.889470	-0.954529	-0.365149	0.151152	0.412410	0.694093	-0.04178848713636398	3.9506172839506166e-05	0.41240614652633667
316800	-1.888870	-0.953886	-0.363295	0.151243	0.412751	0.695381	-0.041846503131091596	1.7558299039780518e-05	0.41274771094322205
316920	-1.888204	-0.953470	-0.362735	0.151343	0.412911	0.695771	-0.04188776109367609	2.6337448559670777e-05	0.4129093587398529
317040	-1.886735	-0.952722	-0.361844	0.151566	0.413226	0.696391	-0.04195342343300581	1.7558299039780518e-05	0.41322389245033264
317160	-1.886427	-0.952372	-0.362697	0.151612	0.413382	0.695797	-0.04198811743408441	2.6337448559670777e-05	0.4133813679218292
317280	-1.886185	-0.952061	-0.361006	0.151649	0.413545	0.696975	-0.042023958265781404	3.9506172839506166e-05	0.4135456681251526
317400	-1.888054	-0.951484	-0.358853	0.151366	0.413884	0.698477	-0.04206784162670374	2.6337448559670777e-05	0.41388246417045593
317520	-1.888745	-0.951187	-0.358135	0.151261	0.414041	0.698978	-0.04209520053118467	3.9506172839506166e-05	0.4140388071537018
317640	-1.889068	-0.950894	-0.358306	0.151213	0.414150	0.698859	-0.04212241675704718	3.9506172839506166e-05	0.4141489565372467
317760	-1.889253	-0.950540	-0.358725	0.151185	0.414301	0.698567	-0.042152711935341355	2.6337448559670777e-05	0.41429975628852844
317880	-1.888947	-0.950042	-0.356246	0.151231	0.414574	0.700300	-0.0421924352645874	1.7558299039780518e-05	0.4145714342594147
318000	-1.888402	-0.949538	-0.355601	0.151313	0.414812	0.700752	-0.04224415346980095	1.7558299039780518e-05	0.41481098532676697
318120	-1.888366	-0.949350	-0.355558	0.151319	0.414922	0.700782	-0.04226384814828634	3.9506172839506166e-05	0.41492071747779846
318240	-1.887965	-0.949115	-0.355340	0.151380	0.415040	0.700935	-0.042286720126867294	2.6337448559670777e-05	0.4150407910346985
318360	-1.888176	-0.948614	-0.355614	0.151348	0.415252	0.700743	-0.04232594259083271	3.9506172839506166e-05	0.4152504503726959
318480	-1.890447	-0.948431	-0.354680	0.151004	0.415387	0.701397	-0.04234346430748701	3.9506172839506166e-05	0.4153861999511719
318600	-1.890284	-0.948141	-0.354663	0.151029	0.415468	0.701410	-0.042374223470687866	3.9506172839506166e-05	0.41546985507011414
318720	-1.890692	-0.947904	-0.353920	0.150967	0.415596	0.701931	-0.042391737923026085	3.9506172839506166e-05	0.41559410095214844
318840	-1.890368	-0.947663	-0.353519	0.151016	0.415726	0.702213	-0.04241253174841404	2.6337448559670777e-05	0.4157255291938782
318960	-1.890988	-0.947584	-0.352852	0.150923	0.415793	0.702681	-0.042421317845582965	2.6337448559670777e-05	0.4157918393611908
319080	-1.889018	-0.946723	-0.350806	0.151220	0.416173	0.704121	-0.042488379031419755	3.9506172839506166e-05	0.416168212890625
319200	-1.889604	-0.946258	-0.350825	0.151132	0.416391	0.704107	-0.04253602921962738	3.9506172839506166e-05	0.4163885712623596
319320	-1.889354	-0.945968	-0.351992	0.151169	0.416497	0.703286	-0.04256486352533102	2.6337448559670777e-05	0.4164961874485016
319440	-1.888851	-0.945528	-0.352602	0.151246	0.416663	0.702857	-0.04260197337716818	2.6337448559670777e-05	0.4166613221168518
319560	-1.888957	-0.945396	-0.352556	0.151229	0.416727	0.702889	-0.04261618778109551	2.6337448559670777e-05	0.41672566533088684
319680	-1.888618	-0.944467	-0.350651	0.151281	0.417167	0.704229	-0.042695163562893865	1.7558299039780518e-05	0.41716495156288147
319800	-1.888066	-0.943930	-0.349406	0.151364	0.417404	0.705107	-0.04274515211582184	3.9506172839506166e-05	0.4174014627933502
319920	-1.887933	-0.943636	-0.349566	0.151384	0.417516	0.704994	-0.04277952499687672	3.9506172839506166e-05	0.41751807928085327
320040	-1.887403	-0.943222	-0.350301	0.151465	0.417651	0.704476	-0.04280892722308636	3.9506172839506166e-05	0.41764846444129944
320160	-1.887013	-0.942915	-0.349278	0.151524	0.417771	0.705197	-0.04284100029617548	3.9506172839506166e-05	0.41777196526527405
320280	-1.885698	-0.942616	-0.349208	0.151723	0.417881	0.705247	-0.0428672656416893	3.9506172839506166e-05	0.4178794026374817
320400	-1.885355	-0.942249	-0.348044	0.151775	0.418058	0.706068	-0.04289860874414444	2.6337448559670777e-05	0.4180562198162079
320520	-1.884507	-0.941724	-0.346580	0.151904	0.418321	0.707102	-0.04294307250529528	1.7558299039780518e-05	0.41831886768341064
320640	-1.884959	-0.941381	-0.347092	0.151835	0.418474	0.706740	-0.04297863859683275	3.9506172839506166e-05	0.4184721112251282
320760	-1.884869	-0.941060	-0.345488	0.151849	0.418633	0.707875	-0.04300750438123942	2.6337448559670777e-05	0.4186331331729889
320880	-1.885068	-0.940822	-0.345556	0.151819	0.418736	0.707827	-0.04303227197378874	3.9506172839506166e-05	0.4187370836734772
321000	-1.885556	-0.940738	-0.345497	0.151745	0.418792	0.707869	-0.04304053150117397	2.6337448559670777e-05	0.41879215836524963
321120	-1.886273	-0.940360	-0.344150	0.151636	0.418973	0.708822	-0.043076321482658386	3.9506172839506166e-05	0.4189751148223877
321240	-1.886507	-0.940327	-0.344184	0.151600	0.418978	0.708799	-0.043068934604525565	3.9506172839506166e-05	0.41897594928741455
321360	-1.885786	-0.939891	-0.344268	0.151710	0.419157	0.708739	-0.0431122075766325	3.9506172839506166e-05	0.41915571689605713
321480	-1.885046	-0.939390	-0.344915	0.151822	0.419358	0.708281	-0.04315655510872603	3.9506172839506166e-05	0.4193573594093323
321600	-1.883607	-0.938888	-0.343242	0.152041	0.419549	0.709467	-0.04320847988128662	3.9506172839506166e-05	0.4195501506328583
321720	-1.882273	-0.938465	-0.342927	0.152244	0.419729	0.709690	-0.043236549757421014	3.9506172839506166e-05	0.4197249710559845
321840	-1.881923	-0.937991	-0.341883	0.152297	0.419946	0.710431	-0.04327763598412275	2.6337448559670777e-05	0.4199424088001251
321960	-1.881551	-0.937852	-0.340928	0.152354	0.420012	0.711110	-0.04329317044466734	3.9506172839506166e-05	0.4200093448162079
322080	-1.881644	-0.937113	-0.340288	0.152339	0.420349	0.711565	-0.04335935693234205	1.7558299039780518e-05	0.4203470051288605
322200	-1.881306	-0.936450	-0.339595	0.152391	0.420638	0.712059	-0.043419467844069005	2.6337448559670777e-05	0.4206355810165405
322320	-1.879322	-0.935993	-0.338932	0.152694	0.420812	0.712531	-0.04346041791141033	3.9506172839506166e-05	0.4208102524280548
322440	-1.878880	-0.935704	-0.338635	0.152761	0.420935	0.712743	-0.04349068831652403	3.9506172839506166e-05	0.4209350049495697
322560	-1.878217	-0.935184	-0.338607	0.152862	0.421133	0.712762	-0.04353746771812439	2.6337448559670777e-05	0.4211328625679016
322680	-1.878210	-0.934792	-0.338114	0.152863	0.421314	0.713114	-0.04357638638466597	2.6337448559670777e-05	0.42131543159484863
322800	-1.878134	-0.934340	-0.337000	0.152875	0.421521	0.713909	-0.04360673353075981	2.6337448559670777e-05	0.4215176999568939
322920	-1.877131	-0.933800	-0.334814	0.153028	0.421780	0.715471	-0.04365954343229532	3.9506172839506166e-05	0.4217788577079773
323040	-1.878499	-0.933307	-0.334098	0.152819	0.422022	0.715984	-0.04370348788797855	3.9506172839506166e-05	0.4220208525657654
323160	-1.877750	-0.932548	-0.333108	0.152934	0.422339	0.716693	-0.04376690723001957	3.9506172839506166e-05	0.42233461141586304
323280	-1.877404	-0.932044	-0.332325	0.152987	0.422555	0.717255	-0.043816504441201685	3.9506172839506166e-05	0.42255282402038574
323400	-1.875273	-0.931615	-0.331646	0.153313	0.422709	0.717742	-0.04384941272437572	3.9506172839506166e-05	0.42270633578300476
323520	-1.875466	-0.931112	-0.330182	0.153284	0.422955	0.718793	-0.04389899466186762	2.6337448559670777e-05	0.4229521155357361
323640	-1.873623	-0.929908	-0.328337	0.153566	0.423463	0.720120	-0.04399940278381109	2.6337448559670777e-05	0.4234607219696045
323760	-1.874324	-0.929438	-0.327905	0.153459	0.423685	0.720432	-0.04404815230518579	1.7558299039780518e-05	0.4236818552017212
323880	-1.873731	-0.929015	-0.326516	0.153550	0.423873	0.721433	-0.04409224931150675	2.6337448559670777e-05	0.4238725006580353
324000	-1.874018	-0.928914	-0.326044	0.153506	0.423926	0.721774	-0.044100063294172286	2.6337448559670777e-05	0.42392513155937195
324120	-1.873127	-0.928560	-0.325650	0.153642	0.424039	0.722058	-0.04413267653435469	2.6337448559670777e-05	0.4240388870239258
324240	-1.871229	-0.927914	-0.325982	0.153934	0.424293	0.721818	-0.044185210950672626	1.7558299039780518e-05	0.4242914319038391
324360	-1.871520	-0.927288	-0.324346	0.153890	0.424589	0.723000	-0.044240289367735386	2.6337448559670777e-05	0.42458632588386536
324480	-1.871570	-0.926767	-0.323022	0.153882	0.424869	0.723958	-0.04429133702069521	3.9506172839506166e-05	0.4248667061328888
324600	-1.872233	-0.926220	-0.322631	0.153780	0.425114	0.724241	-0.044340481609106065	1.7558299039780518e-05	0.4251119792461395
324720	-1.872994	-0.926124	-0.321720	0.153663	0.425200	0.724901	-0.04435701109468937	2.6337448559670777e-05	0.4252009391784668
324840	-1.873142	-0.925754	-0.320951	0.153640	0.425375	0.725459	-0.04438163079321385	3.9506172839506166e-05	0.4253721237182617
324960	-1.872247	-0.925334	-0.320114	0.153778	0.425509	0.726067	-0.04441838450729847	1.7558299039780518e-05	0.42550569772720337
325080	-1.872684	-0.925070	-0.320046	0.153711	0.425635	0.726116	-0.04444302897900343	3.9506172839506166e-05	0.42563381791114807
325200	-1.872684	-0.924785	-0.320730	0.153711	0.425725	0.725619	-0.04446776062250137	3.9506172839506166e-05	0.4257219433784485
325320	-1.872255	-0.924021	-0.318560	0.153777	0.426102	0.727196	-0.044535694643855095	3.9506172839506166e-05	0.4260985851287842
325440	-1.871353	-0.923582	-0.319817	0.153915	0.426261	0.726282	-0.04457367956638336	1.7558299039780518e-05	0.4262591004371643
325560	-1.870902	-0.923346	-0.320342	0.153985	0.426344	0.725901	-0.044601899571716785	1.7558299039780518e-05	0.4263428747653961
325680	-1.870485	-0.923010	-0.319849	0.154049	0.426491	0.726258	-0.04463975615799427	2.6337448559670777e-05	0.4264930486679077
325800	-1.870300	-0.922353	-0.318824	0.154077	0.426772	0.727003	-0.044686229340732096	2.6337448559670777e-05	0.4267691671848297
325920	-1.869889	-0.922187	-0.318711	0.154141	0.426840	0.727085	-0.04470775965601206	1.7558299039780518e-05	0.42684000730514526
326040	-1.869848	-0.921536	-0.317814	0.154147	0.427165	0.727738	-0.04476382862776518	3.9506172839506166e-05	0.4271641969680786
326160	-1.869236	-0.921131	-0.317100	0.154242	0.427343	0.728258	-0.044797278568148614	1.7558299039780518e-05	0.42734140157699585
326280	-1.869082	-0.920342	-0.316745	0.154265	0.427653	0.728516	-0.04486825652420521	1.7558299039780518e-05	0.4276522696018219
326400	-1.867987	-0.919769	-0.316395	0.154434	0.427852	0.728772	-0.044918698444962504	2.6337448559670777e-05	0.4278496205806732
326520	-1.868782	-0.919330	-0.315413	0.154311	0.428059	0.729488	-0.04495975784957409	3.9506172839506166e-05	0.42805635929107666
326640	-1.869397	-0.918832	-0.314425	0.154217	0.428301	0.730209	-0.04500727038830519	3.9506172839506166e-05	0.4282999336719513
326760	-1.869624	-0.918098	-0.313047	0.154182	0.428637	0.731216	-0.04507059212774038	2.6337448559670777e-05	0.42863526940345764
326880	-1.869784	-0.917591	-0.312166	0.154157	0.428886	0.731860	-0.04511256814002991	2.6337448559670777e-05	0.4288803040981293
327000	-1.869609	-0.916729	-0.311908	0.154184	0.429255	0.732049	-0.04519077856093645	2.6337448559670777e-05	0.4292522072792053
327120	-1.870361	-0.916143	-0.310536	0.154068	0.429535	0.733054	-0.04524398166686296	2.6337448559670777e-05	0.429532915353775
327240	-1.869353	-0.915533	-0.310163	0.154223	0.429814	0.733328	-0.04529591035097837	3.9506172839506166e-05	0.42980819940567017
327360	-1.868246	-0.915175	-0.310694	0.154394	0.429933	0.732938	-0.04533790238201618	1.7558299039780518e-05	0.4299333691596985
327480	-1.868264	-0.914415	-0.309553	0.154391	0.430253	0.733775	-0.04540047384798527	1.7558299039780518e-05	0.4302503168582916
327600	-1.868982	-0.913887	-0.308029	0.154281	0.430492	0.734894	-0.04545403346419334	3.9506172839506166e-05	0.4304908812046051
327720	-1.869530	-0.913565	-0.306950	0.154196	0.430618	0.735687	-0.045480954460799694	1.7558299039780518e-05	0.4306175708770752
327840	-1.868790	-0.913079	-0.306304	0.154310	0.430827	0.736163	-0.04551647175103426	2.6337448559670777e-05	0.43082308769226074
327960	-1.868806	-0.912679	-0.305563	0.154308	0.431041	0.736709	-0.04556226450949907	3.9506172839506166e-05	0.4310404062271118
328080	-1.868423	-0.912106	-0.303729	0.154367	0.431348	0.738061	-0.045608204789459705	2.6337448559670777e-05	0.4313449263572693
328200	-1.868009	-0.911559	-0.303335	0.154431	0.431567	0.738352	-0.04566153697669506	2.6337448559670777e-05	0.4315668046474457
328320	-1.867383	-0.911370	-0.304064	0.154528	0.431635	0.737814	-0.045683684200048445	2.6337448559670777e-05	0.4316355288028717
328440	-1.867164	-0.910831	-0.302930	0.154561	0.431912	0.738651	-0.045724190399050714	2.6337448559670777e-05	0.4319097101688385
328560	-1.865962	-0.910114	-0.303029	0.154747	0.432200	0.738578	-0.04578889105468988	2.6337448559670777e-05	0.4321977496147156
328680	-1.865335	-0.909718	-0.303432	0.154844	0.432361	0.738280	-0.045825354568660256	3.9506172839506166e-05	0.4323587715625763
328800	-1.865162	-0.909466	-0.303221	0.154871	0.432514	0.738436	-0.045852670446038246	1.7558299039780518e-05	0.4325138330459595
328920	-1.864159	-0.909189	-0.303009	0.155027	0.432626	0.738593	-0.045869472250342366	2.6337448559670777e-05	0.43262362480163574
329040	-1.865012	-0.908778	-0.302201	0.154894	0.432857	0.739190	-0.045909334905445576	2.6337448559670777e-05	0.43285486102104187
329160	-1.864370	-0.907764	-0.300543	0.154994	0.433343	0.740416	-0.04599880613386631	3.9506172839506166e-05	0.43333983421325684
329280	-1.864915	-0.907234	-0.300214	0.154909	0.433628	0.740660	-0.04605213198810816	3.9506172839506166e-05	0.43362686038017273
329400	-1.862332	-0.906696	-0.298073	0.155310	0.433853	0.742247	-0.04609418995678425	3.9506172839506166e-05	0.43384963274002075
329520	-1.862819	-0.906333	-0.298191	0.155234	0.434028	0.742159	-0.04613169748336077	1.7558299039780518e-05	0.43402788043022156
329640	-1.862141	-0.906280	-0.297459	0.155340	0.434060	0.742703	-0.04613917674869299	3.9506172839506166e-05	0.43405967950820923
329760	-1.862499	-0.905799	-0.296217	0.155284	0.434320	0.743626	-0.046170341596007344	2.6337448559670777e-05	0.43431520462036133
329880	-1.861734	-0.905238	-0.295723	0.155403	0.434556	0.743994	-0.04623073916882277	3.9506172839506166e-05	0.4345549941062927
330000	-1.860772	-0.904411	-0.294633	0.155553	0.434946	0.744805	-0.04630054887384176	1.7558299039780518e-05	0.4349437952041626
330120	-1.859922	-0.904107	-0.292937	0.155685	0.435105	0.746069	-0.046333817020058635	2.6337448559670777e-05	0.43510422110557556
330240	-1.859985	-0.903695	-0.291555	0.155675	0.435305	0.747101	-0.04636433571577072	3.9506172839506166e-05	0.4352998435497284
330360	-1.858394	-0.902947	-0.291055	0.155923	0.435638	0.747474	-0.04643507543951273	2.6337448559670777e-05	0.435637503862381
330480	-1.858156	-0.902532	-0.289997	0.155960	0.435813	0.748266	-0.04646348189562559	2.6337448559670777e-05	0.4358080327510834
330600	-1.857870	-0.901952	-0.288870	0.156005	0.436115	0.749110	-0.04652649220079184	1.7558299039780518e-05	0.4361141622066498
330720	-1.857538	-0.901518	-0.287443	0.156056	0.436342	0.750179	-0.046566162072122094	2.6337448559670777e-05	0.4363420605659485
330840	-1.857865	-0.901102	-0.286399	0.156005	0.436541	0.750963	-0.04660321492701769	3.9506172839506166e-05	0.4365398585796356
330960	-1.857164	-0.900707	-0.285493	0.156115	0.436702	0.751644	-0.04663954507559538	3.9506172839506166e-05	0.43670350313186646
331080	-1.857523	-0.900371	-0.285152	0.156059	0.436872	0.751900	-0.046665897406637666	2.6337448559670777e-05	0.43686938285827637
331200	-1.857933	-0.900110	-0.284466	0.155995	0.436984	0.752416	-0.0466939402744174	3.9506172839506166e-05	0.4369838237762451
331320	-1.858393	-0.899838	-0.283443	0.155923	0.437134	0.753186	-0.04671900924295187	3.9506172839506166e-05	0.43713295459747314
331440	-1.858206	-0.899684	-0.283877	0.155952	0.437233	0.752860	-0.04673023726791144	1.7558299039780518e-05	0.4372326135635376
331560	-1.858531	-0.899019	-0.283171	0.155901	0.437545	0.753391	-0.04678274691104889	2.6337448559670777e-05	0.43754059076309204
331680	-1.857838	-0.898347	-0.282370	0.156010	0.437866	0.753994	-0.046848797239363194	2.6337448559670777e-05	0.43786314129829407
331800	-1.856817	-0.897998	-0.281506	0.156169	0.438015	0.754646	-0.04687710963189602	3.9506172839506166e-05	0.43801039457321167
331920	-1.855937	-0.897535	-0.280501	0.156306	0.438235	0.755405	-0.046919050812721255	2.6337448559670777e-05	0.4382319450378418
332040	-1.855900	-0.896870	-0.278752	0.156312	0.438561	0.756728	-0.04698224551975727	2.6337448559670777e-05	0.4385584890842438
332160	-1.855257	-0.896115	-0.277807	0.156413	0.438909	0.757443	-0.04704943597316742	1.7558299039780518e-05	0.4389072060585022
332280	-1.855932	-0.895823	-0.276740	0.156307	0.439054	0.758251	-0.0470811627805233	1.7558299039780518e-05	0.4390535056591034
332400	-1.855760	-0.895478	-0.275628	0.156334	0.439228	0.759095	-0.047105463966727254	3.9506172839506166e-05	0.4392244219779968
332520	-1.855531	-0.894880	-0.275486	0.156370	0.439508	0.759203	-0.04716301690787077	2.6337448559670777e-05	0.4395073354244232
332640	-1.855467	-0.894505	-0.274517	0.156380	0.439715	0.759939	-0.04719923455268145	1.7558299039780518e-05	0.43971410393714905
332760	-1.855611	-0.894075	-0.273965	0.156357	0.439934	0.760358	-0.047231071442365644	3.9506172839506166e-05	0.43993115425109863
332880	-1.854128	-0.893536	-0.273340	0.156589	0.440125	0.760834	-0.047282451577484605	2.6337448559670777e-05	0.44012361764907837
333000	-1.853867	-0.893161	-0.273760	0.156630	0.440322	0.760515	-0.04731347542256117	3.9506172839506166e-05	0.4403170943260193
333120	-1.854220	-0.892702	-0.273115	0.156575	0.440547	0.761005	-0.047355321049690244	2.6337448559670777e-05	0.44054365158081055
333240	-1.853880	-0.892396	-0.272577	0.156628	0.440677	0.761415	-0.047392277605831624	3.9506172839506166e-05	0.44067898392677307
333360	-1.852499	-0.891789	-0.271980	0.156845	0.440961	0.761869	-0.04744072761386633	2.6337448559670777e-05	0.44096022844314575
333480	-1.852198	-0.891373	-0.271393	0.156892	0.441166	0.762317	-0.04748521167784929	5.925925925925925e-05	0.44116833806037903
333600	-1.850816	-0.890864	-0.270273	0.157109	0.441411	0.763171	-0.04752494264394045	1.7558299039780518e-05	0.4414115846157074
333720	-1.850108	-0.890623	-0.270120	0.157220	0.441523	0.763288	-0.04754524938762188	1.7558299039780518e-05	0.44152116775512695
333840	-1.850214	-0.889870	-0.269276	0.157203	0.441852	0.763932	-0.047603138536214826	3.9506172839506166e-05	0.4418458342552185
333960	-1.849960	-0.889099	-0.266957	0.157243	0.442250	0.765706	-0.04767499342560768	1.7558299039780518e-05	0.4422464966773987
334080	-1.849460	-0.888720	-0.266410	0.157322	0.442422	0.766125	-0.04771183822304011	3.9506172839506166e-05	0.44241735339164734
334200	-1.847814	-0.888155	-0.266574	0.157581	0.442648	0.765999	-0.04776672814041376	1.7558299039780518e-05	0.4426466226577759
334320	-1.848079	-0.887934	-0.266461	0.157539	0.442739	0.766086	-0.047792058624327186	3.9506172839506166e-05	0.44274047017097473
334440	-1.847411	-0.887452	-0.265934	0.157645	0.442929	0.766490	-0.04782327450811863	3.9506172839506166e-05	0.44292473793029785
334560	-1.845716	-0.886591	-0.265814	0.157912	0.443328	0.766582	-0.04790566302835941	2.6337448559670777e-05	0.443326473236084
334680	-1.845077	-0.886171	-0.266428	0.158013	0.443500	0.766111	-0.0479431739076972	1.7558299039780518e-05	0.44349732995033264
334800	-1.843528	-0.885568	-0.265875	0.158258	0.443755	0.766535	-0.04799564462155104	2.6337448559670777e-05	0.4437524080276489
334920	-1.842740	-0.884576	-0.265693	0.158383	0.444180	0.766674	-0.04808360580354929	3.9506172839506166e-05	0.4441763460636139
335040	-1.842790	-0.884340	-0.265121	0.158375	0.444287	0.767113	-0.048108622618019584	1.7558299039780518e-05	0.4442847967147827
335160	-1.842601	-0.883703	-0.265573	0.158405	0.444556	0.766767	-0.048167584277689454	2.6337448559670777e-05	0.4445544481277466
335280	-1.843696	-0.883127	-0.263405	0.158232	0.444882	0.768430	-0.04821800384670496	2.6337448559670777e-05	0.4448804557323456
335400	-1.843892	-0.882494	-0.262109	0.158201	0.445211	0.769427	-0.04827112182974815	3.9506172839506166e-05	0.4452062249183655
335520	-1.845851	-0.882260	-0.262584	0.157891	0.445344	0.769062	-0.0482949897646904	2.6337448559670777e-05	0.4453416168689728
335640	-1.845187	-0.881674	-0.262098	0.157996	0.445606	0.769436	-0.048346050828695294	3.9506172839506166e-05	0.445601224899292
335760	-1.845812	-0.881244	-0.260828	0.157897	0.445849	0.770413	-0.048389310389757155	1.7558299039780518e-05	0.44584718346595764
335880	-1.844831	-0.880618	-0.259172	0.158052	0.446135	0.771690	-0.04843865521252155	3.9506172839506166e-05	0.44613116979599
336000	-1.844596	-0.880103	-0.259511	0.158089	0.446380	0.771429	-0.04849155470728874	3.9506172839506166e-05	0.44637882709503174
336120	-1.844029	-0.879675	-0.259351	0.158179	0.446589	0.771552	-0.048528948612511155	1.7558299039780518e-05	0.4465871751308441
336240	-1.842814	-0.879289	-0.259519	0.158371	0.446792	0.771423	-0.04856067076325417	2.6337448559670777e-05	0.4467872083187103
336360	-1.842204	-0.878556	-0.258118	0.158468	0.447122	0.772504	-0.04863002896308899	1.7558299039780518e-05	0.4471193850040436
336480	-1.841852	-0.878247	-0.256858	0.158523	0.447269	0.773478	-0.048661896400153636	2.6337448559670777e-05	0.44726815819740295
336600	-1.842600	-0.877799	-0.256109	0.158405	0.447525	0.774058	-0.04869949575513601	2.6337448559670777e-05	0.4475235044956207
336720	-1.842038	-0.877439	-0.255707	0.158494	0.447701	0.774369	-0.048731721378862856	2.6337448559670777e-05	0.44769996404647827
336840	-1.842774	-0.877054	-0.254928	0.158377	0.447921	0.774973	-0.04876347184181214	1.7558299039780518e-05	0.4479176700115204
336960	-1.843127	-0.876630	-0.253699	0.158321	0.448145	0.775925	-0.04880279768258333	1.7558299039780518e-05	0.4481423795223236
337080	-1.844142	-0.876527	-0.253008	0.158161	0.448235	0.776462	-0.048813557252287865	3.9506172839506166e-05	0.4482320547103882
337200	-1.843621	-0.875841	-0.253166	0.158243	0.448551	0.776339	-0.048873422853648665	1.7558299039780518e-05	0.4485480487346649
337320	-1.842152	-0.875380	-0.252448	0.158476	0.448816	0.776897	-0.04891549665480852	1.7558299039780518e-05	0.44881471991539
337440	-1.841189	-0.874944	-0.252824	0.158629	0.448968	0.776605	-0.048954183049499986	3.9506172839506166e-05	0.44896504282951355
337560	-1.840813	-0.874304	-0.253830	0.158688	0.449282	0.775824	-0.04901244193315506	2.6337448559670777e-05	0.4492804706096649
337680	-1.839093	-0.874003	-0.252998	0.158962	0.449428	0.776470	-0.0490375205874443	1.7558299039780518e-05	0.4494255483150482
337800	-1.837842	-0.873712	-0.253452	0.159160	0.449534	0.776117	-0.04906729850918055	2.6337448559670777e-05	0.4495329260826111
337920	-1.837182	-0.873253	-0.252435	0.159266	0.449761	0.776907	-0.0491048239171505	1.7558299039780518e-05	0.44975927472114563
338040	-1.835753	-0.872652	-0.250869	0.159493	0.450038	0.778124	-0.04916024208068848	2.6337448559670777e-05	0.45003557205200195
338160	-1.836075	-0.872043	-0.250826	0.159442	0.450307	0.778157	-0.04921752382069826	2.6337448559670777e-05	0.45030641555786133
338280	-1.837240	-0.871553	-0.251329	0.159256	0.450540	0.777767	-0.049262629449367525	2.6337448559670777e-05	0.45053964853286743
338400	-1.836781	-0.871038	-0.249785	0.159329	0.450838	0.778969	-0.049304967001080516	3.9506172839506166e-05	0.45083412528038025
338520	-1.837168	-0.870658	-0.250199	0.159268	0.451014	0.778645	-0.04934271965175867	3.9506172839506166e-05	0.45101431012153625
338640	-1.838102	-0.870012	-0.248891	0.159119	0.451378	0.779665	-0.04939634446054697	1.7558299039780518e-05	0.4513755738735199
338760	-1.838444	-0.869572	-0.248580	0.159065	0.451566	0.779908	-0.04943827427923679	2.6337448559670777e-05	0.45156359672546387
338880	-1.838368	-0.868992	-0.248108	0.159077	0.451799	0.780276	-0.04949577935039997	1.7558299039780518e-05	0.45179975032806396
339000	-1.837049	-0.868656	-0.247432	0.159287	0.451926	0.780803	-0.04951746128499508	3.9506172839506166e-05	0.4519215226173401
339120	-1.836518	-0.868099	-0.247268	0.159371	0.452177	0.780931	-0.04957660473883152	2.6337448559670777e-05	0.4521768093109131
339240	-1.836704	-0.867561	-0.246496	0.159342	0.452458	0.781535	-0.0496188186109066	3.9506172839506166e-05	0.4524548053741455
339360	-1.835769	-0.867357	-0.245397	0.159491	0.452567	0.782394	-0.049640768207609653	2.6337448559670777e-05	0.45256561040878296
339480	-1.836056	-0.867182	-0.246552	0.159445	0.452646	0.781491	-0.04965474735945463	2.6337448559670777e-05	0.45264342427253723
339600	-1.835754	-0.866797	-0.246143	0.159493	0.452856	0.781810	-0.049688882380723956	2.6337448559670777e-05	0.4528556168079376
339720	-1.835068	-0.866059	-0.243414	0.159603	0.453259	0.783947	-0.04975377433001995	1.7558299039780518e-05	0.4532577395439148
339840	-1.835099	-0.865608	-0.240727	0.159598	0.453523	0.786056	-0.049788656271994115	3.9506172839506166e-05	0.4535162150859833
339960	-1.834781	-0.864959	-0.239410	0.159648	0.453882	0.787092	-0.04985436350107193	3.9506172839506166e-05	0.453878790140152
340080	-1.833895	-0.864418	-0.239812	0.159790	0.454164	0.786776	-0.04989965334534645	3.9506172839506166e-05	0.4541606307029724
340200	-1.833277	-0.864097	-0.237834	0.159889	0.454328	0.788334	-0.049934707768261435	3.9506172839506166e-05	0.4543263614177704
340320	-1.832249	-0.863308	-0.236533	0.160053	0.454697	0.789360	-0.04999738484621048	2.6337448559670777e-05	0.45469316840171814
340440	-1.830494	-0.862718	-0.236586	0.160334	0.454935	0.789318	-0.05005383864045143	2.6337448559670777e-05	0.45493245124816895
340560	-1.829668	-0.862321	-0.235633	0.160467	0.455120	0.790070	-0.05009118225425482	2.6337448559670777e-05	0.4551171660423279
340680	-1.829341	-0.862111	-0.235176	0.160519	0.455229	0.790431	-0.050109791196882726	1.7558299039780518e-05	0.45522674918174744
340800	-1.830534	-0.861855	-0.234949	0.160328	0.455416	0.790611	-0.05013317037373781	2.6337448559670777e-05	0.4554130733013153
340920	-1.830883	-0.861326	-0.233799	0.160272	0.455680	0.791521	-0.050173649564385414	2.6337448559670777e-05	0.45567524433135986
341040	-1.829966	-0.860901	-0.232590	0.160419	0.455946	0.792478	-0.050218631699681285	3.9506172839506166e-05	0.4559437334537506
341160	-1.828624	-0.860437	-0.230761	0.160635	0.456193	0.793929	-0.050260269269347194	1.7558299039780518e-05	0.4561912715435028
341280	-1.828556	-0.860242	-0.229860	0.160645	0.456310	0.794645	-0.050278181210160255	1.7558299039780518e-05	0.4563086926937103
341400	-1.828709	-0.860079	-0.229103	0.160621	0.456373	0.795246	-0.05029292739927769	2.6337448559670777e-05	0.456371545791626
341520	-1.828021	-0.859799	-0.227888	0.160731	0.456525	0.796213	-0.05031985342502594	2.6337448559670777e-05	0.4565230906009674
341640	-1.827430	-0.859010	-0.226167	0.160826	0.456941	0.797585	-0.050385035946965216	2.6337448559670777e-05	0.4569375216960907
341760	-1.827908	-0.858483	-0.227082	0.160749	0.457162	0.796855	-0.050434349291026595	1.7558299039780518e-05	0.45715850591659546
341880	-1.828965	-0.857991	-0.226592	0.160580	0.457400	0.797246	-0.05047945063561201	3.9506172839506166e-05	0.4573964476585388
342000	-1.828661	-0.857552	-0.226376	0.160628	0.457593	0.797418	-0.05052208472043276	3.9506172839506166e-05	0.45759040117263794
342120	-1.827610	-0.856959	-0.225651	0.160797	0.457843	0.797996	-0.05056947916746139	3.9506172839506166e-05	0.4578363299369812
342240	-1.826241	-0.856321	-0.224443	0.161018	0.458171	0.798961	-0.05063481759279966	3.9506172839506166e-05	0.45817139744758606
342360	-1.825984	-0.855831	-0.223955	0.161059	0.458447	0.799351	-0.05067284014075994	1.7558299039780518e-05	0.4584448039531708
342480	-1.824487	-0.855449	-0.222040	0.161300	0.458698	0.800883	-0.05070690736174584	2.6337448559670777e-05	0.4586945176124573
342600	-1.822158	-0.854385	-0.219948	0.161677	0.459221	0.802561	-0.050799051858484746	3.9506172839506166e-05	0.45921531319618225
342720	-1.822482	-0.853853	-0.219404	0.161624	0.459459	0.802997	-0.050859404169023036	3.9506172839506166e-05	0.4594600796699524
342840	-1.823174	-0.853387	-0.218325	0.161512	0.459703	0.803864	-0.05089416727423668	2.6337448559670777e-05	0.4597005546092987
342960	-1.822536	-0.852948	-0.217914	0.161615	0.459891	0.804194	-0.05093179177492857	1.7558299039780518e-05	0.45988768339157104
343080	-1.822644	-0.852472	-0.218890	0.161598	0.460048	0.803410	-0.05097619108855724	2.6337448559670777e-05	0.4600476324558258
343200	-1.821807	-0.852104	-0.218325	0.161733	0.460198	0.803864	-0.051009049825370315	1.7558299039780518e-05	0.46019425988197327
343320	-1.821132	-0.851460	-0.218478	0.161842	0.460457	0.803741	-0.05106868147850037	1.7558299039780518e-05	0.46045568585395813
343440	-1.822151	-0.851294	-0.218350	0.161678	0.460570	0.803844	-0.051087962463498116	3.9506172839506166e-05	0.4605693519115448
343560	-1.822809	-0.851174	-0.218842	0.161571	0.460647	0.803448	-0.05109712667763233	1.7558299039780518e-05	0.4606460630893707
343680	-1.821072	-0.850682	-0.218677	0.161852	0.460829	0.803582	-0.05113603174686432	3.9506172839506166e-05	0.4608258605003357
343800	-1.819421	-0.850198	-0.218636	0.162120	0.461063	0.803614	-0.05117926374077797	2.6337448559670777e-05	0.46106112003326416
343920	-1.819328	-0.849808	-0.217393	0.162135	0.461288	0.804614	-0.05121712200343609	1.7558299039780518e-05	0.46128636598587036
344040	-1.819112	-0.849010	-0.217334	0.162170	0.461690	0.804661	-0.05128605253994465	3.9506172839506166e-05	0.46168556809425354
344160	-1.819543	-0.848508	-0.216744	0.162100	0.461951	0.805136	-0.0513350984081626	3.9506172839506166e-05	0.4619483947753906
344280	-1.819735	-0.847700	-0.215275	0.162069	0.462345	0.806319	-0.05140573922544718	2.6337448559670777e-05	0.4623427987098694
344400	-1.818796	-0.847325	-0.216926	0.162221	0.462456	0.804989	-0.05143728572875261	3.9506172839506166e-05	0.4624500870704651
344520	-1.819212	-0.846898	-0.216768	0.162153	0.462660	0.805117	-0.0514770844951272	3.9506172839506166e-05	0.4626563489437103
344640	-1.818025	-0.846222	-0.215169	0.162346	0.462947	0.806405	-0.051535118743777274	2.6337448559670777e-05	0.4629438817501068
344760	-1.817696	-0.845656	-0.215440	0.162399	0.463218	0.806186	-0.051596774533390996	2.6337448559670777e-05	0.46321865916252136
344880	-1.815979	-0.845106	-0.214222	0.162679	0.463456	0.807170	-0.05163994748145342	2.6337448559670777e-05	0.4634532928466797
345000	-1.814691	-0.844514	-0.213800	0.162888	0.463670	0.807510	-0.05169314034283161	2.6337448559670777e-05	0.4636668264865875
345120	-1.816099	-0.843912	-0.213404	0.162659	0.463969	0.807830	-0.05174931678920984	2.6337448559670777e-05	0.46396729350090027
345240	-1.815958	-0.843472	-0.212078	0.162682	0.464182	0.808902	-0.05179011821746826	3.9506172839506166e-05	0.46418023109436035
345360	-1.815990	-0.843049	-0.211292	0.162677	0.464399	0.809538	-0.05182474534958601	2.6337448559670777e-05	0.46439680457115173
345480	-1.815759	-0.842416	-0.211364	0.162714	0.464655	0.809479	-0.05188302900642157	3.9506172839506166e-05	0.46465393900871277
345600	-1.815305	-0.841747	-0.210983	0.162788	0.464971	0.809788	-0.0519415320828557	1.7558299039780518e-05	0.4649685323238373
345720	-1.815001	-0.841379	-0.212024	0.162838	0.465133	0.808945	-0.05197442416101694	1.7558299039780518e-05	0.46513041853904724
345840	-1.814807	-0.840899	-0.211417	0.162869	0.465334	0.809436	-0.052016616053879264	2.6337448559670777e-05	0.46533066034317017
345960	-1.814487	-0.840402	-0.210958	0.162921	0.465563	0.809808	-0.05206241365522146	2.6337448559670777e-05	0.4655608534812927
346080	-1.813136	-0.839702	-0.210034	0.163142	0.465928	0.810557	-0.05212600380182266	1.7558299039780518e-05	0.4659261107444763
346200	-1.812028	-0.839026	-0.208843	0.163323	0.466292	0.811523	-0.05218879841268063	3.9506172839506166e-05	0.4662887156009674
346320	-1.812619	-0.838646	-0.207754	0.163226	0.466539	0.812407	-0.052224245853722095	3.9506172839506166e-05	0.4665372967720032
346440	-1.814042	-0.838439	-0.205494	0.162994	0.466674	0.814245	-0.052238072454929355	3.9506172839506166e-05	0.46666842699050903
346560	-1.813872	-0.837998	-0.205862	0.163022	0.466912	0.813946	-0.05227900557219982	2.6337448559670777e-05	0.4669102132320404
346680	-1.812654	-0.837363	-0.205455	0.163220	0.467206	0.814276	-0.052337232045829296	1.7558299039780518e-05	0.4672051966190338
346800	-1.812844	-0.836927	-0.205048	0.163189	0.467413	0.814608	-0.052372897416353224	2.6337448559670777e-05	0.46740972995758057
346920	-1.812899	-0.836532	-0.205338	0.163180	0.467565	0.814372	-0.052409996278584	2.6337448559670777e-05	0.4675637483596802
347040	-1.811740	-0.835897	-0.204399	0.163370	0.467891	0.815137	-0.05246721282601356	1.7558299039780518e-05	0.4678875505924225
347160	-1.810890	-0.835215	-0.202433	0.163509	0.468224	0.816741	-0.05252413712441921	1.7558299039780518e-05	0.4682195484638214
347280	-1.809335	-0.834843	-0.202160	0.163763	0.468394	0.816965	-0.05256485287100077	2.6337448559670777e-05	0.4683923125267029
347400	-1.809339	-0.834292	-0.202274	0.163762	0.468624	0.816871	-0.052611039765179154	2.6337448559670777e-05	0.4686215817928314
347520	-1.809738	-0.833915	-0.200492	0.163697	0.468879	0.818328	-0.052650474943220615	3.9506172839506166e-05	0.4688774645328522
347640	-1.808444	-0.833514	-0.200044	0.163909	0.469078	0.818695	-0.05268796682357788	2.6337448559670777e-05	0.46907877922058105
347760	-1.808555	-0.833444	-0.199450	0.163891	0.469137	0.819182	-0.052693534083664416	3.9506172839506166e-05	0.46913430094718933
347880	-1.807996	-0.833120	-0.199235	0.163982	0.469332	0.819357	-0.052716194093227385	3.9506172839506166e-05	0.46932539343833923
348000	-1.807635	-0.832481	-0.198669	0.164042	0.469665	0.819821	-0.052774940617382526	3.9506172839506166e-05	0.46966204047203064
348120	-1.805843	-0.831847	-0.197205	0.164336	0.469995	0.821022	-0.05283624324947596	3.9506172839506166e-05	0.46999436616897583
348240	-1.805594	-0.831502	-0.197381	0.164377	0.470139	0.820877	-0.05286000687628985	3.9506172839506166e-05	0.47013360261917114
348360	-1.804903	-0.830912	-0.195713	0.164490	0.470430	0.822248	-0.0529177138581872	1.7558299039780518e-05	0.470428466796875
348480	-1.803740	-0.830503	-0.196327	0.164682	0.470605	0.821744	-0.05295679047703743	2.6337448559670777e-05	0.4706052243709564
348600	-1.803342	-0.830645	-0.196641	0.164747	0.470512	0.821485	-0.05293861962854862	2.6337448559670777e-05	0.47050774097442627
348720	-1.803330	-0.830542	-0.196594	0.164749	0.470573	0.821524	-0.05295577980577946	2.6337448559670777e-05	0.47057321667671204
348840	-1.801903	-0.830036	-0.195789	0.164985	0.470777	0.822186	-0.05299634151160717	3.9506172839506166e-05	0.47077441215515137
348960	-1.800980	-0.829570	-0.194503	0.165137	0.471042	0.823243	-0.05303498096764088	2.6337448559670777e-05	0.4710391163825989
349080	-1.801810	-0.829055	-0.193752	0.165000	0.471292	0.823862	-0.05308320131152868	2.6337448559670777e-05	0.4712902009487152
349200	-1.801507	-0.828396	-0.194057	0.165050	0.471628	0.823611	-0.053141701780259606	1.7558299039780518e-05	0.47162431478500366
349320	-1.801668	-0.827981	-0.193498	0.165023	0.471837	0.824072	-0.05317850261926651	1.7558299039780518e-05	0.47183263301849365
349440	-1.801858	-0.827225	-0.194141	0.164992	0.472208	0.823542	-0.05324782561510801	3.9506172839506166e-05	0.47220540046691895
349560	-1.801088	-0.826121	-0.193302	0.165119	0.472725	0.824233	-0.05334776509553194	1.7558299039780518e-05	0.47272342443466187
349680	-1.800336	-0.825423	-0.191547	0.165243	0.473098	0.825681	-0.05340701024979353	2.6337448559670777e-05	0.473095178604126
349800	-1.801266	-0.824804	-0.191239	0.165090	0.473418	0.825935	-0.053467069379985334	2.6337448559670777e-05	0.4734154939651489
349920	-1.800511	-0.824637	-0.191594	0.165215	0.473512	0.825642	-0.05348853338509798	2.6337448559670777e-05	0.4735125005245209
350040	-1.799578	-0.823988	-0.190372	0.165369	0.473856	0.826652	-0.053543285466730595	2.6337448559670777e-05	0.4738553762435913
350160	-1.798713	-0.823630	-0.190257	0.165512	0.473994	0.826747	-0.05357692893594503	3.9506172839506166e-05	0.47399234771728516
350280	-1.799094	-0.823208	-0.188877	0.165449	0.474241	0.827888	-0.0536108335480094	1.7558299039780518e-05	0.47423768043518066
350400	-1.797191	-0.822597	-0.188208	0.165764	0.474533	0.828442	-0.05366020612418652	3.9506172839506166e-05	0.47452789545059204
350520	-1.797760	-0.822124	-0.187144	0.165670	0.474797	0.829324	-0.053712430596351626	3.9506172839506166e-05	0.4747965335845947
350640	-1.797380	-0.821713	-0.187284	0.165733	0.474966	0.829208	-0.05374407898634672	2.6337448559670777e-05	0.47496461868286133
350760	-1.795707	-0.821416	-0.187241	0.166010	0.475085	0.829244	-0.05377312302589417	3.9506172839506166e-05	0.47508156299591064
350880	-1.794636	-0.820780	-0.186549	0.166188	0.475378	0.829818	-0.053831879235804084	3.9506172839506166e-05	0.4753763675689697
351000	-1.793661	-0.820525	-0.186117	0.166350	0.475523	0.830177	-0.05385233107954264	2.6337448559670777e-05	0.4755198061466217
351120	-1.793254	-0.819840	-0.187260	0.166418	0.475821	0.829228	-0.05391454566270113	2.6337448559670777e-05	0.47581905126571655
351240	-1.794048	-0.819437	-0.186174	0.166286	0.476068	0.830129	-0.05395052954554558	3.9506172839506166e-05	0.4760653078556061
351360	-1.793550	-0.819171	-0.185352	0.166368	0.476238	0.830812	-0.0539804408326745	3.9506172839506166e-05	0.47623783349990845
351480	-1.792650	-0.818737	-0.184361	0.166518	0.476454	0.831636	-0.05400556735694408	2.6337448559670777e-05	0.4764489233493805
351600	-1.792526	-0.818359	-0.184153	0.166539	0.476633	0.831808	-0.05404900945723057	3.9506172839506166e-05	0.4766317307949066
351720	-1.791039	-0.817509	-0.183565	0.166787	0.477046	0.832298	-0.05411693658679724	3.9506172839506166e-05	0.4770408868789673
351840	-1.790421	-0.816626	-0.181988	0.166890	0.477510	0.833611	-0.054202030226588246	2.6337448559670777e-05	0.4775084853172302
351960	-1.789341	-0.816210	-0.183680	0.167070	0.477654	0.832202	-0.05424174293875694	3.9506172839506166e-05	0.47765207290649414
352080	-1.789835	-0.815931	-0.182323	0.166988	0.477828	0.833332	-0.05426865518093109	3.9506172839506166e-05	0.4778275489807129
352200	-1.790230	-0.815743	-0.183471	0.166922	0.477890	0.832376	-0.05428391322493553	2.6337448559670777e-05	0.4778882563114166
352320	-1.789725	-0.815316	-0.183321	0.167006	0.478087	0.832501	-0.05431645978242159	1.7558299039780518e-05	0.4780839681625366
352440	-1.789703	-0.814956	-0.181808	0.167010	0.478323	0.833762	-0.05435120444744825	2.6337448559670777e-05	0.47831860184669495
352560	-1.789397	-0.814312	-0.181724	0.167061	0.478654	0.833831	-0.05440895054489374	2.6337448559670777e-05	0.47864973545074463
352680	-1.790147	-0.814018	-0.179809	0.166936	0.478858	0.835429	-0.05443514510989189	5.925925925925925e-05	0.4788523018360138
352800	-1.790462	-0.813545	-0.179636	0.166883	0.479067	0.835574	-0.05447920672595501	3.9506172839506166e-05	0.4790646731853485
352920	-1.791760	-0.813098	-0.179673	0.166667	0.479312	0.835543	-0.05452311374247074	3.9506172839506166e-05	0.4793102741241455
353040	-1.790450	-0.812470	-0.176935	0.166885	0.479680	0.837834	-0.05457687973976135	3.9506172839506166e-05	0.4796770215034485
353160	-1.789931	-0.812080	-0.175726	0.166972	0.479898	0.838848	-0.05461395066231489	1.7558299039780518e-05	0.47989630699157715
353280	-1.790954	-0.811848	-0.175479	0.166801	0.480027	0.839055	-0.054635247029364106	3.9506172839506166e-05	0.4800240993499756
353400	-1.790269	-0.811315	-0.174979	0.166915	0.480352	0.839475	-0.05468166023492813	2.6337448559670777e-05	0.4803495705127716
353520	-1.789853	-0.810677	-0.174354	0.166985	0.480635	0.839999	-0.05473865680396557	2.6337448559670777e-05	0.48063355684280396
353640	-1.790083	-0.810334	-0.174478	0.166946	0.480783	0.839896	-0.05477309729903936	1.7558299039780518e-05	0.48078107833862305
353760	-1.790314	-0.810067	-0.174946	0.166908	0.480890	0.839502	-0.05479861553758383	1.1705532693187011e-05	0.48089051246643066
353880	-1.791070	-0.809648	-0.174927	0.166782	0.481086	0.839518	-0.054836328886449334	2.6337448559670777e-05	0.48108676075935364
354000	-1.791580	-0.809474	-0.173486	0.166697	0.481222	0.840729	-0.054853694140911104	3.9506172839506166e-05	0.4812222719192505
354120	-1.791081	-0.809294	-0.171750	0.166780	0.481369	0.842190	-0.054863250628113744	1.7558299039780518e-05	0.48136693239212036
354240	-1.789800	-0.808896	-0.171300	0.166994	0.481487	0.842569	-0.054899843968451024	2.6337448559670777e-05	0.481486052274704
354360	-1.790782	-0.808461	-0.169179	0.166830	0.481771	0.844358	-0.054934348165988925	2.6337448559670777e-05	0.4817675054073334
354480	-1.790499	-0.808186	-0.168902	0.166877	0.481923	0.844592	-0.05496357493102551	2.6337448559670777e-05	0.4819208085536957
354600	-1.790683	-0.807525	-0.168790	0.166846	0.482283	0.844687	-0.05502132568508387	3.9506172839506166e-05	0.48227956891059875
354720	-1.789300	-0.806855	-0.168493	0.167077	0.482623	0.844938	-0.05507838241755962	3.9506172839506166e-05	0.48261815309524536
354840	-1.788961	-0.806341	-0.167033	0.167134	0.482894	0.846172	-0.055127119459211824	2.6337448559670777e-05	0.48289236426353455
354960	-1.788911	-0.805446	-0.166025	0.167142	0.483398	0.847025	-0.05520909372717142	1.7558299039780518e-05	0.4833948016166687
355080	-1.789548	-0.805002	-0.165440	0.167036	0.483649	0.847521	-0.05525085907429457	1.7558299039780518e-05	0.48364701867103577
355200	-1.788431	-0.804529	-0.164466	0.167222	0.483891	0.848347	-0.05528792887926102	2.6337448559670777e-05	0.483887255191803
355320	-1.787005	-0.804105	-0.164018	0.167461	0.484099	0.848727	-0.055330483615398406	2.6337448559670777e-05	0.4840967357158661
355440	-1.785365	-0.803744	-0.162672	0.167736	0.484283	0.849870	-0.05536561124026775	2.6337448559670777e-05	0.4842826724052429
355560	-1.785672	-0.803596	-0.163059	0.167684	0.484395	0.849541	-0.055380402319133284	3.9506172839506166e-05	0.4843958020210266
355680	-1.785594	-0.803346	-0.162360	0.167697	0.484539	0.850135	-0.05540007911622524	2.6337448559670777e-05	0.48453840613365173
355800	-1.785634	-0.802735	-0.161686	0.167691	0.484896	0.850708	-0.05545646939426661	5.925925925925925e-05	0.4848935306072235
355920	-1.786282	-0.802155	-0.161148	0.167582	0.485237	0.851166	-0.05550169125199318	3.9506172839506166e-05	0.48523199558258057
356040	-1.786004	-0.801709	-0.159407	0.167629	0.485520	0.852649	-0.05555070657283068	2.6337448559670777e-05	0.4855189621448517
356160	-1.785040	-0.801451	-0.158584	0.167790	0.485663	0.853351	-0.055572512187063695	3.9506172839506166e-05	0.4856627583503723
356280	-1.784194	-0.800976	-0.155938	0.167932	0.485935	0.855612	-0.05561087876558304	3.9506172839506166e-05	0.48593050241470337
356400	-1.784566	-0.800433	-0.155652	0.167870	0.486165	0.855857	-0.05565891694277525	2.6337448559670777e-05	0.4861619174480438
356520	-1.783928	-0.799971	-0.154199	0.167977	0.486424	0.857102	-0.05570846330374479	2.6337448559670777e-05	0.48642468452453613
356640	-1.783388	-0.799364	-0.153799	0.168068	0.486738	0.857444	-0.0557527668774128	3.9506172839506166e-05	0.48673394322395325
356760	-1.784420	-0.798848	-0.154195	0.167894	0.486970	0.857104	-0.05580506380647421	1.7558299039780518e-05	0.4869678318500519
356880	-1.784639	-0.798562	-0.153188	0.167858	0.487130	0.857969	-0.05583244021981955	2.6337448559670777e-05	0.48712992668151855
357000	-1.783942	-0.798435	-0.152385	0.167975	0.487215	0.858658	-0.05585086569190025	5.925925925925925e-05	0.4872187077999115
357120	-1.783246	-0.797978	-0.152731	0.168092	0.487434	0.858361	-0.05588361918926239	3.9506172839506166e-05	0.4874322712421417
357240	-1.781850	-0.797847	-0.152071	0.168326	0.487498	0.858927	-0.05589524656534195	3.9506172839506166e-05	0.4874972999095917
357360	-1.781300	-0.797313	-0.152027	0.168419	0.487701	0.858965	-0.05594053845852613	2.6337448559670777e-05	0.4876998960971832
357480	-1.780939	-0.796901	-0.150284	0.168480	0.487909	0.860463	-0.05597947929054499	3.9506172839506166e-05	0.4879058003425598
357600	-1.781061	-0.796505	-0.149323	0.168459	0.488140	0.861291	-0.056016871519386766	3.9506172839506166e-05	0.488138884305954
357720	-1.781352	-0.796147	-0.149741	0.168410	0.488338	0.860931	-0.05604414697736502	3.9506172839506166e-05	0.48833563923835754
357840	-1.779915	-0.795750	-0.150909	0.168652	0.488510	0.859926	-0.05608484819531441	1.7558299039780518e-05	0.4885093569755554
357960	-1.779250	-0.795064	-0.149923	0.168765	0.488896	0.860774	-0.0561470914632082	1.7558299039780518e-05	0.4888947606086731
358080	-1.777941	-0.794515	-0.148529	0.168986	0.489209	0.861975	-0.056193307787179944	5.925925925925925e-05	0.489204078912735
358200	-1.778157	-0.794552	-0.147109	0.168949	0.489249	0.863200	-0.056192646361887456	3.9506172839506166e-05	0.48924699425697327
358320	-1.778735	-0.794085	-0.146056	0.168852	0.489494	0.864109	-0.0562331136316061	3.9506172839506166e-05	0.48949137330055237
358440	-1.778177	-0.793252	-0.145698	0.168946	0.489926	0.864419	-0.05630835257470608	3.9506172839506166e-05	0.4899243712425232
358560	-1.777129	-0.792348	-0.144649	0.169123	0.490390	0.865326	-0.056385190971195695	3.9506172839506166e-05	0.4903850257396698
358680	-1.777480	-0.792141	-0.145617	0.169064	0.490508	0.864489	-0.056410270370543004	2.6337448559670777e-05	0.49050766229629517
358800	-1.779036	-0.791879	-0.145058	0.168801	0.490682	0.864972	-0.05643253345042467	3.9506172839506166e-05	0.4906812012195587
358920	-1.778706	-0.791382	-0.143637	0.168857	0.490956	0.866202	-0.05647695902734995	3.9506172839506166e-05	0.4909534752368927
359040	-1.779593	-0.790760	-0.141535	0.168707	0.491326	0.868025	-0.05653330143541098	2.6337448559670777e-05	0.4913235902786255
359160	-1.778970	-0.789987	-0.138542	0.168812	0.491745	0.870626	-0.05659565981477499	1.7558299039780518e-05	0.4917409121990204
359280	-1.779296	-0.789442	-0.137829	0.168757	0.492045	0.871248	-0.05664860047399998	2.6337448559670777e-05	0.4920404255390167
359400	-1.780024	-0.788959	-0.135986	0.168634	0.492326	0.872855	-0.056689577363431456	2.6337448559670777e-05	0.49232298135757446
359520	-1.779796	-0.788376	-0.135584	0.168673	0.492597	0.873206	-0.05674328207969666	3.9506172839506166e-05	0.49259406328201294
359640	-1.781130	-0.787888	-0.133673	0.168448	0.492854	0.874876	-0.056788949854671956	3.9506172839506166e-05	0.4928514361381531
359760	-1.780539	-0.787338	-0.133180	0.168547	0.493118	0.875308	-0.05683322921395302	3.9506172839506166e-05	0.4931105673313141
359880	-1.779192	-0.786949	-0.132847	0.168774	0.493253	0.875599	-0.05687399730086327	3.9506172839506166e-05	0.49324968457221985
360000	-1.776825	-0.786490	-0.131312	0.169174	0.493504	0.876944	-0.05691457726061344	3.9506172839506166e-05	0.49350032210350037
360120	-1.776487	-0.785893	-0.129878	0.169232	0.493844	0.878203	-0.05697618313133716	3.9506172839506166e-05	0.493845671415329
360240	-1.775253	-0.785578	-0.129620	0.169441	0.494011	0.878430	-0.05699840765446425	3.9506172839506166e-05	0.49400845170021057
360360	-1.774514	-0.785176	-0.129533	0.169566	0.494235	0.878505	-0.05703126732259989	1.7558299039780518e-05	0.49423155188560486
360480	-1.772535	-0.784547	-0.129714	0.169902	0.494500	0.878347	-0.057091095671057704	1.7558299039780518e-05	0.4944993853569031
360600	-1.772648	-0.784152	-0.128325	0.169883	0.494743	0.879567	-0.05712599586695433	3.9506172839506166e-05	0.4947391450405121
360720	-1.772604	-0.783303	-0.127838	0.169890	0.495214	0.879996	-0.05719968844205141	1.7558299039780518e-05	0.4952111542224884
360840	-1.772627	-0.782818	-0.128328	0.169886	0.495462	0.879565	-0.05724793896079063	2.6337448559670777e-05	0.49546122550964355
360960	-1.772817	-0.782186	-0.127104	0.169854	0.495819	0.880642	-0.057305128686130045	2.6337448559670777e-05	0.4958169162273407
361080	-1.773566	-0.781791	-0.126571	0.169727	0.496050	0.881111	-0.05733941420912743	2.6337448559670777e-05	0.4960479736328125
361200	-1.773365	-0.781591	-0.125858	0.169761	0.496131	0.881740	-0.057358850911259654	2.6337448559670777e-05	0.4961300194263458
361320	-1.773113	-0.780981	-0.125987	0.169804	0.496415	0.881626	-0.0574088791385293	2.6337448559670777e-05	0.4964122772216797
361440	-1.773235	-0.780634	-0.125980	0.169783	0.496605	0.881633	-0.05744102094322443	3.9506172839506166e-05	0.49660414457321167
361560	-1.772604	-0.779944	-0.124816	0.169890	0.496935	0.882660	-0.0575034586712718	2.6337448559670777e-05	0.4969320297241211
361680	-1.772163	-0.779649	-0.124117	0.169965	0.497109	0.883277	-0.05753316562622786	3.9506172839506166e-05	0.4971076250076294
361800	-1.772201	-0.779315	-0.123624	0.169958	0.497285	0.883712	-0.05756160169839859	3.9506172839506166e-05	0.49728289246559143
361920	-1.772670	-0.778978	-0.121022	0.169879	0.497616	0.886014	-0.05760365482419729	5.925925925925925e-05	0.4976193904876709
362040	-1.774170	-0.778740	-0.119939	0.169624	0.497800	0.886975	-0.05761432498693466	3.9506172839506166e-05	0.497797429561615
362160	-1.774247	-0.777912	-0.118083	0.169611	0.498284	0.888622	-0.05768132135272026	2.6337448559670777e-05	0.49827882647514343
362280	-1.774312	-0.777092	-0.117252	0.169600	0.498717	0.889361	-0.057751762494444844	5.925925925925925e-05	0.49870872497558594
362400	-1.775169	-0.776705	-0.116816	0.169455	0.498944	0.889749	-0.057799634709954265	3.9506172839506166e-05	0.49894267320632935
362520	-1.775384	-0.776248	-0.116738	0.169418	0.499183	0.889818	-0.0578330397605896	1.7558299039780518e-05	0.49917927384376526
362640	-1.774554	-0.776013	-0.116827	0.169559	0.499279	0.889739	-0.05786684937775135	2.6337448559670777e-05	0.49928075075149536
362760	-1.775498	-0.775705	-0.117766	0.169399	0.499435	0.888904	-0.05789163522422314	3.9506172839506166e-05	0.49943631887435913
362880	-1.774082	-0.774858	-0.116042	0.169639	0.499921	0.890438	-0.05796100739389658	2.6337448559670777e-05	0.4999184012413025
363000	-1.774940	-0.774141	-0.114899	0.169494	0.500346	0.891456	-0.05802118722349405	2.6337448559670777e-05	0.5003423094749451
363120	-1.775607	-0.773404	-0.114695	0.169381	0.500706	0.891638	-0.05808925461024046	3.9506172839506166e-05	0.5007008910179138
363240	-1.774423	-0.772596	-0.113360	0.169581	0.501140	0.892829	-0.05816130451858044	2.6337448559670777e-05	0.5011375546455383
363360	-1.773433	-0.771844	-0.111491	0.169749	0.501509	0.894499	-0.05822551846504211	3.9506172839506166e-05	0.5015018582344055
363480	-1.773353	-0.771156	-0.109646	0.169763	0.501928	0.896151	-0.05829618014395237	1.7558299039780518e-05	0.5019253492355347
363600	-1.773410	-0.770694	-0.109287	0.169753	0.502163	0.896473	-0.05833655372262001	3.9506172839506166e-05	0.5021610856056213
363720	-1.772800	-0.770312	-0.108418	0.169857	0.502359	0.897253	-0.0583698783069849	3.9506172839506166e-05	0.5023547410964966
363840	-1.771860	-0.769825	-0.108057	0.170016	0.502605	0.897577	-0.05841811653226614	3.9506172839506166e-05	0.502602219581604
363960	-1.770707	-0.769200	-0.106631	0.170213	0.502994	0.898857	-0.05847094226628542	1.7558299039780518e-05	0.5029910802841187
364080	-1.770870	-0.768972	-0.105411	0.170185	0.503129	0.899954	-0.058491026610136033	3.9506172839506166e-05	0.5031256079673767
364200	-1.770633	-0.768589	-0.104780	0.170225	0.503334	0.900523	-0.058523803018033504	3.9506172839506166e-05	0.5033279061317444
364320	-1.770008	-0.768007	-0.103457	0.170332	0.503668	0.901715	-0.05857908334583044	3.9506172839506166e-05	0.5036653876304626
364440	-1.769115	-0.767480	-0.103355	0.170484	0.503922	0.901807	-0.058622459694743154	2.6337448559670777e-05	0.5039182901382446
364560	-1.769389	-0.767471	-0.102467	0.170437	0.503913	0.902608	-0.05863153021782637	2.6337448559670777e-05	0.5039130449295044
364680	-1.768249	-0.766586	-0.100647	0.170632	0.504403	0.904252	-0.05870714858174324	3.9506172839506166e-05	0.5044003129005432
364800	-1.768739	-0.765997	-0.099702	0.170548	0.504786	0.905107	-0.05876286309212446	2.6337448559670777e-05	0.5047855973243713
364920	-1.768747	-0.765720	-0.099533	0.170547	0.504939	0.905260	-0.05878348685801029	3.9506172839506166e-05	0.5049338936805725
365040	-1.768392	-0.765187	-0.098811	0.170607	0.505226	0.905914	-0.05883549675345421	2.6337448559670777e-05	0.5052265524864197
365160	-1.768429	-0.764950	-0.099285	0.170601	0.505318	0.905484	-0.058853091485798356	1.1705532693187011e-05	0.505315899848938
365280	-1.768302	-0.764601	-0.099682	0.170622	0.505500	0.905125	-0.05888647697865963	2.6337448559670777e-05	0.5054987668991089
365400	-1.766283	-0.763954	-0.097160	0.170967	0.505842	0.907411	-0.05894313678145409	3.9506172839506166e-05	0.5058389902114868
365520	-1.765731	-0.763313	-0.095449	0.171062	0.506176	0.908965	-0.058997693844139575	3.9506172839506166e-05	0.506171703338623
365640	-1.764885	-0.762781	-0.095816	0.171207	0.506425	0.908631	-0.05904879663139582	3.9506172839506166e-05	0.5064224600791931
365760	-1.764940	-0.762487	-0.095614	0.171197	0.506590	0.908815	-0.05908130966126919	2.6337448559670777e-05	0.5065912008285522
365880	-1.764653	-0.761885	-0.096074	0.171246	0.506870	0.908396	-0.059128400310873984	2.6337448559670777e-05	0.5068679451942444
366000	-1.764244	-0.761088	-0.094682	0.171316	0.507320	0.909662	-0.059202320873737335	2.6337448559670777e-05	0.5073192715644836
366120	-1.763074	-0.760408	-0.094562	0.171517	0.507681	0.909771	-0.05925975516438484	3.9506172839506166e-05	0.5076785683631897
366240	-1.763445	-0.759992	-0.094277	0.171453	0.507918	0.910031	-0.05930414330214262	3.9506172839506166e-05	0.5079163908958435
366360	-1.764135	-0.759469	-0.092287	0.171335	0.508280	0.911844	-0.05934592075645924	2.6337448559670777e-05	0.5082767605781555
366480	-1.763733	-0.759004	-0.090809	0.171404	0.508548	0.913192	-0.059391058050096035	1.7558299039780518e-05	0.5085470080375671
366600	-1.763740	-0.758485	-0.089726	0.171403	0.508842	0.914181	-0.0594366954639554	2.6337448559670777e-05	0.5088408589363098
366720	-1.762436	-0.758019	-0.087949	0.171626	0.509178	0.915807	-0.05947897639125586	1.7558299039780518e-05	0.5091748833656311
366840	-1.762627	-0.757558	-0.087633	0.171594	0.509396	0.916097	-0.05951975211501122	2.6337448559670777e-05	0.5093952417373657
366960	-1.762883	-0.757044	-0.087125	0.171549	0.509670	0.916562	-0.0595667976886034	3.9506172839506166e-05	0.5096675157546997
367080	-1.762225	-0.756658	-0.085651	0.171662	0.509896	0.917914	-0.0595969308167696	3.9506172839506166e-05	0.5098908543586731
367200	-1.760614	-0.755823	-0.083946	0.171939	0.510329	0.919481	-0.05967216026037932	3.9506172839506166e-05	0.5103264451026917
367320	-1.760106	-0.755219	-0.083093	0.172027	0.510727	0.920266	-0.059731863997876646	2.6337448559670777e-05	0.5107254385948181
367440	-1.760229	-0.754629	-0.080434	0.172005	0.511063	0.922716	-0.059784109331667425	1.7558299039780518e-05	0.5110615491867065
367560	-1.759614	-0.754183	-0.080128	0.172111	0.511305	0.922998	-0.05982515253126621	2.6337448559670777e-05	0.5113041400909424
367680	-1.759210	-0.753377	-0.078089	0.172181	0.511775	0.924882	-0.05988923516124487	5.925925925925925e-05	0.5117681622505188
367800	-1.759236	-0.752729	-0.077542	0.172176	0.512109	0.925389	-0.059956127777695656	3.9506172839506166e-05	0.5121065378189087
367920	-1.759150	-0.752260	-0.076752	0.172191	0.512414	0.926119	-0.06000149492174387	3.9506172839506166e-05	0.5124139785766602
368040	-1.757711	-0.751664	-0.076234	0.172439	0.512745	0.926599	-0.06004805397242308	5.925925925925925e-05	0.512742280960083
368160	-1.757073	-0.750875	-0.075103	0.172549	0.513142	0.927648	-0.06011912245303393	2.6337448559670777e-05	0.5131397843360901
368280	-1.758325	-0.750595	-0.073422	0.172333	0.513367	0.929209	-0.06014738287776709	3.9506172839506166e-05	0.5133668184280396
368400	-1.757765	-0.750256	-0.072481	0.172430	0.513562	0.930083	-0.06018389705568552	3.9506172839506166e-05	0.5135630369186401
368520	-1.756756	-0.749655	-0.072672	0.172604	0.513904	0.929906	-0.060229037143290046	1.7558299039780518e-05	0.5139016509056091
368640	-1.756951	-0.749413	-0.072485	0.172570	0.514001	0.930079	-0.060253250412642956	2.6337448559670777e-05	0.5139980912208557
368760	-1.757123	-0.748609	-0.071751	0.172541	0.514475	0.930762	-0.06032353602349758	1.7558299039780518e-05	0.514472246170044
368880	-1.756121	-0.747964	-0.071306	0.172714	0.514790	0.931177	-0.06038203071802854	1.7558299039780518e-05	0.5147877335548401
369000	-1.755870	-0.747626	-0.070787	0.172757	0.515008	0.931660	-0.060412479750812056	5.925925925925925e-05	0.515005350112915
369120	-1.755615	-0.746912	-0.070372	0.172801	0.515395	0.932047	-0.06047561094164848	2.6337448559670777e-05	0.5153923034667969
369240	-1.755307	-0.746109	-0.068893	0.172854	0.515804	0.933427	-0.06054348535835743	1.7558299039780518e-05	0.5158005356788635
369360	-1.755627	-0.745214	-0.067801	0.172799	0.516294	0.934447	-0.06063000801950693	3.9506172839506166e-05	0.5162893533706665
369480	-1.754530	-0.744882	-0.066735	0.172989	0.516481	0.935443	-0.06066382583230734	2.6337448559670777e-05	0.516480028629303
369600	-1.754351	-0.744761	-0.066302	0.173019	0.516539	0.935848	-0.060673781856894496	2.6337448559670777e-05	0.5165373086929321
369720	-1.754388	-0.744489	-0.066138	0.173013	0.516670	0.936001	-0.060701760463416576	2.6337448559670777e-05	0.5166711211204529
369840	-1.754126	-0.744081	-0.065864	0.173058	0.516834	0.936258	-0.06073031052947044	5.925925925925925e-05	0.5168298482894897
369960	-1.753379	-0.743322	-0.063995	0.173188	0.517281	0.938010	-0.0608012642711401	1.7558299039780518e-05	0.5172785520553589
370080	-1.753462	-0.743107	-0.062261	0.173173	0.517445	0.939638	-0.06081488747149706	3.9506172839506166e-05	0.5174376964569092
370200	-1.753910	-0.742645	-0.061709	0.173096	0.517719	0.940157	-0.0608643950894475	2.6337448559670777e-05	0.5177167057991028
370320	-1.756000	-0.742188	-0.060646	0.172734	0.518021	0.941156	-0.06090412847697735	3.9506172839506166e-05	0.5180180668830872
370440	-1.755927	-0.741630	-0.057998	0.172747	0.518359	0.943651	-0.060951536148786546	1.7558299039780518e-05	0.5183544754981995
370560	-1.754513	-0.740928	-0.056853	0.172992	0.518689	0.944733	-0.06101795956492424	2.6337448559670777e-05	0.5186880826950073
370680	-1.755781	-0.740738	-0.057555	0.172772	0.518773	0.944070	-0.06103758756071329	3.9506172839506166e-05	0.5187736749649048
370800	-1.755183	-0.740071	-0.057104	0.172876	0.519114	0.944496	-0.06108903773128986	1.7558299039780518e-05	0.5191110968589783
370920	-1.754637	-0.739719	-0.056570	0.172970	0.519284	0.945000	-0.061126109398901465	3.9506172839506166e-05	0.5192812085151672
371040	-1.754300	-0.739189	-0.055436	0.173028	0.519570	0.946073	-0.061176670342683794	2.6337448559670777e-05	0.5195696353912354
371160	-1.753561	-0.738754	-0.054721	0.173156	0.519835	0.946749	-0.06121795680373907	1.7558299039780518e-05	0.5198355317115784
371280	-1.753858	-0.738355	-0.054306	0.173105	0.520053	0.947142	-0.06124417874962092	3.9506172839506166e-05	0.5200484395027161
371400	-1.753408	-0.737375	-0.052601	0.173183	0.520588	0.948758	-0.06132964361459017	2.6337448559670777e-05	0.5205832123756409
371520	-1.753067	-0.736884	-0.050785	0.173242	0.520920	0.950483	-0.061382672376930715	3.9506172839506166e-05	0.5209186673164368
371640	-1.753471	-0.736319	-0.047973	0.173172	0.521340	0.953159	-0.061425574496388434	2.6337448559670777e-05	0.5213354825973511
371760	-1.753352	-0.736109	-0.047625	0.173192	0.521470	0.953491	-0.061458115465939045	2.6337448559670777e-05	0.5214694142341614
371880	-1.753586	-0.735567	-0.047891	0.173152	0.521811	0.953238	-0.06150058768689633	2.6337448559670777e-05	0.5218108296394348
372000	-1.753645	-0.735521	-0.046725	0.173142	0.521905	0.954350	-0.061505261436104776	2.6337448559670777e-05	0.5219038128852844
372120	-1.753180	-0.735246	-0.045867	0.173222	0.522122	0.955169	-0.06153147704899311	3.9506172839506166e-05	0.5221194624900818
372240	-1.752890	-0.734420	-0.044229	0.173272	0.522583	0.956735	-0.06159491986036301	5.925925925925925e-05	0.5225766897201538
372360	-1.752855	-0.733697	-0.044524	0.173279	0.523022	0.956453	-0.0616665069013834	3.9506172839506166e-05	0.5230184197425842
372480	-1.753131	-0.733310	-0.044624	0.173231	0.523242	0.956357	-0.061705564707517625	2.6337448559670777e-05	0.523243248462677
372600	-1.752225	-0.732832	-0.043645	0.173388	0.523486	0.957294	-0.061742077209055425	1.7558299039780518e-05	0.523483157157898
372720	-1.751585	-0.732205	-0.042301	0.173499	0.523844	0.958581	-0.061794532276690003	3.9506172839506166e-05	0.5238385200500488
372840	-1.752990	-0.731603	-0.041063	0.173255	0.524157	0.959768	-0.0618485227227211	3.9506172839506166e-05	0.524149477481842
372960	-1.752955	-0.730635	-0.040339	0.173261	0.524674	0.960464	-0.06194090452045202	3.9506172839506166e-05	0.5246703028678894
373080	-1.752599	-0.730072	-0.039565	0.173323	0.524970	0.961208	-0.0619935542345047	1.7558299039780518e-05	0.5249674320220947
373200	-1.751374	-0.729522	-0.039944	0.173535	0.525226	0.960843	-0.062046028487384317	2.6337448559670777e-05	0.5252242088317871
373320	-1.751348	-0.729054	-0.040586	0.173540	0.525503	0.960226	-0.06208270657807589	3.9506172839506166e-05	0.5254994630813599
373440	-1.750781	-0.728519	-0.041086	0.173638	0.525753	0.959747	-0.06213004421442747	1.7558299039780518e-05	0.5257496237754822
373560	-1.749009	-0.727996	-0.042246	0.173946	0.526000	0.958634	-0.06217852309346199	5.925925925925925e-05	0.5259963274002075
373680	-1.748167	-0.727426	-0.040588	0.174093	0.526362	0.960224	-0.06223355643451214	3.9506172839506166e-05	0.5263583660125732
373800	-1.748409	-0.727060	-0.040585	0.174051	0.526580	0.960228	-0.06226623840630054	2.6337448559670777e-05	0.5265787839889526
373920	-1.746128	-0.726557	-0.039123	0.174448	0.526786	0.961632	-0.06230704840272665	3.9506172839506166e-05	0.5267842411994934
374040	-1.744797	-0.725926	-0.038104	0.174680	0.527119	0.962613	-0.06236657351255417	2.6337448559670777e-05	0.5271179676055908
374160	-1.744383	-0.725385	-0.036461	0.174753	0.527445	0.964195	-0.062411647476255896	3.9506172839506166e-05	0.527441143989563
374280	-1.742546	-0.724797	-0.034746	0.175074	0.527731	0.965851	-0.062465387396514416	2.6337448559670777e-05	0.5277271270751953
374400	-1.742224	-0.724302	-0.034387	0.175130	0.528025	0.966198	-0.06251028962433339	2.6337448559670777e-05	0.5280222296714783
374520	-1.742620	-0.724061	-0.032887	0.175061	0.528261	0.967648	-0.06253543980419636	1.7558299039780518e-05	0.5282593965530396
374640	-1.741647	-0.723565	-0.031963	0.175232	0.528585	0.968543	-0.06257898062467575	2.6337448559670777e-05	0.5285828709602356
374760	-1.740693	-0.723069	-0.030019	0.175399	0.528836	0.970427	-0.06262358203530312	2.6337448559670777e-05	0.5288348197937012
374880	-1.741218	-0.722571	-0.028861	0.175307	0.529109	0.971551	-0.06267020441591739	3.9506172839506166e-05	0.5291065573692322
375000	-1.741729	-0.722019	-0.027934	0.175217	0.529392	0.972453	-0.06271307654678822	3.9506172839506166e-05	0.5293879508972168
375120	-1.741151	-0.721521	-0.026620	0.175318	0.529607	0.973731	-0.06276266127824784	3.9506172839506166e-05	0.5296043753623962
375240	-1.741291	-0.720580	-0.025030	0.175294	0.530163	0.975281	-0.06284554526209832	2.6337448559670777e-05	0.5301603674888611
375360	-1.740786	-0.720022	-0.024621	0.175382	0.530439	0.975680	-0.06290059611201286	3.9506172839506166e-05	0.5304393172264099
375480	-1.740922	-0.719410	-0.023665	0.175359	0.530776	0.976613	-0.0629495546221733	3.9506172839506166e-05	0.5307710766792297
375600	-1.740371	-0.718982	-0.023706	0.175455	0.531020	0.976573	-0.06299377121031284	5.925925925925925e-05	0.5310183167457581
375720	-1.738910	-0.718521	-0.022816	0.175712	0.531286	0.977443	-0.06303084641695023	1.7558299039780518e-05	0.5312827229499817
375840	-1.738738	-0.718480	-0.022070	0.175742	0.531320	0.978172	-0.06303996108472347	3.9506172839506166e-05	0.5313193202018738
375960	-1.738077	-0.717843	-0.020575	0.175858	0.531667	0.979635	-0.06308750882744789	1.7558299039780518e-05	0.5316632986068726
376080	-1.737538	-0.717603	-0.020644	0.175953	0.531753	0.979567	-0.06312246546149254	2.6337448559670777e-05	0.5317538976669312
376200	-1.737133	-0.717063	-0.019648	0.176024	0.532028	0.980543	-0.06316022798418999	1.7558299039780518e-05	0.5320243239402771
376320	-1.737235	-0.716641	-0.019238	0.176006	0.532261	0.980946	-0.06320609040558338	3.9506172839506166e-05	0.5322622060775757
376440	-1.735892	-0.716040	-0.019358	0.176243	0.532552	0.980829	-0.0632527630776167	2.6337448559670777e-05	0.5325474739074707
376560	-1.733966	-0.715314	-0.017830	0.176583	0.532971	0.982328	-0.06332133151590824	3.9506172839506166e-05	0.532966673374176
376680	-1.734819	-0.714937	-0.015657	0.176432	0.533267	0.984464	-0.06335558108985424	3.9506172839506166e-05	0.5332628488540649
376800	-1.734439	-0.714528	-0.014960	0.176499	0.533541	0.985151	-0.06338774152100086	1.7558299039780518e-05	0.5335363149642944
376920	-1.733420	-0.713944	-0.013423	0.176679	0.533814	0.986667	-0.06343953236937523	5.925925925925925e-05	0.5338090658187866
377040	-1.733694	-0.713054	-0.012636	0.176631	0.534354	0.987444	-0.0635175995528698	3.9506172839506166e-05	0.5343459248542786
377160	-1.733491	-0.712817	-0.013072	0.176667	0.534504	0.987014	-0.06354954354465008	1.7558299039780518e-05	0.5345026850700378
377280	-1.734092	-0.712333	-0.011723	0.176560	0.534817	0.988345	-0.06358865424990653	3.9506172839506166e-05	0.5348137617111206
377400	-1.733472	-0.711691	-0.011961	0.176670	0.535066	0.988110	-0.06364822611212731	3.9506172839506166e-05	0.5350638031959534
377520	-1.733275	-0.711496	-0.011337	0.176705	0.535186	0.988727	-0.06366539187729359	3.9506172839506166e-05	0.5351833701133728
377640	-1.734207	-0.711304	-0.010341	0.176540	0.535381	0.989713	-0.06368096582591534	3.9506172839506166e-05	0.5353742837905884
377760	-1.735140	-0.710817	-0.008598	0.176375	0.535729	0.991439	-0.06373018026351929	3.9506172839506166e-05	0.5357270240783691
377880	-1.735203	-0.710466	-0.007345	0.176364	0.535943	0.992682	-0.06375865936279297	3.9506172839506166e-05	0.5359407663345337
378000	-1.734447	-0.710142	-0.006163	0.176498	0.536115	0.993856	-0.06379086934030057	3.9506172839506166e-05	0.5361162424087524
378120	-1.734671	-0.709809	-0.006691	0.176458	0.536301	0.993331	-0.06381446793675423	3.9506172839506166e-05	0.5362977385520935
378240	-1.733415	-0.709454	-0.004950	0.176680	0.536499	0.995062	-0.0638496771454811	5.925925925925925e-05	0.5364973545074463
378360	-1.733090	-0.709008	-0.004288	0.176737	0.536744	0.995722	-0.0638905692845583	2.6337448559670777e-05	0.5367423295974731
378480	-1.732097	-0.708785	-0.003881	0.176913	0.536841	0.996126	-0.06390778310596942	2.6337448559670777e-05	0.5368382930755615
378600	-1.731296	-0.708253	-0.003246	0.177055	0.537156	0.996760	-0.06395766474306583	3.9506172839506166e-05	0.5371509790420532
378720	-1.730458	-0.708060	-0.002954	0.177203	0.537263	0.997050	-0.06397931203246117	2.6337448559670777e-05	0.5372629761695862
378840	-1.730787	-0.707544	-0.001608	0.177145	0.537535	0.998394	-0.06401800438761711	2.6337448559670777e-05	0.5375326871871948
378960	-1.729297	-0.706887	0.000585	0.177409	0.537891	1.000585	-0.06408305875957013	3.9506172839506166e-05	0.5378903150558472
379080	-1.729733	-0.706404	0.001554	0.177332	0.538223	1.001555	-0.06412121653556824	1.7558299039780518e-05	0.5382214784622192
379200	-1.730503	-0.706008	0.002514	0.177195	0.538487	1.002517	-0.06415999345481396	2.6337448559670777e-05	0.5384832620620728
379320	-1.730325	-0.705500	0.002763	0.177227	0.538773	1.002767	-0.06420534811913967	5.925925925925925e-05	0.5387724041938782
379440	-1.729270	-0.704662	0.003784	0.177414	0.539237	1.003791	-0.06427781917154789	1.7558299039780518e-05	0.5392348170280457
379560	-1.728600	-0.704197	0.004236	0.177533	0.539441	1.004245	-0.06432457715272903	3.9506172839506166e-05	0.5394396185874939
379680	-1.727540	-0.703867	0.005737	0.177721	0.539639	1.005753	-0.06435489282011986	1.7558299039780518e-05	0.5396384596824646
379800	-1.728028	-0.703772	0.005956	0.177634	0.539728	1.005974	-0.0643619067966938	1.7558299039780518e-05	0.5397245287895203
379920	-1.727908	-0.703548	0.006408	0.177656	0.539898	1.006429	-0.06438643522560597	2.6337448559670777e-05	0.5398984551429749
380040	-1.727250	-0.703141	0.005503	0.177773	0.540083	1.005519	-0.06441699452698231	3.9506172839506166e-05	0.540080189704895
380160	-1.724860	-0.702539	0.006303	0.178198	0.540450	1.006323	-0.06446875222027301	2.6337448559670777e-05	0.5404481291770935
380280	-1.723537	-0.701931	0.006996	0.178434	0.540735	1.007021	-0.06452892571687699	3.9506172839506166e-05	0.5407341718673706
380400	-1.723851	-0.701473	0.008531	0.178378	0.541026	1.008567	-0.0645656067878008	1.7558299039780518e-05	0.5410224795341492
380520	-1.722630	-0.701160	0.009352	0.178596	0.541209	1.009396	-0.06459522619843483	2.6337448559670777e-05	0.541206419467926
380640	-1.722821	-0.700545	0.009648	0.178562	0.541554	1.009694	-0.0646505281329155	1.7558299039780518e-05	0.5415524244308472
380760	-1.722984	-0.700363	0.008408	0.178533	0.541632	1.008443	-0.06466769427061081	3.9506172839506166e-05	0.541629433631897
380880	-1.723374	-0.699888	0.009677	0.178463	0.541941	1.009724	-0.06471114940941333	2.6337448559670777e-05	0.5419374704360962
381000	-1.723658	-0.699491	0.009951	0.178412	0.542211	1.010000	-0.06474778242409229	3.9506172839506166e-05	0.5422091484069824
381120	-1.722724	-0.698663	0.009813	0.178579	0.542703	1.009862	-0.06481232680380344	3.9506172839506166e-05	0.5426946878433228
381240	-1.721998	-0.697876	0.009354	0.178709	0.543091	1.009398	-0.06489182189106942	1.7558299039780518e-05	0.5430898666381836
381360	-1.722614	-0.697397	0.008372	0.178599	0.543396	1.008407	-0.06493085399270057	3.9506172839506166e-05	0.5433904528617859
381480	-1.722501	-0.697030	0.008813	0.178619	0.543604	1.008852	-0.06496685743331909	2.6337448559670777e-05	0.5436020493507385
381600	-1.721350	-0.696499	0.007643	0.178825	0.543915	1.007672	-0.06501018665730954	5.925925925925925e-05	0.5439083576202393
381720	-1.720767	-0.695934	0.008508	0.178929	0.544227	1.008544	-0.06507171839475631	3.9506172839506166e-05	0.5442288517951965
381840	-1.720229	-0.695609	0.009219	0.179025	0.544447	1.009262	-0.06509613618254662	3.9506172839506166e-05	0.5444462299346924
381960	-1.719203	-0.695058	0.010224	0.179209	0.544784	1.010277	-0.06514504365622997	1.1705532693187011e-05	0.5447831153869629
382080	-1.719183	-0.694398	0.011266	0.179213	0.545205	1.011330	-0.06520093083381653	5.925925925925925e-05	0.5451993346214294
382200	-1.719262	-0.694259	0.010690	0.179198	0.545277	1.010747	-0.06521753147244454	3.9506172839506166e-05	0.545275866985321
382320	-1.717817	-0.693739	0.010812	0.179457	0.545536	1.010870	-0.06526478193700314	3.9506172839506166e-05	0.5455349683761597
382440	-1.716265	-0.693072	0.012395	0.179736	0.545904	1.012472	-0.06531815491616726	2.6337448559670777e-05	0.5458990335464478
382560	-1.718331	-0.692339	0.013575	0.179365	0.546412	1.013667	-0.06538944467902183	2.6337448559670777e-05	0.5464093089103699
382680	-1.719605	-0.691835	0.014883	0.179137	0.546763	1.014995	-0.06543658524751664	3.9506172839506166e-05	0.5467602610588074
382800	-1.720231	-0.691185	0.015247	0.179025	0.547136	1.015363	-0.06548913195729256	1.7558299039780518e-05	0.5471311211585999
382920	-1.720783	-0.690531	0.018148	0.178926	0.547612	1.018314	-0.06555692218244076	3.9506172839506166e-05	0.5476102828979492
383040	-1.721402	-0.690050	0.018786	0.178815	0.547946	1.018963	-0.06559275910258293	2.6337448559670777e-05	0.5479414463043213
383160	-1.721712	-0.689699	0.020549	0.178760	0.548193	1.020762	-0.06562561355531216	3.9506172839506166e-05	0.5481917262077332
383280	-1.720231	-0.689318	0.021077	0.179025	0.548365	1.021301	-0.06566279418766499	3.9506172839506166e-05	0.5483629107475281
383400	-1.719347	-0.688649	0.021541	0.179183	0.548738	1.021775	-0.06571921519935131	3.9506172839506166e-05	0.5487334132194519
383520	-1.720010	-0.688472	0.022657	0.179064	0.548862	1.022915	-0.06574053056538105	2.6337448559670777e-05	0.5488606095314026
383640	-1.720184	-0.687869	0.023385	0.179033	0.549230	1.023661	-0.065792316198349	2.6337448559670777e-05	0.549227774143219
383760	-1.719670	-0.687342	0.023019	0.179125	0.549525	1.023286	-0.06583950147032738	3.9506172839506166e-05	0.5495226383209229
383880	-1.718129	-0.687030	0.023149	0.179401	0.549709	1.023419	-0.06586459651589394	3.9506172839506166e-05	0.5497041940689087
384000	-1.717616	-0.686639	0.024701	0.179494	0.549994	1.025008	-0.06590493842959404	3.9506172839506166e-05	0.5499916672706604
384120	-1.717171	-0.685964	0.024883	0.179573	0.550439	1.025195	-0.06596233285963535	2.6337448559670777e-05	0.5504373908042908
384240	-1.718317	-0.685695	0.027511	0.179368	0.550644	1.027893	-0.06598731279373168	3.9506172839506166e-05	0.550640881061554
384360	-1.717275	-0.684916	0.027915	0.179555	0.551091	1.028308	-0.06606096103787422	3.9506172839506166e-05	0.5510907173156738
384480	-1.716795	-0.684456	0.027502	0.179641	0.551401	1.027884	-0.06610217355191708	2.6337448559670777e-05	0.5514011979103088
384600	-1.715903	-0.683668	0.028201	0.179801	0.551853	1.028603	-0.06616663597524167	3.9506172839506166e-05	0.5518483519554138
384720	-1.714762	-0.682939	0.030173	0.180006	0.552309	1.030632	-0.06623572669923306	3.9506172839506166e-05	0.5523062348365784
384840	-1.715948	-0.682529	0.030228	0.179793	0.552573	1.030690	-0.06627371013164521	3.9506172839506166e-05	0.5525713562965393
384960	-1.715662	-0.681997	0.031971	0.179845	0.552901	1.032488	-0.06632137261331081	2.6337448559670777e-05	0.5528990626335144
385080	-1.715910	-0.681688	0.032126	0.179800	0.553133	1.032647	-0.06634295471012593	3.9506172839506166e-05	0.5531256198883057
385200	-1.716196	-0.680828	0.033836	0.179749	0.553681	1.034415	-0.06642259620130062	2.6337448559670777e-05	0.5536773800849915
385320	-1.714895	-0.680024	0.035487	0.179983	0.554107	1.036124	-0.06650025360286235	2.6337448559670777e-05	0.554106593132019
385440	-1.715826	-0.679883	0.036379	0.179815	0.554222	1.037049	-0.06651302166283131	1.7558299039780518e-05	0.5542218089103699
385560	-1.716246	-0.679376	0.037384	0.179740	0.554529	1.038092	-0.06655166298151016	2.6337448559670777e-05	0.5545267462730408
385680	-1.716017	-0.679177	0.036638	0.179781	0.554608	1.037318	-0.06657679565250874	3.9506172839506166e-05	0.5546075105667114
385800	-1.715500	-0.678764	0.037740	0.179874	0.554846	1.038461	-0.06660792902112007	2.6337448559670777e-05	0.554843008518219
385920	-1.714858	-0.678370	0.038843	0.179989	0.555099	1.039607	-0.06664617583155633	3.9506172839506166e-05	0.5550944805145264
386040	-1.713736	-0.677303	0.040585	0.180191	0.555685	1.041420	-0.06673590876162053	2.6337448559670777e-05	0.5556800961494446
386160	-1.713941	-0.676964	0.041996	0.180154	0.555979	1.042890	-0.06677383929491043	1.7558299039780518e-05	0.555976927280426
386280	-1.713926	-0.676321	0.043018	0.180157	0.556352	1.043956	-0.0668229803442955	2.6337448559670777e-05	0.5563463568687439
386400	-1.712849	-0.675954	0.042336	0.180351	0.556507	1.043245	-0.06686223708093167	3.9506172839506166e-05	0.5565018653869629
386520	-1.714449	-0.675387	0.043774	0.180063	0.556905	1.044746	-0.06691628359258175	1.7558299039780518e-05	0.5569054484367371
386640	-1.715830	-0.675104	0.045288	0.179814	0.557114	1.046330	-0.06693491972982883	2.6337448559670777e-05	0.5571085214614868
386760	-1.714280	-0.674525	0.046432	0.180093	0.557446	1.047527	-0.06699198819696903	2.6337448559670777e-05	0.5574435591697693
386880	-1.711266	-0.673884	0.047270	0.180637	0.557794	1.048405	-0.06704672761261463	3.9506172839506166e-05	0.5577878355979919
387000	-1.710364	-0.673359	0.049646	0.180800	0.558219	1.050899	-0.06709692664444447	3.9506172839506166e-05	0.5582148432731628
387120	-1.710063	-0.672786	0.050591	0.180854	0.558598	1.051893	-0.06715130507946014	5.925925925925925e-05	0.5585951805114746
387240	-1.708918	-0.672409	0.050248	0.181062	0.558857	1.051532	-0.06718668714165688	2.6337448559670777e-05	0.5588570237159729
387360	-1.708375	-0.672095	0.051479	0.181160	0.559093	1.052827	-0.06721198670566082	1.7558299039780518e-05	0.5590918660163879
387480	-1.707209	-0.671921	0.050967	0.181371	0.559109	1.052288	-0.06722856760025024	2.6337448559670777e-05	0.5591075420379639
387600	-1.707576	-0.671451	0.051409	0.181305	0.559406	1.052753	-0.06726810596883297	3.9506172839506166e-05	0.5594021677970886
387720	-1.707475	-0.671164	0.050889	0.181323	0.559548	1.052207	-0.06729794479906559	2.6337448559670777e-05	0.5595480799674988
387840	-1.706639	-0.670475	0.052578	0.181475	0.560042	1.053985	-0.0673561580479145	2.6337448559670777e-05	0.5600412487983704
387960	-1.705933	-0.670067	0.053264	0.181603	0.560321	1.054708	-0.06739398501813412	2.6337448559670777e-05	0.5603179335594177
388080	-1.704430	-0.669449	0.054949	0.181876	0.560711	1.056487	-0.06745049953460694	5.925925925925925e-05	0.5607096552848816
388200	-1.703593	-0.669101	0.056563	0.182028	0.560914	1.058193	-0.06748438179492951	3.9506172839506166e-05	0.5609131455421448
388320	-1.702814	-0.668557	0.057539	0.182170	0.561263	1.059227	-0.06752729937434196	1.7558299039780518e-05	0.5612587928771973
388440	-1.703264	-0.668039	0.057781	0.182088	0.561596	1.059483	-0.06756865419447422	1.7558299039780518e-05	0.5615896582603455
388560	-1.702961	-0.667363	0.059976	0.182143	0.562021	1.061811	-0.0676389217376709	3.9506172839506166e-05	0.5620198249816895
388680	-1.703022	-0.667122	0.060519	0.182132	0.562248	1.062387	-0.0676602479070425	3.9506172839506166e-05	0.5622448325157166
388800	-1.704756	-0.666677	0.059990	0.181817	0.562630	1.061826	-0.06769648306071759	2.6337448559670777e-05	0.5626242756843567
388920	-1.704102	-0.665947	0.061564	0.181936	0.563034	1.063499	-0.06776132024824619	2.6337448559670777e-05	0.5630312561988831
389040	-1.702837	-0.665253	0.062275	0.182166	0.563375	1.064255	-0.06782363094389439	3.9506172839506166e-05	0.5633700489997864
389160	-1.702628	-0.664929	0.062205	0.182204	0.563573	1.064181	-0.06785785518586636	1.7558299039780518e-05	0.5635709166526794
389280	-1.702351	-0.664461	0.060933	0.182254	0.563813	1.062827	-0.06789605133235455	3.9506172839506166e-05	0.5638110637664795
389400	-1.702186	-0.664063	0.061235	0.182285	0.564041	1.063148	-0.0679382972419262	3.9506172839506166e-05	0.5640386343002319
389520	-1.701805	-0.663492	0.061860	0.182354	0.564413	1.063813	-0.06798830181360245	1.7558299039780518e-05	0.5644124746322632
389640	-1.700091	-0.662824	0.062420	0.182667	0.564833	1.064409	-0.06804204620420932	3.9506172839506166e-05	0.5648267865180969
389760	-1.699735	-0.662327	0.062732	0.182732	0.565104	1.064741	-0.06809386201202869	3.9506172839506166e-05	0.5651034712791443
389880	-1.699324	-0.661976	0.063788	0.182807	0.565290	1.065866	-0.06812269017100334	2.6337448559670777e-05	0.5652868151664734
390000	-1.698526	-0.661547	0.065575	0.182953	0.565621	1.067772	-0.06815573163330554	5.925925925925925e-05	0.565612256526947
390120	-1.697378	-0.660948	0.066663	0.183163	0.565979	1.068935	-0.06821435913443566	3.9506172839506166e-05	0.5659751296043396
390240	-1.698121	-0.660277	0.066888	0.183027	0.566374	1.069175	-0.06827692426741123	3.9506172839506166e-05	0.5663731694221497
390360	-1.697036	-0.659553	0.067687	0.183226	0.566834	1.070030	-0.0683417920023203	3.9506172839506166e-05	0.5668345093727112
390480	-1.696209	-0.658921	0.069827	0.183377	0.567237	1.072323	-0.06839694865047932	2.6337448559670777e-05	0.5672357082366943
390600	-1.695809	-0.658226	0.071833	0.183451	0.567641	1.074476	-0.06844763718545437	3.9506172839506166e-05	0.5676324963569641
390720	-1.695056	-0.657886	0.072415	0.183589	0.567812	1.075101	-0.06848953142762185	3.9506172839506166e-05	0.5678079724311829
390840	-1.694876	-0.657610	0.072906	0.183622	0.567898	1.075629	-0.06851867809891701	1.7558299039780518e-05	0.567897617816925
390960	-1.694470	-0.657170	0.072711	0.183696	0.568147	1.075419	-0.06855437271296978	1.7558299039780518e-05	0.568146288394928
391080	-1.694350	-0.656635	0.072862	0.183719	0.568450	1.075582	-0.06860510148108005	3.9506172839506166e-05	0.5684496164321899
391200	-1.693429	-0.656141	0.074318	0.183888	0.568719	1.077149	-0.06864288412034511	3.9506172839506166e-05	0.5687137842178345
391320	-1.693783	-0.655837	0.073773	0.183823	0.568933	1.076562	-0.06867599114775658	1.7558299039780518e-05	0.5689310431480408
391440	-1.693082	-0.655536	0.074342	0.183952	0.569127	1.077175	-0.06870503947138787	3.9506172839506166e-05	0.5691255927085876
391560	-1.692576	-0.655039	0.074483	0.184045	0.569388	1.077327	-0.06874343566596508	3.9506172839506166e-05	0.5693826079368591
391680	-1.693694	-0.654469	0.074498	0.183839	0.569751	1.077343	-0.06878954581916333	3.9506172839506166e-05	0.5697418451309204
391800	-1.692832	-0.653851	0.074828	0.183998	0.570117	1.077699	-0.0688476450741291	1.7558299039780518e-05	0.5701128244400024
391920	-1.690949	-0.653146	0.076493	0.184344	0.570532	1.079495	-0.0689174234867096	3.9506172839506166e-05	0.5705307126045227
392040	-1.691864	-0.652740	0.076984	0.184176	0.570801	1.080025	-0.06895239353179931	3.9506172839506166e-05	0.5707967281341553
392160	-1.691314	-0.651976	0.078528	0.184277	0.571316	1.081694	-0.0690226174890995	2.6337448559670777e-05	0.571311891078949
392280	-1.692549	-0.651304	0.078843	0.184050	0.571767	1.082035	-0.06907954029738902	3.9506172839506166e-05	0.5717613697052002
392400	-1.693338	-0.650931	0.081142	0.183905	0.572096	1.084524	-0.06911873258650303	3.9506172839506166e-05	0.5720940828323364
392520	-1.691784	-0.650222	0.081525	0.184191	0.572515	1.084940	-0.06917924173176289	2.6337448559670777e-05	0.5725104212760925
392640	-1.691912	-0.649718	0.083252	0.184167	0.572870	1.086815	-0.06922076679766179	1.7558299039780518e-05	0.5728670358657837
392760	-1.690549	-0.648932	0.083400	0.184418	0.573312	1.086977	-0.06928550824522972	3.9506172839506166e-05	0.5733032822608948
392880	-1.690499	-0.648350	0.084889	0.184427	0.573731	1.088596	-0.06934721507132054	3.9506172839506166e-05	0.5737277269363403
393000	-1.691662	-0.647631	0.086225	0.184213	0.574152	1.090052	-0.06940846778452396	5.925925925925925e-05	0.574145495891571
393120	-1.691442	-0.646944	0.085815	0.184254	0.574557	1.089604	-0.06947317458689213	2.6337448559670777e-05	0.5745536684989929
393240	-1.690969	-0.646587	0.086282	0.184341	0.574790	1.090114	-0.06950802691280841	3.9506172839506166e-05	0.5747883319854736
393360	-1.690804	-0.645974	0.086427	0.184371	0.575210	1.090272	-0.06956600695848465	3.9506172839506166e-05	0.5752087235450745
393480	-1.690201	-0.645656	0.086455	0.184482	0.575349	1.090302	-0.06959132999181747	1.7558299039780518e-05	0.5753462314605713
393600	-1.690478	-0.645168	0.086860	0.184431	0.575608	1.090744	-0.06963430680334567	3.9506172839506166e-05	0.5756061673164368
393720	-1.689501	-0.644522	0.086396	0.184612	0.575978	1.090238	-0.06969080828130245	3.9506172839506166e-05	0.5759717226028442
393840	-1.688468	-0.644206	0.086879	0.184802	0.576197	1.090764	-0.06972244642674923	3.9506172839506166e-05	0.57619309425354
393960	-1.687573	-0.643811	0.086397	0.184968	0.576393	1.090239	-0.06975627802312374	2.6337448559670777e-05	0.576389729976654
394080	-1.686977	-0.643320	0.085769	0.185078	0.576699	1.089555	-0.06980299130082131	5.925925925925925e-05	0.5766978859901428
394200	-1.687334	-0.642750	0.086585	0.185012	0.577035	1.090444	-0.06984433606266975	2.6337448559670777e-05	0.5770274996757507
394320	-1.686122	-0.641945	0.087857	0.185236	0.577551	1.091832	-0.06993167102336884	3.9506172839506166e-05	0.5775530934333801
394440	-1.684644	-0.641491	0.087125	0.185510	0.577748	1.091034	-0.06996296495199203	1.7558299039780518e-05	0.5777460932731628
394560	-1.684221	-0.641126	0.088140	0.185589	0.578038	1.092142	-0.06999476812779903	5.925925925925925e-05	0.5780333876609802
394680	-1.683310	-0.640196	0.090347	0.185758	0.578652	1.094554	-0.07008124925196171	3.9506172839506166e-05	0.5786488652229309
394800	-1.682184	-0.639514	0.091343	0.185967	0.579112	1.095645	-0.07014225907623768	3.9506172839506166e-05	0.5791066288948059
394920	-1.680558	-0.638729	0.092257	0.186270	0.579623	1.096647	-0.07021122761070728	2.6337448559670777e-05	0.5796199440956116
395040	-1.681052	-0.638099	0.092244	0.186178	0.579976	1.096632	-0.07026684023439884	2.6337448559670777e-05	0.5799728631973267
395160	-1.680298	-0.637478	0.091437	0.186318	0.580344	1.095748	-0.07032018415629863	3.9506172839506166e-05	0.5803358554840088
395280	-1.678402	-0.637149	0.091112	0.186672	0.580541	1.095392	-0.07035681642591954	3.9506172839506166e-05	0.5805383920669556
395400	-1.677816	-0.636550	0.092779	0.186781	0.580905	1.097219	-0.0704098779708147	3.9506172839506166e-05	0.5809044241905212
395520	-1.677341	-0.635752	0.093610	0.186870	0.581397	1.098131	-0.07047509364783763	3.9506172839506166e-05	0.5813881754875183
395640	-1.677628	-0.635271	0.093568	0.186817	0.581745	1.098086	-0.0705224670469761	2.6337448559670777e-05	0.5817397832870483
395760	-1.676451	-0.634752	0.094351	0.187037	0.582033	1.098946	-0.0705749161541462	2.6337448559670777e-05	0.5820330381393433
395880	-1.676353	-0.633963	0.094665	0.187055	0.582548	1.099290	-0.07063667513430119	2.6337448559670777e-05	0.5825430154800415
396000	-1.676190	-0.633492	0.094842	0.187085	0.582873	1.099485	-0.07068402469158172	2.6337448559670777e-05	0.5828696489334106
396120	-1.675139	-0.633202	0.096615	0.187282	0.583060	1.101436	-0.0707137230783701	2.6337448559670777e-05	0.5830589532852173
396240	-1.675238	-0.632846	0.097516	0.187264	0.583302	1.102430	-0.07074634544551373	3.9506172839506166e-05	0.5833006501197815
396360	-1.674929	-0.632027	0.098194	0.187321	0.583813	1.103177	-0.07081613019108772	2.6337448559670777e-05	0.5838086009025574
396480	-1.674847	-0.631489	0.099878	0.187337	0.584169	1.105036	-0.07086682058870793	3.9506172839506166e-05	0.5841668248176575
396600	-1.675537	-0.630421	0.101065	0.187208	0.584796	1.106348	-0.07096508964896202	3.9506172839506166e-05	0.5847957730293274
396720	-1.676218	-0.630060	0.100629	0.187080	0.585060	1.105867	-0.07099630422890187	3.9506172839506166e-05	0.5850569605827332
396840	-1.676885	-0.629682	0.101832	0.186955	0.585326	1.107198	-0.07103203609585762	2.6337448559670777e-05	0.5853252410888672
396960	-1.676369	-0.629118	0.101710	0.187052	0.585701	1.107062	-0.07108013033866882	3.9506172839506166e-05	0.5856955051422119
397080	-1.676867	-0.628949	0.102497	0.186959	0.585869	1.107934	-0.07109745144844055	3.9506172839506166e-05	0.5858677625656128
397200	-1.677123	-0.628454	0.103672	0.186911	0.586214	1.109237	-0.07113791331648826	5.925925925925925e-05	0.5862098336219788
397320	-1.676986	-0.628094	0.103471	0.186937	0.586473	1.109014	-0.07117407321929932	2.6337448559670777e-05	0.5864710807800293
397440	-1.676284	-0.627679	0.103097	0.187068	0.586706	1.108599	-0.0712045170366764	3.9506172839506166e-05	0.5866984724998474
397560	-1.674338	-0.627059	0.103296	0.187432	0.587098	1.108819	-0.07126518860459327	3.9506172839506166e-05	0.5870968699455261
397680	-1.672185	-0.626284	0.104508	0.187836	0.587561	1.110164	-0.07133126296103001	2.6337448559670777e-05	0.5875579118728638
397800	-1.671884	-0.625803	0.106337	0.187893	0.587917	1.112196	-0.07137714140117168	3.9506172839506166e-05	0.5879154205322266
397920	-1.671719	-0.625747	0.106897	0.187924	0.587964	1.112819	-0.0713869396597147	3.9506172839506166e-05	0.5879629850387573
398040	-1.671903	-0.625516	0.108346	0.187889	0.588215	1.114434	-0.07140662632882595	3.9506172839506166e-05	0.5882129073143005
398160	-1.671317	-0.624884	0.109788	0.187999	0.588698	1.116041	-0.07146057337522507	3.9506172839506166e-05	0.5886940360069275
398280	-1.670587	-0.624502	0.109152	0.188137	0.588902	1.115331	-0.07149935439229012	3.9506172839506166e-05	0.5889030694961548
398400	-1.671325	-0.624281	0.110332	0.187998	0.589146	1.116649	-0.07151389122009277	5.925925925925925e-05	0.5891445875167847
398520	-1.672401	-0.623715	0.110076	0.187796	0.589474	1.116362	-0.07156619429588318	3.9506172839506166e-05	0.5894689559936523
398640	-1.671502	-0.623308	0.110531	0.187964	0.589715	1.116871	-0.07159940451383591	3.9506172839506166e-05	0.5897088646888733
398760	-1.669905	-0.622819	0.111897	0.188265	0.590019	1.118397	-0.07164686769247056	2.6337448559670777e-05	0.5900168418884277
398880	-1.668627	-0.622523	0.113235	0.188506	0.590154	1.119895	-0.07167545631527901	1.7558299039780518e-05	0.5901510715484619
399000	-1.668727	-0.622104	0.114135	0.188487	0.590426	1.120903	-0.07170646488666535	2.6337448559670777e-05	0.590422511100769
399120	-1.670049	-0.622159	0.114166	0.188238	0.590467	1.120938	-0.07171166501939297	2.6337448559670777e-05	0.5904665589332581
399240	-1.670159	-0.621842	0.114656	0.188217	0.590717	1.121487	-0.07173592634499074	1.7558299039780518e-05	0.590715229511261
399360	-1.671378	-0.621730	0.114467	0.187988	0.590828	1.121276	-0.07174814939498901	3.9506172839506166e-05	0.590827226638794
399480	-1.672780	-0.621430	0.114580	0.187725	0.591051	1.121402	-0.07177416048943996	2.6337448559670777e-05	0.59104984998703
399600	-1.673711	-0.621209	0.115635	0.187550	0.591236	1.122586	-0.07179148718714715	5.925925925925925e-05	0.5912319421768188
399720	-1.671236	-0.620047	0.116215	0.188015	0.591908	1.123238	-0.07188459113240242	2.6337448559670777e-05	0.5919009447097778
399840	-1.670161	-0.619431	0.115960	0.188217	0.592247	1.122951	-0.07195854000747204	3.9506172839506166e-05	0.5922502279281616
399960	-1.669622	-0.619155	0.115953	0.188318	0.592493	1.122943	-0.07197853438556194	2.6337448559670777e-05	0.5924897193908691
400080	-1.668925	-0.618781	0.117313	0.188449	0.592812	1.124472	-0.07200837507843971	3.9506172839506166e-05	0.592810332775116
400200	-1.668985	-0.618159	0.117808	0.188438	0.593207	1.125028	-0.07206524387001992	3.9506172839506166e-05	0.5932034254074097
400320	-1.668621	-0.617672	0.119031	0.188507	0.593531	1.126405	-0.07211099229753018	3.9506172839506166e-05	0.5935259461402893
400440	-1.667126	-0.617171	0.119205	0.188789	0.593818	1.126601	-0.07215903699398041	2.6337448559670777e-05	0.5938190817832947
400560	-1.667248	-0.616684	0.119663	0.188766	0.594156	1.127117	-0.07219479605555534	3.9506172839506166e-05	0.594149112701416
400680	-1.666942	-0.615967	0.120440	0.188824	0.594641	1.127993	-0.07225616313517094	2.6337448559670777e-05	0.5946320295333862
400800	-1.666687	-0.615472	0.121118	0.188872	0.594954	1.128758	-0.07230748310685157	3.9506172839506166e-05	0.5949515700340271
400920	-1.666155	-0.615006	0.121831	0.188972	0.595267	1.129564	-0.07234729081392288	2.6337448559670777e-05	0.5952624678611755
401040	-1.665336	-0.614276	0.123148	0.189127	0.595729	1.131052	-0.072411173209548	1.7558299039780518e-05	0.5957244634628296
401160	-1.665485	-0.613869	0.123237	0.189099	0.595962	1.131152	-0.07245174385607242	1.7558299039780518e-05	0.5959590077400208
401280	-1.666323	-0.613495	0.123681	0.188940	0.596223	1.131655	-0.07248455472290516	3.9506172839506166e-05	0.5962184071540833
401400	-1.665887	-0.613072	0.123901	0.189023	0.596490	1.131904	-0.07252390161156655	2.6337448559670777e-05	0.5964877009391785
401520	-1.664841	-0.612443	0.124168	0.189221	0.596928	1.132206	-0.07257744036614895	3.9506172839506166e-05	0.596923828125
401640	-1.665253	-0.611988	0.125308	0.189143	0.597272	1.133498	-0.07262559868395328	2.6337448559670777e-05	0.5972723364830017
401760	-1.665343	-0.611545	0.126302	0.189126	0.597593	1.134624	-0.07265512496232987	3.9506172839506166e-05	0.5975850224494934
401880	-1.663663	-0.610882	0.128368	0.189444	0.598035	1.136971	-0.07272435203194619	3.9506172839506166e-05	0.5980349779129028
402000	-1.663164	-0.610538	0.128538	0.189538	0.598334	1.137164	-0.07275468446314334	3.9506172839506166e-05	0.5983332991600037
402120	-1.662124	-0.609956	0.128882	0.189736	0.598674	1.137556	-0.07280192077159882	5.925925925925925e-05	0.5986698269844055
402240	-1.662692	-0.609495	0.130232	0.189628	0.599055	1.139093	-0.07284209579229355	3.9506172839506166e-05	0.5990500450134277
402360	-1.662257	-0.609113	0.130895	0.189710	0.599307	1.139848	-0.07287881001830102	3.9506172839506166e-05	0.5993030667304993
402480	-1.662323	-0.608328	0.133103	0.189698	0.599883	1.142368	-0.0729524377733469	2.6337448559670777e-05	0.5998809337615967
402600	-1.661836	-0.607613	0.132678	0.189790	0.600277	1.141883	-0.07301049754023552	3.9506172839506166e-05	0.6002711653709412
402720	-1.664591	-0.607157	0.132623	0.189268	0.600583	1.141819	-0.07305751405656338	3.9506172839506166e-05	0.6005824208259583
402840	-1.664847	-0.606865	0.132644	0.189220	0.600770	1.141844	-0.07307853512465953	3.9506172839506166e-05	0.6007633209228516
402960	-1.663689	-0.606129	0.132544	0.189439	0.601229	1.141729	-0.07314476370811462	2.6337448559670777e-05	0.6012218594551086
403080	-1.663476	-0.605640	0.133630	0.189479	0.601581	1.142970	-0.07319070473313331	3.9506172839506166e-05	0.6015757918357849
403200	-1.662641	-0.605038	0.133350	0.189638	0.601946	1.142649	-0.07324269413948059	5.925925925925925e-05	0.60193932056427
403320	-1.661377	-0.604184	0.133459	0.189877	0.602502	1.142774	-0.07331977896392346	2.6337448559670777e-05	0.6024969816207886
403440	-1.660257	-0.603355	0.134277	0.190090	0.603092	1.143710	-0.07339697442948818	2.6337448559670777e-05	0.6030886769294739
403560	-1.660940	-0.603304	0.134462	0.189960	0.603227	1.143922	-0.07341079339385033	3.9506172839506166e-05	0.6032255291938782
403680	-1.660531	-0.602815	0.135300	0.190038	0.603605	1.144880	-0.07344544008374214	2.6337448559670777e-05	0.6036021709442139
403800	-1.660043	-0.601970	0.136878	0.190131	0.604266	1.146689	-0.07351394891738891	2.6337448559670777e-05	0.6042593121528625
403920	-1.659168	-0.601097	0.138156	0.190297	0.604775	1.148155	-0.073594980686903	2.6337448559670777e-05	0.6047706604003906
404040	-1.656879	-0.600645	0.139614	0.190733	0.605069	1.149830	-0.07363727763295173	2.6337448559670777e-05	0.6050633788108826
404160	-1.656698	-0.599884	0.139014	0.190768	0.605569	1.149141	-0.07370435260236263	2.6337448559670777e-05	0.6055651307106018
404280	-1.656788	-0.599609	0.139777	0.190751	0.605840	1.150017	-0.07373949401080608	1.7558299039780518e-05	0.6058390736579895
404400	-1.656157	-0.599530	0.139780	0.190871	0.605914	1.150021	-0.07375041022896767	3.9506172839506166e-05	0.6059155464172363
404520	-1.655784	-0.599015	0.139913	0.190942	0.606316	1.150174	-0.07378775961697101	3.9506172839506166e-05	0.6063136458396912
404640	-1.656024	-0.598867	0.139463	0.190897	0.606404	1.149656	-0.0737994808703661	1.7558299039780518e-05	0.6064007878303528
404760	-1.655223	-0.598410	0.140072	0.191049	0.606703	1.150357	-0.07383782379329204	3.9506172839506166e-05	0.6066944003105164
404880	-1.655348	-0.597569	0.140697	0.191026	0.607217	1.151076	-0.0739174585789442	3.9506172839506166e-05	0.6072129607200623
405000	-1.655326	-0.596927	0.141052	0.191030	0.607666	1.151485	-0.07397084012627601	3.9506172839506166e-05	0.607659637928009
405120	-1.655068	-0.596589	0.142369	0.191079	0.607950	1.153001	-0.07400983273983001	2.6337448559670777e-05	0.6079490184783936
405240	-1.653732	-0.595905	0.145049	0.191335	0.608424	1.156097	-0.07406703531742095	2.6337448559670777e-05	0.6084209084510803
405360	-1.652365	-0.595441	0.145752	0.191596	0.608708	1.156909	-0.07411369755864143	1.7558299039780518e-05	0.6087068915367126
405480	-1.651639	-0.594952	0.145988	0.191735	0.608940	1.157183	-0.07415500469505787	2.6337448559670777e-05	0.6089382767677307
405600	-1.649708	-0.593959	0.147630	0.192106	0.609540	1.159084	-0.07423345819115638	2.6337448559670777e-05	0.6095321178436279
405720	-1.649860	-0.593498	0.149953	0.192077	0.609899	1.161780	-0.07428937815129757	1.1705532693187011e-05	0.6098986268043518
405840	-1.649729	-0.592818	0.151842	0.192102	0.610384	1.163976	-0.07433878369629383	2.6337448559670777e-05	0.6103786826133728
405960	-1.649211	-0.592255	0.152840	0.192201	0.610804	1.165138	-0.07440054714679718	1.7558299039780518e-05	0.6108043789863586
406080	-1.648695	-0.591848	0.153164	0.192301	0.611044	1.165516	-0.07443546429276467	3.9506172839506166e-05	0.6110419631004333
406200	-1.648069	-0.591116	0.154629	0.192421	0.611526	1.167225	-0.07449516206979752	2.6337448559670777e-05	0.6115214824676514
406320	-1.647638	-0.590874	0.155270	0.192504	0.611694	1.167973	-0.07452499568462372	1.7558299039780518e-05	0.6116936206817627
406440	-1.646475	-0.590250	0.154987	0.192728	0.612044	1.167643	-0.07457619644701481	1.7558299039780518e-05	0.6120400428771973
406560	-1.645643	-0.589727	0.155373	0.192888	0.612391	1.168093	-0.07462408915162086	2.6337448559670777e-05	0.612389087677002
406680	-1.647138	-0.589163	0.156399	0.192600	0.612829	1.169292	-0.07467269264161587	2.6337448559670777e-05	0.6128236055374146
406800	-1.646379	-0.588723	0.158088	0.192747	0.613122	1.171269	-0.07471685446798801	2.6337448559670777e-05	0.6131186485290527
406920	-1.645714	-0.588207	0.159081	0.192875	0.613440	1.172433	-0.07476208135485649	2.6337448559670777e-05	0.6134373545646667
407040	-1.645788	-0.587560	0.160169	0.192860	0.613889	1.173710	-0.07481847815215588	3.9506172839506166e-05	0.6138837933540344
407160	-1.646143	-0.586851	0.160541	0.192792	0.614388	1.174145	-0.07487808279693127	2.6337448559670777e-05	0.6143821477890015
407280	-1.646720	-0.585964	0.161386	0.192681	0.615015	1.175139	-0.0749594185501337	2.6337448559670777e-05	0.6150096654891968
407400	-1.647148	-0.585742	0.162781	0.192598	0.615184	1.176779	-0.07498732246458531	3.9506172839506166e-05	0.6151832342147827
407520	-1.645462	-0.585402	0.162876	0.192923	0.615438	1.176890	-0.07501384392380714	2.6337448559670777e-05	0.6154347658157349
407640	-1.643006	-0.584761	0.163505	0.193398	0.615858	1.177631	-0.07506907060742378	3.9506172839506166e-05	0.6158530712127686
407760	-1.641969	-0.584075	0.164413	0.193598	0.616269	1.178701	-0.07513445578515529	3.9506172839506166e-05	0.6162651777267456
407880	-1.640869	-0.583184	0.166576	0.193812	0.616892	1.181253	-0.07520363405346871	3.9506172839506166e-05	0.6168826222419739
408000	-1.641070	-0.582225	0.168236	0.193773	0.617638	1.183216	-0.07529729679226875	3.9506172839506166e-05	0.6176308989524841
408120	-1.640449	-0.581722	0.170027	0.193893	0.618012	1.185336	-0.07533622980117798	5.925925925925925e-05	0.6180004477500916
408240	-1.639118	-0.580761	0.172721	0.194151	0.618637	1.188535	-0.07543552704155446	5.925925925925925e-05	0.6186385154724121
408360	-1.638137	-0.580443	0.173521	0.194342	0.618851	1.189485	-0.07545888908207417	3.9506172839506166e-05	0.6188468337059021
408480	-1.635982	-0.579729	0.173998	0.194761	0.619273	1.190053	-0.07552081048488617	3.9506172839506166e-05	0.6192644834518433
408600	-1.634932	-0.579334	0.175583	0.194966	0.619612	1.191941	-0.07556170523166657	2.6337448559670777e-05	0.6196105480194092
408720	-1.634887	-0.578994	0.175922	0.194974	0.619837	1.192345	-0.07559566423296929	1.7558299039780518e-05	0.619836151599884
408840	-1.634804	-0.578507	0.176997	0.194991	0.620140	1.193628	-0.07563649378716945	3.9506172839506166e-05	0.6201377511024475
408960	-1.635404	-0.577820	0.177749	0.194874	0.620649	1.194525	-0.07569454610347748	3.9506172839506166e-05	0.6206421256065369
409080	-1.634011	-0.577104	0.178657	0.195145	0.621130	1.195611	-0.07576067484915257	2.6337448559670777e-05	0.621126115322113
409200	-1.632244	-0.576850	0.178884	0.195490	0.621277	1.195882	-0.07579396069049835	5.925925925925925e-05	0.6212851405143738
409320	-1.631274	-0.576372	0.180440	0.195680	0.621626	1.197745	-0.0758277103304863	2.6337448559670777e-05	0.6216253638267517
409440	-1.630938	-0.575872	0.181147	0.195746	0.621966	1.198591	-0.07587060965597629	2.6337448559670777e-05	0.6219615936279297
409560	-1.628099	-0.574858	0.181952	0.196302	0.622519	1.199556	-0.07595544755458832	3.9506172839506166e-05	0.6225126385688782
409680	-1.628075	-0.574284	0.182577	0.196307	0.622876	1.200306	-0.07601642943918704	2.6337448559670777e-05	0.6228739619255066
409800	-1.627589	-0.574068	0.183073	0.196402	0.623132	1.200902	-0.07604109272360801	2.6337448559670777e-05	0.6231337785720825
409920	-1.626002	-0.573881	0.183430	0.196714	0.623282	1.201331	-0.0760523710399866	2.6337448559670777e-05	0.6232784986495972
410040	-1.625169	-0.573421	0.183972	0.196878	0.623613	1.201982	-0.07609498091042041	2.6337448559670777e-05	0.6236124634742737
410160	-1.625233	-0.573065	0.185490	0.196866	0.623907	1.203809	-0.07612787336111068	3.9506172839506166e-05	0.6239064335823059
410280	-1.624657	-0.572884	0.186642	0.196979	0.624013	1.205195	-0.07614435441792011	3.9506172839506166e-05	0.6240140199661255
410400	-1.624001	-0.572558	0.187436	0.197108	0.624217	1.206153	-0.07617307491600514	3.9506172839506166e-05	0.6242169141769409
410520	-1.622664	-0.572133	0.187499	0.197372	0.624422	1.206229	-0.07620524689555168	3.9506172839506166e-05	0.6244171261787415
410640	-1.621007	-0.571295	0.188674	0.197699	0.624985	1.207647	-0.07628225870430469	3.9506172839506166e-05	0.6249821186065674
410760	-1.620364	-0.570347	0.188191	0.197827	0.625544	1.207064	-0.07636781893670559	1.7558299039780518e-05	0.6255439519882202
410880	-1.619261	-0.569868	0.189238	0.198045	0.625849	1.208329	-0.07641244642436504	3.9506172839506166e-05	0.6258467435836792
411000	-1.618368	-0.569000	0.189274	0.198222	0.626433	1.208372	-0.07648745439946651	2.6337448559670777e-05	0.6264309287071228
411120	-1.618737	-0.568549	0.190673	0.198149	0.626763	1.210064	-0.07653535716235638	1.7558299039780518e-05	0.6267620325088501
411240	-1.617250	-0.568232	0.193228	0.198444	0.626997	1.213159	-0.07656074576079845	3.9506172839506166e-05	0.6269925236701965
411360	-1.619065	-0.567704	0.194548	0.198084	0.627359	1.214762	-0.07660445384681225	2.6337448559670777e-05	0.6273549199104309
411480	-1.619296	-0.567537	0.194146	0.198038	0.627435	1.214274	-0.07662549540400505	2.6337448559670777e-05	0.6274336576461792
411600	-1.618997	-0.567206	0.194081	0.198097	0.627703	1.214195	-0.07664742469787597	3.9506172839506166e-05	0.6276954412460327
411720	-1.618846	-0.566684	0.192608	0.198127	0.627949	1.212407	-0.0766913753002882	3.9506172839506166e-05	0.6279436349868774
411840	-1.617813	-0.565743	0.192812	0.198332	0.628550	1.212655	-0.07677555829286575	2.6337448559670777e-05	0.6285465359687805
411960	-1.616670	-0.565142	0.193311	0.198559	0.628918	1.213260	-0.07684248164296151	1.7558299039780518e-05	0.6289175748825073
412080	-1.617391	-0.564847	0.193337	0.198416	0.629121	1.213291	-0.07686307467520237	3.9506172839506166e-05	0.6291183829307556
412200	-1.615733	-0.563681	0.195937	0.198745	0.629883	1.216450	-0.07695315629243851	2.6337448559670777e-05	0.6298739314079285
412320	-1.615698	-0.563231	0.196479	0.198752	0.630129	1.217110	-0.07701500244438649	1.7558299039780518e-05	0.6301296353340149
412440	-1.614781	-0.562654	0.197484	0.198934	0.630493	1.218333	-0.07706348598003387	3.9506172839506166e-05	0.6304930448532104
412560	-1.614413	-0.561890	0.198126	0.199008	0.630980	1.219116	-0.0771206259727478	2.6337448559670777e-05	0.6309717893600464
412680	-1.613480	-0.561474	0.198931	0.199193	0.631255	1.220098	-0.07716493494808674	2.6337448559670777e-05	0.6312521696090698
412800	-1.613571	-0.560940	0.199590	0.199175	0.631600	1.220902	-0.07721556760370732	2.6337448559670777e-05	0.6315975189208984
412920	-1.614540	-0.560281	0.200657	0.198982	0.632112	1.222206	-0.07727203220129013	3.9506172839506166e-05	0.6321064829826355
413040	-1.612315	-0.559436	0.201254	0.199425	0.632613	1.222935	-0.07735004536807537	3.9506172839506166e-05	0.6326098442077637
413160	-1.611521	-0.558999	0.201107	0.199584	0.632887	1.222756	-0.0773877415806055	3.9506172839506166e-05	0.6328818798065186
413280	-1.611159	-0.558519	0.202655	0.199656	0.633218	1.224650	-0.07743272706866264	3.9506172839506166e-05	0.6332135200500488
413400	-1.610588	-0.558081	0.203670	0.199770	0.633465	1.225893	-0.07747703492641449	3.9506172839506166e-05	0.6334640383720398
413520	-1.609772	-0.557612	0.204561	0.199933	0.633787	1.226987	-0.07751824297010898	2.6337448559670777e-05	0.6337862610816956
413640	-1.609832	-0.557488	0.203799	0.199921	0.633880	1.226052	-0.07752704583108425	3.9506172839506166e-05	0.6338760256767273
413760	-1.608741	-0.556974	0.204670	0.200139	0.634296	1.227120	-0.07757001668214798	5.925925925925925e-05	0.6342926621437073
413880	-1.609184	-0.556556	0.204498	0.200051	0.634556	1.226909	-0.07761649824678898	2.6337448559670777e-05	0.634558379650116
414000	-1.609017	-0.556003	0.204697	0.200084	0.634867	1.227153	-0.07765969038009643	3.9506172839506166e-05	0.634863555431366
414120	-1.608613	-0.555712	0.205647	0.200165	0.635120	1.228320	-0.07768728993833066	3.9506172839506166e-05	0.6351162791252136
414240	-1.607493	-0.555187	0.205452	0.200389	0.635456	1.228080	-0.07773718982934952	3.9506172839506166e-05	0.6354553699493408
414360	-1.607695	-0.554853	0.204671	0.200349	0.635648	1.227121	-0.0777638714760542	2.6337448559670777e-05	0.635646402835846
414480	-1.607464	-0.554314	0.206083	0.200395	0.636073	1.228856	-0.07780634388327598	3.9506172839506166e-05	0.6360654234886169
414600	-1.606449	-0.553315	0.207681	0.200599	0.636770	1.230820	-0.07789827845990657	3.9506172839506166e-05	0.636762261390686
414720	-1.605947	-0.552653	0.208743	0.200699	0.637201	1.232129	-0.0779494509100914	5.925925925925925e-05	0.6371914744377136
414840	-1.606129	-0.552146	0.209567	0.200663	0.637476	1.233144	-0.07800324410200118	1.7558299039780518e-05	0.6374717354774475
414960	-1.605710	-0.551808	0.210235	0.200747	0.637668	1.233968	-0.07803803496062756	5.925925925925925e-05	0.6376644372940063
415080	-1.604120	-0.551325	0.211608	0.201066	0.638035	1.235664	-0.0780801959335804	2.6337448559670777e-05	0.6380332708358765
415200	-1.602767	-0.551029	0.209596	0.201339	0.638159	1.233180	-0.07810753844678402	2.6337448559670777e-05	0.638157308101654
415320	-1.602479	-0.550463	0.209820	0.201397	0.638536	1.233456	-0.07815517522394658	1.7558299039780518e-05	0.6385324597358704
415440	-1.600686	-0.550021	0.209723	0.201758	0.638760	1.233337	-0.07818976156413555	2.6337448559670777e-05	0.6387528777122498
415560	-1.600285	-0.549369	0.209579	0.201839	0.639210	1.233159	-0.07825524732470512	3.9506172839506166e-05	0.6392033696174622
415680	-1.602379	-0.548529	0.210403	0.201417	0.639759	1.234175	-0.07832696847617626	5.925925925925925e-05	0.6397545337677002
415800	-1.602907	-0.547920	0.210161	0.201310	0.640058	1.233877	-0.07839271612465382	3.9506172839506166e-05	0.6400600671768188
415920	-1.603945	-0.547600	0.208966	0.201102	0.640118	1.232404	-0.07841849252581597	3.9506172839506166e-05	0.6401172876358032
416040	-1.604465	-0.547482	0.210044	0.200997	0.640199	1.233732	-0.07842587456107139	2.6337448559670777e-05	0.6401960849761963
416160	-1.603625	-0.546899	0.211990	0.201166	0.640603	1.236136	-0.078478042781353	3.9506172839506166e-05	0.6405986547470093
416280	-1.603114	-0.546427	0.211716	0.201269	0.640899	1.235797	-0.07851810865104199	2.6337448559670777e-05	0.6408931612968445
416400	-1.603155	-0.545654	0.213562	0.201260	0.641421	1.238080	-0.07858715616166592	5.925925925925925e-05	0.64141446352005
416520	-1.602709	-0.544537	0.215181	0.201350	0.642261	1.240086	-0.0786920078098774	3.9506172839506166e-05	0.6422559022903442
416640	-1.603439	-0.544307	0.215070	0.201203	0.642479	1.239949	-0.0787061758339405	2.6337448559670777e-05	0.642473578453064
416760	-1.604126	-0.543837	0.215517	0.201065	0.642797	1.240503	-0.0787536084651947	2.6337448559670777e-05	0.6427944898605347
416880	-1.603317	-0.543375	0.216882	0.201228	0.643098	1.242197	-0.07879767008125782	3.9506172839506166e-05	0.6430957913398743
417000	-1.603347	-0.542949	0.216780	0.201222	0.643418	1.242071	-0.07883595749735832	3.9506172839506166e-05	0.6434120535850525
417120	-1.602170	-0.542355	0.218199	0.201459	0.643853	1.243835	-0.07888424322009087	2.6337448559670777e-05	0.6438485383987427
417240	-1.601484	-0.542118	0.218850	0.201597	0.644025	1.244645	-0.0789112277328968	3.9506172839506166e-05	0.6440247297286987
417360	-1.599374	-0.541603	0.220112	0.202023	0.644426	1.246217	-0.07895333878695965	1.7558299039780518e-05	0.644420862197876
417480	-1.599222	-0.541136	0.220818	0.202054	0.644729	1.247096	-0.07899607792496681	2.6337448559670777e-05	0.6447256803512573
417600	-1.599868	-0.540429	0.220097	0.201923	0.645197	1.246197	-0.07906240299344063	5.925925925925925e-05	0.6451976299285889
417720	-1.598984	-0.540224	0.219267	0.202102	0.645255	1.245164	-0.07908515706658363	2.6337448559670777e-05	0.6452553272247314
417840	-1.597657	-0.539610	0.219219	0.202370	0.645641	1.245104	-0.07913408391177654	3.9506172839506166e-05	0.645638108253479
417960	-1.596637	-0.539360	0.219673	0.202577	0.645791	1.245669	-0.07915776781737804	3.9506172839506166e-05	0.6457887887954712
418080	-1.595650	-0.538775	0.219623	0.202777	0.646174	1.245607	-0.07920683622360229	3.9506172839506166e-05	0.6461673378944397
418200	-1.595043	-0.538206	0.221832	0.202900	0.646630	1.248361	-0.07926145978271962	3.9506172839506166e-05	0.6466236114501953
418320	-1.595994	-0.537383	0.221330	0.202707	0.647200	1.247735	-0.07933750748634338	1.7558299039780518e-05	0.6471988558769226
418440	-1.596819	-0.536797	0.222096	0.202540	0.647622	1.248691	-0.07938609831035137	2.6337448559670777e-05	0.6476196050643921
418560	-1.594822	-0.536044	0.221856	0.202945	0.647987	1.248391	-0.07945174537599087	3.9506172839506166e-05	0.6479816436767578
418680	-1.594718	-0.535672	0.222783	0.202966	0.648324	1.249550	-0.0794835027307272	2.6337448559670777e-05	0.6483173966407776
418800	-1.595732	-0.535271	0.222215	0.202760	0.648573	1.248840	-0.07952352948486804	3.9506172839506166e-05	0.6485665440559387
418920	-1.595125	-0.534775	0.223003	0.202883	0.648934	1.249825	-0.07956393770873546	3.9506172839506166e-05	0.6489254832267761
419040	-1.594086	-0.534056	0.223981	0.203094	0.649356	1.251047	-0.07963988073170185	2.6337448559670777e-05	0.6493557691574097
419160	-1.595060	-0.533850	0.224452	0.202896	0.649559	1.251637	-0.0796581145375967	5.925925925925925e-05	0.6495586037635803
419280	-1.595088	-0.533342	0.224075	0.202891	0.649880	1.251164	-0.07969955950975419	1.7558299039780518e-05	0.6498765349388123
419400	-1.594553	-0.532664	0.224332	0.202999	0.650413	1.251486	-0.07975032441318035	5.925925925925925e-05	0.6504024863243103
419520	-1.594648	-0.532195	0.224043	0.202980	0.650704	1.251125	-0.07980212941765785	3.9506172839506166e-05	0.650702178478241
419640	-1.593084	-0.531788	0.225821	0.203298	0.651021	1.253351	-0.07983899377286434	2.6337448559670777e-05	0.6510164737701416
419760	-1.591635	-0.531244	0.226882	0.203592	0.651459	1.254681	-0.07988596223294735	5.925925925925925e-05	0.6514537334442139
419880	-1.591494	-0.530630	0.229034	0.203621	0.652001	1.257384	-0.07994340099394322	3.9506172839506166e-05	0.651996910572052
420000	-1.592839	-0.530258	0.230151	0.203348	0.652372	1.258790	-0.07997444979846477	2.6337448559670777e-05	0.6523674726486206
420120	-1.592699	-0.529554	0.230598	0.203376	0.652877	1.259353	-0.0800382923334837	3.9506172839506166e-05	0.6528717279434204
420240	-1.593335	-0.528983	0.231732	0.203247	0.653341	1.260782	-0.08009004034101963	2.6337448559670777e-05	0.6533383727073669
420360	-1.593562	-0.528639	0.232571	0.203201	0.653648	1.261840	-0.0801247987896204	3.9506172839506166e-05	0.6536455750465393
420480	-1.593268	-0.527925	0.234169	0.203260	0.654188	1.263858	-0.08018628731369973	3.9506172839506166e-05	0.6541823148727417
420600	-1.593279	-0.527248	0.234283	0.203258	0.654683	1.264003	-0.08023870512843131	2.6337448559670777e-05	0.6546753644943237
420720	-1.593270	-0.526528	0.235072	0.203260	0.655166	1.265000	-0.0803075335919857	2.6337448559670777e-05	0.6551609635353088
420840	-1.594460	-0.525720	0.236558	0.203018	0.655716	1.266881	-0.08037959598004818	1.7558299039780518e-05	0.6557100415229797
420960	-1.594620	-0.525328	0.237866	0.202986	0.655981	1.268539	-0.08042158484458924	3.9506172839506166e-05	0.6559786796569824
421080	-1.595243	-0.524681	0.239077	0.202859	0.656383	1.270077	-0.08046943917870522	5.925925925925925e-05	0.6563712358474731
421200	-1.594336	-0.524115	0.240470	0.203043	0.656744	1.271847	-0.08052894063293933	3.9506172839506166e-05	0.6567413210868835
421320	-1.593206	-0.523320	0.243850	0.203273	0.657361	1.276153	-0.08059772737324238	2.6337448559670777e-05	0.6573565602302551
421440	-1.593479	-0.522674	0.244077	0.203217	0.657843	1.276443	-0.0806544717401266	5.925925925925925e-05	0.657834529876709
421560	-1.593026	-0.521913	0.246457	0.203309	0.658459	1.279485	-0.08071771264076233	3.9506172839506166e-05	0.6584529876708984
421680	-1.593258	-0.521596	0.246341	0.203262	0.658677	1.279336	-0.08075336702167987	1.7558299039780518e-05	0.6586718559265137
421800	-1.593205	-0.521053	0.246582	0.203273	0.659039	1.279644	-0.08080415241420269	3.9506172839506166e-05	0.659034013748169
421920	-1.592620	-0.520486	0.246260	0.203392	0.659379	1.279233	-0.08085614703595638	2.6337448559670777e-05	0.6593748927116394
422040	-1.592584	-0.520165	0.246751	0.203399	0.659597	1.279860	-0.0808869943022728	3.9506172839506166e-05	0.6595966219902039
422160	-1.592341	-0.519217	0.247289	0.203449	0.660273	1.280550	-0.08096058890223504	2.6337448559670777e-05	0.6602665781974792
422280	-1.591986	-0.518895	0.247546	0.203521	0.660552	1.280879	-0.08099918365478516	2.6337448559670777e-05	0.6605473756790161
422400	-1.592216	-0.518174	0.248600	0.203474	0.661141	1.282229	-0.08106247894465923	1.7558299039780518e-05	0.6611393094062805
422520	-1.592544	-0.517427	0.250091	0.203408	0.661645	1.284142	-0.08112069442868233	5.925925925925925e-05	0.6616314053535461
422640	-1.592557	-0.516647	0.251593	0.203405	0.662217	1.286072	-0.08119539096951485	3.9506172839506166e-05	0.6622064709663391
422760	-1.592765	-0.516215	0.251665	0.203363	0.662498	1.286165	-0.08124488592147827	3.9506172839506166e-05	0.6624990701675415
422880	-1.593725	-0.515905	0.253090	0.203167	0.662690	1.287999	-0.08126753941178322	2.6337448559670777e-05	0.662684977054596
423000	-1.595125	-0.515700	0.253184	0.202883	0.662883	1.288121	-0.08128639310598373	2.6337448559670777e-05	0.66287761926651
423120	-1.595856	-0.515306	0.253705	0.202735	0.663180	1.288792	-0.08132596872746944	3.9506172839506166e-05	0.663177490234375
423240	-1.594688	-0.515063	0.254318	0.202972	0.663347	1.289581	-0.08134326860308647	2.6337448559670777e-05	0.6633440256118774
423360	-1.593901	-0.514404	0.254996	0.203132	0.663794	1.290456	-0.08140374831855297	1.7558299039780518e-05	0.6637916564941406
423480	-1.593617	-0.514079	0.256101	0.203189	0.664008	1.291884	-0.0814336009323597	2.6337448559670777e-05	0.6640048623085022
423600	-1.592120	-0.513388	0.258331	0.203494	0.664543	1.294767	-0.08149710223078728	3.9506172839506166e-05	0.664540708065033
423720	-1.591988	-0.512683	0.258596	0.203521	0.664978	1.295110	-0.0815536368638277	2.6337448559670777e-05	0.6649745106697083
423840	-1.590104	-0.512473	0.257986	0.203904	0.665139	1.294320	-0.08157881833612919	1.7558299039780518e-05	0.6651359796524048
423960	-1.588634	-0.511432	0.259524	0.204204	0.665839	1.296313	-0.08166779838502407	3.9506172839506166e-05	0.6658352017402649
424080	-1.588138	-0.510934	0.260456	0.204306	0.666184	1.297522	-0.08171294964849948	3.9506172839506166e-05	0.6661784648895264
424200	-1.587056	-0.510344	0.261954	0.204527	0.666633	1.299467	-0.08176983073353768	2.6337448559670777e-05	0.6666312217712402
424320	-1.588152	-0.509763	0.263270	0.204303	0.667009	1.301178	-0.08182046413421631	3.9506172839506166e-05	0.6670041084289551
424440	-1.589327	-0.509313	0.264270	0.204063	0.667290	1.302479	-0.08185943327844143	2.6337448559670777e-05	0.6672852039337158
424560	-1.588517	-0.508484	0.265542	0.204228	0.667880	1.304138	-0.08193449154496193	2.6337448559670777e-05	0.6678772568702698
424680	-1.589070	-0.507494	0.267314	0.204115	0.668646	1.306450	-0.08201880678534508	2.6337448559670777e-05	0.6686400175094604
424800	-1.589749	-0.506792	0.268046	0.203977	0.669174	1.307407	-0.08208714164793492	3.9506172839506166e-05	0.6691693067550659
424920	-1.588492	-0.506298	0.268136	0.204233	0.669507	1.307525	-0.08213205710053444	2.6337448559670777e-05	0.6695045232772827
425040	-1.587597	-0.505490	0.270417	0.204416	0.670093	1.310511	-0.08220155090093613	2.6337448559670777e-05	0.6700875163078308
425160	-1.587366	-0.504810	0.270107	0.204463	0.670499	1.310105	-0.08226612731814384	2.6337448559670777e-05	0.6704962849617004
425280	-1.586985	-0.504170	0.270087	0.204541	0.670990	1.310078	-0.08231598623096943	2.6337448559670777e-05	0.6709815859794617
425400	-1.587084	-0.503370	0.271559	0.204521	0.671573	1.312009	-0.0823958896100521	2.6337448559670777e-05	0.6715697050094604
425520	-1.586188	-0.502832	0.273254	0.204704	0.671987	1.314234	-0.08244521170854568	3.9506172839506166e-05	0.6719868779182434
425640	-1.584761	-0.502886	0.273874	0.204997	0.671986	1.315049	-0.08244312405586243	3.9506172839506166e-05	0.6719832420349121
425760	-1.585143	-0.502311	0.274989	0.204919	0.672470	1.316516	-0.0824955191463232	5.925925925925925e-05	0.6724686026573181
425880	-1.584436	-0.501774	0.275857	0.205063	0.672867	1.317659	-0.08253826647996902	3.9506172839506166e-05	0.6728622913360596
426000	-1.585864	-0.501656	0.276826	0.204771	0.673066	1.318938	-0.08255879506468773	2.6337448559670777e-05	0.6730651259422302
426120	-1.584471	-0.501117	0.277675	0.205056	0.673365	1.320057	-0.08259146623313426	2.6337448559670777e-05	0.6733593940734863
426240	-1.582834	-0.500892	0.276669	0.205392	0.673459	1.318730	-0.08262349106371403	2.6337448559670777e-05	0.6734572052955627
426360	-1.581156	-0.500230	0.278316	0.205737	0.673936	1.320904	-0.08267458118498325	1.7558299039780518e-05	0.6739324927330017
426480	-1.581738	-0.499671	0.278720	0.205617	0.674387	1.321438	-0.08272948674857616	5.925925925925925e-05	0.6743831038475037
426600	-1.582153	-0.499197	0.279477	0.205532	0.674799	1.322438	-0.08277183659374714	2.6337448559670777e-05	0.6747959852218628
426720	-1.581346	-0.498459	0.281115	0.205698	0.675349	1.324606	-0.08284075930714607	3.9506172839506166e-05	0.6753479242324829
426840	-1.582829	-0.498053	0.281312	0.205393	0.675644	1.324867	-0.08287888392806053	3.9506172839506166e-05	0.6756438612937927
426960	-1.582512	-0.497548	0.281906	0.205458	0.676064	1.325654	-0.08292368538677693	5.925925925925925e-05	0.6760655045509338
427080	-1.582172	-0.496777	0.282746	0.205528	0.676543	1.326769	-0.08298982642590999	3.9506172839506166e-05	0.6765403747558594
427200	-1.581183	-0.495657	0.283028	0.205732	0.677213	1.327142	-0.08308035284280776	2.6337448559670777e-05	0.6772083044052124
427320	-1.581423	-0.495030	0.283122	0.205682	0.677694	1.327267	-0.08314642123878002	1.7558299039780518e-05	0.6776914000511169
427440	-1.580107	-0.494858	0.282822	0.205953	0.677733	1.326869	-0.08316060826182366	3.9506172839506166e-05	0.677727997303009
427560	-1.579465	-0.494155	0.283795	0.206085	0.678211	1.328161	-0.08322014398872853	2.6337448559670777e-05	0.6782034635543823
427680	-1.578970	-0.493552	0.285324	0.206187	0.678690	1.330192	-0.08327396847307682	2.6337448559670777e-05	0.6786829829216003
427800	-1.578880	-0.492286	0.288545	0.206206	0.679653	1.334484	-0.08338424563407898	2.6337448559670777e-05	0.6796454191207886
427920	-1.577104	-0.491620	0.290317	0.206572	0.680114	1.336851	-0.08345015794038772	1.7558299039780518e-05	0.6801099181175232
428040	-1.575436	-0.490989	0.290878	0.206917	0.680537	1.337601	-0.08350938186049461	3.9506172839506166e-05	0.6805335879325867
428160	-1.575039	-0.490955	0.290764	0.207000	0.680531	1.337449	-0.08351970948278904	3.9506172839506166e-05	0.6805312037467957
428280	-1.574389	-0.490113	0.292943	0.207134	0.681223	1.340366	-0.08358990624547005	3.9506172839506166e-05	0.6812194585800171
428400	-1.574116	-0.489547	0.293205	0.207191	0.681662	1.340717	-0.08363681361079216	2.6337448559670777e-05	0.6816570162773132
428520	-1.573229	-0.488500	0.294629	0.207375	0.682409	1.342628	-0.08373499773442745	3.9506172839506166e-05	0.6824065446853638
428640	-1.571817	-0.488021	0.295013	0.207667	0.682636	1.343143	-0.08378012105822563	2.6337448559670777e-05	0.682634174823761
428760	-1.571766	-0.487184	0.295625	0.207678	0.683239	1.343966	-0.08385026529431343	3.9506172839506166e-05	0.6832324266433716
428880	-1.571901	-0.486725	0.297844	0.207650	0.683647	1.346952	-0.0838984340429306	2.6337448559670777e-05	0.6836459636688232
429000	-1.570686	-0.486270	0.299082	0.207903	0.683924	1.348620	-0.08393382728099823	2.6337448559670777e-05	0.683922529220581
429120	-1.570251	-0.486089	0.301775	0.207993	0.684127	1.352257	-0.08395575098693371	3.9506172839506166e-05	0.6841242909431458
429240	-1.568488	-0.485638	0.302661	0.208360	0.684429	1.353455	-0.08399414755403996	1.7558299039780518e-05	0.6844271421432495
429360	-1.567873	-0.485265	0.302638	0.208488	0.684663	1.353425	-0.08403087891638279	3.9506172839506166e-05	0.6846618056297302
429480	-1.567541	-0.484546	0.304653	0.208557	0.685187	1.356155	-0.0840909793972969	5.925925925925925e-05	0.685182511806488
429600	-1.565999	-0.483918	0.304950	0.208879	0.685661	1.356557	-0.08414741903543473	2.6337448559670777e-05	0.6856570839881897
429720	-1.566112	-0.483309	0.304515	0.208856	0.686126	1.355967	-0.08419833928346634	3.9506172839506166e-05	0.6861172318458557
429840	-1.564468	-0.482876	0.306561	0.209199	0.686496	1.358745	-0.08423749692738056	3.9506172839506166e-05	0.686484158039093
429960	-1.564370	-0.481960	0.307270	0.209220	0.687254	1.359707	-0.08431998677551747	1.7558299039780518e-05	0.6872492432594299
430080	-1.564322	-0.481229	0.307353	0.209230	0.687758	1.359821	-0.08438527882099152	1.7558299039780518e-05	0.6877527832984924
430200	-1.563833	-0.480786	0.309501	0.209332	0.688155	1.362745	-0.08442820236086845	3.9506172839506166e-05	0.6881496906280518
430320	-1.563991	-0.480400	0.309915	0.209299	0.688424	1.363310	-0.08446519188582897	2.6337448559670777e-05	0.6884212493896484
430440	-1.563502	-0.479564	0.310216	0.209402	0.688952	1.363719	-0.08453222922980785	3.9506172839506166e-05	0.688943088054657
430560	-1.562854	-0.479071	0.311083	0.209537	0.689297	1.364902	-0.08458547815680503	3.9506172839506166e-05	0.6892948746681213
430680	-1.562852	-0.478312	0.311408	0.209538	0.689735	1.365347	-0.08464794754981994	3.9506172839506166e-05	0.6897292733192444
430800	-1.562795	-0.477750	0.312436	0.209550	0.690187	1.366750	-0.08470329493284226	2.6337448559670777e-05	0.6901817321777344
430920	-1.560854	-0.477048	0.312761	0.209957	0.690756	1.367195	-0.08476788476109505	3.9506172839506166e-05	0.6907549500465393
431040	-1.560992	-0.476250	0.313658	0.209928	0.691436	1.368421	-0.08483717553317546	1.7558299039780518e-05	0.6914334297180176
431160	-1.561491	-0.475757	0.315205	0.209823	0.691889	1.370540	-0.08488615937530994	2.6337448559670777e-05	0.6918886303901672
431280	-1.561287	-0.475302	0.315255	0.209866	0.692226	1.370608	-0.08492351919412613	1.7558299039780518e-05	0.692223072052002
431400	-1.561795	-0.474800	0.317045	0.209759	0.692659	1.373064	-0.08496086373925209	2.6337448559670777e-05	0.6926488280296326
431520	-1.561659	-0.474329	0.317328	0.209788	0.693073	1.373453	-0.08501017019152642	3.9506172839506166e-05	0.6930708289146423
431640	-1.560203	-0.474014	0.317122	0.210093	0.693241	1.373170	-0.08504178896546363	3.9506172839506166e-05	0.6932413578033447
431760	-1.560649	-0.473747	0.317685	0.210000	0.693411	1.373943	-0.08506464920938014	3.9506172839506166e-05	0.6934089660644531
431880	-1.559848	-0.473343	0.318568	0.210168	0.693695	1.375157	-0.08509498350322246	3.9506172839506166e-05	0.6936860084533691
432000	-1.559759	-0.472760	0.318892	0.210187	0.694081	1.375603	-0.08515777178108692	3.9506172839506166e-05	0.6940826177597046
432120	-1.559006	-0.472291	0.319784	0.210345	0.694528	1.376830	-0.08519369177520275	5.925925925925925e-05	0.6945220828056335
432240	-1.558471	-0.471588	0.322342	0.210458	0.695180	1.380357	-0.08525333739817142	3.9506172839506166e-05	0.6951733231544495
432360	-1.557889	-0.471127	0.322579	0.210580	0.695535	1.380684	-0.08529271185398102	2.6337448559670777e-05	0.6955296397209167
432480	-1.559019	-0.470612	0.324835	0.210342	0.696031	1.383803	-0.08534712046384811	2.6337448559670777e-05	0.6960256695747375
432600	-1.557556	-0.470322	0.325071	0.210650	0.696173	1.384129	-0.08537020869553089	2.6337448559670777e-05	0.6961678266525269
432720	-1.557977	-0.469862	0.326169	0.210562	0.696460	1.385649	-0.08541714251041413	1.7558299039780518e-05	0.6964603066444397
432840	-1.557772	-0.469480	0.326996	0.210605	0.696837	1.386796	-0.08544734865427017	2.6337448559670777e-05	0.6968337893486023
432960	-1.558573	-0.469181	0.326533	0.210436	0.697064	1.386154	-0.08547599650919438	3.9506172839506166e-05	0.6970576643943787
433080	-1.558306	-0.468716	0.326865	0.210492	0.697442	1.386615	-0.0855106208473444	3.9506172839506166e-05	0.6974354982376099
433200	-1.557872	-0.468378	0.328179	0.210584	0.697748	1.388438	-0.08554915525019169	2.6337448559670777e-05	0.6977480053901672
433320	-1.558005	-0.467662	0.329598	0.210556	0.698365	1.390409	-0.08560543395578861	1.7558299039780518e-05	0.6983581781387329
433440	-1.558127	-0.467115	0.331152	0.210530	0.698791	1.392571	-0.0856541246175766	5.925925925925925e-05	0.698780357837677
433560	-1.557195	-0.466354	0.330963	0.210726	0.699319	1.392309	-0.0857312723994255	3.9506172839506166e-05	0.6993171572685242
433680	-1.556215	-0.465868	0.330642	0.210933	0.699635	1.391861	-0.08576929531991481	2.6337448559670777e-05	0.6996292471885681
433800	-1.556287	-0.465209	0.331196	0.210918	0.700119	1.392633	-0.08583046980202198	3.9506172839506166e-05	0.7001171112060547
433920	-1.555232	-0.464236	0.332681	0.211140	0.700793	1.394702	-0.08591098226606846	2.6337448559670777e-05	0.7007851600646973
434040	-1.556359	-0.463730	0.332745	0.210903	0.701055	1.394791	-0.08596394397318363	2.6337448559670777e-05	0.7010525465011597
434160	-1.555888	-0.463257	0.334665	0.211002	0.701535	1.397472	-0.08600698187947273	3.9506172839506166e-05	0.7015292644500732
434280	-1.556674	-0.461983	0.337715	0.210836	0.702588	1.401741	-0.08611822240054608	3.9506172839506166e-05	0.7025836110115051
434400	-1.557592	-0.461513	0.339341	0.210643	0.702983	1.404023	-0.08616158179938793	3.9506172839506166e-05	0.7029780745506287
434520	-1.557018	-0.460776	0.339882	0.210764	0.703439	1.404782	-0.08622893989086151	5.925925925925925e-05	0.7034338116645813
434640	-1.556272	-0.460114	0.340852	0.210921	0.703953	1.406145	-0.08628633394837379	5.925925925925925e-05	0.703947901725769
434760	-1.555996	-0.460025	0.340714	0.210979	0.703999	1.405951	-0.086300840228796	3.9506172839506166e-05	0.7039977312088013
434880	-1.556534	-0.459680	0.340874	0.210866	0.704347	1.406175	-0.08632851243019105	3.9506172839506166e-05	0.7043449878692627
435000	-1.554606	-0.458921	0.341221	0.211273	0.704851	1.406665	-0.08639920167624951	3.9506172839506166e-05	0.7048496007919312
435120	-1.554470	-0.458297	0.340691	0.211301	0.705263	1.405918	-0.0864509742707014	1.7558299039780518e-05	0.7052589654922485
435240	-1.555252	-0.457395	0.341437	0.211136	0.706007	1.406968	-0.08652911596000194	2.6337448559670777e-05	0.7060000896453857
435360	-1.554472	-0.456414	0.342033	0.211301	0.706758	1.407806	-0.08660805523395539	2.6337448559670777e-05	0.7067446112632751
435480	-1.555129	-0.455815	0.344076	0.211162	0.707206	1.410685	-0.08668097853660583	2.6337448559670777e-05	0.7072077393531799
435600	-1.554333	-0.454504	0.344810	0.211330	0.708009	1.411722	-0.0867937657982111	3.9506172839506166e-05	0.7080056071281433
435720	-1.551587	-0.453638	0.346170	0.211911	0.708586	1.413643	-0.08686521835625172	3.9506172839506166e-05	0.7085745930671692
435840	-1.550819	-0.452731	0.346789	0.212074	0.709225	1.414518	-0.08695387095212936	2.6337448559670777e-05	0.7092235684394836
435960	-1.549803	-0.452226	0.347768	0.212290	0.709617	1.415904	-0.08699714206159115	1.7558299039780518e-05	0.7096129655838013
436080	-1.549163	-0.451982	0.346998	0.212426	0.709784	1.414815	-0.08702257983386516	3.9506172839506166e-05	0.7097824811935425
436200	-1.550325	-0.451345	0.347644	0.212179	0.710142	1.415728	-0.08707591779530048	2.6337448559670777e-05	0.710136890411377
436320	-1.549585	-0.450637	0.349552	0.212336	0.710702	1.418432	-0.08713892474770546	3.9506172839506166e-05	0.7106946110725403
436440	-1.550767	-0.450313	0.351276	0.212085	0.710965	1.420879	-0.0871733658015728	5.925925925925925e-05	0.7109645009040833
436560	-1.551075	-0.449860	0.352007	0.212020	0.711346	1.421919	-0.08721585161983966	1.7558299039780518e-05	0.7113434672355652
436680	-1.550213	-0.449056	0.352720	0.212203	0.711922	1.422933	-0.087277128174901	2.6337448559670777e-05	0.7119141221046448
436800	-1.548406	-0.448766	0.353563	0.212587	0.712197	1.424133	-0.08731761239469052	2.6337448559670777e-05	0.7121956944465637
436920	-1.546950	-0.448071	0.353108	0.212896	0.712614	1.423485	-0.08736885488033294	3.9506172839506166e-05	0.7126083970069885
437040	-1.546906	-0.447676	0.351380	0.212906	0.712822	1.421028	-0.08740768060088158	3.9506172839506166e-05	0.7128179669380188
437160	-1.546422	-0.447103	0.352288	0.213009	0.713288	1.422318	-0.08745514266192914	2.6337448559670777e-05	0.7132794260978699
437280	-1.545642	-0.446549	0.352338	0.213175	0.713729	1.422390	-0.08750890381634235	2.6337448559670777e-05	0.7137266397476196
437400	-1.545217	-0.446042	0.354831	0.213266	0.714215	1.425939	-0.08755345679819584	5.925925925925925e-05	0.714206337928772
437520	-1.545076	-0.445210	0.355042	0.213296	0.714776	1.426241	-0.08762579038739204	3.9506172839506166e-05	0.7147707939147949
437640	-1.543177	-0.444398	0.356858	0.213701	0.715365	1.428834	-0.08769829086959362	3.9506172839506166e-05	0.7153569459915161
437760	-1.543543	-0.443641	0.359288	0.213623	0.716033	1.432309	-0.08777266927063465	2.6337448559670777e-05	0.7160284519195557
437880	-1.545366	-0.443075	0.359960	0.213234	0.716553	1.433272	-0.0878242589533329	5.925925925925925e-05	0.7165516018867493
438000	-1.544853	-0.442265	0.360785	0.213343	0.717146	1.434455	-0.08789564594626427	2.6337448559670777e-05	0.7171440124511719
438120	-1.544172	-0.441945	0.361695	0.213489	0.717418	1.435762	-0.08792266510426998	3.9506172839506166e-05	0.7174105048179626
438240	-1.544755	-0.441515	0.359563	0.213364	0.717727	1.432703	-0.08796350918710232	2.6337448559670777e-05	0.717725396156311
438360	-1.543800	-0.440713	0.359425	0.213568	0.718340	1.432505	-0.08802574388682842	2.6337448559670777e-05	0.7183331847190857
438480	-1.542713	-0.440438	0.359552	0.213800	0.718614	1.432687	-0.08805541656911373	2.6337448559670777e-05	0.718605101108551
438600	-1.542983	-0.439476	0.360561	0.213743	0.719295	1.434134	-0.08813392594456673	2.6337448559670777e-05	0.7192853093147278
438720	-1.542333	-0.438751	0.361330	0.213881	0.719854	1.435237	-0.08821060247719288	2.6337448559670777e-05	0.7198504209518433
438840	-1.540988	-0.437769	0.362118	0.214169	0.720518	1.436368	-0.08830390051007271	3.9506172839506166e-05	0.7205180525779724
438960	-1.539620	-0.437018	0.364784	0.214463	0.721039	1.440202	-0.08836326524615287	3.9506172839506166e-05	0.7210318446159363
439080	-1.539786	-0.436557	0.365165	0.214427	0.721402	1.440751	-0.08840858787298203	1.7558299039780518e-05	0.7213982343673706
439200	-1.538633	-0.436026	0.367363	0.214674	0.721932	1.443923	-0.08845017291605473	2.6337448559670777e-05	0.721923828125
439320	-1.538817	-0.435885	0.368685	0.214635	0.722068	1.445832	-0.08847389370203018	3.9506172839506166e-05	0.7220639586448669
439440	-1.538849	-0.435845	0.368041	0.214628	0.722176	1.444902	-0.08848052807152271	3.9506172839506166e-05	0.7221771478652954
439560	-1.538359	-0.435253	0.368605	0.214733	0.722582	1.445717	-0.08852278180420399	2.6337448559670777e-05	0.7225754857063293
439680	-1.538283	-0.434741	0.369120	0.214750	0.722967	1.446461	-0.088571622595191	1.7558299039780518e-05	0.7229607105255127
439800	-1.538429	-0.434133	0.370579	0.214718	0.723486	1.448573	-0.08863163776695729	5.925925925925925e-05	0.7234856486320496
439920	-1.537350	-0.433653	0.373714	0.214950	0.723938	1.453121	-0.0886717528104782	2.6337448559670777e-05	0.723935604095459
440040	-1.536460	-0.433363	0.374489	0.215141	0.724097	1.454249	-0.08869257494807244	3.9506172839506166e-05	0.7240885496139526
440160	-1.535421	-0.432614	0.375475	0.215365	0.724625	1.455682	-0.08876313865184784	2.6337448559670777e-05	0.7246218919754028
440280	-1.534786	-0.431809	0.375957	0.215502	0.725211	1.456384	-0.08883735872805118	2.6337448559670777e-05	0.7252110242843628
440400	-1.535473	-0.431301	0.376724	0.215354	0.725655	1.457502	-0.0888810683041811	2.6337448559670777e-05	0.7256495356559753
440520	-1.535318	-0.431126	0.375934	0.215387	0.725760	1.456350	-0.08890035636723041	3.9506172839506166e-05	0.725757896900177
440640	-1.533210	-0.430472	0.373921	0.215842	0.726174	1.453422	-0.08895735591650009	2.6337448559670777e-05	0.7261707782745361
440760	-1.532506	-0.430106	0.375647	0.215994	0.726581	1.455933	-0.08899138607084751	2.6337448559670777e-05	0.7265778183937073
440880	-1.530935	-0.429594	0.376454	0.216333	0.726992	1.457108	-0.08903446048498154	3.9506172839506166e-05	0.726985514163971
441000	-1.531697	-0.429264	0.377933	0.216169	0.727283	1.459265	-0.08906270526349544	3.9506172839506166e-05	0.7272765636444092
441120	-1.531191	-0.428942	0.377834	0.216278	0.727415	1.459120	-0.08909699060022831	3.9506172839506166e-05	0.7274117469787598
441240	-1.528402	-0.428229	0.379584	0.216882	0.728006	1.461676	-0.08915860243141652	3.9506172839506166e-05	0.7279990315437317
441360	-1.528682	-0.427820	0.381151	0.216821	0.728389	1.463969	-0.08919402025640011	3.9506172839506166e-05	0.7283812165260315
441480	-1.528992	-0.426945	0.383720	0.216754	0.729241	1.467734	-0.08927235081791877	5.925925925925925e-05	0.7292317748069763
441600	-1.529387	-0.426332	0.386048	0.216669	0.729895	1.471156	-0.08932951241731643	3.9506172839506166e-05	0.7298886179924011
441720	-1.528005	-0.425575	0.387209	0.216968	0.730533	1.472864	-0.08939160667359829	3.9506172839506166e-05	0.7305235266685486
441840	-1.528845	-0.425001	0.387467	0.216786	0.730925	1.473244	-0.08945151716470719	5.925925925925925e-05	0.7309238314628601
441960	-1.528745	-0.424048	0.389299	0.216808	0.731660	1.475946	-0.0895326390862465	1.7558299039780518e-05	0.7316568493843079
442080	-1.527902	-0.423225	0.390687	0.216991	0.732308	1.477995	-0.08960242569446564	3.9506172839506166e-05	0.7322960495948792
442200	-1.527350	-0.422489	0.390974	0.217110	0.732763	1.478420	-0.08967308923602105	2.6337448559670777e-05	0.7327582836151123
442320	-1.527860	-0.421906	0.390489	0.216999	0.733236	1.477703	-0.08972885943949223	2.6337448559670777e-05	0.7332321405410767
442440	-1.526098	-0.421548	0.390993	0.217382	0.733503	1.478448	-0.08976185694336891	2.6337448559670777e-05	0.7335006594657898
442560	-1.525579	-0.421259	0.391753	0.217495	0.733722	1.479573	-0.08978799879550933	3.9506172839506166e-05	0.7337215542793274
442680	-1.524966	-0.420719	0.392048	0.217628	0.734128	1.480009	-0.08983167484402657	3.9506172839506166e-05	0.7341251969337463
442800	-1.525074	-0.420399	0.392443	0.217605	0.734403	1.480593	-0.08985794335603714	2.6337448559670777e-05	0.734394371509552
442920	-1.524025	-0.419944	0.393718	0.217833	0.734730	1.482483	-0.08990243375301361	3.9506172839506166e-05	0.7347251772880554
443040	-1.523936	-0.419532	0.394237	0.217853	0.735038	1.483252	-0.08994323797523976	2.6337448559670777e-05	0.735034167766571
443160	-1.524600	-0.418915	0.393645	0.217708	0.735575	1.482374	-0.08999473415315151	2.6337448559670777e-05	0.7355701923370361
443280	-1.524488	-0.418553	0.394416	0.217732	0.735829	1.483518	-0.09003153778612613	3.9506172839506166e-05	0.7358276844024658
443400	-1.523112	-0.417930	0.393086	0.218032	0.736181	1.481545	-0.0900861881673336	5.925925925925925e-05	0.7361789345741272
443520	-1.521125	-0.417300	0.393903	0.218466	0.736666	1.482757	-0.09014108441770077	3.9506172839506166e-05	0.7366610169410706
443640	-1.519352	-0.416539	0.394259	0.218854	0.737128	1.483284	-0.09021085165441037	2.6337448559670777e-05	0.7371256947517395
443760	-1.520346	-0.415893	0.394380	0.218636	0.737709	1.483464	-0.09026573933660983	3.9506172839506166e-05	0.7377025485038757
443880	-1.520004	-0.415162	0.393701	0.218711	0.738277	1.482457	-0.0903318863362074	3.9506172839506166e-05	0.7382694482803345
444000	-1.518074	-0.414567	0.393828	0.219134	0.738682	1.482645	-0.09038456603884697	3.9506172839506166e-05	0.7386753559112549
444120	-1.517961	-0.413359	0.394771	0.219158	0.739576	1.484044	-0.0904898278415203	3.9506172839506166e-05	0.7395643591880798
444240	-1.517794	-0.412267	0.397411	0.219195	0.740424	1.487967	-0.09059170447289944	2.6337448559670777e-05	0.7404195070266724
444360	-1.516948	-0.411860	0.397462	0.219380	0.740713	1.488044	-0.09063515327870846	1.7558299039780518e-05	0.7407139539718628
444480	-1.517002	-0.411372	0.397404	0.219368	0.741101	1.487958	-0.09067248404026032	2.6337448559670777e-05	0.7410938739776611
444600	-1.517967	-0.410835	0.398257	0.219157	0.741569	1.489227	-0.09071855694055557	2.6337448559670777e-05	0.7415615320205688
444720	-1.516908	-0.410199	0.400048	0.219389	0.741991	1.491896	-0.09077839218080044	1.7558299039780518e-05	0.741988480091095
444840	-1.516830	-0.409859	0.400712	0.219406	0.742311	1.492887	-0.09081298671662807	3.9506172839506166e-05	0.7423060536384583
444960	-1.518005	-0.409519	0.401577	0.219149	0.742658	1.494179	-0.09084288030862808	2.6337448559670777e-05	0.7426532506942749
445080	-1.518792	-0.408794	0.401649	0.218976	0.743223	1.494287	-0.09090783074498177	2.6337448559670777e-05	0.7432190775871277
445200	-1.519023	-0.408208	0.402815	0.218926	0.743815	1.496030	-0.09096501283347606	3.9506172839506166e-05	0.7438117861747742
445320	-1.519996	-0.407699	0.402933	0.218713	0.744295	1.496206	-0.09100621566176414	3.9506172839506166e-05	0.7442915439605713
445440	-1.519307	-0.407361	0.402452	0.218864	0.744555	1.495487	-0.09104139506816863	3.9506172839506166e-05	0.7445552349090576
445560	-1.517560	-0.406922	0.403695	0.219246	0.744801	1.497347	-0.09107477404177189	2.6337448559670777e-05	0.7447975873947144
445680	-1.515672	-0.406234	0.404697	0.219660	0.745285	1.498848	-0.09113986492156982	3.9506172839506166e-05	0.7452816963195801
445800	-1.516654	-0.405475	0.406584	0.219445	0.745910	1.501680	-0.09121606647968292	5.925925925925925e-05	0.7459152936935425
445920	-1.517882	-0.404963	0.405627	0.219176	0.746271	1.500244	-0.0912521556019783	3.9506172839506166e-05	0.7462661266326904
446040	-1.517108	-0.404403	0.405560	0.219345	0.746629	1.500142	-0.09130053520202637	2.6337448559670777e-05	0.746623158454895
446160	-1.516829	-0.404002	0.405522	0.219407	0.746926	1.500085	-0.0913475975394249	5.925925925925925e-05	0.7469298839569092
446280	-1.515417	-0.403380	0.405734	0.219717	0.747371	1.500403	-0.09139620177447796	3.9506172839506166e-05	0.7473678588867188
446400	-1.514544	-0.402773	0.406850	0.219908	0.747912	1.502078	-0.09144537337124348	2.6337448559670777e-05	0.7479061484336853
446520	-1.513643	-0.402235	0.406593	0.220107	0.748335	1.501693	-0.09149841815233231	3.9506172839506166e-05	0.748332142829895
446640	-1.513279	-0.401577	0.406849	0.220187	0.748812	1.502078	-0.09155522137880326	3.9506172839506166e-05	0.7488083839416504
446760	-1.512857	-0.401046	0.407253	0.220280	0.749198	1.502684	-0.09160139076411725	2.6337448559670777e-05	0.7491939663887024
446880	-1.513735	-0.400330	0.406221	0.220087	0.749734	1.501134	-0.09167057871818543	3.9506172839506166e-05	0.749733030796051
447000	-1.512756	-0.399977	0.408827	0.220302	0.750174	1.505051	-0.09170570708811283	2.6337448559670777e-05	0.7501704096794128
447120	-1.511618	-0.399072	0.410053	0.220553	0.750932	1.506897	-0.09178141020238399	3.9506172839506166e-05	0.7509262561798096
447240	-1.510677	-0.398291	0.409145	0.220760	0.751564	1.505530	-0.09184404723346233	2.6337448559670777e-05	0.7515541911125183
447360	-1.510291	-0.397998	0.408203	0.220846	0.751578	1.504112	-0.0918726671487093	3.9506172839506166e-05	0.7515676617622375
447480	-1.508750	-0.397526	0.406505	0.221186	0.751882	1.501560	-0.09191362895071506	5.925925925925925e-05	0.7518725991249084
447600	-1.506471	-0.396878	0.406352	0.221691	0.752397	1.501331	-0.09198096878826618	3.9506172839506166e-05	0.7523922920227051
447720	-1.506741	-0.396287	0.406503	0.221631	0.752806	1.501558	-0.09203257225453854	2.6337448559670777e-05	0.7528036832809448
447840	-1.506322	-0.395488	0.408382	0.221724	0.753425	1.504382	-0.0921084474772215	2.6337448559670777e-05	0.7534239292144775
447960	-1.506758	-0.395032	0.408274	0.221627	0.753834	1.504219	-0.09214611649513245	1.7558299039780518e-05	0.7538307309150696
448080	-1.506171	-0.394434	0.410485	0.221758	0.754385	1.507548	-0.09219737127423286	3.9506172839506166e-05	0.7543754577636719
448200	-1.506101	-0.393782	0.411700	0.221773	0.754994	1.509381	-0.09226239025592804	2.6337448559670777e-05	0.7549923062324524
448320	-1.504737	-0.393076	0.412817	0.222076	0.755541	1.511069	-0.09232423827052116	3.9506172839506166e-05	0.7555397152900696
448440	-1.503779	-0.392630	0.414771	0.222289	0.755981	1.514024	-0.09236611165106297	3.9506172839506166e-05	0.7559771537780762
448560	-1.504389	-0.392420	0.415192	0.222153	0.756265	1.514662	-0.09237657226622105	3.9506172839506166e-05	0.7562569379806519
448680	-1.503453	-0.391786	0.416389	0.222361	0.756879	1.516476	-0.09243795014917851	2.6337448559670777e-05	0.7568763494491577
448800	-1.503943	-0.391570	0.416392	0.222252	0.756999	1.516480	-0.09246440418064594	2.6337448559670777e-05	0.7569991946220398
448920	-1.505015	-0.391370	0.417491	0.222014	0.757187	1.518147	-0.0924798883497715	2.6337448559670777e-05	0.7571859359741211
449040	-1.504931	-0.390677	0.417493	0.222033	0.757745	1.518151	-0.0925423052161932	5.925925925925925e-05	0.7577452063560486
449160	-1.504424	-0.390266	0.416270	0.222145	0.757993	1.516295	-0.09257026650011539	3.9506172839506166e-05	0.7579832673072815
449280	-1.504186	-0.389683	0.415915	0.222198	0.758323	1.515756	-0.0926241222769022	2.6337448559670777e-05	0.7583174705505371
449400	-1.504026	-0.389386	0.416084	0.222234	0.758581	1.516012	-0.09265866950154304	3.9506172839506166e-05	0.7585792541503906
449520	-1.503194	-0.388414	0.418291	0.222419	0.759502	1.519363	-0.09273948930203915	3.9506172839506166e-05	0.7594913244247437
449640	-1.502943	-0.387947	0.419389	0.222475	0.759911	1.521032	-0.09278947897255421	2.6337448559670777e-05	0.7599075436592102
449760	-1.503460	-0.387608	0.420472	0.222359	0.760252	1.522681	-0.09281733445823193	2.6337448559670777e-05	0.7602493762969971
449880	-1.502921	-0.386853	0.421671	0.222479	0.760834	1.524507	-0.0928758766502142	3.9506172839506166e-05	0.7608222365379333
450000	-1.502439	-0.386037	0.422426	0.222587	0.761441	1.525659	-0.09295206367969513	5.925925925925925e-05	0.7614322304725647
450120	-1.503164	-0.385317	0.423962	0.222425	0.762035	1.528003	-0.09302205964922905	3.9506172839506166e-05	0.7620326280593872
450240	-1.504132	-0.384609	0.424393	0.222210	0.762599	1.528662	-0.09308371171355248	3.9506172839506166e-05	0.7625945210456848
450360	-1.503063	-0.383911	0.426081	0.222448	0.763122	1.531245	-0.09314168356359005	5.925925925925925e-05	0.7631169557571411
450480	-1.502836	-0.383004	0.426888	0.222498	0.763842	1.532480	-0.09322206526994706	2.6337448559670777e-05	0.7638317346572876
450600	-1.500914	-0.382556	0.426355	0.222926	0.764093	1.531665	-0.09326968118548393	2.6337448559670777e-05	0.7640911936759949
450720	-1.499946	-0.382189	0.424718	0.223142	0.764214	1.529159	-0.09330434240400791	2.6337448559670777e-05	0.764212429523468
450840	-1.500333	-0.381702	0.425540	0.223056	0.764628	1.530417	-0.09334605522453784	3.9506172839506166e-05	0.7646245956420898
450960	-1.500345	-0.381235	0.428156	0.223053	0.765009	1.534425	-0.09339046329259873	2.6337448559670777e-05	0.7650081515312195
451080	-1.500310	-0.380789	0.428278	0.223061	0.765394	1.534612	-0.09342559836804867	2.6337448559670777e-05	0.7653857469558716
451200	-1.501035	-0.379823	0.430416	0.222899	0.766112	1.537897	-0.09351543374359608	5.925925925925925e-05	0.7661106586456299
451320	-1.500479	-0.379350	0.431709	0.223023	0.766530	1.539888	-0.09356291331350804	3.9506172839506166e-05	0.7665296792984009
451440	-1.499802	-0.378764	0.431952	0.223174	0.766960	1.540261	-0.09361491352319717	3.9506172839506166e-05	0.7669612169265747
451560	-1.498943	-0.377893	0.431791	0.223366	0.767544	1.540013	-0.0936833817511797	3.9506172839506166e-05	0.7675365209579468
451680	-1.498327	-0.377232	0.433291	0.223504	0.768107	1.542324	-0.09374314211308957	2.6337448559670777e-05	0.7680992484092712
451800	-1.498571	-0.376830	0.433730	0.223449	0.768354	1.543003	-0.09378050342202186	3.9506172839506166e-05	0.7683491706848145
451920	-1.498045	-0.376202	0.434315	0.223567	0.768828	1.543905	-0.09384268298745155	3.9506172839506166e-05	0.7688243389129639
452040	-1.497195	-0.375309	0.434179	0.223757	0.769594	1.543695	-0.09392053633928299	2.6337448559670777e-05	0.769591748714447
452160	-1.495024	-0.374507	0.434664	0.224243	0.770269	1.544444	-0.09399018622934818	5.925925925925925e-05	0.7702620029449463
452280	-1.496119	-0.373863	0.435575	0.223998	0.770996	1.545852	-0.09404749237000942	3.9506172839506166e-05	0.7709864377975464
452400	-1.496549	-0.373453	0.436152	0.223902	0.771336	1.546743	-0.09408821277320385	3.9506172839506166e-05	0.7713295817375183
452520	-1.496856	-0.372701	0.435098	0.223833	0.771946	1.545115	-0.09415416680276394	5.925925925925925e-05	0.7719395756721497
452640	-1.495482	-0.372442	0.435921	0.224141	0.772103	1.546387	-0.09418007545173168	2.6337448559670777e-05	0.7721003293991089
452760	-1.494646	-0.371841	0.436366	0.224328	0.772555	1.547074	-0.09422922395169735	2.6337448559670777e-05	0.7725510597229004
452880	-1.494107	-0.371280	0.435845	0.224449	0.772937	1.546268	-0.09428498186171055	2.6337448559670777e-05	0.7729337811470032
453000	-1.494882	-0.370764	0.436627	0.224275	0.773370	1.547478	-0.09433352425694466	2.6337448559670777e-05	0.7733657956123352
453120	-1.494860	-0.370254	0.437051	0.224280	0.773821	1.548135	-0.09438122622668743	3.9506172839506166e-05	0.7738203406333923
453240	-1.492806	-0.369892	0.437463	0.224741	0.774096	1.548773	-0.09440889060497284	1.7558299039780518e-05	0.7740927338600159
453360	-1.491017	-0.369154	0.438766	0.225144	0.774757	1.550793	-0.09447906613349914	5.925925925925925e-05	0.7747573852539062
453480	-1.489227	-0.368560	0.439576	0.225547	0.775288	1.552048	-0.09452704042196274	5.925925925925925e-05	0.7752790451049805
453600	-1.488796	-0.368098	0.440774	0.225644	0.775649	1.553909	-0.09457557275891304	1.7558299039780518e-05	0.7756500840187073
453720	-1.488516	-0.367455	0.439975	0.225707	0.776012	1.552668	-0.09462698474526406	2.6337448559670777e-05	0.776009202003479
453840	-1.487441	-0.366869	0.440209	0.225950	0.776440	1.553032	-0.09468131400644779	3.9506172839506166e-05	0.7764355540275574
453960	-1.489067	-0.366095	0.440190	0.225583	0.776971	1.553002	-0.09475078955292701	3.9506172839506166e-05	0.776967465877533
454080	-1.489070	-0.365868	0.441095	0.225582	0.777186	1.554408	-0.0947726782411337	5.925925925925925e-05	0.7771834135055542
454200	-1.489000	-0.365468	0.442912	0.225598	0.777533	1.557235	-0.09481127075850963	2.6337448559670777e-05	0.7775305509567261
454320	-1.488981	-0.365110	0.444234	0.225603	0.777919	1.559296	-0.09483729749917984	2.6337448559670777e-05	0.7779148817062378
454440	-1.487459	-0.364504	0.443167	0.225946	0.778336	1.557633	-0.09489516355097294	3.9506172839506166e-05	0.7783330082893372
454560	-1.487505	-0.364251	0.443882	0.225936	0.778575	1.558747	-0.09492089450359345	3.9506172839506166e-05	0.7785776853561401
454680	-1.487668	-0.363948	0.443747	0.225899	0.778910	1.558536	-0.0949426457285881	5.925925925925925e-05	0.7789004445075989
454800	-1.489695	-0.363608	0.443518	0.225441	0.779293	1.558179	-0.09497912004590034	3.9506172839506166e-05	0.7792893648147583
454920	-1.489661	-0.363302	0.443859	0.225449	0.779548	1.558710	-0.09500331915915013	3.9506172839506166e-05	0.7795430421829224
455040	-1.487018	-0.362156	0.444226	0.226046	0.780363	1.559282	-0.09510289430618286	5.925925925925925e-05	0.7803599238395691
455160	-1.485272	-0.361547	0.445230	0.226441	0.780763	1.560848	-0.09516307152807713	3.9506172839506166e-05	0.7807608842849731
455280	-1.483723	-0.360941	0.445000	0.226792	0.781134	1.560491	-0.09521635547280312	5.925925925925925e-05	0.7811346650123596
455400	-1.482474	-0.360172	0.446069	0.227075	0.781847	1.562158	-0.09528744369745254	5.925925925925925e-05	0.7818415760993958
455520	-1.481825	-0.359934	0.445749	0.227223	0.781990	1.561659	-0.09530859179794789	5.925925925925925e-05	0.7819870710372925
455640	-1.481622	-0.359210	0.445226	0.227269	0.782536	1.560842	-0.09536460526287556	2.6337448559670777e-05	0.7825312614440918
455760	-1.482638	-0.358892	0.444101	0.227038	0.782721	1.559088	-0.0953976895660162	1.7558299039780518e-05	0.7827171087265015
455880	-1.483230	-0.358208	0.442914	0.226904	0.783321	1.557238	-0.09545670300722123	2.6337448559670777e-05	0.7833147644996643
456000	-1.484078	-0.357874	0.442608	0.226711	0.783575	1.556761	-0.0954963643103838	3.9506172839506166e-05	0.783575713634491
456120	-1.483019	-0.357502	0.441932	0.226952	0.783868	1.555710	-0.09552763253450394	2.6337448559670777e-05	0.7838671803474426
456240	-1.484179	-0.356945	0.443960	0.226688	0.784557	1.558868	-0.09557362720370292	3.9506172839506166e-05	0.784554660320282
456360	-1.483174	-0.356544	0.444085	0.226916	0.784933	1.559062	-0.09560544081032277	3.9506172839506166e-05	0.7849231362342834
456480	-1.480587	-0.356273	0.445237	0.227504	0.785157	1.560860	-0.09563564099371433	5.925925925925925e-05	0.785150945186615
456600	-1.482335	-0.355710	0.446542	0.227107	0.785631	1.562898	-0.09568584822118283	3.9506172839506166e-05	0.7856260538101196
456720	-1.481435	-0.355120	0.447824	0.227311	0.786118	1.564903	-0.09574022144079208	3.9506172839506166e-05	0.7861157059669495
456840	-1.479973	-0.354296	0.449672	0.227644	0.786907	1.567798	-0.09580722600221633	2.6337448559670777e-05	0.7869019508361816
456960	-1.480448	-0.353990	0.449528	0.227536	0.787063	1.567571	-0.09584287740290165	3.9506172839506166e-05	0.787059485912323
457080	-1.482098	-0.354115	0.447081	0.227161	0.787004	1.563741	-0.09583313800394536	3.9506172839506166e-05	0.7870022058486938
457200	-1.482278	-0.353325	0.448476	0.227120	0.787765	1.565923	-0.09589946307241917	3.9506172839506166e-05	0.787760853767395
457320	-1.480410	-0.352900	0.448319	0.227544	0.788099	1.565677	-0.09594009593129157	2.6337448559670777e-05	0.7880988121032715
457440	-1.479975	-0.352579	0.448596	0.227643	0.788453	1.566112	-0.09596970975399018	5.925925925925925e-05	0.7884439826011658
457560	-1.480122	-0.351985	0.448780	0.227610	0.788996	1.566400	-0.09601812809705734	2.6337448559670777e-05	0.7889918088912964
457680	-1.478859	-0.351157	0.449194	0.227898	0.789670	1.567048	-0.0960956484079361	3.9506172839506166e-05	0.789665699005127
457800	-1.477440	-0.350702	0.450429	0.228221	0.790018	1.568985	-0.09613911658525467	3.9506172839506166e-05	0.790016770362854
457920	-1.478256	-0.350742	0.450794	0.228035	0.790075	1.569558	-0.09613840244710445	1.7558299039780518e-05	0.7900747656822205
458040	-1.478563	-0.350446	0.450878	0.227965	0.790278	1.569690	-0.0961610071361065	3.9506172839506166e-05	0.7902774810791016
458160	-1.477576	-0.350063	0.452884	0.228190	0.790569	1.572842	-0.09618997611105443	2.6337448559670777e-05	0.7905657887458801
458280	-1.477648	-0.349630	0.454535	0.228174	0.790894	1.575441	-0.09623403809964656	2.6337448559670777e-05	0.7908912897109985
458400	-1.477638	-0.348592	0.456612	0.228176	0.791723	1.578716	-0.09631701000034809	3.9506172839506166e-05	0.7917081117630005
458520	-1.477420	-0.348021	0.456388	0.228226	0.792125	1.578363	-0.09637434519827366	5.925925925925925e-05	0.7921161651611328
458640	-1.475729	-0.347360	0.456591	0.228612	0.792623	1.578684	-0.09644318781793118	2.6337448559670777e-05	0.792621910572052
458760	-1.475307	-0.346604	0.457806	0.228708	0.793338	1.580603	-0.0965002927929163	3.9506172839506166e-05	0.7933264970779419
458880	-1.476598	-0.346249	0.458926	0.228413	0.793885	1.582374	-0.09654485955834388	3.9506172839506166e-05	0.7938876152038574
459000	-1.476200	-0.345907	0.459980	0.228504	0.794122	1.584043	-0.09657172411680222	2.6337448559670777e-05	0.7941241264343262
459120	-1.476050	-0.345231	0.459615	0.228539	0.794619	1.583465	-0.09662857614457607	2.6337448559670777e-05	0.7946138381958008
459240	-1.476165	-0.344633	0.460815	0.228512	0.795240	1.585365	-0.09668032713234424	2.6337448559670777e-05	0.7952342629432678
459360	-1.476285	-0.344290	0.460619	0.228485	0.795560	1.585055	-0.09671093299984931	3.9506172839506166e-05	0.795555055141449
459480	-1.474817	-0.343264	0.462847	0.228821	0.796388	1.588591	-0.09680232740938663	3.9506172839506166e-05	0.7963795065879822
459600	-1.474747	-0.342969	0.463015	0.228837	0.796605	1.588857	-0.09683538749814033	2.6337448559670777e-05	0.7966024875640869
459720	-1.474640	-0.342486	0.464176	0.228861	0.797130	1.590702	-0.09687035456299782	3.9506172839506166e-05	0.7971214652061462
459840	-1.475008	-0.342121	0.464571	0.228777	0.797430	1.591332	-0.09690619669854642	2.6337448559670777e-05	0.7974274754524231
459960	-1.476231	-0.341589	0.463843	0.228497	0.797888	1.590174	-0.0969569157809019	2.6337448559670777e-05	0.7978841066360474
460080	-1.476314	-0.341301	0.461926	0.228478	0.798070	1.587128	-0.09697869755327701	5.925925925925925e-05	0.7980616688728333
460200	-1.476454	-0.340461	0.463925	0.228446	0.798838	1.590303	-0.09705749228596687	2.6337448559670777e-05	0.798835277557373
460320	-1.476313	-0.340016	0.465031	0.228479	0.799228	1.592064	-0.09709544219076634	3.9506172839506166e-05	0.799221396446228
460440	-1.476242	-0.339575	0.465656	0.228495	0.799583	1.593059	-0.09713693112134933	5.925925925925925e-05	0.7995796799659729
460560	-1.477474	-0.338999	0.467364	0.228214	0.800214	1.595782	-0.09718886949121952	3.9506172839506166e-05	0.8002114295959473
460680	-1.477982	-0.338710	0.468407	0.228097	0.800456	1.597447	-0.09721944965422154	2.6337448559670777e-05	0.8004536628723145
460800	-1.475959	-0.338020	0.469244	0.228559	0.800930	1.598785	-0.0972774013876915	3.9506172839506166e-05	0.80092853307724
460920	-1.476912	-0.337833	0.469558	0.228342	0.801104	1.599287	-0.0973005335777998	3.9506172839506166e-05	0.8011011481285095
461040	-1.475251	-0.337439	0.468452	0.228721	0.801403	1.597519	-0.09732989892363549	2.6337448559670777e-05	0.8014010787010193
461160	-1.475805	-0.337104	0.469287	0.228595	0.801599	1.598854	-0.09736441113054753	5.925925925925925e-05	0.8015999794006348
461280	-1.476427	-0.336849	0.468433	0.228452	0.801929	1.597489	-0.09738555438816547	2.6337448559670777e-05	0.8019261360168457
461400	-1.474616	-0.336363	0.468791	0.228867	0.802169	1.598061	-0.09743044674396514	3.9506172839506166e-05	0.802169680595398
461520	-1.474213	-0.336075	0.468460	0.228959	0.802419	1.597532	-0.09745347611606121	3.9506172839506166e-05	0.8024166822433472
461640	-1.474839	-0.335892	0.467815	0.228816	0.802582	1.596502	-0.09747035019099712	3.9506172839506166e-05	0.80257648229599
461760	-1.475095	-0.335686	0.468232	0.228757	0.802759	1.597168	-0.09749150089919567	3.9506172839506166e-05	0.8027591109275818
461880	-1.475823	-0.335023	0.468256	0.228590	0.803361	1.597206	-0.09754993170499801	5.925925925925925e-05	0.8033610582351685
462000	-1.474519	-0.334250	0.468484	0.228889	0.803871	1.597571	-0.09761601500213146	5.925925925925925e-05	0.8038628101348877
462120	-1.472344	-0.333597	0.469432	0.229387	0.804542	1.599086	-0.09767977558076382	1.7558299039780518e-05	0.8045413494110107
462240	-1.472851	-0.333307	0.468682	0.229271	0.804763	1.597887	-0.0977053925395012	2.6337448559670777e-05	0.8047621846199036
462360	-1.472623	-0.332983	0.469515	0.229323	0.805079	1.599219	-0.09773142635822296	3.9506172839506166e-05	0.8050747513771057
462480	-1.473304	-0.332288	0.468948	0.229167	0.805755	1.598313	-0.0977915283292532	2.6337448559670777e-05	0.805753231048584
462600	-1.473634	-0.331358	0.469994	0.229091	0.806531	1.599984	-0.09787601567804813	2.6337448559670777e-05	0.8065285682678223
462720	-1.473769	-0.330869	0.472170	0.229061	0.807049	1.603470	-0.09792382046580314	3.9506172839506166e-05	0.8070483207702637
462840	-1.472767	-0.330365	0.473543	0.229290	0.807400	1.605672	-0.09796921163797379	3.9506172839506166e-05	0.8073933124542236
462960	-1.472520	-0.329721	0.473127	0.229347	0.807872	1.605005	-0.09802869632840157	3.9506172839506166e-05	0.8078716397285461
463080	-1.472429	-0.329093	0.473293	0.229368	0.808401	1.605272	-0.09807141087949275	2.6337448559670777e-05	0.808393120765686
463200	-1.473724	-0.328414	0.474327	0.229071	0.809050	1.606933	-0.0981405559927225	3.9506172839506166e-05	0.8090431690216064
463320	-1.472421	-0.327765	0.475461	0.229370	0.809649	1.608755	-0.09819508604705333	5.925925925925925e-05	0.8096358776092529
463440	-1.472085	-0.326864	0.476362	0.229447	0.810513	1.610206	-0.09827448539435864	2.6337448559670777e-05	0.8105055689811707
463560	-1.472496	-0.326395	0.477551	0.229352	0.811088	1.612121	-0.09832240715622902	5.925925925925925e-05	0.8110796213150024
463680	-1.472323	-0.325483	0.478045	0.229392	0.811798	1.612918	-0.09840846955776214	5.925925925925925e-05	0.8117961883544922
463800	-1.472109	-0.324851	0.480362	0.229441	0.812519	1.616659	-0.09846220165491104	3.9506172839506166e-05	0.8125132322311401
463920	-1.471112	-0.324211	0.482172	0.229670	0.813097	1.619589	-0.09851520210504532	2.6337448559670777e-05	0.8130878210067749
464040	-1.470489	-0.323736	0.482771	0.229813	0.813475	1.620558	-0.09856255911290646	2.6337448559670777e-05	0.8134725689888
464160	-1.470049	-0.323018	0.483322	0.229914	0.814207	1.621452	-0.09863024018704891	5.925925925925925e-05	0.8142017722129822
464280	-1.468858	-0.322493	0.483489	0.230188	0.814683	1.621723	-0.09868334345519543	2.6337448559670777e-05	0.814684271812439
464400	-1.469707	-0.322111	0.482830	0.229993	0.815046	1.620654	-0.09871236868202686	2.6337448559670777e-05	0.8150401711463928
464520	-1.470284	-0.321404	0.483662	0.229860	0.815775	1.622003	-0.09877186752855778	2.6337448559670777e-05	0.815772533416748
464640	-1.468081	-0.320970	0.483649	0.230367	0.816106	1.621982	-0.0988180935382843	3.9506172839506166e-05	0.8161099553108215
464760	-1.468037	-0.320117	0.485119	0.230377	0.816823	1.624368	-0.0988845519721508	2.6337448559670777e-05	0.8168148994445801
464880	-1.468105	-0.319644	0.485520	0.230362	0.817178	1.625020	-0.0989260021597147	5.925925925925925e-05	0.8171688914299011
465000	-1.468437	-0.318671	0.487472	0.230285	0.818324	1.628196	-0.09901830665767193	3.9506172839506166e-05	0.8183174729347229
465120	-1.469132	-0.318188	0.488162	0.230125	0.818885	1.629318	-0.09906168095767498	3.9506172839506166e-05	0.8188785314559937
465240	-1.467257	-0.317484	0.490626	0.230557	0.819532	1.633338	-0.09912440069019794	3.9506172839506166e-05	0.8195248246192932
465360	-1.468410	-0.317368	0.491329	0.230291	0.819631	1.634487	-0.09913903176784515	3.9506172839506166e-05	0.8196253180503845
465480	-1.469482	-0.316557	0.491665	0.230045	0.820331	1.635036	-0.09920978657901287	1.7558299039780518e-05	0.8203272223472595
465600	-1.469621	-0.315914	0.492792	0.230013	0.820989	1.636879	-0.09927053414285184	3.9506172839506166e-05	0.820987343788147
465720	-1.470536	-0.315555	0.493986	0.229802	0.821483	1.638835	-0.09929662458598613	3.9506172839506166e-05	0.8214734196662903
465840	-1.470758	-0.314763	0.496630	0.229751	0.822343	1.643174	-0.09936965778470039	2.6337448559670777e-05	0.8223401308059692
465960	-1.469848	-0.314067	0.497684	0.229960	0.822905	1.644908	-0.09943038299679756	3.9506172839506166e-05	0.8228963017463684
466080	-1.468890	-0.313505	0.498099	0.230181	0.823281	1.645591	-0.09948401786386966	2.6337448559670777e-05	0.8232775926589966
466200	-1.469389	-0.313100	0.498568	0.230066	0.823727	1.646362	-0.09951836504042148	1.7558299039780518e-05	0.8237193822860718
466320	-1.469643	-0.312523	0.500067	0.230008	0.824267	1.648832	-0.09957298822700977	3.9506172839506166e-05	0.8242630362510681
466440	-1.468813	-0.311908	0.501141	0.230199	0.824752	1.650604	-0.0996278055012226	2.6337448559670777e-05	0.8247488737106323
466560	-1.467575	-0.311348	0.502385	0.230484	0.825136	1.652659	-0.09967621639370919	3.9506172839506166e-05	0.8251327872276306
466680	-1.466445	-0.310809	0.503604	0.230744	0.825559	1.654673	-0.09972763732075692	2.6337448559670777e-05	0.8255524039268494
466800	-1.466165	-0.310485	0.504090	0.230809	0.825852	1.655478	-0.09975943826138974	2.6337448559670777e-05	0.8258509635925293
466920	-1.466776	-0.310230	0.504155	0.230668	0.826016	1.655586	-0.09977085255086422	5.925925925925925e-05	0.8260022401809692
467040	-1.464735	-0.309447	0.504322	0.231139	0.826598	1.655863	-0.09984818175435066	3.9506172839506166e-05	0.8265934586524963
467160	-1.464690	-0.308603	0.505277	0.231150	0.827339	1.657445	-0.09992586746811867	2.6337448559670777e-05	0.827334463596344
467280	-1.465121	-0.308594	0.505198	0.231050	0.827348	1.657314	-0.09992995224893093	3.9506172839506166e-05	0.8273450136184692
467400	-1.464398	-0.308271	0.504788	0.231217	0.827560	1.656634	-0.09995758011937142	3.9506172839506166e-05	0.8275544047355652
467520	-1.464283	-0.307648	0.506034	0.231244	0.828087	1.658699	-0.10001335516571999	2.6337448559670777e-05	0.8280860781669617
467640	-1.464081	-0.307195	0.505782	0.231290	0.828501	1.658281	-0.10004775673151016	3.9506172839506166e-05	0.8284924626350403
467760	-1.463390	-0.306491	0.507031	0.231450	0.829154	1.660354	-0.1001172386109829	2.6337448559670777e-05	0.8291535377502441
467880	-1.463393	-0.306225	0.507956	0.231450	0.829595	1.661891	-0.10014689788222313	3.9506172839506166e-05	0.8295950889587402
468000	-1.462595	-0.305741	0.509172	0.231634	0.830130	1.663912	-0.1001891776919365	2.6337448559670777e-05	0.8301318883895874
468120	-1.461949	-0.305321	0.509363	0.231784	0.830388	1.664230	-0.10023014917969704	3.9506172839506166e-05	0.830392062664032
468240	-1.459438	-0.304822	0.509339	0.232367	0.830677	1.664191	-0.10026533231139183	1.7558299039780518e-05	0.830673336982727
468360	-1.458441	-0.304231	0.510150	0.232599	0.831192	1.665541	-0.10031569860875607	3.9506172839506166e-05	0.8311859965324402
468480	-1.458124	-0.303770	0.510959	0.232672	0.831473	1.666888	-0.10035293623805046	5.925925925925925e-05	0.8314643502235413
468600	-1.457928	-0.303148	0.512785	0.232718	0.832039	1.669935	-0.10041050724685192	2.6337448559670777e-05	0.8320303559303284
468720	-1.457285	-0.302396	0.513551	0.232868	0.832725	1.671214	-0.10048075206577778	3.9506172839506166e-05	0.8327152132987976
468840	-1.458244	-0.301351	0.515351	0.232645	0.833804	1.674226	-0.1005763802677393	3.9506172839506166e-05	0.8337966799736023
468960	-1.459259	-0.300455	0.517571	0.232408	0.834634	1.677946	-0.10065545178949833	2.6337448559670777e-05	0.8346283435821533
469080	-1.459346	-0.299915	0.518836	0.232388	0.834998	1.680070	-0.10070266537368297	2.6337448559670777e-05	0.8349941372871399
469200	-1.458603	-0.298947	0.522646	0.232561	0.835986	1.686484	-0.10078037939965726	3.9506172839506166e-05	0.835970938205719
469320	-1.458308	-0.298521	0.523636	0.232630	0.836334	1.688155	-0.1008315809071064	2.6337448559670777e-05	0.8363271951675415
469440	-1.459831	-0.298122	0.524130	0.232276	0.836837	1.688990	-0.10086434409022331	5.925925925925925e-05	0.8368241190910339
469560	-1.460628	-0.297286	0.525815	0.232090	0.837567	1.691838	-0.10094356015324593	2.6337448559670777e-05	0.8375659584999084
469680	-1.462826	-0.296730	0.527012	0.231581	0.838195	1.693864	-0.10099516622722149	3.9506172839506166e-05	0.8381922245025635
469800	-1.461352	-0.295873	0.527534	0.231923	0.838876	1.694748	-0.10106138810515404	5.925925925925925e-05	0.8388634324073792
469920	-1.461743	-0.295179	0.529360	0.231832	0.839580	1.697846	-0.10113357231020928	2.6337448559670777e-05	0.839575469493866
470040	-1.460456	-0.294394	0.530131	0.232130	0.840238	1.699155	-0.10119353495538234	5.925925925925925e-05	0.8402231931686401
470160	-1.461692	-0.293727	0.533376	0.231844	0.841038	1.704677	-0.10127077661454678	3.9506172839506166e-05	0.8410395383834839
470280	-1.461433	-0.293427	0.533838	0.231904	0.841365	1.705466	-0.1012901183217764	2.6337448559670777e-05	0.8413608074188232
470400	-1.462119	-0.292926	0.534282	0.231745	0.841784	1.706222	-0.10133736580610275	1.7558299039780518e-05	0.8417803645133972
470520	-1.462158	-0.292760	0.534766	0.231736	0.842030	1.707049	-0.10135607309639454	2.6337448559670777e-05	0.8420298099517822
470640	-1.461908	-0.292247	0.535311	0.231793	0.842484	1.707979	-0.10139865428209305	5.925925925925925e-05	0.8424767255783081
470760	-1.460255	-0.291390	0.537108	0.232177	0.843251	1.711051	-0.1014719221740961	3.9506172839506166e-05	0.8432447910308838
470880	-1.461519	-0.290885	0.537683	0.231884	0.843786	1.712035	-0.10152161940932274	3.9506172839506166e-05	0.8437842726707458
471000	-1.461217	-0.290093	0.539897	0.231954	0.844578	1.715830	-0.10158736705780029	2.6337448559670777e-05	0.8445711135864258
471120	-1.458454	-0.289433	0.540950	0.232596	0.845062	1.717638	-0.10164352655410766	2.6337448559670777e-05	0.845051646232605
471240	-1.458045	-0.288931	0.541214	0.232691	0.845565	1.718091	-0.10169441737234593	3.9506172839506166e-05	0.8455584049224854
471360	-1.457323	-0.288586	0.543521	0.232859	0.845994	1.722059	-0.10173399709165096	2.6337448559670777e-05	0.8459960222244263
471480	-1.457180	-0.288266	0.544844	0.232892	0.846314	1.724339	-0.10175531096756459	2.6337448559670777e-05	0.8463099002838135
471600	-1.456991	-0.287732	0.545563	0.232936	0.846869	1.725580	-0.10180253647267819	2.6337448559670777e-05	0.8468619585037231
471720	-1.456129	-0.287056	0.546183	0.233137	0.847429	1.726649	-0.10186460465192795	2.6337448559670777e-05	0.8474242091178894
471840	-1.455019	-0.286613	0.547348	0.233396	0.847902	1.728663	-0.10190694816410542	5.925925925925925e-05	0.8478986024856567
471960	-1.453196	-0.285779	0.548230	0.233822	0.848682	1.730188	-0.10197695381939412	2.6337448559670777e-05	0.8486739993095398
472080	-1.454172	-0.285034	0.550785	0.233594	0.849521	1.734614	-0.10204789228737354	1.7558299039780518e-05	0.8495163917541504
472200	-1.454285	-0.284943	0.551027	0.233567	0.849530	1.735034	-0.10205180197954178	2.6337448559670777e-05	0.849524199962616
472320	-1.453991	-0.284454	0.551213	0.233636	0.849988	1.735356	-0.10210231356322766	5.925925925925925e-05	0.8499855995178223
472440	-1.454614	-0.283748	0.552198	0.233491	0.850630	1.737067	-0.1021601177752018	1.7558299039780518e-05	0.8506264686584473
472560	-1.454096	-0.283187	0.552432	0.233611	0.851127	1.737474	-0.10220952481031417	5.925925925925925e-05	0.8511180877685547
472680	-1.452471	-0.282841	0.552148	0.233991	0.851440	1.736980	-0.10224770940840244	3.9506172839506166e-05	0.8514394760131836
472800	-1.452208	-0.282750	0.552620	0.234053	0.851568	1.737800	-0.10225480943918228	2.6337448559670777e-05	0.8515655398368835
472920	-1.452064	-0.282158	0.551505	0.234087	0.851986	1.735864	-0.10230123735964299	3.9506172839506166e-05	0.8519755005836487
473040	-1.452042	-0.281304	0.553190	0.234092	0.852834	1.738791	-0.10238184966146946	2.6337448559670777e-05	0.85282963514328
473160	-1.451198	-0.281077	0.555312	0.234289	0.853188	1.742484	-0.10239946283400059	5.925925925925925e-05	0.8531797528266907
473280	-1.451306	-0.280758	0.555605	0.234264	0.853474	1.742995	-0.10242994390428066	5.925925925925925e-05	0.853469729423523
473400	-1.450552	-0.280085	0.555215	0.234441	0.854067	1.742316	-0.10249356776475907	5.925925925925925e-05	0.8540557622909546
473520	-1.450639	-0.279262	0.556282	0.234421	0.854969	1.744176	-0.10256239101290703	2.6337448559670777e-05	0.8549613952636719
473640	-1.450721	-0.278226	0.557824	0.234401	0.856015	1.746867	-0.10265189744532108	2.6337448559670777e-05	0.8560048341751099
473760	-1.450274	-0.277781	0.559660	0.234506	0.856487	1.750077	-0.10270048193633556	3.9506172839506166e-05	0.8564847111701965
473880	-1.449157	-0.276962	0.559656	0.234768	0.857144	1.750070	-0.10276897214353084	5.925925925925925e-05	0.8571361899375916
474000	-1.447734	-0.276065	0.562543	0.235102	0.858019	1.755130	-0.10285336822271347	2.6337448559670777e-05	0.8580142855644226
474120	-1.448447	-0.275625	0.564879	0.234935	0.858480	1.759234	-0.10289090611040592	5.925925925925925e-05	0.8584721684455872
474240	-1.448845	-0.274949	0.566332	0.234841	0.859152	1.761793	-0.1029577910900116	2.6337448559670777e-05	0.8591510653495789
474360	-1.450129	-0.274895	0.566699	0.234540	0.859366	1.762440	-0.10296320505440235	3.9506172839506166e-05	0.8593609929084778
474480	-1.450720	-0.274253	0.568787	0.234401	0.860045	1.766124	-0.10301333330571652	5.925925925925925e-05	0.8600336313247681
474600	-1.449839	-0.273275	0.568939	0.234608	0.860854	1.766391	-0.10310048870742321	3.9506172839506166e-05	0.8608450293540955
474720	-1.448727	-0.272772	0.570363	0.234869	0.861334	1.768909	-0.10315075479447841	1.7558299039780518e-05	0.8613297343254089
474840	-1.448451	-0.271819	0.573228	0.234934	0.862279	1.773984	-0.10323096066713333	3.9506172839506166e-05	0.8622642755508423
474960	-1.447031	-0.271118	0.573460	0.235268	0.862912	1.774395	-0.10329575762152672	5.925925925925925e-05	0.8629053831100464
475080	-1.446025	-0.270563	0.574810	0.235505	0.863454	1.776793	-0.10335432216525078	2.6337448559670777e-05	0.8634531497955322
475200	-1.445256	-0.270058	0.574692	0.235686	0.863801	1.776583	-0.10339609533548355	3.9506172839506166e-05	0.8637996315956116
475320	-1.444587	-0.268923	0.575405	0.235843	0.864788	1.777850	-0.10349294766783715	2.6337448559670777e-05	0.8647858500480652
475440	-1.444574	-0.268205	0.575716	0.235846	0.865459	1.778403	-0.1035615436732769	5.925925925925925e-05	0.8654540181159973
475560	-1.444240	-0.267352	0.576293	0.235925	0.866310	1.779430	-0.10362904891371727	2.6337448559670777e-05	0.8663013577461243
475680	-1.444507	-0.266835	0.576600	0.235862	0.866676	1.779976	-0.10369197130203248	3.9506172839506166e-05	0.8666792511940002
475800	-1.444415	-0.266126	0.576981	0.235884	0.867163	1.780655	-0.10375180840492249	2.6337448559670777e-05	0.8671625256538391
475920	-1.442412	-0.265294	0.578899	0.236357	0.867937	1.784072	-0.10382300168275833	3.9506172839506166e-05	0.8679311871528625
476040	-1.440405	-0.264455	0.578984	0.236832	0.868551	1.784226	-0.1039019800722599	5.925925925925925e-05	0.8685529828071594
476160	-1.439523	-0.263968	0.578466	0.237041	0.868997	1.783300	-0.10394363068044185	3.9506172839506166e-05	0.8689925670623779
476280	-1.438854	-0.263360	0.579769	0.237199	0.869528	1.785627	-0.10399567261338234	3.9506172839506166e-05	0.8695194721221924
476400	-1.438473	-0.262798	0.581195	0.237290	0.870140	1.788174	-0.1040522351861	2.6337448559670777e-05	0.8701394200325012
476520	-1.437936	-0.262052	0.580290	0.237417	0.870735	1.786557	-0.10411803685128689	2.6337448559670777e-05	0.8707306385040283
476640	-1.436627	-0.261289	0.582224	0.237728	0.871447	1.790015	-0.10418414920568467	3.9506172839506166e-05	0.8714439868927002
476760	-1.436391	-0.260369	0.583872	0.237784	0.872306	1.792968	-0.10425991602241994	3.9506172839506166e-05	0.872290849685669
476880	-1.437938	-0.259775	0.583248	0.237417	0.872956	1.791849	-0.10432299338281155	3.9506172839506166e-05	0.872956395149231
477000	-1.438439	-0.258809	0.583258	0.237298	0.873815	1.791867	-0.1044057223945856	5.925925925925925e-05	0.8738080263137817
477120	-1.438872	-0.258590	0.583790	0.237195	0.874025	1.792821	-0.10443145036697388	2.6337448559670777e-05	0.8740242123603821
477240	-1.439322	-0.258338	0.585009	0.237088	0.874405	1.795007	-0.10444717891514302	2.6337448559670777e-05	0.8743985295295715
477360	-1.439893	-0.257636	0.586155	0.236953	0.875117	1.797065	-0.10451141335070133	5.925925925925925e-05	0.875110924243927
477480	-1.439963	-0.257124	0.588380	0.236936	0.875738	1.801069	-0.10455859526991844	5.925925925925925e-05	0.8757322430610657
477600	-1.440763	-0.256593	0.588991	0.236747	0.876389	1.802168	-0.10460741631686687	2.6337448559670777e-05	0.8763861060142517
477720	-1.440202	-0.255975	0.588962	0.236880	0.876858	1.802117	-0.10466428361833095	2.6337448559670777e-05	0.8768553137779236
477840	-1.440196	-0.255514	0.590741	0.236881	0.877395	1.805327	-0.1047031618654728	3.9506172839506166e-05	0.8773910403251648
477960	-1.441576	-0.254639	0.592655	0.236555	0.878247	1.808785	-0.10477697439491748	3.9506172839506166e-05	0.8782345652580261
478080	-1.442409	-0.253820	0.594446	0.236358	0.878913	1.812027	-0.10485493689775467	3.9506172839506166e-05	0.8789075016975403
478200	-1.442998	-0.253340	0.597847	0.236219	0.879640	1.818199	-0.10490249581634999	2.6337448559670777e-05	0.8796359896659851
478320	-1.443170	-0.252690	0.599335	0.236178	0.880218	1.820908	-0.10495879128575325	2.6337448559670777e-05	0.8802173137664795
478440	-1.442837	-0.252070	0.600966	0.236257	0.880943	1.823879	-0.1050112783908844	1.7558299039780518e-05	0.8809378743171692
478560	-1.444064	-0.251809	0.602048	0.235967	0.881399	1.825855	-0.10505141727626324	5.925925925925925e-05	0.8814058899879456
478680	-1.444769	-0.251547	0.601633	0.235801	0.881812	1.825098	-0.10506436675786972	2.6337448559670777e-05	0.881810188293457
478800	-1.445016	-0.251240	0.601801	0.235742	0.882059	1.825403	-0.10508824586868286	3.9506172839506166e-05	0.8820536732673645
478920	-1.444877	-0.250445	0.602441	0.235775	0.882838	1.826573	-0.10515384785830975	5.925925925925925e-05	0.8828268051147461
479040	-1.446522	-0.249681	0.603816	0.235388	0.883737	1.829085	-0.10522145740687847	3.9506172839506166e-05	0.8837209939956665
479160	-1.445210	-0.248936	0.605173	0.235696	0.884496	1.831569	-0.10529056116938591	2.6337448559670777e-05	0.8844897747039795
479280	-1.445936	-0.248583	0.605389	0.235525	0.884983	1.831965	-0.10533028729259968	2.6337448559670777e-05	0.8849807381629944
479400	-1.444717	-0.248061	0.605117	0.235813	0.885231	1.831467	-0.10537974908947945	3.9506172839506166e-05	0.8852341771125793
479520	-1.445390	-0.247639	0.606254	0.235654	0.885694	1.833550	-0.10541074462234974	2.6337448559670777e-05	0.8856903314590454
479640	-1.444325	-0.247019	0.607654	0.235905	0.886253	1.836119	-0.10546965524554253	3.9506172839506166e-05	0.8862441778182983
479760	-1.445359	-0.246229	0.608284	0.235661	0.887056	1.837276	-0.10553678683936596	3.9506172839506166e-05	0.8870498538017273
479880	-1.445799	-0.245693	0.608546	0.235558	0.887478	1.837757	-0.10558526404201984	2.6337448559670777e-05	0.887477695941925
480000	-1.445310	-0.245031	0.611058	0.235673	0.888261	1.842380	-0.10564494654536247	3.9506172839506166e-05	0.8882526159286499
480120	-1.445167	-0.244107	0.612804	0.235707	0.889297	1.845598	-0.1057292815297842	3.9506172839506166e-05	0.8892885446548462
480240	-1.444243	-0.243370	0.615376	0.235925	0.890065	1.850352	-0.10579841919243335	1.7558299039780518e-05	0.8900634050369263
480360	-1.444484	-0.242336	0.615259	0.235868	0.890982	1.850136	-0.10589155741035938	3.9506172839506166e-05	0.8909773826599121
480480	-1.444750	-0.241821	0.615019	0.235805	0.891548	1.849692	-0.10593451634049415	3.9506172839506166e-05	0.8915449380874634
480600	-1.443244	-0.240981	0.616845	0.236160	0.892267	1.853072	-0.10601265840232373	2.6337448559670777e-05	0.8922644257545471
480720	-1.441285	-0.240681	0.618099	0.236624	0.892481	1.855397	-0.10603638254106044	2.6337448559670777e-05	0.8924734592437744
480840	-1.441465	-0.240461	0.619118	0.236581	0.892788	1.857289	-0.10605696737766265	2.6337448559670777e-05	0.8927802443504333
480960	-1.442281	-0.239854	0.621509	0.236388	0.893640	1.861735	-0.10611498020589352	2.6337448559670777e-05	0.8936388492584229
481080	-1.441017	-0.239435	0.624137	0.236687	0.894099	1.866634	-0.10615134499967098	3.9506172839506166e-05	0.8940948843955994
481200	-1.440730	-0.238504	0.624547	0.236755	0.894905	1.867400	-0.10623090974986553	2.6337448559670777e-05	0.8949024081230164
481320	-1.441959	-0.238015	0.625766	0.236464	0.895415	1.869678	-0.10628206953406334	2.6337448559670777e-05	0.8954179883003235
481440	-1.441852	-0.237704	0.624980	0.236489	0.895585	1.868209	-0.1063087984919548	3.9506172839506166e-05	0.8955823183059692
481560	-1.439893	-0.237155	0.626340	0.236953	0.896033	1.870751	-0.1063524603843689	3.9506172839506166e-05	0.8960221409797668
481680	-1.438853	-0.236509	0.628361	0.237200	0.896771	1.874536	-0.10641776397824287	5.925925925925925e-05	0.8967645764350891
481800	-1.438658	-0.235746	0.630152	0.237246	0.897583	1.877897	-0.10648139044642449	3.9506172839506166e-05	0.8975750803947449
481920	-1.438864	-0.235265	0.631858	0.237197	0.898053	1.881102	-0.10652750954031945	3.9506172839506166e-05	0.8980522155761719
482040	-1.438357	-0.234801	0.631806	0.237317	0.898451	1.881005	-0.1065691962838173	3.9506172839506166e-05	0.8984469771385193
482160	-1.435382	-0.234046	0.633883	0.238024	0.899070	1.884916	-0.10663194246590138	5.925925925925925e-05	0.8990581631660461
482280	-1.436344	-0.233435	0.636690	0.237795	0.899695	1.890213	-0.10668590068817138	5.925925925925925e-05	0.8996847867965698
482400	-1.436282	-0.232948	0.638586	0.237810	0.900231	1.893801	-0.10673330016434193	3.9506172839506166e-05	0.9002258777618408
482520	-1.437680	-0.232382	0.640747	0.237478	0.900980	1.897898	-0.10678525790572166	3.9506172839506166e-05	0.9009743928909302
482640	-1.438378	-0.232256	0.641230	0.237312	0.901167	1.898815	-0.10679622143507003	3.9506172839506166e-05	0.9011659622192383
482760	-1.437732	-0.231769	0.640307	0.237466	0.901615	1.897063	-0.10683803483843804	2.6337448559670777e-05	0.9016081094741821
482880	-1.438048	-0.231377	0.641259	0.237391	0.901852	1.898870	-0.10687311887741088	2.6337448559670777e-05	0.9018486142158508
483000	-1.438065	-0.230578	0.644629	0.237387	0.902681	1.905279	-0.10694703161716461	2.6337448559670777e-05	0.9026755690574646
483120	-1.437401	-0.229739	0.647374	0.237544	0.903618	1.910516	-0.10701813995838165	3.9506172839506166e-05	0.9036108255386353
483240	-1.437244	-0.229199	0.646826	0.237582	0.904067	1.909470	-0.10707856453955174	5.925925925925925e-05	0.9040735363960266
483360	-1.436554	-0.228866	0.646758	0.237746	0.904241	1.909340	-0.10710214264690876	5.925925925925925e-05	0.9042403101921082
483480	-1.436116	-0.228076	0.646725	0.237850	0.904942	1.909278	-0.10717267841100693	2.6337448559670777e-05	0.904940128326416
483600	-1.436002	-0.227808	0.646662	0.237877	0.905267	1.909158	-0.10719715058803558	3.9506172839506166e-05	0.9052602052688599
483720	-1.436816	-0.227224	0.647565	0.237683	0.905901	1.910881	-0.10724817290902137	2.6337448559670777e-05	0.9058955907821655
483840	-1.434914	-0.226379	0.647284	0.238136	0.906527	1.910346	-0.10732542686164379	3.9506172839506166e-05	0.9065235257148743
483960	-1.434516	-0.225755	0.646755	0.238231	0.906860	1.909335	-0.10737427659332752	3.9506172839506166e-05	0.9068538546562195
484080	-1.435353	-0.224806	0.646055	0.238031	0.907658	1.907998	-0.10745962895452976	5.925925925925925e-05	0.9076433777809143
484200	-1.435720	-0.223727	0.647499	0.237944	0.908678	1.910756	-0.10755682326853275	2.6337448559670777e-05	0.9086697101593018
484320	-1.435927	-0.222948	0.648421	0.237895	0.909396	1.912518	-0.1076274324208498	3.9506172839506166e-05	0.9093829393386841
484440	-1.435764	-0.222494	0.649729	0.237934	0.910025	1.915021	-0.10767244026064873	3.9506172839506166e-05	0.9100177884101868
484560	-1.436075	-0.221735	0.649721	0.237860	0.910833	1.915006	-0.10774688422679901	5.925925925925925e-05	0.9108290672302246
484680	-1.434247	-0.220810	0.649439	0.238295	0.911689	1.914467	-0.10781820714473725	5.925925925925925e-05	0.9116740226745605
484800	-1.432251	-0.220176	0.651266	0.238771	0.912338	1.917968	-0.1078871488571167	3.9506172839506166e-05	0.9123345613479614
484920	-1.431951	-0.219783	0.651457	0.238843	0.912746	1.918333	-0.10792291350662708	2.6337448559670777e-05	0.9127436876296997
485040	-1.431479	-0.219367	0.652871	0.238955	0.913321	1.921048	-0.10795146822929383	2.6337448559670777e-05	0.9133095145225525
485160	-1.431559	-0.218785	0.655020	0.238936	0.914063	1.925180	-0.10801033191382885	3.9506172839506166e-05	0.9140604734420776
485280	-1.431693	-0.218033	0.656757	0.238904	0.914939	1.928527	-0.10806240662932395	3.9506172839506166e-05	0.9149226546287537
485400	-1.431731	-0.217285	0.657870	0.238895	0.915556	1.930675	-0.10814092867076397	2.6337448559670777e-05	0.9155481457710266
485520	-1.429857	-0.216981	0.657181	0.239343	0.915694	1.929346	-0.1081683062016964	5.925925925925925e-05	0.9156864285469055
485640	-1.429684	-0.216682	0.657436	0.239384	0.915901	1.929839	-0.1081999521702528	2.6337448559670777e-05	0.915899395942688
485760	-1.429560	-0.216199	0.656551	0.239414	0.916287	1.928130	-0.10823856927454471	5.925925925925925e-05	0.9162746667861938
485880	-1.427545	-0.215426	0.656994	0.239897	0.917133	1.928985	-0.10831295438110829	1.7558299039780518e-05	0.9171302318572998
486000	-1.425933	-0.214951	0.656372	0.240284	0.917647	1.927786	-0.10835443735122681	3.9506172839506166e-05	0.9176462292671204
486120	-1.427556	-0.214651	0.655806	0.239895	0.917928	1.926695	-0.1083814810961485	3.9506172839506166e-05	0.9179205894470215
486240	-1.426933	-0.213108	0.657468	0.240044	0.919333	1.929901	-0.10850326530635357	2.6337448559670777e-05	0.9193182587623596
486360	-1.428475	-0.212075	0.658591	0.239674	0.920441	1.932068	-0.10861630588769913	3.9506172839506166e-05	0.9204413294792175
486480	-1.428603	-0.211855	0.658335	0.239644	0.920518	1.931574	-0.10863264761865139	2.6337448559670777e-05	0.9205149412155151
486600	-1.426968	-0.211557	0.658362	0.240036	0.920751	1.931625	-0.10865976847708225	2.6337448559670777e-05	0.9207481741905212
486720	-1.426728	-0.211174	0.658713	0.240093	0.921151	1.932305	-0.1086991537362337	3.9506172839506166e-05	0.9211497902870178
486840	-1.428627	-0.211050	0.659698	0.239638	0.921435	1.934207	-0.10871212147176265	3.9506172839506166e-05	0.9214362502098083
486960	-1.428945	-0.210440	0.659484	0.239562	0.922082	1.933794	-0.10875917933881282	3.9506172839506166e-05	0.9220772981643677
487080	-1.429194	-0.209502	0.659985	0.239502	0.922962	1.934763	-0.1088408414274454	5.925925925925925e-05	0.9229481220245361
487200	-1.428602	-0.208572	0.660757	0.239644	0.923855	1.936258	-0.10892375148832797	2.6337448559670777e-05	0.9238494634628296
487320	-1.429217	-0.207632	0.662271	0.239496	0.924965	1.939191	-0.1090059258043766	3.9506172839506166e-05	0.9249540567398071
487440	-1.430569	-0.206895	0.663174	0.239173	0.925821	1.940942	-0.10908119678497315	5.925925925925925e-05	0.9258140921592712
487560	-1.430503	-0.206215	0.665949	0.239189	0.926520	1.946337	-0.10913009718060493	5.925925925925925e-05	0.9265004396438599
487680	-1.429784	-0.205207	0.666731	0.239361	0.927650	1.947860	-0.10922733433544636	5.925925925925925e-05	0.9276461005210876
487800	-1.430396	-0.204616	0.667200	0.239214	0.928298	1.948773	-0.10928689613938332	3.9506172839506166e-05	0.9282954335212708
487920	-1.430306	-0.203663	0.667565	0.239236	0.929186	1.949484	-0.10936755314469337	3.9506172839506166e-05	0.9291752576828003
488040	-1.431566	-0.203082	0.670463	0.238935	0.929873	1.955142	-0.10943015143275261	3.9506172839506166e-05	0.9298731684684753
488160	-1.432662	-0.202816	0.671307	0.238673	0.930128	1.956792	-0.10944809131324292	3.9506172839506166e-05	0.930127739906311
488280	-1.433659	-0.202332	0.672020	0.238435	0.930694	1.958189	-0.10948440879583358	2.6337448559670777e-05	0.9306864142417908
488400	-1.434397	-0.201906	0.673181	0.238259	0.931220	1.960463	-0.10952919498085975	3.9506172839506166e-05	0.9312179088592529
488520	-1.434762	-0.201722	0.673500	0.238172	0.931504	1.961089	-0.10954312495887279	5.925925925925925e-05	0.9314989447593689
488640	-1.433179	-0.201067	0.676319	0.238549	0.932220	1.966624	-0.10960529409348965	2.6337448559670777e-05	0.93221116065979
488760	-1.432232	-0.200251	0.677060	0.238776	0.933033	1.968084	-0.10967553965747356	2.6337448559670777e-05	0.9330280423164368
488880	-1.431372	-0.199425	0.677874	0.238981	0.933709	1.969685	-0.10975251607596874	3.9506172839506166e-05	0.9337038397789001
489000	-1.431820	-0.198892	0.677504	0.238874	0.934113	1.968957	-0.10980296209454536	2.6337448559670777e-05	0.9341146945953369
489120	-1.431189	-0.197893	0.679264	0.239024	0.935104	1.972426	-0.1098879847675562	2.6337448559670777e-05	0.9350985884666443
489240	-1.431838	-0.197275	0.682459	0.238870	0.935980	1.978737	-0.1099491611123085	5.925925925925925e-05	0.9359796643257141
489360	-1.432653	-0.196695	0.685439	0.238675	0.936589	1.984642	-0.10999871753156185	5.925925925925925e-05	0.9365822076797485
489480	-1.432709	-0.196034	0.685580	0.238662	0.937312	1.984923	-0.11005892828106881	2.6337448559670777e-05	0.9373095631599426
489600	-1.432772	-0.195103	0.687136	0.238647	0.938331	1.988014	-0.11013554781675339	5.925925925925925e-05	0.9383225440979004
489720	-1.432854	-0.194126	0.688206	0.238627	0.939454	1.990141	-0.11022788919508457	3.9506172839506166e-05	0.9394521713256836
489840	-1.433352	-0.193378	0.688787	0.238508	0.940326	1.991298	-0.11029069051146508	2.6337448559670777e-05	0.9403157234191895
489960	-1.432725	-0.192437	0.689130	0.238658	0.941315	1.991982	-0.1103799145668745	5.925925925925925e-05	0.9413055181503296
490080	-1.433262	-0.192320	0.688096	0.238530	0.941475	1.989922	-0.1103905614465475	3.9506172839506166e-05	0.9414730668067932
490200	-1.432876	-0.191829	0.687937	0.238622	0.941835	1.989608	-0.11043952740728855	3.9506172839506166e-05	0.9418317079544067
490320	-1.431549	-0.191603	0.689030	0.238939	0.942087	1.991783	-0.11045604012906551	3.9506172839506166e-05	0.9420841932296753
490440	-1.431063	-0.190774	0.689164	0.239055	0.942965	1.992049	-0.11052804477512837	3.9506172839506166e-05	0.9429588317871094
490560	-1.430482	-0.190026	0.689520	0.239194	0.943742	1.992759	-0.11060307696461677	5.925925925925925e-05	0.9437496066093445
490680	-1.431906	-0.189379	0.690180	0.238853	0.944578	1.994074	-0.1106557372957468	2.6337448559670777e-05	0.9445746541023254
490800	-1.432773	-0.189091	0.690738	0.238646	0.944931	1.995187	-0.11068238280713558	2.6337448559670777e-05	0.9449243545532227
490920	-1.431916	-0.188677	0.691356	0.238851	0.945457	1.996420	-0.11071738004684448	5.925925925925925e-05	0.945446252822876
491040	-1.432369	-0.188215	0.693036	0.238743	0.945948	1.999777	-0.11075964272022247	5.925925925925925e-05	0.9459387063980103
491160	-1.433928	-0.187581	0.691977	0.238371	0.946530	1.997661	-0.11081875264644622	5.925925925925925e-05	0.9465240240097046
491280	-1.431590	-0.186928	0.693264	0.238929	0.947057	2.000234	-0.1108793668448925	3.9506172839506166e-05	0.9470531940460205
491400	-1.432321	-0.186075	0.694955	0.238754	0.948009	2.003618	-0.11094436645507813	3.9506172839506166e-05	0.9479982852935791
491520	-1.432467	-0.185898	0.694148	0.238719	0.948097	2.002002	-0.11097633987665176	5.925925925925925e-05	0.9480980038642883
491640	-1.432728	-0.185175	0.694693	0.238657	0.948801	2.003095	-0.11102545373141766	5.925925925925925e-05	0.9487889409065247
491760	-1.432487	-0.184627	0.695897	0.238714	0.949448	2.005507	-0.11107865683734416	5.925925925925925e-05	0.9494390487670898
491880	-1.432615	-0.183821	0.699327	0.238684	0.950356	2.012398	-0.11115324683487415	3.9506172839506166e-05	0.9503439664840698
492000	-1.430869	-0.182853	0.700923	0.239101	0.951241	2.015613	-0.11124379299581051	2.6337448559670777e-05	0.9512374401092529
492120	-1.428962	-0.181853	0.700470	0.239557	0.952088	2.014699	-0.11132656745612621	2.6337448559670777e-05	0.9520798921585083
492240	-1.429250	-0.181406	0.700034	0.239489	0.952547	2.013821	-0.11137118339538574	2.6337448559670777e-05	0.9525406360626221
492360	-1.429194	-0.180616	0.702259	0.239502	0.953415	2.018307	-0.11144374161958695	2.6337448559670777e-05	0.9534115195274353
492480	-1.427887	-0.179834	0.701623	0.239815	0.954102	2.017025	-0.1115098774433136	3.9506172839506166e-05	0.9540974497795105
492600	-1.428579	-0.179450	0.702168	0.239649	0.954521	2.018124	-0.11155623644590378	3.9506172839506166e-05	0.9545215964317322
492720	-1.430562	-0.178883	0.703587	0.239175	0.955288	2.020990	-0.11159584373235702	3.9506172839506166e-05	0.955277681350708
492840	-1.430709	-0.177744	0.705819	0.239139	0.956615	2.025506	-0.11169223636388778	3.9506172839506166e-05	0.9566028714179993
492960	-1.431794	-0.177409	0.706728	0.238880	0.957045	2.027347	-0.11173211671411991	2.6337448559670777e-05	0.9570377469062805
493080	-1.431960	-0.177078	0.708194	0.238840	0.957509	2.030322	-0.11175939626991749	2.6337448559670777e-05	0.9574992060661316
493200	-1.431516	-0.176681	0.707757	0.238946	0.957978	2.029434	-0.11179897859692574	2.6337448559670777e-05	0.9579728245735168
493320	-1.431779	-0.176649	0.706810	0.238884	0.957962	2.027513	-0.11181657761335373	2.6337448559670777e-05	0.9579721689224243
493440	-1.431344	-0.176702	0.707974	0.238987	0.957924	2.029875	-0.11180036179721356	5.925925925925925e-05	0.9579246640205383
493560	-1.430155	-0.175910	0.709718	0.239272	0.958521	2.033417	-0.11186350397765636	3.9506172839506166e-05	0.9585129618644714
493680	-1.431288	-0.175304	0.710058	0.239001	0.959059	2.034110	-0.11191435344517231	5.925925925925925e-05	0.95904541015625
493800	-1.431118	-0.174802	0.709844	0.239042	0.959529	2.033673	-0.11196007020771503	5.925925925925925e-05	0.9595193862915039
493920	-1.431611	-0.174551	0.708728	0.238924	0.959694	2.031405	-0.11199333332479	3.9506172839506166e-05	0.9596889019012451
494040	-1.429554	-0.173479	0.711544	0.239416	0.960934	2.037134	-0.11208633594214916	3.9506172839506166e-05	0.9609291553497314
494160	-1.426610	-0.172801	0.712500	0.240122	0.961480	2.039082	-0.11214299499988556	5.925925925925925e-05	0.9614717960357666
494280	-1.426528	-0.171797	0.713530	0.240141	0.962472	2.041185	-0.1122334722429514	2.6337448559670777e-05	0.962462842464447
494400	-1.426381	-0.170919	0.715476	0.240177	0.963442	2.045161	-0.11230760850012303	3.9506172839506166e-05	0.9634230732917786
494520	-1.427119	-0.170024	0.715992	0.239999	0.964402	2.046215	-0.11239445842802524	3.9506172839506166e-05	0.9643893837928772
494640	-1.426421	-0.168669	0.716076	0.240167	0.965770	2.046387	-0.11251788213849068	5.925925925925925e-05	0.9657601118087769
494760	-1.425094	-0.168544	0.716217	0.240486	0.965930	2.046677	-0.11253447867929936	2.6337448559670777e-05	0.9659302830696106
494880	-1.424378	-0.167979	0.716797	0.240658	0.966524	2.047863	-0.1125816497951746	3.9506172839506166e-05	0.9665195345878601
495000	-1.425902	-0.167843	0.717021	0.240292	0.966646	2.048321	-0.1125920720398426	2.6337448559670777e-05	0.9666383862495422
495120	-1.424945	-0.166632	0.719983	0.240522	0.967957	2.054398	-0.11269104667007923	2.6337448559670777e-05	0.9679432511329651
495240	-1.424014	-0.166300	0.717900	0.240746	0.968171	2.050123	-0.11273679211735725	2.6337448559670777e-05	0.9681719541549683
495360	-1.422789	-0.165977	0.717286	0.241041	0.968480	2.048866	-0.11276822909712791	5.925925925925925e-05	0.968482255935669
495480	-1.424084	-0.165642	0.716818	0.240729	0.968902	2.047907	-0.1127903912216425	3.9506172839506166e-05	0.9688941240310669
495600	-1.423086	-0.165041	0.716451	0.240969	0.969482	2.047156	-0.11284748278558254	2.6337448559670777e-05	0.9694819450378418
495720	-1.424159	-0.164585	0.716995	0.240711	0.970023	2.048269	-0.11289257407188416	5.925925925925925e-05	0.9700208902359009
495840	-1.425960	-0.164117	0.716741	0.240278	0.970588	2.047748	-0.11293105818331242	2.6337448559670777e-05	0.9705849289894104
495960	-1.425577	-0.163488	0.716988	0.240370	0.971142	2.048254	-0.11298301443457603	2.6337448559670777e-05	0.9711350202560425
496080	-1.427124	-0.162916	0.719163	0.239998	0.971901	2.052715	-0.1130365427583456	1.7558299039780518e-05	0.9718958139419556
496200	-1.426458	-0.162213	0.718591	0.240158	0.972497	2.051541	-0.11309325434267521	3.9506172839506166e-05	0.972484290599823
496320	-1.426326	-0.162084	0.719534	0.240190	0.972714	2.053476	-0.11311486959457398	2.6337448559670777e-05	0.9727138876914978
496440	-1.426530	-0.161733	0.719703	0.240141	0.972967	2.053824	-0.11313627026975155	5.925925925925925e-05	0.9729548096656799
496560	-1.426823	-0.161150	0.721651	0.240071	0.973825	2.057827	-0.11319219209253788	3.9506172839506166e-05	0.9738112688064575
496680	-1.426692	-0.160678	0.723353	0.240102	0.974424	2.061334	-0.11324024647474289	2.6337448559670777e-05	0.9744210243225098
496800	-1.425518	-0.159888	0.723261	0.240384	0.975243	2.061144	-0.11330616176128387	2.6337448559670777e-05	0.9752373099327087
496920	-1.425877	-0.159135	0.723701	0.240298	0.976195	2.062052	-0.11337535828351974	5.925925925925925e-05	0.9761838912963867
497040	-1.425534	-0.158600	0.722593	0.240380	0.976545	2.059767	-0.11342761293053627	1.7558299039780518e-05	0.9765434861183167
497160	-1.426396	-0.158068	0.721011	0.240173	0.977088	2.056511	-0.11347283460199833	3.9506172839506166e-05	0.9770804047584534
497280	-1.424607	-0.157303	0.721128	0.240603	0.977878	2.056752	-0.11354081034660339	2.6337448559670777e-05	0.977870523929596
497400	-1.423539	-0.156990	0.721123	0.240860	0.978135	2.056742	-0.11357931904494763	5.925925925925925e-05	0.9781367182731628
497520	-1.423475	-0.156419	0.721515	0.240876	0.978770	2.057549	-0.11362301632761955	5.925925925925925e-05	0.9787688255310059
497640	-1.424639	-0.155683	0.719870	0.240595	0.979666	2.054166	-0.11368144266307353	3.9506172839506166e-05	0.9796509146690369
497760	-1.424314	-0.155254	0.720201	0.240674	0.980069	2.054845	-0.11372699923813342	5.925925925925925e-05	0.9800625443458557
497880	-1.423954	-0.154407	0.721251	0.240760	0.981020	2.057005	-0.11380161978304386	3.9506172839506166e-05	0.9810171127319336
498000	-1.424882	-0.153870	0.722356	0.240537	0.981727	2.059280	-0.11385508477687836	2.6337448559670777e-05	0.9817239046096802
498120	-1.425746	-0.153304	0.723607	0.240329	0.982431	2.061857	-0.1138956107199192	5.925925925925925e-05	0.9824167490005493
498240	-1.426041	-0.152511	0.723202	0.240258	0.983164	2.061022	-0.11397116370499134	5.925925925925925e-05	0.9831558465957642
498360	-1.424737	-0.151975	0.724103	0.240572	0.983694	2.062879	-0.11401463449001312	2.6337448559670777e-05	0.9836769104003906
498480	-1.424494	-0.151086	0.725121	0.240630	0.984565	2.064981	-0.11410318911075593	5.925925925925925e-05	0.9845635294914246
498600	-1.423486	-0.150413	0.725880	0.240873	0.985189	2.066549	-0.11415999345481395	3.9506172839506166e-05	0.9851807355880737
498720	-1.422625	-0.149656	0.726400	0.241080	0.986057	2.067625	-0.1142304141074419	3.9506172839506166e-05	0.9860538244247437
498840	-1.421629	-0.149250	0.727483	0.241321	0.986506	2.069865	-0.11426718160510063	5.925925925925925e-05	0.9864985942840576
498960	-1.422357	-0.148736	0.727449	0.241145	0.987215	2.069794	-0.11431385576725006	2.6337448559670777e-05	0.9872104525566101
499080	-1.423288	-0.148449	0.728147	0.240920	0.987460	2.071238	-0.1143412709236145	2.6337448559670777e-05	0.9874579310417175
499200	-1.423146	-0.147772	0.728906	0.240955	0.988092	2.072813	-0.11439916267991065	3.9506172839506166e-05	0.988084614276886
499320	-1.423034	-0.147225	0.730366	0.240982	0.989062	2.075840	-0.11444544196128845	5.925925925925925e-05	0.9890466928482056
499440	-1.422155	-0.146630	0.729415	0.241194	0.989558	2.073867	-0.11450194008648396	3.9506172839506166e-05	0.9895508289337158
499560	-1.421914	-0.146037	0.730657	0.241252	0.990223	2.076443	-0.11455336809158326	3.9506172839506166e-05	0.9902135133743286
499680	-1.421088	-0.145588	0.730098	0.241451	0.990708	2.075283	-0.11459462605416774	3.9506172839506166e-05	0.9906980991363525
499800	-1.421727	-0.144905	0.730186	0.241297	0.991563	2.075466	-0.11465690471231937	3.9506172839506166e-05	0.991554319858551
499920	-1.422703	-0.144287	0.731403	0.241062	0.992355	2.077995	-0.11471190489828587	2.6337448559670777e-05	0.9923498630523682
500040	-1.423766	-0.143961	0.733283	0.240805	0.992768	2.081905	-0.11474152244627475	3.9506172839506166e-05	0.9927560091018677
500160	-1.423394	-0.143095	0.733869	0.240895	0.993813	2.083126	-0.11482181213796139	3.9506172839506166e-05	0.993806004524231
500280	-1.423419	-0.142522	0.733210	0.240889	0.994478	2.081752	-0.11487949192523957	2.6337448559670777e-05	0.9944783449172974
500400	-1.423006	-0.141995	0.734216	0.240989	0.995041	2.083848	-0.11491789072751998	2.6337448559670777e-05	0.9950348138809204
500520	-1.422513	-0.141460	0.734832	0.241107	0.995491	2.085131	-0.11497783698141575	2.6337448559670777e-05	0.9954943656921387
500640	-1.423446	-0.141253	0.734871	0.240883	0.995658	2.085213	-0.11497979052364826	5.925925925925925e-05	0.9956467747688293
500760	-1.422941	-0.141240	0.735976	0.241004	0.995654	2.087518	-0.11499616988003254	2.6337448559670777e-05	0.995659351348877
500880	-1.420671	-0.140678	0.735434	0.241552	0.996355	2.086387	-0.11503651440143585	2.6337448559670777e-05	0.9963505268096924
501000	-1.421134	-0.140232	0.734743	0.241440	0.996884	2.084946	-0.11507496237754822	2.6337448559670777e-05	0.99687659740448
501120	-1.421898	-0.139490	0.737013	0.241256	0.997720	2.089684	-0.11514193192124367	2.6337448559670777e-05	0.9977108240127563
501240	-1.421427	-0.138397	0.738057	0.241369	0.999041	2.091868	-0.11524338461458683	3.9506172839506166e-05	0.9990333914756775
501360	-1.420806	-0.137930	0.737615	0.241519	0.999474	2.090943	-0.11527830064296722	3.9506172839506166e-05	0.9994604587554932
501480	-1.420283	-0.136702	0.738563	0.241646	1.000573	2.092926	-0.11538311578333378	3.9506172839506166e-05	1.0005532503128052
501600	-1.420912	-0.136400	0.739078	0.241494	1.000734	2.094005	-0.11541998647153377	3.9506172839506166e-05	1.0007246732711792
501720	-1.420204	-0.135736	0.740348	0.241665	1.001449	2.096665	-0.11548575535416603	2.6337448559670777e-05	1.0014454126358032
501840	-1.420798	-0.134879	0.741719	0.241521	1.002526	2.099541	-0.11556105613708496	3.9506172839506166e-05	1.0025193691253662
501960	-1.420331	-0.134282	0.742431	0.241634	1.003199	2.101037	-0.11561175100505353	5.925925925925925e-05	1.0031901597976685
502080	-1.420779	-0.133721	0.744452	0.241526	1.003858	2.105289	-0.11567066162824631	2.6337448559670777e-05	1.00385582447052
502200	-1.420012	-0.133315	0.743795	0.241711	1.004413	2.103906	-0.11570147387683391	2.6337448559670777e-05	1.004412055015564
502320	-1.419396	-0.133019	0.742574	0.241860	1.004697	2.101338	-0.11572477407753468	2.6337448559670777e-05	1.0046879053115845
502440	-1.418738	-0.132527	0.742173	0.242019	1.005197	2.100496	-0.11577697843313217	1.7558299039780518e-05	1.0051981210708618
502560	-1.419119	-0.131926	0.743430	0.241927	1.005982	2.103137	-0.11581918597221375	3.9506172839506166e-05	1.0059763193130493
502680	-1.418162	-0.131421	0.743580	0.242159	1.006450	2.103453	-0.11586850881576538	3.9506172839506166e-05	1.0064435005187988
502800	-1.418837	-0.130896	0.744366	0.241995	1.007086	2.105106	-0.11591612622141838	3.9506172839506166e-05	1.0070786476135254
502920	-1.418921	-0.130005	0.745610	0.241975	1.008051	2.107726	-0.11600183472037315	3.9506172839506166e-05	1.0080491304397583
503040	-1.419071	-0.129326	0.745780	0.241939	1.008730	2.108086	-0.1160475380718708	5.925925925925925e-05	1.0087107419967651
503160	-1.419286	-0.128662	0.746248	0.241887	1.009364	2.109071	-0.11612487249076367	5.925925925925925e-05	1.009361982345581
503280	-1.419526	-0.127880	0.748445	0.241829	1.010259	2.113711	-0.11618772484362125	2.6337448559670777e-05	1.0102523565292358
503400	-1.418917	-0.127104	0.749427	0.241976	1.011052	2.115788	-0.11626539044082165	1.7558299039780518e-05	1.0110548734664917
503520	-1.418657	-0.126273	0.751924	0.242039	1.012014	2.121076	-0.11632809229195118	2.6337448559670777e-05	1.012001395225525
503640	-1.418757	-0.125539	0.754346	0.242015	1.013000	2.126221	-0.11640701480209828	2.6337448559670777e-05	1.0130020380020142
503760	-1.419420	-0.125077	0.754645	0.241854	1.013562	2.126855	-0.11644060239195823	3.9506172839506166e-05	1.0135565996170044
503880	-1.418970	-0.124799	0.755313	0.241963	1.013688	2.128277	-0.11647289507091045	2.6337448559670777e-05	1.013688087463379
504000	-1.417981	-0.124727	0.755242	0.242203	1.013654	2.128127	-0.11647375635802745	2.6337448559670777e-05	1.0136501789093018
504120	-1.416335	-0.123826	0.756955	0.242601	1.014591	2.131774	-0.11654286570847035	2.6337448559670777e-05	1.0145779848098755
504240	-1.416751	-0.123326	0.759004	0.242501	1.015240	2.136148	-0.1165967456996441	2.6337448559670777e-05	1.015231966972351
504360	-1.416583	-0.122423	0.760129	0.242541	1.016210	2.138551	-0.11667775064706802	2.6337448559670777e-05	1.0162034034729004
504480	-1.415943	-0.121808	0.760639	0.242697	1.016857	2.139642	-0.11673502922058106	2.6337448559670777e-05	1.0168510675430298
504600	-1.414784	-0.120981	0.761651	0.242978	1.017751	2.141810	-0.11681122481822967	3.9506172839506166e-05	1.017747163772583
504720	-1.414588	-0.120125	0.762239	0.243026	1.018682	2.143070	-0.11688346937298774	2.6337448559670777e-05	1.0186737775802612
504840	-1.416349	-0.119532	0.763870	0.242598	1.019627	2.146568	-0.1169355906546116	5.925925925925925e-05	1.0196070671081543
504960	-1.416280	-0.118623	0.764084	0.242615	1.020544	2.147028	-0.11702403500676155	2.6337448559670777e-05	1.020543098449707
505080	-1.417413	-0.118278	0.764250	0.242340	1.020918	2.147384	-0.11705804839730263	2.6337448559670777e-05	1.020913004875183
505200	-1.416973	-0.117954	0.765380	0.242447	1.021410	2.149812	-0.1170828640460968	5.925925925925925e-05	1.0213977098464966
505320	-1.417294	-0.117772	0.765324	0.242369	1.021604	2.149690	-0.11710051372647286	2.6337448559670777e-05	1.0215989351272583
505440	-1.417026	-0.117192	0.766797	0.242434	1.022279	2.152859	-0.11715469174087048	5.925925925925925e-05	1.022277593612671
505560	-1.415776	-0.116812	0.769159	0.242737	1.022680	2.157952	-0.11718134880065918	2.6337448559670777e-05	1.0226706266403198
505680	-1.415210	-0.116285	0.769320	0.242874	1.023202	2.158299	-0.11723396666347981	3.9506172839506166e-05	1.023193597793579
505800	-1.416252	-0.115577	0.769991	0.242622	1.023954	2.159746	-0.11729383915662765	3.9506172839506166e-05	1.0239458084106445
505920	-1.416810	-0.115099	0.770959	0.242486	1.024555	2.161839	-0.11733813993632794	2.6337448559670777e-05	1.0245447158813477
506040	-1.417627	-0.114067	0.771742	0.242288	1.025875	2.163532	-0.11742597632110119	2.6337448559670777e-05	1.0258671045303345
506160	-1.415931	-0.113336	0.773323	0.242700	1.026713	2.166955	-0.11749717369675636	3.9506172839506166e-05	1.0267068147659302
506280	-1.415316	-0.112840	0.772807	0.242849	1.027333	2.165836	-0.11754566878080368	2.6337448559670777e-05	1.027332067489624
506400	-1.415553	-0.112502	0.773481	0.242791	1.027936	2.167297	-0.1175689771771431	2.6337448559670777e-05	1.027924656867981
506520	-1.414968	-0.111652	0.774144	0.242933	1.028975	2.168736	-0.11764984354376792	5.925925925925925e-05	1.0289654731750488
506640	-1.414430	-0.111010	0.776727	0.243064	1.029678	2.174344	-0.11770331971347332	2.6337448559670777e-05	1.0296661853790283
506760	-1.414407	-0.110451	0.778839	0.243070	1.030315	2.178941	-0.11775408685207367	2.6337448559670777e-05	1.0303062200546265
506880	-1.412276	-0.110067	0.778862	0.243588	1.030869	2.178990	-0.11780062690377235	3.9506172839506166e-05	1.0308716297149658
507000	-1.412659	-0.109547	0.779913	0.243495	1.031397	2.181284	-0.11784139797091484	2.6337448559670777e-05	1.0313926935195923
507120	-1.413060	-0.109104	0.781491	0.243397	1.031982	2.184728	-0.11787441335618495	3.9506172839506166e-05	1.0319701433181763
507240	-1.412925	-0.108846	0.783284	0.243430	1.032259	2.188648	-0.11790889389812946	3.9506172839506166e-05	1.0322601795196533
507360	-1.413958	-0.107914	0.783322	0.243179	1.033110	2.188731	-0.11798332147300243	2.6337448559670777e-05	1.0331038236618042
507480	-1.413741	-0.107327	0.784958	0.243232	1.033839	2.192316	-0.11804224960505963	3.9506172839506166e-05	1.0338362455368042
507600	-1.413245	-0.106341	0.785144	0.243352	1.034873	2.192723	-0.11812642849981785	2.6337448559670777e-05	1.0348652601242065
507720	-1.413499	-0.105647	0.786780	0.243290	1.035777	2.196313	-0.11819071657955646	2.6337448559670777e-05	1.0357722043991089
507840	-1.414030	-0.105329	0.787512	0.243161	1.036140	2.197920	-0.11821476146578788	2.6337448559670777e-05	1.0361254215240479
507960	-1.411645	-0.104486	0.789513	0.243742	1.037019	2.202324	-0.11829203255474567	5.925925925925925e-05	1.0370069742202759
508080	-1.410740	-0.104107	0.789358	0.243963	1.037540	2.201982	-0.11833902075886726	3.9506172839506166e-05	1.0375460386276245
508200	-1.411204	-0.103953	0.789552	0.243850	1.037885	2.202410	-0.11834311857819557	5.925925925925925e-05	1.037872552871704
508320	-1.411735	-0.103327	0.789921	0.243720	1.038680	2.203222	-0.11839817687869073	2.6337448559670777e-05	1.0386747121810913
508440	-1.410137	-0.102903	0.790713	0.244110	1.039193	2.204968	-0.11844407804310322	5.925925925925925e-05	1.0391916036605835
508560	-1.408131	-0.102082	0.789578	0.244600	1.040026	2.202466	-0.11850562989711762	3.9506172839506166e-05	1.04002046585083
508680	-1.407776	-0.101354	0.790058	0.244687	1.040874	2.203523	-0.11857837624847889	3.9506172839506166e-05	1.0408673286437988
508800	-1.408840	-0.100074	0.792476	0.244427	1.042318	2.208858	-0.11868365593254566	2.6337448559670777e-05	1.042306661605835
508920	-1.410263	-0.099454	0.792547	0.244079	1.043113	2.209016	-0.11874391101300716	3.9506172839506166e-05	1.0430999994277954
509040	-1.410137	-0.099077	0.793278	0.244110	1.043573	2.210632	-0.11878052465617657	5.925925925925925e-05	1.043561577796936
509160	-1.411682	-0.098588	0.793301	0.243733	1.044122	2.210681	-0.11882654391229153	2.6337448559670777e-05	1.0441163778305054
509280	-1.413413	-0.097658	0.795695	0.243311	1.045294	2.215981	-0.1189062710851431	5.925925925925925e-05	1.0452816486358643
509400	-1.414633	-0.096893	0.796651	0.243015	1.046132	2.218100	-0.11897541843354702	2.6337448559670777e-05	1.046122670173645
509520	-1.414512	-0.096133	0.797242	0.243044	1.046932	2.219412	-0.1190533421933651	2.6337448559670777e-05	1.0469307899475098
509640	-1.413608	-0.095995	0.796845	0.243264	1.047311	2.218530	-0.11905989460647107	5.925925925925925e-05	1.047298550605774
509760	-1.412485	-0.095886	0.796547	0.243537	1.047532	2.217870	-0.11907428540289403	5.925925925925925e-05	1.0475261211395264
509880	-1.411540	-0.095223	0.798345	0.243768	1.048274	2.221860	-0.11911989562213421	2.6337448559670777e-05	1.0482670068740845
510000	-1.411620	-0.094930	0.799000	0.243748	1.048615	2.223316	-0.11915432624518871	3.9506172839506166e-05	1.0486035346984863
510120	-1.413307	-0.094617	0.798964	0.243337	1.049178	2.223236	-0.11918412409722805	3.9506172839506166e-05	1.0491689443588257
510240	-1.411974	-0.094099	0.800337	0.243662	1.049944	2.226292	-0.11922549195587635	3.9506172839506166e-05	1.0499380826950073
510360	-1.412887	-0.094251	0.801163	0.243439	1.049907	2.228132	-0.1192198134958744	5.925925925925925e-05	1.0499048233032227
510480	-1.412271	-0.093276	0.802183	0.243590	1.051124	2.230405	-0.11929951682686805	2.6337448559670777e-05	1.051114559173584
510600	-1.411948	-0.092574	0.803518	0.243668	1.051882	2.233385	-0.11936542801558972	3.9506172839506166e-05	1.0518742799758911
510720	-1.414277	-0.092195	0.804368	0.243101	1.052541	2.235283	-0.11939672492444516	3.9506172839506166e-05	1.0525288581848145
510840	-1.414499	-0.091966	0.803947	0.243047	1.052669	2.234343	-0.11942946426570415	5.925925925925925e-05	1.0526715517044067
510960	-1.415106	-0.091842	0.803382	0.242900	1.052876	2.233081	-0.11943029575049877	2.6337448559670777e-05	1.0528658628463745
511080	-1.413839	-0.091298	0.804911	0.243208	1.053524	2.236498	-0.11947983391582966	3.9506172839506166e-05	1.0535105466842651
511200	-1.413606	-0.090531	0.804673	0.243265	1.054271	2.235965	-0.11955312825739384	5.925925925925925e-05	1.054267168045044
511320	-1.413370	-0.089940	0.806118	0.243322	1.055148	2.239198	-0.11961125284433365	3.9506172839506166e-05	1.0551451444625854
511440	-1.415571	-0.089733	0.807154	0.242787	1.055752	2.241519	-0.11962693110108376	2.6337448559670777e-05	1.0557489395141602
511560	-1.415469	-0.089223	0.807083	0.242812	1.056433	2.241360	-0.11966491006314754	5.925925925925925e-05	1.0564206838607788
511680	-1.416173	-0.088463	0.807404	0.242641	1.057155	2.242080	-0.11973160430788994	2.6337448559670777e-05	1.0571463108062744
511800	-1.417131	-0.087793	0.806515	0.242408	1.057866	2.240087	-0.11979389823973179	3.9506172839506166e-05	1.057856559753418
511920	-1.418772	-0.087136	0.806436	0.242011	1.058654	2.239911	-0.11985400021076202	3.9506172839506166e-05	1.058641791343689
512040	-1.419335	-0.086766	0.808120	0.241875	1.059141	2.243687	-0.11988856121897698	2.6337448559670777e-05	1.05913507938385
512160	-1.419573	-0.086110	0.808599	0.241817	1.060061	2.244761	-0.11994086913764476	2.6337448559670777e-05	1.0600495338439941
512280	-1.419120	-0.085589	0.809173	0.241927	1.060645	2.246051	-0.11999277770519257	2.6337448559670777e-05	1.060638666152954
512400	-1.419394	-0.084921	0.810130	0.241861	1.061493	2.248200	-0.12005537748336792	2.6337448559670777e-05	1.0614877939224243
512520	-1.418614	-0.084078	0.811957	0.242049	1.062651	2.252312	-0.12012450471520424	3.9506172839506166e-05	1.062635064125061
512640	-1.418657	-0.083326	0.811664	0.242039	1.063710	2.251652	-0.12019879408180714	2.6337448559670777e-05	1.0637043714523315
512760	-1.417694	-0.083074	0.809924	0.242272	1.063915	2.247737	-0.12022384256124496	2.6337448559670777e-05	1.0639145374298096
512880	-1.419573	-0.082907	0.811688	0.241817	1.064343	2.251705	-0.12023554779589177	3.9506172839506166e-05	1.0643316507339478
513000	-1.418722	-0.082483	0.812475	0.242023	1.064862	2.253479	-0.12027587071061134	2.6337448559670777e-05	1.0648536682128906
513120	-1.418924	-0.082160	0.813392	0.241974	1.065404	2.255547	-0.12030408605933189	2.6337448559670777e-05	1.0653949975967407
513240	-1.418394	-0.081577	0.815377	0.242103	1.066129	2.260027	-0.1203573402017355	5.925925925925925e-05	1.0661207437515259
513360	-1.417520	-0.080658	0.818355	0.242314	1.067405	2.266769	-0.12044016532599926	3.9506172839506166e-05	1.067397952079773
513480	-1.417195	-0.080204	0.820794	0.242393	1.068094	2.272304	-0.12048208974301815	2.6337448559670777e-05	1.068088173866272
513600	-1.417367	-0.079315	0.819943	0.242351	1.068956	2.270370	-0.12055837661027909	2.6337448559670777e-05	1.068949818611145
513720	-1.416041	-0.078806	0.820488	0.242673	1.069399	2.271607	-0.12061110958456993	2.6337448559670777e-05	1.0693978071212769
513840	-1.414669	-0.078124	0.821724	0.243006	1.069991	2.274418	-0.12066481746733189	2.6337448559670777e-05	1.0699822902679443
513960	-1.414725	-0.077520	0.823273	0.242992	1.070797	2.277942	-0.1207175362855196	3.9506172839506166e-05	1.0707818269729614
514080	-1.415314	-0.076792	0.823507	0.242849	1.071770	2.278477	-0.12079081274569034	3.9506172839506166e-05	1.0717658996582031
514200	-1.415686	-0.076332	0.823951	0.242759	1.072389	2.279488	-0.1208346962928772	2.6337448559670777e-05	1.0723870992660522
514320	-1.416075	-0.076187	0.824661	0.242665	1.072817	2.281107	-0.12084954157471657	3.9506172839506166e-05	1.0728116035461426
514440	-1.416550	-0.075785	0.826154	0.242549	1.073565	2.284515	-0.12087836973369122	5.925925925925925e-05	1.0735591650009155
514560	-1.416894	-0.075333	0.828615	0.242466	1.074206	2.290145	-0.12092689052224159	5.925925925925925e-05	1.0742051601409912
514680	-1.417791	-0.074509	0.831846	0.242248	1.075392	2.297556	-0.12098753862082959	2.6337448559670777e-05	1.0753816366195679
514800	-1.415974	-0.073591	0.832594	0.242689	1.076478	2.299275	-0.12107622288167477	2.6337448559670777e-05	1.0764719247817993
514920	-1.414743	-0.072974	0.833144	0.242988	1.077165	2.300540	-0.12112826257944107	2.6337448559670777e-05	1.077154278755188
515040	-1.414715	-0.072816	0.833495	0.242995	1.077532	2.301348	-0.12114943228662015	3.9506172839506166e-05	1.0775296688079834
515160	-1.414287	-0.072341	0.837103	0.243099	1.078307	2.309666	-0.12118326127529144	5.925925925925925e-05	1.0782878398895264
515280	-1.412345	-0.071708	0.838920	0.243571	1.079115	2.313866	-0.12125233709812164	5.925925925925925e-05	1.0791188478469849
515400	-1.411228	-0.071202	0.838901	0.243844	1.079782	2.313822	-0.12128911092877388	3.9506172839506166e-05	1.0797706842422485
515520	-1.410333	-0.070557	0.840172	0.244062	1.080636	2.316765	-0.12135475687682629	3.9506172839506166e-05	1.080631136894226
515640	-1.410961	-0.069872	0.840216	0.243909	1.081608	2.316868	-0.1214099746197462	3.9506172839506166e-05	1.0816044807434082
515760	-1.410282	-0.069053	0.839999	0.244074	1.082453	2.316364	-0.12148841954767704	5.925925925925925e-05	1.0824536085128784
515880	-1.412040	-0.068823	0.840689	0.243646	1.082958	2.317965	-0.12150474786758422	3.9506172839506166e-05	1.0829488039016724
516000	-1.413309	-0.068311	0.842939	0.243337	1.083771	2.323184	-0.12155470438301563	3.9506172839506166e-05	1.0837644338607788
516120	-1.414381	-0.067822	0.844026	0.243076	1.084677	2.325710	-0.12158567048609256	3.9506172839506166e-05	1.0846673250198364
516240	-1.413746	-0.066965	0.845166	0.243230	1.085549	2.328364	-0.12167066894471645	3.9506172839506166e-05	1.0855388641357422
516360	-1.412549	-0.066235	0.846418	0.243522	1.086298	2.331280	-0.12174077294766902	2.6337448559670777e-05	1.0862950086593628
516480	-1.411436	-0.065219	0.848406	0.243793	1.087395	2.335921	-0.1218266986310482	5.925925925925925e-05	1.087389588356018
516600	-1.410369	-0.064266	0.849930	0.244053	1.088583	2.339482	-0.12191255763173103	5.925925925925925e-05	1.0885677337646484
516720	-1.409152	-0.063422	0.853172	0.244350	1.089618	2.347080	-0.12198743186891078	5.925925925925925e-05	1.0896100997924805
516840	-1.409933	-0.062773	0.853527	0.244160	1.090512	2.347912	-0.12205267734825612	2.6337448559670777e-05	1.0905133485794067
516960	-1.409692	-0.062045	0.853240	0.244219	1.091233	2.347241	-0.1221091851592064	3.9506172839506166e-05	1.0912169218063354
517080	-1.409323	-0.061296	0.853834	0.244309	1.091970	2.348633	-0.12218145914375782	2.6337448559670777e-05	1.0919660329818726
517200	-1.408513	-0.060660	0.854501	0.244506	1.092814	2.350201	-0.12223510220646858	3.9506172839506166e-05	1.09280264377594
517320	-1.409314	-0.059858	0.856236	0.244311	1.093776	2.354282	-0.12232060320675373	3.9506172839506166e-05	1.0937836170196533
517440	-1.408921	-0.059299	0.854524	0.244407	1.094293	2.350254	-0.12236384488642216	3.9506172839506166e-05	1.0942906141281128
517560	-1.408865	-0.058606	0.856633	0.244420	1.095259	2.355218	-0.12242881096899509	5.925925925925925e-05	1.095253586769104
517680	-1.406267	-0.057833	0.858111	0.245056	1.096085	2.358701	-0.12248686216771602	5.925925925925925e-05	1.0960705280303955
517800	-1.405257	-0.057138	0.859446	0.245304	1.097033	2.361851	-0.12255503460764886	5.925925925925925e-05	1.097017526626587
517920	-1.404720	-0.056335	0.858655	0.245436	1.097736	2.359984	-0.12262298949062825	2.6337448559670777e-05	1.0977267026901245
518040	-1.405271	-0.055681	0.858276	0.245301	1.098543	2.359091	-0.12268311567604542	5.925925925925925e-05	1.0985356569290161
518160	-1.406489	-0.055567	0.858251	0.245002	1.098636	2.359031	-0.12270086593925952	5.925925925925925e-05	1.0986363887786865
518280	-1.405950	-0.054889	0.857914	0.245134	1.099470	2.358236	-0.12275614365935325	2.6337448559670777e-05	1.0994632244110107
518400	-1.404248	-0.054200	0.858781	0.245552	1.100188	2.360281	-0.12281906642019749	3.9506172839506166e-05	1.1001814603805542
518520	-1.404394	-0.053723	0.858671	0.245516	1.100844	2.360023	-0.12286789789795875	3.9506172839506166e-05	1.100841760635376
518640	-1.404592	-0.052859	0.859833	0.245467	1.101935	2.362766	-0.12294158004224301	5.925925925925925e-05	1.1019229888916016
518760	-1.403390	-0.052121	0.862905	0.245762	1.103128	2.370037	-0.12300150655210018	2.6337448559670777e-05	1.1031168699264526
518880	-1.403475	-0.051455	0.862837	0.245742	1.103843	2.369875	-0.12306817881762981	2.6337448559670777e-05	1.1038386821746826
519000	-1.402287	-0.050706	0.863572	0.246034	1.104523	2.371617	-0.12313644997775555	3.9506172839506166e-05	1.1045187711715698
519120	-1.402088	-0.050261	0.864052	0.246082	1.105017	2.372756	-0.1231791514903307	3.9506172839506166e-05	1.1050126552581787
519240	-1.402219	-0.050016	0.865196	0.246050	1.105506	2.375471	-0.12319610565900803	2.6337448559670777e-05	1.1054956912994385
519360	-1.400962	-0.049511	0.865701	0.246360	1.106259	2.376671	-0.12324636504054069	5.925925925925925e-05	1.106258749961853
519480	-1.401903	-0.049116	0.865581	0.246128	1.106807	2.376387	-0.12328503504395485	3.9506172839506166e-05	1.1068062782287598
519600	-1.402539	-0.048583	0.867377	0.245972	1.107532	2.380658	-0.12332840114831925	3.9506172839506166e-05	1.1075252294540405
519720	-1.402002	-0.047950	0.867375	0.246104	1.108173	2.380654	-0.12337128967046737	5.925925925925925e-05	1.108152151107788
519840	-1.400912	-0.047506	0.868854	0.246372	1.108772	2.384176	-0.12341621108353137	5.925925925925925e-05	1.1087607145309448
519960	-1.400425	-0.046988	0.870476	0.246492	1.109490	2.388047	-0.12347722128033638	3.9506172839506166e-05	1.1094887256622314
520080	-1.402316	-0.046846	0.871331	0.246026	1.109908	2.390091	-0.12348902933299541	2.6337448559670777e-05	1.1099045276641846
520200	-1.402063	-0.046637	0.871464	0.246089	1.110083	2.390408	-0.12350857257843018	5.925925925925925e-05	1.1100844144821167
520320	-1.402980	-0.045867	0.871640	0.245863	1.110809	2.390828	-0.12356227710843086	3.9506172839506166e-05	1.1107949018478394
520440	-1.404241	-0.045455	0.871371	0.245553	1.111539	2.390184	-0.12360947020351887	2.6337448559670777e-05	1.1115336418151855
520560	-1.404930	-0.044917	0.872513	0.245384	1.112234	2.392918	-0.12365140318870545	2.6337448559670777e-05	1.112223744392395
520680	-1.402078	-0.044449	0.872861	0.246085	1.112792	2.393749	-0.12370310164988041	5.925925925925925e-05	1.112790584564209
520800	-1.401086	-0.043846	0.870997	0.246329	1.113217	2.389293	-0.12375165037810802	3.9506172839506166e-05	1.1132149696350098
520920	-1.401275	-0.043052	0.871515	0.246283	1.114186	2.390531	-0.1238274808973074	5.925925925925925e-05	1.1141862869262695
521040	-1.401992	-0.042240	0.871721	0.246106	1.115131	2.391022	-0.12389903776347637	3.9506172839506166e-05	1.1151278018951416
521160	-1.402851	-0.041496	0.872740	0.245895	1.115849	2.393460	-0.1239614836871624	3.9506172839506166e-05	1.115844488143921
521280	-1.402062	-0.040992	0.874049	0.246089	1.116630	2.396594	-0.1240056499838829	3.9506172839506166e-05	1.1166120767593384
521400	-1.402149	-0.040539	0.874401	0.246068	1.117314	2.397438	-0.1240500096231699	5.925925925925925e-05	1.1173096895217896
521520	-1.402592	-0.039561	0.877366	0.245959	1.118558	2.404557	-0.12411898523569107	3.9506172839506166e-05	1.1185345649719238
521640	-1.402642	-0.039039	0.876736	0.245946	1.119161	2.403043	-0.12419023029506207	3.9506172839506166e-05	1.119161605834961
521760	-1.402800	-0.038837	0.875311	0.245907	1.119179	2.399621	-0.12420618943870068	2.6337448559670777e-05	1.119175672531128
521880	-1.404281	-0.038380	0.876013	0.245543	1.119761	2.401308	-0.12423093393445014	2.6337448559670777e-05	1.1197447776794434
522000	-1.403090	-0.038007	0.876999	0.245836	1.119958	2.403676	-0.12428490705788135	3.9506172839506166e-05	1.1199623346328735
522120	-1.402897	-0.037476	0.876937	0.245884	1.120649	2.403527	-0.12433320507407189	5.925925925925925e-05	1.1206505298614502
522240	-1.403255	-0.037317	0.877222	0.245796	1.120950	2.404211	-0.12433939203619956	3.9506172839506166e-05	1.1209427118301392
522360	-1.402768	-0.036751	0.875448	0.245915	1.121456	2.399951	-0.12439349181950092	3.9506172839506166e-05	1.1214604377746582
522480	-1.403672	-0.035737	0.880092	0.245693	1.122914	2.411120	-0.12447816915810109	2.6337448559670777e-05	1.1229013204574585
522600	-1.403842	-0.035102	0.881380	0.245651	1.123775	2.414229	-0.1245377566665411	3.9506172839506166e-05	1.1237645149230957
522720	-1.404245	-0.034623	0.882291	0.245552	1.124473	2.416430	-0.12457472495734692	5.925925925925925e-05	1.124457597732544
522840	-1.404204	-0.034178	0.882348	0.245562	1.124803	2.416568	-0.12461688481271267	5.925925925925925e-05	1.1247936487197876
522960	-1.404780	-0.033782	0.884356	0.245421	1.125337	2.421424	-0.12466370463371276	5.925925925925925e-05	1.1253361701965332
523080	-1.404572	-0.032840	0.883758	0.245472	1.126359	2.419976	-0.1247419636696577	2.6337448559670777e-05	1.1263529062271118
523200	-1.404103	-0.032677	0.883490	0.245587	1.126818	2.419327	-0.12475893385708332	5.925925925925925e-05	1.1268049478530884
523320	-1.403612	-0.031894	0.883285	0.245708	1.127637	2.418834	-0.1248238280415535	5.925925925925925e-05	1.1276259422302246
523440	-1.403547	-0.031148	0.883260	0.245724	1.128498	2.418772	-0.1248980700969696	3.9506172839506166e-05	1.1284962892532349
523560	-1.403681	-0.030740	0.883899	0.245691	1.129090	2.420319	-0.12493375912308693	5.925925925925925e-05	1.1290839910507202
523680	-1.406722	-0.030867	0.885127	0.244945	1.129547	2.423292	-0.12493255659937859	5.925925925925925e-05	1.1295560598373413
523800	-1.405298	-0.029561	0.885651	0.245294	1.130845	2.424562	-0.1250390127301216	3.9506172839506166e-05	1.1308412551879883
523920	-1.404605	-0.028600	0.888656	0.245464	1.132275	2.431858	-0.12511979788541794	5.925925925925925e-05	1.1322633028030396
524040	-1.403746	-0.027460	0.890319	0.245675	1.133780	2.435906	-0.12523091360926628	5.925925925925925e-05	1.1337720155715942
524160	-1.404018	-0.026734	0.891811	0.245608	1.134704	2.439544	-0.1252875916659832	8.888888888888888e-05	1.1346899271011353
524280	-1.404879	-0.025896	0.895061	0.245397	1.136145	2.447486	-0.1253623604774475	3.9506172839506166e-05	1.1361349821090698
524400	-1.403764	-0.024804	0.895811	0.245671	1.137458	2.449321	-0.12545956298708916	2.6337448559670777e-05	1.1374483108520508
524520	-1.406399	-0.024103	0.895477	0.245024	1.138351	2.448504	-0.125531854480505	3.9506172839506166e-05	1.1383501291275024
524640	-1.406605	-0.023667	0.895944	0.244974	1.138839	2.449647	-0.12556969448924066	5.925925925925925e-05	1.1388354301452637
524760	-1.407725	-0.023266	0.898369	0.244699	1.139525	2.455595	-0.1256117306649685	5.925925925925925e-05	1.139519214630127
524880	-1.407704	-0.023061	0.898731	0.244705	1.139797	2.456483	-0.12562991082668304	5.925925925925925e-05	1.1397979259490967
525000	-1.405670	-0.022019	0.902361	0.245203	1.141026	2.465418	-0.12571136355400087	2.6337448559670777e-05	1.1410138607025146
525120	-1.407103	-0.021432	0.902948	0.244852	1.141966	2.466865	-0.12576665878295898	5.925925925925925e-05	1.1419445276260376
525240	-1.406386	-0.020432	0.904398	0.245027	1.143396	2.470444	-0.1258617863059044	5.925925925925925e-05	1.143388271331787
525360	-1.405902	-0.019873	0.906032	0.245146	1.143991	2.474484	-0.12590878084301949	3.9506172839506166e-05	1.1439738273620605
525480	-1.405121	-0.019412	0.907362	0.245337	1.144719	2.477778	-0.12595160603523253	5.925925925925925e-05	1.1447067260742188
525600	-1.404162	-0.018364	0.907486	0.245573	1.145968	2.478086	-0.1260346934199333	5.925925925925925e-05	1.1459497213363647
525720	-1.405090	-0.018326	0.906838	0.245345	1.146067	2.476481	-0.1260512389242649	2.6337448559670777e-05	1.1460665464401245
525840	-1.404293	-0.017890	0.906378	0.245540	1.146604	2.475340	-0.12608991116285323	3.9506172839506166e-05	1.1465950012207031
525960	-1.404332	-0.017263	0.906915	0.245531	1.147466	2.476670	-0.12614736706018448	5.925925925925925e-05	1.1474599838256836
526080	-1.405102	-0.016284	0.909126	0.245342	1.148813	2.482153	-0.1262331485748291	3.9506172839506166e-05	1.1488072872161865
526200	-1.404965	-0.015867	0.909277	0.245376	1.149432	2.482528	-0.12627958059310912	5.925925925925925e-05	1.1494371891021729
526320	-1.405138	-0.015411	0.911105	0.245333	1.150038	2.487070	-0.12631610855460168	5.925925925925925e-05	1.1500329971313477
526440	-1.405191	-0.014951	0.908724	0.245320	1.150283	2.481155	-0.12634440287947654	2.6337448559670777e-05	1.1502697467803955
526560	-1.403498	-0.014373	0.908676	0.245736	1.150964	2.481035	-0.12640568390488624	2.6337448559670777e-05	1.1509610414505005
526680	-1.404503	-0.013738	0.909399	0.245489	1.151945	2.482830	-0.12645830810070038	5.925925925925925e-05	1.151933193206787
526800	-1.405119	-0.013192	0.909021	0.245338	1.152649	2.481891	-0.12650964930653572	3.9506172839506166e-05	1.1526368856430054
526920	-1.405120	-0.012516	0.909182	0.245338	1.153428	2.482292	-0.12657440230250358	3.9506172839506166e-05	1.1534186601638794
527040	-1.404965	-0.011421	0.911587	0.245376	1.154970	2.488267	-0.12666598558425904	3.9506172839506166e-05	1.154962420463562
527160	-1.404674	-0.010786	0.912610	0.245447	1.155877	2.490814	-0.12672919034957886	2.6337448559670777e-05	1.1558690071105957
527280	-1.405699	-0.010290	0.914816	0.245196	1.156583	2.496316	-0.12677204981446266	5.925925925925925e-05	1.1565756797790527
527400	-1.405712	-0.009777	0.915053	0.245192	1.157292	2.496908	-0.12681033387780188	5.925925925925925e-05	1.1572749614715576
527520	-1.404605	-0.008853	0.915671	0.245464	1.158172	2.498450	-0.12690169364213943	5.925925925925925e-05	1.1581670045852661
527640	-1.403838	-0.008337	0.916722	0.245652	1.158755	2.501080	-0.12694754227995872	5.925925925925925e-05	1.1587499380111694
527760	-1.402065	-0.007729	0.915556	0.246088	1.159398	2.498164	-0.12700344920158385	5.925925925925925e-05	1.159386396408081
527880	-1.401072	-0.007231	0.915904	0.246333	1.160111	2.499033	-0.1270517773926258	3.9506172839506166e-05	1.160105586051941
528000	-1.400976	-0.006765	0.917507	0.246357	1.160779	2.503042	-0.12708665207028388	5.925925925925925e-05	1.160772681236267
528120	-1.399722	-0.006129	0.918316	0.246665	1.161254	2.505068	-0.12714539766311644	3.9506172839506166e-05	1.1612435579299927
528240	-1.399637	-0.005314	0.922006	0.246686	1.162168	2.514329	-0.12721484526991844	3.9506172839506166e-05	1.1621544361114502
528360	-1.400339	-0.004430	0.923729	0.246513	1.163179	2.518665	-0.12729805707931519	5.925925925925925e-05	1.163175344467163
528480	-1.399486	-0.003616	0.925247	0.246724	1.164149	2.522492	-0.1273739032447338	3.9506172839506166e-05	1.1641430854797363
528600	-1.399347	-0.003138	0.923468	0.246758	1.164783	2.518007	-0.12741929963231086	3.9506172839506166e-05	1.1647751331329346
528720	-1.398613	-0.003323	0.923560	0.246939	1.164885	2.518240	-0.12740793973207473	2.6337448559670777e-05	1.1648813486099243
528840	-1.398321	-0.002484	0.926001	0.247011	1.165986	2.524395	-0.1274760201573372	3.9506172839506166e-05	1.1659764051437378
528960	-1.398803	-0.002137	0.926584	0.246892	1.166611	2.525866	-0.12750612571835518	3.9506172839506166e-05	1.1666042804718018
529080	-1.397982	-0.001933	0.926541	0.247095	1.166742	2.525758	-0.1275215394794941	5.925925925925925e-05	1.1667250394821167
529200	-1.398138	-0.000972	0.927407	0.247056	1.167944	2.527946	-0.1275978058576584	8.888888888888888e-05	1.1679308414459229
529320	-1.396583	-0.000626	0.926166	0.247441	1.167978	2.524810	-0.12764766961336135	3.9506172839506166e-05	1.1679741144180298
529440	-1.396051	-0.000202	0.927267	0.247573	1.168524	2.527592	-0.12767499312758446	5.925925925925925e-05	1.1685065031051636
529560	-1.394999	0.000207	0.926427	0.247833	1.169043	2.525470	-0.1277167648077011	2.6337448559670777e-05	1.1690326929092407
529680	-1.394738	0.000957	0.927004	0.247898	1.169924	2.526926	-0.12779434025287628	2.6337448559670777e-05	1.169930338859558
529800	-1.393243	0.001108	0.926975	0.248269	1.170170	2.526855	-0.1278034768998623	5.925925925925925e-05	1.1701650619506836
529920	-1.391565	0.001699	0.928042	0.248686	1.171188	2.529552	-0.12785287722945213	3.9506172839506166e-05	1.17117440700531
530040	-1.392241	0.002498	0.929596	0.248518	1.172423	2.533486	-0.12792229130864144	5.925925925925925e-05	1.172410011291504
530160	-1.390942	0.003309	0.932549	0.248841	1.173479	2.540978	-0.12799353450536727	5.925925925925925e-05	1.1734617948532104
530280	-1.389296	0.003959	0.934213	0.249251	1.174433	2.545210	-0.12806072682142258	3.9506172839506166e-05	1.1744269132614136
530400	-1.389767	0.004005	0.935948	0.249133	1.174610	2.549630	-0.12806470170617104	2.6337448559670777e-05	1.1746084690093994
530520	-1.388913	0.004487	0.937701	0.249346	1.175322	2.554102	-0.12810775637626648	5.925925925925925e-05	1.1753267049789429
530640	-1.388072	0.004929	0.938178	0.249556	1.175711	2.555320	-0.12814357206225396	3.9506172839506166e-05	1.175710678100586
530760	-1.390523	0.005362	0.938924	0.248945	1.176521	2.557228	-0.12818325832486152	3.9506172839506166e-05	1.1765135526657104
530880	-1.391270	0.005604	0.938587	0.248759	1.176932	2.556366	-0.12820869013667108	2.6337448559670777e-05	1.1769284009933472
531000	-1.392762	0.006170	0.940084	0.248388	1.177880	2.560197	-0.12825684919953345	5.925925925925925e-05	1.177871823310852
531120	-1.392329	0.006418	0.939728	0.248496	1.178301	2.559285	-0.12827700600028039	3.9506172839506166e-05	1.1782922744750977
531240	-1.392369	0.006810	0.941588	0.248486	1.178994	2.564049	-0.12831755578517914	2.6337448559670777e-05	1.1789878606796265
531360	-1.391565	0.007217	0.943010	0.248686	1.179344	2.567699	-0.12835685536265373	5.925925925925925e-05	1.1793469190597534
531480	-1.390286	0.007715	0.945006	0.249004	1.179932	2.572830	-0.12839006558060645	5.925925925925925e-05	1.1799249649047852
531600	-1.389041	0.008730	0.947190	0.249314	1.181290	2.578453	-0.12847570031881334	3.9506172839506166e-05	1.1812758445739746
531720	-1.389214	0.009685	0.949588	0.249271	1.182685	2.584645	-0.12856639102101325	2.6337448559670777e-05	1.1826740503311157
531840	-1.388071	0.010104	0.950215	0.249556	1.183231	2.586266	-0.1286139518022537	5.925925925925925e-05	1.183228850364685
531960	-1.387214	0.010411	0.950046	0.249770	1.183543	2.585830	-0.12863260880112648	3.9506172839506166e-05	1.183537244796753
532080	-1.386324	0.010533	0.947877	0.249993	1.183552	2.580226	-0.12865169048309327	5.925925925925925e-05	1.1835514307022095
532200	-1.387115	0.010648	0.947868	0.249795	1.183923	2.580203	-0.12865839898586273	3.9506172839506166e-05	1.1839150190353394
532320	-1.386798	0.010968	0.948301	0.249874	1.184707	2.581320	-0.1286919243633747	5.925925925925925e-05	1.1847065687179565
532440	-1.386407	0.011487	0.948783	0.249972	1.185461	2.582565	-0.12872911393642425	2.6337448559670777e-05	1.1854501962661743
532560	-1.388999	0.012082	0.949308	0.249325	1.186390	2.583922	-0.12878051698207854	3.9506172839506166e-05	1.1863789558410645
532680	-1.389851	0.012327	0.950324	0.249112	1.186865	2.586547	-0.1288106083869934	3.9506172839506166e-05	1.1868585348129272
532800	-1.390191	0.012837	0.951365	0.249028	1.187593	2.589242	-0.12885259613394737	5.925925925925925e-05	1.1875841617584229
532920	-1.389980	0.013651	0.953964	0.249080	1.188882	2.595979	-0.1289231948554516	5.925925925925925e-05	1.1888636350631714
533040	-1.390143	0.014341	0.954606	0.249040	1.189705	2.597647	-0.12899492383003236	5.925925925925925e-05	1.1897053718566895
533160	-1.389871	0.014690	0.955422	0.249107	1.190290	2.599767	-0.12902233898639678	2.6337448559670777e-05	1.190281629562378
533280	-1.387865	0.015346	0.957555	0.249608	1.191126	2.605319	-0.1290816806256771	5.925925925925925e-05	1.1911126375198364
533400	-1.388421	0.016022	0.959255	0.249469	1.192076	2.609752	-0.12914507314562798	3.9506172839506166e-05	1.1920756101608276
533520	-1.387892	0.016746	0.960284	0.249601	1.192857	2.612439	-0.12920731976628302	5.925925925925925e-05	1.1928560733795166
533640	-1.388157	0.016859	0.962304	0.249535	1.193057	2.617721	-0.12921643629670143	5.925925925925925e-05	1.1930549144744873
533760	-1.388801	0.017294	0.963285	0.249374	1.193869	2.620290	-0.12925402149558068	2.6337448559670777e-05	1.1938635110855103
533880	-1.388961	0.018025	0.962294	0.249334	1.194600	2.617694	-0.1293101780116558	2.6337448559670777e-05	1.194584608078003
534000	-1.390709	0.018428	0.961906	0.248899	1.195242	2.616678	-0.12936308979988098	8.888888888888888e-05	1.1952435970306396
534120	-1.389099	0.019135	0.962170	0.249300	1.195824	2.617370	-0.12942442148923874	2.6337448559670777e-05	1.195826768875122
534240	-1.389406	0.019862	0.964835	0.249223	1.197118	2.624354	-0.12948958426713944	5.925925925925925e-05	1.1971166133880615
534360	-1.389368	0.020464	0.966572	0.249233	1.198024	2.628918	-0.12954092249274254	5.925925925925925e-05	1.1980180740356445
534480	-1.388848	0.021041	0.970519	0.249362	1.198865	2.639314	-0.1295937903225422	3.9506172839506166e-05	1.1988649368286133
534600	-1.388472	0.021515	0.972752	0.249456	1.199441	2.645213	-0.1296410880982876	5.925925925925925e-05	1.1994414329528809
534720	-1.387721	0.022475	0.971732	0.249644	1.200651	2.642518	-0.12971764355897902	2.6337448559670777e-05	1.2006398439407349
534840	-1.385984	0.023409	0.973002	0.250077	1.201636	2.645876	-0.12980052903294564	5.925925925925925e-05	1.201624870300293
534960	-1.387008	0.023820	0.975056	0.249822	1.202026	2.651316	-0.12984438315033914	5.925925925925925e-05	1.2020238637924194
535080	-1.386261	0.024818	0.976273	0.250008	1.203130	2.654544	-0.12993510961532592	3.9506172839506166e-05	1.2031296491622925
535200	-1.386564	0.025187	0.977579	0.249933	1.203640	2.658013	-0.12996889427304267	3.9506172839506166e-05	1.2036373615264893
535320	-1.386079	0.025883	0.977254	0.250054	1.204376	2.657150	-0.13002851083874703	2.6337448559670777e-05	1.2043735980987549
535440	-1.387138	0.026272	0.978195	0.249789	1.204892	2.659652	-0.1300661750137806	2.6337448559670777e-05	1.2048882246017456
535560	-1.386618	0.027437	0.980770	0.249919	1.206330	2.666508	-0.13016619011759759	3.9506172839506166e-05	1.2063188552856445
535680	-1.384941	0.028526	0.981230	0.250339	1.207646	2.667736	-0.1302558608353138	3.9506172839506166e-05	1.20763099193573
535800	-1.384134	0.029424	0.983041	0.250541	1.208886	2.672571	-0.1303456485271454	3.9506172839506166e-05	1.2088769674301147
535920	-1.383180	0.030207	0.984607	0.250780	1.210015	2.676760	-0.13042407855391502	5.925925925925925e-05	1.210017204284668
536040	-1.382923	0.031293	0.986635	0.250844	1.211464	2.682193	-0.13050343841314316	2.6337448559670777e-05	1.2114533185958862
536160	-1.383489	0.031866	0.987086	0.250702	1.212303	2.683404	-0.13055892214179038	2.6337448559670777e-05	1.2122876644134521
536280	-1.382815	0.032646	0.989195	0.250871	1.213269	2.689070	-0.13063816502690315	3.9506172839506166e-05	1.2132612466812134
536400	-1.383366	0.032965	0.989904	0.250733	1.213750	2.690976	-0.13067386001348497	2.6337448559670777e-05	1.2137547731399536
536520	-1.384064	0.033572	0.991685	0.250558	1.214538	2.695773	-0.13072269558906555	2.6337448559670777e-05	1.214532494544983
536640	-1.385298	0.034191	0.992484	0.250249	1.215278	2.697928	-0.13077084571123124	3.9506172839506166e-05	1.2152684926986694
536760	-1.385460	0.034852	0.993322	0.250209	1.216145	2.700190	-0.1308332845568657	2.6337448559670777e-05	1.2161369323730469
536880	-1.386601	0.035390	0.992895	0.249923	1.216710	2.699037	-0.13088128492236137	5.925925925925925e-05	1.216691255569458
537000	-1.384801	0.036158	0.994079	0.250374	1.217634	2.702234	-0.13095832988619804	5.925925925925925e-05	1.2176287174224854
537120	-1.385045	0.036534	0.993978	0.250313	1.218072	2.701963	-0.13098637089133264	5.925925925925925e-05	1.2180742025375366
537240	-1.383167	0.037461	0.995342	0.250783	1.219345	2.705648	-0.13107102438807489	2.6337448559670777e-05	1.2193388938903809
537360	-1.382770	0.037811	0.995269	0.250883	1.219858	2.705453	-0.131102354824543	5.925925925925925e-05	1.2198500633239746
537480	-1.382096	0.038865	0.996065	0.251052	1.221179	2.707608	-0.1311904028058052	5.925925925925925e-05	1.2211614847183228
537600	-1.381894	0.039932	0.997057	0.251102	1.222529	2.710293	-0.13128406703472137	2.6337448559670777e-05	1.2225157022476196
537720	-1.382585	0.040558	0.996845	0.250929	1.223223	2.709718	-0.13134617060422898	2.6337448559670777e-05	1.2232136726379395
537840	-1.382825	0.041318	0.996495	0.250869	1.223880	2.708771	-0.13141872137784957	5.925925925925925e-05	1.223878264427185
537960	-1.381208	0.041919	0.997373	0.251275	1.224677	2.711150	-0.131474831700325	3.9506172839506166e-05	1.224672794342041
538080	-1.381517	0.042674	0.998232	0.251197	1.225670	2.713481	-0.13153993263840674	5.925925925925925e-05	1.225663661956787
538200	-1.383338	0.043422	0.998003	0.250740	1.226530	2.712859	-0.13160233199596405	5.925925925925925e-05	1.2265156507492065
538320	-1.384434	0.044194	0.999459	0.250466	1.227701	2.716811	-0.13167086541652678	5.925925925925925e-05	1.2276870012283325
538440	-1.383306	0.045096	1.001213	0.250748	1.229092	2.721582	-0.13175373077392577	3.9506172839506166e-05	1.2290773391723633
538560	-1.382838	0.045733	1.001614	0.250866	1.230031	2.722672	-0.131821259111166	5.925925925925925e-05	1.2300376892089844
538680	-1.383332	0.046270	1.002334	0.250742	1.230624	2.724635	-0.13186732605099677	3.9506172839506166e-05	1.2306264638900757
538800	-1.384853	0.046903	1.001960	0.250361	1.231582	2.723615	-0.13193027824163436	3.9506172839506166e-05	1.2315919399261475
538920	-1.385788	0.047734	1.002178	0.250127	1.232743	2.724208	-0.13199215903878211	2.6337448559670777e-05	1.2327349185943604
539040	-1.384943	0.048077	1.003581	0.250338	1.233229	2.728033	-0.13203359097242356	5.925925925925925e-05	1.2332360744476318
539160	-1.384166	0.048390	1.003721	0.250533	1.233613	2.728416	-0.13204622268676758	5.925925925925925e-05	1.2335962057113647
539280	-1.384046	0.049356	1.006020	0.250563	1.234943	2.734696	-0.13213751688599587	2.6337448559670777e-05	1.2349392175674438
539400	-1.384934	0.049951	1.007673	0.250340	1.235915	2.739220	-0.13219937011599542	2.6337448559670777e-05	1.2359153032302856
539520	-1.385415	0.050660	1.008189	0.250220	1.236875	2.740632	-0.13225335478782654	3.9506172839506166e-05	1.2368704080581665
539640	-1.385921	0.051228	1.010299	0.250093	1.237884	2.746423	-0.1323099084198475	3.9506172839506166e-05	1.2378736734390259
539760	-1.384628	0.051703	1.011267	0.250417	1.238913	2.749083	-0.13235824629664422	2.6337448559670777e-05	1.2389129400253296
539880	-1.384956	0.052089	1.012055	0.250335	1.239606	2.751249	-0.1323762893676758	2.6337448559670777e-05	1.2395802736282349
540000	-1.383131	0.052772	1.014575	0.250792	1.240694	2.758191	-0.13244787901639937	3.9506172839506166e-05	1.240683913230896
540120	-1.383730	0.053201	1.014463	0.250642	1.241427	2.757883	-0.13247727751731872	5.925925925925925e-05	1.2413983345031738
540240	-1.383260	0.054173	1.015549	0.250760	1.242853	2.760879	-0.13257765471935273	3.9506172839506166e-05	1.2428524494171143
540360	-1.382529	0.054410	1.017753	0.250943	1.243174	2.766972	-0.13259781077504157	2.6337448559670777e-05	1.2431737184524536
540480	-1.380415	0.055024	1.017941	0.251474	1.243730	2.767492	-0.13265545964241027	3.9506172839506166e-05	1.2437268495559692
540600	-1.379728	0.055729	1.017142	0.251647	1.244459	2.765280	-0.13271561339497567	3.9506172839506166e-05	1.2444536685943604
540720	-1.379367	0.056584	1.017905	0.251738	1.245657	2.767392	-0.13279010653495787	3.9506172839506166e-05	1.2456464767456055
540840	-1.377339	0.057260	1.017726	0.252249	1.246497	2.766896	-0.1328535035252571	5.925925925925925e-05	1.246493935585022
540960	-1.377251	0.057960	1.019951	0.252271	1.247431	2.773059	-0.1329227052628994	5.925925925925925e-05	1.2474297285079956
541080	-1.376511	0.058683	1.021738	0.252458	1.248459	2.778019	-0.13297686502337455	3.9506172839506166e-05	1.24844491481781
541200	-1.374389	0.059274	1.021622	0.252994	1.248921	2.777697	-0.13303765133023263	3.9506172839506166e-05	1.2489196062088013
541320	-1.373201	0.059421	1.021048	0.253295	1.248986	2.776101	-0.1330555945634842	5.925925925925925e-05	1.2489982843399048
541440	-1.371427	0.059641	1.021143	0.253745	1.248962	2.776367	-0.13306859955191613	5.925925925925925e-05	1.2489567995071411
541560	-1.371554	0.060126	1.020993	0.253712	1.249445	2.775950	-0.13311177045106887	2.6337448559670777e-05	1.2494382858276367
541680	-1.369879	0.061178	1.022019	0.254138	1.250528	2.778800	-0.13319797888398172	5.925925925925925e-05	1.2505146265029907
541800	-1.369028	0.061670	1.021293	0.254354	1.251190	2.776782	-0.1332511506974697	5.925925925925925e-05	1.2511839866638184
541920	-1.369058	0.061975	1.021716	0.254346	1.251603	2.777956	-0.1332786537706852	3.9506172839506166e-05	1.2515982389450073
542040	-1.368681	0.062872	1.022615	0.254442	1.252807	2.780456	-0.13335948660969735	5.925925925925925e-05	1.2527964115142822
542160	-1.368751	0.063712	1.023111	0.254425	1.253888	2.781835	-0.13343264386057854	2.6337448559670777e-05	1.253883957862854
542280	-1.367699	0.064581	1.024600	0.254692	1.255031	2.785980	-0.13350573629140855	3.9506172839506166e-05	1.255018711090088
542400	-1.368492	0.065396	1.026184	0.254490	1.256294	2.790396	-0.1335878238081932	3.9506172839506166e-05	1.2562891244888306
542520	-1.369247	0.066072	1.026810	0.254298	1.257446	2.792146	-0.13364337086677552	5.925925925925925e-05	1.2574325799942017
542640	-1.368461	0.066742	1.027445	0.254498	1.258302	2.793918	-0.13370712623000144	3.9506172839506166e-05	1.2582917213439941
542760	-1.368829	0.066861	1.028632	0.254405	1.258536	2.797237	-0.1337204933166504	3.9506172839506166e-05	1.2585288286209106
542880	-1.367310	0.068179	1.030937	0.254791	1.260634	2.803691	-0.13382765874266625	5.925925925925925e-05	1.2606159448623657
543000	-1.368933	0.069191	1.032162	0.254378	1.261705	2.807129	-0.1339231587946415	5.925925925925925e-05	1.2616902589797974
543120	-1.369829	0.069499	1.030337	0.254150	1.262255	2.802009	-0.13395679071545602	5.925925925925925e-05	1.2622491121292114
543240	-1.368884	0.069955	1.031681	0.254391	1.263147	2.805778	-0.13399124145507812	2.6337448559670777e-05	1.2631324529647827
543360	-1.368247	0.070494	1.030811	0.254553	1.263862	2.803339	-0.13404305279254913	5.925925925925925e-05	1.2638510465621948
543480	-1.368086	0.071155	1.030572	0.254594	1.264853	2.802668	-0.13410285487771034	3.9506172839506166e-05	1.2648462057113647
543600	-1.368051	0.071196	1.031383	0.254603	1.265017	2.804941	-0.13410796374082565	5.925925925925925e-05	1.2650049924850464
543720	-1.368583	0.072454	1.032199	0.254467	1.266546	2.807231	-0.13421246781945229	2.6337448559670777e-05	1.2665385007858276
543840	-1.367712	0.073222	1.032201	0.254689	1.267492	2.807237	-0.13429455533623696	3.9506172839506166e-05	1.2674909830093384
543960	-1.366853	0.074168	1.032737	0.254908	1.268674	2.808744	-0.13437481299042703	2.6337448559670777e-05	1.268669843673706
544080	-1.367653	0.074826	1.032315	0.254704	1.269759	2.807559	-0.134428820759058	3.9506172839506166e-05	1.2697465419769287
544200	-1.368196	0.075594	1.032882	0.254566	1.270962	2.809149	-0.13450369164347648	5.925925925925925e-05	1.270957589149475
544320	-1.365918	0.076205	1.033630	0.255146	1.271947	2.811252	-0.13456055223941804	5.925925925925925e-05	1.2719426155090332
544440	-1.366781	0.076954	1.033517	0.254926	1.272833	2.810935	-0.1346214197576046	2.6337448559670777e-05	1.2728277444839478
544560	-1.367673	0.077453	1.034724	0.254699	1.273621	2.814331	-0.13466935679316522	5.925925925925925e-05	1.273612141609192
544680	-1.369019	0.078053	1.035900	0.254356	1.274559	2.817640	-0.13471802920103074	5.925925925925925e-05	1.2745332717895508
544800	-1.368780	0.079047	1.038441	0.254417	1.275840	2.824811	-0.13481994345784187	5.925925925925925e-05	1.275848388671875
544920	-1.369556	0.079639	1.038411	0.254220	1.276644	2.824725	-0.13485650718212128	3.9506172839506166e-05	1.2766233682632446
545040	-1.368163	0.080246	1.039984	0.254574	1.277465	2.829172	-0.13492245897650718	3.9506172839506166e-05	1.2774584293365479
545160	-1.368042	0.080718	1.040876	0.254605	1.278071	2.831696	-0.13496270626783372	5.925925925925925e-05	1.2780715227127075
545280	-1.368417	0.081100	1.041530	0.254510	1.278810	2.833549	-0.13499949127435684	3.9506172839506166e-05	1.2788047790527344
545400	-1.367405	0.082185	1.043971	0.254767	1.280318	2.840475	-0.13508830666542054	2.6337448559670777e-05	1.28030264377594
545520	-1.367056	0.082754	1.046085	0.254856	1.281297	2.846484	-0.13514512553811073	5.925925925925925e-05	1.2812877893447876
545640	-1.369359	0.083501	1.049036	0.254270	1.282252	2.854897	-0.13521748334169387	3.9506172839506166e-05	1.2822461128234863
545760	-1.368686	0.084096	1.050234	0.254441	1.283299	2.858320	-0.13526837453246116	2.6337448559670777e-05	1.283293604850769
545880	-1.368414	0.084547	1.050258	0.254510	1.283797	2.858388	-0.13530988469719887	2.6337448559670777e-05	1.2837966680526733
546000	-1.366346	0.085255	1.050951	0.255037	1.284709	2.860371	-0.13535817638039588	3.9506172839506166e-05	1.284687876701355
546120	-1.362796	0.086742	1.050213	0.255944	1.286523	2.858260	-0.1354913033545017	3.9506172839506166e-05	1.2864981889724731
546240	-1.363018	0.086792	1.051108	0.255887	1.286799	2.860818	-0.13551670908927918	3.9506172839506166e-05	1.2867982387542725
546360	-1.363327	0.087327	1.052716	0.255808	1.287688	2.865422	-0.13555888906121255	3.9506172839506166e-05	1.2876801490783691
546480	-1.360522	0.088366	1.054642	0.256527	1.288856	2.870947	-0.135646753013134	5.925925925925925e-05	1.2888424396514893
546600	-1.360537	0.089046	1.055319	0.256523	1.289494	2.872891	-0.13571209758520125	3.9506172839506166e-05	1.289494276046753
546720	-1.359513	0.089779	1.056196	0.256786	1.290462	2.875411	-0.13577515929937362	5.925925925925925e-05	1.290450096130371
546840	-1.358272	0.090377	1.055050	0.257105	1.291085	2.872118	-0.1358279690146446	2.6337448559670777e-05	1.2910743951797485
546960	-1.358356	0.090812	1.054812	0.257083	1.291829	2.871437	-0.13587450385093688	3.9506172839506166e-05	1.291822075843811
547080	-1.357937	0.091750	1.055795	0.257191	1.293060	2.874259	-0.13595182150602342	3.9506172839506166e-05	1.2930465936660767
547200	-1.358278	0.092928	1.057893	0.257103	1.294687	2.880297	-0.13605958819389344	5.925925925925925e-05	1.2946703433990479
547320	-1.358000	0.093595	1.058284	0.257175	1.295478	2.881423	-0.13611198142170905	3.9506172839506166e-05	1.2954583168029785
547440	-1.357356	0.094091	1.058040	0.257340	1.295977	2.880718	-0.13616688475012778	3.9506172839506166e-05	1.2959649562835693
547560	-1.352929	0.094952	1.057271	0.258482	1.296757	2.878505	-0.13624831959605216	3.9506172839506166e-05	1.296755075454712
547680	-1.352986	0.095645	1.058877	0.258467	1.297724	2.883131	-0.1363125704228878	5.925925925925925e-05	1.2977294921875
547800	-1.352425	0.096397	1.060034	0.258612	1.298665	2.886469	-0.13637207373976706	2.6337448559670777e-05	1.298653244972229
547920	-1.351378	0.097302	1.061233	0.258883	1.299794	2.889931	-0.1364566884934902	5.925925925925925e-05	1.299790382385254
548040	-1.350585	0.097931	1.062759	0.259089	1.300650	2.894346	-0.13651771917939187	5.925925925925925e-05	1.3006545305252075
548160	-1.349016	0.099216	1.063395	0.259496	1.302491	2.896187	-0.13662179559469223	3.9506172839506166e-05	1.302475929260254
548280	-1.348184	0.100172	1.064364	0.259711	1.303655	2.898994	-0.13671310842037201	5.925925925925925e-05	1.303648591041565
548400	-1.349109	0.100353	1.063924	0.259471	1.304100	2.897719	-0.1367325559258461	3.9506172839506166e-05	1.3040953874588013
548520	-1.348033	0.101198	1.063741	0.259751	1.305104	2.897190	-0.13680173084139824	2.6337448559670777e-05	1.3050965070724487
548640	-1.347381	0.101903	1.064233	0.259920	1.306047	2.898616	-0.13686406910419463	3.9506172839506166e-05	1.3060251474380493
548760	-1.347603	0.102618	1.064350	0.259862	1.307011	2.898954	-0.13693133890628814	1.7558299039780518e-05	1.3070012331008911
548880	-1.346508	0.103341	1.065989	0.260147	1.308053	2.903710	-0.13699318692088128	5.925925925925925e-05	1.3080358505249023
549000	-1.346546	0.103978	1.065790	0.260137	1.308661	2.903131	-0.13705476894974708	3.9506172839506166e-05	1.3086501359939575
549120	-1.346222	0.104423	1.066869	0.260222	1.309370	2.906265	-0.13709980696439744	3.9506172839506166e-05	1.3093655109405518
549240	-1.346442	0.105198	1.066923	0.260164	1.310272	2.906421	-0.13716738447546958	2.6337448559670777e-05	1.3102632761001587
549360	-1.346365	0.105583	1.067655	0.260184	1.311030	2.908552	-0.13720576465129852	2.6337448559670777e-05	1.3110284805297852
549480	-1.345222	0.106097	1.068212	0.260482	1.311531	2.910172	-0.1372420646250248	2.6337448559670777e-05	1.311522126197815
549600	-1.341956	0.106768	1.070372	0.261334	1.312634	2.916464	-0.13731125518679618	2.6337448559670777e-05	1.3126286268234253
549720	-1.340584	0.107428	1.072424	0.261693	1.313493	2.922456	-0.13736448660492898	2.6337448559670777e-05	1.3134862184524536
549840	-1.340638	0.107485	1.072867	0.261679	1.313480	2.923750	-0.1373720332980156	5.925925925925925e-05	1.3134703636169434
549960	-1.338993	0.108072	1.073645	0.262109	1.314396	2.926024	-0.13743346482515334	3.9506172839506166e-05	1.3143956661224365
550080	-1.339286	0.108622	1.075976	0.262033	1.315385	2.932856	-0.1374767988920212	5.925925925925925e-05	1.3153748512268066
550200	-1.339838	0.108915	1.077886	0.261888	1.315935	2.938461	-0.1375046417117119	2.6337448559670777e-05	1.3159312009811401
550320	-1.339774	0.109526	1.079458	0.261905	1.316898	2.943084	-0.13755764737725257	3.9506172839506166e-05	1.3168925046920776
550440	-1.339130	0.109989	1.080224	0.262074	1.317619	2.945340	-0.13759094774723052	5.925925925925925e-05	1.3175984621047974
550560	-1.339469	0.110784	1.079341	0.261985	1.318709	2.942741	-0.1376736156642437	5.925925925925925e-05	1.318703532218933
550680	-1.338768	0.111361	1.079043	0.262168	1.319312	2.941863	-0.13771567419171332	5.925925925925925e-05	1.3193044662475586
550800	-1.336022	0.112113	1.080606	0.262889	1.320150	2.946464	-0.1377858079969883	5.925925925925925e-05	1.3201367855072021
550920	-1.334783	0.112827	1.080714	0.263215	1.321053	2.946782	-0.13784502297639847	5.925925925925925e-05	1.321027159690857
551040	-1.335392	0.113512	1.081255	0.263055	1.322080	2.948378	-0.1379076361656189	5.925925925925925e-05	1.3220571279525757
551160	-1.333879	0.114421	1.082612	0.263453	1.323341	2.952382	-0.13798921257257463	3.9506172839506166e-05	1.3233222961425781
551280	-1.334461	0.115490	1.083269	0.263300	1.325150	2.954321	-0.13808732777833937	3.9506172839506166e-05	1.3251333236694336
551400	-1.334671	0.116389	1.083750	0.263245	1.326449	2.955743	-0.13817876279354097	3.9506172839506166e-05	1.3264466524124146
551520	-1.335500	0.116880	1.083300	0.263027	1.327235	2.954412	-0.13822084441781043	5.925925925925925e-05	1.3272240161895752
551640	-1.336159	0.117245	1.083032	0.262853	1.328027	2.953622	-0.13825680688023567	3.9506172839506166e-05	1.3280240297317505
551760	-1.335551	0.117881	1.084985	0.263013	1.328923	2.959395	-0.13831763193011284	2.6337448559670777e-05	1.3289246559143066
551880	-1.335165	0.118111	1.087344	0.263115	1.329349	2.966386	-0.13833470046520233	2.6337448559670777e-05	1.3293473720550537
552000	-1.332491	0.118302	1.090316	0.263819	1.329642	2.975215	-0.1383543059229851	2.6337448559670777e-05	1.3296464681625366
552120	-1.332491	0.118784	1.090709	0.263819	1.330204	2.976384	-0.13839444145560265	3.9506172839506166e-05	1.3301962614059448
552240	-1.334172	0.119188	1.090679	0.263376	1.330814	2.976293	-0.13842789456248283	5.925925925925925e-05	1.3308165073394775
552360	-1.334264	0.119760	1.090052	0.263352	1.331670	2.974428	-0.13848041370511055	3.9506172839506166e-05	1.3316633701324463
552480	-1.334558	0.120025	1.091313	0.263275	1.332065	2.978183	-0.13850032091140746	2.6337448559670777e-05	1.3320553302764893
552600	-1.333499	0.120989	1.092542	0.263554	1.333409	2.981845	-0.13857675790786744	2.6337448559670777e-05	1.3333948850631714
552720	-1.332938	0.121526	1.093421	0.263701	1.334255	2.984465	-0.13863527178764343	1.7558299039780518e-05	1.3342468738555908
552840	-1.332507	0.122101	1.095287	0.263815	1.335308	2.990041	-0.13868558779358864	2.6337448559670777e-05	1.335295557975769
552960	-1.332373	0.122665	1.097132	0.263850	1.336396	2.995563	-0.138748586922884	2.6337448559670777e-05	1.336400032043457
553080	-1.331079	0.123407	1.099966	0.264192	1.337648	3.004064	-0.13880746960639953	3.9506172839506166e-05	1.3376389741897583
553200	-1.330472	0.123793	1.099067	0.264353	1.337952	3.001364	-0.1388430543243885	5.925925925925925e-05	1.3379454612731934
553320	-1.329993	0.124594	1.099398	0.264479	1.339233	3.002359	-0.13890347108244896	2.6337448559670777e-05	1.339215636253357
553440	-1.330009	0.125222	1.099446	0.264475	1.340336	3.002501	-0.1389680325984955	3.9506172839506166e-05	1.3403241634368896
553560	-1.328664	0.125621	1.101495	0.264831	1.341117	3.008661	-0.1390078917145729	5.925925925925925e-05	1.341111183166504
553680	-1.328740	0.126423	1.101677	0.264811	1.342336	3.009208	-0.13907207921147346	2.6337448559670777e-05	1.3423240184783936
553800	-1.327853	0.127324	1.102266	0.265046	1.343943	3.010980	-0.13915135636925696	2.6337448559670777e-05	1.3439323902130127
553920	-1.326885	0.127901	1.104542	0.265303	1.344858	3.017843	-0.139204054325819	2.6337448559670777e-05	1.344841718673706
554040	-1.326922	0.128489	1.106628	0.265293	1.345878	3.024143	-0.13925677463412284	5.925925925925925e-05	1.3458638191223145
554160	-1.327728	0.129205	1.107597	0.265079	1.347166	3.027077	-0.13932617902755737	5.925925925925925e-05	1.3471540212631226
554280	-1.327315	0.129970	1.107543	0.265188	1.348108	3.026914	-0.13939695805311203	3.9506172839506166e-05	1.348109483718872
554400	-1.325637	0.130967	1.107917	0.265634	1.349249	3.028044	-0.13947959169745444	2.6337448559670777e-05	1.349230408668518
554520	-1.324980	0.131543	1.108931	0.265808	1.350199	3.031118	-0.13954170793294907	2.6337448559670777e-05	1.3501951694488525
554640	-1.325728	0.132018	1.111730	0.265610	1.351520	3.039613	-0.13958251252770423	3.9506172839506166e-05	1.3515167236328125
554760	-1.323897	0.132681	1.114077	0.266096	1.352600	3.046756	-0.13963869139552115	3.9506172839506166e-05	1.3525896072387695
554880	-1.323138	0.133061	1.116680	0.266298	1.353343	3.054694	-0.1396789252758026	2.6337448559670777e-05	1.353344440460205
555000	-1.323711	0.133340	1.116222	0.266146	1.353346	3.053298	-0.13970640897750855	3.9506172839506166e-05	1.353352427482605
555120	-1.324616	0.133596	1.118066	0.265905	1.353669	3.058932	-0.13972451761364937	3.9506172839506166e-05	1.3536655902862549
555240	-1.323028	0.134765	1.121403	0.266328	1.355320	3.069156	-0.13981503695249559	5.925925925925925e-05	1.3552874326705933
555360	-1.321135	0.135612	1.122858	0.266832	1.356577	3.073625	-0.13991563469171525	2.6337448559670777e-05	1.3565804958343506
555480	-1.318492	0.136128	1.124305	0.267538	1.357415	3.078077	-0.1399486929178238	3.9506172839506166e-05	1.3574090003967285
555600	-1.316743	0.136786	1.125509	0.268007	1.358410	3.081786	-0.14001272544264792	5.925925925925925e-05	1.3584047555923462
555720	-1.316746	0.137066	1.124969	0.268006	1.358892	3.080122	-0.1400391049683094	2.6337448559670777e-05	1.35888671875
555840	-1.316658	0.137923	1.127426	0.268029	1.360286	3.087698	-0.14010515213012695	2.6337448559670777e-05	1.360268473625183
555960	-1.316696	0.138551	1.129103	0.268019	1.361310	3.092881	-0.1401681683957577	5.925925925925925e-05	1.3612970113754272
556080	-1.313852	0.139578	1.128325	0.268783	1.362506	3.090475	-0.1402669757604599	3.9506172839506166e-05	1.3625073432922363
556200	-1.311034	0.140902	1.131203	0.269541	1.364583	3.099383	-0.1403707258403301	2.6337448559670777e-05	1.3645684719085693
556320	-1.310749	0.141655	1.133316	0.269618	1.365939	3.105939	-0.14044847711920738	3.9506172839506166e-05	1.3659279346466064
556440	-1.310359	0.142315	1.133892	0.269723	1.367071	3.107727	-0.14050176814198495	5.925925925925925e-05	1.3670499324798584
556560	-1.310410	0.142998	1.133512	0.269709	1.367961	3.106548	-0.14056176841259002	5.925925925925925e-05	1.36794114112854
556680	-1.309817	0.143899	1.134827	0.269870	1.369598	3.110636	-0.14065012335777283	5.925925925925925e-05	1.3695833683013916
556800	-1.310502	0.144205	1.134970	0.269685	1.370022	3.111080	-0.14068198576569557	2.6337448559670777e-05	1.3700143098831177
556920	-1.310367	0.144687	1.134532	0.269721	1.370676	3.109719	-0.14071419909596444	3.9506172839506166e-05	1.370661735534668
557040	-1.310706	0.144898	1.135503	0.269630	1.371285	3.112739	-0.1407368764281273	3.9506172839506166e-05	1.3712694644927979
557160	-1.309523	0.145470	1.135959	0.269949	1.371968	3.114158	-0.14079142808914186	1.7558299039780518e-05	1.3719629049301147
557280	-1.306595	0.146541	1.139052	0.270740	1.373440	3.123804	-0.14087604284286498	2.6337448559670777e-05	1.3734228610992432
557400	-1.307274	0.146743	1.138690	0.270557	1.373674	3.122674	-0.1409097470343113	2.6337448559670777e-05	1.3736701011657715
557520	-1.307739	0.147398	1.138871	0.270431	1.374507	3.123239	-0.14096609130501747	5.925925925925925e-05	1.3745054006576538
557640	-1.306818	0.148308	1.139301	0.270680	1.375703	3.124585	-0.1410416655242443	5.925925925925925e-05	1.3756914138793945
557760	-1.306249	0.149134	1.140058	0.270834	1.376675	3.126949	-0.1411267936229706	2.6337448559670777e-05	1.3766663074493408
557880	-1.305391	0.150034	1.143663	0.271067	1.378364	3.138243	-0.14119672030210495	2.6337448559670777e-05	1.378350019454956
558000	-1.306171	0.150965	1.146183	0.270855	1.380069	3.146162	-0.14127851501107216	5.925925925925925e-05	1.380051612854004
558120	-1.304918	0.151846	1.147973	0.271195	1.381521	3.151799	-0.14136216267943383	5.925925925925925e-05	1.381504774093628
558240	-1.303324	0.152448	1.150656	0.271627	1.382559	3.160264	-0.1414217822253704	5.925925925925925e-05	1.38254976272583
558360	-1.303045	0.153281	1.152364	0.271703	1.383906	3.165667	-0.14148799777030946	3.9506172839506166e-05	1.38388991355896
558480	-1.302897	0.153626	1.152646	0.271744	1.384393	3.166561	-0.141526909917593	3.9506172839506166e-05	1.3843886852264404
558600	-1.302892	0.154250	1.152555	0.271745	1.385345	3.166273	-0.14157532826066016	2.6337448559670777e-05	1.3853391408920288
558720	-1.302440	0.154868	1.153904	0.271868	1.386378	3.170546	-0.14163684695959092	3.9506172839506166e-05	1.386376142501831
558840	-1.301436	0.155444	1.154557	0.272141	1.387008	3.172617	-0.14168538972735406	3.9506172839506166e-05	1.386995553970337
558960	-1.300738	0.156400	1.154744	0.272331	1.388316	3.173211	-0.14176111668348312	5.925925925925925e-05	1.3882910013198853
559080	-1.301322	0.156867	1.154351	0.272172	1.388894	3.171963	-0.14181406646966935	3.9506172839506166e-05	1.388881802558899
559200	-1.300568	0.157807	1.155145	0.272377	1.390058	3.174485	-0.14188881888985633	5.925925925925925e-05	1.3900282382965088
559320	-1.299156	0.159119	1.156921	0.272762	1.392063	3.180125	-0.14201489910483361	2.6337448559670777e-05	1.3920485973358154
559440	-1.298469	0.160026	1.157726	0.272949	1.393268	3.182686	-0.14209898486733435	2.6337448559670777e-05	1.3932610750198364
559560	-1.298247	0.160756	1.160347	0.273010	1.394672	3.191039	-0.14217037558555604	5.925925925925925e-05	1.3946653604507446
559680	-1.297975	0.161412	1.161031	0.273084	1.395859	3.193223	-0.1422286443412304	2.6337448559670777e-05	1.395851731300354
559800	-1.299668	0.162064	1.162474	0.272622	1.397075	3.197836	-0.14228163361549379	1.7558299039780518e-05	1.3970636129379272
559920	-1.299985	0.162413	1.162034	0.272536	1.397490	3.196427	-0.14231583774089812	5.925925925925925e-05	1.3974778652191162
560040	-1.298765	0.162937	1.161398	0.272869	1.397861	3.194396	-0.14236343502998353	5.925925925925925e-05	1.3978568315505981
560160	-1.298592	0.163985	1.161080	0.272916	1.399555	3.193380	-0.14245013073086737	5.925925925925925e-05	1.3995331525802612
560280	-1.298459	0.164507	1.162730	0.272952	1.400597	3.198654	-0.14249835535883904	3.9506172839506166e-05	1.400580644607544
560400	-1.298052	0.165142	1.162878	0.273063	1.401310	3.199126	-0.1425612561404705	2.6337448559670777e-05	1.4013017416000366
560520	-1.297322	0.165643	1.164041	0.273263	1.402124	3.202850	-0.14260886162519454	2.6337448559670777e-05	1.4021172523498535
560640	-1.295506	0.166267	1.163233	0.273759	1.402919	3.200262	-0.1426643416285515	3.9506172839506166e-05	1.4029139280319214
560760	-1.293776	0.166963	1.163129	0.274233	1.403656	3.199929	-0.14271846264600754	3.9506172839506166e-05	1.403644323348999
560880	-1.295809	0.167245	1.163358	0.273676	1.404233	3.200664	-0.14274394884705544	5.925925925925925e-05	1.4042084217071533
561000	-1.294731	0.168209	1.164767	0.273972	1.405903	3.205176	-0.14283746629953384	5.925925925925925e-05	1.4058966636657715
561120	-1.293370	0.168922	1.166178	0.274345	1.407004	3.209700	-0.1428994879126549	5.925925925925925e-05	1.4069945812225342
561240	-1.293896	0.169273	1.166911	0.274200	1.407575	3.212055	-0.14293287917971612	3.9506172839506166e-05	1.4075703620910645
561360	-1.294720	0.170060	1.168807	0.273975	1.409036	3.218150	-0.14299553632736206	2.6337448559670777e-05	1.4090200662612915
561480	-1.294318	0.170725	1.169350	0.274085	1.410000	3.219898	-0.14306740537285806	3.9506172839506166e-05	1.4099997282028198
561600	-1.293303	0.171128	1.169527	0.274363	1.410476	3.220470	-0.14309341982007026	2.6337448559670777e-05	1.4104622602462769
561720	-1.291871	0.171980	1.171301	0.274756	1.411783	3.226186	-0.14317444562911988	5.925925925925925e-05	1.4117718935012817
561840	-1.291572	0.172655	1.170397	0.274838	1.412660	3.223271	-0.14323753118515015	2.6337448559670777e-05	1.412658452987671
561960	-1.292068	0.173623	1.173877	0.274702	1.414144	3.234509	-0.1433167576789856	3.9506172839506166e-05	1.4141244888305664
562080	-1.292798	0.174287	1.175520	0.274502	1.415164	3.239829	-0.1433878093957901	5.925925925925925e-05	1.4151601791381836
562200	-1.292319	0.174873	1.176638	0.274633	1.415959	3.243453	-0.14344529286026955	2.6337448559670777e-05	1.415959358215332
562320	-1.292500	0.175194	1.177314	0.274584	1.416519	3.245645	-0.1434659443795681	8.888888888888888e-05	1.4165149927139282
562440	-1.291142	0.176248	1.177684	0.274957	1.417962	3.246846	-0.14355043172836304	2.6337448559670777e-05	1.4179425239562988
562560	-1.290138	0.176636	1.177996	0.275233	1.418322	3.247859	-0.14359691813588144	5.925925925925925e-05	1.4183112382888794
562680	-1.288653	0.178012	1.179655	0.275642	1.420369	3.253252	-0.14370231181383133	3.9506172839506166e-05	1.4203449487686157
562800	-1.288206	0.178971	1.180725	0.275765	1.421879	3.256735	-0.14379830062389373	5.925925925925925e-05	1.421852707862854
562920	-1.287350	0.179689	1.180264	0.276001	1.423021	3.255232	-0.14387485086917878	5.925925925925925e-05	1.4230180978775024
563040	-1.286815	0.180516	1.181456	0.276149	1.424102	3.259117	-0.14393980875611306	5.925925925925925e-05	1.4240803718566895
563160	-1.287170	0.181383	1.180846	0.276051	1.425316	3.257130	-0.14402106776833534	2.6337448559670777e-05	1.4253110885620117
563280	-1.286719	0.182349	1.183096	0.276175	1.426815	3.264467	-0.14411431699991226	3.9506172839506166e-05	1.4268141984939575
563400	-1.285926	0.182888	1.183207	0.276395	1.427385	3.264829	-0.14415856674313546	5.925925925925925e-05	1.427382469177246
563520	-1.282457	0.183618	1.183289	0.277355	1.428226	3.265095	-0.14422232434153556	5.925925925925925e-05	1.428220510482788
563640	-1.281935	0.184072	1.183569	0.277500	1.428530	3.266008	-0.14426469057798386	3.9506172839506166e-05	1.4285225868225098
563760	-1.281511	0.184530	1.184001	0.277617	1.429216	3.267420	-0.14430546537041664	2.6337448559670777e-05	1.4292091131210327
563880	-1.278743	0.185224	1.184107	0.278387	1.430160	3.267768	-0.1443654976785183	5.925925925925925e-05	1.4301382303237915
564000	-1.278640	0.185543	1.185585	0.278416	1.431058	3.272601	-0.1443970948457718	3.9506172839506166e-05	1.431043028831482
564120	-1.279768	0.186256	1.187718	0.278102	1.431975	3.279588	-0.14446011334657669	3.9506172839506166e-05	1.4319711923599243
564240	-1.277895	0.187460	1.189055	0.278623	1.434035	3.283977	-0.14456238597631454	3.9506172839506166e-05	1.4340075254440308
564360	-1.276191	0.188094	1.191020	0.279098	1.434993	3.290435	-0.14462798312306405	3.9506172839506166e-05	1.434983730316162
564480	-1.275268	0.189011	1.191953	0.279356	1.436522	3.293507	-0.14470649510622025	3.9506172839506166e-05	1.436509370803833
564600	-1.273045	0.190026	1.192636	0.279978	1.437926	3.295757	-0.1447983630001545	2.6337448559670777e-05	1.437914490699768
564720	-1.273407	0.190681	1.193850	0.279876	1.439118	3.299761	-0.14486078172922134	2.6337448559670777e-05	1.4391111135482788
564840	-1.273981	0.191444	1.196417	0.279716	1.440502	3.308244	-0.1449205309152603	3.9506172839506166e-05	1.4404808282852173
564960	-1.273859	0.192586	1.196414	0.279750	1.441942	3.308233	-0.14503571167588233	5.925925925925925e-05	1.4419525861740112
565080	-1.274303	0.193649	1.198574	0.279626	1.443617	3.315387	-0.1451271466910839	2.6337448559670777e-05	1.4436107873916626
565200	-1.273898	0.194513	1.199879	0.279739	1.445124	3.319716	-0.14520123824477196	5.925925925925925e-05	1.4451090097427368
565320	-1.273265	0.195110	1.201041	0.279916	1.446206	3.323573	-0.14526214227080345	3.9506172839506166e-05	1.4462002515792847
565440	-1.273620	0.195445	1.201309	0.279817	1.446766	3.324466	-0.14529127329587938	5.925925925925925e-05	1.4467566013336182
565560	-1.272699	0.195838	1.203437	0.280075	1.447255	3.331547	-0.14532020464539527	5.925925925925925e-05	1.4472380876541138
565680	-1.273076	0.196543	1.206366	0.279969	1.448580	3.341321	-0.14538878574967384	5.925925925925925e-05	1.4485783576965332
565800	-1.273159	0.197327	1.207178	0.279946	1.449604	3.344036	-0.1454585611820221	3.9506172839506166e-05	1.4495958089828491
565920	-1.273016	0.198094	1.208138	0.279986	1.450763	3.347248	-0.14552070647478105	3.9506172839506166e-05	1.4507436752319336
566040	-1.271717	0.198860	1.209394	0.280350	1.452126	3.351454	-0.14560402929782867	5.925925925925925e-05	1.4521336555480957
566160	-1.271759	0.199177	1.211206	0.280338	1.452647	3.357533	-0.14562332704663278	2.6337448559670777e-05	1.4526405334472656
566280	-1.270186	0.200080	1.210562	0.280780	1.454077	3.355368	-0.14570527002215386	5.925925925925925e-05	1.4540654420852661
566400	-1.269859	0.200698	1.213229	0.280871	1.455421	3.364331	-0.14575842022895813	3.9506172839506166e-05	1.455400824546814
566520	-1.270001	0.201234	1.214678	0.280831	1.456496	3.369209	-0.14581261724233627	2.6337448559670777e-05	1.4564902782440186
566640	-1.269661	0.201425	1.213863	0.280927	1.456780	3.366463	-0.1458296686410904	1.7558299039780518e-05	1.4567791223526
566760	-1.268789	0.201878	1.215785	0.281172	1.457702	3.372941	-0.145865810662508	3.9506172839506166e-05	1.457683801651001
566880	-1.267377	0.202841	1.218542	0.281569	1.459292	3.382254	-0.14594763293862342	3.9506172839506166e-05	1.4592671394348145
567000	-1.266702	0.203437	1.220831	0.281759	1.460428	3.390003	-0.1460145093500614	5.925925925925925e-05	1.4604310989379883
567120	-1.266630	0.203768	1.221101	0.281780	1.460982	3.390918	-0.14604414701461793	3.9506172839506166e-05	1.460981011390686
567240	-1.265000	0.204223	1.222389	0.282239	1.461737	3.395288	-0.146075090020895	3.9506172839506166e-05	1.4617177248001099
567360	-1.263604	0.204994	1.223056	0.282633	1.462609	3.397556	-0.14614679142832757	2.6337448559670777e-05	1.4626083374023438
567480	-1.263368	0.205720	1.225081	0.282700	1.464028	3.404441	-0.14621390774846077	5.925925925925925e-05	1.4640151262283325
567600	-1.263507	0.206404	1.224151	0.282661	1.464951	3.401276	-0.14627242386341094	3.9506172839506166e-05	1.4649431705474854
567720	-1.264958	0.206797	1.225453	0.282251	1.465872	3.405707	-0.1463107742369175	5.925925925925925e-05	1.465859055519104
567840	-1.261919	0.207700	1.228647	0.283110	1.467460	3.416604	-0.14637864530086517	5.925925925925925e-05	1.4674233198165894
567960	-1.261238	0.208395	1.229878	0.283303	1.468295	3.420812	-0.14646155312657355	5.925925925925925e-05	1.468291163444519
568080	-1.261572	0.208761	1.231974	0.283209	1.469139	3.427989	-0.14649128839373587	3.9506172839506166e-05	1.4691368341445923
568200	-1.259935	0.209857	1.234991	0.283673	1.471090	3.438348	-0.14658565148711206	2.6337448559670777e-05	1.471081256866455
568320	-1.259460	0.211052	1.237463	0.283807	1.472828	3.446857	-0.14668382555246354	3.9506172839506166e-05	1.4728134870529175
568440	-1.257894	0.211686	1.238668	0.284252	1.473997	3.451013	-0.14674495235085488	3.9506172839506166e-05	1.473985195159912
568560	-1.257108	0.212277	1.240199	0.284476	1.475046	3.456301	-0.14680074751377106	3.9506172839506166e-05	1.4750314950942993
568680	-1.256006	0.213033	1.241614	0.284789	1.476263	3.461194	-0.1468665398657322	5.925925925925925e-05	1.476244330406189
568800	-1.253725	0.213713	1.244881	0.285440	1.477611	3.472520	-0.14694408625364302	2.6337448559670777e-05	1.4776116609573364
568920	-1.253326	0.214361	1.246358	0.285554	1.478998	3.477654	-0.14698805287480354	3.9506172839506166e-05	1.4789732694625854
569040	-1.253081	0.215090	1.248824	0.285623	1.480478	3.486242	-0.14705489128828048	2.6337448559670777e-05	1.4804673194885254
569160	-1.253248	0.215740	1.249596	0.285576	1.481550	3.488935	-0.1471048839390278	5.925925925925925e-05	1.4815315008163452
569280	-1.251199	0.216438	1.250428	0.286161	1.482413	3.491837	-0.147177754342556	5.925925925925925e-05	1.4824086427688599
569400	-1.251514	0.217209	1.249798	0.286071	1.483507	3.489638	-0.14724160209298134	5.925925925925925e-05	1.4834880828857422
569520	-1.251860	0.218045	1.251703	0.285972	1.484892	3.496293	-0.147322828322649	3.9506172839506166e-05	1.48488450050354
569640	-1.251261	0.218608	1.254381	0.286144	1.486076	3.505669	-0.14737861528992652	5.925925925925925e-05	1.4860607385635376
569760	-1.250583	0.219250	1.254646	0.286338	1.487139	3.506597	-0.14743478819727898	5.925925925925925e-05	1.4871265888214111
569880	-1.249543	0.220385	1.255265	0.286636	1.488798	3.508770	-0.14753272756934166	2.6337448559670777e-05	1.4887921810150146
570000	-1.247862	0.221621	1.257717	0.287118	1.490849	3.517384	-0.14763285964727402	5.925925925925925e-05	1.490818977355957
570120	-1.246280	0.222573	1.260652	0.287573	1.492517	3.527722	-0.14772783368825912	3.9506172839506166e-05	1.492502212524414
570240	-1.246408	0.223306	1.263248	0.287536	1.493884	3.536892	-0.14779184460639955	2.6337448559670777e-05	1.493876338005066
570360	-1.246698	0.224026	1.265521	0.287453	1.495143	3.544939	-0.14785809814929962	3.9506172839506166e-05	1.4951249361038208
570480	-1.245372	0.224947	1.265659	0.287834	1.496647	3.545427	-0.14794757440686226	2.6337448559670777e-05	1.496642827987671
570600	-1.244740	0.225668	1.266420	0.288016	1.497807	3.548129	-0.1480092518031597	2.6337448559670777e-05	1.497802495956421
570720	-1.245422	0.225678	1.266093	0.287819	1.497855	3.546969	-0.14801342263817788	2.6337448559670777e-05	1.4978523254394531
570840	-1.245734	0.226318	1.267529	0.287730	1.499002	3.552065	-0.1480666182935238	2.6337448559670777e-05	1.4989912509918213
570960	-1.246157	0.227022	1.268110	0.287608	1.500183	3.554128	-0.14813025221228598	3.9506172839506166e-05	1.500170350074768
571080	-1.245691	0.227809	1.270146	0.287742	1.501479	3.561373	-0.14820521771907808	2.6337448559670777e-05	1.5014739036560059
571200	-1.244589	0.228732	1.271692	0.288059	1.503062	3.566883	-0.14827672839164735	3.9506172839506166e-05	1.5030361413955688
571320	-1.244601	0.229434	1.273709	0.288056	1.504249	3.574085	-0.14834604114294053	2.6337448559670777e-05	1.5042463541030884
571440	-1.245583	0.229797	1.274494	0.287773	1.505028	3.576890	-0.1483939677476883	5.925925925925925e-05	1.5050368309020996
571560	-1.244542	0.230150	1.275425	0.288073	1.505638	3.580222	-0.14841628223657607	5.925925925925925e-05	1.5056381225585938
571680	-1.244319	0.230734	1.275765	0.288137	1.506337	3.581442	-0.14845961704850197	5.925925925925925e-05	1.5063178539276123
571800	-1.243196	0.231133	1.275957	0.288461	1.506991	3.582127	-0.1485045999288559	2.6337448559670777e-05	1.5069878101348877
571920	-1.243025	0.231330	1.276061	0.288510	1.507166	3.582502	-0.1485246643424034	3.9506172839506166e-05	1.5071724653244019
572040	-1.242013	0.232000	1.274889	0.288802	1.507990	3.578306	-0.14858056902885436	3.9506172839506166e-05	1.5079762935638428
572160	-1.241756	0.232396	1.275228	0.288876	1.508311	3.579517	-0.14861012250185013	5.925925925925925e-05	1.5082937479019165
572280	-1.240744	0.233276	1.276012	0.289169	1.509729	3.582324	-0.14868859872221946	2.6337448559670777e-05	1.50971519947052
572400	-1.239390	0.234054	1.276058	0.289561	1.510787	3.582489	-0.14876311346888543	3.9506172839506166e-05	1.5107747316360474
572520	-1.239319	0.234909	1.277080	0.289581	1.512165	3.586154	-0.14884039014577866	5.925925925925925e-05	1.5121570825576782
572640	-1.238865	0.235615	1.276502	0.289713	1.513128	3.584080	-0.14891282096505165	2.6337448559670777e-05	1.513137698173523
572760	-1.239048	0.236162	1.275788	0.289660	1.513864	3.581524	-0.1489469140768051	5.925925925925925e-05	1.5138336420059204
572880	-1.239033	0.237131	1.277539	0.289664	1.515437	3.587799	-0.14903584197163583	3.9506172839506166e-05	1.5154191255569458
573000	-1.236262	0.238270	1.279993	0.290468	1.517324	3.596614	-0.14914175793528556	5.925925925925925e-05	1.5173115730285645
573120	-1.236291	0.239188	1.280914	0.290459	1.518688	3.599929	-0.14921470135450363	3.9506172839506166e-05	1.518668293952942
573240	-1.236684	0.239924	1.281822	0.290345	1.519781	3.603198	-0.149293103069067	5.925925925925925e-05	1.5197772979736328
573360	-1.236270	0.241107	1.283813	0.290466	1.521811	3.610380	-0.14940000772476197	3.9506172839506166e-05	1.521803379058838
573480	-1.237183	0.241915	1.285926	0.290201	1.523335	3.618018	-0.14947035387158394	5.925925925925925e-05	1.5233145952224731
573600	-1.237671	0.242681	1.285898	0.290059	1.524500	3.617916	-0.14954359382390975	5.925925925925925e-05	1.5244849920272827
573720	-1.236551	0.243756	1.286441	0.290384	1.526201	3.619882	-0.1496371515095234	5.925925925925925e-05	1.526188850402832
573840	-1.236274	0.244527	1.287368	0.290464	1.527426	3.623239	-0.14970680549740792	5.925925925925925e-05	1.5274169445037842
573960	-1.237074	0.245221	1.287111	0.290232	1.528210	3.622308	-0.149769888818264	5.925925925925925e-05	1.5282028913497925
574080	-1.237878	0.246153	1.289318	0.289999	1.529864	3.630310	-0.14985326528549195	5.925925925925925e-05	1.5298627614974976
574200	-1.235802	0.246773	1.290703	0.290602	1.530833	3.635340	-0.14991358667612076	5.925925925925925e-05	1.530825138092041
574320	-1.235859	0.247980	1.291688	0.290585	1.532773	3.638923	-0.15000671297311782	5.925925925925925e-05	1.5327520370483398
574440	-1.235702	0.248381	1.291159	0.290631	1.533103	3.636998	-0.15005248710513114	5.925925925925925e-05	1.533100962638855
574560	-1.235102	0.248966	1.293718	0.290805	1.534420	3.646317	-0.15010630637407302	5.925925925925925e-05	1.5344040393829346
574680	-1.235316	0.249550	1.296125	0.290743	1.535698	3.655106	-0.1501527614891529	3.9506172839506166e-05	1.5356825590133667
574800	-1.234751	0.250255	1.297050	0.290907	1.536668	3.658489	-0.1502186179161072	2.6337448559670777e-05	1.5366551876068115
574920	-1.233008	0.251141	1.296505	0.291415	1.537734	3.656494	-0.15030485019087791	5.925925925925925e-05	1.5377252101898193
575040	-1.232053	0.251919	1.297498	0.291693	1.538849	3.660127	-0.15036554783582687	3.9506172839506166e-05	1.53883957862854
575160	-1.231289	0.252593	1.296002	0.291916	1.539745	3.654655	-0.1504332885146141	5.925925925925925e-05	1.5397491455078125
575280	-1.228530	0.253965	1.299197	0.292723	1.541853	3.666353	-0.1505458176136017	3.9506172839506166e-05	1.5418317317962646
575400	-1.228264	0.254512	1.298986	0.292800	1.542670	3.665579	-0.1506059356033802	5.925925925925925e-05	1.5426641702651978
575520	-1.227176	0.254873	1.298932	0.293119	1.543212	3.665379	-0.15064030438661574	5.925925925925925e-05	1.5432049036026
575640	-1.225893	0.255408	1.301576	0.293496	1.544473	3.675086	-0.15069074481725692	5.925925925925925e-05	1.544474482536316
575760	-1.224524	0.255771	1.300741	0.293898	1.544967	3.672016	-0.15071130841970443	3.9506172839506166e-05	1.5449491739273071
575880	-1.223314	0.256644	1.302264	0.294253	1.546595	3.677613	-0.15079616233706475	2.6337448559670777e-05	1.5465856790542603
576000	-1.222208	0.257806	1.303460	0.294579	1.548252	3.682015	-0.15089310258626937	3.9506172839506166e-05	1.5482250452041626
576120	-1.220894	0.258851	1.305242	0.294966	1.550163	3.688582	-0.15099828466773033	2.6337448559670777e-05	1.550159215927124
576240	-1.220231	0.259541	1.306738	0.295162	1.551309	3.694103	-0.1510503113269806	2.6337448559670777e-05	1.5512914657592773
576360	-1.220341	0.260110	1.307068	0.295129	1.552029	3.695321	-0.1511053718626499	5.925925925925925e-05	1.5520108938217163
576480	-1.219170	0.261361	1.308281	0.295475	1.553946	3.699807	-0.15120835825800896	2.6337448559670777e-05	1.5539215803146362
576600	-1.219264	0.262428	1.308804	0.295447	1.555406	3.701742	-0.15131638273596765	2.6337448559670777e-05	1.5553972721099854
576720	-1.219172	0.262969	1.310927	0.295475	1.556410	3.709612	-0.15136801302433014	3.9506172839506166e-05	1.5563989877700806
576840	-1.218699	0.263677	1.313462	0.295615	1.557898	3.719026	-0.15142668411135674	3.9506172839506166e-05	1.5578819513320923
576960	-1.219114	0.264479	1.314071	0.295492	1.559192	3.721292	-0.15149648115038872	2.6337448559670777e-05	1.5591801404953003
577080	-1.220505	0.264712	1.313734	0.295081	1.559541	3.720038	-0.1515252858400345	3.9506172839506166e-05	1.5595372915267944
577200	-1.219670	0.265322	1.315975	0.295327	1.560940	3.728384	-0.15158157125115396	2.6337448559670777e-05	1.5609411001205444
577320	-1.218950	0.266014	1.316943	0.295540	1.561958	3.731996	-0.15163156241178513	5.925925925925925e-05	1.5619254112243652
577440	-1.218896	0.267296	1.316924	0.295556	1.563642	3.731924	-0.15175259709358216	3.9506172839506166e-05	1.5636308193206787
577560	-1.218486	0.267932	1.316045	0.295678	1.564797	3.728646	-0.15181728601455688	5.925925925925925e-05	1.5648000240325928
577680	-1.216886	0.268309	1.315317	0.296151	1.564871	3.725931	-0.15184549987316132	2.6337448559670777e-05	1.5648620128631592
577800	-1.214990	0.269241	1.315872	0.296713	1.566216	3.728000	-0.15193209126591684	5.925925925925925e-05	1.566210150718689
577920	-1.212826	0.270063	1.315389	0.297356	1.567357	3.726198	-0.1520039990544319	2.6337448559670777e-05	1.5673500299453735
578040	-1.212204	0.271073	1.316598	0.297541	1.568827	3.730707	-0.1520899899303913	3.9506172839506166e-05	1.5688115358352661
578160	-1.212177	0.271965	1.317226	0.297549	1.570295	3.733051	-0.15216774865984917	5.925925925925925e-05	1.5702558755874634
578280	-1.212604	0.272473	1.318426	0.297422	1.571270	3.737534	-0.15221910327672958	1.7558299039780518e-05	1.5712571144104004
578400	-1.213570	0.273182	1.319280	0.297135	1.572712	3.740728	-0.15229204744100572	5.925925925925925e-05	1.5727134943008423
578520	-1.212824	0.273790	1.318341	0.297356	1.573467	3.737218	-0.15233333855867387	3.9506172839506166e-05	1.5734480619430542
578640	-1.211135	0.274400	1.320075	0.297859	1.574558	3.743701	-0.1523924082517624	1.7558299039780518e-05	1.574546217918396
578760	-1.209040	0.275467	1.321999	0.298484	1.576235	3.750910	-0.1524829760193825	8.888888888888888e-05	1.576207160949707
578880	-1.208206	0.276360	1.322898	0.298733	1.577706	3.754286	-0.15257114619016648	2.6337448559670777e-05	1.5776938199996948
579000	-1.209217	0.276966	1.323440	0.298431	1.578885	3.756319	-0.15261687636375426	3.9506172839506166e-05	1.578861951828003
579120	-1.209869	0.277675	1.325706	0.298236	1.580312	3.764841	-0.15268029794096946	3.9506172839506166e-05	1.5802818536758423
579240	-1.209360	0.278322	1.326273	0.298388	1.581383	3.766978	-0.15274171754717827	5.925925925925925e-05	1.5813522338867188
579360	-1.208196	0.279424	1.327957	0.298736	1.583321	3.773326	-0.1528402917087078	2.6337448559670777e-05	1.5833083391189575
579480	-1.208178	0.279653	1.328943	0.298741	1.583886	3.777051	-0.15286943838000297	5.925925925925925e-05	1.5838819742202759
579600	-1.205731	0.280717	1.330748	0.299473	1.585526	3.783874	-0.15295137390494346	2.6337448559670777e-05	1.5855047702789307
579720	-1.205074	0.281585	1.332728	0.299670	1.587194	3.791373	-0.15303673222661018	5.925925925925925e-05	1.587174654006958
579840	-1.204141	0.282084	1.336699	0.299950	1.588291	3.806456	-0.15308882370591165	3.9506172839506166e-05	1.5882867574691772
579960	-1.203867	0.282586	1.338263	0.300032	1.589293	3.812415	-0.15312468260526657	2.6337448559670777e-05	1.5892690420150757
580080	-1.204166	0.283266	1.338626	0.299942	1.590225	3.813801	-0.15319312810897828	5.925925925925925e-05	1.5902210474014282
580200	-1.202727	0.283561	1.340716	0.300374	1.590994	3.821779	-0.15322716534137726	2.6337448559670777e-05	1.5910017490386963
580320	-1.201816	0.284085	1.341604	0.300648	1.591982	3.825174	-0.1532571904361248	3.9506172839506166e-05	1.5919616222381592
580440	-1.200444	0.285158	1.343890	0.301061	1.593776	3.833927	-0.15335654765367507	5.925925925925925e-05	1.5937540531158447
580560	-1.199373	0.285606	1.344368	0.301383	1.594365	3.835761	-0.15340529456734658	3.9506172839506166e-05	1.5943603515625
580680	-1.198943	0.286139	1.343870	0.301513	1.595202	3.833853	-0.15344683602452278	3.9506172839506166e-05	1.5951863527297974
580800	-1.197202	0.287365	1.344469	0.302038	1.597075	3.836150	-0.15355862453579902	2.6337448559670777e-05	1.5970628261566162
580920	-1.195287	0.288245	1.347207	0.302617	1.598923	3.846666	-0.15364211723208426	5.925925925925925e-05	1.598913311958313
581040	-1.193769	0.288760	1.346491	0.303077	1.599711	3.843915	-0.15368029698729516	3.9506172839506166e-05	1.5996992588043213
581160	-1.193544	0.289650	1.346536	0.303145	1.601328	3.844085	-0.15376778542995453	5.925925925925925e-05	1.601320743560791
581280	-1.192717	0.290497	1.347065	0.303396	1.602708	3.846121	-0.1538415975868702	3.9506172839506166e-05	1.6026957035064697
581400	-1.192097	0.291383	1.348425	0.303584	1.604227	3.851357	-0.1539211519062519	5.925925925925925e-05	1.6042119264602661
581520	-1.190479	0.292023	1.349972	0.304076	1.605568	3.857317	-0.1539849027991295	5.925925925925925e-05	1.6055558919906616
581640	-1.190124	0.292676	1.351945	0.304184	1.607234	3.864934	-0.15404429882764817	2.6337448559670777e-05	1.6072286367416382
581760	-1.188492	0.293298	1.352887	0.304680	1.608443	3.868579	-0.15409708246588708	3.9506172839506166e-05	1.6084390878677368
581880	-1.189147	0.293996	1.353038	0.304481	1.609601	3.869164	-0.15416090041399003	1.7558299039780518e-05	1.6095961332321167
582000	-1.187817	0.295151	1.353929	0.304886	1.611768	3.872610	-0.154257071018219	5.925925925925925e-05	1.6117398738861084
582120	-1.188200	0.296194	1.355949	0.304769	1.613864	3.880442	-0.15435112044215202	5.925925925925925e-05	1.6138441562652588
582240	-1.188975	0.296784	1.357965	0.304533	1.615391	3.888271	-0.15441107377409935	3.9506172839506166e-05	1.615379810333252
582360	-1.189295	0.297766	1.359583	0.304436	1.617234	3.894567	-0.1544943705201149	2.6337448559670777e-05	1.617222547531128
582480	-1.189486	0.298133	1.359736	0.304378	1.618002	3.895164	-0.15453627780079843	5.925925925925925e-05	1.6180014610290527
582600	-1.190020	0.298654	1.359892	0.304215	1.618853	3.895771	-0.15457685366272927	2.6337448559670777e-05	1.6188416481018066
582720	-1.190424	0.299072	1.359804	0.304092	1.619713	3.895428	-0.15461368337273598	3.9506172839506166e-05	1.6197021007537842
582840	-1.188074	0.299677	1.361688	0.304808	1.620820	3.902775	-0.15466973707079887	3.9506172839506166e-05	1.6208139657974243
582960	-1.186549	0.300214	1.362158	0.305273	1.621420	3.904611	-0.15471580773591995	5.925925925925925e-05	1.6214048862457275
583080	-1.186980	0.300480	1.363022	0.305141	1.621959	3.907986	-0.15475034415721894	3.9506172839506166e-05	1.6219648122787476
583200	-1.187171	0.301155	1.363854	0.305083	1.623144	3.911240	-0.1548025868833065	5.925925925925925e-05	1.6231300830841064
583320	-1.185462	0.301716	1.364677	0.305605	1.624010	3.914457	-0.15485485047101974	3.9506172839506166e-05	1.624001383781433
583440	-1.183885	0.302252	1.363698	0.306087	1.624619	3.910630	-0.15490831062197685	5.925925925925925e-05	1.624616026878357
583560	-1.182276	0.302951	1.365157	0.306580	1.625776	3.916337	-0.15496187508106232	5.925925925925925e-05	1.6257615089416504
583680	-1.182387	0.303831	1.368285	0.306546	1.627369	3.928606	-0.15504260659217833	5.925925925925925e-05	1.6273515224456787
583800	-1.180639	0.304937	1.370951	0.307082	1.629360	3.939095	-0.15513544604182244	3.9506172839506166e-05	1.6293468475341797
583920	-1.179390	0.305652	1.373329	0.307466	1.630669	3.948473	-0.15520418137311937	5.925925925925925e-05	1.6306531429290771
584040	-1.178289	0.305920	1.374880	0.307805	1.631249	3.954602	-0.15523223876953124	3.9506172839506166e-05	1.6312470436096191
584160	-1.176588	0.306643	1.374652	0.308329	1.632103	3.953701	-0.15529552474617958	3.9506172839506166e-05	1.6320858001708984
584280	-1.176119	0.307683	1.377267	0.308474	1.634066	3.964053	-0.15539380684494972	5.925925925925925e-05	1.6340621709823608
584400	-1.176247	0.308111	1.379485	0.308434	1.635243	3.972856	-0.15543158128857612	2.6337448559670777e-05	1.6352360248565674
584520	-1.177830	0.308673	1.378745	0.307946	1.636056	3.969917	-0.1554838687181473	2.6337448559670777e-05	1.6360541582107544
584640	-1.176540	0.309055	1.377787	0.308344	1.636462	3.966115	-0.15551160722970964	5.925925925925925e-05	1.6364377737045288
584760	-1.175284	0.309909	1.378624	0.308731	1.638022	3.969436	-0.15558650866150855	3.9506172839506166e-05	1.6380014419555664
584880	-1.173660	0.310651	1.380749	0.309233	1.639156	3.977879	-0.1556569941341877	3.9506172839506166e-05	1.639153003692627
585000	-1.173173	0.311538	1.381792	0.309384	1.640588	3.982030	-0.15573241487145423	2.6337448559670777e-05	1.6405811309814453
585120	-1.172026	0.312303	1.380105	0.309739	1.641487	3.975318	-0.15580596402287483	2.6337448559670777e-05	1.6414800882339478
585240	-1.169557	0.312907	1.379902	0.310504	1.642219	3.974514	-0.1558564320206642	5.925925925925925e-05	1.6421996355056763
585360	-1.169732	0.313708	1.380387	0.310450	1.643739	3.976440	-0.15592839643359185	2.6337448559670777e-05	1.6437276601791382
585480	-1.170113	0.314544	1.379651	0.310332	1.644967	3.973513	-0.15600922480225562	5.925925925925925e-05	1.6449636220932007
585600	-1.169050	0.315069	1.383028	0.310662	1.646168	3.986957	-0.15605118721723557	2.6337448559670777e-05	1.6461496353149414
585720	-1.167633	0.316078	1.384992	0.311103	1.647869	3.994795	-0.15614579245448112	3.9506172839506166e-05	1.647856593132019
585840	-1.168208	0.317000	1.386976	0.310924	1.649872	4.002728	-0.1562209777534008	5.925925925925925e-05	1.6498521566390991
585960	-1.167202	0.317367	1.388222	0.311237	1.650454	4.007718	-0.15626383796334267	3.9506172839506166e-05	1.6504484415054321
586080	-1.166716	0.318164	1.390314	0.311388	1.652098	4.016110	-0.15633554756641388	5.925925925925925e-05	1.6520932912826538
586200	-1.167681	0.318987	1.391045	0.311087	1.653653	4.019049	-0.15640738904476165	5.925925925925925e-05	1.6536362171173096
586320	-1.167901	0.319449	1.391058	0.311019	1.654632	4.019101	-0.1564466044306755	2.6337448559670777e-05	1.6546180248260498
586440	-1.168636	0.319772	1.391948	0.310790	1.655418	4.022681	-0.1564754642546177	5.925925925925925e-05	1.6554032564163208
586560	-1.167597	0.320512	1.393157	0.311114	1.656912	4.027543	-0.15654685348272324	3.9506172839506166e-05	1.6568981409072876
586680	-1.164551	0.321111	1.396006	0.312063	1.658091	4.039036	-0.15659103021025658	8.888888888888888e-05	1.6580499410629272
586800	-1.161847	0.321913	1.398664	0.312908	1.659815	4.049787	-0.15667041540145873	2.6337448559670777e-05	1.6598037481307983
586920	-1.162606	0.322651	1.400642	0.312670	1.661676	4.057802	-0.15674056112766266	2.6337448559670777e-05	1.661669373512268
587040	-1.163196	0.322942	1.401534	0.312486	1.662379	4.061427	-0.15676323771476747	3.9506172839506166e-05	1.6623687744140625
587160	-1.161566	0.323947	1.401520	0.312996	1.663656	4.061369	-0.15683636516332627	5.925925925925925e-05	1.6636130809783936
587280	-1.161879	0.324606	1.402765	0.312898	1.664816	4.066428	-0.15690856650471688	2.6337448559670777e-05	1.664805293083191
587400	-1.161322	0.325175	1.403212	0.313072	1.665668	4.068248	-0.15696914866566658	3.9506172839506166e-05	1.6656607389450073
587520	-1.161182	0.325835	1.404709	0.313116	1.666780	4.074340	-0.1570185162127018	5.925925925925925e-05	1.6667580604553223
587640	-1.159603	0.326346	1.404854	0.313611	1.667388	4.074934	-0.15707432106137276	3.9506172839506166e-05	1.6673885583877563
587760	-1.160784	0.327547	1.406125	0.313240	1.669644	4.080114	-0.1571703441441059	5.925925925925925e-05	1.6696226596832275
587880	-1.162670	0.328381	1.407231	0.312650	1.671338	4.084629	-0.15724935084581376	3.9506172839506166e-05	1.6713272333145142
588000	-1.162714	0.328871	1.407977	0.312637	1.672117	4.087677	-0.15729963257908822	3.9506172839506166e-05	1.672110676765442
588120	-1.162776	0.329587	1.409324	0.312617	1.673649	4.093187	-0.15735816359519958	3.9506172839506166e-05	1.6736289262771606
588240	-1.162559	0.330479	1.409061	0.312685	1.674974	4.092111	-0.15744290947914125	5.925925925925925e-05	1.6749578714370728
588360	-1.160857	0.331355	1.410966	0.313218	1.676487	4.099912	-0.157516198605299	5.925925925925925e-05	1.6764684915542603
588480	-1.159907	0.332186	1.413597	0.313515	1.678493	4.110716	-0.1575929969549179	5.925925925925925e-05	1.6784727573394775
588600	-1.158847	0.333344	1.416091	0.313848	1.680742	4.120982	-0.15770420506596566	2.6337448559670777e-05	1.6807408332824707
588720	-1.158756	0.333797	1.417133	0.313876	1.681609	4.125278	-0.15773143544793128	5.925925925925925e-05	1.681583285331726
588840	-1.158020	0.334755	1.419460	0.314108	1.683457	4.134889	-0.157822485268116	3.9506172839506166e-05	1.683426856994629
588960	-1.156273	0.335557	1.421707	0.314657	1.685311	4.144190	-0.15790099203586577	5.925925925925925e-05	1.6852952241897583
589080	-1.153468	0.335778	1.420990	0.315541	1.685109	4.141220	-0.1579137422144413	3.9506172839506166e-05	1.685091495513916
589200	-1.154219	0.336325	1.423056	0.315304	1.686379	4.149782	-0.15796733945608138	3.9506172839506166e-05	1.6863675117492676
589320	-1.151588	0.337518	1.424289	0.316134	1.688052	4.154901	-0.15807929560542106	3.9506172839506166e-05	1.6880486011505127
589440	-1.150272	0.338231	1.425712	0.316551	1.689401	4.160820	-0.15813885480165482	2.6337448559670777e-05	1.689390778541565
589560	-1.149337	0.338737	1.426067	0.316847	1.690521	4.162295	-0.15818875953555106	3.9506172839506166e-05	1.6905156373977661
589680	-1.149078	0.338792	1.427485	0.316929	1.690566	4.168203	-0.15819336324930192	5.925925925925925e-05	1.6905568838119507
589800	-1.148030	0.339452	1.426595	0.317261	1.691767	4.164496	-0.15824861600995063	5.925925925925925e-05	1.691763997077942
589920	-1.146410	0.339867	1.425036	0.317776	1.692074	4.158007	-0.15828783214092254	5.925925925925925e-05	1.6920663118362427
590040	-1.143221	0.340917	1.425432	0.318790	1.693361	4.159657	-0.15838374122977256	2.6337448559670777e-05	1.6933616399765015
590160	-1.144154	0.341416	1.426013	0.318493	1.694504	4.162070	-0.15842402949929238	5.925925925925925e-05	1.6944924592971802
590280	-1.143595	0.342379	1.427203	0.318671	1.696221	4.167028	-0.15851018354296684	2.6337448559670777e-05	1.6961990594863892
590400	-1.141503	0.343044	1.427274	0.319339	1.697174	4.167325	-0.15857089683413506	2.6337448559670777e-05	1.6971678733825684
590520	-1.143057	0.344128	1.429086	0.318843	1.699410	4.174882	-0.15867135003209115	5.925925925925925e-05	1.6993993520736694
590640	-1.142690	0.344754	1.430185	0.318960	1.700324	4.179473	-0.15872980952262877	3.9506172839506166e-05	1.700314998626709
590760	-1.142645	0.345127	1.429910	0.318974	1.701157	4.178324	-0.15876219794154167	2.6337448559670777e-05	1.7011520862579346
590880	-1.141631	0.345547	1.429000	0.319298	1.701746	4.174525	-0.1588021956384182	3.9506172839506166e-05	1.7017449140548706
591000	-1.139802	0.346123	1.429776	0.319882	1.702793	4.177763	-0.1588458701968193	2.6337448559670777e-05	1.7027831077575684
591120	-1.137676	0.346939	1.430658	0.320563	1.703919	4.181451	-0.15892328768968583	3.9506172839506166e-05	1.7039083242416382
591240	-1.137564	0.348001	1.430504	0.320599	1.705796	4.180805	-0.15901857167482375	3.9506172839506166e-05	1.7057840824127197
591360	-1.137702	0.348692	1.430946	0.320555	1.706889	4.182655	-0.15908163636922837	2.6337448559670777e-05	1.7068854570388794
591480	-1.137655	0.349550	1.430575	0.320570	1.708076	4.181101	-0.1591550387442112	8.888888888888888e-05	1.708059310913086
591600	-1.139352	0.350437	1.429511	0.320026	1.709259	4.176656	-0.159236840903759	2.6337448559670777e-05	1.7092468738555908
591720	-1.139657	0.351183	1.430687	0.319929	1.711023	4.181570	-0.15930370911955832	5.925925925925925e-05	1.7110059261322021
591840	-1.139890	0.352049	1.431052	0.319854	1.712388	4.183097	-0.15937429219484328	3.9506172839506166e-05	1.7123737335205078
591960	-1.137322	0.353331	1.433768	0.320677	1.714789	4.194473	-0.1594852589070797	2.6337448559670777e-05	1.7147656679153442
592080	-1.138088	0.354298	1.436360	0.320431	1.717103	4.205359	-0.15958202108740807	3.9506172839506166e-05	1.7170912027359009
592200	-1.136811	0.354837	1.436847	0.320841	1.718054	4.207410	-0.15963947921991348	3.9506172839506166e-05	1.718056321144104
592320	-1.134409	0.356146	1.439372	0.321612	1.720402	4.218048	-0.1597526751458645	3.9506172839506166e-05	1.7203941345214844
592440	-1.134519	0.356932	1.440892	0.321577	1.721866	4.224464	-0.15981990471482277	3.9506172839506166e-05	1.7218427658081055
592560	-1.132659	0.358149	1.444111	0.322175	1.724590	4.238084	-0.15993261337280273	2.6337448559670777e-05	1.7245769500732422
592680	-1.132074	0.358458	1.446678	0.322364	1.725549	4.248975	-0.1599651448428631	8.888888888888888e-05	1.7255514860153198
592800	-1.131839	0.359467	1.447523	0.322440	1.727187	4.252567	-0.1600474923849106	5.925925925925925e-05	1.7271687984466553
592920	-1.131279	0.360527	1.450418	0.322620	1.729617	4.264899	-0.16014382913708686	5.925925925925925e-05	1.7296013832092285
593040	-1.130804	0.361375	1.452231	0.322774	1.731332	4.272637	-0.16022018268704413	5.925925925925925e-05	1.7313146591186523
593160	-1.128322	0.362298	1.453849	0.323576	1.732803	4.279555	-0.16030509993433953	2.6337448559670777e-05	1.732793927192688
593280	-1.127811	0.362977	1.454201	0.323741	1.734051	4.281061	-0.16036573871970178	1.7558299039780518e-05	1.7340364456176758
593400	-1.127219	0.363409	1.453699	0.323933	1.734866	4.278915	-0.1603963293135166	3.9506172839506166e-05	1.7348394393920898
593520	-1.126358	0.363892	1.454394	0.324212	1.735453	4.281886	-0.16044847667217255	2.6337448559670777e-05	1.7354437112808228
593640	-1.123905	0.365521	1.457178	0.325008	1.738315	4.293824	-0.16058134883642197	3.9506172839506166e-05	1.7382874488830566
593760	-1.122232	0.366502	1.457908	0.325552	1.739889	4.296961	-0.1606847621500492	5.925925925925925e-05	1.73989999294281
593880	-1.121392	0.367548	1.458306	0.325826	1.741598	4.298670	-0.16077279970049857	2.6337448559670777e-05	1.7415884733200073
594000	-1.121206	0.368253	1.458528	0.325887	1.742833	4.299627	-0.16084808781743049	3.9506172839506166e-05	1.742825984954834
594120	-1.121426	0.368819	1.458459	0.325815	1.743747	4.299330	-0.1609038755297661	3.9506172839506166e-05	1.7437561750411987
594240	-1.123304	0.369505	1.459634	0.325203	1.745340	4.304382	-0.1609497718513012	3.9506172839506166e-05	1.7453168630599976
594360	-1.122736	0.370233	1.460925	0.325388	1.747087	4.309945	-0.16101871505379678	2.6337448559670777e-05	1.747075080871582
594480	-1.122141	0.370925	1.461848	0.325582	1.748197	4.313926	-0.16107815355062485	3.9506172839506166e-05	1.7481938600540161
594600	-1.121273	0.371357	1.460101	0.325865	1.748696	4.306393	-0.1611233986914158	2.6337448559670777e-05	1.748692512512207
594720	-1.122567	0.372007	1.462201	0.325443	1.750358	4.315448	-0.16117985993623735	3.9506172839506166e-05	1.7503503561019897
594840	-1.123974	0.372691	1.461565	0.324986	1.751483	4.312704	-0.16124139502644538	5.925925925925925e-05	1.7514727115631104
594960	-1.123800	0.373527	1.461848	0.325042	1.753273	4.313922	-0.16131385117769242	5.925925925925925e-05	1.753254771232605
595080	-1.122318	0.374466	1.461771	0.325524	1.754967	4.313593	-0.16139678210020064	5.925925925925925e-05	1.7549524307250977
595200	-1.120417	0.375553	1.463504	0.326144	1.756828	4.321072	-0.1614951714873314	2.6337448559670777e-05	1.756818413734436
595320	-1.120022	0.376090	1.462266	0.326273	1.757616	4.315729	-0.16154296472668647	5.925925925925925e-05	1.7576018571853638
595440	-1.119132	0.377060	1.463032	0.326563	1.759511	4.319034	-0.16163012087345124	5.925925925925925e-05	1.759477972984314
595560	-1.117251	0.378107	1.464845	0.327178	1.761590	4.326874	-0.161725664883852	5.925925925925925e-05	1.7615816593170166
595680	-1.116974	0.379017	1.465920	0.327269	1.763302	4.331528	-0.1618100330233574	2.6337448559670777e-05	1.7633005380630493
595800	-1.117236	0.379453	1.466313	0.327183	1.763996	4.333229	-0.16184199452400208	3.9506172839506166e-05	1.7639609575271606
595920	-1.116696	0.380415	1.465477	0.327360	1.765324	4.329610	-0.16192784830927848	5.925925925925925e-05	1.7653058767318726
596040	-1.115362	0.381188	1.467312	0.327797	1.766693	4.337561	-0.1619944080710411	5.925925925925925e-05	1.7666606903076172
596160	-1.114254	0.382310	1.467757	0.328160	1.768975	4.339493	-0.16210195049643517	2.6337448559670777e-05	1.7689520120620728
596280	-1.114591	0.382830	1.469564	0.328049	1.769869	4.347342	-0.1621539756655693	2.6337448559670777e-05	1.769858479499817
596400	-1.112686	0.383412	1.469846	0.328675	1.770808	4.348567	-0.16221408620476724	2.6337448559670777e-05	1.7708076238632202
596520	-1.111710	0.384589	1.471182	0.328996	1.772910	4.354381	-0.162315421551466	2.6337448559670777e-05	1.7729003429412842
596640	-1.110184	0.385186	1.472074	0.329498	1.774227	4.358263	-0.16236574277281762	2.6337448559670777e-05	1.7742087841033936
596760	-1.112583	0.385477	1.473872	0.328709	1.775515	4.366107	-0.16239160671830177	1.7558299039780518e-05	1.7755013704299927
596880	-1.112453	0.386627	1.475924	0.328752	1.777752	4.375077	-0.16248489022254944	8.888888888888888e-05	1.7777349948883057
597000	-1.110937	0.387708	1.476013	0.329250	1.778920	4.375465	-0.16258514896035195	8.888888888888888e-05	1.7789108753204346
597120	-1.109814	0.388584	1.475828	0.329620	1.780379	4.374657	-0.16266966313123704	5.925925925925925e-05	1.7803620100021362
597240	-1.109723	0.389154	1.474458	0.329650	1.781187	4.368667	-0.16271777600049972	3.9506172839506166e-05	1.7811766862869263
597360	-1.110274	0.389694	1.474798	0.329469	1.782306	4.370152	-0.16277940720319747	2.6337448559670777e-05	1.7823162078857422
597480	-1.109884	0.390283	1.474522	0.329597	1.783085	4.368948	-0.16282639503479004	5.925925925925925e-05	1.7830835580825806
597600	-1.109810	0.390945	1.475863	0.329622	1.784452	4.374807	-0.16288299188017846	3.9506172839506166e-05	1.7844375371932983
597720	-1.110008	0.391882	1.475943	0.329556	1.786540	4.375162	-0.16296931132674217	3.9506172839506166e-05	1.7865365743637085
597840	-1.109257	0.392656	1.473930	0.329804	1.787674	4.366362	-0.16303570792078972	3.9506172839506166e-05	1.7876603603363037
597960	-1.110184	0.392812	1.472894	0.329498	1.787913	4.361841	-0.16306004971265792	3.9506172839506166e-05	1.787915587425232
598080	-1.109204	0.393872	1.474427	0.329821	1.789758	4.368531	-0.16314736679196357	3.9506172839506166e-05	1.7897621393203735
598200	-1.107852	0.394945	1.474817	0.330268	1.791592	4.370236	-0.16323930397629738	2.6337448559670777e-05	1.791574478149414
598320	-1.106491	0.395709	1.475331	0.330717	1.793069	4.372485	-0.16330702230334282	2.6337448559670777e-05	1.7930585145950317
598440	-1.106300	0.396532	1.475755	0.330781	1.794716	4.374337	-0.16337745487689972	3.9506172839506166e-05	1.794687032699585
598560	-1.105627	0.397799	1.474902	0.331003	1.797021	4.370606	-0.16349332258105279	5.925925925925925e-05	1.7969995737075806
598680	-1.105850	0.398837	1.475681	0.330929	1.798889	4.374015	-0.16358800381422042	5.925925925925925e-05	1.798874020576477
598800	-1.104607	0.399550	1.474162	0.331341	1.799806	4.367373	-0.16365567371249198	2.6337448559670777e-05	1.7997967004776
598920	-1.102444	0.400492	1.475836	0.332059	1.801570	4.374691	-0.1637447692453861	5.925925925925925e-05	1.8015646934509277
599040	-1.102514	0.401208	1.473675	0.332035	1.802752	4.365250	-0.1637971356511116	3.9506172839506166e-05	1.8027187585830688
599160	-1.101101	0.402152	1.472380	0.332505	1.804187	4.359597	-0.16388508379459382	2.6337448559670777e-05	1.8041691780090332
599280	-1.101119	0.403120	1.473099	0.332499	1.805899	4.362736	-0.1639700524508953	2.6337448559670777e-05	1.8058854341506958
599400	-1.100193	0.404277	1.475970	0.332807	1.808088	4.375276	-0.16408474147319793	5.925925925925925e-05	1.8080731630325317
599520	-1.099494	0.405198	1.477464	0.333039	1.810067	4.381818	-0.16416805386543273	2.6337448559670777e-05	1.8100502490997314
599640	-1.097907	0.406193	1.478218	0.333568	1.812292	4.385124	-0.16424219757318498	5.925925925925925e-05	1.8122549057006836
599760	-1.096914	0.407107	1.478138	0.333900	1.813586	4.384775	-0.16434484645724295	5.925925925925925e-05	1.813594102859497
599880	-1.097107	0.407208	1.478752	0.333836	1.813685	4.387465	-0.16434762477874756	2.6337448559670777e-05	1.813672661781311
600000	-1.097056	0.407477	1.479867	0.333852	1.814891	4.392363	-0.1643773451447487	5.925925925925925e-05	1.8148812055587769
