step	log_std_min	log_std_mean	log_std_max	std_min	std_mean	std_max	entropy_loss	learning_rate	tensorboard_std_mean
120	-2.000332	-1.997850	-1.995844	0.135290	0.135627	0.135899	0.052103266678750516	2.6337448559670777e-05	0.13562633097171783
240	-2.000961	-1.997437	-1.994555	0.135205	0.135683	0.136074	0.05206812899559736	2.6337448559670777e-05	0.13568221032619476
360	-2.000036	-1.996901	-1.993810	0.135330	0.135756	0.136176	0.05202011410146952	2.6337448559670777e-05	0.1357552707195282
480	-2.000644	-1.996729	-1.992716	0.135248	0.135779	0.136325	0.05200364664196968	2.6337448559670777e-05	0.13577862083911896
600	-1.999742	-1.996040	-1.991141	0.135370	0.135873	0.136540	0.0519438985735178	2.6337448559670777e-05	0.13587218523025513
720	-2.000306	-1.995691	-1.990606	0.135294	0.135920	0.136613	0.05190746057778597	2.6337448559670777e-05	0.13592028617858887
840	-1.999229	-1.995081	-1.990098	0.135440	0.136003	0.136682	0.05185918435454369	2.6337448559670777e-05	0.1360023319721222
960	-1.998845	-1.994564	-1.989197	0.135492	0.136073	0.136805	0.05181637704372406	2.6337448559670777e-05	0.13607221841812134
1080	-1.998154	-1.993924	-1.987332	0.135585	0.136161	0.137061	0.05175290033221245	2.6337448559670777e-05	0.1361602395772934
1200	-1.998026	-1.993431	-1.986962	0.135603	0.136228	0.137111	0.051708780229091644	2.6337448559670777e-05	0.1362271010875702
1320	-1.997484	-1.993075	-1.985276	0.135676	0.136276	0.137343	0.05167827699333429	3.9506172839506166e-05	0.13627544045448303
1440	-1.997736	-1.993003	-1.984831	0.135642	0.136286	0.137404	0.051670254208147526	1.7558299039780518e-05	0.1362859010696411
1560	-1.997781	-1.992746	-1.984511	0.135636	0.136322	0.137448	0.051644700765609744	3.9506172839506166e-05	0.1363212913274765
1680	-1.998112	-1.992145	-1.983984	0.135591	0.136404	0.137520	0.05160130150616169	2.6337448559670777e-05	0.13640201091766357
1800	-1.998571	-1.991696	-1.982752	0.135529	0.136465	0.137690	0.051551293767988685	3.9506172839506166e-05	0.1364642232656479
1920	-1.997951	-1.991353	-1.981897	0.135613	0.136512	0.137808	0.05152187701314688	3.9506172839506166e-05	0.1365109533071518
2040	-1.997063	-1.991171	-1.981519	0.135733	0.136537	0.137860	0.0515031835064292	3.9506172839506166e-05	0.13653609156608582
2160	-1.997623	-1.990907	-1.980140	0.135657	0.136573	0.138050	0.05148004349321127	3.9506172839506166e-05	0.13657242059707642
2280	-1.998497	-1.990676	-1.979381	0.135539	0.136605	0.138155	0.05145487505942583	3.9506172839506166e-05	0.1366051584482193
2400	-1.998527	-1.990446	-1.980274	0.135535	0.136636	0.138031	0.051439054496586326	3.9506172839506166e-05	0.13663597404956818
2520	-1.999575	-1.990504	-1.979615	0.135393	0.136629	0.138122	0.0514370072633028	2.6337448559670777e-05	0.13662943243980408
2640	-2.000624	-1.990068	-1.978639	0.135251	0.136689	0.138257	0.05140372831374407	3.9506172839506166e-05	0.1366887241601944
2760	-2.002592	-1.990183	-1.978639	0.134985	0.136673	0.138257	0.05141132790595293	3.9506172839506166e-05	0.13667356967926025
2880	-2.003975	-1.989470	-1.976534	0.134798	0.136771	0.138549	0.051353779062628745	3.9506172839506166e-05	0.1367708444595337
3000	-2.004063	-1.988853	-1.975811	0.134787	0.136856	0.138649	0.0513019111007452	2.6337448559670777e-05	0.13685525953769684
3120	-2.004802	-1.988571	-1.973915	0.134687	0.136895	0.138912	0.051273631490767003	3.9506172839506166e-05	0.13689427077770233
3240	-2.005413	-1.988581	-1.973416	0.134605	0.136894	0.138981	0.05126805603504181	3.9506172839506166e-05	0.13689425587654114
3360	-2.006348	-1.988435	-1.972426	0.134479	0.136915	0.139119	0.05126145407557488	2.6337448559670777e-05	0.13691407442092896
3480	-2.007037	-1.987895	-1.971455	0.134386	0.136990	0.139254	0.05120868626981974	3.9506172839506166e-05	0.13698941469192505
3600	-2.007910	-1.987495	-1.971540	0.134269	0.137045	0.139242	0.05118223074823618	3.9506172839506166e-05	0.13704311847686768
3720	-2.009106	-1.987565	-1.971300	0.134108	0.137036	0.139276	0.05117424484342337	2.6337448559670777e-05	0.13703568279743195
3840	-2.010043	-1.987672	-1.970797	0.133983	0.137022	0.139346	0.05118807666003704	3.9506172839506166e-05	0.13702064752578735
3960	-2.011206	-1.987769	-1.970350	0.133827	0.137009	0.139408	0.05119137484580279	2.6337448559670777e-05	0.1370094120502472
4080	-2.012031	-1.987904	-1.969708	0.133717	0.136992	0.139498	0.05120818819850683	3.9506172839506166e-05	0.13699160516262054
4200	-2.014170	-1.987778	-1.968385	0.133431	0.137011	0.139682	0.05119721256196499	3.9506172839506166e-05	0.137010395526886
4320	-2.016550	-1.987767	-1.966367	0.133114	0.137014	0.139964	0.0511948661878705	2.6337448559670777e-05	0.13701383769512177
4440	-2.017426	-1.988050	-1.965441	0.132997	0.136976	0.140094	0.05122384857386351	2.6337448559670777e-05	0.1369759440422058
4560	-2.018951	-1.988010	-1.965126	0.132795	0.136983	0.140138	0.05121396537870169	2.6337448559670777e-05	0.13698336482048035
4680	-2.019619	-1.987790	-1.965226	0.132706	0.137014	0.140124	0.05119991023093462	3.9506172839506166e-05	0.13701322674751282
4800	-2.021472	-1.987731	-1.964563	0.132460	0.137024	0.140217	0.051188891381025316	2.6337448559670777e-05	0.13702408969402313
4920	-2.023367	-1.987245	-1.963761	0.132210	0.137092	0.140330	0.05115248542279005	3.9506172839506166e-05	0.13709132373332977
5040	-2.025351	-1.987511	-1.963887	0.131947	0.137058	0.140312	0.05116842202842235	3.9506172839506166e-05	0.13705818355083466
5160	-2.025542	-1.987590	-1.963956	0.131922	0.137048	0.140302	0.051176879182457925	2.6337448559670777e-05	0.13704879581928253
5280	-2.027795	-1.987332	-1.962693	0.131625	0.137087	0.140480	0.05115593764930963	2.6337448559670777e-05	0.1370863914489746
5400	-2.028720	-1.987414	-1.962975	0.131504	0.137077	0.140440	0.05115859340876341	2.6337448559670777e-05	0.13707776367664337
5520	-2.032648	-1.987589	-1.963191	0.130988	0.137057	0.140410	0.0511789683252573	2.6337448559670777e-05	0.13705657422542572
5640	-2.033830	-1.987682	-1.963576	0.130833	0.137045	0.140356	0.051189191080629824	2.6337448559670777e-05	0.1370449662208557
5760	-2.035637	-1.987459	-1.963459	0.130597	0.137078	0.140372	0.05116543360054493	3.9506172839506166e-05	0.13707882165908813
5880	-2.038292	-1.987600	-1.963578	0.130251	0.137062	0.140355	0.05117431227117777	3.9506172839506166e-05	0.1370629519224167
6000	-2.040417	-1.987767	-1.962317	0.129975	0.137042	0.140532	0.05119211282581091	2.6337448559670777e-05	0.1370420753955841
6120	-2.042260	-1.987804	-1.962546	0.129735	0.137040	0.140500	0.051197946257889274	3.9506172839506166e-05	0.1370396465063095
6240	-2.044970	-1.987873	-1.961332	0.129384	0.137033	0.140671	0.05120579265058041	3.9506172839506166e-05	0.13703258335590363
6360	-2.048295	-1.987850	-1.961451	0.128955	0.137039	0.140654	0.051204879954457286	5.925925925925925e-05	0.13703906536102295
6480	-2.051017	-1.988071	-1.960429	0.128604	0.137013	0.140798	0.05121988747268915	2.6337448559670777e-05	0.13701267540454865
6600	-2.053267	-1.988341	-1.959564	0.128315	0.136978	0.140920	0.05124630089849234	3.9506172839506166e-05	0.13697829842567444
6720	-2.054987	-1.988533	-1.958283	0.128094	0.136956	0.141100	0.05125764030963183	3.9506172839506166e-05	0.13695679605007172
6840	-2.058142	-1.988799	-1.957408	0.127691	0.136923	0.141224	0.05128196943551302	3.9506172839506166e-05	0.13692361116409302
6960	-2.061006	-1.989058	-1.955594	0.127326	0.136892	0.141480	0.05130811240524054	2.6337448559670777e-05	0.13689175248146057
7080	-2.062119	-1.989150	-1.955317	0.127184	0.136881	0.141520	0.051322144083678724	3.9506172839506166e-05	0.13688071072101593
7200	-2.063430	-1.989121	-1.955006	0.127018	0.136888	0.141564	0.05131721589714289	3.9506172839506166e-05	0.13688817620277405
7320	-2.065357	-1.989182	-1.954875	0.126773	0.136883	0.141582	0.0513203825801611	3.9506172839506166e-05	0.1368836909532547
7440	-2.066120	-1.989032	-1.954444	0.126676	0.136906	0.141643	0.0513091953471303	2.6337448559670777e-05	0.13690637052059174
7560	-2.067183	-1.988728	-1.953796	0.126542	0.136951	0.141735	0.05128525905311108	3.9506172839506166e-05	0.13695023953914642
7680	-2.068319	-1.988662	-1.953748	0.126398	0.136962	0.141742	0.05127513185143471	3.9506172839506166e-05	0.13696253299713135
7800	-2.069807	-1.988852	-1.953664	0.126210	0.136939	0.141754	0.051293058320879936	3.9506172839506166e-05	0.1369386911392212
7920	-2.070693	-1.988582	-1.952999	0.126098	0.136979	0.141848	0.05126537587493658	3.9506172839506166e-05	0.13697947561740875
8040	-2.072009	-1.988417	-1.953045	0.125933	0.137004	0.141842	0.051256642863154414	2.6337448559670777e-05	0.13700337707996368
8160	-2.074349	-1.988439	-1.953187	0.125638	0.137004	0.141821	0.051254458539187905	2.6337448559670777e-05	0.13700440526008606
8280	-2.076018	-1.988497	-1.952262	0.125429	0.137000	0.141953	0.05126243680715561	3.9506172839506166e-05	0.13699938356876373
8400	-2.077239	-1.988550	-1.950354	0.125276	0.136997	0.142224	0.05126279313117266	2.6337448559670777e-05	0.13699749112129211
8520	-2.078167	-1.988758	-1.949777	0.125159	0.136972	0.142306	0.05128450021147728	2.6337448559670777e-05	0.13697148859500885
8640	-2.080145	-1.989065	-1.948949	0.124912	0.136933	0.142424	0.05131151806563139	2.6337448559670777e-05	0.13693328201770782
8760	-2.081003	-1.989148	-1.947978	0.124805	0.136925	0.142562	0.05132103953510523	2.6337448559670777e-05	0.13692423701286316
8880	-2.081811	-1.988945	-1.947136	0.124704	0.136956	0.142682	0.051303020864725116	3.9506172839506166e-05	0.13695558905601501
9000	-2.083068	-1.988890	-1.946481	0.124548	0.136968	0.142776	0.05129657071083784	3.9506172839506166e-05	0.13696832954883575
9120	-2.083595	-1.988793	-1.945665	0.124482	0.136986	0.142892	0.05129269938915968	3.9506172839506166e-05	0.13698513805866241
9240	-2.084648	-1.988594	-1.944976	0.124351	0.137017	0.142991	0.05126732476055622	3.9506172839506166e-05	0.1370174139738083
9360	-2.085110	-1.988273	-1.944019	0.124293	0.137065	0.143128	0.05124371275305748	3.9506172839506166e-05	0.1370641142129898
9480	-2.085660	-1.988340	-1.943887	0.124225	0.137058	0.143146	0.051243881694972515	2.6337448559670777e-05	0.1370580792427063
9600	-2.086049	-1.988049	-1.943938	0.124177	0.137100	0.143139	0.05122274309396744	2.6337448559670777e-05	0.13709984719753265
9720	-2.087569	-1.987811	-1.945196	0.123988	0.137135	0.142959	0.05120104122906923	3.9506172839506166e-05	0.1371343731880188
9840	-2.088907	-1.987456	-1.944339	0.123822	0.137188	0.143082	0.05117136463522911	2.6337448559670777e-05	0.137187197804451
9960	-2.090053	-1.987286	-1.943473	0.123681	0.137216	0.143206	0.051154174469411375	3.9506172839506166e-05	0.13721512258052826
10080	-2.090760	-1.987162	-1.942999	0.123593	0.137235	0.143274	0.0511432683095336	3.9506172839506166e-05	0.13723397254943848
10200	-2.092454	-1.986931	-1.942501	0.123384	0.137271	0.143345	0.051117309182882306	3.9506172839506166e-05	0.13727149367332458
10320	-2.093723	-1.986901	-1.941998	0.123227	0.137279	0.143417	0.05112238246947527	3.9506172839506166e-05	0.13727842271327972
10440	-2.093947	-1.986986	-1.941705	0.123200	0.137272	0.143459	0.05112413167953491	3.9506172839506166e-05	0.13727161288261414
10560	-2.095136	-1.987057	-1.941195	0.123054	0.137266	0.143532	0.05113240294158459	3.9506172839506166e-05	0.1372656673192978
10680	-2.096615	-1.987006	-1.941714	0.122872	0.137276	0.143458	0.05112584941089153	3.9506172839506166e-05	0.137276291847229
10800	-2.097312	-1.987145	-1.942152	0.122786	0.137260	0.143395	0.05113896131515503	3.9506172839506166e-05	0.13725993037223816
10920	-2.099827	-1.987301	-1.942267	0.122478	0.137245	0.143379	0.051151585578918454	3.9506172839506166e-05	0.1372448354959488
11040	-2.099905	-1.987329	-1.940579	0.122468	0.137247	0.143621	0.0511586245149374	3.9506172839506166e-05	0.13724641501903534
11160	-2.101451	-1.987554	-1.940991	0.122279	0.137220	0.143562	0.051169278845191	3.9506172839506166e-05	0.13722093403339386
11280	-2.103379	-1.987643	-1.940760	0.122043	0.137214	0.143595	0.05118199680000544	3.9506172839506166e-05	0.1372138261795044
11400	-2.105347	-1.987445	-1.940285	0.121803	0.137245	0.143663	0.05116477124392986	3.9506172839506166e-05	0.13724544644355774
11520	-2.105843	-1.987175	-1.940020	0.121743	0.137287	0.143701	0.05113838370889425	3.9506172839506166e-05	0.13728760182857513
11640	-2.106819	-1.987448	-1.939206	0.121624	0.137255	0.143818	0.0511639803647995	2.6337448559670777e-05	0.1372547298669815
11760	-2.108169	-1.987142	-1.938808	0.121460	0.137302	0.143875	0.05113583542406559	3.9506172839506166e-05	0.13730266690254211
11880	-2.109705	-1.986987	-1.938286	0.121274	0.137329	0.143950	0.05112712234258652	2.6337448559670777e-05	0.1373283416032791
12000	-2.112261	-1.987010	-1.938202	0.120964	0.137332	0.143963	0.05112908314913511	5.925925925925925e-05	0.1373310089111328
12120	-2.113514	-1.986765	-1.936853	0.120813	0.137369	0.144157	0.05110628884285688	3.9506172839506166e-05	0.13736942410469055
12240	-2.114490	-1.986614	-1.935672	0.120695	0.137394	0.144327	0.05108779855072498	3.9506172839506166e-05	0.13739444315433502
12360	-2.116603	-1.986558	-1.934150	0.120440	0.137408	0.144547	0.051083600334823134	3.9506172839506166e-05	0.1374078243970871
12480	-2.117828	-1.986367	-1.933415	0.120293	0.137441	0.144653	0.05106739327311516	3.9506172839506166e-05	0.13744032382965088
12600	-2.117602	-1.986260	-1.933906	0.120320	0.137458	0.144582	0.05105813443660736	3.9506172839506166e-05	0.1374576985836029
12720	-2.117640	-1.986330	-1.933348	0.120315	0.137452	0.144663	0.05106296166777611	2.6337448559670777e-05	0.13745218515396118
12840	-2.118142	-1.986298	-1.932933	0.120255	0.137463	0.144723	0.0510621003806591	3.9506172839506166e-05	0.13746239244937897
12960	-2.119353	-1.986312	-1.930216	0.120109	0.137466	0.145117	0.05106534454971552	3.9506172839506166e-05	0.13746538758277893
13080	-2.120742	-1.986423	-1.930664	0.119943	0.137455	0.145052	0.05106898657977581	3.9506172839506166e-05	0.1374555230140686
13200	-2.121426	-1.986390	-1.930539	0.119861	0.137462	0.145070	0.0510691799223423	3.9506172839506166e-05	0.13746222853660583
13320	-2.121277	-1.986128	-1.930107	0.119878	0.137501	0.145133	0.05105268657207489	2.6337448559670777e-05	0.13750067353248596
13440	-2.122576	-1.985982	-1.928766	0.119723	0.137529	0.145327	0.051035437174141406	3.9506172839506166e-05	0.13752900063991547
13560	-2.124770	-1.985992	-1.927490	0.119460	0.137534	0.145513	0.051033622957766055	3.9506172839506166e-05	0.13753388822078705
13680	-2.126575	-1.985608	-1.926144	0.119245	0.137591	0.145709	0.05100537668913603	3.9506172839506166e-05	0.1375904381275177
13800	-2.127728	-1.985585	-1.925229	0.119108	0.137600	0.145842	0.05100153498351574	2.6337448559670777e-05	0.13759887218475342
13920	-2.130428	-1.985530	-1.924728	0.118786	0.137615	0.145915	0.050993457436561584	3.9506172839506166e-05	0.13761521875858307
14040	-2.130968	-1.985262	-1.922395	0.118722	0.137659	0.146256	0.050976163148880003	5.925925925925925e-05	0.13765692710876465
14160	-2.132065	-1.985699	-1.922124	0.118592	0.137602	0.146296	0.05100372210144997	3.9506172839506166e-05	0.13760259747505188
14280	-2.132355	-1.985803	-1.921387	0.118558	0.137593	0.146404	0.05101729817688465	3.9506172839506166e-05	0.13759256899356842
14400	-2.132684	-1.985749	-1.921061	0.118519	0.137606	0.146451	0.05102432686835527	5.925925925925925e-05	0.13760323822498322
14520	-2.132597	-1.985504	-1.919771	0.118529	0.137645	0.146640	0.050995750911533834	3.9506172839506166e-05	0.13764449954032898
14640	-2.135060	-1.985698	-1.919662	0.118237	0.137627	0.146657	0.0510082121938467	3.9506172839506166e-05	0.13762666285037994
14760	-2.136908	-1.985659	-1.918543	0.118019	0.137639	0.146821	0.05100244395434857	3.9506172839506166e-05	0.13763950765132904
14880	-2.137468	-1.985672	-1.917363	0.117953	0.137643	0.146994	0.051006030105054376	3.9506172839506166e-05	0.13764315843582153
15000	-2.139373	-1.985761	-1.916857	0.117729	0.137639	0.147069	0.051018336601555345	3.9506172839506166e-05	0.13763853907585144
15120	-2.139945	-1.985572	-1.916137	0.117661	0.137668	0.147174	0.050997319258749486	3.9506172839506166e-05	0.1376679539680481
15240	-2.140008	-1.985513	-1.914991	0.117654	0.137681	0.147343	0.050990532338619235	3.9506172839506166e-05	0.13768142461776733
15360	-2.141120	-1.985755	-1.914834	0.117523	0.137652	0.147366	0.05100661013275385	2.6337448559670777e-05	0.1376527100801468
15480	-2.142523	-1.985784	-1.913267	0.117358	0.137657	0.147597	0.05101447552442551	3.9506172839506166e-05	0.1376573145389557
15600	-2.143300	-1.986051	-1.913767	0.117267	0.137623	0.147524	0.05103877615183592	3.9506172839506166e-05	0.13762277364730835
15720	-2.144525	-1.986374	-1.914957	0.117124	0.137586	0.147348	0.05106350053101778	3.9506172839506166e-05	0.13758638501167297
15840	-2.147738	-1.986604	-1.914827	0.116748	0.137563	0.147367	0.051088770106434825	3.9506172839506166e-05	0.13756319880485535
15960	-2.148184	-1.986398	-1.913131	0.116696	0.137597	0.147617	0.051069050841033456	3.9506172839506166e-05	0.13759735226631165
16080	-2.150143	-1.986362	-1.911192	0.116467	0.137609	0.147904	0.05106569062918424	2.6337448559670777e-05	0.1376088708639145
16200	-2.151823	-1.986315	-1.912173	0.116272	0.137620	0.147759	0.05106424819678068	3.9506172839506166e-05	0.1376200020313263
16320	-2.153894	-1.986421	-1.912375	0.116031	0.137613	0.147729	0.051073677465319635	2.6337448559670777e-05	0.1376125067472458
16440	-2.155954	-1.986587	-1.911962	0.115793	0.137594	0.147790	0.051091415248811244	3.9506172839506166e-05	0.13759349286556244
16560	-2.157993	-1.986820	-1.910529	0.115557	0.137571	0.148002	0.05111086890101433	3.9506172839506166e-05	0.13757042586803436
16680	-2.158532	-1.987065	-1.909985	0.115494	0.137540	0.148083	0.051131410896778105	2.6337448559670777e-05	0.1375400871038437
16800	-2.159614	-1.986895	-1.909724	0.115370	0.137568	0.148121	0.0511155629530549	2.6337448559670777e-05	0.1375676989555359
16920	-2.160371	-1.986788	-1.908421	0.115282	0.137589	0.148314	0.0511042170226574	3.9506172839506166e-05	0.1375892460346222
17040	-2.161559	-1.986900	-1.907023	0.115145	0.137583	0.148522	0.05112216230481863	3.9506172839506166e-05	0.1375822275876999
17160	-2.162100	-1.986763	-1.905969	0.115083	0.137609	0.148679	0.051108034886419774	3.9506172839506166e-05	0.13760825991630554
17280	-2.165015	-1.986637	-1.903834	0.114748	0.137638	0.148996	0.051092368364334104	3.9506172839506166e-05	0.13763752579689026
17400	-2.165493	-1.986358	-1.903096	0.114693	0.137681	0.149106	0.05106768552213907	3.9506172839506166e-05	0.13768106698989868
17520	-2.165756	-1.986191	-1.902149	0.114663	0.137710	0.149248	0.05105304978787899	3.9506172839506166e-05	0.13771063089370728
17640	-2.166567	-1.986037	-1.901949	0.114570	0.137736	0.149277	0.051033592969179156	3.9506172839506166e-05	0.1377371847629547
17760	-2.168227	-1.986101	-1.901696	0.114380	0.137734	0.149315	0.05104744844138622	3.9506172839506166e-05	0.13773374259471893
17880	-2.168988	-1.986218	-1.898779	0.114293	0.137727	0.149751	0.05105139873921871	3.9506172839506166e-05	0.13772761821746826
18000	-2.169345	-1.986221	-1.897445	0.114252	0.137733	0.149951	0.05105462949723005	2.6337448559670777e-05	0.1377333104610443
18120	-2.172020	-1.986382	-1.896882	0.113947	0.137719	0.150036	0.051062428019940855	3.9506172839506166e-05	0.13771964609622955
18240	-2.173259	-1.986612	-1.895276	0.113806	0.137697	0.150277	0.05108971521258354	3.9506172839506166e-05	0.13769632577896118
18360	-2.174450	-1.986399	-1.894325	0.113671	0.137734	0.150420	0.05107738003134728	2.6337448559670777e-05	0.13773296773433685
18480	-2.175046	-1.986222	-1.893362	0.113603	0.137764	0.150565	0.05105764102190733	5.925925925925925e-05	0.13776381313800812
18600	-2.176604	-1.986340	-1.894777	0.113426	0.137755	0.150352	0.051064045540988444	2.6337448559670777e-05	0.13775525987148285
18720	-2.178079	-1.986165	-1.894401	0.113259	0.137789	0.150408	0.05105348527431488	3.9506172839506166e-05	0.13778796792030334
18840	-2.178669	-1.986216	-1.893836	0.113192	0.137787	0.150493	0.05105709098279476	3.9506172839506166e-05	0.13778668642044067
18960	-2.178503	-1.985954	-1.893758	0.113211	0.137825	0.150505	0.05103135984390974	2.6337448559670777e-05	0.13782468438148499
19080	-2.179278	-1.986224	-1.892782	0.113123	0.137799	0.150652	0.05105867590755224	2.6337448559670777e-05	0.13779853284358978
19200	-2.180757	-1.986179	-1.890611	0.112956	0.137812	0.150979	0.05104748662561178	3.9506172839506166e-05	0.1378123164176941
19320	-2.180979	-1.986284	-1.890958	0.112931	0.137801	0.150927	0.05105426032096148	5.925925925925925e-05	0.13780255615711212
19440	-2.181741	-1.986437	-1.889449	0.112845	0.137786	0.151155	0.051072454266250136	3.9506172839506166e-05	0.13778561353683472
19560	-2.182273	-1.986696	-1.888107	0.112785	0.137753	0.151358	0.051099630817770955	3.9506172839506166e-05	0.13775241374969482
19680	-2.181624	-1.986751	-1.888587	0.112858	0.137752	0.151285	0.051099044643342494	3.9506172839506166e-05	0.13775236904621124
19800	-2.181935	-1.986764	-1.888165	0.112823	0.137757	0.151349	0.051105530187487605	3.9506172839506166e-05	0.1377563774585724
19920	-2.182628	-1.986945	-1.888278	0.112745	0.137737	0.151332	0.051118691079318525	3.9506172839506166e-05	0.13773691654205322
20040	-2.182736	-1.987108	-1.886876	0.112733	0.137719	0.151544	0.05113788191229105	3.9506172839506166e-05	0.13771817088127136
20160	-2.182721	-1.987088	-1.886500	0.112734	0.137730	0.151601	0.05113488882780075	3.9506172839506166e-05	0.13772952556610107
20280	-2.183718	-1.987113	-1.884030	0.112622	0.137737	0.151976	0.05113381259143353	5.925925925925925e-05	0.1377372294664383
20400	-2.185363	-1.987150	-1.882720	0.112437	0.137739	0.152176	0.05113681275397539	3.9506172839506166e-05	0.1377396285533905
20520	-2.185372	-1.987169	-1.882922	0.112436	0.137745	0.152145	0.05114751085639	5.925925925925925e-05	0.13774321973323822
20640	-2.184557	-1.986834	-1.882797	0.112528	0.137796	0.152164	0.05111387111246586	3.9506172839506166e-05	0.13779498636722565
20760	-2.182972	-1.986763	-1.881621	0.112706	0.137810	0.152343	0.05110151879489422	5.925925925925925e-05	0.13781079649925232
20880	-2.182440	-1.986526	-1.879802	0.112766	0.137847	0.152620	0.051082763448357583	3.9506172839506166e-05	0.13784724473953247
21000	-2.182978	-1.986601	-1.878320	0.112705	0.137848	0.152847	0.0510887086391449	3.9506172839506166e-05	0.1378481686115265
21120	-2.184019	-1.986746	-1.877588	0.112588	0.137836	0.152959	0.05110243037343025	3.9506172839506166e-05	0.1378362625837326
21240	-2.184536	-1.986672	-1.875801	0.112530	0.137854	0.153232	0.05109685063362122	2.6337448559670777e-05	0.1378539353609085
21360	-2.185125	-1.986365	-1.873256	0.112464	0.137906	0.153623	0.051069533079862596	3.9506172839506166e-05	0.13790568709373474
21480	-2.183887	-1.986012	-1.872084	0.112603	0.137960	0.153803	0.051040804013609886	2.6337448559670777e-05	0.1379600316286087
21600	-2.183021	-1.986093	-1.872244	0.112701	0.137951	0.153778	0.051042743399739264	3.9506172839506166e-05	0.13795055449008942
21720	-2.182862	-1.986156	-1.871210	0.112719	0.137944	0.153937	0.051052678003907205	2.6337448559670777e-05	0.1379435509443283
21840	-2.182699	-1.985864	-1.870639	0.112737	0.137991	0.154025	0.05102214626967907	1.7558299039780518e-05	0.1379905790090561
21960	-2.182626	-1.985964	-1.869773	0.112745	0.137983	0.154159	0.05103724021464586	3.9506172839506166e-05	0.13798272609710693
22080	-2.182082	-1.985762	-1.868682	0.112806	0.138017	0.154327	0.0510185468941927	3.9506172839506166e-05	0.13801591098308563
22200	-2.183147	-1.985524	-1.867485	0.112686	0.138054	0.154512	0.05098901968449354	2.6337448559670777e-05	0.1380542516708374
22320	-2.184946	-1.985562	-1.865753	0.112484	0.138055	0.154780	0.050995904766023156	3.9506172839506166e-05	0.13805516064167023
22440	-2.186095	-1.985326	-1.864301	0.112355	0.138097	0.155005	0.05097645074129105	3.9506172839506166e-05	0.1380956918001175
22560	-2.186677	-1.985119	-1.862954	0.112289	0.138133	0.155214	0.050958262756466866	3.9506172839506166e-05	0.13813237845897675
22680	-2.187920	-1.985334	-1.861742	0.112150	0.138112	0.155402	0.05097410678863525	3.9506172839506166e-05	0.138112410902977
22800	-2.188440	-1.985391	-1.859600	0.112092	0.138115	0.155735	0.050981893204152584	2.6337448559670777e-05	0.1381143182516098
22920	-2.187720	-1.984974	-1.858970	0.112172	0.138182	0.155833	0.050942272134125235	3.9506172839506166e-05	0.13818195462226868
23040	-2.190441	-1.984792	-1.858834	0.111867	0.138218	0.155854	0.05092710759490728	3.9506172839506166e-05	0.1382175087928772
23160	-2.191834	-1.984698	-1.857659	0.111712	0.138244	0.156037	0.050923468358814714	2.6337448559670777e-05	0.13824330270290375
23280	-2.192251	-1.984560	-1.857908	0.111665	0.138274	0.155999	0.05090738870203495	3.9506172839506166e-05	0.1382739394903183
23400	-2.192168	-1.984562	-1.856597	0.111674	0.138276	0.156203	0.05090515222400427	2.6337448559670777e-05	0.13827624917030334
23520	-2.193758	-1.984871	-1.855523	0.111497	0.138239	0.156371	0.05092945303767919	3.9506172839506166e-05	0.13823896646499634
23640	-2.193331	-1.984784	-1.853827	0.111545	0.138249	0.156637	0.050925621017813685	3.9506172839506166e-05	0.1382489800453186
23760	-2.195823	-1.984779	-1.853439	0.111267	0.138257	0.156697	0.05092596113681793	3.9506172839506166e-05	0.13825641572475433
23880	-2.197899	-1.984901	-1.853948	0.111036	0.138252	0.156618	0.05094075985252857	3.9506172839506166e-05	0.13825087249279022
24000	-2.199454	-1.984823	-1.853181	0.110864	0.138271	0.156738	0.05092630237340927	3.9506172839506166e-05	0.1382710039615631
24120	-2.201582	-1.984423	-1.852844	0.110628	0.138335	0.156791	0.05089923366904259	1.7558299039780518e-05	0.13833414018154144
24240	-2.202786	-1.984709	-1.852799	0.110495	0.138300	0.156798	0.0509139571338892	3.9506172839506166e-05	0.13830067217350006
24360	-2.203935	-1.985095	-1.853644	0.110368	0.138256	0.156665	0.05095094554126263	3.9506172839506166e-05	0.13825638592243195
24480	-2.206649	-1.985158	-1.853738	0.110069	0.138256	0.156650	0.05095775742083788	3.9506172839506166e-05	0.13825580477714539
24600	-2.209586	-1.985277	-1.853745	0.109746	0.138248	0.156649	0.05097110457718372	3.9506172839506166e-05	0.13824816048145294
24720	-2.211536	-1.985149	-1.852432	0.109532	0.138275	0.156855	0.050960686430335043	3.9506172839506166e-05	0.1382749378681183
24840	-2.213365	-1.985210	-1.852285	0.109332	0.138277	0.156878	0.05096238330006599	3.9506172839506166e-05	0.1382777839899063
24960	-2.215044	-1.985138	-1.849484	0.109149	0.138298	0.157318	0.050964811071753505	3.9506172839506166e-05	0.13829666376113892
25080	-2.216085	-1.985146	-1.847953	0.109035	0.138303	0.157559	0.050957555696368215	3.9506172839506166e-05	0.13830311596393585
25200	-2.218280	-1.985243	-1.846803	0.108796	0.138294	0.157741	0.05097005292773247	3.9506172839506166e-05	0.13829369843006134
25320	-2.220105	-1.985396	-1.846344	0.108598	0.138283	0.157813	0.050978645123541354	3.9506172839506166e-05	0.13828366994857788
25440	-2.222568	-1.985559	-1.844816	0.108331	0.138275	0.158054	0.05100014470517635	3.9506172839506166e-05	0.13827422261238098
25560	-2.224804	-1.985519	-1.844279	0.108089	0.138289	0.158139	0.05099150650203228	2.6337448559670777e-05	0.13828907907009125
25680	-2.227247	-1.985275	-1.841742	0.107825	0.138335	0.158541	0.05097454059869051	5.925925925925925e-05	0.13833372294902802
25800	-2.229047	-1.985379	-1.841244	0.107631	0.138329	0.158620	0.05097841583192349	3.9506172839506166e-05	0.13832899928092957
25920	-2.231081	-1.985456	-1.840667	0.107412	0.138327	0.158711	0.050986835919320586	3.9506172839506166e-05	0.13832662999629974
26040	-2.233973	-1.985869	-1.840358	0.107102	0.138280	0.158761	0.051024654693901536	3.9506172839506166e-05	0.13827984035015106
26160	-2.236581	-1.985734	-1.839738	0.106823	0.138306	0.158859	0.05101061593741178	2.6337448559670777e-05	0.1383056938648224
26280	-2.239369	-1.985788	-1.838096	0.106526	0.138310	0.159120	0.05101477634161711	3.9506172839506166e-05	0.13831020891666412
26400	-2.240942	-1.985730	-1.838132	0.106358	0.138321	0.159114	0.051012452505528924	5.925925925925925e-05	0.1383209228515625
26520	-2.243256	-1.985543	-1.836225	0.106112	0.138355	0.159418	0.05099366717040539	3.9506172839506166e-05	0.1383548229932785
26640	-2.245308	-1.985502	-1.836247	0.105895	0.138367	0.159415	0.05098680648952723	3.9506172839506166e-05	0.13836804032325745
26760	-2.248938	-1.985552	-1.836266	0.105511	0.138368	0.159412	0.050992996990680696	3.9506172839506166e-05	0.13836874067783356
26880	-2.251347	-1.985195	-1.836753	0.105257	0.138424	0.159334	0.05096923094242811	3.9506172839506166e-05	0.13842271268367767
27000	-2.253321	-1.985047	-1.835914	0.105050	0.138451	0.159468	0.05094880294054747	3.9506172839506166e-05	0.1384507715702057
27120	-2.254777	-1.984952	-1.836822	0.104897	0.138471	0.159323	0.050945600122213365	2.6337448559670777e-05	0.13846994936466217
27240	-2.256886	-1.984856	-1.835331	0.104676	0.138496	0.159561	0.050925923883914946	3.9506172839506166e-05	0.1384972184896469
27360	-2.258714	-1.984777	-1.834361	0.104485	0.138513	0.159716	0.05092825125902891	3.9506172839506166e-05	0.13851289451122284
27480	-2.261130	-1.984624	-1.833968	0.104233	0.138546	0.159778	0.050912662781774996	3.9506172839506166e-05	0.13854558765888214
27600	-2.262905	-1.984600	-1.832402	0.104048	0.138556	0.160029	0.050915568880736825	3.9506172839506166e-05	0.13855484127998352
27720	-2.266146	-1.984362	-1.831436	0.103711	0.138603	0.160183	0.050890071131289	3.9506172839506166e-05	0.1386028230190277
27840	-2.270028	-1.984500	-1.828979	0.103309	0.138603	0.160577	0.05089187044650316	3.9506172839506166e-05	0.13860398530960083
27960	-2.271401	-1.984538	-1.828100	0.103168	0.138605	0.160719	0.05090546105057001	2.6337448559670777e-05	0.1386042684316635
28080	-2.274310	-1.984543	-1.828335	0.102868	0.138613	0.160681	0.05089944787323475	3.9506172839506166e-05	0.13861429691314697
28200	-2.275281	-1.984650	-1.827845	0.102768	0.138608	0.160760	0.050913358107209206	2.6337448559670777e-05	0.13860835134983063
28320	-2.277194	-1.984826	-1.828188	0.102572	0.138600	0.160704	0.05092004630714655	2.6337448559670777e-05	0.13860158622264862
28440	-2.279436	-1.984861	-1.826356	0.102342	0.138605	0.160999	0.05093145743012428	3.9506172839506166e-05	0.1386050283908844
28560	-2.282366	-1.984790	-1.824355	0.102043	0.138627	0.161322	0.05092763155698776	3.9506172839506166e-05	0.13862664997577667
28680	-2.284184	-1.984592	-1.823845	0.101857	0.138662	0.161404	0.05091253537684679	3.9506172839506166e-05	0.13866165280342102
28800	-2.286848	-1.984321	-1.823504	0.101586	0.138712	0.161459	0.050881591811776164	2.6337448559670777e-05	0.13871246576309204
28920	-2.289022	-1.984268	-1.823258	0.101366	0.138730	0.161499	0.050879649072885516	3.9506172839506166e-05	0.1387299746274948
29040	-2.291233	-1.983994	-1.822309	0.101142	0.138779	0.161652	0.05085677243769169	3.9506172839506166e-05	0.13877885043621063
29160	-2.291725	-1.983846	-1.822225	0.101092	0.138807	0.161666	0.0508433174341917	3.9506172839506166e-05	0.1388062834739685
29280	-2.293894	-1.983565	-1.821388	0.100873	0.138859	0.161801	0.050821509957313535	3.9506172839506166e-05	0.13885803520679474
29400	-2.295258	-1.983199	-1.821310	0.100735	0.138917	0.161814	0.050788205303251746	3.9506172839506166e-05	0.1389157623052597
29520	-2.298701	-1.983128	-1.820426	0.100389	0.138945	0.161957	0.05078522842377424	3.9506172839506166e-05	0.1389431208372116
29640	-2.299378	-1.982892	-1.819238	0.100321	0.138985	0.162149	0.05075968652963638	2.6337448559670777e-05	0.1389847844839096
29760	-2.301116	-1.982913	-1.819061	0.100147	0.138994	0.162178	0.05075883883982897	3.9506172839506166e-05	0.13899369537830353
29880	-2.302480	-1.982628	-1.817772	0.100011	0.139042	0.162387	0.0507378289476037	3.9506172839506166e-05	0.13904070854187012
30000	-2.305183	-1.982350	-1.817389	0.099741	0.139096	0.162449	0.050703654438257216	3.9506172839506166e-05	0.13909660279750824
30120	-2.306645	-1.981889	-1.817465	0.099595	0.139167	0.162437	0.05067233517765999	3.9506172839506166e-05	0.13916587829589844
30240	-2.309159	-1.981705	-1.816901	0.099345	0.139200	0.162529	0.05065128952264786	2.6337448559670777e-05	0.13919992744922638
30360	-2.311223	-1.981971	-1.815387	0.099140	0.139178	0.162775	0.05067674554884434	2.6337448559670777e-05	0.1391773819923401
30480	-2.314022	-1.981999	-1.815185	0.098863	0.139184	0.162808	0.05067352838814258	3.9506172839506166e-05	0.13918443024158478
30600	-2.316224	-1.981932	-1.815170	0.098645	0.139209	0.162810	0.05067137461155653	5.925925925925925e-05	0.1392085701227188
30720	-2.319358	-1.981654	-1.814109	0.098337	0.139260	0.162983	0.050646108388900754	3.9506172839506166e-05	0.13925914466381073
30840	-2.321762	-1.981351	-1.812743	0.098101	0.139316	0.163206	0.050622098706662656	3.9506172839506166e-05	0.13931545615196228
30960	-2.324216	-1.980928	-1.811254	0.097860	0.139388	0.163449	0.0505821106955409	2.6337448559670777e-05	0.13938775658607483
31080	-2.326639	-1.980608	-1.810090	0.097623	0.139444	0.163639	0.05055663678795099	2.6337448559670777e-05	0.13944292068481445
31200	-2.328859	-1.980502	-1.809076	0.097407	0.139471	0.163805	0.050542937591671944	3.9506172839506166e-05	0.13947108387947083
31320	-2.330819	-1.980008	-1.806311	0.097216	0.139554	0.164259	0.050501258857548234	3.9506172839506166e-05	0.13955265283584595
31440	-2.333637	-1.979626	-1.804020	0.096943	0.139623	0.164636	0.05046829599887133	1.7558299039780518e-05	0.13962246477603912
31560	-2.336415	-1.979570	-1.804321	0.096674	0.139639	0.164586	0.05045524891465902	3.9506172839506166e-05	0.13963906466960907
31680	-2.338699	-1.979201	-1.804366	0.096453	0.139697	0.164579	0.05042959079146385	3.9506172839506166e-05	0.13969607651233673
31800	-2.339213	-1.978649	-1.802698	0.096403	0.139784	0.164853	0.050370347872376445	2.6337448559670777e-05	0.13978460431098938
31920	-2.339750	-1.978376	-1.802792	0.096352	0.139823	0.164838	0.05034650452435017	3.9506172839506166e-05	0.13982340693473816
32040	-2.342384	-1.978119	-1.801951	0.096098	0.139875	0.164977	0.050329994037747385	2.6337448559670777e-05	0.13987407088279724
32160	-2.344814	-1.977677	-1.799385	0.095865	0.139948	0.165401	0.050291115790605544	5.925925925925925e-05	0.13994742929935455
32280	-2.346897	-1.977632	-1.798921	0.095666	0.139971	0.165477	0.05027951560914516	3.9506172839506166e-05	0.13997086882591248
32400	-2.349602	-1.977514	-1.798545	0.095407	0.140002	0.165540	0.0502756267786026	3.9506172839506166e-05	0.14000077545642853
32520	-2.353104	-1.977248	-1.798670	0.095074	0.140052	0.165519	0.05024816431105137	3.9506172839506166e-05	0.14005181193351746
32640	-2.354656	-1.976819	-1.798972	0.094926	0.140121	0.165469	0.050214958190917966	3.9506172839506166e-05	0.14011992514133453
32760	-2.355981	-1.976498	-1.797445	0.094800	0.140173	0.165722	0.050189551152288917	5.925925925925925e-05	0.14017163217067719
32880	-2.357680	-1.976325	-1.798160	0.094640	0.140206	0.165603	0.05016559865325689	2.6337448559670777e-05	0.1402062475681305
33000	-2.360838	-1.976498	-1.797590	0.094341	0.140194	0.165698	0.0501739040017128	3.9506172839506166e-05	0.14019495248794556
33120	-2.361813	-1.976335	-1.797015	0.094249	0.140228	0.165793	0.05016463790088892	3.9506172839506166e-05	0.14022736251354218
33240	-2.364024	-1.976264	-1.796701	0.094041	0.140251	0.165845	0.05016359705477953	3.9506172839506166e-05	0.1402503252029419
33360	-2.367097	-1.976517	-1.797613	0.093752	0.140231	0.165694	0.05018102414906025	2.6337448559670777e-05	0.14023032784461975
33480	-2.369056	-1.976285	-1.797137	0.093569	0.140275	0.165773	0.05015967208892107	3.9506172839506166e-05	0.14027509093284607
33600	-2.371027	-1.975928	-1.796162	0.093385	0.140335	0.165934	0.05012998208403587	5.925925925925925e-05	0.14033463597297668
33720	-2.373885	-1.975694	-1.795315	0.093118	0.140381	0.166075	0.05012165810912848	3.9506172839506166e-05	0.1403793841600418
33840	-2.375341	-1.974918	-1.793478	0.092983	0.140503	0.166381	0.05005016103386879	5.925925925925925e-05	0.14050094783306122
33960	-2.376384	-1.974602	-1.792829	0.092886	0.140564	0.166488	0.050015061534941195	5.925925925925925e-05	0.14056336879730225
34080	-2.377969	-1.974149	-1.791855	0.092739	0.140642	0.166651	0.0499698206782341	3.9506172839506166e-05	0.14064225554466248
34200	-2.381063	-1.974093	-1.791271	0.092452	0.140664	0.166748	0.049957325309515	3.9506172839506166e-05	0.14066477119922638
34320	-2.384015	-1.974175	-1.790892	0.092180	0.140668	0.166811	0.04996741283684969	3.9506172839506166e-05	0.14066821336746216
34440	-2.385853	-1.974091	-1.790868	0.092011	0.140691	0.166815	0.04996517673134804	3.9506172839506166e-05	0.14069053530693054
34560	-2.387573	-1.973644	-1.790711	0.091852	0.140763	0.166841	0.04992702919989824	3.9506172839506166e-05	0.1407623291015625
34680	-2.389916	-1.973756	-1.790445	0.091637	0.140755	0.166886	0.04993492849171162	3.9506172839506166e-05	0.1407545655965805
34800	-2.391512	-1.973516	-1.788530	0.091491	0.140798	0.167206	0.04991410095244646	2.6337448559670777e-05	0.14079739153385162
34920	-2.393260	-1.973182	-1.787511	0.091331	0.140858	0.167376	0.04988148342818022	3.9506172839506166e-05	0.1408582478761673
35040	-2.396208	-1.972968	-1.787151	0.091063	0.140902	0.167437	0.049864960834383965	5.925925925925925e-05	0.14090070128440857
35160	-2.398476	-1.972790	-1.786396	0.090856	0.140946	0.167563	0.04985140822827816	3.9506172839506166e-05	0.14094431698322296
35280	-2.400264	-1.972714	-1.785964	0.090694	0.140968	0.167635	0.04984045121818781	3.9506172839506166e-05	0.14096792042255402
35400	-2.403084	-1.972735	-1.786610	0.090439	0.140979	0.167527	0.04983955845236778	3.9506172839506166e-05	0.14097875356674194
35520	-2.405532	-1.972636	-1.786785	0.090217	0.141014	0.167498	0.049837803840637206	2.6337448559670777e-05	0.14101244509220123
35640	-2.407343	-1.972439	-1.785253	0.090054	0.141052	0.167755	0.0498158399015665	1.7558299039780518e-05	0.1410515010356903
35760	-2.409364	-1.972487	-1.785185	0.089872	0.141054	0.167766	0.04981926623731851	3.9506172839506166e-05	0.14105342328548431
35880	-2.411393	-1.972368	-1.784699	0.089690	0.141086	0.167847	0.04981234427541494	3.9506172839506166e-05	0.14108595252037048
36000	-2.413808	-1.972176	-1.784625	0.089474	0.141129	0.167860	0.04979217499494552	3.9506172839506166e-05	0.14112897217273712
36120	-2.416250	-1.971987	-1.783704	0.089256	0.141168	0.168015	0.049778421968221666	3.9506172839506166e-05	0.14116771519184113
36240	-2.418932	-1.972004	-1.783670	0.089017	0.141181	0.168020	0.04977846182882786	3.9506172839506166e-05	0.14118018746376038
36360	-2.421245	-1.972048	-1.782616	0.088811	0.141187	0.168198	0.04977811146527529	2.6337448559670777e-05	0.14118710160255432
36480	-2.423003	-1.971788	-1.782233	0.088655	0.141236	0.168262	0.049763690866529944	3.9506172839506166e-05	0.14123420417308807
36600	-2.425374	-1.971779	-1.780860	0.088445	0.141254	0.168493	0.049756978452205655	3.9506172839506166e-05	0.14125308394432068
36720	-2.427279	-1.971770	-1.779802	0.088277	0.141264	0.168672	0.049756879545748235	3.9506172839506166e-05	0.14126364886760712
36840	-2.428769	-1.971542	-1.777994	0.088145	0.141305	0.168977	0.04973465986549854	2.6337448559670777e-05	0.14130444824695587
36960	-2.431858	-1.971417	-1.777006	0.087873	0.141334	0.169144	0.049722722731530666	3.9506172839506166e-05	0.1413344293832779
37080	-2.433772	-1.971424	-1.775342	0.087705	0.141349	0.169425	0.049726659618318084	3.9506172839506166e-05	0.14134879410266876
37200	-2.434939	-1.971506	-1.775442	0.087603	0.141342	0.169409	0.049726917408406734	2.6337448559670777e-05	0.14134274423122406
37320	-2.438311	-1.971499	-1.775465	0.087308	0.141358	0.169405	0.04973229225724936	3.9506172839506166e-05	0.1413576304912567
37440	-2.439630	-1.971384	-1.775836	0.087193	0.141383	0.169342	0.049721470288932326	2.6337448559670777e-05	0.14138266444206238
37560	-2.442382	-1.971066	-1.775693	0.086953	0.141442	0.169366	0.049694488756358624	3.9506172839506166e-05	0.14144156873226166
37680	-2.444309	-1.970994	-1.776125	0.086786	0.141461	0.169293	0.049689304642379285	3.9506172839506166e-05	0.1414608508348465
37800	-2.445856	-1.971154	-1.774514	0.086652	0.141450	0.169566	0.049698425084352495	3.9506172839506166e-05	0.14144936203956604
37920	-2.446497	-1.970813	-1.772403	0.086596	0.141502	0.169924	0.049672620929777624	3.9506172839506166e-05	0.14150097966194153
38040	-2.448777	-1.970765	-1.772462	0.086399	0.141516	0.169914	0.04966260734945536	2.6337448559670777e-05	0.14151659607887268
38160	-2.451318	-1.970865	-1.771333	0.086180	0.141519	0.170106	0.04967584200203419	2.6337448559670777e-05	0.14151832461357117
38280	-2.454002	-1.970423	-1.770582	0.085949	0.141589	0.170234	0.04963740650564432	2.6337448559670777e-05	0.1415889859199524
38400	-2.454482	-1.970128	-1.769629	0.085908	0.141638	0.170396	0.04960816372185946	3.9506172839506166e-05	0.14163731038570404
38520	-2.456783	-1.969763	-1.768455	0.085710	0.141705	0.170596	0.04957894999533892	3.9506172839506166e-05	0.1417040377855301
38640	-2.458058	-1.969403	-1.767878	0.085601	0.141762	0.170695	0.04955117031931877	3.9506172839506166e-05	0.14176099002361298
38760	-2.459990	-1.969218	-1.766850	0.085436	0.141799	0.170870	0.04952990710735321	3.9506172839506166e-05	0.14179807901382446
38880	-2.462272	-1.969149	-1.766832	0.085241	0.141820	0.170873	0.049520290642976764	3.9506172839506166e-05	0.14181949198246002
39000	-2.463588	-1.969040	-1.766771	0.085129	0.141844	0.170884	0.04950905200093984	3.9506172839506166e-05	0.1418439745903015
39120	-2.464793	-1.968632	-1.765689	0.085026	0.141911	0.171069	0.04947550315409899	3.9506172839506166e-05	0.14191049337387085
39240	-2.466373	-1.968254	-1.764176	0.084892	0.141975	0.171328	0.04944534003734589	3.9506172839506166e-05	0.14197427034378052
39360	-2.468432	-1.968143	-1.764147	0.084718	0.141999	0.171333	0.049430464208126065	2.6337448559670777e-05	0.14199820160865784
39480	-2.470773	-1.967574	-1.763968	0.084519	0.142094	0.171363	0.049381432682275773	3.9506172839506166e-05	0.14209307730197906
39600	-2.472247	-1.966923	-1.763311	0.084395	0.142200	0.171476	0.04933025166392326	3.9506172839506166e-05	0.1421981155872345
39720	-2.471961	-1.966573	-1.762875	0.084419	0.142257	0.171551	0.049288880079984665	2.6337448559670777e-05	0.14225688576698303
39840	-2.473546	-1.966313	-1.763078	0.084285	0.142299	0.171516	0.04926370140165091	3.9506172839506166e-05	0.14229896664619446
39960	-2.474525	-1.965887	-1.762820	0.084203	0.142370	0.171560	0.04923285078257322	2.6337448559670777e-05	0.1423696130514145
40080	-2.476414	-1.965752	-1.763640	0.084044	0.142402	0.171420	0.04921665042638779	3.9506172839506166e-05	0.14240093529224396
40200	-2.477485	-1.965239	-1.763730	0.083954	0.142482	0.171404	0.049170872569084166	2.6337448559670777e-05	0.14248186349868774
40320	-2.479410	-1.964863	-1.763589	0.083793	0.142554	0.171428	0.04914148673415184	2.6337448559670777e-05	0.14255249500274658
40440	-2.480903	-1.964571	-1.763394	0.083668	0.142608	0.171462	0.04911043997853994	2.6337448559670777e-05	0.1426069438457489
40560	-2.482582	-1.964285	-1.763723	0.083527	0.142659	0.171406	0.04908164329826832	3.9506172839506166e-05	0.14265863597393036
40680	-2.484844	-1.964010	-1.763676	0.083339	0.142707	0.171414	0.04905856009572744	3.9506172839506166e-05	0.14270639419555664
40800	-2.486276	-1.963723	-1.762752	0.083219	0.142755	0.171572	0.049039689265191554	3.9506172839506166e-05	0.14275307953357697
40920	-2.487297	-1.963557	-1.762384	0.083134	0.142787	0.171635	0.04901917651295662	3.9506172839506166e-05	0.1427859216928482
41040	-2.487224	-1.963301	-1.761904	0.083140	0.142830	0.171718	0.04899719096720219	3.9506172839506166e-05	0.14282870292663574
41160	-2.488213	-1.962706	-1.762143	0.083058	0.142927	0.171677	0.04894710872322321	3.9506172839506166e-05	0.14292588829994202
41280	-2.489031	-1.962183	-1.760100	0.082990	0.143015	0.172028	0.04889515992254019	3.9506172839506166e-05	0.14301438629627228
41400	-2.491956	-1.961984	-1.759810	0.082748	0.143053	0.172078	0.04887189846485853	3.9506172839506166e-05	0.14305348694324493
41520	-2.492883	-1.961612	-1.758169	0.082671	0.143120	0.172360	0.04884625878185034	2.6337448559670777e-05	0.14311912655830383
41640	-2.494387	-1.961088	-1.757028	0.082547	0.143209	0.172557	0.048800135403871535	3.9506172839506166e-05	0.1432083696126938
41760	-2.495002	-1.960564	-1.754897	0.082496	0.143290	0.172925	0.04875445850193501	3.9506172839506166e-05	0.14328837394714355
41880	-2.496616	-1.959970	-1.752901	0.082363	0.143389	0.173271	0.04869794249534607	3.9506172839506166e-05	0.14338752627372742
42000	-2.498797	-1.959927	-1.752723	0.082184	0.143411	0.173301	0.04868984017521143	2.6337448559670777e-05	0.143410325050354
42120	-2.500123	-1.959437	-1.753419	0.082075	0.143489	0.173181	0.0486484196037054	3.9506172839506166e-05	0.14348828792572021
42240	-2.501708	-1.958928	-1.752341	0.081945	0.143576	0.173368	0.04860470220446587	3.9506172839506166e-05	0.14357593655586243
42360	-2.502947	-1.958598	-1.751775	0.081843	0.143628	0.173466	0.0485732538625598	3.9506172839506166e-05	0.1436278522014618
42480	-2.502942	-1.958248	-1.751144	0.081844	0.143684	0.173575	0.04853974673897028	2.6337448559670777e-05	0.14368368685245514
42600	-2.504018	-1.957853	-1.750452	0.081756	0.143751	0.173695	0.04850862957537174	3.9506172839506166e-05	0.1437501460313797
42720	-2.505815	-1.957424	-1.749952	0.081609	0.143827	0.173782	0.04846239369362593	2.6337448559670777e-05	0.14382751286029816
42840	-2.507337	-1.957179	-1.748400	0.081485	0.143875	0.174052	0.048444395139813426	3.9506172839506166e-05	0.1438744217157364
42960	-2.508593	-1.957084	-1.747844	0.081383	0.143899	0.174149	0.048440687358379364	3.9506172839506166e-05	0.14389728009700775
43080	-2.510145	-1.956433	-1.747873	0.081256	0.143998	0.174144	0.04837982971221209	3.9506172839506166e-05	0.14399702847003937
43200	-2.510427	-1.956271	-1.746442	0.081234	0.144032	0.174393	0.048362632468342784	3.9506172839506166e-05	0.14403192698955536
43320	-2.510324	-1.955885	-1.745533	0.081242	0.144088	0.174552	0.048324322886765005	3.9506172839506166e-05	0.14408844709396362
43440	-2.511909	-1.955374	-1.745545	0.081113	0.144164	0.174550	0.04828959610313177	3.9506172839506166e-05	0.1441623866558075
43560	-2.513025	-1.954987	-1.743962	0.081023	0.144229	0.174826	0.04825141243636608	2.6337448559670777e-05	0.14422808587551117
43680	-2.514285	-1.954583	-1.743614	0.080921	0.144291	0.174887	0.04821100551635027	2.6337448559670777e-05	0.14429056644439697
43800	-2.517016	-1.954382	-1.742110	0.080700	0.144333	0.175150	0.0481930011883378	3.9506172839506166e-05	0.14433299005031586
43920	-2.518271	-1.953793	-1.741221	0.080599	0.144436	0.175306	0.04813355207443237	3.9506172839506166e-05	0.14443673193454742
44040	-2.520909	-1.953533	-1.741598	0.080387	0.144485	0.175240	0.048115193657577035	3.9506172839506166e-05	0.14448457956314087
44160	-2.521307	-1.953026	-1.741223	0.080355	0.144559	0.175306	0.04807978495955467	3.9506172839506166e-05	0.1445574313402176
44280	-2.522702	-1.953102	-1.740579	0.080242	0.144559	0.175419	0.048075266368687156	3.9506172839506166e-05	0.1445590704679489
44400	-2.523895	-1.952755	-1.738825	0.080147	0.144621	0.175727	0.04804765544831753	3.9506172839506166e-05	0.1446203887462616
44520	-2.524552	-1.952379	-1.737971	0.080094	0.144682	0.175877	0.048013289272785184	3.9506172839506166e-05	0.1446812003850937
44640	-2.524916	-1.951732	-1.736433	0.080065	0.144784	0.176148	0.04795724079012871	3.9506172839506166e-05	0.1447831392288208
44760	-2.526298	-1.951416	-1.736568	0.079954	0.144840	0.176124	0.047920653410255906	3.9506172839506166e-05	0.14484040439128876
44880	-2.528693	-1.951210	-1.737183	0.079763	0.144886	0.176016	0.047907158732414246	3.9506172839506166e-05	0.14488519728183746
45000	-2.530698	-1.950913	-1.736694	0.079603	0.144945	0.176102	0.04787986222654581	3.9506172839506166e-05	0.14494435489177704
45120	-2.531953	-1.950734	-1.736464	0.079504	0.144979	0.176142	0.047858232818543914	2.6337448559670777e-05	0.14497965574264526
45240	-2.531932	-1.950406	-1.736735	0.079505	0.145029	0.176094	0.047837430611252785	3.9506172839506166e-05	0.145028218626976
45360	-2.532470	-1.949993	-1.735420	0.079463	0.145099	0.176326	0.04780416451394558	3.9506172839506166e-05	0.14509744942188263
45480	-2.533056	-1.949341	-1.733951	0.079416	0.145207	0.176585	0.04774286095052958	3.9506172839506166e-05	0.1452062577009201
45600	-2.534175	-1.949109	-1.734048	0.079327	0.145250	0.176568	0.047722159139811995	3.9506172839506166e-05	0.1452489197254181
45720	-2.535870	-1.949041	-1.733313	0.079193	0.145270	0.176698	0.04770989790558815	3.9506172839506166e-05	0.1452699899673462
45840	-2.537388	-1.948741	-1.732713	0.079073	0.145330	0.176804	0.047686068527400496	3.9506172839506166e-05	0.14532911777496338
45960	-2.538448	-1.948396	-1.731328	0.078989	0.145390	0.177049	0.04764980301260948	2.6337448559670777e-05	0.14538976550102234
46080	-2.540033	-1.948038	-1.730126	0.078864	0.145449	0.177262	0.04762191325426102	3.9506172839506166e-05	0.1454491764307022
46200	-2.541820	-1.947866	-1.730516	0.078723	0.145492	0.177193	0.04760557692497969	2.6337448559670777e-05	0.1454918086528778
46320	-2.542401	-1.947508	-1.729751	0.078677	0.145555	0.177329	0.04757374282926321	3.9506172839506166e-05	0.14555418491363525
46440	-2.544580	-1.947057	-1.728446	0.078506	0.145627	0.177560	0.04753670711070299	3.9506172839506166e-05	0.14562521874904633
46560	-2.547149	-1.946553	-1.726683	0.078305	0.145714	0.177873	0.04749048389494419	3.9506172839506166e-05	0.14571334421634674
46680	-2.548348	-1.946006	-1.726298	0.078211	0.145804	0.177942	0.04744065441191196	3.9506172839506166e-05	0.1458035558462143
46800	-2.549129	-1.945737	-1.726505	0.078150	0.145855	0.177905	0.04741323664784432	3.9506172839506166e-05	0.14585497975349426
46920	-2.550726	-1.945612	-1.726633	0.078025	0.145881	0.177882	0.04740387201309204	3.9506172839506166e-05	0.14588019251823425
47040	-2.551613	-1.945365	-1.725848	0.077956	0.145920	0.178022	0.047382202371954917	3.9506172839506166e-05	0.1459195464849472
47160	-2.553723	-1.944960	-1.723501	0.077791	0.145987	0.178440	0.04735008589923382	3.9506172839506166e-05	0.14598539471626282
47280	-2.555129	-1.944551	-1.722376	0.077682	0.146058	0.178641	0.04731011930853128	3.9506172839506166e-05	0.14605684578418732
47400	-2.557953	-1.944276	-1.721275	0.077463	0.146121	0.178838	0.04728030301630497	3.9506172839506166e-05	0.14612044394016266
47520	-2.558475	-1.943753	-1.720749	0.077423	0.146204	0.178932	0.04723896738141775	3.9506172839506166e-05	0.14620287716388702
47640	-2.558934	-1.943251	-1.718963	0.077387	0.146284	0.179252	0.04719174057245255	3.9506172839506166e-05	0.1462838351726532
47760	-2.559925	-1.943188	-1.718686	0.077311	0.146307	0.179302	0.04718285817652941	3.9506172839506166e-05	0.146306574344635
47880	-2.561679	-1.942889	-1.716569	0.077175	0.146366	0.179682	0.04715736154466867	3.9506172839506166e-05	0.14636549353599548
48000	-2.563073	-1.942521	-1.716023	0.077068	0.146431	0.179780	0.04712788872420788	3.9506172839506166e-05	0.1464303731918335
48120	-2.564199	-1.941934	-1.715095	0.076981	0.146527	0.179947	0.047073199041187765	3.9506172839506166e-05	0.14652696251869202
48240	-2.564193	-1.941337	-1.712901	0.076981	0.146625	0.180342	0.04701664596796036	3.9506172839506166e-05	0.14662538468837738
48360	-2.565398	-1.940818	-1.712784	0.076889	0.146710	0.180363	0.04697226583957672	3.9506172839506166e-05	0.1467098444700241
48480	-2.565330	-1.940267	-1.713334	0.076894	0.146800	0.180264	0.046931331418454646	2.6337448559670777e-05	0.14679817855358124
48600	-2.566121	-1.939639	-1.713658	0.076833	0.146903	0.180205	0.04686716254800558	3.9506172839506166e-05	0.14690227806568146
48720	-2.568336	-1.938800	-1.712937	0.076663	0.147038	0.180335	0.046795503981411454	3.9506172839506166e-05	0.14703711867332458
48840	-2.569901	-1.938123	-1.711201	0.076543	0.147151	0.180649	0.046733473613858226	3.9506172839506166e-05	0.14714954793453217
48960	-2.570491	-1.938199	-1.710380	0.076498	0.147153	0.180797	0.04673295710235834	3.9506172839506166e-05	0.1471526324748993
49080	-2.570909	-1.937656	-1.708350	0.076466	0.147245	0.181164	0.04669056627899408	3.9506172839506166e-05	0.14724363386631012
49200	-2.572190	-1.937323	-1.707720	0.076368	0.147303	0.181279	0.046655648946762086	2.6337448559670777e-05	0.14730291068553925
49320	-2.573596	-1.936912	-1.705935	0.076261	0.147375	0.181602	0.04662002697587013	3.9506172839506166e-05	0.14737436175346375
49440	-2.574247	-1.936953	-1.705923	0.076211	0.147376	0.181605	0.0466188196092844	3.9506172839506166e-05	0.14737603068351746
49560	-2.575465	-1.936238	-1.705389	0.076118	0.147493	0.181702	0.046566964499652384	3.9506172839506166e-05	0.14749082922935486
49680	-2.577547	-1.935474	-1.702858	0.075960	0.147625	0.182162	0.04649854768067598	2.6337448559670777e-05	0.14762328565120697
49800	-2.578620	-1.934979	-1.701649	0.075879	0.147708	0.182383	0.04644704628735781	2.6337448559670777e-05	0.14770717918872833
49920	-2.578507	-1.934669	-1.702796	0.075887	0.147757	0.182174	0.04641833622008562	2.6337448559670777e-05	0.1477564573287964
50040	-2.581312	-1.934389	-1.701231	0.075675	0.147812	0.182459	0.04639103543013334	3.9506172839506166e-05	0.14781226217746735
50160	-2.580838	-1.933833	-1.700068	0.075710	0.147901	0.182671	0.046352363936603067	3.9506172839506166e-05	0.14789871871471405
50280	-2.580726	-1.933373	-1.699070	0.075719	0.147974	0.182853	0.04630401134490967	3.9506172839506166e-05	0.1479729861021042
50400	-2.581906	-1.932953	-1.698227	0.075630	0.148049	0.183008	0.04626497533172369	3.9506172839506166e-05	0.14804799854755402
50520	-2.583470	-1.932579	-1.697915	0.075512	0.148111	0.183065	0.046229125931859016	2.6337448559670777e-05	0.14811116456985474
50640	-2.583753	-1.932026	-1.696893	0.075490	0.148198	0.183252	0.046185084246099	3.9506172839506166e-05	0.1481965333223343
50760	-2.584181	-1.931527	-1.695512	0.075458	0.148276	0.183505	0.046137362346053125	3.9506172839506166e-05	0.1482757329940796
50880	-2.585372	-1.931074	-1.694776	0.075368	0.148356	0.183640	0.04609359260648489	3.9506172839506166e-05	0.14835530519485474
51000	-2.587389	-1.930805	-1.693106	0.075216	0.148414	0.183947	0.04607342258095741	2.6337448559670777e-05	0.14841334521770477
51120	-2.587983	-1.930411	-1.692785	0.075171	0.148482	0.184006	0.046034491062164305	3.9506172839506166e-05	0.14848187565803528
51240	-2.589760	-1.929797	-1.693003	0.075038	0.148580	0.183966	0.0459809148684144	1.7558299039780518e-05	0.1485797017812729
51360	-2.591136	-1.929392	-1.691649	0.074935	0.148653	0.184215	0.04594123046845198	3.9506172839506166e-05	0.1486525535583496
51480	-2.592025	-1.928671	-1.690879	0.074868	0.148771	0.184357	0.045882243849337104	2.6337448559670777e-05	0.14877058565616608
51600	-2.593014	-1.928229	-1.690537	0.074794	0.148846	0.184420	0.045842541567981246	3.9506172839506166e-05	0.14884498715400696
51720	-2.594706	-1.928050	-1.690537	0.074668	0.148887	0.184421	0.04581933058798313	3.9506172839506166e-05	0.1488867551088333
51840	-2.596344	-1.927694	-1.690595	0.074546	0.148952	0.184410	0.04579540640115738	3.9506172839506166e-05	0.14895085990428925
51960	-2.598274	-1.927656	-1.691018	0.074402	0.148970	0.184332	0.045786102861166	3.9506172839506166e-05	0.14896908402442932
52080	-2.599761	-1.927329	-1.691012	0.074291	0.149027	0.184333	0.045759551040828225	3.9506172839506166e-05	0.14902640879154205
52200	-2.600426	-1.926907	-1.689873	0.074242	0.149098	0.184543	0.04572472609579563	3.9506172839506166e-05	0.14909635484218597
52320	-2.601375	-1.926439	-1.689864	0.074172	0.149170	0.184545	0.04567703623324633	3.9506172839506166e-05	0.14916953444480896
52440	-2.602339	-1.926230	-1.688668	0.074100	0.149213	0.184765	0.04566105753183365	1.7558299039780518e-05	0.14921213686466217
52560	-2.602539	-1.926105	-1.689517	0.074085	0.149234	0.184609	0.04564621597528458	3.9506172839506166e-05	0.14923346042633057
52680	-2.603801	-1.925570	-1.688455	0.073992	0.149325	0.184805	0.045602703280746934	3.9506172839506166e-05	0.14932416379451752
52800	-2.605936	-1.925047	-1.687954	0.073834	0.149423	0.184897	0.04555231779813766	2.6337448559670777e-05	0.14942239224910736
52920	-2.607627	-1.924683	-1.687315	0.073709	0.149486	0.185016	0.04552155323326588	3.9506172839506166e-05	0.14948488771915436
53040	-2.609987	-1.924454	-1.687963	0.073535	0.149528	0.184896	0.045498427376151084	3.9506172839506166e-05	0.14952726662158966
53160	-2.611046	-1.924183	-1.687127	0.073458	0.149580	0.185050	0.045474322699010375	1.7558299039780518e-05	0.14957979321479797
53280	-2.611376	-1.923898	-1.685609	0.073433	0.149633	0.185332	0.045444197952747345	2.6337448559670777e-05	0.1496337652206421
53400	-2.611784	-1.923495	-1.684440	0.073403	0.149702	0.185548	0.04541731756180525	1.7558299039780518e-05	0.14970143139362335
53520	-2.611881	-1.922841	-1.683855	0.073396	0.149812	0.185657	0.04535914771258831	3.9506172839506166e-05	0.14981038868427277
53640	-2.611963	-1.922152	-1.682242	0.073390	0.149921	0.185957	0.04529620297253132	3.9506172839506166e-05	0.14991971850395203
53760	-2.613074	-1.921472	-1.680617	0.073309	0.150035	0.186259	0.04523530676960945	3.9506172839506166e-05	0.1500343382358551
53880	-2.613298	-1.921251	-1.679205	0.073292	0.150066	0.186522	0.04521015100181103	3.9506172839506166e-05	0.1500650942325592
54000	-2.614020	-1.920953	-1.678536	0.073240	0.150125	0.186647	0.045179512910544874	3.9506172839506166e-05	0.15012510120868683
54120	-2.616132	-1.920630	-1.678719	0.073085	0.150187	0.186613	0.04515429083257914	3.9506172839506166e-05	0.15018604695796967
54240	-2.617963	-1.920451	-1.679119	0.072951	0.150228	0.186538	0.045143570937216285	3.9506172839506166e-05	0.15022684633731842
54360	-2.619353	-1.920263	-1.679977	0.072850	0.150263	0.186378	0.04511926379054785	3.9506172839506166e-05	0.1502627432346344
54480	-2.620252	-1.919854	-1.678393	0.072785	0.150335	0.186674	0.04508458338677883	3.9506172839506166e-05	0.15033479034900665
54600	-2.622002	-1.919303	-1.677443	0.072657	0.150428	0.186851	0.04503477476537228	3.9506172839506166e-05	0.1504279226064682
54720	-2.623745	-1.919281	-1.677583	0.072531	0.150441	0.186825	0.045037617161870006	3.9506172839506166e-05	0.1504397988319397
54840	-2.624932	-1.919143	-1.676324	0.072445	0.150477	0.187060	0.045021852850914	3.9506172839506166e-05	0.15047618746757507
54960	-2.627688	-1.918833	-1.675470	0.072245	0.150544	0.187220	0.044991647265851496	3.9506172839506166e-05	0.15054330229759216
55080	-2.629544	-1.918501	-1.674333	0.072111	0.150611	0.187433	0.0449609313160181	3.9506172839506166e-05	0.15061089396476746
55200	-2.630933	-1.918088	-1.673383	0.072011	0.150690	0.187611	0.04492713026702404	1.7558299039780518e-05	0.15068930387496948
55320	-2.631963	-1.917938	-1.674484	0.071937	0.150726	0.187405	0.04491145927459002	3.9506172839506166e-05	0.150725856423378
55440	-2.633400	-1.917827	-1.673465	0.071834	0.150760	0.187596	0.04490428846329451	3.9506172839506166e-05	0.15075866878032684
55560	-2.634509	-1.917323	-1.672801	0.071754	0.150849	0.187720	0.04485588818788529	3.9506172839506166e-05	0.15084907412528992
55680	-2.635308	-1.916919	-1.672396	0.071697	0.150918	0.187797	0.044820768758654594	3.9506172839506166e-05	0.15091808140277863
55800	-2.636628	-1.916788	-1.672202	0.071602	0.150953	0.187833	0.044801948592066765	3.9506172839506166e-05	0.15095378458499908
55920	-2.636930	-1.916217	-1.671771	0.071581	0.151055	0.187914	0.04475552830845118	2.6337448559670777e-05	0.1510552316904068
56040	-2.638469	-1.916226	-1.672136	0.071471	0.151062	0.187845	0.044753553718328475	2.6337448559670777e-05	0.15106220543384552
56160	-2.640695	-1.915939	-1.671410	0.071312	0.151119	0.187982	0.04473288375884295	3.9506172839506166e-05	0.15111806988716125
56280	-2.641955	-1.915578	-1.670448	0.071222	0.151185	0.188163	0.04470249246805906	3.9506172839506166e-05	0.1511838734149933
56400	-2.642831	-1.915212	-1.670231	0.071160	0.151250	0.188204	0.04466410987079143	3.9506172839506166e-05	0.1512504518032074
56520	-2.643065	-1.915014	-1.668964	0.071143	0.151297	0.188442	0.044657398015260696	1.7558299039780518e-05	0.15129610896110535
56640	-2.643063	-1.914693	-1.668794	0.071143	0.151352	0.188474	0.044624046236276624	3.9506172839506166e-05	0.15135060250759125
56760	-2.643431	-1.914265	-1.667468	0.071117	0.151429	0.188724	0.044580782763659954	3.9506172839506166e-05	0.15142829716205597
56880	-2.645517	-1.914260	-1.667955	0.070969	0.151440	0.188633	0.04457787498831749	2.6337448559670777e-05	0.15144012868404388
57000	-2.646908	-1.913642	-1.666747	0.070870	0.151542	0.188860	0.04452833868563175	3.9506172839506166e-05	0.15154144167900085
57120	-2.648495	-1.913102	-1.666306	0.070758	0.151633	0.188944	0.044483914785087106	3.9506172839506166e-05	0.151631698012352
57240	-2.650525	-1.912678	-1.664393	0.070614	0.151717	0.189306	0.044435502775013444	3.9506172839506166e-05	0.15171687304973602
57360	-2.651981	-1.912472	-1.663977	0.070511	0.151759	0.189384	0.04441824331879616	3.9506172839506166e-05	0.15175887942314148
57480	-2.652903	-1.912123	-1.664023	0.070446	0.151827	0.189376	0.044387496635317804	3.9506172839506166e-05	0.1518273502588272
57600	-2.654813	-1.911911	-1.663473	0.070312	0.151870	0.189480	0.044365653209388255	3.9506172839506166e-05	0.1518699824810028
57720	-2.655889	-1.911770	-1.663216	0.070236	0.151895	0.189529	0.044360168278217316	2.6337448559670777e-05	0.15189453959465027
57840	-2.657439	-1.911395	-1.663071	0.070128	0.151962	0.189556	0.04432143941521645	3.9506172839506166e-05	0.1519615799188614
57960	-2.659611	-1.910722	-1.661307	0.069975	0.152087	0.189891	0.044268188439309596	3.9506172839506166e-05	0.1520860493183136
58080	-2.659699	-1.910293	-1.662600	0.069969	0.152151	0.189645	0.0442236240953207	3.9506172839506166e-05	0.1521509736776352
58200	-2.659956	-1.909654	-1.662031	0.069951	0.152266	0.189753	0.04417198225855827	3.9506172839506166e-05	0.15226508677005768
58320	-2.661397	-1.909317	-1.660805	0.069851	0.152336	0.189986	0.044135899282991886	3.9506172839506166e-05	0.152335062623024
58440	-2.662199	-1.909046	-1.660246	0.069795	0.152390	0.190092	0.0441139979287982	3.9506172839506166e-05	0.1523885726928711
58560	-2.663442	-1.908691	-1.659669	0.069708	0.152462	0.190202	0.044079415127635004	2.6337448559670777e-05	0.15246175229549408
58680	-2.664625	-1.908352	-1.658412	0.069625	0.152533	0.190441	0.044053398072719574	3.9506172839506166e-05	0.15253160893917084
58800	-2.666558	-1.908236	-1.658271	0.069491	0.152566	0.190468	0.04403593838214874	3.9506172839506166e-05	0.1525663286447525
58920	-2.668935	-1.907917	-1.658913	0.069326	0.152627	0.190346	0.044014631770551205	3.9506172839506166e-05	0.15262554585933685
59040	-2.669437	-1.907439	-1.657934	0.069291	0.152710	0.190532	0.04397288132458925	3.9506172839506166e-05	0.15270893275737762
59160	-2.671355	-1.906386	-1.655976	0.069158	0.152889	0.190906	0.04387839697301388	3.9506172839506166e-05	0.15288788080215454
59280	-2.673395	-1.906104	-1.654186	0.069018	0.152945	0.191248	0.043845216371119024	3.9506172839506166e-05	0.1529441773891449
59400	-2.674515	-1.905816	-1.653050	0.068940	0.153005	0.191465	0.043821907974779604	2.6337448559670777e-05	0.15300415456295013
59520	-2.676000	-1.905553	-1.651564	0.068838	0.153053	0.191750	0.043792988359928134	3.9506172839506166e-05	0.15305264294147491
59640	-2.676329	-1.905400	-1.652229	0.068815	0.153080	0.191622	0.04378208257257939	3.9506172839506166e-05	0.15307946503162384
59760	-2.676907	-1.905090	-1.652437	0.068776	0.153133	0.191582	0.04376113954931497	3.9506172839506166e-05	0.15313155949115753
59880	-2.678244	-1.904525	-1.653541	0.068684	0.153235	0.191371	0.043712268397212026	2.6337448559670777e-05	0.15323396027088165
60000	-2.680281	-1.903971	-1.652757	0.068544	0.153333	0.191521	0.04366200678050518	5.925925925925925e-05	0.15333150327205658
60120	-2.681720	-1.904006	-1.652412	0.068445	0.153343	0.191587	0.0436569320037961	3.9506172839506166e-05	0.15334317088127136
60240	-2.684471	-1.903994	-1.653196	0.068257	0.153360	0.191437	0.04365670084953308	3.9506172839506166e-05	0.1533593386411667
60360	-2.685949	-1.903538	-1.651460	0.068156	0.153448	0.191770	0.04362009335309267	3.9506172839506166e-05	0.15344645082950592
60480	-2.687587	-1.903173	-1.650922	0.068045	0.153521	0.191873	0.0435831043869257	3.9506172839506166e-05	0.15352104604244232
60600	-2.689566	-1.902768	-1.651023	0.067910	0.153591	0.191854	0.04355008397251368	3.9506172839506166e-05	0.15359050035476685
60720	-2.690714	-1.902337	-1.649829	0.067832	0.153671	0.192083	0.04351036604493856	3.9506172839506166e-05	0.15367074310779572
60840	-2.692816	-1.901889	-1.648098	0.067690	0.153762	0.192415	0.04346629306674003	3.9506172839506166e-05	0.1537618637084961
60960	-2.694071	-1.901489	-1.645467	0.067605	0.153843	0.192922	0.04343478679656983	3.9506172839506166e-05	0.15384194254875183
61080	-2.694866	-1.901057	-1.644536	0.067551	0.153928	0.193102	0.04339731652289629	1.7558299039780518e-05	0.15392734110355377
61200	-2.695834	-1.900425	-1.643486	0.067486	0.154033	0.193305	0.043339327536523344	3.9506172839506166e-05	0.15403267741203308
61320	-2.697331	-1.900230	-1.642882	0.067385	0.154079	0.193422	0.04332009814679623	2.6337448559670777e-05	0.15407855808734894
61440	-2.697648	-1.899960	-1.643061	0.067364	0.154119	0.193387	0.04329615887254477	1.1705532693187011e-05	0.15411871671676636
61560	-2.698131	-1.899710	-1.643114	0.067331	0.154162	0.193377	0.04327208567410708	3.9506172839506166e-05	0.15416152775287628
61680	-2.699067	-1.899590	-1.642585	0.067268	0.154191	0.193479	0.04326368123292923	3.9506172839506166e-05	0.1541895717382431
61800	-2.700346	-1.899042	-1.642026	0.067182	0.154286	0.193588	0.043210711888968946	3.9506172839506166e-05	0.1542855054140091
61920	-2.701291	-1.898731	-1.641537	0.067119	0.154343	0.193682	0.043183481134474275	3.9506172839506166e-05	0.15434275567531586
62040	-2.702213	-1.898152	-1.640133	0.067057	0.154449	0.193954	0.04312939662486315	3.9506172839506166e-05	0.1544494330883026
62160	-2.702558	-1.897823	-1.640350	0.067034	0.154504	0.193912	0.04309827536344528	3.9506172839506166e-05	0.1545047014951706
62280	-2.704344	-1.897618	-1.638780	0.066914	0.154554	0.194217	0.043087128549814224	3.9506172839506166e-05	0.1545529067516327
62400	-2.705296	-1.896983	-1.636909	0.066851	0.154665	0.194580	0.04302842114120722	3.9506172839506166e-05	0.1546647846698761
62520	-2.707410	-1.896797	-1.636877	0.066709	0.154702	0.194587	0.043010827712714673	3.9506172839506166e-05	0.1547008454799652
62640	-2.709205	-1.896548	-1.636638	0.066590	0.154746	0.194633	0.04298884999006987	2.6337448559670777e-05	0.15474584698677063
62760	-2.710836	-1.896118	-1.634806	0.066481	0.154832	0.194990	0.042949259467422965	2.6337448559670777e-05	0.15483148396015167
62880	-2.712337	-1.895629	-1.633327	0.066381	0.154926	0.195279	0.042904322408139704	2.6337448559670777e-05	0.15492545068264008
63000	-2.713206	-1.895382	-1.632330	0.066324	0.154981	0.195473	0.04288834873586893	3.9506172839506166e-05	0.1549791395664215
63120	-2.714414	-1.894893	-1.632276	0.066244	0.155070	0.195484	0.04283794928342104	3.9506172839506166e-05	0.15506979823112488
63240	-2.713961	-1.894438	-1.631325	0.066274	0.155146	0.195670	0.042804017663002014	3.9506172839506166e-05	0.1551448106765747
63360	-2.715379	-1.893933	-1.631061	0.066180	0.155246	0.195722	0.042752530239522454	3.9506172839506166e-05	0.1552455872297287
63480	-2.716938	-1.893520	-1.629141	0.066077	0.155332	0.196098	0.042715066485106944	3.9506172839506166e-05	0.15533143281936646
63600	-2.718103	-1.892897	-1.627917	0.066000	0.155444	0.196338	0.04266097079962492	2.6337448559670777e-05	0.15544278919696808
63720	-2.719795	-1.892560	-1.627374	0.065888	0.155519	0.196445	0.04263325110077858	3.9506172839506166e-05	0.1555178463459015
63840	-2.722259	-1.892351	-1.626626	0.065726	0.155562	0.196592	0.04260919261723757	3.9506172839506166e-05	0.1555619239807129
63960	-2.723895	-1.891901	-1.625122	0.065619	0.155638	0.196888	0.04257425088435411	2.6337448559670777e-05	0.15563704073429108
64080	-2.725017	-1.891623	-1.625178	0.065545	0.155691	0.196877	0.04254125766456127	3.9506172839506166e-05	0.15569086372852325
64200	-2.726230	-1.891319	-1.624805	0.065466	0.155749	0.196950	0.04251796528697014	3.9506172839506166e-05	0.1557483971118927
64320	-2.727122	-1.890554	-1.623188	0.065407	0.155885	0.197269	0.04245016407221556	3.9506172839506166e-05	0.1558835208415985
64440	-2.729185	-1.890403	-1.623310	0.065272	0.155932	0.197245	0.042434729635715485	2.6337448559670777e-05	0.15593168139457703
64560	-2.730929	-1.890058	-1.622133	0.065159	0.155991	0.197477	0.04240469466894865	3.9506172839506166e-05	0.15599088370800018
64680	-2.731279	-1.889696	-1.621468	0.065136	0.156064	0.197608	0.04237349797040224	3.9506172839506166e-05	0.15606296062469482
64800	-2.733454	-1.889418	-1.620964	0.064994	0.156129	0.197708	0.04234590549021959	3.9506172839506166e-05	0.15612855553627014
64920	-2.734231	-1.889103	-1.620928	0.064944	0.156188	0.197715	0.04231488071382046	3.9506172839506166e-05	0.15618844330310822
65040	-2.736434	-1.888641	-1.620556	0.064801	0.156273	0.197789	0.0422831105068326	3.9506172839506166e-05	0.15627093613147736
65160	-2.738208	-1.888223	-1.619344	0.064686	0.156355	0.198029	0.042238129675388335	3.9506172839506166e-05	0.15635409951210022
65280	-2.741033	-1.888075	-1.618051	0.064504	0.156404	0.198285	0.042222816683351996	3.9506172839506166e-05	0.1564040333032608
65400	-2.742324	-1.888280	-1.616579	0.064420	0.156389	0.198577	0.042241372540593146	2.6337448559670777e-05	0.15638823807239532
65520	-2.743333	-1.887948	-1.615951	0.064356	0.156452	0.198702	0.04221347998827696	3.9506172839506166e-05	0.15645179152488708
65640	-2.745266	-1.888071	-1.616587	0.064231	0.156447	0.198575	0.04222426693886518	3.9506172839506166e-05	0.15644623339176178
65760	-2.747330	-1.888036	-1.617583	0.064099	0.156462	0.198378	0.0422199971973896	2.6337448559670777e-05	0.1564616858959198
65880	-2.747968	-1.887873	-1.616488	0.064058	0.156494	0.198595	0.04220345318317413	3.9506172839506166e-05	0.15649384260177612
66000	-2.750741	-1.887523	-1.615880	0.063880	0.156568	0.198716	0.042171658203005793	3.9506172839506166e-05	0.15656833350658417
66120	-2.751856	-1.887251	-1.614809	0.063809	0.156623	0.198929	0.04214783534407616	3.9506172839506166e-05	0.15662291646003723
66240	-2.753998	-1.887113	-1.615092	0.063673	0.156646	0.198872	0.04213672522455454	3.9506172839506166e-05	0.15664637088775635
66360	-2.754365	-1.886590	-1.614112	0.063649	0.156723	0.199067	0.042096147499978545	3.9506172839506166e-05	0.15672190487384796
66480	-2.755424	-1.886265	-1.612962	0.063582	0.156781	0.199297	0.04206337239593268	3.9506172839506166e-05	0.15677984058856964
66600	-2.756384	-1.885972	-1.611611	0.063521	0.156838	0.199566	0.0420364486053586	2.6337448559670777e-05	0.15683738887310028
66720	-2.758472	-1.885663	-1.610564	0.063389	0.156902	0.199775	0.04201196432113648	3.9506172839506166e-05	0.15690116584300995
66840	-2.759892	-1.885162	-1.610456	0.063299	0.156992	0.199797	0.04196248464286327	3.9506172839506166e-05	0.1569918692111969
66960	-2.761571	-1.884813	-1.610004	0.063192	0.157071	0.199887	0.04192942287772894	2.6337448559670777e-05	0.1570708304643631
67080	-2.762564	-1.884696	-1.608499	0.063130	0.157109	0.200188	0.04192308336496353	3.9506172839506166e-05	0.15710754692554474
67200	-2.762417	-1.884346	-1.608398	0.063139	0.157173	0.200208	0.04188832305371761	3.9506172839506166e-05	0.15717299282550812
67320	-2.763409	-1.884121	-1.607012	0.063076	0.157218	0.200486	0.0418674748390913	2.6337448559670777e-05	0.15721823275089264
67440	-2.764940	-1.883723	-1.605269	0.062980	0.157296	0.200836	0.04183183591812849	3.9506172839506166e-05	0.15729647874832153
67560	-2.764763	-1.883709	-1.606035	0.062991	0.157302	0.200682	0.041826649010181426	3.9506172839506166e-05	0.15730221569538116
67680	-2.765255	-1.883054	-1.604569	0.062960	0.157410	0.200976	0.04177662748843432	2.6337448559670777e-05	0.15740931034088135
67800	-2.766626	-1.882777	-1.604175	0.062874	0.157462	0.201055	0.041748495772480965	2.6337448559670777e-05	0.15746137499809265
67920	-2.767760	-1.882417	-1.602941	0.062803	0.157529	0.201304	0.041719239018857476	2.6337448559670777e-05	0.157527357339859
68040	-2.767808	-1.882270	-1.602685	0.062800	0.157550	0.201355	0.04169564191251993	3.9506172839506166e-05	0.15755143761634827
68160	-2.768291	-1.882001	-1.603847	0.062769	0.157598	0.201121	0.04168024882674217	3.9506172839506166e-05	0.15759675204753876
68280	-2.769104	-1.881925	-1.603146	0.062718	0.157620	0.201262	0.04167216047644615	3.9506172839506166e-05	0.15761959552764893
68400	-2.769566	-1.881627	-1.601975	0.062689	0.157680	0.201498	0.04164523631334305	2.6337448559670777e-05	0.1576790064573288
68520	-2.772325	-1.881285	-1.601725	0.062516	0.157745	0.201549	0.04161576274782419	2.6337448559670777e-05	0.157743901014328
68640	-2.774415	-1.880594	-1.600738	0.062386	0.157879	0.201748	0.041554396599531175	3.9506172839506166e-05	0.15787778794765472
68760	-2.774771	-1.880308	-1.599849	0.062364	0.157933	0.201927	0.04152394216507673	2.6337448559670777e-05	0.15793271362781525
68880	-2.775677	-1.880032	-1.597642	0.062307	0.157999	0.202373	0.04150782525539398	1.7558299039780518e-05	0.15799777209758759
69000	-2.776097	-1.879737	-1.596790	0.062281	0.158051	0.202546	0.04147507343441248	2.6337448559670777e-05	0.15805017948150635
69120	-2.776633	-1.879338	-1.596521	0.062248	0.158121	0.202600	0.041441834345459935	3.9506172839506166e-05	0.15811948478221893
69240	-2.777388	-1.879053	-1.596873	0.062201	0.158174	0.202529	0.04141639955341816	3.9506172839506166e-05	0.1581728607416153
69360	-2.777040	-1.878355	-1.596745	0.062222	0.158286	0.202555	0.04135509803891182	2.6337448559670777e-05	0.15828557312488556
69480	-2.778008	-1.878003	-1.596138	0.062162	0.158353	0.202678	0.04131989255547523	3.9506172839506166e-05	0.158352330327034
69600	-2.780610	-1.877446	-1.593827	0.062001	0.158465	0.203147	0.04127290733158588	1.7558299039780518e-05	0.15846435725688934
69720	-2.781472	-1.877300	-1.593352	0.061947	0.158502	0.203243	0.04125238303095102	3.9506172839506166e-05	0.15850205719470978
69840	-2.781697	-1.877142	-1.594025	0.061933	0.158528	0.203106	0.04123701937496662	3.9506172839506166e-05	0.15852844715118408
69960	-2.783054	-1.876895	-1.593142	0.061849	0.158577	0.203286	0.041219104640185834	2.6337448559670777e-05	0.15857654809951782
70080	-2.781974	-1.876188	-1.592613	0.061916	0.158693	0.203393	0.04115811549127102	1.7558299039780518e-05	0.1586921066045761
70200	-2.783132	-1.876131	-1.592489	0.061845	0.158720	0.203419	0.041150153428316114	3.9506172839506166e-05	0.15871956944465637
70320	-2.784012	-1.876067	-1.592940	0.061790	0.158736	0.203327	0.04114251546561718	3.9506172839506166e-05	0.15873609483242035
70440	-2.785191	-1.875718	-1.591891	0.061717	0.158804	0.203540	0.041115545108914374	2.6337448559670777e-05	0.1588030904531479
70560	-2.787642	-1.875235	-1.591567	0.061566	0.158897	0.203606	0.04106404799968004	3.9506172839506166e-05	0.15889739990234375
70680	-2.789326	-1.875060	-1.591239	0.061463	0.158940	0.203673	0.04105150494724512	2.6337448559670777e-05	0.1589396446943283
70800	-2.790508	-1.874751	-1.590640	0.061390	0.159000	0.203795	0.041028419882059096	3.9506172839506166e-05	0.15899905562400818
70920	-2.791241	-1.874360	-1.590183	0.061345	0.159072	0.203888	0.04098844826221466	2.6337448559670777e-05	0.1590714454650879
71040	-2.793428	-1.874163	-1.590878	0.061211	0.159116	0.203747	0.04097188226878643	3.9506172839506166e-05	0.15911492705345154
71160	-2.795508	-1.873831	-1.591334	0.061084	0.159194	0.203654	0.040940810926258564	3.9506172839506166e-05	0.15919415652751923
71280	-2.797406	-1.873427	-1.589691	0.060968	0.159268	0.203989	0.040912548452615737	3.9506172839506166e-05	0.1592668741941452
71400	-2.797840	-1.872987	-1.589669	0.060942	0.159346	0.203993	0.04086697567254305	3.9506172839506166e-05	0.15934601426124573
71520	-2.797271	-1.872525	-1.588974	0.060976	0.159422	0.204135	0.040831230022013186	3.9506172839506166e-05	0.15942083299160004
71640	-2.798141	-1.872051	-1.589237	0.060923	0.159509	0.204081	0.040782018564641476	2.6337448559670777e-05	0.15950913727283478
71760	-2.798882	-1.871706	-1.588712	0.060878	0.159577	0.204188	0.04074625801295042	3.9506172839506166e-05	0.15957723557949066
71880	-2.801509	-1.871306	-1.586737	0.060718	0.159662	0.204592	0.04071714747697115	2.6337448559670777e-05	0.1596613973379135
72000	-2.803288	-1.871107	-1.585978	0.060610	0.159715	0.204747	0.04069408122450113	3.9506172839506166e-05	0.15971508622169495
72120	-2.805066	-1.871154	-1.586181	0.060503	0.159725	0.204706	0.040701024048030374	2.6337448559670777e-05	0.15972454845905304
72240	-2.807109	-1.871200	-1.585098	0.060379	0.159731	0.204928	0.04070126712322235	3.9506172839506166e-05	0.15973077714443207
72360	-2.807643	-1.870836	-1.584848	0.060347	0.159805	0.204979	0.04067247845232487	2.6337448559670777e-05	0.15980441868305206
72480	-2.809492	-1.870812	-1.584166	0.060236	0.159819	0.205119	0.04066523537039757	3.9506172839506166e-05	0.15981896221637726
72600	-2.808946	-1.870455	-1.584394	0.060269	0.159874	0.205072	0.04063951410353184	1.7558299039780518e-05	0.1598735749721527
72720	-2.810403	-1.870440	-1.584438	0.060181	0.159886	0.205063	0.040636026114225385	3.9506172839506166e-05	0.1598852276802063
72840	-2.811039	-1.870041	-1.583196	0.060142	0.159960	0.205318	0.04060179032385349	3.9506172839506166e-05	0.15995971858501434
72960	-2.812472	-1.869698	-1.583262	0.060056	0.160025	0.205304	0.04057043306529522	3.9506172839506166e-05	0.160024955868721
73080	-2.814240	-1.869371	-1.583016	0.059950	0.160095	0.205355	0.040542011894285676	2.6337448559670777e-05	0.16009441018104553
73200	-2.814360	-1.868983	-1.582502	0.059943	0.160162	0.205460	0.040506882779300216	2.6337448559670777e-05	0.1601618081331253
73320	-2.814166	-1.868596	-1.582233	0.059955	0.160217	0.205516	0.040466498397290704	3.9506172839506166e-05	0.16021738946437836
73440	-2.815418	-1.868401	-1.581246	0.059880	0.160266	0.205719	0.04045314509421587	2.6337448559670777e-05	0.16026513278484344
73560	-2.816682	-1.868084	-1.580080	0.059804	0.160339	0.205959	0.04042777568101883	3.9506172839506166e-05	0.1603376269340515
73680	-2.816565	-1.867698	-1.579136	0.059811	0.160402	0.206153	0.04039723761379719	2.6337448559670777e-05	0.1604008674621582
73800	-2.817094	-1.867274	-1.578693	0.059779	0.160475	0.206245	0.040354054793715476	3.9506172839506166e-05	0.16047464311122894
73920	-2.818432	-1.866950	-1.579437	0.059700	0.160533	0.206091	0.040321267768740655	2.6337448559670777e-05	0.16053315997123718
74040	-2.819615	-1.866505	-1.578251	0.059629	0.160618	0.206336	0.04028550181537867	3.9506172839506166e-05	0.16061657667160034
74160	-2.821344	-1.866249	-1.577675	0.059526	0.160673	0.206455	0.04025832209736109	3.9506172839506166e-05	0.1606736034154892
74280	-2.822438	-1.865846	-1.578337	0.059461	0.160745	0.206318	0.04022340085357427	3.9506172839506166e-05	0.1607450544834137
74400	-2.822655	-1.865392	-1.577386	0.059448	0.160813	0.206514	0.040182757377624514	3.9506172839506166e-05	0.1608131378889084
74520	-2.823186	-1.865062	-1.577282	0.059416	0.160871	0.206536	0.04015780482441187	3.9506172839506166e-05	0.16086943447589874
74640	-2.824850	-1.864770	-1.575472	0.059318	0.160937	0.206910	0.0401273250579834	2.6337448559670777e-05	0.16093578934669495
74760	-2.827404	-1.864336	-1.575170	0.059166	0.161027	0.206972	0.040090782567858696	2.6337448559670777e-05	0.16102637350559235
74880	-2.828481	-1.863906	-1.574888	0.059103	0.161104	0.207031	0.04005214683711529	2.6337448559670777e-05	0.16110320389270782
75000	-2.829109	-1.863394	-1.573792	0.059065	0.161203	0.207258	0.0400022629648447	3.9506172839506166e-05	0.16120296716690063
75120	-2.829836	-1.862943	-1.572281	0.059023	0.161290	0.207571	0.03996233809739351	2.6337448559670777e-05	0.161289781332016
75240	-2.830345	-1.862783	-1.571850	0.058993	0.161323	0.207661	0.039949516765773296	3.9506172839506166e-05	0.16132210195064545
75360	-2.831242	-1.862411	-1.571104	0.058940	0.161395	0.207816	0.039914348907768724	2.6337448559670777e-05	0.161394402384758
75480	-2.831789	-1.862192	-1.569562	0.058907	0.161435	0.208136	0.03989112433046103	3.9506172839506166e-05	0.16143524646759033
75600	-2.831909	-1.862109	-1.569820	0.058900	0.161448	0.208083	0.03988655582070351	2.6337448559670777e-05	0.161447212100029
75720	-2.833343	-1.861753	-1.569976	0.058816	0.161518	0.208050	0.039854313246905804	2.6337448559670777e-05	0.16151796281337738
75840	-2.833494	-1.861564	-1.569761	0.058807	0.161550	0.208095	0.03983941450715065	3.9506172839506166e-05	0.16154883801937103
75960	-2.833687	-1.861431	-1.569954	0.058796	0.161574	0.208055	0.03983052223920822	3.9506172839506166e-05	0.16157273948192596
76080	-2.833396	-1.861176	-1.570663	0.058813	0.161613	0.207907	0.03980339523404837	2.6337448559670777e-05	0.16161276400089264
76200	-2.833896	-1.861077	-1.568769	0.058783	0.161640	0.208302	0.039796071499586104	2.6337448559670777e-05	0.16163943707942963
76320	-2.834867	-1.860627	-1.567972	0.058726	0.161729	0.208467	0.039754726365208624	3.9506172839506166e-05	0.16172772645950317
76440	-2.835867	-1.860633	-1.567509	0.058668	0.161740	0.208564	0.039756345376372335	3.9506172839506166e-05	0.16173875331878662
76560	-2.836537	-1.860530	-1.567396	0.058628	0.161768	0.208588	0.03974049221724272	2.6337448559670777e-05	0.16176839172840118
76680	-2.838909	-1.860538	-1.566648	0.058489	0.161782	0.208744	0.039743668399751186	2.6337448559670777e-05	0.16178210079669952
76800	-2.839252	-1.860116	-1.566269	0.058469	0.161856	0.208823	0.03970434442162514	3.9506172839506166e-05	0.16185656189918518
76920	-2.840633	-1.859876	-1.567214	0.058389	0.161900	0.208626	0.03968733567744494	3.9506172839506166e-05	0.16189983487129211
77040	-2.841707	-1.859782	-1.567252	0.058326	0.161923	0.208618	0.03967719431966543	3.9506172839506166e-05	0.16192352771759033
77160	-2.843204	-1.859770	-1.568217	0.058239	0.161934	0.208416	0.03967251256108284	3.9506172839506166e-05	0.16193455457687378
77280	-2.843592	-1.859650	-1.568671	0.058216	0.161970	0.208322	0.03966851849108934	2.6337448559670777e-05	0.1619691103696823
77400	-2.844653	-1.859417	-1.567601	0.058154	0.162023	0.208545	0.039642732962965964	3.9506172839506166e-05	0.16202262043952942
77520	-2.844004	-1.859452	-1.567881	0.058192	0.162016	0.208486	0.039646430686116216	2.6337448559670777e-05	0.16201581060886383
77640	-2.844518	-1.859368	-1.567881	0.058162	0.162035	0.208486	0.03963650539517403	2.6337448559670777e-05	0.16203519701957703
77760	-2.844228	-1.858835	-1.565556	0.058179	0.162125	0.208972	0.03959654867649078	3.9506172839506166e-05	0.16212375462055206
77880	-2.845608	-1.858843	-1.564758	0.058099	0.162131	0.209139	0.03959067240357399	3.9506172839506166e-05	0.16213122010231018
78000	-2.846148	-1.858322	-1.564271	0.058068	0.162226	0.209240	0.03954780846834183	3.9506172839506166e-05	0.16222549974918365
78120	-2.846340	-1.857924	-1.563361	0.058056	0.162299	0.209431	0.03951560948044062	3.9506172839506166e-05	0.1622970849275589
78240	-2.846819	-1.857288	-1.562553	0.058029	0.162413	0.209600	0.03945553284138441	3.9506172839506166e-05	0.1624118536710739
78360	-2.847913	-1.856975	-1.563318	0.057965	0.162466	0.209440	0.03942389208823442	3.9506172839506166e-05	0.16246554255485535
78480	-2.848451	-1.856603	-1.563158	0.057934	0.162529	0.209473	0.0393983805552125	1.7558299039780518e-05	0.16252820193767548
78600	-2.849448	-1.856177	-1.563143	0.057876	0.162610	0.209477	0.039352988824248314	3.9506172839506166e-05	0.16260935366153717
78720	-2.849948	-1.855860	-1.562521	0.057847	0.162667	0.209607	0.039324554800987246	2.6337448559670777e-05	0.16266657412052155
78840	-2.850695	-1.855576	-1.561924	0.057804	0.162731	0.209732	0.03930191043764353	3.9506172839506166e-05	0.16273020207881927
78960	-2.851112	-1.855412	-1.561484	0.057780	0.162766	0.209824	0.03928709514439106	3.9506172839506166e-05	0.16276532411575317
79080	-2.852138	-1.855607	-1.561169	0.057721	0.162743	0.209891	0.039298284240067004	3.9506172839506166e-05	0.1627429872751236
79200	-2.853332	-1.855195	-1.560691	0.057652	0.162820	0.209991	0.039267922006547454	3.9506172839506166e-05	0.16281911730766296
79320	-2.854800	-1.854779	-1.559632	0.057567	0.162902	0.210213	0.03923024814575911	3.9506172839506166e-05	0.16290083527565002
79440	-2.855830	-1.854502	-1.558506	0.057508	0.162960	0.210450	0.039203252829611304	2.6337448559670777e-05	0.16295984387397766
79560	-2.856755	-1.854265	-1.558121	0.057455	0.163017	0.210531	0.039181233197450635	3.9506172839506166e-05	0.16301670670509338
79680	-2.857577	-1.854172	-1.559058	0.057408	0.163042	0.210334	0.039171093702316286	2.6337448559670777e-05	0.16304196417331696
79800	-2.857927	-1.853895	-1.559035	0.057388	0.163086	0.210339	0.0391486257314682	2.6337448559670777e-05	0.16308553516864777
79920	-2.858259	-1.853520	-1.558288	0.057369	0.163162	0.210496	0.03911467604339123	2.6337448559670777e-05	0.16316135227680206
80040	-2.859502	-1.853234	-1.557958	0.057297	0.163224	0.210566	0.039087051153182985	1.7558299039780518e-05	0.1632242053747177
80160	-2.860615	-1.853044	-1.557547	0.057234	0.163261	0.210652	0.03907243814319372	3.9506172839506166e-05	0.1632603257894516
80280	-2.861392	-1.852396	-1.557535	0.057189	0.163377	0.210655	0.039015721157193185	3.9506172839506166e-05	0.1633758246898651
80400	-2.862945	-1.852385	-1.556833	0.057100	0.163394	0.210803	0.03901141416281462	3.9506172839506166e-05	0.16339349746704102
80520	-2.864237	-1.852032	-1.556113	0.057027	0.163470	0.210954	0.03898307513445616	3.9506172839506166e-05	0.1634686142206192
80640	-2.865624	-1.851609	-1.556602	0.056948	0.163552	0.210851	0.03894820790737867	3.9506172839506166e-05	0.16355086863040924
80760	-2.865983	-1.851267	-1.555042	0.056927	0.163618	0.211180	0.03890960831195116	3.9506172839506166e-05	0.16361741721630096
80880	-2.867177	-1.851041	-1.553987	0.056859	0.163657	0.211403	0.03888887837529183	1.7558299039780518e-05	0.16365690529346466
81000	-2.868659	-1.850860	-1.553053	0.056775	0.163706	0.211601	0.03887401539832354	3.9506172839506166e-05	0.1637052744626999
81120	-2.869437	-1.850289	-1.551807	0.056731	0.163810	0.211865	0.03882236536592245	2.6337448559670777e-05	0.16381041705608368
81240	-2.870733	-1.849844	-1.552973	0.056657	0.163894	0.211618	0.03878496866673231	3.9506172839506166e-05	0.1638939529657364
81360	-2.872397	-1.849695	-1.551375	0.056563	0.163935	0.211956	0.03876868337392807	3.9506172839506166e-05	0.1639348864555359
81480	-2.872592	-1.849467	-1.551408	0.056552	0.163975	0.211949	0.03875354323536158	3.9506172839506166e-05	0.16397368907928467
81600	-2.872589	-1.849037	-1.550341	0.056552	0.164054	0.212176	0.03870962280780077	2.6337448559670777e-05	0.16405420005321503
81720	-2.872996	-1.848849	-1.548842	0.056529	0.164097	0.212494	0.03869104832410812	2.6337448559670777e-05	0.16409678757190704
81840	-2.873847	-1.848789	-1.549395	0.056481	0.164112	0.212376	0.038689331337809565	3.9506172839506166e-05	0.16411139070987701
81960	-2.874242	-1.848421	-1.549652	0.056459	0.164176	0.212322	0.03865553569048643	3.9506172839506166e-05	0.16417591273784637
82080	-2.874871	-1.848017	-1.548883	0.056423	0.164251	0.212485	0.03862059880048037	2.6337448559670777e-05	0.16425040364265442
82200	-2.875541	-1.847476	-1.548125	0.056386	0.164356	0.212646	0.03857089839875698	2.6337448559670777e-05	0.1643555760383606
82320	-2.876851	-1.847202	-1.547733	0.056312	0.164415	0.212730	0.03854900095611811	2.6337448559670777e-05	0.1644143909215927
82440	-2.876761	-1.846594	-1.548241	0.056317	0.164524	0.212622	0.03849285542964935	2.6337448559670777e-05	0.16452281177043915
82560	-2.877474	-1.846398	-1.547618	0.056277	0.164568	0.212754	0.038479034416377546	3.9506172839506166e-05	0.1645665168762207
82680	-2.877541	-1.846087	-1.547463	0.056273	0.164624	0.212787	0.03844544924795627	3.9506172839506166e-05	0.16462375223636627
82800	-2.878041	-1.845667	-1.545650	0.056245	0.164707	0.213173	0.038414616324007514	3.9506172839506166e-05	0.16470472514629364
82920	-2.879767	-1.845105	-1.545598	0.056148	0.164813	0.213184	0.038354380242526534	2.6337448559670777e-05	0.1648135781288147
83040	-2.881373	-1.844791	-1.544219	0.056058	0.164877	0.213478	0.038325931318104266	1.7558299039780518e-05	0.16487690806388855
83160	-2.882717	-1.844955	-1.545032	0.055982	0.164869	0.213305	0.038342330045998095	2.6337448559670777e-05	0.16486892104148865
83280	-2.883472	-1.844776	-1.544585	0.055940	0.164912	0.213400	0.03832603730261326	3.9506172839506166e-05	0.16491234302520752
83400	-2.885447	-1.844823	-1.544752	0.055830	0.164920	0.213365	0.038332898542284964	2.6337448559670777e-05	0.1649193912744522
83520	-2.884413	-1.844417	-1.543672	0.055888	0.164991	0.213595	0.03829584233462811	1.7558299039780518e-05	0.16499063372612
83640	-2.884611	-1.844440	-1.543055	0.055877	0.164989	0.213727	0.038289149291813374	2.6337448559670777e-05	0.16498976945877075
83760	-2.884637	-1.844136	-1.541128	0.055875	0.165047	0.214140	0.0382707791402936	2.6337448559670777e-05	0.16504624485969543
83880	-2.884489	-1.843969	-1.541226	0.055883	0.165076	0.214119	0.03825521655380726	2.6337448559670777e-05	0.16507568955421448
84000	-2.885234	-1.843659	-1.540868	0.055842	0.165146	0.214195	0.03822572324424982	2.6337448559670777e-05	0.16514593362808228
84120	-2.885396	-1.843681	-1.539448	0.055833	0.165146	0.214499	0.038228374905884266	3.9506172839506166e-05	0.16514596343040466
84240	-2.885922	-1.843419	-1.537789	0.055803	0.165199	0.214856	0.03820368200540543	3.9506172839506166e-05	0.16519860923290253
84360	-2.887100	-1.843207	-1.536824	0.055738	0.165251	0.215063	0.03818777594715357	3.9506172839506166e-05	0.1652504950761795
84480	-2.888327	-1.843013	-1.536809	0.055669	0.165296	0.215066	0.038167860545217994	3.9506172839506166e-05	0.16529543697834015
84600	-2.887951	-1.842743	-1.537432	0.055690	0.165338	0.214932	0.03814694713801146	2.6337448559670777e-05	0.16533777117729187
84720	-2.888342	-1.842741	-1.537307	0.055668	0.165349	0.214959	0.038143816590309146	3.9506172839506166e-05	0.16534844040870667
84840	-2.888371	-1.842456	-1.537278	0.055667	0.165396	0.214965	0.03811686523258686	3.9506172839506166e-05	0.16539646685123444
84960	-2.889213	-1.842143	-1.537480	0.055620	0.165451	0.214922	0.038091329857707024	3.9506172839506166e-05	0.16545069217681885
85080	-2.889514	-1.841667	-1.538405	0.055603	0.165544	0.214723	0.03804685119539499	3.9506172839506166e-05	0.16554361581802368
85200	-2.890042	-1.841284	-1.538518	0.055574	0.165613	0.214699	0.03801616560667753	3.9506172839506166e-05	0.16561217606067657
85320	-2.891331	-1.841036	-1.537126	0.055502	0.165671	0.214998	0.03799380846321583	3.9506172839506166e-05	0.1656699776649475
85440	-2.892846	-1.840686	-1.536325	0.055418	0.165738	0.215170	0.037962058745324614	3.9506172839506166e-05	0.16573701798915863
85560	-2.892676	-1.840470	-1.535911	0.055428	0.165778	0.215260	0.03793907612562179	2.6337448559670777e-05	0.1657778024673462
85680	-2.894262	-1.840140	-1.534822	0.055340	0.165844	0.215494	0.03791116699576378	2.6337448559670777e-05	0.16584348678588867
85800	-2.894884	-1.839726	-1.534314	0.055305	0.165940	0.215603	0.03787668291479349	3.9506172839506166e-05	0.16593900322914124
85920	-2.895854	-1.839543	-1.534524	0.055252	0.165981	0.215558	0.03785739801824093	3.9506172839506166e-05	0.1659805178642273
86040	-2.897790	-1.839283	-1.532663	0.055145	0.166045	0.215960	0.037834322266280654	3.9506172839506166e-05	0.16604405641555786
86160	-2.899214	-1.838986	-1.532407	0.055066	0.166114	0.216015	0.03780626654624939	3.9506172839506166e-05	0.1661136895418167
86280	-2.900629	-1.838752	-1.531515	0.054989	0.166169	0.216208	0.03778600059449673	2.6337448559670777e-05	0.16616804897785187
86400	-2.901195	-1.838415	-1.530773	0.054957	0.166236	0.216368	0.03775848392397165	3.9506172839506166e-05	0.1662343144416809
86520	-2.903037	-1.838169	-1.529731	0.054856	0.166292	0.216594	0.03773326631635428	3.9506172839506166e-05	0.1662910431623459
86640	-2.903365	-1.837916	-1.529684	0.054838	0.166345	0.216604	0.03770963773131371	2.6337448559670777e-05	0.1663447469472885
86760	-2.904421	-1.837539	-1.529065	0.054781	0.166421	0.216738	0.037678012996912	1.7558299039780518e-05	0.16642077267169952
86880	-2.904027	-1.837253	-1.527823	0.054802	0.166474	0.217008	0.037652968987822534	3.9506172839506166e-05	0.16647297143936157
87000	-2.904354	-1.837215	-1.527276	0.054784	0.166490	0.217126	0.037650416418910024	2.6337448559670777e-05	0.166488915681839
87120	-2.906157	-1.836891	-1.527496	0.054685	0.166563	0.217079	0.03761837314814329	2.6337448559670777e-05	0.16656291484832764
87240	-2.907811	-1.836684	-1.527627	0.054595	0.166613	0.217050	0.03760085627436638	3.9506172839506166e-05	0.16661284863948822
87360	-2.908661	-1.836444	-1.526356	0.054549	0.166666	0.217326	0.03757998254150152	3.9506172839506166e-05	0.1666644811630249
87480	-2.909690	-1.835972	-1.526632	0.054493	0.166764	0.217266	0.03753769975155592	2.6337448559670777e-05	0.1667630970478058
87600	-2.910173	-1.835661	-1.526282	0.054466	0.166830	0.217342	0.03750257827341556	3.9506172839506166e-05	0.1668304204940796
87720	-2.910837	-1.835517	-1.526149	0.054430	0.166865	0.217371	0.03749136552214623	3.9506172839506166e-05	0.16686542332172394
87840	-2.911551	-1.835118	-1.526078	0.054391	0.166941	0.217387	0.03745665941387415	3.9506172839506166e-05	0.16694150865077972
87960	-2.912183	-1.834990	-1.526126	0.054357	0.166966	0.217376	0.037447395361959936	2.6337448559670777e-05	0.16696606576442719
88080	-2.912363	-1.834749	-1.525957	0.054347	0.167012	0.217413	0.037428103387355804	3.9506172839506166e-05	0.16701169312000275
88200	-2.912043	-1.834449	-1.524102	0.054365	0.167074	0.217817	0.03739791885018349	1.7558299039780518e-05	0.1670740246772766
88320	-2.913578	-1.834257	-1.522759	0.054281	0.167121	0.218109	0.03738175556063652	1.7558299039780518e-05	0.16712075471878052
88440	-2.913747	-1.833989	-1.522763	0.054272	0.167175	0.218108	0.03736300952732563	3.9506172839506166e-05	0.16717325150966644
88560	-2.915081	-1.833693	-1.521889	0.054200	0.167241	0.218299	0.037332102097570895	2.6337448559670777e-05	0.16724015772342682
88680	-2.915279	-1.833510	-1.522663	0.054189	0.167284	0.218130	0.03730990868061781	3.9506172839506166e-05	0.167283833026886
88800	-2.915589	-1.833458	-1.523590	0.054172	0.167293	0.217928	0.037308020144701005	3.9506172839506166e-05	0.16729232668876648
88920	-2.917060	-1.833393	-1.524374	0.054092	0.167320	0.217757	0.03729591239243746	3.9506172839506166e-05	0.16732126474380493
89040	-2.918145	-1.833413	-1.524289	0.054034	0.167317	0.217776	0.037304236367344853	2.6337448559670777e-05	0.16731669008731842
89160	-2.919528	-1.833344	-1.523964	0.053959	0.167345	0.217847	0.03729834258556366	2.6337448559670777e-05	0.1673443615436554
89280	-2.920998	-1.833393	-1.523961	0.053880	0.167351	0.217847	0.03729971572756767	2.6337448559670777e-05	0.16735079884529114
89400	-2.921981	-1.832901	-1.522230	0.053827	0.167456	0.218225	0.037260045483708384	1.7558299039780518e-05	0.16745518147945404
89520	-2.921696	-1.832597	-1.522037	0.053842	0.167507	0.218267	0.037234771996736526	3.9506172839506166e-05	0.16750593483448029
89640	-2.922317	-1.832330	-1.522625	0.053809	0.167558	0.218139	0.037211923860013485	3.9506172839506166e-05	0.16755586862564087
89760	-2.923407	-1.832142	-1.522228	0.053750	0.167608	0.218225	0.037186814658343795	3.9506172839506166e-05	0.1676078885793686
89880	-2.924712	-1.831675	-1.522432	0.053680	0.167699	0.218181	0.03714884519577026	3.9506172839506166e-05	0.16769811511039734
90000	-2.924734	-1.831467	-1.523845	0.053679	0.167735	0.217873	0.037125649861991405	3.9506172839506166e-05	0.16773584485054016
90120	-2.926525	-1.831363	-1.523724	0.053583	0.167771	0.217899	0.03711508139967919	3.9506172839506166e-05	0.1677708774805069
90240	-2.927142	-1.831185	-1.523701	0.053550	0.167815	0.217904	0.03710455130785704	3.9506172839506166e-05	0.16781440377235413
90360	-2.927316	-1.830922	-1.521946	0.053541	0.167875	0.218287	0.03708457201719284	3.9506172839506166e-05	0.1678735762834549
90480	-2.927609	-1.830562	-1.520798	0.053525	0.167946	0.218537	0.03704900089651346	3.9506172839506166e-05	0.1679459661245346
90600	-2.928872	-1.830249	-1.520210	0.053457	0.168010	0.218666	0.03701813742518425	2.6337448559670777e-05	0.16800981760025024
90720	-2.930763	-1.830218	-1.520464	0.053356	0.168032	0.218610	0.03701271414756775	3.9506172839506166e-05	0.1680321842432022
90840	-2.930620	-1.829992	-1.520447	0.053364	0.168077	0.218614	0.03699958436191082	3.9506172839506166e-05	0.1680760681629181
90960	-2.930660	-1.829651	-1.519580	0.053362	0.168141	0.218804	0.036963459104299545	3.9506172839506166e-05	0.16814148426055908
91080	-2.932563	-1.829607	-1.518509	0.053260	0.168175	0.219038	0.03696140293031931	3.9506172839506166e-05	0.168174609541893
91200	-2.933362	-1.829643	-1.517651	0.053218	0.168183	0.219226	0.036966409906744956	1.7558299039780518e-05	0.16818255186080933
91320	-2.934941	-1.829535	-1.516842	0.053134	0.168208	0.219404	0.0369539862498641	2.6337448559670777e-05	0.16820847988128662
91440	-2.935727	-1.829258	-1.516106	0.053092	0.168264	0.219565	0.03692837692797184	3.9506172839506166e-05	0.16826435923576355
91560	-2.936822	-1.829078	-1.516564	0.053034	0.168305	0.219465	0.036911840364336965	3.9506172839506166e-05	0.16830472648143768
91680	-2.937870	-1.829024	-1.516327	0.052978	0.168329	0.219517	0.036909363605082034	2.6337448559670777e-05	0.16832894086837769
91800	-2.938371	-1.828816	-1.515614	0.052952	0.168370	0.219673	0.03689089994877577	2.6337448559670777e-05	0.1683695912361145
91920	-2.938466	-1.828388	-1.514730	0.052947	0.168454	0.219868	0.03685579411685467	3.9506172839506166e-05	0.16845360398292542
92040	-2.938432	-1.828121	-1.514487	0.052949	0.168503	0.219921	0.036827273480594155	3.9506172839506166e-05	0.16850262880325317
92160	-2.938616	-1.827868	-1.514227	0.052939	0.168547	0.219978	0.03680889215320349	2.6337448559670777e-05	0.16854573786258698
92280	-2.939007	-1.827496	-1.514131	0.052918	0.168623	0.219999	0.036769133619964124	3.9506172839506166e-05	0.16862371563911438
92400	-2.939516	-1.826863	-1.514605	0.052891	0.168741	0.219895	0.03671876564621925	2.6337448559670777e-05	0.16873939335346222
92520	-2.940371	-1.826381	-1.514035	0.052846	0.168832	0.220020	0.036673349887132646	2.6337448559670777e-05	0.168831929564476
92640	-2.940425	-1.826076	-1.514860	0.052843	0.168884	0.219839	0.03664375878870487	2.6337448559670777e-05	0.1688840240240097
92760	-2.940022	-1.825706	-1.514732	0.052865	0.168950	0.219867	0.036613474041223525	2.6337448559670777e-05	0.16894930601119995
92880	-2.940848	-1.825354	-1.513716	0.052821	0.169033	0.220091	0.03658309206366539	2.6337448559670777e-05	0.1690322607755661
93000	-2.941678	-1.824918	-1.512488	0.052777	0.169114	0.220361	0.036540133878588676	2.6337448559670777e-05	0.16911350190639496
93120	-2.943443	-1.824532	-1.512557	0.052684	0.169196	0.220346	0.03650902714580297	3.9506172839506166e-05	0.16919468343257904
93240	-2.943464	-1.824098	-1.512353	0.052683	0.169273	0.220391	0.03646506890654564	3.9506172839506166e-05	0.1692732572555542
93360	-2.943763	-1.823694	-1.512245	0.052667	0.169346	0.220415	0.03643499612808228	1.7558299039780518e-05	0.16934508085250854
93480	-2.943858	-1.823280	-1.512479	0.052662	0.169425	0.220363	0.03639468252658844	3.9506172839506166e-05	0.16942401230335236
93600	-2.944232	-1.822823	-1.512828	0.052643	0.169513	0.220286	0.03635085504502058	3.9506172839506166e-05	0.1695134937763214
93720	-2.944252	-1.822658	-1.511961	0.052641	0.169546	0.220477	0.03633205052465201	3.9506172839506166e-05	0.16954687237739563
93840	-2.944146	-1.822642	-1.511443	0.052647	0.169552	0.220591	0.03633445557206869	1.7558299039780518e-05	0.16955135762691498
93960	-2.945268	-1.822073	-1.510918	0.052588	0.169661	0.220707	0.036285427398979664	3.9506172839506166e-05	0.16966024041175842
94080	-2.945030	-1.821544	-1.511148	0.052600	0.169752	0.220656	0.03623971566557884	3.9506172839506166e-05	0.16975118219852448
94200	-2.944977	-1.821361	-1.511641	0.052603	0.169789	0.220548	0.036215929128229615	2.6337448559670777e-05	0.1697889268398285
94320	-2.946130	-1.821236	-1.511972	0.052543	0.169839	0.220475	0.036208214424550536	2.6337448559670777e-05	0.1698388308286667
94440	-2.946808	-1.820798	-1.511745	0.052507	0.169922	0.220525	0.036169047094881536	5.925925925925925e-05	0.1699221432209015
94560	-2.947715	-1.820438	-1.512105	0.052459	0.169983	0.220445	0.03614244516938925	3.9506172839506166e-05	0.16998165845870972
94680	-2.947537	-1.820241	-1.513236	0.052469	0.170004	0.220196	0.03611632585525513	3.9506172839506166e-05	0.17000436782836914
94800	-2.949358	-1.819974	-1.512961	0.052373	0.170070	0.220257	0.03609709236770868	3.9506172839506166e-05	0.17006908357143402
94920	-2.951781	-1.819498	-1.511882	0.052247	0.170178	0.220495	0.03605570420622826	3.9506172839506166e-05	0.17017614841461182
95040	-2.953970	-1.819208	-1.511697	0.052132	0.170254	0.220535	0.03602820076048374	3.9506172839506166e-05	0.17025290429592133
95160	-2.954963	-1.818952	-1.511098	0.052081	0.170311	0.220668	0.03600234687328339	3.9506172839506166e-05	0.17031122744083405
95280	-2.955473	-1.818846	-1.511339	0.052054	0.170341	0.220614	0.03598872572183609	2.6337448559670777e-05	0.17034192383289337
95400	-2.956035	-1.818725	-1.510551	0.052025	0.170375	0.220788	0.035982921905815604	2.6337448559670777e-05	0.1703745424747467
95520	-2.956891	-1.818214	-1.508763	0.051980	0.170474	0.221183	0.03594070263206959	3.9506172839506166e-05	0.17047293484210968
95640	-2.958186	-1.817815	-1.508279	0.051913	0.170553	0.221290	0.035903004556894304	3.9506172839506166e-05	0.1705521196126938
95760	-2.958957	-1.817195	-1.507301	0.051873	0.170673	0.221507	0.03584914486855269	3.9506172839506166e-05	0.170671746134758
95880	-2.959639	-1.816794	-1.507557	0.051838	0.170748	0.221450	0.03581481948494911	3.9506172839506166e-05	0.17074614763259888
96000	-2.961623	-1.816481	-1.506880	0.051735	0.170826	0.221600	0.03578192461282015	2.6337448559670777e-05	0.17082570493221283
96120	-2.963376	-1.816125	-1.506020	0.051644	0.170890	0.221791	0.03575091436505318	3.9506172839506166e-05	0.17088939249515533
96240	-2.964544	-1.815813	-1.505753	0.051584	0.170956	0.221850	0.03571756612509489	3.9506172839506166e-05	0.17095643281936646
96360	-2.965013	-1.815514	-1.504771	0.051560	0.171009	0.222068	0.035694191604852675	2.6337448559670777e-05	0.17100855708122253
96480	-2.966607	-1.815310	-1.503541	0.051478	0.171068	0.222341	0.03568106759339571	2.6337448559670777e-05	0.17106643319129944
96600	-2.967892	-1.815005	-1.504823	0.051412	0.171126	0.222057	0.0356444587931037	3.9506172839506166e-05	0.17112664878368378
96720	-2.968906	-1.814710	-1.503339	0.051359	0.171200	0.222386	0.035621703043580054	3.9506172839506166e-05	0.17119896411895752
96840	-2.968956	-1.814112	-1.503666	0.051357	0.171313	0.222314	0.035572818107903005	3.9506172839506166e-05	0.1713118851184845
96960	-2.969167	-1.813634	-1.503612	0.051346	0.171411	0.222326	0.03553006835281849	3.9506172839506166e-05	0.1714092344045639
97080	-2.967293	-1.812977	-1.505419	0.051442	0.171523	0.221924	0.03547092266380787	5.925925925925925e-05	0.17152102291584015
97200	-2.968148	-1.812435	-1.504549	0.051398	0.171634	0.222117	0.03541581686586141	2.6337448559670777e-05	0.1716335415840149
97320	-2.969688	-1.812168	-1.503638	0.051319	0.171701	0.222320	0.035392561182379725	3.9506172839506166e-05	0.17170055210590363
97440	-2.969813	-1.811765	-1.503550	0.051313	0.171769	0.222339	0.035358357988297937	3.9506172839506166e-05	0.1717674881219864
97560	-2.970666	-1.811350	-1.504129	0.051269	0.171848	0.222211	0.035321510210633275	1.7558299039780518e-05	0.1718474179506302
97680	-2.970913	-1.810880	-1.503833	0.051256	0.171931	0.222277	0.03527580220252276	3.9506172839506166e-05	0.1719304323196411
97800	-2.970968	-1.810599	-1.503068	0.051254	0.171984	0.222447	0.035247197933495046	3.9506172839506166e-05	0.17198434472084045
97920	-2.971947	-1.810396	-1.501895	0.051204	0.172041	0.222708	0.03523538913577795	2.6337448559670777e-05	0.1720394343137741
98040	-2.972146	-1.809528	-1.501615	0.051193	0.172204	0.222770	0.03516046162694693	2.6337448559670777e-05	0.17220275104045868
98160	-2.973144	-1.809025	-1.502426	0.051142	0.172298	0.222589	0.03511147517710924	2.6337448559670777e-05	0.17229750752449036
98280	-2.973128	-1.808879	-1.502834	0.051143	0.172315	0.222499	0.035094945877790454	3.9506172839506166e-05	0.17231547832489014
98400	-2.973610	-1.808598	-1.502211	0.051118	0.172367	0.222637	0.03507083095610142	3.9506172839506166e-05	0.17236623167991638
98520	-2.974458	-1.808264	-1.502167	0.051075	0.172435	0.222647	0.03504112791270018	2.6337448559670777e-05	0.17243480682373047
98640	-2.976009	-1.807813	-1.501439	0.050996	0.172520	0.222809	0.03500228077173233	2.6337448559670777e-05	0.17251946032047272
98760	-2.976120	-1.807426	-1.500538	0.050990	0.172594	0.223010	0.0349633164703846	3.9506172839506166e-05	0.17259450256824493
98880	-2.975709	-1.807055	-1.499407	0.051011	0.172662	0.223263	0.034929176606237886	3.9506172839506166e-05	0.17266221344470978
99000	-2.975383	-1.806866	-1.498789	0.051028	0.172697	0.223401	0.03491647057235241	3.9506172839506166e-05	0.1726960986852646
99120	-2.976466	-1.806439	-1.499318	0.050973	0.172774	0.223282	0.03488030098378658	3.9506172839506166e-05	0.17277298867702484
99240	-2.978114	-1.806381	-1.500009	0.050889	0.172797	0.223128	0.03486981615424156	3.9506172839506166e-05	0.17279700934886932
99360	-2.979607	-1.806216	-1.500273	0.050813	0.172840	0.223069	0.03485843706876039	2.6337448559670777e-05	0.17283904552459717
99480	-2.979983	-1.805670	-1.500347	0.050794	0.172940	0.223053	0.03481036946177483	3.9506172839506166e-05	0.17293907701969147
99600	-2.979486	-1.805149	-1.499508	0.050819	0.173032	0.223240	0.03476465754210949	2.6337448559670777e-05	0.17303074896335602
99720	-2.980092	-1.804750	-1.498464	0.050788	0.173110	0.223473	0.03472317717969418	2.6337448559670777e-05	0.17310993373394012
99840	-2.981448	-1.804449	-1.498444	0.050719	0.173174	0.223478	0.03469784837216139	2.6337448559670777e-05	0.1731739193201065
99960	-2.981740	-1.804209	-1.498125	0.050705	0.173228	0.223549	0.03467304576188326	3.9506172839506166e-05	0.17322786152362823
100080	-2.982470	-1.803899	-1.496934	0.050668	0.173296	0.223815	0.03464691210538149	2.6337448559670777e-05	0.17329587042331696
100200	-2.983281	-1.803881	-1.497430	0.050626	0.173304	0.223704	0.03464991170912981	3.9506172839506166e-05	0.17330248653888702
100320	-2.985464	-1.803746	-1.496583	0.050516	0.173349	0.223894	0.03463422767817974	2.6337448559670777e-05	0.17334860563278198
100440	-2.985651	-1.803265	-1.495358	0.050507	0.173443	0.224168	0.03459400795400143	2.6337448559670777e-05	0.17344239354133606
100560	-2.986056	-1.803001	-1.495809	0.050486	0.173496	0.224067	0.03456670604646206	3.9506172839506166e-05	0.17349587380886078
100680	-2.985692	-1.802776	-1.497058	0.050505	0.173536	0.223788	0.03454561103135347	2.6337448559670777e-05	0.17353542149066925
100800	-2.986432	-1.802389	-1.495326	0.050467	0.173633	0.224176	0.03451730571687221	2.6337448559670777e-05	0.17363154888153076
100920	-2.985902	-1.801850	-1.495402	0.050494	0.173724	0.224159	0.034468233771622184	2.6337448559670777e-05	0.17372344434261322
101040	-2.986290	-1.801537	-1.494962	0.050474	0.173789	0.224257	0.03443819601088762	3.9506172839506166e-05	0.17378775775432587
101160	-2.987294	-1.801167	-1.493588	0.050424	0.173870	0.224566	0.03440613280981779	3.9506172839506166e-05	0.17386817932128906
101280	-2.988535	-1.800637	-1.492976	0.050361	0.173978	0.224703	0.03435521330684423	1.7558299039780518e-05	0.17397752404212952
101400	-2.987403	-1.800295	-1.492461	0.050418	0.174040	0.224819	0.034320525079965594	3.9506172839506166e-05	0.17404019832611084
101520	-2.988360	-1.800349	-1.491485	0.050370	0.174037	0.225038	0.03432858772575855	3.9506172839506166e-05	0.17403624951839447
101640	-2.988844	-1.799885	-1.490976	0.050346	0.174128	0.225153	0.03428831435739994	2.6337448559670777e-05	0.1741279512643814
101760	-2.989861	-1.799196	-1.489075	0.050294	0.174265	0.225581	0.03422920573502779	3.9506172839506166e-05	0.17426370084285736
101880	-2.990290	-1.798992	-1.487260	0.050273	0.174327	0.225991	0.0342049315571785	1.7558299039780518e-05	0.1743265688419342
102000	-2.990660	-1.798495	-1.486496	0.050254	0.174421	0.226164	0.034170344844460486	3.9506172839506166e-05	0.1744186133146286
102120	-2.991439	-1.798000	-1.485132	0.050215	0.174509	0.226472	0.03411900885403156	3.9506172839506166e-05	0.17450858652591705
102240	-2.992850	-1.797431	-1.483590	0.050144	0.174629	0.226822	0.03406811971217394	2.6337448559670777e-05	0.17462831735610962
102360	-2.992773	-1.796743	-1.483288	0.050148	0.174762	0.226890	0.0340101383626461	3.9506172839506166e-05	0.17476025223731995
102480	-2.994217	-1.796326	-1.482396	0.050076	0.174853	0.227093	0.03396802581846714	2.6337448559670777e-05	0.17485187947750092
102600	-2.992790	-1.795828	-1.482218	0.050147	0.174942	0.227133	0.03392208199948073	2.6337448559670777e-05	0.174941748380661
102720	-2.993858	-1.795628	-1.482227	0.050094	0.174992	0.227131	0.03391066323965788	3.9506172839506166e-05	0.1749897003173828
102840	-2.994640	-1.795452	-1.481749	0.050055	0.175032	0.227240	0.03388745579868555	3.9506172839506166e-05	0.1750321388244629
102960	-2.995311	-1.795064	-1.481946	0.050021	0.175102	0.227195	0.033855467289686206	3.9506172839506166e-05	0.1751011461019516
103080	-2.995985	-1.794654	-1.483331	0.049987	0.175182	0.226881	0.033819318003952506	3.9506172839506166e-05	0.17518159747123718
103200	-2.994868	-1.794272	-1.483228	0.050043	0.175246	0.226904	0.033784526772797106	3.9506172839506166e-05	0.17524453997612
103320	-2.994018	-1.793570	-1.482588	0.050086	0.175366	0.227049	0.03372115101665259	3.9506172839506166e-05	0.1753651350736618
103440	-2.995374	-1.793198	-1.482296	0.050018	0.175445	0.227116	0.033684521540999414	2.6337448559670777e-05	0.1754446178674698
103560	-2.995677	-1.792591	-1.481422	0.050003	0.175561	0.227314	0.03362996745854616	2.6337448559670777e-05	0.17556120455265045
103680	-2.996934	-1.791876	-1.480820	0.049940	0.175700	0.227451	0.03356854859739542	3.9506172839506166e-05	0.17569971084594727
103800	-2.996555	-1.791464	-1.479402	0.049959	0.175780	0.227774	0.03353042490780354	3.9506172839506166e-05	0.17577946186065674
103920	-2.996937	-1.791153	-1.477854	0.049940	0.175843	0.228127	0.03350484315305948	2.6337448559670777e-05	0.17584115266799927
104040	-2.998502	-1.791008	-1.477684	0.049862	0.175886	0.228166	0.03348081409931183	3.9506172839506166e-05	0.17588703334331512
104160	-2.999979	-1.790517	-1.475963	0.049788	0.175986	0.228559	0.03344855774194002	2.6337448559670777e-05	0.17598450183868408
104280	-3.002081	-1.790070	-1.475851	0.049684	0.176083	0.228584	0.03340883459895849	3.9506172839506166e-05	0.1760822832584381
104400	-3.002445	-1.789551	-1.474819	0.049666	0.176181	0.228820	0.033359207585453986	3.9506172839506166e-05	0.17618048191070557
104520	-3.002465	-1.789107	-1.473597	0.049665	0.176253	0.229100	0.03331887666136026	2.6337448559670777e-05	0.17625238001346588
104640	-3.002315	-1.788771	-1.473484	0.049672	0.176305	0.229126	0.03329106420278549	2.6337448559670777e-05	0.1763036549091339
104760	-3.003074	-1.788499	-1.473040	0.049634	0.176367	0.229227	0.03326198887079954	2.6337448559670777e-05	0.1763664036989212
104880	-3.001568	-1.788250	-1.472836	0.049709	0.176413	0.229274	0.03324417769908905	3.9506172839506166e-05	0.17641134560108185
105000	-3.002694	-1.788024	-1.472194	0.049653	0.176475	0.229422	0.03322080709040165	2.6337448559670777e-05	0.17647415399551392
105120	-3.002074	-1.787655	-1.472061	0.049684	0.176543	0.229452	0.03318660575896502	3.9506172839506166e-05	0.17654287815093994
105240	-3.002013	-1.787429	-1.471916	0.049687	0.176582	0.229485	0.03316458035260439	2.6337448559670777e-05	0.17658136785030365
105360	-3.003003	-1.787158	-1.471848	0.049638	0.176650	0.229501	0.03314230982214213	1.7558299039780518e-05	0.17665019631385803
105480	-3.004104	-1.786652	-1.471292	0.049583	0.176758	0.229629	0.03309834431856871	3.9506172839506166e-05	0.1767568141222
105600	-3.004088	-1.786056	-1.470882	0.049584	0.176872	0.229723	0.03304516971111297	3.9506172839506166e-05	0.1768708974123001
105720	-3.004966	-1.785408	-1.469940	0.049540	0.177009	0.229939	0.03298768773674965	2.6337448559670777e-05	0.1770079880952835
105840	-3.005196	-1.785121	-1.470013	0.049529	0.177074	0.229923	0.0329630259424448	3.9506172839506166e-05	0.1770724058151245
105960	-3.005424	-1.784693	-1.470215	0.049518	0.177160	0.229876	0.03292298521846533	3.9506172839506166e-05	0.1771586537361145
106080	-3.005573	-1.784042	-1.469205	0.049510	0.177280	0.230108	0.032863001339137554	3.9506172839506166e-05	0.17727933824062347
106200	-3.006558	-1.783382	-1.468517	0.049462	0.177410	0.230267	0.03280168119817972	3.9506172839506166e-05	0.17740972340106964
106320	-3.007166	-1.782933	-1.469241	0.049432	0.177501	0.230100	0.03276338912546635	1.7558299039780518e-05	0.17750059068202972
106440	-3.007153	-1.782871	-1.468975	0.049432	0.177518	0.230161	0.03275531344115734	3.9506172839506166e-05	0.1775178462266922
106560	-3.006512	-1.782631	-1.468244	0.049464	0.177563	0.230330	0.03273427952080965	2.6337448559670777e-05	0.17756235599517822
106680	-3.005882	-1.782052	-1.468733	0.049495	0.177667	0.230217	0.032684612460434435	2.6337448559670777e-05	0.17766684293746948
106800	-3.007060	-1.781715	-1.468684	0.049437	0.177737	0.230228	0.032653570361435416	3.9506172839506166e-05	0.17773619294166565
106920	-3.008415	-1.781300	-1.468069	0.049370	0.177826	0.230370	0.03261116053909063	3.9506172839506166e-05	0.17782656848430634
107040	-3.009704	-1.780939	-1.467921	0.049306	0.177905	0.230404	0.032583941146731375	2.6337448559670777e-05	0.1779039204120636
107160	-3.009880	-1.780529	-1.467770	0.049298	0.177980	0.230439	0.032544652186334136	2.6337448559670777e-05	0.1779794543981552
107280	-3.011276	-1.780283	-1.467364	0.049229	0.178044	0.230532	0.03252685870975256	3.9506172839506166e-05	0.17804239690303802
107400	-3.011628	-1.780042	-1.467106	0.049211	0.178088	0.230592	0.032498310506343844	3.9506172839506166e-05	0.1780879646539688
107520	-3.012542	-1.779524	-1.467643	0.049167	0.178178	0.230468	0.03245562296360731	2.6337448559670777e-05	0.178177148103714
107640	-3.013400	-1.779217	-1.467205	0.049124	0.178241	0.230569	0.0324275529012084	2.6337448559670777e-05	0.1782406121492386
107760	-3.014528	-1.779135	-1.466510	0.049069	0.178270	0.230729	0.032420440949499606	3.9506172839506166e-05	0.17826931178569794
107880	-3.014970	-1.778624	-1.466423	0.049047	0.178373	0.230749	0.03237898964434862	3.9506172839506166e-05	0.17837205529212952
108000	-3.016633	-1.778298	-1.466172	0.048966	0.178455	0.230807	0.032345833629369734	3.9506172839506166e-05	0.1784546971321106
108120	-3.016694	-1.778033	-1.466028	0.048963	0.178511	0.230841	0.03232231326401234	3.9506172839506166e-05	0.1785098910331726
108240	-3.017781	-1.777737	-1.465043	0.048910	0.178578	0.231068	0.03229297623038292	3.9506172839506166e-05	0.17857810854911804
108360	-3.018833	-1.777007	-1.462600	0.048858	0.178719	0.231633	0.03223475404083729	3.9506172839506166e-05	0.17871716618537903
108480	-3.019731	-1.776634	-1.461480	0.048814	0.178802	0.231893	0.032193449512124064	3.9506172839506166e-05	0.1788017600774765
108600	-3.019847	-1.775946	-1.460671	0.048809	0.178932	0.232080	0.03213544692844152	3.9506172839506166e-05	0.17893150448799133
108720	-3.020927	-1.775876	-1.462455	0.048756	0.178949	0.231667	0.032127576880156994	3.9506172839506166e-05	0.17894764244556427
108840	-3.020307	-1.775314	-1.461667	0.048786	0.179055	0.231850	0.032080278173089026	3.9506172839506166e-05	0.17905454337596893
108960	-3.020431	-1.775216	-1.460931	0.048780	0.179087	0.232020	0.03206701334565878	1.7558299039780518e-05	0.17908628284931183
109080	-3.020847	-1.774400	-1.460038	0.048760	0.179254	0.232227	0.031997017562389374	3.9506172839506166e-05	0.17925284802913666
109200	-3.021707	-1.773796	-1.459595	0.048718	0.179376	0.232330	0.031944056041538715	3.9506172839506166e-05	0.1793750375509262
109320	-3.021301	-1.773424	-1.458255	0.048738	0.179444	0.232642	0.03190643135458231	3.9506172839506166e-05	0.17944328486919403
109440	-3.023255	-1.773172	-1.458145	0.048643	0.179509	0.232668	0.03188479505479336	2.6337448559670777e-05	0.17950795590877533
109560	-3.023748	-1.772670	-1.457156	0.048619	0.179610	0.232898	0.03184109684079885	2.6337448559670777e-05	0.17960888147354126
109680	-3.024050	-1.772365	-1.456068	0.048604	0.179672	0.233151	0.031809442304074766	3.9506172839506166e-05	0.17967145144939423
109800	-3.024022	-1.772001	-1.455799	0.048605	0.179751	0.233214	0.031774706207215786	2.6337448559670777e-05	0.17975103855133057
109920	-3.024657	-1.771555	-1.455203	0.048574	0.179838	0.233353	0.03173903021961451	1.7558299039780518e-05	0.17983737587928772
110040	-3.025839	-1.771240	-1.454345	0.048517	0.179915	0.233553	0.031709571927785875	2.6337448559670777e-05	0.1799139827489853
110160	-3.026033	-1.770917	-1.454078	0.048508	0.179973	0.233616	0.03168370574712753	3.9506172839506166e-05	0.1799713373184204
110280	-3.026482	-1.770288	-1.453464	0.048486	0.180105	0.233759	0.03162997700273991	3.9506172839506166e-05	0.1801028996706009
110400	-3.026201	-1.769988	-1.451776	0.048500	0.180167	0.234154	0.031596490554511546	2.6337448559670777e-05	0.18016698956489563
110520	-3.026761	-1.769743	-1.451534	0.048472	0.180221	0.234211	0.03157710526138544	2.6337448559670777e-05	0.18022021651268005
110640	-3.027149	-1.769240	-1.450110	0.048454	0.180313	0.234545	0.031528900377452374	2.6337448559670777e-05	0.18031345307826996
110760	-3.028005	-1.768995	-1.448942	0.048412	0.180371	0.234819	0.031507079303264615	3.9506172839506166e-05	0.18037043511867523
110880	-3.027839	-1.768928	-1.448818	0.048420	0.180378	0.234848	0.031505219638347626	3.9506172839506166e-05	0.1803767830133438
111000	-3.029054	-1.768753	-1.449011	0.048361	0.180422	0.234802	0.03148352429270744	2.6337448559670777e-05	0.18042172491550446
111120	-3.028066	-1.768240	-1.447556	0.048409	0.180514	0.235144	0.03144135698676109	3.9506172839506166e-05	0.18051297962665558
111240	-3.028965	-1.767797	-1.446229	0.048366	0.180607	0.235457	0.031398219615221025	3.9506172839506166e-05	0.18060603737831116
111360	-3.030161	-1.767612	-1.445085	0.048308	0.180658	0.235726	0.03138456754386425	3.9506172839506166e-05	0.18065661191940308
111480	-3.029435	-1.767127	-1.443974	0.048343	0.180749	0.235988	0.03134368322789669	2.6337448559670777e-05	0.18074768781661987
111600	-3.028896	-1.766380	-1.443247	0.048369	0.180891	0.236160	0.0312733868137002	2.6337448559670777e-05	0.1808900535106659
111720	-3.028843	-1.765581	-1.441839	0.048372	0.181054	0.236492	0.031205388251692057	2.6337448559670777e-05	0.1810535043478012
111840	-3.029228	-1.765027	-1.441503	0.048353	0.181158	0.236572	0.031151009537279607	2.6337448559670777e-05	0.18115784227848053
111960	-3.029652	-1.764583	-1.441019	0.048332	0.181239	0.236686	0.03111399505287409	3.9506172839506166e-05	0.18123792111873627
112080	-3.030104	-1.764246	-1.440797	0.048311	0.181300	0.236739	0.031078195106238125	2.6337448559670777e-05	0.1812998503446579
112200	-3.030169	-1.763893	-1.439987	0.048307	0.181369	0.236931	0.031047478690743445	2.6337448559670777e-05	0.18136939406394958
112320	-3.030847	-1.763598	-1.438863	0.048275	0.181435	0.237197	0.031024430133402347	3.9506172839506166e-05	0.18143394589424133
112440	-3.031440	-1.763114	-1.438597	0.048246	0.181535	0.237260	0.030980895273387432	2.6337448559670777e-05	0.18153373897075653
112560	-3.032271	-1.762908	-1.438428	0.048206	0.181590	0.237300	0.030954345222562553	3.9506172839506166e-05	0.18159037828445435
112680	-3.033006	-1.762675	-1.438957	0.048171	0.181641	0.237175	0.030935737863183023	3.9506172839506166e-05	0.18164195120334625
112800	-3.033080	-1.762068	-1.439409	0.048167	0.181757	0.237068	0.03088959427550435	2.6337448559670777e-05	0.18175557255744934
112920	-3.033192	-1.761846	-1.440114	0.048162	0.181804	0.236901	0.03086556037887931	3.9506172839506166e-05	0.18180276453495026
113040	-3.033513	-1.761530	-1.439442	0.048146	0.181874	0.237060	0.030837949085980653	2.6337448559670777e-05	0.1818729043006897
113160	-3.033466	-1.760987	-1.439252	0.048148	0.181977	0.237105	0.03079123655334115	3.9506172839506166e-05	0.18197539448738098
113280	-3.034898	-1.760604	-1.439466	0.048080	0.182075	0.237054	0.03075322788208723	3.9506172839506166e-05	0.18207409977912903
113400	-3.034650	-1.760237	-1.438970	0.048091	0.182148	0.237172	0.030723342206329107	3.9506172839506166e-05	0.1821465641260147
113520	-3.035479	-1.760050	-1.438943	0.048052	0.182191	0.237178	0.030701363272964955	2.6337448559670777e-05	0.18219029903411865
113640	-3.037124	-1.759746	-1.438661	0.047973	0.182263	0.237245	0.03067717608064413	3.9506172839506166e-05	0.182261660695076
113760	-3.037577	-1.759390	-1.437586	0.047951	0.182334	0.237500	0.030642558727413415	1.7558299039780518e-05	0.18233415484428406
113880	-3.038742	-1.759018	-1.436805	0.047895	0.182416	0.237686	0.030610119085758926	2.6337448559670777e-05	0.18241596221923828
114000	-3.038951	-1.758793	-1.435586	0.047885	0.182462	0.237976	0.030591138731688262	3.9506172839506166e-05	0.18246108293533325
114120	-3.038666	-1.758483	-1.434587	0.047899	0.182532	0.238214	0.03056206265464425	3.9506172839506166e-05	0.18253138661384583
114240	-3.038991	-1.757765	-1.432639	0.047883	0.182677	0.238678	0.030497158132493495	3.9506172839506166e-05	0.18267647922039032
114360	-3.040045	-1.757244	-1.432713	0.047833	0.182798	0.238661	0.030454536993056537	3.9506172839506166e-05	0.18279631435871124
114480	-3.039841	-1.756697	-1.431521	0.047842	0.182910	0.238945	0.03040645532310009	3.9506172839506166e-05	0.18290823698043823
114600	-3.040265	-1.756199	-1.430514	0.047822	0.183017	0.239186	0.03035853710025549	2.6337448559670777e-05	0.18301621079444885
114720	-3.041100	-1.755927	-1.430050	0.047782	0.183082	0.239297	0.03033192250877619	2.6337448559670777e-05	0.18308095633983612
114840	-3.041238	-1.755272	-1.428433	0.047776	0.183213	0.239684	0.030274166725575924	2.6337448559670777e-05	0.1832123100757599
114960	-3.041663	-1.754807	-1.428082	0.047755	0.183301	0.239768	0.030229699146002532	3.9506172839506166e-05	0.1833004206418991
115080	-3.041406	-1.754537	-1.428587	0.047768	0.183349	0.239647	0.03020433261990547	3.9506172839506166e-05	0.1833484023809433
115200	-3.042274	-1.754318	-1.428531	0.047726	0.183403	0.239661	0.030184801388531923	2.6337448559670777e-05	0.1834021806716919
115320	-3.043350	-1.753597	-1.427624	0.047675	0.183555	0.239878	0.030126000847667457	3.9506172839506166e-05	0.18355418741703033
115440	-3.043949	-1.753133	-1.426574	0.047646	0.183649	0.240130	0.030081372242420912	2.6337448559670777e-05	0.183648481965065
115560	-3.043136	-1.752743	-1.426892	0.047685	0.183716	0.240054	0.030049948301166297	2.6337448559670777e-05	0.18371489644050598
115680	-3.044981	-1.752157	-1.426302	0.047597	0.183842	0.240195	0.02999761952087283	3.9506172839506166e-05	0.1838402897119522
115800	-3.045112	-1.751678	-1.425662	0.047591	0.183934	0.240349	0.029950608033686876	2.6337448559670777e-05	0.18393276631832123
115920	-3.045687	-1.751460	-1.424368	0.047564	0.183990	0.240661	0.029927925672382116	2.6337448559670777e-05	0.1839895248413086
116040	-3.046204	-1.751120	-1.423517	0.047539	0.184063	0.240865	0.029900571145117284	2.6337448559670777e-05	0.18406172096729279
116160	-3.046273	-1.750484	-1.423407	0.047536	0.184191	0.240892	0.029845103807747363	3.9506172839506166e-05	0.1841897815465927
116280	-3.047057	-1.750181	-1.423528	0.047498	0.184245	0.240863	0.029813081305474044	2.6337448559670777e-05	0.18424510955810547
116400	-3.047693	-1.749836	-1.424093	0.047468	0.184314	0.240727	0.02978204656392336	2.6337448559670777e-05	0.1843140423297882
116520	-3.048083	-1.749537	-1.421670	0.047450	0.184380	0.241311	0.029755689110606907	1.7558299039780518e-05	0.18437941372394562
116640	-3.048364	-1.749035	-1.421084	0.047436	0.184483	0.241452	0.029712123051285743	3.9506172839506166e-05	0.1844828873872757
116760	-3.048515	-1.748695	-1.420168	0.047429	0.184560	0.241673	0.02968107545748353	2.6337448559670777e-05	0.18455937504768372
116880	-3.047794	-1.748145	-1.418609	0.047464	0.184662	0.242051	0.029637967329472305	2.6337448559670777e-05	0.18466080725193024
117000	-3.048397	-1.747784	-1.418549	0.047435	0.184734	0.242065	0.029598652478307487	3.9506172839506166e-05	0.1847333163022995
117120	-3.049478	-1.747507	-1.418303	0.047384	0.184799	0.242125	0.029570417106151582	3.9506172839506166e-05	0.18479901552200317
117240	-3.049804	-1.747004	-1.417386	0.047368	0.184895	0.242347	0.029529447387903928	2.6337448559670777e-05	0.18489360809326172
117360	-3.050344	-1.746856	-1.417247	0.047343	0.184929	0.242380	0.029513585846871138	3.9506172839506166e-05	0.1849289983510971
117480	-3.049484	-1.746497	-1.416244	0.047383	0.185003	0.242624	0.029481717199087144	2.6337448559670777e-05	0.1850028783082962
117600	-3.050396	-1.746002	-1.415153	0.047340	0.185112	0.242888	0.029442247841507195	2.6337448559670777e-05	0.1851099729537964
117720	-3.050988	-1.745490	-1.414126	0.047312	0.185221	0.243138	0.029392338078469037	3.9506172839506166e-05	0.18522003293037415
117840	-3.051703	-1.745135	-1.414615	0.047278	0.185294	0.243019	0.029361944086849688	3.9506172839506166e-05	0.18529310822486877
117960	-3.050519	-1.744569	-1.414657	0.047334	0.185402	0.243009	0.02930825063958764	2.6337448559670777e-05	0.1854020208120346
118080	-3.050366	-1.743937	-1.413605	0.047342	0.185520	0.243265	0.029261037707328796	2.6337448559670777e-05	0.18551795184612274
118200	-3.050414	-1.743715	-1.412825	0.047339	0.185563	0.243455	0.029231145977973938	3.9506172839506166e-05	0.18556290864944458
118320	-3.050864	-1.743135	-1.412583	0.047318	0.185685	0.243513	0.029182298481464385	2.6337448559670777e-05	0.18568454682826996
118440	-3.051955	-1.742750	-1.412653	0.047266	0.185778	0.243496	0.029148958530277012	1.7558299039780518e-05	0.18577679991722107
118560	-3.052336	-1.742237	-1.412128	0.047248	0.185891	0.243624	0.029100856464356183	2.6337448559670777e-05	0.18589001893997192
118680	-3.053434	-1.741819	-1.409210	0.047197	0.185987	0.244336	0.029056830890476705	3.9506172839506166e-05	0.18598748743534088
118800	-3.053487	-1.741373	-1.408544	0.047194	0.186079	0.244499	0.029025053326040506	3.9506172839506166e-05	0.18607722222805023
118920	-3.054286	-1.740770	-1.406388	0.047156	0.186208	0.245027	0.028973808139562608	3.9506172839506166e-05	0.1862066239118576
119040	-3.053573	-1.739987	-1.405579	0.047190	0.186355	0.245225	0.028899171482771636	1.7558299039780518e-05	0.1863541156053543
119160	-3.054101	-1.739510	-1.404932	0.047165	0.186446	0.245384	0.02885657614096999	1.7558299039780518e-05	0.186445951461792
119280	-3.054625	-1.739063	-1.404574	0.047140	0.186541	0.245472	0.02880955031141639	2.6337448559670777e-05	0.1865416318178177
119400	-3.054051	-1.738721	-1.403298	0.047167	0.186600	0.245785	0.02878379076719284	3.9506172839506166e-05	0.18659953773021698
119520	-3.054694	-1.738474	-1.403041	0.047137	0.186659	0.245848	0.02876249374821782	2.6337448559670777e-05	0.1866573840379715
119640	-3.054965	-1.737957	-1.401379	0.047124	0.186774	0.246257	0.02872341964393854	3.9506172839506166e-05	0.18677115440368652
119760	-3.055711	-1.737503	-1.400406	0.047089	0.186866	0.246497	0.028673794120550156	3.9506172839506166e-05	0.18686510622501373
119880	-3.056543	-1.736816	-1.398779	0.047050	0.187017	0.246898	0.028615871258080006	3.9506172839506166e-05	0.18701541423797607
120000	-3.058383	-1.736310	-1.398873	0.046964	0.187129	0.246875	0.028572496119886638	2.6337448559670777e-05	0.18712756037712097
120120	-3.057740	-1.735729	-1.396991	0.046994	0.187261	0.247340	0.028514255117625	3.9506172839506166e-05	0.18726041913032532
120240	-3.057449	-1.735257	-1.396169	0.047007	0.187356	0.247543	0.028466292843222617	2.6337448559670777e-05	0.18735578656196594
120360	-3.058426	-1.735034	-1.396163	0.046962	0.187404	0.247545	0.02844858421012759	3.9506172839506166e-05	0.18740427494049072
120480	-3.058485	-1.734463	-1.395273	0.046959	0.187527	0.247765	0.028402481134980916	3.9506172839506166e-05	0.1875259131193161
120600	-3.059478	-1.734221	-1.394513	0.046912	0.187593	0.247954	0.02837890535593033	3.9506172839506166e-05	0.18759267032146454
120720	-3.058854	-1.733711	-1.393955	0.046941	0.187699	0.248092	0.028336919378489256	3.9506172839506166e-05	0.18769657611846924
120840	-3.058084	-1.733189	-1.394374	0.046978	0.187794	0.247988	0.028286793176084755	3.9506172839506166e-05	0.18779315054416656
120960	-3.057938	-1.732665	-1.394107	0.046984	0.187898	0.248054	0.028238991927355527	2.6337448559670777e-05	0.1878974437713623
121080	-3.057327	-1.732201	-1.394345	0.047013	0.187980	0.247996	0.028197177220135927	3.9506172839506166e-05	0.1879788339138031
121200	-3.056805	-1.731965	-1.393858	0.047038	0.188025	0.248116	0.028169249650090933	2.6337448559670777e-05	0.18802575767040253
121320	-3.056299	-1.731545	-1.393490	0.047062	0.188103	0.248207	0.028139074612408877	2.6337448559670777e-05	0.18810243904590607
121440	-3.057753	-1.731037	-1.392384	0.046993	0.188218	0.248482	0.028089179191738367	2.6337448559670777e-05	0.18821841478347778
121560	-3.057628	-1.730628	-1.391539	0.046999	0.188314	0.248692	0.02805582555010915	2.6337448559670777e-05	0.18831384181976318
121680	-3.056879	-1.730304	-1.391138	0.047034	0.188375	0.248792	0.028021673951298	3.9506172839506166e-05	0.18837536871433258
121800	-3.057723	-1.730032	-1.391220	0.046995	0.188440	0.248772	0.028002774342894554	3.9506172839506166e-05	0.18843945860862732
121920	-3.058538	-1.729306	-1.390461	0.046956	0.188585	0.248961	0.02794372132048011	2.6337448559670777e-05	0.18858365714550018
122040	-3.057956	-1.728704	-1.389462	0.046984	0.188707	0.249209	0.027887156791985036	3.9506172839506166e-05	0.1887047290802002
122160	-3.058342	-1.728325	-1.389743	0.046966	0.188783	0.249139	0.027850074879825115	3.9506172839506166e-05	0.1887822449207306
122280	-3.058468	-1.728136	-1.388273	0.046960	0.188846	0.249506	0.02783156791701913	2.6337448559670777e-05	0.18884484469890594
122400	-3.058636	-1.727879	-1.387640	0.046952	0.188898	0.249664	0.02780637228861451	3.9506172839506166e-05	0.18889759480953217
122520	-3.058838	-1.727886	-1.387518	0.046942	0.188901	0.249694	0.027809458039700984	1.7558299039780518e-05	0.18889985978603363
122640	-3.058804	-1.727640	-1.387417	0.046944	0.188954	0.249720	0.027790593169629573	3.9506172839506166e-05	0.18895278871059418
122760	-3.058173	-1.727129	-1.386232	0.046973	0.189059	0.250016	0.027742355410009623	3.9506172839506166e-05	0.1890583634376526
122880	-3.057690	-1.726298	-1.386066	0.046996	0.189218	0.250057	0.027669002301990986	3.9506172839506166e-05	0.18921619653701782
123000	-3.057240	-1.725922	-1.384806	0.047017	0.189293	0.250372	0.027634630724787713	3.9506172839506166e-05	0.18929201364517212
123120	-3.057884	-1.725461	-1.385134	0.046987	0.189390	0.250290	0.02759247748181224	1.7558299039780518e-05	0.1893891841173172
123240	-3.057696	-1.724763	-1.383681	0.046996	0.189529	0.250654	0.027532855141907932	3.9506172839506166e-05	0.18952730298042297
123360	-3.057641	-1.724261	-1.382569	0.046998	0.189637	0.250933	0.02748290179297328	3.9506172839506166e-05	0.18963605165481567
123480	-3.057288	-1.723704	-1.380785	0.047015	0.189748	0.251381	0.027434300910681487	2.6337448559670777e-05	0.1897474080324173
123600	-3.057016	-1.723349	-1.380445	0.047028	0.189814	0.251467	0.02740408619865775	3.9506172839506166e-05	0.18981210887432098
123720	-3.057657	-1.722847	-1.379916	0.046998	0.189924	0.251600	0.0273548923432827	3.9506172839506166e-05	0.18992288410663605
123840	-3.057928	-1.722468	-1.379663	0.046985	0.190008	0.251663	0.027322730980813503	2.6337448559670777e-05	0.19000673294067383
123960	-3.057846	-1.721974	-1.379029	0.046989	0.190102	0.251823	0.02727925227954984	3.9506172839506166e-05	0.190100759267807
124080	-3.059026	-1.721351	-1.376456	0.046933	0.190244	0.252472	0.02722594952210784	3.9506172839506166e-05	0.19024229049682617
124200	-3.059190	-1.720670	-1.375096	0.046926	0.190378	0.252815	0.02716094022616744	3.9506172839506166e-05	0.19037753343582153
124320	-3.059676	-1.720178	-1.374040	0.046903	0.190488	0.253082	0.027116349805146454	2.6337448559670777e-05	0.1904875636100769
124440	-3.060289	-1.719802	-1.373415	0.046874	0.190571	0.253241	0.02708169100806117	3.9506172839506166e-05	0.19056977331638336
124560	-3.058709	-1.719270	-1.373463	0.046948	0.190661	0.253228	0.027032386884093283	3.9506172839506166e-05	0.19066058099269867
124680	-3.058011	-1.718984	-1.373041	0.046981	0.190715	0.253335	0.027008200529962778	2.6337448559670777e-05	0.1907142549753189
124800	-3.057266	-1.718283	-1.370943	0.047016	0.190861	0.253868	0.026952433865517378	2.6337448559670777e-05	0.1908583790063858
124920	-3.057932	-1.718198	-1.370843	0.046985	0.190885	0.253893	0.026936720591038465	2.6337448559670777e-05	0.19088420271873474
125040	-3.058642	-1.717958	-1.370200	0.046951	0.190941	0.254056	0.026916838064789773	2.6337448559670777e-05	0.1909400224685669
125160	-3.058516	-1.717513	-1.369599	0.046957	0.191034	0.254209	0.026873831171542406	3.9506172839506166e-05	0.19103291630744934
125280	-3.057793	-1.716962	-1.368315	0.046991	0.191146	0.254536	0.02682847259566188	3.9506172839506166e-05	0.1911441832780838
125400	-3.057105	-1.716609	-1.367626	0.047024	0.191221	0.254711	0.026792896538972856	3.9506172839506166e-05	0.1912209540605545
125520	-3.056642	-1.716329	-1.367746	0.047045	0.191264	0.254680	0.026769726537168026	3.9506172839506166e-05	0.19126243889331818
125640	-3.059118	-1.716102	-1.367811	0.046929	0.191340	0.254664	0.026744142267853023	2.6337448559670777e-05	0.19133958220481873
125760	-3.060504	-1.715754	-1.366851	0.046864	0.191420	0.254908	0.026714867632836103	3.9506172839506166e-05	0.19142013788223267
125880	-3.061472	-1.715655	-1.366964	0.046819	0.191461	0.254880	0.026710145734250547	3.9506172839506166e-05	0.19145943224430084
126000	-3.061494	-1.715304	-1.366269	0.046818	0.191548	0.255057	0.026683942414820194	3.9506172839506166e-05	0.19154538214206696
126120	-3.062606	-1.714979	-1.365964	0.046766	0.191630	0.255135	0.02664420399814844	2.6337448559670777e-05	0.19163000583648682
126240	-3.063971	-1.714811	-1.365327	0.046702	0.191680	0.255297	0.026630791928619148	2.6337448559670777e-05	0.1916799694299698
126360	-3.063732	-1.714217	-1.364423	0.046713	0.191805	0.255528	0.026584635581821205	2.6337448559670777e-05	0.19180333614349365
126480	-3.063961	-1.713575	-1.363309	0.046702	0.191941	0.255813	0.02652329858392477	2.6337448559670777e-05	0.1919405609369278
126600	-3.065508	-1.713248	-1.363115	0.046630	0.192019	0.255862	0.026493709068745375	3.9506172839506166e-05	0.19201795756816864
126720	-3.064724	-1.712513	-1.362355	0.046667	0.192170	0.256057	0.02642951663583517	3.9506172839506166e-05	0.19216792285442352
126840	-3.064541	-1.712111	-1.361682	0.046675	0.192241	0.256230	0.026388684660196303	3.9506172839506166e-05	0.19224019348621368
126960	-3.064342	-1.711653	-1.361920	0.046685	0.192331	0.256168	0.026345261558890342	3.9506172839506166e-05	0.19233079254627228
127080	-3.064449	-1.711614	-1.362160	0.046680	0.192346	0.256107	0.026341193914413454	3.9506172839506166e-05	0.19234560430049896
127200	-3.064830	-1.711482	-1.361745	0.046662	0.192387	0.256213	0.026333159301429987	3.9506172839506166e-05	0.1923862099647522
127320	-3.064823	-1.710717	-1.360630	0.046662	0.192556	0.256499	0.026267301756888628	1.7558299039780518e-05	0.19255486130714417
127440	-3.065848	-1.710392	-1.359719	0.046614	0.192637	0.256733	0.026238184701651335	3.9506172839506166e-05	0.1926349401473999
127560	-3.065601	-1.709825	-1.358224	0.046626	0.192759	0.257117	0.02618356505408883	2.6337448559670777e-05	0.19275803864002228
127680	-3.065909	-1.709115	-1.357904	0.046611	0.192899	0.257199	0.02611886840313673	3.9506172839506166e-05	0.19289818406105042
127800	-3.066555	-1.708536	-1.357182	0.046581	0.193027	0.257385	0.026066515874117614	3.9506172839506166e-05	0.19302627444267273
127920	-3.066409	-1.707866	-1.355299	0.046588	0.193176	0.257870	0.026008243579417466	3.9506172839506166e-05	0.193174347281456
128040	-3.066388	-1.707448	-1.354599	0.046589	0.193261	0.258051	0.025966931786388158	2.6337448559670777e-05	0.1932607889175415
128160	-3.066445	-1.707025	-1.354122	0.046586	0.193344	0.258174	0.025930983107537033	3.9506172839506166e-05	0.19334429502487183
128280	-3.065402	-1.706541	-1.354632	0.046635	0.193431	0.258042	0.025888666789978743	2.6337448559670777e-05	0.19343020021915436
128400	-3.064926	-1.706148	-1.353786	0.046657	0.193517	0.258261	0.025856372714042664	3.9506172839506166e-05	0.19351540505886078
128520	-3.065329	-1.705666	-1.352822	0.046638	0.193632	0.258510	0.025806294102221728	2.6337448559670777e-05	0.1936323344707489
128640	-3.066600	-1.705181	-1.353976	0.046579	0.193748	0.258212	0.025769944954663514	1.7558299039780518e-05	0.19374704360961914
128760	-3.067757	-1.705083	-1.354010	0.046525	0.193784	0.258203	0.025755086541175844	2.6337448559670777e-05	0.19378343224525452
128880	-3.067314	-1.704625	-1.352857	0.046546	0.193888	0.258501	0.02571903457865119	3.9506172839506166e-05	0.19388671219348907
129000	-3.068254	-1.704189	-1.352710	0.046502	0.193987	0.258539	0.02567698610946536	1.7558299039780518e-05	0.1939859688282013
129120	-3.067596	-1.703652	-1.352141	0.046533	0.194087	0.258686	0.025630416255444287	2.6337448559670777e-05	0.19408465921878815
129240	-3.068544	-1.703179	-1.349316	0.046489	0.194210	0.259418	0.02558634355664253	2.6337448559670777e-05	0.1942089945077896
129360	-3.069014	-1.702566	-1.347835	0.046467	0.194343	0.259802	0.025532773602753876	3.9506172839506166e-05	0.194341242313385
129480	-3.069837	-1.701967	-1.346935	0.046429	0.194480	0.260036	0.02547542117536068	3.9506172839506166e-05	0.19447962939739227
129600	-3.070541	-1.701523	-1.345875	0.046396	0.194579	0.260312	0.02543829185888171	2.6337448559670777e-05	0.19457824528217316
129720	-3.069460	-1.701216	-1.344693	0.046446	0.194641	0.260620	0.025403555203229188	3.9506172839506166e-05	0.19464156031608582
129840	-3.070050	-1.700812	-1.344609	0.046419	0.194741	0.260642	0.025370844546705483	3.9506172839506166e-05	0.1947406679391861
129960	-3.071250	-1.700504	-1.344700	0.046363	0.194806	0.260618	0.02535266727209091	3.9506172839506166e-05	0.1948033571243286
130080	-3.071822	-1.700021	-1.344108	0.046337	0.194911	0.260772	0.025298875011503696	2.6337448559670777e-05	0.19491077959537506
130200	-3.073218	-1.699728	-1.343562	0.046272	0.194988	0.260915	0.025274125672876836	2.6337448559670777e-05	0.1949874758720398
130320	-3.072650	-1.699135	-1.343672	0.046298	0.195098	0.260886	0.025222109351307153	3.9506172839506166e-05	0.19509708881378174
130440	-3.072882	-1.698723	-1.343272	0.046288	0.195184	0.260990	0.0251811514608562	2.6337448559670777e-05	0.19518378376960754
130560	-3.074124	-1.698566	-1.343761	0.046230	0.195245	0.260863	0.025168855115771292	2.6337448559670777e-05	0.195243701338768
130680	-3.072254	-1.697981	-1.343062	0.046317	0.195350	0.261045	0.025122456438839435	2.6337448559670777e-05	0.19534854590892792
130800	-3.072640	-1.697704	-1.342151	0.046299	0.195409	0.261283	0.025091126654297115	2.6337448559670777e-05	0.19540879130363464
130920	-3.073567	-1.697336	-1.341684	0.046256	0.195490	0.261405	0.02505858996883035	3.9506172839506166e-05	0.19548875093460083
131040	-3.073714	-1.696770	-1.340140	0.046249	0.195610	0.261809	0.025010348483920097	3.9506172839506166e-05	0.19560828804969788
131160	-3.073194	-1.696275	-1.339767	0.046273	0.195706	0.261907	0.024963237810879946	2.6337448559670777e-05	0.19570568203926086
131280	-3.072378	-1.695642	-1.338834	0.046311	0.195832	0.262151	0.02490716576576233	2.6337448559670777e-05	0.19583137333393097
131400	-3.072661	-1.695288	-1.339473	0.046298	0.195908	0.261984	0.02487285202369094	3.9506172839506166e-05	0.19590793550014496
131520	-3.072924	-1.694977	-1.339789	0.046286	0.195982	0.261901	0.024847634695470334	2.6337448559670777e-05	0.19598151743412018
131640	-3.073192	-1.694564	-1.340012	0.046273	0.196068	0.261843	0.024810836650431156	3.9506172839506166e-05	0.19606736302375793
131760	-3.074261	-1.694088	-1.339340	0.046224	0.196171	0.262019	0.024767503142356873	3.9506172839506166e-05	0.19617019593715668
131880	-3.074288	-1.693756	-1.339708	0.046223	0.196243	0.261922	0.0247405924834311	3.9506172839506166e-05	0.1962418407201767
132000	-3.075038	-1.693332	-1.339088	0.046188	0.196339	0.262085	0.024702921323478223	2.6337448559670777e-05	0.19633814692497253
132120	-3.074296	-1.692682	-1.338181	0.046222	0.196466	0.262322	0.02464227769523859	3.9506172839506166e-05	0.19646500051021576
132240	-3.074302	-1.692178	-1.336199	0.046222	0.196599	0.262843	0.024594946764409542	2.6337448559670777e-05	0.19659802317619324
132360	-3.074446	-1.691603	-1.335103	0.046215	0.196741	0.263131	0.024540173914283515	3.9506172839506166e-05	0.1967412233352661
132480	-3.075590	-1.691320	-1.335545	0.046162	0.196806	0.263015	0.024522638600319623	3.9506172839506166e-05	0.1968042552471161
132600	-3.076363	-1.690983	-1.335833	0.046127	0.196878	0.262939	0.024490466713905333	3.9506172839506166e-05	0.19687607884407043
132720	-3.076017	-1.690539	-1.335435	0.046143	0.196966	0.263044	0.02444685697555542	3.9506172839506166e-05	0.19696539640426636
132840	-3.075466	-1.690034	-1.334695	0.046168	0.197067	0.263238	0.024403973761945964	3.9506172839506166e-05	0.19706571102142334
132960	-3.074385	-1.689530	-1.334931	0.046218	0.197165	0.263176	0.024357226863503455	3.9506172839506166e-05	0.1971641480922699
133080	-3.074265	-1.688965	-1.334100	0.046224	0.197299	0.263395	0.024306498374789952	3.9506172839506166e-05	0.19729800522327423
133200	-3.075099	-1.688656	-1.333932	0.046185	0.197374	0.263439	0.024279658682644367	2.6337448559670777e-05	0.1973726451396942
133320	-3.074886	-1.688380	-1.333869	0.046195	0.197434	0.263456	0.02424860456958413	3.9506172839506166e-05	0.19743433594703674
133440	-3.074447	-1.688089	-1.332804	0.046215	0.197494	0.263737	0.024225515127182008	2.6337448559670777e-05	0.19749344885349274
133560	-3.074676	-1.687866	-1.332592	0.046205	0.197541	0.263793	0.024205983988940714	3.9506172839506166e-05	0.1975405514240265
133680	-3.074751	-1.687640	-1.332427	0.046201	0.197595	0.263836	0.024183270614594223	2.6337448559670777e-05	0.19759495556354523
133800	-3.073914	-1.686942	-1.331363	0.046240	0.197750	0.264117	0.02412595273926854	1.7558299039780518e-05	0.19774934649467468
133920	-3.074935	-1.686592	-1.330202	0.046193	0.197840	0.264424	0.02409317111596465	3.9506172839506166e-05	0.19783899188041687
134040	-3.075541	-1.686396	-1.328733	0.046165	0.197898	0.264813	0.02407387997955084	2.6337448559670777e-05	0.1978970468044281
134160	-3.075851	-1.686111	-1.328120	0.046150	0.197957	0.264975	0.024049932416528464	3.9506172839506166e-05	0.19795610010623932
134280	-3.075697	-1.685578	-1.327152	0.046157	0.198072	0.265231	0.024003433343023062	1.7558299039780518e-05	0.19807158410549164
134400	-3.075476	-1.685317	-1.326561	0.046168	0.198119	0.265388	0.023978212848305702	3.9506172839506166e-05	0.19811764359474182
134520	-3.076607	-1.684789	-1.325097	0.046115	0.198247	0.265777	0.023931082990020513	1.7558299039780518e-05	0.19824695587158203
134640	-3.076570	-1.684327	-1.323563	0.046117	0.198345	0.266185	0.023890117462724448	2.6337448559670777e-05	0.19834429025650024
134760	-3.076255	-1.683872	-1.323316	0.046132	0.198440	0.266251	0.023848092555999754	3.9506172839506166e-05	0.19843874871730804
134880	-3.075863	-1.683263	-1.322336	0.046150	0.198579	0.266512	0.023792699724435807	3.9506172839506166e-05	0.19857819378376007
135000	-3.075861	-1.683011	-1.322990	0.046150	0.198630	0.266338	0.023766570910811424	2.6337448559670777e-05	0.19863048195838928
135120	-3.076592	-1.682705	-1.322720	0.046116	0.198707	0.266410	0.023741102032363414	2.6337448559670777e-05	0.19870638847351074
135240	-3.077790	-1.682379	-1.322019	0.046061	0.198791	0.266597	0.02371022067964077	3.9506172839506166e-05	0.1987905502319336
135360	-3.077219	-1.681805	-1.321045	0.046087	0.198924	0.266856	0.023662342876195907	3.9506172839506166e-05	0.19892390072345734
135480	-3.076477	-1.681283	-1.319621	0.046121	0.199027	0.267237	0.02361819623038173	3.9506172839506166e-05	0.19902543723583221
135600	-3.077026	-1.681176	-1.318576	0.046096	0.199068	0.267516	0.023601109348237514	1.7558299039780518e-05	0.19906826317310333
135720	-3.077114	-1.681158	-1.319140	0.046092	0.199067	0.267365	0.02360064648091793	2.6337448559670777e-05	0.199066162109375
135840	-3.077422	-1.680838	-1.318021	0.046078	0.199129	0.267665	0.023572372365742923	3.9506172839506166e-05	0.19912834465503693
135960	-3.077007	-1.680612	-1.316436	0.046097	0.199187	0.268089	0.023548679519444705	3.9506172839506166e-05	0.19918720424175262
136080	-3.076829	-1.680044	-1.315247	0.046105	0.199318	0.268408	0.0235027639195323	2.6337448559670777e-05	0.19931696355342865
136200	-3.076874	-1.679889	-1.314410	0.046103	0.199353	0.268633	0.02348442981019616	3.9506172839506166e-05	0.19935305416584015
136320	-3.076890	-1.679585	-1.314857	0.046102	0.199427	0.268513	0.023458243627101184	2.6337448559670777e-05	0.19942723214626312
136440	-3.076423	-1.679182	-1.314558	0.046124	0.199510	0.268593	0.023426699545234443	2.6337448559670777e-05	0.19950897991657257
136560	-3.076800	-1.678812	-1.313681	0.046107	0.199600	0.268829	0.02339693270623684	3.9506172839506166e-05	0.19959789514541626
136680	-3.076469	-1.678287	-1.312463	0.046122	0.199713	0.269156	0.02334998333826661	3.9506172839506166e-05	0.19971120357513428
136800	-3.076615	-1.677922	-1.312264	0.046115	0.199802	0.269210	0.023316555935889483	3.9506172839506166e-05	0.199800044298172
136920	-3.076519	-1.677214	-1.311037	0.046120	0.199966	0.269540	0.023254213109612464	3.9506172839506166e-05	0.19996345043182373
137040	-3.076245	-1.676486	-1.310335	0.046132	0.200132	0.269730	0.02318270495161414	3.9506172839506166e-05	0.20013102889060974
137160	-3.077207	-1.676140	-1.308674	0.046088	0.200226	0.270178	0.023154839780181645	1.7558299039780518e-05	0.20022466778755188
137280	-3.078074	-1.675678	-1.308030	0.046048	0.200326	0.270352	0.023111444246023894	2.6337448559670777e-05	0.20032501220703125
137400	-3.079350	-1.675045	-1.307755	0.045989	0.200464	0.270426	0.023056019376963378	2.6337448559670777e-05	0.20046262443065643
137520	-3.080275	-1.674625	-1.307453	0.045947	0.200568	0.270508	0.023016713745892047	2.6337448559670777e-05	0.20056650042533875
137640	-3.080122	-1.674050	-1.307390	0.045954	0.200701	0.270525	0.022965739667415618	3.9506172839506166e-05	0.20069962739944458
137760	-3.079779	-1.673502	-1.306299	0.045969	0.200823	0.270820	0.02291669901460409	2.6337448559670777e-05	0.20082245767116547
137880	-3.081273	-1.673131	-1.305866	0.045901	0.200910	0.270938	0.022882133815437557	3.9506172839506166e-05	0.20090913772583008
138000	-3.082705	-1.672846	-1.304307	0.045835	0.201001	0.271361	0.022852711006999017	2.6337448559670777e-05	0.20100058615207672
138120	-3.081624	-1.672263	-1.303994	0.045885	0.201134	0.271446	0.022807021718472244	3.9506172839506166e-05	0.20113220810890198
138240	-3.081832	-1.671618	-1.302654	0.045875	0.201281	0.271810	0.022752042673528195	3.9506172839506166e-05	0.20127850770950317
138360	-3.081619	-1.670996	-1.301419	0.045885	0.201430	0.272145	0.022690877318382263	3.9506172839506166e-05	0.20142875611782074
138480	-3.081233	-1.670638	-1.299973	0.045903	0.201528	0.272539	0.02265828838571906	1.7558299039780518e-05	0.20152676105499268
138600	-3.081532	-1.670103	-1.298887	0.045889	0.201643	0.272835	0.022607735451310874	2.6337448559670777e-05	0.20164214074611664
138720	-3.082354	-1.669301	-1.298007	0.045851	0.201835	0.273076	0.022547403816133738	5.925925925925925e-05	0.2018311321735382
138840	-3.081632	-1.668774	-1.298093	0.045884	0.201948	0.273052	0.02248730231076479	3.9506172839506166e-05	0.20194756984710693
138960	-3.082989	-1.668339	-1.297894	0.045822	0.202068	0.273106	0.022450486570596694	3.9506172839506166e-05	0.20206667482852936
139080	-3.083361	-1.668064	-1.297199	0.045805	0.202139	0.273296	0.02242102809250355	3.9506172839506166e-05	0.20213879644870758
139200	-3.082724	-1.667630	-1.296228	0.045834	0.202235	0.273562	0.0223841548897326	3.9506172839506166e-05	0.20223475992679596
139320	-3.084539	-1.667416	-1.295967	0.045751	0.202308	0.273633	0.02236606366932392	3.9506172839506166e-05	0.20230701565742493
139440	-3.085610	-1.666993	-1.295566	0.045702	0.202417	0.273743	0.02233039904385805	2.6337448559670777e-05	0.20241577923297882
139560	-3.085501	-1.666747	-1.295248	0.045707	0.202481	0.273830	0.022304180637001993	3.9506172839506166e-05	0.20248110592365265
139680	-3.084752	-1.666699	-1.294468	0.045741	0.202484	0.274044	0.022303118836134672	3.9506172839506166e-05	0.20248238742351532
139800	-3.085236	-1.666276	-1.293425	0.045719	0.202585	0.274330	0.02226476315408945	2.6337448559670777e-05	0.2025837004184723
139920	-3.086052	-1.665845	-1.293629	0.045682	0.202687	0.274274	0.022224357444792987	2.6337448559670777e-05	0.2026861310005188
140040	-3.086258	-1.665565	-1.293610	0.045673	0.202752	0.274279	0.022199052199721337	2.6337448559670777e-05	0.2027515172958374
140160	-3.086547	-1.665106	-1.292473	0.045659	0.202863	0.274591	0.022159410081803797	3.9506172839506166e-05	0.2028621882200241
140280	-3.088635	-1.664768	-1.291016	0.045564	0.202973	0.274991	0.022125392220914364	2.6337448559670777e-05	0.20297236740589142
140400	-3.088263	-1.664382	-1.290716	0.045581	0.203065	0.275074	0.02209248635917902	3.9506172839506166e-05	0.2030636966228485
140520	-3.087519	-1.663823	-1.289418	0.045615	0.203190	0.275431	0.02204629136249423	2.6337448559670777e-05	0.2031884342432022
140640	-3.087845	-1.663597	-1.288271	0.045600	0.203242	0.275747	0.022021013684570788	3.9506172839506166e-05	0.20324105024337769
140760	-3.087984	-1.662980	-1.285260	0.045594	0.203378	0.276579	0.021967451181262733	2.6337448559670777e-05	0.20337697863578796
140880	-3.088884	-1.662405	-1.284240	0.045553	0.203515	0.276861	0.02191514577716589	2.6337448559670777e-05	0.20351427793502808
141000	-3.090244	-1.662261	-1.283323	0.045491	0.203572	0.277115	0.021900846250355245	3.9506172839506166e-05	0.20357175171375275
141120	-3.091359	-1.662130	-1.284044	0.045440	0.203613	0.276915	0.021885074395686387	2.6337448559670777e-05	0.2036133110523224
141240	-3.091798	-1.661864	-1.283348	0.045420	0.203689	0.277108	0.021861913986504077	3.9506172839506166e-05	0.20368912816047668
141360	-3.093043	-1.661576	-1.282919	0.045364	0.203760	0.277227	0.021842811536043883	2.6337448559670777e-05	0.20375902950763702
141480	-3.093808	-1.661191	-1.281752	0.045329	0.203856	0.277551	0.021804917231202127	3.9506172839506166e-05	0.2038550078868866
141600	-3.093765	-1.661113	-1.282127	0.045331	0.203880	0.277447	0.021797205694019793	3.9506172839506166e-05	0.20387975871562958
141720	-3.092437	-1.660804	-1.281310	0.045391	0.203947	0.277673	0.021766924299299717	2.6337448559670777e-05	0.20394733548164368
141840	-3.092608	-1.660741	-1.280720	0.045383	0.203983	0.277837	0.021763743367046118	2.6337448559670777e-05	0.2039829045534134
141960	-3.093561	-1.660628	-1.281277	0.045340	0.204010	0.277683	0.02175154583528638	2.6337448559670777e-05	0.20401045680046082
142080	-3.094581	-1.660270	-1.280830	0.045294	0.204095	0.277807	0.021725242026150227	2.6337448559670777e-05	0.20409364998340607
142200	-3.094510	-1.659856	-1.280842	0.045297	0.204199	0.277803	0.021687363181263207	2.6337448559670777e-05	0.20419743657112122
142320	-3.094577	-1.659682	-1.280676	0.045294	0.204239	0.277850	0.02167406203225255	3.9506172839506166e-05	0.20423710346221924
142440	-3.094442	-1.659514	-1.280220	0.045300	0.204276	0.277976	0.02165434928610921	2.6337448559670777e-05	0.2042752206325531
142560	-3.094954	-1.659013	-1.280625	0.045277	0.204398	0.277864	0.02160737235099077	3.9506172839506166e-05	0.20439764857292175
142680	-3.095211	-1.658811	-1.281001	0.045265	0.204436	0.277759	0.02158753536641598	1.7558299039780518e-05	0.20443646609783173
142800	-3.095547	-1.658722	-1.281300	0.045250	0.204454	0.277676	0.021577483881264924	5.925925925925925e-05	0.204454243183136
142920	-3.094548	-1.658410	-1.280458	0.045295	0.204520	0.277910	0.02155532706528902	2.6337448559670777e-05	0.2045193910598755
143040	-3.095683	-1.658096	-1.279722	0.045244	0.204597	0.278115	0.02152929725125432	3.9506172839506166e-05	0.20459599792957306
143160	-3.095387	-1.657705	-1.278704	0.045257	0.204674	0.278398	0.02149146916344762	1.7558299039780518e-05	0.204673171043396
143280	-3.095426	-1.657590	-1.277293	0.045256	0.204715	0.278791	0.02148031136021018	3.9506172839506166e-05	0.20471453666687012
143400	-3.095583	-1.657359	-1.277472	0.045249	0.204774	0.278741	0.02146027246490121	1.7558299039780518e-05	0.20477306842803955
143520	-3.096251	-1.656940	-1.276703	0.045218	0.204884	0.278956	0.02142365910112858	1.7558299039780518e-05	0.2048829197883606
143640	-3.097687	-1.656783	-1.277061	0.045154	0.204934	0.278856	0.021407008450478316	3.9506172839506166e-05	0.2049340456724167
143760	-3.096772	-1.656312	-1.276194	0.045195	0.205038	0.279098	0.021367062442004682	2.6337448559670777e-05	0.20503759384155273
143880	-3.096572	-1.656008	-1.275455	0.045204	0.205116	0.279304	0.021338642109185457	3.9506172839506166e-05	0.20511534810066223
144000	-3.096010	-1.655742	-1.274691	0.045229	0.205187	0.279517	0.021310485154390334	2.6337448559670777e-05	0.20518748462200165
144120	-3.096290	-1.655439	-1.275773	0.045217	0.205252	0.279215	0.021288922987878323	1.7558299039780518e-05	0.20525187253952026
144240	-3.096543	-1.655072	-1.276516	0.045205	0.205331	0.279008	0.021257824264466763	3.9506172839506166e-05	0.20532940328121185
144360	-3.096322	-1.654665	-1.276666	0.045215	0.205428	0.278966	0.021214887499809265	1.7558299039780518e-05	0.2054281234741211
144480	-3.097107	-1.654419	-1.276374	0.045180	0.205493	0.279047	0.02120377980172634	3.9506172839506166e-05	0.20549076795578003
144600	-3.096782	-1.653785	-1.275917	0.045194	0.205630	0.279175	0.021140738483518363	3.9506172839506166e-05	0.2056294083595276
144720	-3.098592	-1.653746	-1.275877	0.045113	0.205648	0.279186	0.02113003470003605	3.9506172839506166e-05	0.20564888417720795
144840	-3.099121	-1.653689	-1.275552	0.045089	0.205665	0.279277	0.021126312762498857	2.6337448559670777e-05	0.20566558837890625
144960	-3.099556	-1.653426	-1.273767	0.045069	0.205727	0.279776	0.021110139042139053	1.7558299039780518e-05	0.20572586357593536
145080	-3.099222	-1.653163	-1.273672	0.045084	0.205788	0.279802	0.02107863873243332	1.7558299039780518e-05	0.20578834414482117
145200	-3.099607	-1.652819	-1.273612	0.045067	0.205880	0.279819	0.021058244816958904	3.9506172839506166e-05	0.20587727427482605
145320	-3.099476	-1.652418	-1.273851	0.045073	0.205988	0.279752	0.021019402239471675	3.9506172839506166e-05	0.20598633587360382
145440	-3.099100	-1.651786	-1.272467	0.045090	0.206143	0.280140	0.020958031248301267	3.9506172839506166e-05	0.20614172518253326
145560	-3.098429	-1.651306	-1.271138	0.045120	0.206260	0.280512	0.020925545226782562	2.6337448559670777e-05	0.20625820755958557
145680	-3.098377	-1.650659	-1.268888	0.045122	0.206415	0.281144	0.020862589683383705	2.6337448559670777e-05	0.20641280710697174
145800	-3.098180	-1.650121	-1.268153	0.045131	0.206547	0.281351	0.020813582558184864	2.6337448559670777e-05	0.20654551684856415
145920	-3.097834	-1.649642	-1.267974	0.045147	0.206647	0.281401	0.02076356327161193	3.9506172839506166e-05	0.20664721727371216
146040	-3.098836	-1.649250	-1.268170	0.045102	0.206728	0.281346	0.020729603711515665	3.9506172839506166e-05	0.20672787725925446
146160	-3.098962	-1.648657	-1.267959	0.045096	0.206847	0.281405	0.02067859061062336	3.9506172839506166e-05	0.20684640109539032
146280	-3.099381	-1.648197	-1.268440	0.045077	0.206952	0.281270	0.020636119414120913	3.9506172839506166e-05	0.20695094764232635
146400	-3.099898	-1.648162	-1.268345	0.045054	0.206972	0.281297	0.020629961416125296	2.6337448559670777e-05	0.20697200298309326
146520	-3.099938	-1.647964	-1.267483	0.045052	0.207017	0.281539	0.020616962946951388	3.9506172839506166e-05	0.2070162445306778
146640	-3.100446	-1.647538	-1.267644	0.045029	0.207108	0.281494	0.020575477741658688	3.9506172839506166e-05	0.20710742473602295
146760	-3.101441	-1.647275	-1.266138	0.044984	0.207193	0.281918	0.020551022328436374	3.9506172839506166e-05	0.2071932852268219
146880	-3.100674	-1.646532	-1.265256	0.045019	0.207359	0.282167	0.020487871114164592	2.6337448559670777e-05	0.207358255982399
147000	-3.100287	-1.645900	-1.263915	0.045036	0.207503	0.282546	0.0204294360242784	2.6337448559670777e-05	0.20750318467617035
147120	-3.100054	-1.645659	-1.263310	0.045047	0.207560	0.282717	0.020404555834829807	3.9506172839506166e-05	0.20756040513515472
147240	-3.100172	-1.645319	-1.264159	0.045041	0.207650	0.282477	0.020379876997321845	5.925925925925925e-05	0.2076488733291626
147360	-3.100698	-1.644934	-1.264367	0.045018	0.207739	0.282418	0.020341670140624046	3.9506172839506166e-05	0.2077380120754242
147480	-3.100792	-1.644553	-1.262965	0.045014	0.207834	0.282814	0.02031270060688257	3.9506172839506166e-05	0.20783239603042603
147600	-3.100876	-1.644103	-1.261364	0.045010	0.207940	0.283267	0.020266543515026568	3.9506172839506166e-05	0.20794017612934113
147720	-3.100612	-1.643481	-1.259648	0.045022	0.208081	0.283754	0.020223052334040405	3.9506172839506166e-05	0.20807866752147675
147840	-3.100911	-1.642708	-1.258585	0.045008	0.208241	0.284056	0.020148488320410253	3.9506172839506166e-05	0.20823872089385986
147960	-3.101762	-1.642254	-1.257479	0.044970	0.208354	0.284370	0.020102376211434604	3.9506172839506166e-05	0.20835396647453308
148080	-3.102004	-1.641935	-1.257469	0.044959	0.208448	0.284373	0.020074026472866536	3.9506172839506166e-05	0.20844636857509613
148200	-3.101746	-1.641715	-1.256089	0.044971	0.208508	0.284766	0.020050380472093822	3.9506172839506166e-05	0.20850782096385956
148320	-3.101491	-1.641211	-1.255725	0.044982	0.208618	0.284869	0.0200104090385139	3.9506172839506166e-05	0.20861609280109406
148440	-3.101753	-1.640613	-1.254491	0.044970	0.208758	0.285221	0.01995523916557431	3.9506172839506166e-05	0.20875760912895203
148560	-3.102697	-1.640507	-1.254242	0.044928	0.208797	0.285292	0.019939674343913794	2.6337448559670777e-05	0.20879751443862915
148680	-3.103151	-1.639867	-1.252485	0.044907	0.208942	0.285794	0.01989147923886776	1.7558299039780518e-05	0.20894105732440948
148800	-3.102745	-1.639460	-1.251898	0.044926	0.209035	0.285961	0.01985589601099491	3.9506172839506166e-05	0.2090325504541397
148920	-3.103683	-1.639018	-1.250994	0.044884	0.209150	0.286220	0.01981425369158387	3.9506172839506166e-05	0.20914770662784576
149040	-3.103616	-1.638483	-1.251114	0.044887	0.209258	0.286186	0.019760783389210702	3.9506172839506166e-05	0.20925749838352203
149160	-3.103976	-1.637750	-1.249857	0.044870	0.209434	0.286546	0.01969955088570714	2.6337448559670777e-05	0.20943260192871094
149280	-3.102910	-1.637277	-1.249355	0.044918	0.209538	0.286690	0.019653871562331914	3.9506172839506166e-05	0.2095368355512619
149400	-3.103260	-1.636867	-1.248298	0.044903	0.209652	0.286993	0.019616163894534112	3.9506172839506166e-05	0.20965155959129333
149520	-3.102478	-1.636399	-1.248521	0.044938	0.209769	0.286929	0.019578248262405396	3.9506172839506166e-05	0.20976631343364716
149640	-3.102901	-1.636112	-1.249306	0.044919	0.209836	0.286704	0.01954722050577402	2.6337448559670777e-05	0.2098357230424881
149760	-3.103356	-1.635884	-1.248818	0.044898	0.209901	0.286844	0.01952362023293972	3.9506172839506166e-05	0.2099015861749649
149880	-3.102652	-1.635783	-1.249165	0.044930	0.209925	0.286744	0.019519904069602488	2.6337448559670777e-05	0.20992332696914673
150000	-3.101359	-1.635039	-1.248024	0.044988	0.210082	0.287071	0.019452517852187157	1.7558299039780518e-05	0.2100813090801239
150120	-3.101197	-1.634610	-1.247753	0.044995	0.210185	0.287149	0.019414056930691002	3.9506172839506166e-05	0.2101835310459137
150240	-3.101035	-1.634134	-1.247137	0.045003	0.210294	0.287326	0.01937058912590146	2.6337448559670777e-05	0.21029335260391235
150360	-3.100419	-1.633381	-1.245744	0.045030	0.210457	0.287727	0.019307763781398535	3.9506172839506166e-05	0.21045494079589844
150480	-3.099437	-1.632867	-1.245195	0.045075	0.210563	0.287885	0.019262301083654166	3.9506172839506166e-05	0.21056082844734192
150600	-3.100263	-1.632575	-1.244644	0.045037	0.210635	0.288044	0.01923059532418847	3.9506172839506166e-05	0.21063438057899475
150720	-3.100231	-1.632310	-1.245327	0.045039	0.210695	0.287847	0.019207166228443383	1.7558299039780518e-05	0.21069419384002686
150840	-3.100831	-1.632131	-1.245617	0.045012	0.210731	0.287763	0.019187234435230495	2.6337448559670777e-05	0.2107304334640503
150960	-3.100388	-1.631572	-1.244022	0.045032	0.210848	0.288223	0.019140105694532394	3.9506172839506166e-05	0.21084728837013245
151080	-3.100951	-1.631397	-1.243087	0.045006	0.210899	0.288492	0.01912518460303545	3.9506172839506166e-05	0.21089869737625122
151200	-3.100854	-1.630983	-1.242941	0.045011	0.210993	0.288534	0.019088757038116456	3.9506172839506166e-05	0.21099154651165009
151320	-3.099830	-1.630614	-1.241546	0.045057	0.211061	0.288937	0.019057501386851073	3.9506172839506166e-05	0.2110602855682373
151440	-3.098696	-1.630293	-1.242873	0.045108	0.211134	0.288554	0.019022309966385365	2.6337448559670777e-05	0.21113383769989014
151560	-3.099699	-1.629671	-1.242570	0.045063	0.211288	0.288641	0.018971643317490815	3.9506172839506166e-05	0.21128691732883453
151680	-3.100728	-1.629591	-1.244136	0.045016	0.211319	0.288190	0.018958155158907176	2.6337448559670777e-05	0.21131937205791473
151800	-3.099319	-1.629082	-1.245261	0.045080	0.211421	0.287866	0.018916539661586285	3.9506172839506166e-05	0.2114199846982956
151920	-3.098288	-1.628701	-1.245579	0.045126	0.211499	0.287774	0.018883715383708477	3.9506172839506166e-05	0.21149784326553345
152040	-3.097687	-1.628056	-1.243794	0.045154	0.211625	0.288288	0.018826790153980255	3.9506172839506166e-05	0.21162308752536774
152160	-3.096705	-1.627277	-1.243706	0.045198	0.211789	0.288314	0.01875952258706093	2.6337448559670777e-05	0.21178729832172394
152280	-3.096401	-1.626945	-1.244066	0.045212	0.211864	0.288210	0.018722749873995782	3.9506172839506166e-05	0.21186348795890808
152400	-3.097695	-1.626555	-1.243159	0.045153	0.211973	0.288471	0.018691122066229582	3.9506172839506166e-05	0.21197082102298737
152520	-3.097818	-1.626143	-1.243071	0.045148	0.212082	0.288497	0.01865317840129137	2.6337448559670777e-05	0.2120804488658905
152640	-3.098242	-1.625664	-1.242256	0.045128	0.212191	0.288732	0.01860787533223629	2.6337448559670777e-05	0.2121899276971817
152760	-3.099225	-1.625139	-1.241383	0.045084	0.212334	0.288984	0.01856231167912483	2.6337448559670777e-05	0.21233226358890533
152880	-3.099944	-1.624886	-1.241461	0.045052	0.212401	0.288962	0.01853764858096838	3.9506172839506166e-05	0.2124001383781433
153000	-3.100469	-1.624486	-1.242737	0.045028	0.212487	0.288593	0.01849710438400507	3.9506172839506166e-05	0.21248747408390045
153120	-3.101089	-1.624354	-1.243515	0.045000	0.212526	0.288369	0.01849030489102006	3.9506172839506166e-05	0.21252486109733582
153240	-3.100204	-1.623544	-1.242354	0.045040	0.212717	0.288704	0.018426273204386234	2.6337448559670777e-05	0.21271494030952454
153360	-3.100129	-1.623098	-1.242738	0.045043	0.212819	0.288593	0.018380828946828843	3.9506172839506166e-05	0.21281765401363373
153480	-3.100932	-1.622860	-1.242351	0.045007	0.212892	0.288705	0.018356990348547698	2.6337448559670777e-05	0.2128913402557373
153600	-3.102342	-1.622457	-1.242433	0.044944	0.213000	0.288681	0.018323333561420442	2.6337448559670777e-05	0.21299903094768524
153720	-3.102287	-1.622114	-1.241863	0.044946	0.213088	0.288846	0.018285773508250714	3.9506172839506166e-05	0.213088721036911
153840	-3.102038	-1.621666	-1.241270	0.044957	0.213193	0.289017	0.018249377328902482	3.9506172839506166e-05	0.21319198608398438
153960	-3.102153	-1.621213	-1.240500	0.044952	0.213304	0.289239	0.01820713672786951	2.6337448559670777e-05	0.21330344676971436
154080	-3.101992	-1.620640	-1.240347	0.044960	0.213433	0.289284	0.0181577174924314	1.7558299039780518e-05	0.21343232691287994
154200	-3.101907	-1.620432	-1.240122	0.044963	0.213483	0.289349	0.018134872801601885	2.6337448559670777e-05	0.21348291635513306
154320	-3.101102	-1.619921	-1.239530	0.045000	0.213596	0.289520	0.018095006793737413	3.9506172839506166e-05	0.213595449924469
154440	-3.100500	-1.619312	-1.239272	0.045027	0.213740	0.289595	0.018038107734173536	3.9506172839506166e-05	0.21373890340328217
154560	-3.101776	-1.618799	-1.238585	0.044969	0.213887	0.289794	0.017993546184152366	3.9506172839506166e-05	0.21388503909111023
154680	-3.102927	-1.618316	-1.237476	0.044918	0.214030	0.290115	0.01795170856639743	2.6337448559670777e-05	0.21402867138385773
154800	-3.103550	-1.617933	-1.237055	0.044890	0.214138	0.290238	0.01791392369195819	2.6337448559670777e-05	0.21413667500019073
154920	-3.103742	-1.617381	-1.236758	0.044881	0.214266	0.290324	0.017860355135053397	3.9506172839506166e-05	0.2142660766839981
155040	-3.103988	-1.617030	-1.236355	0.044870	0.214362	0.290441	0.01782632013782859	3.9506172839506166e-05	0.21436291933059692
155160	-3.105226	-1.616594	-1.235577	0.044814	0.214473	0.290667	0.017792797274887563	3.9506172839506166e-05	0.2144721895456314
155280	-3.105550	-1.616257	-1.236060	0.044800	0.214553	0.290527	0.017761634942144156	2.6337448559670777e-05	0.2145521193742752
155400	-3.106183	-1.616016	-1.235117	0.044772	0.214635	0.290801	0.017744480818510055	3.9506172839506166e-05	0.2146327942609787
155520	-3.106029	-1.615621	-1.233827	0.044778	0.214730	0.291176	0.017708048410713672	3.9506172839506166e-05	0.21472865343093872
155640	-3.106082	-1.615298	-1.233593	0.044776	0.214800	0.291244	0.017672231327742337	3.9506172839506166e-05	0.2147994041442871
155760	-3.106038	-1.615302	-1.232487	0.044778	0.214821	0.291567	0.01767508340999484	3.9506172839506166e-05	0.21482019126415253
155880	-3.106137	-1.614703	-1.230723	0.044774	0.214962	0.292081	0.017628942057490347	2.6337448559670777e-05	0.21496093273162842
156000	-3.105684	-1.614174	-1.229740	0.044794	0.215077	0.292369	0.017577387299388646	1.7558299039780518e-05	0.21507608890533447
156120	-3.105498	-1.613854	-1.228949	0.044802	0.215163	0.292600	0.01754502849653363	3.9506172839506166e-05	0.2151617556810379
156240	-3.104375	-1.613182	-1.228454	0.044853	0.215304	0.292745	0.017488446831703187	3.9506172839506166e-05	0.21530276536941528
156360	-3.104569	-1.612674	-1.227680	0.044844	0.215432	0.292971	0.017440092284232378	2.6337448559670777e-05	0.21543124318122864
156480	-3.103795	-1.612363	-1.226337	0.044879	0.215500	0.293365	0.017414397466927765	3.9506172839506166e-05	0.21549823880195618
156600	-3.104953	-1.611898	-1.225675	0.044827	0.215621	0.293560	0.017375073861330748	2.6337448559670777e-05	0.21561987698078156
156720	-3.104489	-1.611576	-1.225438	0.044847	0.215691	0.293629	0.01734702754765749	3.9506172839506166e-05	0.2156890630722046
156840	-3.103746	-1.611474	-1.224818	0.044881	0.215713	0.293811	0.017326881177723408	3.9506172839506166e-05	0.21571388840675354
156960	-3.105105	-1.611282	-1.223793	0.044820	0.215777	0.294113	0.017315841373056175	2.6337448559670777e-05	0.2157755196094513
157080	-3.105057	-1.610670	-1.223682	0.044822	0.215921	0.294145	0.017259930074214936	1.7558299039780518e-05	0.21592016518115997
157200	-3.105606	-1.610291	-1.223677	0.044797	0.216003	0.294147	0.017225602734833957	3.9506172839506166e-05	0.21600143611431122
157320	-3.105601	-1.609773	-1.224008	0.044798	0.216114	0.294049	0.017181081976741553	2.6337448559670777e-05	0.2161126732826233
157440	-3.105211	-1.609343	-1.222809	0.044815	0.216226	0.294402	0.01713784672319889	3.9506172839506166e-05	0.21622559428215027
157560	-3.104914	-1.608732	-1.221453	0.044828	0.216369	0.294801	0.017083054594695567	3.9506172839506166e-05	0.21636877954006195
157680	-3.104851	-1.608522	-1.221812	0.044831	0.216428	0.294696	0.017067195661365987	3.9506172839506166e-05	0.21642664074897766
157800	-3.105922	-1.608163	-1.220642	0.044783	0.216524	0.295041	0.017034035827964544	3.9506172839506166e-05	0.21652285754680634
157920	-3.107537	-1.607648	-1.220937	0.044711	0.216655	0.294954	0.016988048050552606	1.7558299039780518e-05	0.21665440499782562
158040	-3.107981	-1.607243	-1.219747	0.044691	0.216771	0.295305	0.016952033434063197	2.6337448559670777e-05	0.2167692482471466
158160	-3.107865	-1.606901	-1.219572	0.044696	0.216859	0.295356	0.01692077685147524	2.6337448559670777e-05	0.2168581187725067
158280	-3.109538	-1.606510	-1.218785	0.044622	0.216970	0.295589	0.01688879672437906	3.9506172839506166e-05	0.21696822345256805
158400	-3.109632	-1.605947	-1.217586	0.044617	0.217107	0.295944	0.016833440586924552	1.7558299039780518e-05	0.21710674464702606
158520	-3.110600	-1.605904	-1.218046	0.044574	0.217141	0.295808	0.01682548737153411	3.9506172839506166e-05	0.2171405702829361
158640	-3.110185	-1.605519	-1.217383	0.044593	0.217234	0.296004	0.016791673470288516	2.6337448559670777e-05	0.21723413467407227
158760	-3.112169	-1.605217	-1.217931	0.044504	0.217315	0.295842	0.016766379214823247	2.6337448559670777e-05	0.2173151820898056
158880	-3.112964	-1.604762	-1.217568	0.044469	0.217431	0.295949	0.016724986117333175	2.6337448559670777e-05	0.21743115782737732
159000	-3.114021	-1.604468	-1.217447	0.044422	0.217515	0.295985	0.016699162032455205	3.9506172839506166e-05	0.21751461923122406
159120	-3.115120	-1.603945	-1.216537	0.044373	0.217664	0.296254	0.016652350779622793	3.9506172839506166e-05	0.21766337752342224
159240	-3.115433	-1.603759	-1.216903	0.044359	0.217717	0.296146	0.016637362726032733	3.9506172839506166e-05	0.21771638095378876
159360	-3.116184	-1.603176	-1.216525	0.044326	0.217861	0.296258	0.016584807261824607	3.9506172839506166e-05	0.21785980463027954
159480	-3.116582	-1.602894	-1.217045	0.044308	0.217916	0.296104	0.0165581788867712	3.9506172839506166e-05	0.21791580319404602
159600	-3.116962	-1.602717	-1.216610	0.044292	0.217979	0.296233	0.01654298501089215	3.9506172839506166e-05	0.21797724068164825
159720	-3.117949	-1.602519	-1.217327	0.044248	0.218044	0.296020	0.01652529425919056	3.9506172839506166e-05	0.21804291009902954
159840	-3.117627	-1.602188	-1.217026	0.044262	0.218129	0.296110	0.016494106408208607	1.7558299039780518e-05	0.21812883019447327
159960	-3.118164	-1.601835	-1.216778	0.044238	0.218222	0.296183	0.016461448557674885	3.9506172839506166e-05	0.21822169423103333
160080	-3.118825	-1.601417	-1.216497	0.044209	0.218344	0.296266	0.01642373390495777	2.6337448559670777e-05	0.21834400296211243
160200	-3.119988	-1.600672	-1.215375	0.044158	0.218522	0.296599	0.016364170145243405	3.9506172839506166e-05	0.21851970255374908
160320	-3.119973	-1.599999	-1.214684	0.044158	0.218688	0.296804	0.016301986668258904	5.925925925925925e-05	0.21868684887886047
160440	-3.120538	-1.599577	-1.213482	0.044133	0.218814	0.297161	0.016259574331343174	3.9506172839506166e-05	0.21881277859210968
160560	-3.120342	-1.599050	-1.212315	0.044142	0.218938	0.297508	0.016211391985416414	3.9506172839506166e-05	0.2189377397298813
160680	-3.121352	-1.598890	-1.212371	0.044098	0.218999	0.297491	0.016194785106927158	2.6337448559670777e-05	0.21899950504302979
160800	-3.121213	-1.598372	-1.211771	0.044104	0.219131	0.297670	0.016156906075775624	3.9506172839506166e-05	0.2191292643547058
160920	-3.121274	-1.597679	-1.210693	0.044101	0.219293	0.297991	0.01609390275552869	3.9506172839506166e-05	0.21929192543029785
161040	-3.121311	-1.597468	-1.210929	0.044099	0.219352	0.297920	0.0160738623701036	3.9506172839506166e-05	0.21934938430786133
161160	-3.122380	-1.597215	-1.210541	0.044052	0.219441	0.298036	0.01604886520653963	2.6337448559670777e-05	0.21943920850753784
161280	-3.122409	-1.596727	-1.209006	0.044051	0.219560	0.298494	0.01600532103329897	3.9506172839506166e-05	0.21955880522727966
161400	-3.122887	-1.596266	-1.208483	0.044030	0.219683	0.298650	0.01596264075487852	3.9506172839506166e-05	0.2196817547082901
161520	-3.122599	-1.596121	-1.208209	0.044043	0.219710	0.298732	0.015950603131204843	1.7558299039780518e-05	0.21970966458320618
161640	-3.121615	-1.595657	-1.207419	0.044086	0.219816	0.298968	0.01591313136741519	3.9506172839506166e-05	0.21981388330459595
161760	-3.121005	-1.595040	-1.207557	0.044113	0.219954	0.298927	0.015853976365178823	3.9506172839506166e-05	0.2199527472257614
161880	-3.120848	-1.594774	-1.208497	0.044120	0.220023	0.298646	0.015822510700672865	1.7558299039780518e-05	0.22002363204956055
162000	-3.121156	-1.594507	-1.208100	0.044106	0.220101	0.298764	0.01580071272328496	1.7558299039780518e-05	0.22010104358196259
162120	-3.120475	-1.594171	-1.208184	0.044136	0.220176	0.298739	0.01577928327023983	3.9506172839506166e-05	0.22017411887645721
162240	-3.119761	-1.593666	-1.209570	0.044168	0.220274	0.298325	0.015727519430220126	2.6337448559670777e-05	0.2202734500169754
162360	-3.120709	-1.593427	-1.207858	0.044126	0.220359	0.298837	0.01570813674479723	2.6337448559670777e-05	0.22035790979862213
162480	-3.120699	-1.592764	-1.206643	0.044126	0.220524	0.299200	0.01565387500450015	3.9506172839506166e-05	0.2205212265253067
162600	-3.120371	-1.592323	-1.206272	0.044141	0.220631	0.299311	0.015602786932140589	3.9506172839506166e-05	0.22063133120536804
162720	-3.120377	-1.591677	-1.205810	0.044141	0.220789	0.299449	0.01555079105310142	1.7558299039780518e-05	0.2207886278629303
162840	-3.121427	-1.591412	-1.205395	0.044094	0.220859	0.299574	0.01552241463214159	3.9506172839506166e-05	0.22085905075073242
162960	-3.122190	-1.590785	-1.204522	0.044061	0.221030	0.299835	0.015475641051307321	1.7558299039780518e-05	0.22102825343608856
163080	-3.122757	-1.590483	-1.203622	0.044036	0.221098	0.300105	0.015445485757663847	3.9506172839506166e-05	0.2210957556962967
163200	-3.123251	-1.589963	-1.201829	0.044014	0.221231	0.300644	0.015396137302741409	2.6337448559670777e-05	0.22122928500175476
163320	-3.123611	-1.589411	-1.201850	0.043998	0.221369	0.300637	0.015344189060851932	2.6337448559670777e-05	0.22136907279491425
163440	-3.124185	-1.588999	-1.200970	0.043973	0.221494	0.300902	0.015305293491110206	3.9506172839506166e-05	0.22149349749088287
163560	-3.125271	-1.588911	-1.201971	0.043925	0.221527	0.300601	0.015293984534218907	2.6337448559670777e-05	0.2215278297662735
163680	-3.125996	-1.588639	-1.202273	0.043893	0.221606	0.300510	0.01527767195366323	2.6337448559670777e-05	0.22160455584526062
163800	-3.126328	-1.588225	-1.201068	0.043879	0.221726	0.300873	0.015239325072616338	1.7558299039780518e-05	0.22172538936138153
163920	-3.126805	-1.587761	-1.200383	0.043858	0.221845	0.301079	0.015199191542342306	3.9506172839506166e-05	0.22184306383132935
164040	-3.126842	-1.587307	-1.199056	0.043856	0.221970	0.301479	0.015157796675339341	3.9506172839506166e-05	0.22196871042251587
164160	-3.127688	-1.586778	-1.197790	0.043819	0.222109	0.301861	0.015110103134065866	3.9506172839506166e-05	0.22210805118083954
164280	-3.127255	-1.586120	-1.197468	0.043838	0.222253	0.301958	0.015052160294726492	1.7558299039780518e-05	0.2222522348165512
164400	-3.127500	-1.585468	-1.195739	0.043827	0.222425	0.302480	0.014991763932630419	2.6337448559670777e-05	0.2224242389202118
164520	-3.127726	-1.585196	-1.196309	0.043817	0.222489	0.302308	0.014971150644123554	1.7558299039780518e-05	0.22248774766921997
164640	-3.128584	-1.585064	-1.198541	0.043780	0.222523	0.301634	0.01495790616609156	3.9506172839506166e-05	0.2225208580493927
164760	-3.129622	-1.584921	-1.197750	0.043734	0.222584	0.301873	0.014938668161630631	2.6337448559670777e-05	0.22258344292640686
164880	-3.129418	-1.584416	-1.196562	0.043743	0.222715	0.302232	0.014904005639255046	5.925925925925925e-05	0.22271330654621124
165000	-3.128846	-1.583930	-1.196675	0.043768	0.222827	0.302197	0.014854977931827306	3.9506172839506166e-05	0.22282545268535614
165120	-3.129688	-1.583406	-1.197030	0.043731	0.222957	0.302090	0.0148024367634207	3.9506172839506166e-05	0.2229566127061844
165240	-3.130219	-1.583182	-1.197482	0.043708	0.223016	0.301954	0.01478381953202188	3.9506172839506166e-05	0.22301511466503143
165360	-3.129967	-1.582993	-1.198086	0.043719	0.223052	0.301771	0.014765567006543278	2.6337448559670777e-05	0.22305241227149963
165480	-3.130873	-1.582649	-1.198056	0.043680	0.223152	0.301780	0.014735083561390638	2.6337448559670777e-05	0.22315119206905365
165600	-3.130603	-1.582496	-1.199016	0.043691	0.223195	0.301491	0.01471644574776292	2.6337448559670777e-05	0.22319558262825012
165720	-3.131178	-1.582107	-1.198724	0.043666	0.223298	0.301579	0.014691222459077835	3.9506172839506166e-05	0.22329603135585785
165840	-3.133054	-1.581564	-1.197201	0.043584	0.223457	0.302038	0.014641685970127582	3.9506172839506166e-05	0.22345691919326782
165960	-3.132879	-1.580940	-1.196698	0.043592	0.223617	0.302190	0.014588673459365964	3.9506172839506166e-05	0.22361528873443604
166080	-3.132584	-1.580483	-1.196353	0.043605	0.223721	0.302295	0.014545338926836848	2.6337448559670777e-05	0.2237202376127243
166200	-3.133089	-1.580108	-1.196600	0.043583	0.223823	0.302220	0.014508863864466547	3.9506172839506166e-05	0.22382162511348724
166320	-3.132288	-1.579573	-1.197897	0.043618	0.223940	0.301828	0.014467330835759639	2.6337448559670777e-05	0.2239384949207306
166440	-3.132165	-1.579174	-1.197106	0.043623	0.224041	0.302067	0.01442518956027925	3.9506172839506166e-05	0.22403986752033234
166560	-3.132455	-1.578838	-1.197258	0.043611	0.224126	0.302021	0.014394838316366076	2.6337448559670777e-05	0.224124938249588
166680	-3.132414	-1.578364	-1.196481	0.043612	0.224228	0.302256	0.014349848311394454	3.9506172839506166e-05	0.22422835230827332
166800	-3.133081	-1.578085	-1.196139	0.043583	0.224300	0.302359	0.014328371081501246	2.6337448559670777e-05	0.22429868578910828
166920	-3.133420	-1.577779	-1.195610	0.043569	0.224367	0.302519	0.014301292272284627	2.6337448559670777e-05	0.22436672449111938
167040	-3.132167	-1.577238	-1.195049	0.043623	0.224481	0.302689	0.01424394017085433	2.6337448559670777e-05	0.22448182106018066
167160	-3.131131	-1.576948	-1.194938	0.043668	0.224529	0.302723	0.014224134245887398	2.6337448559670777e-05	0.22452746331691742
167280	-3.131593	-1.576597	-1.193636	0.043648	0.224630	0.303117	0.01419269093312323	1.7558299039780518e-05	0.2246292233467102
167400	-3.131352	-1.576182	-1.192989	0.043659	0.224719	0.303313	0.014152984507381916	3.9506172839506166e-05	0.22471953928470612
167520	-3.131454	-1.575979	-1.192750	0.043654	0.224748	0.303386	0.014138225931674242	2.6337448559670777e-05	0.2247466892004013
167640	-3.130690	-1.575484	-1.193157	0.043688	0.224873	0.303262	0.014090777607634664	3.9506172839506166e-05	0.22487197816371918
167760	-3.131263	-1.574757	-1.192715	0.043663	0.225047	0.303396	0.01402904507704079	3.9506172839506166e-05	0.22504642605781555
167880	-3.132595	-1.574523	-1.191817	0.043605	0.225116	0.303669	0.014003816619515419	1.7558299039780518e-05	0.2251153141260147
168000	-3.133133	-1.574167	-1.191560	0.043581	0.225213	0.303747	0.013972904207184911	3.9506172839506166e-05	0.22521273791790009
168120	-3.133528	-1.574135	-1.191213	0.043564	0.225231	0.303852	0.013971478445455432	2.6337448559670777e-05	0.22523050010204315
168240	-3.133775	-1.573693	-1.190278	0.043553	0.225355	0.304137	0.013928040256723761	3.9506172839506166e-05	0.22535403072834015
168360	-3.134110	-1.573215	-1.189916	0.043538	0.225477	0.304247	0.013887829892337323	3.9506172839506166e-05	0.22547569870948792
168480	-3.133784	-1.572553	-1.188509	0.043553	0.225638	0.304675	0.013830936001613735	2.6337448559670777e-05	0.22563695907592773
168600	-3.133027	-1.571930	-1.186303	0.043586	0.225785	0.305348	0.013769901357591152	2.6337448559670777e-05	0.2257852554321289
168720	-3.133157	-1.571604	-1.186420	0.043580	0.225864	0.305312	0.013741167495027184	1.7558299039780518e-05	0.22586381435394287
168840	-3.133811	-1.571285	-1.185071	0.043552	0.225955	0.305725	0.01371545009315014	2.6337448559670777e-05	0.22595421969890594
168960	-3.134685	-1.570873	-1.183119	0.043513	0.226072	0.306322	0.013675625016912819	3.9506172839506166e-05	0.2260720282793045
169080	-3.134986	-1.570336	-1.182858	0.043500	0.226211	0.306402	0.013630265183746815	1.7558299039780518e-05	0.22620956599712372
169200	-3.135813	-1.570173	-1.181913	0.043464	0.226268	0.306691	0.013614618917927146	2.6337448559670777e-05	0.22626778483390808
169320	-3.135808	-1.569933	-1.182539	0.043465	0.226334	0.306500	0.013594510080292822	3.9506172839506166e-05	0.22633282840251923
169440	-3.136351	-1.569353	-1.183274	0.043441	0.226479	0.306274	0.013544830353930592	2.6337448559670777e-05	0.22647663950920105
169560	-3.135791	-1.569117	-1.183412	0.043465	0.226542	0.306232	0.013516172394156456	3.9506172839506166e-05	0.22654277086257935
169680	-3.135487	-1.568762	-1.183292	0.043479	0.226622	0.306269	0.013490658672526478	3.9506172839506166e-05	0.22662055492401123
169800	-3.135771	-1.568602	-1.182626	0.043466	0.226666	0.306473	0.013466941053047776	2.6337448559670777e-05	0.2266664355993271
169920	-3.136047	-1.568117	-1.181886	0.043454	0.226773	0.306700	0.013431144552305341	3.9506172839506166e-05	0.2267724573612213
170040	-3.136301	-1.567483	-1.180767	0.043443	0.226937	0.307043	0.013372088083997369	2.6337448559670777e-05	0.22693690657615662
170160	-3.135764	-1.566733	-1.180222	0.043467	0.227118	0.307210	0.013305425597354769	3.9506172839506166e-05	0.22711718082427979
170280	-3.135101	-1.566405	-1.180300	0.043495	0.227184	0.307186	0.013276339787989856	2.6337448559670777e-05	0.2271822690963745
170400	-3.134419	-1.565878	-1.178980	0.043525	0.227299	0.307592	0.013227074965834617	2.6337448559670777e-05	0.22729840874671936
170520	-3.134154	-1.565691	-1.176995	0.043537	0.227352	0.308204	0.013210724480450154	2.6337448559670777e-05	0.22735118865966797
170640	-3.133260	-1.565175	-1.176895	0.043576	0.227473	0.308234	0.013168422318995	2.6337448559670777e-05	0.22747211158275604
170760	-3.133868	-1.564335	-1.176435	0.043549	0.227687	0.308376	0.013090823544189334	1.7558299039780518e-05	0.22768594324588776
170880	-3.134193	-1.564033	-1.175177	0.043535	0.227768	0.308764	0.013062736857682467	3.9506172839506166e-05	0.22776614129543304
171000	-3.134220	-1.563545	-1.174534	0.043534	0.227887	0.308963	0.013018209347501397	2.6337448559670777e-05	0.227886363863945
171120	-3.134134	-1.563388	-1.173440	0.043537	0.227926	0.309301	0.013002650113776326	3.9506172839506166e-05	0.22792589664459229
171240	-3.133611	-1.562920	-1.172752	0.043560	0.228033	0.309514	0.012960316380485892	2.6337448559670777e-05	0.2280319482088089
171360	-3.133728	-1.562405	-1.171587	0.043555	0.228168	0.309875	0.012916948553174734	3.9506172839506166e-05	0.22816675901412964
171480	-3.133985	-1.561940	-1.171397	0.043544	0.228280	0.309934	0.012871693074703216	3.9506172839506166e-05	0.22827929258346558
171600	-3.134799	-1.561675	-1.170534	0.043508	0.228369	0.310201	0.012852571299299597	3.9506172839506166e-05	0.2283666729927063
171720	-3.135476	-1.561072	-1.170470	0.043479	0.228537	0.310221	0.012797762174159288	2.6337448559670777e-05	0.22853639721870422
171840	-3.137096	-1.560516	-1.171624	0.043409	0.228684	0.309863	0.012746993359178305	2.6337448559670777e-05	0.22868287563323975
171960	-3.138462	-1.559890	-1.170983	0.043349	0.228864	0.310062	0.01269237333908677	2.6337448559670777e-05	0.22886286675930023
172080	-3.138453	-1.559623	-1.171050	0.043350	0.228948	0.310041	0.012664801301434636	3.9506172839506166e-05	0.22894708812236786
172200	-3.139403	-1.559170	-1.169991	0.043309	0.229081	0.310370	0.012622525682672858	2.6337448559670777e-05	0.22908057272434235
172320	-3.140190	-1.558874	-1.169266	0.043275	0.229152	0.310595	0.012598356138914824	3.9506172839506166e-05	0.2291506826877594
172440	-3.139961	-1.558462	-1.168512	0.043284	0.229249	0.310829	0.012560899741947651	1.7558299039780518e-05	0.2292480319738388
172560	-3.139359	-1.557684	-1.167721	0.043311	0.229427	0.311075	0.012501982180401683	3.9506172839506166e-05	0.22942304611206055
172680	-3.138862	-1.557346	-1.167598	0.043332	0.229497	0.311113	0.012456770520657301	3.9506172839506166e-05	0.22949722409248352
172800	-3.140294	-1.556994	-1.167803	0.043270	0.229589	0.311050	0.01242994018830359	3.9506172839506166e-05	0.22958806157112122
172920	-3.139062	-1.556309	-1.166906	0.043323	0.229760	0.311329	0.012366904877126217	1.7558299039780518e-05	0.22975967824459076
173040	-3.139482	-1.556057	-1.166382	0.043305	0.229841	0.311492	0.012340693827718496	2.6337448559670777e-05	0.22984068095684052
173160	-3.138834	-1.555535	-1.165628	0.043333	0.229956	0.311727	0.01229494446888566	2.6337448559670777e-05	0.22995543479919434
173280	-3.138134	-1.555352	-1.164681	0.043364	0.230014	0.312022	0.01228179638274014	3.9506172839506166e-05	0.2300126701593399
173400	-3.137740	-1.554950	-1.163508	0.043381	0.230120	0.312388	0.012246837932616472	1.7558299039780518e-05	0.23011809587478638
173520	-3.137576	-1.554805	-1.164312	0.043388	0.230149	0.312137	0.012228184333071112	2.6337448559670777e-05	0.23014935851097107
173640	-3.137431	-1.554320	-1.162888	0.043394	0.230258	0.312582	0.012189757963642477	3.9506172839506166e-05	0.23025663197040558
173760	-3.138759	-1.554165	-1.162516	0.043337	0.230331	0.312698	0.012168552726507187	2.6337448559670777e-05	0.23033122718334198
173880	-3.138330	-1.553734	-1.161481	0.043355	0.230444	0.313022	0.012134327786043286	3.9506172839506166e-05	0.23044385015964508
174000	-3.139141	-1.553788	-1.161709	0.043320	0.230438	0.312951	0.012134078424423933	3.9506172839506166e-05	0.23043887317180634
174120	-3.139648	-1.553239	-1.162164	0.043298	0.230583	0.312808	0.012096513248980045	2.6337448559670777e-05	0.2305811643600464
174240	-3.138740	-1.552806	-1.161364	0.043337	0.230681	0.313059	0.012047209776937962	2.6337448559670777e-05	0.2306816279888153
174360	-3.140530	-1.552530	-1.160258	0.043260	0.230771	0.313405	0.012029995303601026	3.9506172839506166e-05	0.23076917231082916
174480	-3.140071	-1.551921	-1.159489	0.043280	0.230938	0.313647	0.011975242011249065	3.9506172839506166e-05	0.23093566298484802
174600	-3.140351	-1.551484	-1.158376	0.043268	0.231056	0.313996	0.01192848184145987	2.6337448559670777e-05	0.23105569183826447
174720	-3.140101	-1.551154	-1.157812	0.043278	0.231130	0.314173	0.011899587791413068	1.7558299039780518e-05	0.2311297506093979
174840	-3.139350	-1.550479	-1.157333	0.043311	0.231294	0.314323	0.011840038001537323	3.9506172839506166e-05	0.23129339516162872
174960	-3.139664	-1.550330	-1.157068	0.043297	0.231340	0.314407	0.01182537223212421	2.6337448559670777e-05	0.2313404381275177
175080	-3.139803	-1.549913	-1.156668	0.043291	0.231443	0.314532	0.011795169673860073	3.9506172839506166e-05	0.23144038021564484
175200	-3.140227	-1.549285	-1.156205	0.043273	0.231601	0.314678	0.011737220408394932	2.6337448559670777e-05	0.23159833252429962
175320	-3.140525	-1.548888	-1.155362	0.043260	0.231704	0.314943	0.011696479143574834	1.7558299039780518e-05	0.231703519821167
175440	-3.140553	-1.548730	-1.155467	0.043259	0.231747	0.314910	0.011686157947406173	3.9506172839506166e-05	0.23174501955509186
175560	-3.140795	-1.548338	-1.156586	0.043248	0.231837	0.314558	0.011651011696085335	2.6337448559670777e-05	0.23183640837669373
175680	-3.140480	-1.547776	-1.156619	0.043262	0.231971	0.314548	0.01159875737503171	2.6337448559670777e-05	0.23196998238563538
175800	-3.140691	-1.547495	-1.155286	0.043253	0.232048	0.314967	0.011570124933496118	3.9506172839506166e-05	0.23204761743545532
175920	-3.140598	-1.547034	-1.154298	0.043257	0.232158	0.315279	0.011534283449873329	3.9506172839506166e-05	0.23215588927268982
176040	-3.141062	-1.546891	-1.153666	0.043237	0.232210	0.315478	0.01151439012028277	2.6337448559670777e-05	0.23221023380756378
176160	-3.140548	-1.546673	-1.153432	0.043259	0.232265	0.315552	0.011500319698825479	3.9506172839506166e-05	0.23226407170295715
176280	-3.140477	-1.546028	-1.152017	0.043262	0.232419	0.315999	0.011445123376324773	3.9506172839506166e-05	0.23241722583770752
176400	-3.140996	-1.545847	-1.151792	0.043240	0.232466	0.316070	0.011422682320699096	2.6337448559670777e-05	0.23246537148952484
176520	-3.140982	-1.545334	-1.151674	0.043240	0.232604	0.316107	0.011385629000142217	3.9506172839506166e-05	0.23260165750980377
176640	-3.141436	-1.545072	-1.151125	0.043221	0.232691	0.316281	0.011348162451758981	2.6337448559670777e-05	0.23269201815128326
176760	-3.141370	-1.544930	-1.150743	0.043224	0.232734	0.316401	0.011339438194409013	2.6337448559670777e-05	0.23273421823978424
176880	-3.141819	-1.544703	-1.149632	0.043204	0.232794	0.316753	0.011319021228700876	3.9506172839506166e-05	0.23279424011707306
177000	-3.141758	-1.544080	-1.148793	0.043207	0.232950	0.317019	0.011267752014100551	2.6337448559670777e-05	0.2329491376876831
177120	-3.141247	-1.543521	-1.147547	0.043229	0.233099	0.317415	0.011215765727683902	3.9506172839506166e-05	0.23309765756130219
177240	-3.140273	-1.543012	-1.146286	0.043271	0.233224	0.317815	0.011172378668561578	1.7558299039780518e-05	0.23322369158267975
177360	-3.140836	-1.542838	-1.146336	0.043247	0.233281	0.317799	0.01114982133731246	3.9506172839506166e-05	0.23328131437301636
177480	-3.141776	-1.542525	-1.145939	0.043206	0.233377	0.317925	0.011126969661563634	3.9506172839506166e-05	0.23337583243846893
177600	-3.141629	-1.542161	-1.147114	0.043212	0.233472	0.317552	0.011091486411169171	2.6337448559670777e-05	0.2334711253643036
177720	-3.142408	-1.541758	-1.146508	0.043179	0.233580	0.317744	0.011054264288395644	2.6337448559670777e-05	0.2335798740386963
177840	-3.141562	-1.541343	-1.144728	0.043215	0.233671	0.318310	0.011019527958706022	3.9506172839506166e-05	0.23367004096508026
177960	-3.142286	-1.541055	-1.144882	0.043184	0.233750	0.318262	0.01099334736354649	2.6337448559670777e-05	0.23374979197978973
178080	-3.142616	-1.540566	-1.145215	0.043170	0.233874	0.318156	0.010952228773385286	2.6337448559670777e-05	0.23387190699577332
178200	-3.143234	-1.540319	-1.143638	0.043143	0.233967	0.318658	0.010923834005370735	3.9506172839506166e-05	0.23396709561347961
178320	-3.142588	-1.539442	-1.142710	0.043171	0.234197	0.318954	0.010856304783374071	2.6337448559670777e-05	0.2341940551996231
178440	-3.142956	-1.539054	-1.141483	0.043155	0.234327	0.319345	0.010811731033027173	2.6337448559670777e-05	0.23432718217372894
178560	-3.143151	-1.538623	-1.140632	0.043147	0.234426	0.319617	0.010777468187734484	1.7558299039780518e-05	0.23442591726779938
178680	-3.143809	-1.537917	-1.138947	0.043118	0.234629	0.320156	0.010709933564066887	2.6337448559670777e-05	0.2346281260251999
178800	-3.144356	-1.537748	-1.138164	0.043095	0.234686	0.320407	0.010694879665970802	3.9506172839506166e-05	0.2346848100423813
178920	-3.143843	-1.537056	-1.137546	0.043117	0.234849	0.320605	0.010634071193635464	2.6337448559670777e-05	0.23484885692596436
179040	-3.143704	-1.536424	-1.135683	0.043123	0.235010	0.321203	0.01058264854364097	3.9506172839506166e-05	0.23500792682170868
179160	-3.143729	-1.535862	-1.133811	0.043122	0.235176	0.321804	0.010527974832803011	3.9506172839506166e-05	0.23517493903636932
179280	-3.144334	-1.535839	-1.135400	0.043096	0.235191	0.321294	0.01052295002155006	1.7558299039780518e-05	0.2351907342672348
179400	-3.144979	-1.535584	-1.135839	0.043068	0.235280	0.321153	0.01050078528933227	2.6337448559670777e-05	0.2352796196937561
179520	-3.145005	-1.534989	-1.134749	0.043067	0.235429	0.321503	0.010447070002555847	1.7558299039780518e-05	0.23542828857898712
179640	-3.144237	-1.534698	-1.134368	0.043100	0.235495	0.321625	0.010422838712111115	1.7558299039780518e-05	0.23549456894397736
179760	-3.144356	-1.534262	-1.133854	0.043095	0.235606	0.321791	0.01038148682564497	2.6337448559670777e-05	0.23560626804828644
179880	-3.145382	-1.534269	-1.133578	0.043050	0.235619	0.321880	0.010383295686915517	1.7558299039780518e-05	0.2356182336807251
180000	-3.145113	-1.533842	-1.132719	0.043062	0.235713	0.322156	0.010342554980888962	1.7558299039780518e-05	0.23571349680423737
180120	-3.145008	-1.533425	-1.132836	0.043067	0.235829	0.322118	0.010307952016592025	3.9506172839506166e-05	0.23582807183265686
180240	-3.145685	-1.533089	-1.133749	0.043037	0.235930	0.321825	0.01027162647806108	3.9506172839506166e-05	0.23593130707740784
180360	-3.146113	-1.532759	-1.133417	0.043019	0.236023	0.321931	0.010251685418188572	1.7558299039780518e-05	0.2360212504863739
180480	-3.146701	-1.532491	-1.133326	0.042994	0.236098	0.321961	0.010228929761797189	3.9506172839506166e-05	0.23609454929828644
180600	-3.145983	-1.531807	-1.133237	0.043025	0.236258	0.321989	0.010164880426600575	3.9506172839506166e-05	0.23625554144382477
180720	-3.146879	-1.531642	-1.133224	0.042986	0.236306	0.321994	0.01014191540889442	2.6337448559670777e-05	0.23630714416503906
180840	-3.147157	-1.531236	-1.133962	0.042974	0.236414	0.321756	0.01010987339541316	2.6337448559670777e-05	0.23641303181648254
180960	-3.146938	-1.530842	-1.132821	0.042984	0.236535	0.322123	0.010074229398742317	3.9506172839506166e-05	0.23653370141983032
181080	-3.147543	-1.530262	-1.130947	0.042958	0.236710	0.322728	0.010027162078768016	2.6337448559670777e-05	0.23670804500579834
181200	-3.147117	-1.529873	-1.130313	0.042976	0.236813	0.322932	0.009990352531895041	3.9506172839506166e-05	0.2368113100528717
181320	-3.146690	-1.529351	-1.129861	0.042994	0.236940	0.323078	0.009944080607965589	2.6337448559670777e-05	0.23693901300430298
181440	-3.147721	-1.528772	-1.127213	0.042950	0.237105	0.323935	0.00988502991385758	2.6337448559670777e-05	0.23710539937019348
181560	-3.148296	-1.528569	-1.126699	0.042925	0.237179	0.324101	0.009872797783464194	1.7558299039780518e-05	0.2371772974729538
181680	-3.148272	-1.528476	-1.126477	0.042926	0.237215	0.324173	0.009862692886963486	2.6337448559670777e-05	0.23721329867839813
181800	-3.148577	-1.528175	-1.127391	0.042913	0.237293	0.323877	0.009833268681541085	3.9506172839506166e-05	0.23729224503040314
181920	-3.148306	-1.527622	-1.126743	0.042925	0.237444	0.324087	0.00978774083778262	1.7558299039780518e-05	0.23744314908981323
182040	-3.148033	-1.527419	-1.126422	0.042937	0.237501	0.324191	0.009765189001336693	2.6337448559670777e-05	0.2375006228685379
182160	-3.147493	-1.527116	-1.126356	0.042960	0.237572	0.324212	0.009741514595225454	2.6337448559670777e-05	0.23757138848304749
182280	-3.147537	-1.526735	-1.124566	0.042958	0.237695	0.324793	0.009702453017234802	1.7558299039780518e-05	0.23769503831863403
182400	-3.147804	-1.526474	-1.124192	0.042946	0.237780	0.324915	0.009679677663370967	2.6337448559670777e-05	0.23777982592582703
182520	-3.148021	-1.525930	-1.122947	0.042937	0.237925	0.325320	0.0096385408192873	1.7558299039780518e-05	0.23792292177677155
182640	-3.148534	-1.525512	-1.122284	0.042915	0.238038	0.325535	0.00959770055487752	5.925925925925925e-05	0.23803633451461792
182760	-3.148278	-1.525108	-1.121817	0.042926	0.238144	0.325687	0.009559237863868475	1.7558299039780518e-05	0.238142728805542
182880	-3.149182	-1.524837	-1.121503	0.042887	0.238243	0.325790	0.009536014823243021	3.9506172839506166e-05	0.23824144899845123
183000	-3.148654	-1.524399	-1.121448	0.042910	0.238344	0.325808	0.009493090398609638	2.6337448559670777e-05	0.23834362626075745
183120	-3.148939	-1.524137	-1.121840	0.042898	0.238414	0.325680	0.00947185605764389	1.7558299039780518e-05	0.23841291666030884
183240	-3.148534	-1.523564	-1.121860	0.042915	0.238553	0.325674	0.009415558353066445	2.6337448559670777e-05	0.2385530173778534
183360	-3.148223	-1.523407	-1.122319	0.042928	0.238610	0.325524	0.009402586659416557	2.6337448559670777e-05	0.23860979080200195
183480	-3.149112	-1.523086	-1.121644	0.042890	0.238709	0.325744	0.00938024027273059	1.7558299039780518e-05	0.23870749771595
183600	-3.150066	-1.523143	-1.121452	0.042849	0.238717	0.325806	0.009379310719668865	3.9506172839506166e-05	0.2387167513370514
183720	-3.151281	-1.522798	-1.119605	0.042797	0.238840	0.326409	0.00934949554502964	3.9506172839506166e-05	0.2388385832309723
183840	-3.152081	-1.522512	-1.119537	0.042763	0.238919	0.326431	0.009325120644643903	2.6337448559670777e-05	0.2389182597398758
183960	-3.152938	-1.522268	-1.119981	0.042726	0.238989	0.326286	0.009303806815296412	2.6337448559670777e-05	0.23898762464523315
184080	-3.152956	-1.522058	-1.118779	0.042726	0.239054	0.326678	0.009283557999879122	2.6337448559670777e-05	0.23905374109745026
184200	-3.152795	-1.521856	-1.117422	0.042733	0.239109	0.327122	0.009261241275817155	1.7558299039780518e-05	0.23910892009735107
184320	-3.152937	-1.521897	-1.117167	0.042726	0.239115	0.327205	0.009266679594293236	2.6337448559670777e-05	0.23911483585834503
184440	-3.151788	-1.521606	-1.116166	0.042776	0.239194	0.327533	0.009242779901251197	2.6337448559670777e-05	0.2391926497220993
184560	-3.150856	-1.521138	-1.114746	0.042815	0.239317	0.327999	0.009200247330591082	2.6337448559670777e-05	0.23931646347045898
184680	-3.152718	-1.520675	-1.114562	0.042736	0.239466	0.328059	0.00915752029977739	3.9506172839506166e-05	0.23946484923362732
184800	-3.152462	-1.519949	-1.113039	0.042747	0.239671	0.328559	0.009100005589425563	1.7558299039780518e-05	0.23966960608959198
184920	-3.152621	-1.519353	-1.111592	0.042740	0.239821	0.329035	0.00904792402870953	3.9506172839506166e-05	0.23981821537017822
185040	-3.151737	-1.518677	-1.112051	0.042778	0.239984	0.328884	0.00898537361063063	3.9506172839506166e-05	0.23998136818408966
185160	-3.151289	-1.518034	-1.111006	0.042797	0.240138	0.329228	0.008924630051478744	1.7558299039780518e-05	0.24013717472553253
185280	-3.151218	-1.517849	-1.111306	0.042800	0.240206	0.329129	0.00890254215337336	1.7558299039780518e-05	0.2402060329914093
185400	-3.150513	-1.517415	-1.110590	0.042830	0.240303	0.329365	0.00886667612940073	2.6337448559670777e-05	0.2403026819229126
185520	-3.150554	-1.517134	-1.109811	0.042828	0.240372	0.329621	0.008839495619758964	3.9506172839506166e-05	0.2403721958398819
185640	-3.150404	-1.516787	-1.108162	0.042835	0.240453	0.330165	0.008809960214421153	3.9506172839506166e-05	0.2404521107673645
185760	-3.150853	-1.516182	-1.107109	0.042816	0.240609	0.330513	0.008756771357730031	3.9506172839506166e-05	0.24060699343681335
185880	-3.150951	-1.515914	-1.107689	0.042811	0.240671	0.330321	0.008726241113618017	3.9506172839506166e-05	0.24067094922065735
186000	-3.150816	-1.515893	-1.107695	0.042817	0.240689	0.330320	0.00872854827903211	1.7558299039780518e-05	0.24068795144557953
186120	-3.150239	-1.515494	-1.107368	0.042842	0.240789	0.330428	0.008692448446527123	2.6337448559670777e-05	0.24078841507434845
186240	-3.150554	-1.515145	-1.106883	0.042828	0.240901	0.330588	0.0086630969773978	1.7558299039780518e-05	0.24089975655078888
186360	-3.150431	-1.514804	-1.106430	0.042834	0.240996	0.330738	0.008631642302498221	3.9506172839506166e-05	0.24099548161029816
186480	-3.151486	-1.514570	-1.106625	0.042788	0.241078	0.330673	0.008611444709822535	3.9506172839506166e-05	0.2410765439271927
186600	-3.150996	-1.514052	-1.105971	0.042809	0.241222	0.330889	0.008559715561568737	3.9506172839506166e-05	0.24122211337089539
186720	-3.151208	-1.513926	-1.105664	0.042800	0.241279	0.330991	0.008544430742040277	3.9506172839506166e-05	0.24128009378910065
186840	-3.151869	-1.513660	-1.105050	0.042772	0.241362	0.331194	0.008526541665196419	1.7558299039780518e-05	0.24136154353618622
186960	-3.152667	-1.513298	-1.104257	0.042738	0.241467	0.331457	0.008495309110730886	3.9506172839506166e-05	0.24146634340286255
187080	-3.153172	-1.513013	-1.104439	0.042716	0.241537	0.331397	0.008465572400018573	2.6337448559670777e-05	0.24153727293014526
187200	-3.153886	-1.512600	-1.103116	0.042686	0.241661	0.331835	0.00843322011642158	3.9506172839506166e-05	0.24166004359722137
187320	-3.153843	-1.512272	-1.104401	0.042688	0.241766	0.331409	0.008404280617833137	3.9506172839506166e-05	0.2417643517255783
187440	-3.154470	-1.511895	-1.104787	0.042661	0.241862	0.331281	0.008361771702766418	3.9506172839506166e-05	0.2418633997440338
187560	-3.154809	-1.511101	-1.104280	0.042647	0.242075	0.331450	0.00829589511267841	2.6337448559670777e-05	0.2420751303434372
187680	-3.154585	-1.510678	-1.104342	0.042656	0.242181	0.331429	0.00826291749253869	3.9506172839506166e-05	0.24218003451824188
187800	-3.153527	-1.510237	-1.103812	0.042701	0.242294	0.331605	0.008220632281154393	2.6337448559670777e-05	0.24229347705841064
187920	-3.152202	-1.509713	-1.103730	0.042758	0.242407	0.331632	0.008174426387995481	3.9506172839506166e-05	0.24240656197071075
188040	-3.153208	-1.509430	-1.103891	0.042715	0.242496	0.331578	0.00814900528639555	3.9506172839506166e-05	0.24249444901943207
188160	-3.153689	-1.509234	-1.103185	0.042694	0.242562	0.331813	0.008132436498999595	3.9506172839506166e-05	0.24255973100662231
188280	-3.153483	-1.508831	-1.101716	0.042703	0.242677	0.332300	0.008090607030317188	1.7558299039780518e-05	0.2426777184009552
188400	-3.152920	-1.508526	-1.102481	0.042727	0.242743	0.332046	0.008062938135117293	2.6337448559670777e-05	0.24274319410324097
188520	-3.152725	-1.508156	-1.101470	0.042736	0.242868	0.332382	0.008032993925735355	3.9506172839506166e-05	0.2428664267063141
188640	-3.152503	-1.507837	-1.100557	0.042745	0.242963	0.332686	0.008002137998118997	2.6337448559670777e-05	0.24296298623085022
188760	-3.152425	-1.507479	-1.100326	0.042748	0.243071	0.332763	0.007975626224651932	2.6337448559670777e-05	0.24306845664978027
188880	-3.151963	-1.507363	-1.100814	0.042768	0.243093	0.332600	0.007960758125409483	3.9506172839506166e-05	0.2430930733680725
189000	-3.153160	-1.506949	-1.100117	0.042717	0.243235	0.332832	0.007924622436985374	1.7558299039780518e-05	0.24323435127735138
189120	-3.152956	-1.506695	-1.098685	0.042726	0.243295	0.333309	0.007901092898100615	2.6337448559670777e-05	0.2432939112186432
189240	-3.154033	-1.506634	-1.098475	0.042680	0.243307	0.333379	0.007894861185923219	3.9506172839506166e-05	0.24330592155456543
189360	-3.154615	-1.506002	-1.096784	0.042655	0.243482	0.333943	0.007840609224513174	3.9506172839506166e-05	0.243480384349823
189480	-3.154895	-1.505539	-1.095415	0.042643	0.243605	0.334401	0.007798920408822596	3.9506172839506166e-05	0.2436036318540573
189600	-3.155406	-1.505125	-1.094955	0.042621	0.243723	0.334555	0.007761075696907938	2.6337448559670777e-05	0.24372097849845886
189720	-3.154669	-1.504523	-1.094353	0.042653	0.243878	0.334756	0.007707130373455584	2.6337448559670777e-05	0.2438770979642868
189840	-3.155050	-1.503977	-1.091947	0.042636	0.244033	0.335563	0.007656872877851129	3.9506172839506166e-05	0.2440318614244461
189960	-3.155511	-1.503714	-1.091620	0.042617	0.244120	0.335672	0.007631229562684893	2.6337448559670777e-05	0.24411918222904205
190080	-3.156105	-1.503366	-1.090589	0.042591	0.244233	0.336018	0.007600987330079079	3.9506172839506166e-05	0.24423256516456604
190200	-3.155307	-1.503052	-1.090033	0.042625	0.244307	0.336205	0.007571558165363967	2.6337448559670777e-05	0.24430730938911438
190320	-3.154648	-1.502679	-1.089231	0.042653	0.244407	0.336475	0.007536349724978209	3.9506172839506166e-05	0.24440757930278778
190440	-3.154672	-1.502485	-1.088147	0.042652	0.244481	0.336840	0.007519951881840825	3.9506172839506166e-05	0.2444811463356018
190560	-3.154411	-1.502039	-1.086552	0.042664	0.244598	0.337378	0.007488497253507376	1.7558299039780518e-05	0.24459630250930786
190680	-3.154776	-1.501875	-1.085681	0.042648	0.244637	0.337672	0.007463971385732293	3.9506172839506166e-05	0.2446364164352417
190800	-3.155994	-1.501462	-1.084545	0.042596	0.244769	0.338056	0.00743032714817673	2.6337448559670777e-05	0.24476757645606995
190920	-3.156666	-1.501245	-1.083901	0.042567	0.244840	0.338273	0.007410128973424435	3.9506172839506166e-05	0.24483981728553772
191040	-3.156635	-1.500709	-1.083535	0.042569	0.244978	0.338397	0.007364402338862419	1.7558299039780518e-05	0.24497728049755096
191160	-3.156215	-1.500518	-1.082797	0.042587	0.245045	0.338647	0.007344929757528007	2.6337448559670777e-05	0.2450444996356964
191280	-3.156112	-1.500092	-1.080784	0.042591	0.245168	0.339329	0.007306282315403223	2.6337448559670777e-05	0.24516728520393372
191400	-3.156683	-1.499646	-1.080417	0.042567	0.245299	0.339454	0.007264599530026316	2.6337448559670777e-05	0.24529895186424255
191520	-3.155876	-1.499350	-1.079163	0.042601	0.245371	0.339880	0.007241155626252294	3.9506172839506166e-05	0.24536974728107452
191640	-3.155830	-1.499141	-1.078844	0.042603	0.245444	0.339988	0.007221309654414654	3.9506172839506166e-05	0.24544188380241394
191760	-3.157148	-1.498796	-1.077852	0.042547	0.245563	0.340326	0.007192170200869441	3.9506172839506166e-05	0.2455614060163498
191880	-3.156828	-1.498516	-1.077409	0.042561	0.245640	0.340477	0.007163942232728005	3.9506172839506166e-05	0.24563978612422943
192000	-3.155757	-1.498239	-1.077391	0.042606	0.245686	0.340483	0.007138312282040715	1.7558299039780518e-05	0.24568621814250946
192120	-3.155201	-1.498085	-1.076928	0.042630	0.245725	0.340640	0.007122634421102702	3.9506172839506166e-05	0.24572478234767914
192240	-3.155735	-1.497761	-1.075856	0.042607	0.245831	0.341006	0.007096150051802396	1.7558299039780518e-05	0.24583084881305695
192360	-3.153791	-1.497298	-1.075152	0.042690	0.245921	0.341246	0.007056900230236351	2.6337448559670777e-05	0.24592000246047974
192480	-3.153462	-1.496987	-1.075441	0.042704	0.246014	0.341147	0.007023020880296826	3.9506172839506166e-05	0.246013343334198
192600	-3.154380	-1.496770	-1.073269	0.042665	0.246094	0.341889	0.007006468041799963	2.6337448559670777e-05	0.2460935264825821
192720	-3.153641	-1.496640	-1.072307	0.042696	0.246119	0.342218	0.00699546483810991	1.7558299039780518e-05	0.2461189329624176
192840	-3.153354	-1.496411	-1.071973	0.042709	0.246166	0.342332	0.006976499082520604	3.9506172839506166e-05	0.24616539478302002
192960	-3.152865	-1.495869	-1.070846	0.042730	0.246307	0.342719	0.00692635637242347	2.6337448559670777e-05	0.24630600214004517
193080	-3.152526	-1.495607	-1.070508	0.042744	0.246373	0.342834	0.006907641980797052	3.9506172839506166e-05	0.2463708072900772
193200	-3.152271	-1.495297	-1.070348	0.042755	0.246450	0.342889	0.006872791377827525	3.9506172839506166e-05	0.24645116925239563
193320	-3.152539	-1.495042	-1.069940	0.042743	0.246519	0.343029	0.006851190025918186	2.6337448559670777e-05	0.24651892483234406
193440	-3.151747	-1.494608	-1.070172	0.042777	0.246617	0.342950	0.006813425407744944	3.9506172839506166e-05	0.2466161549091339
193560	-3.152121	-1.494348	-1.069706	0.042761	0.246714	0.343109	0.006787858135066926	3.9506172839506166e-05	0.24671322107315063
193680	-3.152378	-1.493816	-1.067768	0.042750	0.246866	0.343775	0.006743279448710382	3.9506172839506166e-05	0.24686448276042938
193800	-3.153131	-1.493463	-1.067898	0.042718	0.246980	0.343730	0.006707936408929527	3.9506172839506166e-05	0.24697943031787872
193920	-3.154153	-1.493421	-1.066595	0.042675	0.247008	0.344178	0.006707385135814548	2.6337448559670777e-05	0.24700608849525452
194040	-3.154200	-1.493102	-1.065119	0.042673	0.247098	0.344687	0.006677622185088694	2.6337448559670777e-05	0.24709786474704742
194160	-3.153507	-1.492903	-1.064630	0.042702	0.247153	0.344856	0.006657562940381468	2.6337448559670777e-05	0.247152641415596
194280	-3.154759	-1.492864	-1.063972	0.042649	0.247174	0.345082	0.006653975695371628	2.6337448559670777e-05	0.247174471616745
194400	-3.154319	-1.492692	-1.063288	0.042667	0.247225	0.345318	0.0066396062262356285	3.9506172839506166e-05	0.24722473323345184
194520	-3.154485	-1.492246	-1.062950	0.042660	0.247340	0.345435	0.0065989861963316795	2.6337448559670777e-05	0.2473401576280594
194640	-3.153894	-1.491821	-1.062499	0.042686	0.247431	0.345591	0.006564349425025285	2.6337448559670777e-05	0.24742907285690308
194760	-3.153524	-1.491512	-1.061434	0.042701	0.247505	0.345959	0.0065373194636777045	2.6337448559670777e-05	0.2475033551454544
194880	-3.154080	-1.491389	-1.060074	0.042678	0.247555	0.346430	0.006522145448252558	3.9506172839506166e-05	0.24755382537841797
195000	-3.154442	-1.491074	-1.060320	0.042662	0.247648	0.346345	0.006492700963281095	3.9506172839506166e-05	0.247648686170578
195120	-3.154902	-1.490567	-1.060293	0.042643	0.247788	0.346354	0.006451349821873009	2.6337448559670777e-05	0.24778595566749573
195240	-3.154919	-1.490167	-1.059378	0.042642	0.247906	0.346671	0.006414658948779106	1.7558299039780518e-05	0.24790512025356293
195360	-3.154719	-1.489912	-1.059528	0.042650	0.247975	0.346619	0.006389819085597992	3.9506172839506166e-05	0.24797485768795013
195480	-3.154451	-1.489400	-1.058411	0.042662	0.248119	0.347007	0.006344816903583706	1.7558299039780518e-05	0.24811869859695435
195600	-3.154043	-1.489129	-1.056915	0.042679	0.248185	0.347526	0.00632479852065444	3.9506172839506166e-05	0.24818317592144012
195720	-3.153893	-1.488527	-1.056328	0.042686	0.248352	0.347730	0.006272201961837709	2.6337448559670777e-05	0.24835005402565002
195840	-3.153190	-1.488035	-1.055872	0.042716	0.248478	0.347889	0.006225002114661038	2.6337448559670777e-05	0.24847646057605743
195960	-3.151135	-1.487401	-1.055343	0.042804	0.248620	0.348073	0.00616819083224982	1.7558299039780518e-05	0.24861805140972137
196080	-3.151556	-1.486773	-1.054021	0.042785	0.248795	0.348533	0.006111041433177889	3.9506172839506166e-05	0.24879367649555206
196200	-3.150524	-1.486237	-1.053069	0.042830	0.248927	0.348866	0.006061910558491946	2.6337448559670777e-05	0.24892555177211761
196320	-3.150804	-1.485908	-1.053505	0.042818	0.249028	0.348713	0.006030685734003782	2.6337448559670777e-05	0.2490268498659134
196440	-3.151715	-1.485798	-1.053250	0.042779	0.249078	0.348802	0.00601799541618675	3.9506172839506166e-05	0.24907806515693665
196560	-3.151639	-1.485674	-1.052788	0.042782	0.249116	0.348963	0.00600808528251946	2.6337448559670777e-05	0.24911494553089142
196680	-3.151796	-1.485317	-1.051761	0.042775	0.249226	0.349322	0.00597347803413868	2.6337448559670777e-05	0.24922579526901245
196800	-3.152330	-1.485078	-1.051616	0.042752	0.249315	0.349373	0.005956345400772989	3.9506172839506166e-05	0.24931351840496063
196920	-3.151914	-1.484558	-1.050256	0.042770	0.249452	0.349848	0.005909755220636725	3.9506172839506166e-05	0.2494507133960724
197040	-3.151809	-1.484358	-1.050111	0.042775	0.249490	0.349899	0.0058903225697577	3.9506172839506166e-05	0.24948926270008087
197160	-3.151551	-1.483947	-1.049755	0.042786	0.249580	0.350023	0.005854266416281462	3.9506172839506166e-05	0.24957942962646484
197280	-3.151234	-1.483454	-1.048315	0.042799	0.249692	0.350528	0.005808216240257025	2.6337448559670777e-05	0.24969099462032318
197400	-3.151331	-1.483322	-1.047804	0.042795	0.249743	0.350707	0.0057935927296057345	2.6337448559670777e-05	0.24974246323108673
197520	-3.150381	-1.482981	-1.047473	0.042836	0.249833	0.350823	0.0057646480156108735	2.6337448559670777e-05	0.2498328685760498
197640	-3.151207	-1.482773	-1.047360	0.042800	0.249913	0.350863	0.005748395062983036	3.9506172839506166e-05	0.2499115914106369
197760	-3.151315	-1.482383	-1.046027	0.042796	0.250026	0.351331	0.005716780479997396	3.9506172839506166e-05	0.25002366304397583
197880	-3.151277	-1.481888	-1.045985	0.042797	0.250156	0.351346	0.005670488462783396	2.6337448559670777e-05	0.2501545250415802
198000	-3.152114	-1.481387	-1.046633	0.042762	0.250297	0.351118	0.0056268141837790605	3.9506172839506166e-05	0.25029540061950684
198120	-3.151480	-1.480850	-1.045406	0.042789	0.250445	0.351549	0.005576449772343039	3.9506172839506166e-05	0.2504439651966095
198240	-3.151376	-1.480399	-1.043478	0.042793	0.250572	0.352227	0.00553453064057976	3.9506172839506166e-05	0.25057095289230347
198360	-3.152308	-1.480038	-1.043163	0.042753	0.250702	0.352339	0.005501138046383858	2.6337448559670777e-05	0.2507011890411377
198480	-3.151753	-1.479572	-1.043676	0.042777	0.250823	0.352158	0.005463130888529122	3.9506172839506166e-05	0.25082167983055115
198600	-3.151539	-1.478995	-1.043282	0.042786	0.250969	0.352297	0.0054102431982755664	3.9506172839506166e-05	0.25096768140792847
198720	-3.150998	-1.478889	-1.043375	0.042809	0.251011	0.352264	0.005394682218320668	3.9506172839506166e-05	0.25101110339164734
198840	-3.150416	-1.478599	-1.042689	0.042834	0.251078	0.352506	0.00537160849198699	2.6337448559670777e-05	0.2510776221752167
198960	-3.150143	-1.478306	-1.041757	0.042846	0.251159	0.352834	0.005350039503537118	1.7558299039780518e-05	0.25115787982940674
199080	-3.148368	-1.477955	-1.040708	0.042922	0.251256	0.353204	0.005312893609516323	2.6337448559670777e-05	0.25125566124916077
199200	-3.149636	-1.477795	-1.039528	0.042868	0.251327	0.353622	0.0052977512590587136	3.9506172839506166e-05	0.251326322555542
199320	-3.150346	-1.477261	-1.037864	0.042837	0.251479	0.354211	0.005250616418197751	3.9506172839506166e-05	0.25147801637649536
199440	-3.150462	-1.477030	-1.036695	0.042832	0.251569	0.354625	0.005233040428720415	3.9506172839506166e-05	0.25156715512275696
199560	-3.149912	-1.476688	-1.036718	0.042856	0.251666	0.354617	0.005200863187201321	3.9506172839506166e-05	0.251665323972702
199680	-3.149377	-1.476493	-1.035804	0.042879	0.251705	0.354941	0.005180958029814065	1.7558299039780518e-05	0.25170499086380005
199800	-3.149028	-1.476250	-1.035723	0.042894	0.251766	0.354970	0.005165003030560911	2.6337448559670777e-05	0.2517640292644501
199920	-3.149574	-1.475799	-1.034567	0.042870	0.251910	0.355380	0.005118741979822516	3.9506172839506166e-05	0.2519092857837677
200040	-3.149760	-1.475498	-1.034740	0.042862	0.251989	0.355319	0.0050901993410661815	2.6337448559670777e-05	0.25198912620544434
200160	-3.150443	-1.475185	-1.034136	0.042833	0.252084	0.355533	0.005066413362510502	3.9506172839506166e-05	0.2520829737186432
200280	-3.149191	-1.474822	-1.033913	0.042887	0.252172	0.355613	0.005032713105902076	1.7558299039780518e-05	0.2521713674068451
200400	-3.150494	-1.474376	-1.033045	0.042831	0.252317	0.355922	0.004999305983074009	2.6337448559670777e-05	0.2523146867752075
200520	-3.151096	-1.473973	-1.031916	0.042805	0.252445	0.356323	0.00495851484593004	2.6337448559670777e-05	0.2524433434009552
200640	-3.151076	-1.473651	-1.031870	0.042806	0.252534	0.356340	0.00493088869843632	3.9506172839506166e-05	0.25253191590309143
200760	-3.150866	-1.473238	-1.031914	0.042815	0.252646	0.356324	0.0048891964834183455	2.6337448559670777e-05	0.25264498591423035
200880	-3.150284	-1.472799	-1.031964	0.042840	0.252785	0.356307	0.004853042820468545	3.9506172839506166e-05	0.25278303027153015
201000	-3.150357	-1.472357	-1.031006	0.042837	0.252924	0.356648	0.004809024534188211	2.6337448559670777e-05	0.2529234290122986
201120	-3.150193	-1.472094	-1.030268	0.042844	0.252990	0.356911	0.004784744139760733	2.6337448559670777e-05	0.25298961997032166
201240	-3.149884	-1.471693	-1.029748	0.042857	0.253106	0.357097	0.004751118971034885	2.6337448559670777e-05	0.25310495495796204
201360	-3.149945	-1.471533	-1.029057	0.042854	0.253162	0.357344	0.00473720186855644	2.6337448559670777e-05	0.253160685300827
201480	-3.150298	-1.471351	-1.029533	0.042839	0.253223	0.357174	0.004718939797021449	2.6337448559670777e-05	0.25322142243385315
201600	-3.150885	-1.471245	-1.029138	0.042814	0.253279	0.357315	0.004714294173754752	2.6337448559670777e-05	0.25327667593955994
201720	-3.151111	-1.470859	-1.028554	0.042805	0.253385	0.357524	0.004680372821167111	3.9506172839506166e-05	0.25338199734687805
201840	-3.151170	-1.470449	-1.028289	0.042802	0.253495	0.357618	0.004641672968864441	3.9506172839506166e-05	0.2534933090209961
201960	-3.150887	-1.470098	-1.028100	0.042814	0.253606	0.357686	0.0046107909642159935	2.6337448559670777e-05	0.25360456109046936
202080	-3.150790	-1.469500	-1.027110	0.042818	0.253788	0.358040	0.00455993851646781	3.9506172839506166e-05	0.25378626585006714
202200	-3.149887	-1.469134	-1.026773	0.042857	0.253871	0.358161	0.004518665932118892	2.6337448559670777e-05	0.253871351480484
202320	-3.149652	-1.468772	-1.024677	0.042867	0.253976	0.358913	0.004486796050332487	1.7558299039780518e-05	0.25397562980651855
202440	-3.150066	-1.468566	-1.023956	0.042849	0.254057	0.359171	0.004466439899988473	2.6337448559670777e-05	0.2540574073791504
202560	-3.150501	-1.468439	-1.024144	0.042831	0.254112	0.359104	0.0044571865582838655	2.6337448559670777e-05	0.25411149859428406
202680	-3.149473	-1.468017	-1.023523	0.042875	0.254224	0.359327	0.004418394877575338	3.9506172839506166e-05	0.25422346591949463
202800	-3.148515	-1.467347	-1.022092	0.042916	0.254410	0.359841	0.004353706259280443	3.9506172839506166e-05	0.25441089272499084
202920	-3.148058	-1.467065	-1.022303	0.042935	0.254493	0.359765	0.004333223169669509	2.6337448559670777e-05	0.2544928193092346
203040	-3.149046	-1.466735	-1.021075	0.042893	0.254598	0.360207	0.004301832895725966	3.9506172839506166e-05	0.2545973062515259
203160	-3.147791	-1.466151	-1.019911	0.042947	0.254736	0.360627	0.0042522884206846355	1.7558299039780518e-05	0.25473552942276
203280	-3.148208	-1.465961	-1.019805	0.042929	0.254795	0.360665	0.004233818734064698	2.6337448559670777e-05	0.2547944486141205
203400	-3.148306	-1.465741	-1.020368	0.042925	0.254863	0.360462	0.004213644471019506	2.6337448559670777e-05	0.25486212968826294
203520	-3.148454	-1.465530	-1.020621	0.042918	0.254927	0.360371	0.004197711031883955	2.6337448559670777e-05	0.2549257278442383
203640	-3.148334	-1.464990	-1.019263	0.042924	0.255095	0.360861	0.004148177802562714	2.6337448559670777e-05	0.25509515404701233
203760	-3.147919	-1.464226	-1.018448	0.042941	0.255292	0.361155	0.004077839758247137	3.9506172839506166e-05	0.2552916705608368
203880	-3.148295	-1.464048	-1.017981	0.042925	0.255353	0.361324	0.004060257994569838	2.6337448559670777e-05	0.25535231828689575
204000	-3.148903	-1.463978	-1.017893	0.042899	0.255380	0.361355	0.004056894360110164	2.6337448559670777e-05	0.2553790509700775
204120	-3.148094	-1.463641	-1.015751	0.042934	0.255464	0.362130	0.00402861253824085	1.7558299039780518e-05	0.2554633319377899
204240	-3.148497	-1.463137	-1.015532	0.042917	0.255597	0.362209	0.0039882204495370385	2.6337448559670777e-05	0.2555941045284271
204360	-3.147614	-1.462500	-1.015497	0.042954	0.255764	0.362222	0.003927429066970944	3.9506172839506166e-05	0.25576239824295044
204480	-3.146962	-1.462246	-1.015234	0.042983	0.255829	0.362317	0.003903431131038815	1.7558299039780518e-05	0.25582730770111084
204600	-3.146295	-1.461757	-1.014777	0.043011	0.255940	0.362483	0.0038590598618611694	2.6337448559670777e-05	0.25593945384025574
204720	-3.145404	-1.461527	-1.015066	0.043050	0.255983	0.362379	0.0038380670128390195	2.6337448559670777e-05	0.2559816539287567
204840	-3.145025	-1.461133	-1.015495	0.043066	0.256088	0.362223	0.003801134042441845	3.9506172839506166e-05	0.25608694553375244
204960	-3.145319	-1.460974	-1.015553	0.043053	0.256128	0.362202	0.003785794693976641	1.7558299039780518e-05	0.2561282515525818
205080	-3.145537	-1.460592	-1.015124	0.043044	0.256239	0.362357	0.003750232560560107	3.9506172839506166e-05	0.2562390863895416
205200	-3.145837	-1.460422	-1.015041	0.043031	0.256299	0.362388	0.0037340590730309486	3.9506172839506166e-05	0.2562977969646454
205320	-3.145711	-1.460247	-1.014910	0.043036	0.256353	0.362435	0.003720529458951205	2.6337448559670777e-05	0.2563522756099701
205440	-3.145488	-1.460146	-1.014112	0.043046	0.256385	0.362724	0.003707917663268745	3.9506172839506166e-05	0.25638559460639954
205560	-3.144826	-1.459848	-1.014050	0.043074	0.256440	0.362747	0.00367944142781198	3.9506172839506166e-05	0.25644198060035706
205680	-3.145068	-1.459519	-1.013288	0.043064	0.256538	0.363023	0.003656218177638948	3.9506172839506166e-05	0.25653764605522156
205800	-3.143878	-1.459028	-1.012556	0.043115	0.256651	0.363289	0.003613105928525329	3.9506172839506166e-05	0.25664931535720825
205920	-3.143951	-1.458015	-1.010717	0.043112	0.256954	0.363958	0.003529659006744623	5.925925925925925e-05	0.2569502890110016
206040	-3.143791	-1.457424	-1.010913	0.043119	0.257127	0.363887	0.003467347042169422	3.9506172839506166e-05	0.2571271061897278
206160	-3.143163	-1.457339	-1.010574	0.043146	0.257141	0.364010	0.003456004976760596	3.9506172839506166e-05	0.2571401596069336
206280	-3.143311	-1.457118	-1.009981	0.043140	0.257209	0.364226	0.003439956624060869	2.6337448559670777e-05	0.25720739364624023
206400	-3.142181	-1.456324	-1.008807	0.043188	0.257417	0.364654	0.0033761059981770813	3.9506172839506166e-05	0.25741297006607056
206520	-3.142132	-1.455906	-1.007553	0.043191	0.257530	0.365111	0.0033321078750304877	3.9506172839506166e-05	0.2575283348560333
206640	-3.141444	-1.455567	-1.007339	0.043220	0.257615	0.365189	0.0033018658868968487	2.6337448559670777e-05	0.2576135993003845
206760	-3.139928	-1.454945	-1.006916	0.043286	0.257783	0.365344	0.0032505812705494463	5.925925925925925e-05	0.2577803134918213
206880	-3.141933	-1.454571	-1.005295	0.043199	0.257910	0.365937	0.0032119553769007327	1.7558299039780518e-05	0.25790923833847046
207000	-3.142052	-1.454194	-1.004236	0.043194	0.258016	0.366325	0.0031783357146196066	3.9506172839506166e-05	0.2580145299434662
207120	-3.142533	-1.453880	-1.002642	0.043173	0.258127	0.366909	0.003148892894387245	3.9506172839506166e-05	0.2581257224082947
207240	-3.143414	-1.453761	-1.001308	0.043135	0.258155	0.367399	0.003139848751015961	3.9506172839506166e-05	0.25815391540527344
207360	-3.143302	-1.453238	-1.000898	0.043140	0.258310	0.367549	0.003092662442941219	3.9506172839506166e-05	0.25830814242362976
207480	-3.143321	-1.453090	-1.000921	0.043139	0.258369	0.367541	0.0030732653103768826	2.6337448559670777e-05	0.2583690881729126
207600	-3.143620	-1.452989	-1.001229	0.043126	0.258418	0.367428	0.0030670977081172167	3.9506172839506166e-05	0.2584172189235687
207720	-3.144403	-1.452862	-1.001632	0.043093	0.258473	0.367280	0.0030531623982824386	3.9506172839506166e-05	0.25847241282463074
207840	-3.143582	-1.452478	-1.001364	0.043128	0.258590	0.367378	0.0030229977215640246	2.6337448559670777e-05	0.2585887610912323
207960	-3.143573	-1.452336	-1.001328	0.043128	0.258651	0.367391	0.0030085960985161363	3.9506172839506166e-05	0.2586497366428375
208080	-3.143700	-1.452173	-0.999910	0.043123	0.258723	0.367913	0.0029932852485217154	1.7558299039780518e-05	0.2587227523326874
208200	-3.142907	-1.451603	-0.998606	0.043157	0.258902	0.368393	0.0029450994450598957	2.6337448559670777e-05	0.2589009404182434
208320	-3.143019	-1.451098	-0.997711	0.043152	0.259054	0.368723	0.002896325080655515	3.9506172839506166e-05	0.2590530216693878
208440	-3.143331	-1.450751	-0.996641	0.043139	0.259150	0.369117	0.0028700620285235347	3.9506172839506166e-05	0.2591480612754822
208560	-3.144150	-1.450795	-0.996606	0.043104	0.259160	0.369130	0.0028680021059699357	3.9506172839506166e-05	0.25915956497192383
208680	-3.142576	-1.450424	-0.996160	0.043171	0.259258	0.369295	0.0028350867913104595	3.9506172839506166e-05	0.25925761461257935
208800	-3.142792	-1.450224	-0.996260	0.043162	0.259330	0.369258	0.002820749289821833	1.7558299039780518e-05	0.25932827591896057
208920	-3.142150	-1.450150	-0.995756	0.043190	0.259357	0.369444	0.002806634269654751	2.6337448559670777e-05	0.2593575119972229
209040	-3.142462	-1.449997	-0.994694	0.043176	0.259409	0.369837	0.002795662800781429	3.9506172839506166e-05	0.2594085931777954
209160	-3.142765	-1.449770	-0.994247	0.043163	0.259493	0.370002	0.0027785233804024758	2.6337448559670777e-05	0.2594919204711914
209280	-3.142618	-1.449664	-0.993774	0.043170	0.259516	0.370177	0.0027665613684803247	3.9506172839506166e-05	0.2595158517360687
209400	-3.143988	-1.449405	-0.994078	0.043111	0.259607	0.370065	0.0027459656237624587	1.7558299039780518e-05	0.25960665941238403
209520	-3.144226	-1.449178	-0.993718	0.043100	0.259672	0.370198	0.0027243749354965985	2.6337448559670777e-05	0.2596707046031952
209640	-3.143702	-1.448668	-0.992019	0.043123	0.259817	0.370827	0.002677587594371289	2.6337448559670777e-05	0.25981736183166504
209760	-3.144362	-1.448810	-0.992828	0.043094	0.259783	0.370527	0.0026864750077947976	3.9506172839506166e-05	0.25978341698646545
209880	-3.144625	-1.448797	-0.993684	0.043083	0.259794	0.370210	0.0026896630180999635	2.6337448559670777e-05	0.25979384779930115
210000	-3.144096	-1.448707	-0.993226	0.043106	0.259809	0.370380	0.0026810488663613794	1.1705532693187011e-05	0.259808212518692
210120	-3.144269	-1.448422	-0.993291	0.043098	0.259884	0.370356	0.0026546619366854428	2.6337448559670777e-05	0.25988340377807617
210240	-3.144159	-1.448340	-0.992737	0.043103	0.259914	0.370561	0.0026438750443048774	3.9506172839506166e-05	0.259915292263031
210360	-3.144591	-1.448359	-0.991397	0.043085	0.259923	0.371058	0.0026466619106940924	3.9506172839506166e-05	0.25992336869239807
210480	-3.144063	-1.448080	-0.991639	0.043107	0.260001	0.370968	0.0026253259042277933	2.6337448559670777e-05	0.25999972224235535
210600	-3.144986	-1.447869	-0.992286	0.043068	0.260092	0.370728	0.002608520968351513	3.9506172839506166e-05	0.2600902318954468
210720	-3.145586	-1.447397	-0.991851	0.043042	0.260233	0.370890	0.0025681828265078366	2.6337448559670777e-05	0.2602308690547943
210840	-3.145347	-1.447070	-0.992263	0.043052	0.260316	0.370737	0.002533740794751793	2.6337448559670777e-05	0.26031577587127686
210960	-3.145674	-1.447094	-0.991687	0.043038	0.260327	0.370950	0.0025374266784638166	2.6337448559670777e-05	0.26032504439353943
211080	-3.145175	-1.446728	-0.989494	0.043059	0.260448	0.371765	0.002503669401630759	2.6337448559670777e-05	0.26044705510139465
211200	-3.144804	-1.446296	-0.988118	0.043075	0.260574	0.372277	0.0024619531235657633	3.9506172839506166e-05	0.2605745494365692
211320	-3.145011	-1.446283	-0.989026	0.043066	0.260579	0.371939	0.0024620317155495284	3.9506172839506166e-05	0.2605785131454468
211440	-3.144415	-1.445946	-0.988526	0.043092	0.260678	0.372125	0.002434955514036119	2.6337448559670777e-05	0.26067784428596497
211560	-3.144384	-1.445788	-0.988086	0.043093	0.260728	0.372288	0.0024192973505705595	2.6337448559670777e-05	0.2607272267341614
211680	-3.143442	-1.445504	-0.986544	0.043134	0.260807	0.372863	0.0023960751830600204	3.9506172839506166e-05	0.26080530881881714
211800	-3.143915	-1.445368	-0.986105	0.043114	0.260889	0.373027	0.0023796199704520403	2.6337448559670777e-05	0.2608889937400818
211920	-3.143757	-1.445201	-0.985959	0.043120	0.260934	0.373081	0.0023643132648430766	2.6337448559670777e-05	0.26093408465385437
212040	-3.143921	-1.444901	-0.984847	0.043113	0.261030	0.373496	0.002340374863706529	2.6337448559670777e-05	0.26102885603904724
212160	-3.143371	-1.444567	-0.984105	0.043137	0.261125	0.373774	0.0023091577342711387	2.6337448559670777e-05	0.26112470030784607
212280	-3.143292	-1.444238	-0.983524	0.043141	0.261205	0.373991	0.0022789129870943725	2.6337448559670777e-05	0.261204332113266
212400	-3.144014	-1.444324	-0.985383	0.043109	0.261155	0.373296	0.0022830093279480935	3.9506172839506166e-05	0.2611558437347412
212520	-3.143806	-1.443819	-0.984940	0.043118	0.261315	0.373462	0.0022418161388486624	2.6337448559670777e-05	0.26131388545036316
212640	-3.143657	-1.443876	-0.984680	0.043125	0.261322	0.373559	0.002249391621444374	3.9506172839506166e-05	0.2613205015659332
212760	-3.143119	-1.443536	-0.982995	0.043148	0.261439	0.374189	0.0022162536857649683	3.9506172839506166e-05	0.26143771409988403
212880	-3.143475	-1.443418	-0.982929	0.043133	0.261499	0.374213	0.0022027169354259966	1.7558299039780518e-05	0.26149943470954895
213000	-3.143724	-1.443259	-0.982670	0.043122	0.261582	0.374310	0.002189298707526177	3.9506172839506166e-05	0.2615821361541748
213120	-3.142817	-1.442910	-0.980996	0.043161	0.261688	0.374938	0.002163233677856624	3.9506172839506166e-05	0.2616865932941437
213240	-3.142558	-1.442660	-0.979766	0.043172	0.261756	0.375399	0.0021331981290131806	2.6337448559670777e-05	0.26175662875175476
213360	-3.142342	-1.442343	-0.978318	0.043182	0.261854	0.375943	0.0021085401880554856	3.9506172839506166e-05	0.26185277104377747
213480	-3.143081	-1.442074	-0.978864	0.043150	0.261945	0.375738	0.002083976601716131	2.6337448559670777e-05	0.26194441318511963
213600	-3.143127	-1.441661	-0.979242	0.043148	0.262070	0.375596	0.0020523074199445546	2.6337448559670777e-05	0.2620678246021271
213720	-3.142386	-1.441483	-0.979281	0.043180	0.262132	0.375581	0.0020327516132965682	3.9506172839506166e-05	0.2621312737464905
213840	-3.142141	-1.440998	-0.978467	0.043190	0.262264	0.375887	0.0019862889661453665	2.6337448559670777e-05	0.2622632086277008
213960	-3.141796	-1.440986	-0.979306	0.043205	0.262263	0.375572	0.001987284480128437	2.6337448559670777e-05	0.26226210594177246
214080	-3.141029	-1.440550	-0.979322	0.043238	0.262375	0.375566	0.001952450955286622	3.9506172839506166e-05	0.2623730003833771
214200	-3.140772	-1.440016	-0.978479	0.043249	0.262519	0.375882	0.0019040745741222055	3.9506172839506166e-05	0.26251715421676636
214320	-3.140136	-1.439482	-0.977860	0.043277	0.262667	0.376115	0.0018544295569881796	2.6337448559670777e-05	0.262665331363678
214440	-3.140285	-1.438967	-0.975955	0.043270	0.262834	0.376832	0.0018067401193547993	3.9506172839506166e-05	0.2628319263458252
214560	-3.139794	-1.438592	-0.974714	0.043292	0.262945	0.377300	0.0017704973986838013	3.9506172839506166e-05	0.2629452049732208
214680	-3.139127	-1.438450	-0.973251	0.043321	0.262990	0.377853	0.0017530996992718428	3.9506172839506166e-05	0.2629903256893158
214800	-3.138498	-1.438393	-0.972732	0.043348	0.263019	0.378049	0.0017559652449563145	1.7558299039780518e-05	0.2630176246166229
214920	-3.138291	-1.437959	-0.971850	0.043357	0.263166	0.378383	0.0017135197238530963	3.9506172839506166e-05	0.2631657123565674
215040	-3.138358	-1.437589	-0.971388	0.043354	0.263280	0.378557	0.0016836688679177313	2.6337448559670777e-05	0.2632785439491272
215160	-3.137508	-1.437401	-0.970967	0.043391	0.263353	0.378717	0.001663506170734763	3.9506172839506166e-05	0.26335299015045166
215280	-3.137799	-1.437297	-0.970306	0.043378	0.263413	0.378967	0.001650315831648186	3.9506172839506166e-05	0.26341304183006287
215400	-3.137777	-1.437065	-0.970405	0.043379	0.263486	0.378930	0.0016299670562148095	3.9506172839506166e-05	0.2634873390197754
215520	-3.137714	-1.436875	-0.970559	0.043382	0.263545	0.378871	0.0016192372131627053	3.9506172839506166e-05	0.2635442018508911
215640	-3.137792	-1.436678	-0.970331	0.043378	0.263602	0.378958	0.0015989604289643466	3.9506172839506166e-05	0.26360055804252625
215760	-3.137993	-1.436554	-0.970982	0.043370	0.263630	0.378711	0.0015884735155850648	2.6337448559670777e-05	0.2636285424232483
215880	-3.137588	-1.436174	-0.969629	0.043387	0.263767	0.379224	0.0015539628569968046	1.7558299039780518e-05	0.26376649737358093
216000	-3.137602	-1.435844	-0.968220	0.043387	0.263870	0.379759	0.0015245489252265544	2.6337448559670777e-05	0.2638689875602722
216120	-3.137156	-1.435588	-0.967459	0.043406	0.263956	0.380047	0.0015005859429948031	1.7558299039780518e-05	0.26395532488822937
216240	-3.137047	-1.435445	-0.965930	0.043411	0.264010	0.380629	0.0014824624988250435	3.9506172839506166e-05	0.26401081681251526
216360	-3.136810	-1.435172	-0.965817	0.043421	0.264083	0.380672	0.0014607798773795366	3.9506172839506166e-05	0.26408272981643677
216480	-3.137009	-1.434942	-0.965374	0.043412	0.264184	0.380841	0.001442494842922315	2.6337448559670777e-05	0.26418328285217285
216600	-3.136138	-1.434562	-0.964698	0.043450	0.264302	0.381098	0.0014150928414892404	2.6337448559670777e-05	0.26430025696754456
216720	-3.135230	-1.434179	-0.963905	0.043490	0.264393	0.381401	0.0013732658931985497	3.9506172839506166e-05	0.26439228653907776
216840	-3.135657	-1.434016	-0.963659	0.043471	0.264445	0.381495	0.001355919206980616	3.9506172839506166e-05	0.26444536447525024
216960	-3.134668	-1.433683	-0.963565	0.043514	0.264538	0.381530	0.0013280985062010587	1.7558299039780518e-05	0.26453736424446106
217080	-3.134059	-1.432987	-0.962653	0.043541	0.264721	0.381878	0.0012722292391117661	3.9506172839506166e-05	0.26471900939941406
217200	-3.133208	-1.432457	-0.962050	0.043578	0.264871	0.382109	0.0012246209080331028	3.9506172839506166e-05	0.2648693323135376
217320	-3.132648	-1.432219	-0.962711	0.043602	0.264925	0.381856	0.0011944131460040809	3.9506172839506166e-05	0.26492568850517273
217440	-3.132175	-1.432069	-0.962061	0.043623	0.264979	0.382105	0.001179161632899195	3.9506172839506166e-05	0.26497912406921387
217560	-3.133054	-1.431718	-0.961717	0.043584	0.265101	0.382236	0.0011511889344546944	2.6337448559670777e-05	0.26510047912597656
217680	-3.133187	-1.431430	-0.961289	0.043579	0.265190	0.382400	0.0011266125249676407	3.9506172839506166e-05	0.265190064907074
217800	-3.133703	-1.430979	-0.960427	0.043556	0.265325	0.382730	0.0010852876119315624	3.9506172839506166e-05	0.26532450318336487
217920	-3.133418	-1.430268	-0.959134	0.043569	0.265527	0.383225	0.0010241811629384755	2.6337448559670777e-05	0.2655266225337982
218040	-3.132835	-1.429938	-0.958836	0.043594	0.265642	0.383339	0.0009892442030832171	3.9506172839506166e-05	0.2656422257423401
218160	-3.132668	-1.429710	-0.958425	0.043601	0.265706	0.383496	0.0009686770790722221	2.6337448559670777e-05	0.26570644974708557
218280	-3.132240	-1.429487	-0.958586	0.043620	0.265761	0.383435	0.0009509439871180803	3.9506172839506166e-05	0.2657613456249237
218400	-3.132005	-1.429269	-0.958335	0.043630	0.265827	0.383531	0.0009310180961620062	3.9506172839506166e-05	0.2658276855945587
218520	-3.132162	-1.429183	-0.958032	0.043623	0.265861	0.383647	0.0009232076728949324	1.7558299039780518e-05	0.265860378742218
218640	-3.131936	-1.428884	-0.957926	0.043633	0.265951	0.383688	0.0008979381032986567	3.9506172839506166e-05	0.2659498453140259
218760	-3.129823	-1.428233	-0.957481	0.043726	0.266124	0.383858	0.0008435559691861271	3.9506172839506166e-05	0.2661210298538208
218880	-3.129081	-1.427761	-0.956650	0.043758	0.266267	0.384178	0.0008018697873922065	3.9506172839506166e-05	0.2662643790245056
219000	-3.128650	-1.427404	-0.955437	0.043777	0.266375	0.384644	0.0007627745071658865	3.9506172839506166e-05	0.2663745582103729
219120	-3.129113	-1.427249	-0.954956	0.043757	0.266455	0.384829	0.000752177822869271	2.6337448559670777e-05	0.2664532959461212
219240	-3.128416	-1.426994	-0.955255	0.043787	0.266527	0.384714	0.0007328734820475802	3.9506172839506166e-05	0.2665242850780487
219360	-3.128589	-1.426428	-0.953393	0.043780	0.266679	0.385431	0.0006824541458627209	3.9506172839506166e-05	0.2666768729686737
219480	-3.129097	-1.425943	-0.951959	0.043757	0.266801	0.385984	0.0006359554419759661	3.9506172839506166e-05	0.26679909229278564
219600	-3.128970	-1.425554	-0.951777	0.043763	0.266915	0.386054	0.0005943089578067884	3.9506172839506166e-05	0.26691490411758423
219720	-3.129093	-1.425218	-0.952438	0.043757	0.267036	0.385799	0.0005703566537704318	3.9506172839506166e-05	0.2670345604419708
219840	-3.128903	-1.425017	-0.952374	0.043766	0.267080	0.385824	0.0005442322377348319	3.9506172839506166e-05	0.2670803368091583
219960	-3.127944	-1.424717	-0.952487	0.043808	0.267166	0.385780	0.0005255784868495539	3.9506172839506166e-05	0.26716381311416626
220080	-3.128339	-1.424432	-0.951564	0.043790	0.267274	0.386137	0.0004973457980668172	3.9506172839506166e-05	0.26727211475372314
220200	-3.129077	-1.424343	-0.951483	0.043758	0.267344	0.386168	0.00048285143566317856	3.9506172839506166e-05	0.267344206571579
220320	-3.129644	-1.424093	-0.951712	0.043733	0.267433	0.386079	0.0004677326534874737	2.6337448559670777e-05	0.2674318552017212
220440	-3.130232	-1.423744	-0.950227	0.043708	0.267571	0.386653	0.00043521408952074125	1.7558299039780518e-05	0.26757073402404785
220560	-3.129504	-1.423503	-0.949293	0.043739	0.267634	0.387014	0.00041403912764508276	1.7558299039780518e-05	0.2676338851451874
220680	-3.129862	-1.423322	-0.948217	0.043724	0.267704	0.387431	0.00039730613789288325	3.9506172839506166e-05	0.2677033841609955
220800	-3.129796	-1.422779	-0.948776	0.043727	0.267863	0.387215	0.0003505504661006853	3.9506172839506166e-05	0.2678622305393219
220920	-3.130424	-1.422585	-0.947245	0.043699	0.267938	0.387808	0.00032942366233328356	2.6337448559670777e-05	0.26793769001960754
221040	-3.130448	-1.422434	-0.946987	0.043698	0.267989	0.387908	0.00031667136354371903	2.6337448559670777e-05	0.2679881751537323
221160	-3.130145	-1.422129	-0.946690	0.043711	0.268075	0.388023	0.0002910702140070498	3.9506172839506166e-05	0.2680742144584656
221280	-3.129799	-1.421680	-0.946074	0.043727	0.268218	0.388263	0.0002463355602230877	3.9506172839506166e-05	0.26821714639663696
221400	-3.129818	-1.421343	-0.946132	0.043726	0.268320	0.388240	0.0002237541033537127	3.9506172839506166e-05	0.26831695437431335
221520	-3.129608	-1.420756	-0.945568	0.043735	0.268496	0.388459	0.00016735821700422093	2.6337448559670777e-05	0.268494576215744
221640	-3.129618	-1.420374	-0.945531	0.043735	0.268597	0.388473	0.00013102173543302342	2.6337448559670777e-05	0.2685971260070801
221760	-3.130788	-1.420066	-0.945311	0.043683	0.268723	0.388559	0.00010478377043909859	2.6337448559670777e-05	0.26872143149375916
221880	-3.130853	-1.419699	-0.944704	0.043681	0.268841	0.388795	6.832545768702403e-05	1.7558299039780518e-05	0.2688412070274353
222000	-3.131123	-1.419602	-0.943262	0.043669	0.268891	0.389356	5.915528417972382e-05	3.9506172839506166e-05	0.2688906192779541
222120	-3.129763	-1.419168	-0.942099	0.043728	0.269021	0.389809	2.9692291536775884e-05	2.6337448559670777e-05	0.2690183222293854
222240	-3.129741	-1.418743	-0.941114	0.043729	0.269162	0.390193	-1.4709412744196015e-05	2.6337448559670777e-05	0.26916104555130005
222360	-3.130324	-1.418573	-0.939849	0.043704	0.269224	0.390687	-3.01206108815677e-05	1.7558299039780518e-05	0.2692234516143799
222480	-3.130959	-1.418359	-0.938646	0.043676	0.269302	0.391157	-4.823702438443434e-05	3.9506172839506166e-05	0.26929986476898193
222600	-3.130359	-1.417707	-0.938067	0.043702	0.269487	0.391384	-9.991293991333805e-05	3.9506172839506166e-05	0.26948362588882446
222720	-3.130077	-1.417226	-0.936899	0.043714	0.269646	0.391841	-0.00014749025940545834	3.9506172839506166e-05	0.269643634557724
222840	-3.129550	-1.416837	-0.936078	0.043737	0.269778	0.392163	-0.0001852133820648305	2.6337448559670777e-05	0.2697767913341522
222960	-3.130478	-1.416592	-0.935869	0.043697	0.269884	0.392245	-0.00020489060407271608	3.9506172839506166e-05	0.2698811888694763
223080	-3.129622	-1.416287	-0.936744	0.043734	0.269958	0.391902	-0.00023857783671701326	2.6337448559670777e-05	0.26995792984962463
223200	-3.129147	-1.415979	-0.936187	0.043755	0.270041	0.392120	-0.00025521856150589883	3.9506172839506166e-05	0.27003785967826843
223320	-3.129946	-1.415481	-0.934937	0.043720	0.270199	0.392611	-0.0003085710370214656	2.6337448559670777e-05	0.27019745111465454
223440	-3.130262	-1.415054	-0.934096	0.043706	0.270336	0.392941	-0.0003463408866082318	3.9506172839506166e-05	0.27033594250679016
223560	-3.129760	-1.414741	-0.932661	0.043728	0.270420	0.393505	-0.00037384640309028326	3.9506172839506166e-05	0.2704196870326996
223680	-3.129849	-1.414690	-0.931109	0.043724	0.270443	0.394116	-0.0003852082998491824	2.6337448559670777e-05	0.27044329047203064
223800	-3.129798	-1.414480	-0.930903	0.043727	0.270514	0.394198	-0.00039250670815818014	3.9506172839506166e-05	0.2705117464065552
223920	-3.130240	-1.413991	-0.930012	0.043707	0.270675	0.394549	-0.0004434493079315871	2.6337448559670777e-05	0.27067387104034424
224040	-3.129836	-1.413666	-0.928705	0.043725	0.270797	0.395065	-0.00046833829983370376	2.6337448559670777e-05	0.2707951068878174
224160	-3.129373	-1.413331	-0.928784	0.043745	0.270894	0.395034	-0.0005030453059589491	2.6337448559670777e-05	0.2708940804004669
224280	-3.129539	-1.412798	-0.927915	0.043738	0.271079	0.395377	-0.000552469483227469	3.9506172839506166e-05	0.27107807993888855
224400	-3.131169	-1.412746	-0.927693	0.043667	0.271113	0.395465	-0.0005579706892604008	3.9506172839506166e-05	0.27111291885375977
224520	-3.130722	-1.412170	-0.925763	0.043686	0.271316	0.396229	-0.0006035447586327791	2.6337448559670777e-05	0.2713143825531006
224640	-3.129558	-1.411580	-0.925211	0.043737	0.271474	0.396448	-0.0006591319281142205	2.6337448559670777e-05	0.2714724838733673
224760	-3.128348	-1.411438	-0.924774	0.043790	0.271518	0.396621	-0.000675118254730478	2.6337448559670777e-05	0.27151837944984436
224880	-3.128377	-1.411593	-0.925057	0.043789	0.271490	0.396509	-0.0006633649347350002	2.6337448559670777e-05	0.27149122953414917
225000	-3.128229	-1.411547	-0.923746	0.043795	0.271536	0.397029	-0.000664520071586594	2.6337448559670777e-05	0.2715357840061188
225120	-3.128225	-1.411386	-0.923713	0.043795	0.271570	0.397042	-0.000676626546191983	2.6337448559670777e-05	0.2715686857700348
225240	-3.127858	-1.411033	-0.922944	0.043812	0.271676	0.397347	-0.0007038245617877692	3.9506172839506166e-05	0.2716737687587738
225360	-3.128136	-1.411017	-0.923338	0.043799	0.271685	0.397191	-0.0007100449030986056	3.9506172839506166e-05	0.27168503403663635
225480	-3.126788	-1.410726	-0.921966	0.043858	0.271765	0.397736	-0.0007397467299597338	3.9506172839506166e-05	0.27176493406295776
225600	-3.126423	-1.410679	-0.921322	0.043874	0.271772	0.397993	-0.000739068430266343	3.9506172839506166e-05	0.2717711627483368
225720	-3.126001	-1.410725	-0.921738	0.043893	0.271740	0.397827	-0.0007458315318217501	3.9506172839506166e-05	0.27174267172813416
225840	-3.126289	-1.410630	-0.921935	0.043880	0.271775	0.397749	-0.0007477307692170144	1.7558299039780518e-05	0.2717752456665039
225960	-3.125884	-1.409912	-0.921572	0.043898	0.271975	0.397893	-0.000804185081506148	3.9506172839506166e-05	0.27197280526161194
226080	-3.125911	-1.409586	-0.919719	0.043897	0.272077	0.398631	-0.0008365048532141372	2.6337448559670777e-05	0.27207618951797485
226200	-3.125551	-1.409123	-0.919118	0.043913	0.272213	0.398871	-0.0008736926625715569	2.6337448559670777e-05	0.2722117602825165
226320	-3.124365	-1.408710	-0.918980	0.043965	0.272316	0.398926	-0.0009192274592351168	2.6337448559670777e-05	0.2723154127597809
226440	-3.125046	-1.408489	-0.919220	0.043935	0.272390	0.398830	-0.0009384526347275823	2.6337448559670777e-05	0.27238965034484863
226560	-3.124959	-1.408320	-0.918512	0.043939	0.272468	0.399113	-0.0009521523461444303	1.7558299039780518e-05	0.2724665701389313
226680	-3.124499	-1.408037	-0.917745	0.043959	0.272557	0.399419	-0.000979694997658953	3.9506172839506166e-05	0.27255648374557495
226800	-3.124140	-1.407667	-0.917486	0.043975	0.272670	0.399522	-0.0010092629585415126	2.6337448559670777e-05	0.2726690471172333
226920	-3.123708	-1.407270	-0.917373	0.043994	0.272798	0.399567	-0.001046624343143776	2.6337448559670777e-05	0.2727968692779541
227040	-3.123591	-1.406894	-0.916452	0.043999	0.272918	0.399935	-0.0010838383750524372	2.6337448559670777e-05	0.2729179859161377
227160	-3.123107	-1.406537	-0.915770	0.044020	0.273039	0.400208	-0.0011067309183999895	3.9506172839506166e-05	0.2730363607406616
227280	-3.122866	-1.406297	-0.915190	0.044031	0.273124	0.400441	-0.001134840998565778	2.6337448559670777e-05	0.27312350273132324
227400	-3.121872	-1.406103	-0.914523	0.044075	0.273159	0.400708	-0.00115322099882178	2.6337448559670777e-05	0.27315810322761536
227520	-3.122107	-1.405720	-0.914974	0.044064	0.273292	0.400527	-0.0011873275507241488	1.1705532693187011e-05	0.27329152822494507
227640	-3.121762	-1.405291	-0.914662	0.044079	0.273426	0.400652	-0.0012304662901442497	2.6337448559670777e-05	0.2734266221523285
227760	-3.122292	-1.405264	-0.913426	0.044056	0.273475	0.401147	-0.0012256342452019453	3.9506172839506166e-05	0.27347302436828613
227880	-3.122794	-1.404986	-0.912024	0.044034	0.273571	0.401710	-0.0012526574544608593	3.9506172839506166e-05	0.27356982231140137
228000	-3.123111	-1.404673	-0.911333	0.044020	0.273668	0.401988	-0.0012818666407838463	2.6337448559670777e-05	0.27366819977760315
228120	-3.122733	-1.404384	-0.911073	0.044037	0.273760	0.402093	-0.001303927745902911	2.6337448559670777e-05	0.27375727891921997
228240	-3.122686	-1.403926	-0.910577	0.044039	0.273914	0.402292	-0.0013483052491210401	3.9506172839506166e-05	0.27391353249549866
228360	-3.122407	-1.403458	-0.909430	0.044051	0.274040	0.402754	-0.0013867517933249473	3.9506172839506166e-05	0.27403756976127625
228480	-3.122086	-1.403089	-0.909092	0.044065	0.274165	0.402890	-0.001421167457010597	2.6337448559670777e-05	0.27416375279426575
228600	-3.121735	-1.402820	-0.908160	0.044081	0.274244	0.403266	-0.0014446187997236848	3.9506172839506166e-05	0.2742423415184021
228720	-3.121421	-1.402673	-0.907558	0.044094	0.274293	0.403508	-0.0014611820282880218	3.9506172839506166e-05	0.27429160475730896
228840	-3.121321	-1.402259	-0.906700	0.044099	0.274429	0.403855	-0.0014959864842239768	3.9506172839506166e-05	0.27442675828933716
228960	-3.121703	-1.401947	-0.905534	0.044082	0.274533	0.404326	-0.0015273487835656852	3.9506172839506166e-05	0.27453216910362244
229080	-3.121912	-1.401580	-0.904639	0.044073	0.274670	0.404688	-0.0015557715611066668	3.9506172839506166e-05	0.2746676504611969
229200	-3.123328	-1.401155	-0.902760	0.044010	0.274831	0.405449	-0.0015949807362630962	1.7558299039780518e-05	0.274830162525177
229320	-3.123807	-1.400662	-0.902333	0.043989	0.274999	0.405622	-0.0016412959317676722	3.9506172839506166e-05	0.274997740983963
229440	-3.123459	-1.400370	-0.901250	0.044005	0.275092	0.406062	-0.0016676472034305335	3.9506172839506166e-05	0.275090754032135
229560	-3.123361	-1.400103	-0.900469	0.044009	0.275183	0.406379	-0.0016919049085117877	2.6337448559670777e-05	0.2751826345920563
229680	-3.124255	-1.400054	-0.900443	0.043970	0.275209	0.406390	-0.0016967283736448735	2.6337448559670777e-05	0.27520784735679626
229800	-3.122980	-1.399573	-0.898739	0.044026	0.275355	0.407083	-0.0017408918298315256	3.9506172839506166e-05	0.27535438537597656
229920	-3.123971	-1.399333	-0.898286	0.043982	0.275468	0.407267	-0.0017626518267206848	2.6337448559670777e-05	0.2754667401313782
230040	-3.123912	-1.399199	-0.897833	0.043985	0.275528	0.407452	-0.001777198736090213	3.9506172839506166e-05	0.2755288779735565
230160	-3.124338	-1.398650	-0.895841	0.043966	0.275721	0.408264	-0.001820406090700999	3.9506172839506166e-05	0.27571946382522583
230280	-3.124382	-1.398488	-0.895726	0.043964	0.275799	0.408311	-0.0018391354882624001	3.9506172839506166e-05	0.27579814195632935
230400	-3.124681	-1.398021	-0.895923	0.043951	0.275928	0.408231	-0.0018795886833686381	1.7558299039780518e-05	0.2759280204772949
230520	-3.123998	-1.397917	-0.895748	0.043981	0.275974	0.408302	-0.0018891443207394332	2.6337448559670777e-05	0.2759736180305481
230640	-3.124098	-1.397616	-0.894361	0.043977	0.276103	0.408869	-0.0019177727168425917	2.6337448559670777e-05	0.2761024236679077
230760	-3.123563	-1.397265	-0.894019	0.044000	0.276211	0.409009	-0.001950792275601998	2.6337448559670777e-05	0.2762114107608795
230880	-3.124183	-1.397174	-0.893243	0.043973	0.276288	0.409326	-0.00195767090190202	2.6337448559670777e-05	0.27628737688064575
231000	-3.124446	-1.396715	-0.893469	0.043961	0.276411	0.409234	-0.001998134737368673	3.9506172839506166e-05	0.2764102518558502
231120	-3.125257	-1.396564	-0.891583	0.043926	0.276485	0.410006	-0.002012410631868988	2.6337448559670777e-05	0.2764841616153717
231240	-3.125607	-1.395836	-0.890277	0.043910	0.276707	0.410542	-0.002074324747081846	2.6337448559670777e-05	0.2767057418823242
231360	-3.125082	-1.395465	-0.889609	0.043933	0.276821	0.410817	-0.0021077221259474753	3.9506172839506166e-05	0.2768194377422333
231480	-3.126200	-1.395229	-0.888925	0.043884	0.276931	0.411098	-0.002133854210842401	2.6337448559670777e-05	0.2769308388233185
231600	-3.126605	-1.394798	-0.887851	0.043866	0.277081	0.411539	-0.0021693136193789543	3.9506172839506166e-05	0.27708086371421814
231720	-3.127476	-1.394370	-0.885902	0.043828	0.277257	0.412342	-0.0022069090162403883	3.9506172839506166e-05	0.27725568413734436
231840	-3.128700	-1.394052	-0.885395	0.043775	0.277374	0.412551	-0.002237286791205406	3.9506172839506166e-05	0.27737295627593994
231960	-3.129162	-1.393709	-0.883699	0.043754	0.277526	0.413252	-0.002267492318060249	2.6337448559670777e-05	0.27752450108528137
232080	-3.129643	-1.393605	-0.883426	0.043733	0.277581	0.413364	-0.0022790608694776894	2.6337448559670777e-05	0.27758029103279114
232200	-3.129658	-1.393323	-0.882456	0.043733	0.277673	0.413766	-0.0023026337032206355	2.6337448559670777e-05	0.27767214179039
232320	-3.129973	-1.392923	-0.882276	0.043719	0.277789	0.413840	-0.002337020868435502	2.6337448559670777e-05	0.2777881920337677
232440	-3.130841	-1.392428	-0.881502	0.043681	0.277976	0.414160	-0.0023793303873389958	3.9506172839506166e-05	0.27797356247901917
232560	-3.130586	-1.392052	-0.881408	0.043692	0.278094	0.414200	-0.002413449238520116	3.9506172839506166e-05	0.2780919075012207
232680	-3.130814	-1.391834	-0.880661	0.043682	0.278180	0.414509	-0.002438904158771038	2.6337448559670777e-05	0.27817991375923157
232800	-3.131368	-1.391472	-0.879624	0.043658	0.278304	0.414939	-0.002464301884174347	3.9506172839506166e-05	0.2783011496067047
232920	-3.131674	-1.391047	-0.879493	0.043645	0.278428	0.414993	-0.002505501639097929	3.9506172839506166e-05	0.27842679619789124
233040	-3.131700	-1.390691	-0.878960	0.043644	0.278524	0.415215	-0.002539515681564808	3.9506172839506166e-05	0.2785237729549408
233160	-3.131293	-1.390262	-0.878069	0.043661	0.278662	0.415585	-0.0025780287920497357	3.9506172839506166e-05	0.2786615192890167
233280	-3.131375	-1.390085	-0.878145	0.043658	0.278744	0.415553	-0.0025944513734430076	3.9506172839506166e-05	0.27874279022216797
233400	-3.129707	-1.389803	-0.877920	0.043731	0.278823	0.415646	-0.002617721981368959	3.9506172839506166e-05	0.2788221538066864
233520	-3.129546	-1.389274	-0.877233	0.043738	0.278989	0.415932	-0.002662751788739115	3.9506172839506166e-05	0.27898678183555603
233640	-3.130550	-1.388997	-0.877671	0.043694	0.279081	0.415750	-0.00269159940071404	2.6337448559670777e-05	0.27908045053482056
233760	-3.130601	-1.388265	-0.877241	0.043692	0.279310	0.415929	-0.0027565604308620096	3.9506172839506166e-05	0.2793091833591461
233880	-3.132082	-1.387947	-0.876684	0.043627	0.279465	0.416161	-0.0027839101501740517	3.9506172839506166e-05	0.2794623374938965
234000	-3.132792	-1.387774	-0.876054	0.043596	0.279540	0.416423	-0.002801154553890228	3.9506172839506166e-05	0.27953875064849854
234120	-3.133619	-1.387461	-0.874512	0.043560	0.279649	0.417066	-0.0028333770926110445	2.6337448559670777e-05	0.2796488106250763
234240	-3.134333	-1.387332	-0.874073	0.043529	0.279715	0.417249	-0.002843066258355975	3.9506172839506166e-05	0.27971383929252625
234360	-3.134510	-1.387032	-0.874173	0.043521	0.279803	0.417207	-0.0028694328968413172	2.6337448559670777e-05	0.27980247139930725
234480	-3.136018	-1.387009	-0.872894	0.043455	0.279838	0.417741	-0.002873946586623788	3.9506172839506166e-05	0.2798375189304352
234600	-3.135218	-1.386436	-0.871939	0.043490	0.280004	0.418140	-0.002921535971108824	2.6337448559670777e-05	0.28000321984291077
234720	-3.134717	-1.385746	-0.869978	0.043512	0.280232	0.418961	-0.002983727806713432	3.9506172839506166e-05	0.2802305221557617
234840	-3.134617	-1.385526	-0.869265	0.043516	0.280295	0.419260	-0.0030037864577025174	3.9506172839506166e-05	0.28029492497444153
234960	-3.134004	-1.385181	-0.869363	0.043543	0.280408	0.419219	-0.0030368986073881386	3.9506172839506166e-05	0.2804078459739685
235080	-3.135303	-1.384921	-0.867925	0.043487	0.280525	0.419822	-0.0030579126789234577	2.6337448559670777e-05	0.28052425384521484
235200	-3.135071	-1.384708	-0.867042	0.043497	0.280603	0.420193	-0.003081791358999908	2.6337448559670777e-05	0.28060346841812134
235320	-3.135551	-1.384416	-0.866763	0.043476	0.280702	0.420310	-0.003104743012227118	1.7558299039780518e-05	0.28070157766342163
235440	-3.136533	-1.384316	-0.866702	0.043433	0.280747	0.420336	-0.0031153012183494865	3.9506172839506166e-05	0.28074711561203003
235560	-3.136605	-1.383684	-0.865829	0.043430	0.280955	0.420703	-0.0031683019013144078	3.9506172839506166e-05	0.2809522747993469
235680	-3.136852	-1.383474	-0.864663	0.043419	0.281063	0.421194	-0.003189492225646973	2.6337448559670777e-05	0.2810617983341217
235800	-3.137162	-1.382936	-0.862601	0.043406	0.281258	0.422063	-0.0032386906328611075	3.9506172839506166e-05	0.28125688433647156
235920	-3.137516	-1.382636	-0.862212	0.043390	0.281376	0.422227	-0.003263131726998836	2.6337448559670777e-05	0.28137484192848206
236040	-3.137140	-1.382299	-0.862574	0.043407	0.281490	0.422074	-0.003295621706638485	2.6337448559670777e-05	0.28148871660232544
236160	-3.137235	-1.382088	-0.860558	0.043403	0.281579	0.422926	-0.0033120107487775385	3.9506172839506166e-05	0.28157758712768555
236280	-3.137331	-1.381681	-0.860251	0.043398	0.281706	0.423056	-0.003350651089567691	2.6337448559670777e-05	0.2817052900791168
236400	-3.137093	-1.381241	-0.860591	0.043409	0.281828	0.422912	-0.0033899401663802565	3.9506172839506166e-05	0.2818271815776825
236520	-3.137324	-1.380885	-0.860408	0.043399	0.281942	0.422990	-0.003423673997167498	2.6337448559670777e-05	0.28194162249565125
236640	-3.138453	-1.380384	-0.859148	0.043350	0.282085	0.423523	-0.0034670788678340613	3.9506172839506166e-05	0.2820834517478943
236760	-3.139558	-1.379835	-0.856982	0.043302	0.282258	0.424441	-0.00351809881394729	2.6337448559670777e-05	0.28225743770599365
236880	-3.140226	-1.379527	-0.856728	0.043273	0.282356	0.424549	-0.00354639976285398	2.6337448559670777e-05	0.2823561131954193
237000	-3.138993	-1.379158	-0.856206	0.043326	0.282477	0.424770	-0.0035774713847786187	3.9506172839506166e-05	0.28247520327568054
237120	-3.140256	-1.378989	-0.855586	0.043272	0.282571	0.425034	-0.0035923331510275603	3.9506172839506166e-05	0.2825697958469391
237240	-3.140443	-1.378657	-0.854310	0.043264	0.282695	0.425577	-0.0036232913262210786	3.9506172839506166e-05	0.2826951742172241
237360	-3.140527	-1.378378	-0.853682	0.043260	0.282822	0.425844	-0.003653936740010977	2.6337448559670777e-05	0.2828235924243927
237480	-3.140680	-1.378343	-0.853300	0.043253	0.282837	0.426007	-0.003656383720226586	2.6337448559670777e-05	0.2828370928764343
237600	-3.140191	-1.378036	-0.852722	0.043275	0.282929	0.426253	-0.003678800130728632	2.6337448559670777e-05	0.28292861580848694
237720	-3.141269	-1.377786	-0.852573	0.043228	0.283030	0.426317	-0.0037005435326136647	2.6337448559670777e-05	0.2830292284488678
237840	-3.141115	-1.377475	-0.852420	0.043235	0.283143	0.426382	-0.0037289223168045283	3.9506172839506166e-05	0.28314173221588135
237960	-3.142211	-1.377266	-0.852351	0.043187	0.283263	0.426411	-0.0037496099714189766	3.9506172839506166e-05	0.28326255083084106
238080	-3.142418	-1.376956	-0.851855	0.043178	0.283384	0.426623	-0.0037749539711512624	2.6337448559670777e-05	0.283382773399353
238200	-3.141195	-1.376632	-0.850942	0.043231	0.283495	0.427013	-0.0038043332169763744	2.6337448559670777e-05	0.2834942936897278
238320	-3.141958	-1.376227	-0.850441	0.043198	0.283660	0.427226	-0.00384006320964545	2.6337448559670777e-05	0.28365784883499146
238440	-3.142220	-1.375719	-0.848385	0.043187	0.283873	0.428106	-0.00388717285823077	3.9506172839506166e-05	0.2838713228702545
238560	-3.141983	-1.375782	-0.848237	0.043197	0.283889	0.428169	-0.003886157285887748	2.6337448559670777e-05	0.28388887643814087
238680	-3.141250	-1.375359	-0.847275	0.043229	0.284036	0.428581	-0.003916957718320191	2.6337448559670777e-05	0.2840340733528137
238800	-3.142527	-1.375126	-0.846262	0.043174	0.284147	0.429016	-0.0039423402631655335	3.9506172839506166e-05	0.284146785736084
238920	-3.141497	-1.375055	-0.846420	0.043218	0.284175	0.428948	-0.003944279858842492	3.9506172839506166e-05	0.2841717302799225
239040	-3.142350	-1.374625	-0.845775	0.043181	0.284331	0.429224	-0.00398267232812941	3.9506172839506166e-05	0.2843281924724579
239160	-3.140964	-1.374440	-0.844729	0.043241	0.284404	0.429674	-0.0040014071855694056	3.9506172839506166e-05	0.2844025790691376
239280	-3.140910	-1.373786	-0.841945	0.043243	0.284646	0.430871	-0.004061706224456429	1.7558299039780518e-05	0.2846458852291107
239400	-3.140994	-1.373583	-0.840997	0.043240	0.284726	0.431280	-0.004080635192804038	2.6337448559670777e-05	0.28472501039505005
239520	-3.140667	-1.373302	-0.840785	0.043254	0.284815	0.431372	-0.0041073673404753205	2.6337448559670777e-05	0.28481540083885193
239640	-3.141153	-1.373028	-0.839149	0.043233	0.284929	0.432078	-0.004128056857734918	3.9506172839506166e-05	0.2849273383617401
239760	-3.142544	-1.372588	-0.837845	0.043173	0.285091	0.432642	-0.004170169308781624	1.7558299039780518e-05	0.285090833902359
239880	-3.143464	-1.372372	-0.837324	0.043133	0.285195	0.432867	-0.004186726920306682	1.7558299039780518e-05	0.28519344329833984
240000	-3.141718	-1.371829	-0.837186	0.043208	0.285361	0.432927	-0.004231779254041612	3.9506172839506166e-05	0.2853587567806244
240120	-3.142658	-1.371768	-0.836387	0.043168	0.285418	0.433273	-0.004244291968643665	3.9506172839506166e-05	0.285417765378952
240240	-3.142890	-1.371725	-0.836627	0.043158	0.285418	0.433169	-0.004247516882605851	2.6337448559670777e-05	0.2854171395301819
240360	-3.141776	-1.371249	-0.834746	0.043206	0.285579	0.433984	-0.004291389696300029	3.9506172839506166e-05	0.2855781316757202
240480	-3.143321	-1.371058	-0.834021	0.043139	0.285676	0.434300	-0.004308776836842299	3.9506172839506166e-05	0.28567588329315186
240600	-3.143729	-1.370781	-0.833742	0.043122	0.285784	0.434421	-0.004330628109164536	3.9506172839506166e-05	0.28578275442123413
240720	-3.142597	-1.370462	-0.834571	0.043171	0.285876	0.434061	-0.004360298742540181	2.6337448559670777e-05	0.2858750820159912
240840	-3.141957	-1.370173	-0.834040	0.043198	0.285969	0.434291	-0.004383068438619376	3.9506172839506166e-05	0.2859669327735901
240960	-3.141448	-1.369759	-0.833274	0.043220	0.286130	0.434624	-0.00442316283006221	1.7558299039780518e-05	0.2861294150352478
241080	-3.140931	-1.369369	-0.831251	0.043243	0.286277	0.435504	-0.004451982327736914	1.7558299039780518e-05	0.28627458214759827
241200	-3.140877	-1.369053	-0.831054	0.043245	0.286376	0.435590	-0.00448455628938973	2.6337448559670777e-05	0.2863747775554657
241320	-3.140920	-1.368725	-0.831150	0.043243	0.286488	0.435548	-0.00451778203714639	3.9506172839506166e-05	0.28648772835731506
241440	-3.142534	-1.368441	-0.830800	0.043173	0.286631	0.435700	-0.004543387610465288	3.9506172839506166e-05	0.28663045167922974
241560	-3.143175	-1.368163	-0.830800	0.043146	0.286759	0.435701	-0.004563637124374509	3.9506172839506166e-05	0.2867566645145416
241680	-3.143740	-1.367787	-0.829757	0.043121	0.286879	0.436155	-0.0045970027102157475	2.6337448559670777e-05	0.28687745332717896
241800	-3.143553	-1.367534	-0.827902	0.043129	0.286984	0.436965	-0.00462571675889194	3.9506172839506166e-05	0.28698307275772095
241920	-3.144116	-1.367183	-0.826562	0.043105	0.287119	0.437551	-0.004652314004488289	3.9506172839506166e-05	0.2871173620223999
242040	-3.143965	-1.366845	-0.825191	0.043112	0.287242	0.438151	-0.004683811473660171	3.9506172839506166e-05	0.2872399687767029
242160	-3.143803	-1.366648	-0.825708	0.043119	0.287304	0.437925	-0.004703471320681274	2.6337448559670777e-05	0.2873033285140991
242280	-3.143733	-1.365994	-0.824567	0.043122	0.287504	0.438425	-0.004757909360341728	3.9506172839506166e-05	0.28750184178352356
242400	-3.143299	-1.365539	-0.823800	0.043140	0.287647	0.438761	-0.00479811723344028	3.9506172839506166e-05	0.2876448929309845
242520	-3.143734	-1.365065	-0.821853	0.043121	0.287835	0.439616	-0.004846462560817599	3.9506172839506166e-05	0.28783345222473145
242640	-3.143578	-1.364775	-0.822016	0.043128	0.287937	0.439545	-0.004873150656931102	2.6337448559670777e-05	0.28793638944625854
242760	-3.143794	-1.364448	-0.821048	0.043119	0.288062	0.439970	-0.004897434939630329	1.7558299039780518e-05	0.2880600392818451
242880	-3.144037	-1.363672	-0.819870	0.043108	0.288357	0.440489	-0.004963564733043313	3.9506172839506166e-05	0.2883530855178833
243000	-3.143735	-1.362863	-0.818749	0.043121	0.288605	0.440983	-0.005042595532722771	3.9506172839506166e-05	0.2886030375957489
243120	-3.142524	-1.362060	-0.817863	0.043174	0.288835	0.441374	-0.005107785342261195	2.6337448559670777e-05	0.28883224725723267
243240	-3.142994	-1.362040	-0.818065	0.043153	0.288855	0.441285	-0.005119535815902054	2.6337448559670777e-05	0.2888548672199249
243360	-3.142929	-1.361585	-0.818174	0.043156	0.289029	0.441237	-0.005160748702473938	3.9506172839506166e-05	0.2890288531780243
243480	-3.142993	-1.361152	-0.817989	0.043153	0.289164	0.441318	-0.005192422261461616	3.9506172839506166e-05	0.2891612648963928
243600	-3.142609	-1.360760	-0.817159	0.043170	0.289308	0.441685	-0.005229942430742085	1.7558299039780518e-05	0.2893069088459015
243720	-3.142523	-1.360364	-0.815940	0.043174	0.289452	0.442224	-0.005266510881483555	3.9506172839506166e-05	0.28945058584213257
243840	-3.142740	-1.360133	-0.814282	0.043164	0.289579	0.442957	-0.005290156370028854	1.7558299039780518e-05	0.2895778715610504
243960	-3.142611	-1.359842	-0.813899	0.043170	0.289688	0.443127	-0.0053142189979553224	2.6337448559670777e-05	0.28968575596809387
244080	-3.144064	-1.359597	-0.813432	0.043107	0.289803	0.443334	-0.005335538205690682	3.9506172839506166e-05	0.2898009419441223
244200	-3.143664	-1.359232	-0.814158	0.043124	0.289902	0.443012	-0.005370725668035448	2.6337448559670777e-05	0.28990164399147034
244320	-3.142884	-1.358864	-0.813501	0.043158	0.290014	0.443303	-0.005403209058567881	2.6337448559670777e-05	0.2900125980377197
244440	-3.141831	-1.358326	-0.812977	0.043204	0.290154	0.443536	-0.005442460998892784	3.9506172839506166e-05	0.29015105962753296
244560	-3.141329	-1.357926	-0.811784	0.043225	0.290292	0.444065	-0.0054919475223869085	2.6337448559670777e-05	0.290292352437973
244680	-3.141862	-1.357646	-0.810807	0.043202	0.290390	0.444499	-0.005514659569598734	2.6337448559670777e-05	0.2903902232646942
244800	-3.142126	-1.357417	-0.811013	0.043191	0.290452	0.444407	-0.005535161239095032	1.7558299039780518e-05	0.2904517948627472
244920	-3.141285	-1.356717	-0.811400	0.043227	0.290645	0.444236	-0.005596370878629386	1.7558299039780518e-05	0.29064446687698364
245040	-3.142041	-1.356358	-0.810454	0.043195	0.290748	0.444656	-0.005632426892407239	2.6337448559670777e-05	0.2907475531101227
245160	-3.142392	-1.355731	-0.810390	0.043179	0.290952	0.444685	-0.005682910303585231	3.9506172839506166e-05	0.29095056653022766
245280	-3.142506	-1.355461	-0.808987	0.043174	0.291067	0.445309	-0.005711070005781948	1.7558299039780518e-05	0.2910664677619934
245400	-3.143119	-1.355462	-0.808402	0.043148	0.291090	0.445570	-0.005708999000489712	2.6337448559670777e-05	0.2910887897014618
245520	-3.142451	-1.354988	-0.808417	0.043177	0.291214	0.445563	-0.0057521658716723325	1.7558299039780518e-05	0.2912141978740692
245640	-3.143532	-1.354697	-0.808168	0.043130	0.291313	0.445674	-0.0057785906828939915	2.6337448559670777e-05	0.2913115918636322
245760	-3.143914	-1.354289	-0.808532	0.043114	0.291458	0.445512	-0.0058141078799963	3.9506172839506166e-05	0.29145559668540955
245880	-3.143420	-1.353958	-0.807851	0.043135	0.291570	0.445815	-0.005846949829719961	3.9506172839506166e-05	0.2915698289871216
246000	-3.142618	-1.353375	-0.807081	0.043170	0.291748	0.446158	-0.005896909744478762	3.9506172839506166e-05	0.29174673557281494
246120	-3.141953	-1.352921	-0.805553	0.043198	0.291902	0.446841	-0.005936173559166491	3.9506172839506166e-05	0.2919004559516907
246240	-3.142061	-1.352397	-0.804607	0.043194	0.292096	0.447264	-0.005984553135931492	2.6337448559670777e-05	0.29209548234939575
246360	-3.142802	-1.352101	-0.804954	0.043162	0.292200	0.447108	-0.006015593302436173	2.6337448559670777e-05	0.29219967126846313
246480	-3.142435	-1.351392	-0.805261	0.043178	0.292416	0.446971	-0.006072120438329875	1.7558299039780518e-05	0.29241499304771423
246600	-3.142144	-1.351171	-0.805097	0.043190	0.292489	0.447045	-0.006093474011868239	3.9506172839506166e-05	0.29248809814453125
246720	-3.141461	-1.350459	-0.804683	0.043220	0.292687	0.447230	-0.006156561733223498	3.9506172839506166e-05	0.2926846146583557
246840	-3.141774	-1.349838	-0.804015	0.043206	0.292912	0.447528	-0.006215011747553944	3.9506172839506166e-05	0.2929103672504425
246960	-3.141720	-1.349653	-0.803831	0.043208	0.292994	0.447611	-0.006233563320711255	2.6337448559670777e-05	0.29299312829971313
247080	-3.141021	-1.349197	-0.803364	0.043239	0.293158	0.447820	-0.006270842161029577	3.9506172839506166e-05	0.29315707087516785
247200	-3.140855	-1.348747	-0.802705	0.043246	0.293291	0.448115	-0.006304019526578486	5.925925925925925e-05	0.29328829050064087
247320	-3.141445	-1.348518	-0.802702	0.043220	0.293357	0.448117	-0.00633636845741421	2.6337448559670777e-05	0.29335665702819824
247440	-3.142521	-1.348279	-0.801668	0.043174	0.293478	0.448580	-0.006358232605271042	3.9506172839506166e-05	0.2934775948524475
247560	-3.142704	-1.347785	-0.801395	0.043166	0.293647	0.448703	-0.006396831129677594	3.9506172839506166e-05	0.2936446964740753
247680	-3.143153	-1.347311	-0.801126	0.043147	0.293785	0.448823	-0.006442441418766975	3.9506172839506166e-05	0.29378437995910645
247800	-3.141449	-1.346822	-0.800108	0.043220	0.293915	0.449280	-0.0064849717076867815	3.9506172839506166e-05	0.2939132750034332
247920	-3.141498	-1.346576	-0.800156	0.043218	0.293996	0.449259	-0.006509090377949178	2.6337448559670777e-05	0.2939949631690979
248040	-3.140906	-1.345989	-0.798198	0.043244	0.294204	0.450140	-0.006560699897818267	3.9506172839506166e-05	0.29420292377471924
248160	-3.138517	-1.345551	-0.797387	0.043347	0.294313	0.450504	-0.006599364033900201	3.9506172839506166e-05	0.2943117618560791
248280	-3.138696	-1.345449	-0.795153	0.043339	0.294386	0.451512	-0.006612577219493687	3.9506172839506166e-05	0.2943849265575409
248400	-3.138913	-1.345360	-0.795281	0.043330	0.294434	0.451454	-0.006623016088269651	3.9506172839506166e-05	0.29443323612213135
248520	-3.138028	-1.345037	-0.794872	0.043368	0.294523	0.451639	-0.0066510738339275125	3.9506172839506166e-05	0.2945224940776825
248640	-3.137647	-1.344893	-0.793801	0.043385	0.294575	0.452123	-0.006663772161118686	2.6337448559670777e-05	0.2945748567581177
248760	-3.137210	-1.344286	-0.792329	0.043404	0.294755	0.452789	-0.006714189983904361	3.9506172839506166e-05	0.2947537899017334
248880	-3.137755	-1.344003	-0.792011	0.043380	0.294889	0.452933	-0.00674398997798562	2.6337448559670777e-05	0.2948884665966034
249000	-3.138505	-1.343786	-0.791168	0.043348	0.295017	0.453315	-0.006762533960863948	2.6337448559670777e-05	0.29501593112945557
249120	-3.138628	-1.343151	-0.790385	0.043342	0.295252	0.453670	-0.006816980103030801	1.7558299039780518e-05	0.29525047540664673
249240	-3.138618	-1.342846	-0.789221	0.043343	0.295380	0.454198	-0.006842128490097821	3.9506172839506166e-05	0.2953778803348541
249360	-3.138837	-1.342370	-0.788385	0.043333	0.295526	0.454578	-0.006889748526737094	2.6337448559670777e-05	0.29552552103996277
249480	-3.138846	-1.342279	-0.787565	0.043333	0.295575	0.454951	-0.006897868262603879	3.9506172839506166e-05	0.29557350277900696
249600	-3.139345	-1.342003	-0.787262	0.043311	0.295683	0.455089	-0.006919097388163209	3.9506172839506166e-05	0.29568150639533997
249720	-3.139263	-1.341832	-0.787835	0.043315	0.295759	0.454828	-0.006938791694119572	2.6337448559670777e-05	0.2957577109336853
249840	-3.138390	-1.341354	-0.787261	0.043353	0.295923	0.455089	-0.006977341417223215	3.9506172839506166e-05	0.29592081904411316
249960	-3.139616	-1.341266	-0.786618	0.043299	0.295982	0.455382	-0.006988359056413174	3.9506172839506166e-05	0.2959814667701721
250080	-3.139410	-1.340990	-0.785626	0.043308	0.296064	0.455834	-0.007015709276311099	3.9506172839506166e-05	0.29606392979621887
250200	-3.139957	-1.340676	-0.786240	0.043285	0.296155	0.455554	-0.007041081157512963	3.9506172839506166e-05	0.2961539626121521
250320	-3.140356	-1.340155	-0.784989	0.043267	0.296343	0.456125	-0.007085154997184873	2.6337448559670777e-05	0.296342134475708
250440	-3.141850	-1.339777	-0.785637	0.043203	0.296489	0.455829	-0.007121036946773529	1.7558299039780518e-05	0.2964881658554077
250560	-3.141410	-1.339385	-0.784591	0.043222	0.296611	0.456306	-0.0071550528286024925	3.9506172839506166e-05	0.29661068320274353
250680	-3.140674	-1.338971	-0.784260	0.043254	0.296714	0.456457	-0.007193484995514155	3.9506172839506166e-05	0.2967134416103363
250800	-3.140805	-1.338283	-0.782141	0.043248	0.296952	0.457426	-0.0072591328527778385	2.6337448559670777e-05	0.2969520092010498
250920	-3.141479	-1.338277	-0.780638	0.043219	0.296986	0.458114	-0.007257630000822246	3.9506172839506166e-05	0.2969847023487091
251040	-3.141145	-1.337684	-0.778804	0.043233	0.297187	0.458955	-0.007301676855422557	2.6337448559670777e-05	0.2971832752227783
251160	-3.140768	-1.337275	-0.778711	0.043250	0.297300	0.458997	-0.007349290163256228	2.6337448559670777e-05	0.29730039834976196
251280	-3.140618	-1.336815	-0.777991	0.043256	0.297433	0.459328	-0.007386116427369416	1.7558299039780518e-05	0.2974320948123932
251400	-3.141069	-1.336407	-0.776993	0.043237	0.297600	0.459786	-0.007426850264891982	5.925925925925925e-05	0.29759958386421204
251520	-3.142105	-1.336160	-0.776215	0.043192	0.297701	0.460144	-0.007444045995362103	1.7558299039780518e-05	0.29769960045814514
251640	-3.141835	-1.335645	-0.776074	0.043203	0.297849	0.460209	-0.007491977396421134	3.9506172839506166e-05	0.2978479564189911
251760	-3.140931	-1.335451	-0.775762	0.043243	0.297920	0.460353	-0.007511821109801531	3.9506172839506166e-05	0.2979183793067932
251880	-3.140788	-1.334874	-0.776277	0.043249	0.298119	0.460116	-0.0075617072405293586	2.6337448559670777e-05	0.29811757802963257
252000	-3.141126	-1.334331	-0.775254	0.043234	0.298306	0.460587	-0.007611720194108784	3.9506172839506166e-05	0.298304945230484
252120	-3.140838	-1.333956	-0.774306	0.043247	0.298449	0.461024	-0.007642684387974441	3.9506172839506166e-05	0.2984478175640106
252240	-3.140970	-1.333560	-0.773496	0.043241	0.298591	0.461397	-0.007683193893171847	2.6337448559670777e-05	0.29859063029289246
252360	-3.141163	-1.333225	-0.772834	0.043232	0.298716	0.461703	-0.007707691541872919	3.9506172839506166e-05	0.2987135350704193
252480	-3.141839	-1.332719	-0.772610	0.043203	0.298891	0.461806	-0.007756274240091443	1.7558299039780518e-05	0.29888978600502014
252600	-3.141413	-1.332183	-0.772056	0.043222	0.299074	0.462062	-0.007801119331270456	3.9506172839506166e-05	0.29907262325286865
252720	-3.141421	-1.331746	-0.772676	0.043221	0.299205	0.461776	-0.007845691824331879	3.9506172839506166e-05	0.2992042899131775
252840	-3.141554	-1.331098	-0.772268	0.043216	0.299410	0.461964	-0.007899102801457048	1.7558299039780518e-05	0.2994084656238556
252960	-3.140755	-1.330617	-0.771461	0.043250	0.299537	0.462337	-0.007943155523389579	3.9506172839506166e-05	0.2995359003543854
253080	-3.141459	-1.330195	-0.770350	0.043220	0.299709	0.462851	-0.007984926085919141	1.7558299039780518e-05	0.2997080385684967
253200	-3.141590	-1.329820	-0.769678	0.043214	0.299838	0.463162	-0.008016461320221425	2.6337448559670777e-05	0.29983705282211304
253320	-3.141492	-1.329429	-0.768012	0.043218	0.299962	0.463934	-0.008053697925060988	3.9506172839506166e-05	0.2999608814716339
253440	-3.141246	-1.329073	-0.766914	0.043229	0.300096	0.464444	-0.008084648801013828	2.6337448559670777e-05	0.30009523034095764
253560	-3.141168	-1.328599	-0.766916	0.043232	0.300243	0.464443	-0.00812093447893858	2.6337448559670777e-05	0.3002401888370514
253680	-3.141279	-1.328013	-0.766189	0.043227	0.300455	0.464781	-0.00817844276316464	3.9506172839506166e-05	0.300453245639801
253800	-3.141485	-1.327712	-0.765714	0.043219	0.300534	0.465002	-0.00820767399854958	3.9506172839506166e-05	0.30053311586380005
253920	-3.142208	-1.327641	-0.765562	0.043187	0.300581	0.465073	-0.00821003164164722	3.9506172839506166e-05	0.30057889223098755
254040	-3.141805	-1.327386	-0.765516	0.043205	0.300642	0.465094	-0.008238263428211212	3.9506172839506166e-05	0.3006409704685211
254160	-3.141904	-1.326904	-0.764578	0.043200	0.300823	0.465530	-0.00827646437101066	2.6337448559670777e-05	0.3008210361003876
254280	-3.142590	-1.326715	-0.765001	0.043171	0.300893	0.465333	-0.0082975460216403	2.6337448559670777e-05	0.3008916676044464
254400	-3.142881	-1.326110	-0.765202	0.043158	0.301079	0.465240	-0.008347805729135871	3.9506172839506166e-05	0.3010757267475128
254520	-3.142649	-1.325712	-0.765759	0.043168	0.301201	0.464981	-0.00838660099543631	3.9506172839506166e-05	0.30120033025741577
254640	-3.143333	-1.325379	-0.765774	0.043139	0.301338	0.464974	-0.008416733704507351	2.6337448559670777e-05	0.3013363480567932
254760	-3.142379	-1.324826	-0.764826	0.043180	0.301510	0.465415	-0.008462779922410846	2.6337448559670777e-05	0.30150824785232544
254880	-3.142692	-1.324435	-0.763964	0.043166	0.301641	0.465816	-0.008504099678248167	2.6337448559670777e-05	0.3016411066055298
255000	-3.143108	-1.324070	-0.763806	0.043148	0.301794	0.465890	-0.008531115623191	3.9506172839506166e-05	0.30179136991500854
255120	-3.142913	-1.323844	-0.763476	0.043157	0.301869	0.466044	-0.008562076603993773	3.9506172839506166e-05	0.3018704056739807
255240	-3.143563	-1.323558	-0.762204	0.043129	0.301978	0.466637	-0.008579112077131867	2.6337448559670777e-05	0.301975816488266
255360	-3.143050	-1.323414	-0.762215	0.043151	0.302015	0.466632	-0.00859567876905203	2.6337448559670777e-05	0.3020135760307312
255480	-3.142165	-1.322744	-0.761393	0.043189	0.302232	0.467015	-0.008654802991077303	3.9506172839506166e-05	0.3022303879261017
255600	-3.141756	-1.321954	-0.761275	0.043207	0.302463	0.467070	-0.008722262363880873	3.9506172839506166e-05	0.30246254801750183
255720	-3.141667	-1.321382	-0.760167	0.043211	0.302623	0.467588	-0.008773846784606576	2.6337448559670777e-05	0.3026210367679596
255840	-3.142364	-1.321109	-0.759146	0.043181	0.302695	0.468066	-0.008804414886981249	2.6337448559670777e-05	0.3026949465274811
255960	-3.141713	-1.320828	-0.757758	0.043209	0.302771	0.468716	-0.008826056309044362	2.6337448559670777e-05	0.3027692139148712
256080	-3.141508	-1.320401	-0.755890	0.043218	0.302908	0.469592	-0.008866705233231187	3.9506172839506166e-05	0.3029063940048218
256200	-3.141893	-1.319981	-0.754326	0.043201	0.303053	0.470327	-0.008901732647791505	2.6337448559670777e-05	0.3030520975589752
256320	-3.140383	-1.319616	-0.753843	0.043266	0.303171	0.470555	-0.00893528237938881	3.9506172839506166e-05	0.3031698167324066
256440	-3.140391	-1.319406	-0.752599	0.043266	0.303278	0.471140	-0.008959627896547317	3.9506172839506166e-05	0.30327746272087097
256560	-3.141493	-1.319404	-0.752414	0.043218	0.303283	0.471228	-0.008949279179796576	3.9506172839506166e-05	0.3032805919647217
256680	-3.141468	-1.318871	-0.751667	0.043219	0.303457	0.471580	-0.009003489138558507	1.7558299039780518e-05	0.30345621705055237
256800	-3.140762	-1.318545	-0.751769	0.043250	0.303547	0.471532	-0.009029785031452775	2.6337448559670777e-05	0.3035448491573334
256920	-3.140923	-1.318005	-0.750190	0.043243	0.303750	0.472277	-0.009079725481569767	1.7558299039780518e-05	0.3037496507167816
257040	-3.141294	-1.317896	-0.749673	0.043227	0.303817	0.472521	-0.009091645618900657	2.6337448559670777e-05	0.3038155138492584
257160	-3.141469	-1.317655	-0.748403	0.043219	0.303889	0.473122	-0.009114513965323567	2.6337448559670777e-05	0.3038884401321411
257280	-3.140953	-1.317017	-0.748017	0.043242	0.304090	0.473304	-0.009167360793799161	2.6337448559670777e-05	0.30408820509910583
257400	-3.141294	-1.316614	-0.747171	0.043227	0.304213	0.473705	-0.009202594216912986	2.6337448559670777e-05	0.30421096086502075
257520	-3.141701	-1.316486	-0.747181	0.043209	0.304271	0.473700	-0.009217483969405294	2.6337448559670777e-05	0.304269939661026
257640	-3.141808	-1.316251	-0.746942	0.043205	0.304374	0.473813	-0.009237253200262785	2.6337448559670777e-05	0.30437108874320984
257760	-3.142245	-1.315964	-0.746391	0.043186	0.304511	0.474075	-0.009263022616505624	2.6337448559670777e-05	0.30450883507728577
257880	-3.142870	-1.315751	-0.745326	0.043159	0.304637	0.474580	-0.009285357780754566	1.7558299039780518e-05	0.30463603138923645
258000	-3.143625	-1.315644	-0.744988	0.043126	0.304712	0.474740	-0.009293110016733408	2.6337448559670777e-05	0.30471116304397583
258120	-3.144443	-1.315100	-0.745135	0.043091	0.304908	0.474670	-0.009342351416125893	2.6337448559670777e-05	0.30490633845329285
258240	-3.143836	-1.314496	-0.743236	0.043117	0.305105	0.475572	-0.00940030300989747	1.7558299039780518e-05	0.30510514974594116
258360	-3.143031	-1.314124	-0.742454	0.043152	0.305227	0.475944	-0.009430692857131362	2.6337448559670777e-05	0.30522647500038147
258480	-3.142437	-1.313934	-0.742568	0.043177	0.305305	0.475890	-0.009452065499499441	1.7558299039780518e-05	0.30530592799186707
258600	-3.143009	-1.313805	-0.741977	0.043153	0.305366	0.476172	-0.009458753652870655	3.9506172839506166e-05	0.3053644597530365
258720	-3.144294	-1.313506	-0.741197	0.043097	0.305479	0.476543	-0.009484703140333294	2.6337448559670777e-05	0.30547744035720825
258840	-3.143844	-1.313275	-0.740896	0.043117	0.305527	0.476686	-0.009506603004410863	2.6337448559670777e-05	0.3055264949798584
258960	-3.142981	-1.312939	-0.739896	0.043154	0.305637	0.477163	-0.009538194304332137	3.9506172839506166e-05	0.3056356608867645
259080	-3.142378	-1.312514	-0.738635	0.043180	0.305762	0.477766	-0.009575508162379264	3.9506172839506166e-05	0.3057608902454376
259200	-3.142847	-1.312193	-0.738481	0.043160	0.305874	0.477839	-0.009605743503198028	2.6337448559670777e-05	0.30587321519851685
259320	-3.143114	-1.311678	-0.738181	0.043148	0.306040	0.477983	-0.009650517255067825	1.7558299039780518e-05	0.30603936314582825
259440	-3.143013	-1.311403	-0.738392	0.043153	0.306131	0.477882	-0.009673074819147587	2.6337448559670777e-05	0.3061298429965973
259560	-3.143174	-1.311120	-0.737386	0.043146	0.306226	0.478363	-0.009702808177098631	1.7558299039780518e-05	0.30622532963752747
259680	-3.143336	-1.310654	-0.735838	0.043139	0.306403	0.479104	-0.009743761923164129	2.6337448559670777e-05	0.3064023554325104
259800	-3.143078	-1.310278	-0.735571	0.043150	0.306536	0.479232	-0.009773543849587441	2.6337448559670777e-05	0.30653467774391174
259920	-3.143674	-1.309901	-0.735303	0.043124	0.306672	0.479360	-0.009811450401321054	2.6337448559670777e-05	0.30667200684547424
260040	-3.143958	-1.309643	-0.735726	0.043112	0.306741	0.479158	-0.009830205887556075	3.9506172839506166e-05	0.30673903226852417
260160	-3.144145	-1.309354	-0.734575	0.043104	0.306862	0.479709	-0.009860190423205495	3.9506172839506166e-05	0.30686041712760925
260280	-3.143037	-1.308676	-0.733317	0.043152	0.307069	0.480313	-0.00991622470319271	1.7558299039780518e-05	0.307066947221756
260400	-3.141554	-1.307954	-0.732680	0.043216	0.307288	0.480619	-0.009981110598891974	2.6337448559670777e-05	0.3072865903377533
260520	-3.140127	-1.307454	-0.730935	0.043277	0.307430	0.481459	-0.010032397229224443	3.9506172839506166e-05	0.30742964148521423
260640	-3.139313	-1.306905	-0.730329	0.043313	0.307604	0.481750	-0.01007454451173544	3.9506172839506166e-05	0.3076014220714569
260760	-3.140373	-1.306461	-0.729561	0.043267	0.307776	0.482120	-0.010120428027585148	3.9506172839506166e-05	0.3077755570411682
260880	-3.140591	-1.305860	-0.728739	0.043257	0.307971	0.482517	-0.010174007806926965	2.6337448559670777e-05	0.3079706132411957
261000	-3.139661	-1.305493	-0.728707	0.043297	0.308062	0.482533	-0.010206091729924083	3.9506172839506166e-05	0.30806076526641846
261120	-3.139669	-1.305170	-0.728173	0.043297	0.308179	0.482790	-0.010233060317113995	3.9506172839506166e-05	0.30817633867263794
261240	-3.139710	-1.304804	-0.727928	0.043295	0.308331	0.482908	-0.010267386073246598	2.6337448559670777e-05	0.30832868814468384
261360	-3.138068	-1.304173	-0.727087	0.043367	0.308526	0.483315	-0.0103249984793365	2.6337448559670777e-05	0.3085244596004486
261480	-3.138281	-1.304182	-0.727816	0.043357	0.308497	0.482963	-0.010325834853574634	1.7558299039780518e-05	0.3084960877895355
261600	-3.136926	-1.303231	-0.726745	0.043416	0.308782	0.483480	-0.010408756695687771	2.6337448559670777e-05	0.3087800145149231
261720	-3.136864	-1.302915	-0.727169	0.043419	0.308882	0.483275	-0.010434697661548854	3.9506172839506166e-05	0.3088788092136383
261840	-3.138060	-1.302715	-0.726232	0.043367	0.308967	0.483728	-0.010459134075790643	2.6337448559670777e-05	0.30896610021591187
261960	-3.137789	-1.302196	-0.725878	0.043379	0.309130	0.483900	-0.010502324253320695	2.6337448559670777e-05	0.30912744998931885
262080	-3.137712	-1.301815	-0.724537	0.043382	0.309293	0.484549	-0.010535094933584333	2.6337448559670777e-05	0.30929121375083923
262200	-3.137073	-1.301354	-0.722794	0.043410	0.309429	0.485394	-0.010579499928280712	2.6337448559670777e-05	0.30942797660827637
262320	-3.137334	-1.300992	-0.720967	0.043398	0.309582	0.486282	-0.010610226588323713	3.9506172839506166e-05	0.3095802068710327
262440	-3.138347	-1.300595	-0.720675	0.043354	0.309763	0.486424	-0.010648414865136147	2.6337448559670777e-05	0.30976223945617676
262560	-3.137443	-1.300070	-0.720698	0.043394	0.309914	0.486413	-0.010694877244532108	2.6337448559670777e-05	0.30991244316101074
262680	-3.138389	-1.299718	-0.719652	0.043353	0.310053	0.486922	-0.010725131072103978	3.9506172839506166e-05	0.31005117297172546
262800	-3.138600	-1.299045	-0.718686	0.043343	0.310267	0.487392	-0.010785686830058695	3.9506172839506166e-05	0.3102654814720154
262920	-3.139944	-1.298751	-0.718636	0.043285	0.310384	0.487417	-0.010815720818936825	2.6337448559670777e-05	0.31038379669189453
263040	-3.140133	-1.298410	-0.718284	0.043277	0.310481	0.487588	-0.010840575536713004	3.9506172839506166e-05	0.3104785978794098
263160	-3.140197	-1.298050	-0.718171	0.043274	0.310586	0.487643	-0.010875398758798838	1.7558299039780518e-05	0.31058475375175476
263280	-3.139006	-1.297372	-0.716649	0.043326	0.310792	0.488386	-0.010937455017119646	2.6337448559670777e-05	0.3107905089855194
263400	-3.138848	-1.297139	-0.716191	0.043333	0.310871	0.488610	-0.010963179590180516	2.6337448559670777e-05	0.31087151169776917
263520	-3.138586	-1.296909	-0.717074	0.043344	0.310957	0.488179	-0.01097995974123478	3.9506172839506166e-05	0.31095606088638306
263640	-3.138501	-1.296685	-0.717499	0.043348	0.311041	0.487971	-0.010996133089065552	3.9506172839506166e-05	0.3110380172729492
263760	-3.139157	-1.296509	-0.717088	0.043319	0.311112	0.488172	-0.011018798686563969	2.6337448559670777e-05	0.3111113905906677
263880	-3.138648	-1.296150	-0.717005	0.043341	0.311236	0.488212	-0.011048703268170357	2.6337448559670777e-05	0.3112344741821289
264000	-3.138786	-1.295741	-0.715916	0.043335	0.311397	0.488744	-0.011079859267920256	2.6337448559670777e-05	0.31139513850212097
264120	-3.138351	-1.295449	-0.715990	0.043354	0.311503	0.488708	-0.011110071977600455	3.9506172839506166e-05	0.3115014135837555
264240	-3.137560	-1.295083	-0.716207	0.043389	0.311620	0.488602	-0.011143985483795405	2.6337448559670777e-05	0.3116185963153839
264360	-3.137261	-1.294801	-0.716571	0.043401	0.311698	0.488424	-0.011168796243146062	2.6337448559670777e-05	0.3116967976093292
264480	-3.137774	-1.294509	-0.717069	0.043379	0.311814	0.488181	-0.011196807166561485	3.9506172839506166e-05	0.3118125796318054
264600	-3.136929	-1.293820	-0.715747	0.043416	0.312059	0.488827	-0.011250545270740986	3.9506172839506166e-05	0.31205520033836365
264720	-3.137836	-1.293577	-0.715072	0.043377	0.312143	0.489157	-0.011279976926743984	2.6337448559670777e-05	0.3121424913406372
264840	-3.138088	-1.292843	-0.713431	0.043366	0.312366	0.489960	-0.01133814174681902	2.6337448559670777e-05	0.31236398220062256
264960	-3.137998	-1.292349	-0.711950	0.043370	0.312564	0.490687	-0.011388208391144872	3.9506172839506166e-05	0.3125615417957306
265080	-3.138154	-1.291862	-0.710032	0.043363	0.312762	0.491629	-0.011431993776932358	2.6337448559670777e-05	0.3127603232860565
265200	-3.139652	-1.291548	-0.709608	0.043298	0.312902	0.491837	-0.011461498495191336	3.9506172839506166e-05	0.31290075182914734
265320	-3.140361	-1.291149	-0.709465	0.043267	0.313065	0.491907	-0.011502211820334196	3.9506172839506166e-05	0.31306570768356323
265440	-3.140390	-1.290715	-0.708563	0.043266	0.313251	0.492351	-0.011534567782655358	3.9506172839506166e-05	0.3132490813732147
265560	-3.139340	-1.290162	-0.707619	0.043311	0.313426	0.492816	-0.011587001848965883	1.7558299039780518e-05	0.31342434883117676
265680	-3.138853	-1.289733	-0.705922	0.043332	0.313572	0.493653	-0.011631565308198333	1.7558299039780518e-05	0.3135731816291809
265800	-3.138727	-1.289504	-0.706113	0.043338	0.313660	0.493559	-0.01164766177535057	3.9506172839506166e-05	0.31365910172462463
265920	-3.138928	-1.289149	-0.706548	0.043329	0.313801	0.493344	-0.011677410453557968	2.6337448559670777e-05	0.3137985169887543
266040	-3.139125	-1.288539	-0.705593	0.043321	0.314010	0.493816	-0.011734980251640081	2.6337448559670777e-05	0.3140091001987457
266160	-3.138603	-1.288585	-0.705385	0.043343	0.314002	0.493918	-0.011727432161569596	2.6337448559670777e-05	0.3140008747577667
266280	-3.138067	-1.288435	-0.704974	0.043367	0.314033	0.494122	-0.011740241525694728	1.7558299039780518e-05	0.31403201818466187
266400	-3.137659	-1.288109	-0.704471	0.043384	0.314152	0.494370	-0.01177364313043654	3.9506172839506166e-05	0.31415149569511414
266520	-3.137631	-1.287855	-0.703856	0.043385	0.314258	0.494674	-0.011795883625745773	3.9506172839506166e-05	0.3142573833465576
266640	-3.138251	-1.287469	-0.703440	0.043359	0.314397	0.494880	-0.011825519520789385	3.9506172839506166e-05	0.31439468264579773
266760	-3.137600	-1.287122	-0.703165	0.043387	0.314505	0.495016	-0.011860076524317264	2.6337448559670777e-05	0.3145032525062561
266880	-3.137619	-1.286896	-0.703317	0.043386	0.314581	0.494941	-0.011881471052765847	2.6337448559670777e-05	0.3145797848701477
267000	-3.136911	-1.286642	-0.702974	0.043417	0.314635	0.495111	-0.011902824742719531	3.9506172839506166e-05	0.3146343231201172
267120	-3.137139	-1.286454	-0.701864	0.043407	0.314715	0.495661	-0.01192167429253459	2.6337448559670777e-05	0.3147137761116028
267240	-3.138095	-1.286285	-0.701273	0.043365	0.314796	0.495954	-0.01193779013119638	3.9506172839506166e-05	0.31479698419570923
267360	-3.138469	-1.286148	-0.700514	0.043349	0.314860	0.496330	-0.011949941236525773	2.6337448559670777e-05	0.31485894322395325
267480	-3.138809	-1.285873	-0.700526	0.043334	0.314943	0.496324	-0.011972718872129917	3.9506172839506166e-05	0.3149414658546448
267600	-3.138640	-1.285399	-0.699475	0.043342	0.315102	0.496846	-0.012014116253703832	1.7558299039780518e-05	0.31510066986083984
267720	-3.138557	-1.284919	-0.698271	0.043345	0.315304	0.497445	-0.01206014109775424	3.9506172839506166e-05	0.3153034448623657
267840	-3.139256	-1.284840	-0.697731	0.043315	0.315385	0.497714	-0.012063338328152895	3.9506172839506166e-05	0.3153822124004364
267960	-3.139668	-1.284581	-0.697263	0.043297	0.315480	0.497946	-0.012089568190276623	1.1705532693187011e-05	0.3154790699481964
268080	-3.139555	-1.284349	-0.696995	0.043302	0.315524	0.498080	-0.01210949132218957	1.7558299039780518e-05	0.31552448868751526
268200	-3.139118	-1.284023	-0.695981	0.043321	0.315610	0.498585	-0.012134602479636668	2.6337448559670777e-05	0.31560710072517395
268320	-3.139778	-1.283840	-0.695688	0.043292	0.315686	0.498731	-0.012156427884474397	3.9506172839506166e-05	0.3156852424144745
268440	-3.139776	-1.283561	-0.696564	0.043293	0.315794	0.498294	-0.012178918858990074	1.7558299039780518e-05	0.3157927691936493
268560	-3.140145	-1.283263	-0.697716	0.043277	0.315916	0.497721	-0.012211069138720632	1.7558299039780518e-05	0.3159158229827881
268680	-3.140493	-1.283014	-0.698004	0.043261	0.316006	0.497578	-0.012233707867562772	2.6337448559670777e-05	0.3160060942173004
268800	-3.140932	-1.282673	-0.697211	0.043242	0.316151	0.497972	-0.012259780894964933	1.7558299039780518e-05	0.31615060567855835
268920	-3.141184	-1.282515	-0.696892	0.043232	0.316194	0.498131	-0.01227652677334845	2.6337448559670777e-05	0.3161931335926056
269040	-3.141050	-1.282122	-0.696266	0.043237	0.316348	0.498443	-0.01230803825892508	2.6337448559670777e-05	0.3163444697856903
269160	-3.140594	-1.281896	-0.695668	0.043257	0.316435	0.498741	-0.012331469124183059	2.6337448559670777e-05	0.3164340555667877
269280	-3.141317	-1.281522	-0.694719	0.043226	0.316621	0.499215	-0.012364739365875722	3.9506172839506166e-05	0.31661948561668396
269400	-3.141130	-1.281059	-0.693983	0.043234	0.316801	0.499582	-0.012403722992166877	2.6337448559670777e-05	0.31679826974868774
269520	-3.141356	-1.280831	-0.693448	0.043224	0.316898	0.499850	-0.012429442210122942	3.9506172839506166e-05	0.31689682602882385
269640	-3.142267	-1.280433	-0.692892	0.043185	0.317066	0.500128	-0.012461102986708283	2.6337448559670777e-05	0.317064106464386
269760	-3.142674	-1.280233	-0.692840	0.043167	0.317135	0.500154	-0.012479283753782511	3.9506172839506166e-05	0.3171340525150299
269880	-3.141676	-1.279878	-0.691687	0.043210	0.317256	0.500730	-0.012515237974002957	2.6337448559670777e-05	0.3172561526298523
270000	-3.141686	-1.279750	-0.691957	0.043210	0.317293	0.500595	-0.01252169506624341	2.6337448559670777e-05	0.3172909915447235
270120	-3.142099	-1.279727	-0.691518	0.043192	0.317299	0.500815	-0.012527289288118481	3.9506172839506166e-05	0.31729617714881897
270240	-3.143100	-1.279587	-0.690220	0.043149	0.317359	0.501466	-0.012539101159200072	2.6337448559670777e-05	0.3173579275608063
270360	-3.142548	-1.279201	-0.689979	0.043173	0.317499	0.501587	-0.012569051329046487	2.6337448559670777e-05	0.31749680638313293
270480	-3.143817	-1.278886	-0.690200	0.043118	0.317643	0.501476	-0.012604563171043992	2.6337448559670777e-05	0.31764328479766846
270600	-3.143567	-1.278504	-0.689836	0.043129	0.317797	0.501659	-0.012629740172997117	3.9506172839506166e-05	0.31779417395591736
270720	-3.142805	-1.278266	-0.690245	0.043162	0.317842	0.501453	-0.012654130067676305	3.9506172839506166e-05	0.31784090399742126
270840	-3.143322	-1.277972	-0.689397	0.043139	0.317961	0.501879	-0.012679967982694506	3.9506172839506166e-05	0.3179580271244049
270960	-3.144614	-1.277654	-0.690123	0.043084	0.318088	0.501515	-0.01271045496687293	2.6337448559670777e-05	0.31808674335479736
271080	-3.144362	-1.277192	-0.689978	0.043094	0.318249	0.501587	-0.01274967547506094	2.6337448559670777e-05	0.3182467520236969
271200	-3.144751	-1.276719	-0.689140	0.043078	0.318441	0.502008	-0.012798349792137741	2.6337448559670777e-05	0.31844082474708557
271320	-3.144102	-1.276040	-0.689152	0.043106	0.318666	0.502002	-0.012854318134486675	3.9506172839506166e-05	0.318664014339447
271440	-3.143966	-1.275590	-0.687786	0.043111	0.318813	0.502688	-0.012900944100692868	2.6337448559670777e-05	0.3188134431838989
271560	-3.144321	-1.275346	-0.688072	0.043096	0.318930	0.502544	-0.012922488525509835	3.9506172839506166e-05	0.31892865896224976
271680	-3.145208	-1.274962	-0.688416	0.043058	0.319108	0.502371	-0.01295329830609262	1.7558299039780518e-05	0.3191065490245819
271800	-3.145655	-1.274768	-0.688964	0.043039	0.319210	0.502096	-0.012975190859287977	2.6337448559670777e-05	0.31920894980430603
271920	-3.145849	-1.274541	-0.688016	0.043030	0.319318	0.502572	-0.012993614934384824	1.7558299039780518e-05	0.3193177878856659
272040	-3.146179	-1.274515	-0.687319	0.043016	0.319343	0.502923	-0.012999211298301816	2.6337448559670777e-05	0.31934282183647156
272160	-3.146643	-1.274376	-0.687521	0.042996	0.319408	0.502821	-0.013009587582200766	1.7558299039780518e-05	0.31940728425979614
272280	-3.146021	-1.273928	-0.686392	0.043023	0.319579	0.503389	-0.013047177623957396	3.9506172839506166e-05	0.31957659125328064
272400	-3.146480	-1.273740	-0.685407	0.043003	0.319667	0.503885	-0.013067426718771457	1.1705532693187011e-05	0.31966692209243774
272520	-3.147383	-1.273383	-0.684197	0.042964	0.319838	0.504495	-0.013099214201793075	3.9506172839506166e-05	0.3198367953300476
272640	-3.148061	-1.273314	-0.685461	0.042935	0.319876	0.503858	-0.013100997731089591	3.9506172839506166e-05	0.31987330317497253
272760	-3.148394	-1.273452	-0.685403	0.042921	0.319857	0.503887	-0.01309573631733656	3.9506172839506166e-05	0.3198574185371399
272880	-3.147069	-1.273053	-0.684974	0.042978	0.319995	0.504104	-0.013126076245680452	2.6337448559670777e-05	0.3199949860572815
273000	-3.147572	-1.272589	-0.684533	0.042956	0.320181	0.504326	-0.013169263582676649	3.9506172839506166e-05	0.3201804459095001
273120	-3.148098	-1.272442	-0.683419	0.042934	0.320247	0.504888	-0.013180123688653112	2.6337448559670777e-05	0.3202463686466217
273240	-3.149226	-1.272086	-0.682823	0.042885	0.320400	0.505189	-0.013212938280776142	3.9506172839506166e-05	0.3203984797000885
273360	-3.150122	-1.271498	-0.681761	0.042847	0.320629	0.505726	-0.0132645923178643	2.6337448559670777e-05	0.3206271827220917
273480	-3.149383	-1.271257	-0.680353	0.042879	0.320752	0.506438	-0.01328825750388205	2.6337448559670777e-05	0.32075026631355286
273600	-3.147815	-1.270697	-0.681339	0.042946	0.320912	0.505939	-0.013336587557569146	3.9506172839506166e-05	0.32091084122657776
273720	-3.147438	-1.270137	-0.680479	0.042962	0.321102	0.506375	-0.01338819987140596	2.6337448559670777e-05	0.32110103964805603
273840	-3.147204	-1.269670	-0.679041	0.042972	0.321298	0.507103	-0.013429826265200973	3.9506172839506166e-05	0.32129618525505066
273960	-3.148165	-1.269541	-0.679417	0.042931	0.321389	0.506913	-0.013444113312289119	2.6337448559670777e-05	0.3213871121406555
274080	-3.147900	-1.269304	-0.679507	0.042942	0.321459	0.506867	-0.013466934207826853	2.6337448559670777e-05	0.3214591443538666
274200	-3.147897	-1.269203	-0.680128	0.042942	0.321494	0.506552	-0.0134721209295094	3.9506172839506166e-05	0.3214924931526184
274320	-3.148046	-1.268865	-0.680464	0.042936	0.321644	0.506382	-0.013503394881263375	2.6337448559670777e-05	0.32164329290390015
274440	-3.148195	-1.268801	-0.679252	0.042930	0.321693	0.506996	-0.01351138693280518	1.7558299039780518e-05	0.3216928541660309
274560	-3.148094	-1.268591	-0.678881	0.042934	0.321793	0.507184	-0.013530769757926464	3.9506172839506166e-05	0.3217916786670685
274680	-3.149198	-1.268550	-0.678215	0.042886	0.321863	0.507522	-0.013537105079740286	3.9506172839506166e-05	0.3218628466129303
274800	-3.150139	-1.268403	-0.678168	0.042846	0.321949	0.507546	-0.013545861840248108	3.9506172839506166e-05	0.3219470977783203
274920	-3.149306	-1.268007	-0.678120	0.042882	0.322085	0.507570	-0.013580640638247132	3.9506172839506166e-05	0.3220837712287903
275040	-3.150290	-1.267475	-0.676518	0.042840	0.322298	0.508384	-0.013629203662276268	3.9506172839506166e-05	0.3222968578338623
275160	-3.150176	-1.267274	-0.676542	0.042845	0.322401	0.508372	-0.013649542490020395	2.6337448559670777e-05	0.3224010765552521
275280	-3.149285	-1.266880	-0.676634	0.042883	0.322520	0.508325	-0.013678789651021362	3.9506172839506166e-05	0.32251864671707153
275400	-3.148835	-1.266515	-0.676080	0.042902	0.322659	0.508607	-0.013719446584582328	2.6337448559670777e-05	0.3226592540740967
275520	-3.149388	-1.266175	-0.676010	0.042878	0.322796	0.508643	-0.013744186470285058	3.9506172839506166e-05	0.32279419898986816
275640	-3.147006	-1.265718	-0.675891	0.042981	0.322935	0.508703	-0.013788065547123552	1.7558299039780518e-05	0.3229345977306366
275760	-3.146914	-1.265343	-0.675716	0.042985	0.323080	0.508792	-0.01382213607430458	2.6337448559670777e-05	0.3230791389942169
275880	-3.146608	-1.265025	-0.674850	0.042998	0.323219	0.509233	-0.013848457532003523	2.6337448559670777e-05	0.3232167959213257
276000	-3.147694	-1.264474	-0.673412	0.042951	0.323480	0.509965	-0.013902446907013654	3.9506172839506166e-05	0.3234797716140747
276120	-3.147895	-1.264301	-0.674197	0.042942	0.323559	0.509565	-0.013917169673368335	2.6337448559670777e-05	0.32355797290802
276240	-3.148205	-1.264127	-0.672703	0.042929	0.323663	0.510327	-0.013931590225547552	1.7558299039780518e-05	0.3236621022224426
276360	-3.148123	-1.263927	-0.672527	0.042933	0.323758	0.510417	-0.013950175605714321	2.6337448559670777e-05	0.32375767827033997
276480	-3.147958	-1.263784	-0.672492	0.042940	0.323826	0.510435	-0.013963053980842233	1.1705532693187011e-05	0.3238256871700287
276600	-3.148148	-1.263577	-0.672036	0.042932	0.323924	0.510668	-0.013979005906730891	2.6337448559670777e-05	0.32392212748527527
276720	-3.148492	-1.263310	-0.671220	0.042917	0.324065	0.511085	-0.01400156426243484	3.9506172839506166e-05	0.3240634500980377
276840	-3.149525	-1.263163	-0.670669	0.042872	0.324141	0.511366	-0.014016735507175327	3.9506172839506166e-05	0.32414010167121887
276960	-3.149458	-1.262937	-0.671348	0.042875	0.324248	0.511019	-0.014039418753236532	1.7558299039780518e-05	0.32424789667129517
277080	-3.149843	-1.262795	-0.670035	0.042859	0.324314	0.511690	-0.014055512612685561	1.1705532693187011e-05	0.32431453466415405
277200	-3.149743	-1.262755	-0.669076	0.042863	0.324340	0.512182	-0.014060141751542687	3.9506172839506166e-05	0.3243413269519806
277320	-3.149501	-1.262507	-0.669028	0.042874	0.324447	0.512206	-0.014074431266635656	3.9506172839506166e-05	0.32444459199905396
277440	-3.148610	-1.262320	-0.668784	0.042912	0.324542	0.512331	-0.014094280311837792	3.9506172839506166e-05	0.3245398998260498
277560	-3.148272	-1.262272	-0.669119	0.042926	0.324589	0.512160	-0.014098977483808995	2.6337448559670777e-05	0.32458797097206116
277680	-3.150023	-1.262485	-0.668430	0.042851	0.324616	0.512513	-0.014080388471484184	3.9506172839506166e-05	0.32461482286453247
277800	-3.151030	-1.262473	-0.667385	0.042808	0.324700	0.513048	-0.01408276306465268	2.6337448559670777e-05	0.3246995210647583
277920	-3.151365	-1.262325	-0.666591	0.042794	0.324783	0.513456	-0.014096113434061409	3.9506172839506166e-05	0.3247830867767334
278040	-3.151326	-1.262124	-0.666737	0.042795	0.324886	0.513381	-0.014109636098146439	2.6337448559670777e-05	0.3248850405216217
278160	-3.151108	-1.261865	-0.666216	0.042805	0.324982	0.513649	-0.014131648000329733	3.9506172839506166e-05	0.3249797224998474
278280	-3.150554	-1.261488	-0.665523	0.042828	0.325124	0.514005	-0.014167908625677229	2.6337448559670777e-05	0.3251234292984009
278400	-3.151109	-1.261206	-0.666126	0.042805	0.325254	0.513695	-0.0141948985401541	2.6337448559670777e-05	0.3252529203891754
278520	-3.152126	-1.261112	-0.666745	0.042761	0.325343	0.513377	-0.014197523100301623	3.9506172839506166e-05	0.32534047961235046
278640	-3.152778	-1.261081	-0.667404	0.042733	0.325374	0.513039	-0.014205684000626207	2.6337448559670777e-05	0.3253729045391083
278760	-3.153324	-1.260957	-0.666741	0.042710	0.325472	0.513379	-0.014215578092262149	3.9506172839506166e-05	0.3254709541797638
278880	-3.153260	-1.260653	-0.666423	0.042713	0.325611	0.513542	-0.014242376619949936	2.6337448559670777e-05	0.32560959458351135
279000	-3.153235	-1.260600	-0.665143	0.042714	0.325637	0.514200	-0.014245284767821432	2.6337448559670777e-05	0.3256354033946991
279120	-3.152613	-1.260246	-0.665352	0.042740	0.325742	0.514092	-0.014281600574031472	2.6337448559670777e-05	0.32574212551116943
279240	-3.152354	-1.259986	-0.664682	0.042751	0.325863	0.514437	-0.014305250067263842	2.6337448559670777e-05	0.325862854719162
279360	-3.151679	-1.259662	-0.663711	0.042780	0.326001	0.514937	-0.014328546309843659	2.6337448559670777e-05	0.32599976658821106
279480	-3.151415	-1.259487	-0.663812	0.042792	0.326086	0.514885	-0.014350177720189095	3.9506172839506166e-05	0.32608547806739807
279600	-3.151336	-1.259165	-0.662620	0.042795	0.326239	0.515499	-0.01436832221224904	1.7558299039780518e-05	0.32623612880706787
279720	-3.152008	-1.259046	-0.662008	0.042766	0.326295	0.515814	-0.014390939474105835	3.9506172839506166e-05	0.3262947201728821
279840	-3.153518	-1.259160	-0.661867	0.042702	0.326286	0.515887	-0.014382276684045792	3.9506172839506166e-05	0.32628709077835083
279960	-3.153711	-1.259278	-0.661852	0.042693	0.326287	0.515895	-0.014369581965729595	1.7558299039780518e-05	0.32628729939460754
280080	-3.154416	-1.259030	-0.661696	0.042663	0.326387	0.515975	-0.014387388061732054	2.6337448559670777e-05	0.3263850808143616
280200	-3.154416	-1.258953	-0.660342	0.042663	0.326454	0.516675	-0.014400178845971823	3.9506172839506166e-05	0.3264544606208801
280320	-3.154882	-1.258604	-0.658722	0.042643	0.326627	0.517512	-0.014427377237007022	2.6337448559670777e-05	0.32662540674209595
280440	-3.154434	-1.258019	-0.659165	0.042663	0.326821	0.517283	-0.01447906382381916	3.9506172839506166e-05	0.32682004570961
280560	-3.155566	-1.257868	-0.659436	0.042614	0.326899	0.517143	-0.01449265582486987	3.9506172839506166e-05	0.3268980085849762
280680	-3.156245	-1.257535	-0.660058	0.042585	0.327063	0.516822	-0.014523964934051036	3.9506172839506166e-05	0.32706108689308167
280800	-3.157020	-1.257152	-0.660106	0.042552	0.327229	0.516797	-0.014558954257518053	3.9506172839506166e-05	0.32722795009613037
280920	-3.158174	-1.256992	-0.660925	0.042503	0.327309	0.516373	-0.014570102049037813	2.6337448559670777e-05	0.32730793952941895
281040	-3.158662	-1.256485	-0.660835	0.042483	0.327512	0.516420	-0.014613098278641701	3.9506172839506166e-05	0.32750871777534485
281160	-3.158400	-1.256213	-0.659394	0.042494	0.327659	0.517165	-0.014642976503819228	3.9506172839506166e-05	0.3276580274105072
281280	-3.159475	-1.256101	-0.658396	0.042448	0.327742	0.517681	-0.014654102176427842	3.9506172839506166e-05	0.32774195075035095
281400	-3.160269	-1.255988	-0.657194	0.042414	0.327820	0.518303	-0.01466578166000545	3.9506172839506166e-05	0.3278193175792694
281520	-3.160117	-1.255642	-0.657276	0.042421	0.327964	0.518261	-0.014694034308195113	3.9506172839506166e-05	0.3279622793197632
281640	-3.160972	-1.255648	-0.656423	0.042385	0.328047	0.518704	-0.014696761593222618	3.9506172839506166e-05	0.3280457556247711
281760	-3.160537	-1.255559	-0.656004	0.042403	0.328111	0.518921	-0.014702431159093976	2.6337448559670777e-05	0.32811009883880615
281880	-3.159336	-1.255397	-0.655580	0.042454	0.328169	0.519141	-0.01471443329937756	1.7558299039780518e-05	0.3281686007976532
282000	-3.159050	-1.255232	-0.655848	0.042466	0.328218	0.519002	-0.014729839842766523	3.9506172839506166e-05	0.328216552734375
282120	-3.159822	-1.255026	-0.655577	0.042433	0.328331	0.519143	-0.01474614259786904	3.9506172839506166e-05	0.3283279836177826
282240	-3.160633	-1.255186	-0.655167	0.042399	0.328356	0.519355	-0.01473876372911036	2.6337448559670777e-05	0.32835641503334045
282360	-3.160674	-1.255050	-0.654615	0.042397	0.328431	0.519642	-0.014746496919542551	2.6337448559670777e-05	0.32842957973480225
282480	-3.160037	-1.254899	-0.655120	0.042424	0.328496	0.519380	-0.014763001957908273	2.6337448559670777e-05	0.32849541306495667
282600	-3.159079	-1.254534	-0.655268	0.042465	0.328614	0.519303	-0.01479452415369451	3.9506172839506166e-05	0.32861289381980896
282720	-3.158785	-1.254292	-0.654389	0.042477	0.328726	0.519760	-0.014815842267125845	2.6337448559670777e-05	0.32872503995895386
282840	-3.159467	-1.254116	-0.654593	0.042448	0.328836	0.519654	-0.014833168871700764	3.9506172839506166e-05	0.3288358449935913
282960	-3.159567	-1.253638	-0.653591	0.042444	0.329050	0.520174	-0.014876667596399783	3.9506172839506166e-05	0.3290492594242096
283080	-3.159114	-1.253182	-0.653196	0.042463	0.329213	0.520380	-0.014914622157812118	3.9506172839506166e-05	0.3292112648487091
283200	-3.157958	-1.253043	-0.651978	0.042512	0.329333	0.521014	-0.014932463690638543	2.6337448559670777e-05	0.3293333053588867
283320	-3.157546	-1.252949	-0.651848	0.042530	0.329395	0.521082	-0.01493677282705903	1.7558299039780518e-05	0.3293945789337158
283440	-3.157763	-1.252839	-0.652474	0.042521	0.329457	0.520756	-0.014946871483698488	3.9506172839506166e-05	0.32945510745048523
283560	-3.158353	-1.252730	-0.651304	0.042496	0.329562	0.521365	-0.014958984823897481	3.9506172839506166e-05	0.32956233620643616
283680	-3.159648	-1.252426	-0.650635	0.042441	0.329703	0.521714	-0.014982386166229844	3.9506172839506166e-05	0.3297008275985718
283800	-3.159651	-1.252075	-0.650219	0.042441	0.329852	0.521931	-0.015015772264450788	1.7558299039780518e-05	0.32985082268714905
283920	-3.159288	-1.251552	-0.649082	0.042456	0.330075	0.522525	-0.01506302529014647	3.9506172839506166e-05	0.3300739824771881
284040	-3.159551	-1.251357	-0.648770	0.042445	0.330179	0.522688	-0.015077442955225706	3.9506172839506166e-05	0.33017706871032715
284160	-3.160801	-1.251219	-0.648526	0.042392	0.330283	0.522816	-0.015091933915391565	1.7558299039780518e-05	0.3302820324897766
284280	-3.160769	-1.251176	-0.648156	0.042393	0.330363	0.523009	-0.015095871035009622	3.9506172839506166e-05	0.3303619623184204
284400	-3.160908	-1.250966	-0.647049	0.042387	0.330503	0.523588	-0.015117117622867226	2.6337448559670777e-05	0.33050161600112915
284520	-3.160099	-1.250804	-0.647232	0.042422	0.330578	0.523493	-0.015130318887531757	2.6337448559670777e-05	0.33057719469070435
284640	-3.158907	-1.250605	-0.647956	0.042472	0.330630	0.523114	-0.015150643093511463	2.6337448559670777e-05	0.3306299149990082
284760	-3.158016	-1.250219	-0.646633	0.042510	0.330772	0.523807	-0.015183214750140905	2.6337448559670777e-05	0.3307707905769348
284880	-3.159159	-1.250064	-0.646190	0.042461	0.330892	0.524039	-0.015200173296034337	2.6337448559670777e-05	0.3308923542499542
285000	-3.158960	-1.250015	-0.646331	0.042470	0.330914	0.523965	-0.015206295344978572	3.9506172839506166e-05	0.33091509342193604
285120	-3.160101	-1.249873	-0.645517	0.042421	0.331016	0.524392	-0.015211139526218175	2.6337448559670777e-05	0.3310132622718811
285240	-3.162977	-1.249829	-0.644645	0.042300	0.331113	0.524849	-0.015218223491683603	2.6337448559670777e-05	0.3311131000518799
285360	-3.163338	-1.249472	-0.643234	0.042284	0.331262	0.525590	-0.015248851245269179	2.6337448559670777e-05	0.331260085105896
285480	-3.163862	-1.249119	-0.642484	0.042262	0.331460	0.525984	-0.015282089170068503	2.6337448559670777e-05	0.3314584791660309
285600	-3.164644	-1.249050	-0.642493	0.042229	0.331531	0.525980	-0.015291773062199355	3.9506172839506166e-05	0.3315303921699524
285720	-3.164943	-1.248581	-0.641614	0.042217	0.331734	0.526442	-0.015327120060101151	2.6337448559670777e-05	0.3317324221134186
285840	-3.165479	-1.248423	-0.639735	0.042194	0.331839	0.527432	-0.015343698998913169	2.6337448559670777e-05	0.33183786273002625
285960	-3.165137	-1.248073	-0.638542	0.042208	0.331998	0.528062	-0.015376309026032686	2.6337448559670777e-05	0.3319970667362213
286080	-3.165133	-1.247913	-0.637898	0.042209	0.332087	0.528402	-0.015392042137682438	2.6337448559670777e-05	0.3320876359939575
286200	-3.165257	-1.247651	-0.636807	0.042203	0.332208	0.528979	-0.015412239776924252	2.6337448559670777e-05	0.3322058320045471
286320	-3.165506	-1.247518	-0.635633	0.042193	0.332317	0.529600	-0.015430100448429584	2.6337448559670777e-05	0.33231738209724426
286440	-3.165376	-1.247313	-0.634013	0.042198	0.332408	0.530459	-0.015444780932739377	3.9506172839506166e-05	0.33240729570388794
286560	-3.165537	-1.247059	-0.633327	0.042191	0.332527	0.530823	-0.015471342392265797	2.6337448559670777e-05	0.33252811431884766
286680	-3.165596	-1.246937	-0.634089	0.042189	0.332580	0.530419	-0.015476543316617608	3.9506172839506166e-05	0.3325788378715515
286800	-3.165526	-1.246652	-0.634124	0.042192	0.332692	0.530400	-0.015501598035916686	2.6337448559670777e-05	0.33268991112709045
286920	-3.165769	-1.246411	-0.633836	0.042182	0.332794	0.530553	-0.015522973705083131	2.6337448559670777e-05	0.33279186487197876
287040	-3.165688	-1.246284	-0.633657	0.042185	0.332873	0.530647	-0.015536733902990818	3.9506172839506166e-05	0.3328722417354584
287160	-3.164534	-1.246089	-0.633203	0.042234	0.332931	0.530888	-0.015553422039374709	2.6337448559670777e-05	0.33292990922927856
287280	-3.164339	-1.245707	-0.633130	0.042242	0.333095	0.530927	-0.015584113541990519	2.6337448559670777e-05	0.3330923020839691
287400	-3.164119	-1.245584	-0.632829	0.042251	0.333161	0.531087	-0.015602508885785937	2.6337448559670777e-05	0.33316096663475037
287520	-3.164353	-1.245329	-0.632515	0.042241	0.333278	0.531254	-0.01562329577282071	1.1705532693187011e-05	0.33327776193618774
287640	-3.165078	-1.245260	-0.632868	0.042211	0.333357	0.531066	-0.01562986262142658	2.6337448559670777e-05	0.333356112241745
287760	-3.164606	-1.245156	-0.631502	0.042231	0.333453	0.531792	-0.01563865877687931	1.7558299039780518e-05	0.3334527909755707
287880	-3.163740	-1.244777	-0.630970	0.042267	0.333597	0.532076	-0.015674112644046546	1.7558299039780518e-05	0.3335970342159271
288000	-3.163825	-1.244506	-0.630963	0.042264	0.333729	0.532079	-0.015695992019027473	2.6337448559670777e-05	0.3337276875972748
288120	-3.163486	-1.244097	-0.629949	0.042278	0.333902	0.532619	-0.015734234359115362	2.6337448559670777e-05	0.33390140533447266
288240	-3.163384	-1.244011	-0.629609	0.042282	0.333950	0.532800	-0.01574341906234622	2.6337448559670777e-05	0.3339494466781616
288360	-3.163720	-1.243786	-0.628215	0.042268	0.334087	0.533543	-0.015760166198015214	3.9506172839506166e-05	0.334085613489151
288480	-3.163203	-1.243508	-0.626661	0.042290	0.334198	0.534373	-0.015787752624601126	1.7558299039780518e-05	0.33419764041900635
288600	-3.162733	-1.243087	-0.626859	0.042310	0.334354	0.534267	-0.015819882694631814	3.9506172839506166e-05	0.33435094356536865
288720	-3.162371	-1.242842	-0.626267	0.042325	0.334479	0.534584	-0.01584439193829894	2.6337448559670777e-05	0.33447733521461487
288840	-3.161659	-1.242607	-0.625771	0.042355	0.334573	0.534849	-0.01586719583719969	1.7558299039780518e-05	0.33457106351852417
288960	-3.161133	-1.242207	-0.625155	0.042378	0.334756	0.535179	-0.015900882054120304	1.7558299039780518e-05	0.33475416898727417
289080	-3.160091	-1.241964	-0.625004	0.042422	0.334843	0.535259	-0.015919010061770676	3.9506172839506166e-05	0.3348395824432373
289200	-3.159130	-1.241528	-0.626400	0.042463	0.334995	0.534513	-0.015963547490537168	2.6337448559670777e-05	0.3349936902523041
289320	-3.159104	-1.241006	-0.624848	0.042464	0.335226	0.535343	-0.016012768168002366	1.7558299039780518e-05	0.3352263867855072
289440	-3.160342	-1.240640	-0.623817	0.042411	0.335431	0.535895	-0.016042600758373736	2.6337448559670777e-05	0.3354291021823883
289560	-3.160596	-1.240626	-0.623097	0.042400	0.335458	0.536281	-0.01604693103581667	2.6337448559670777e-05	0.3354581594467163
289680	-3.159628	-1.240525	-0.623082	0.042442	0.335488	0.536289	-0.016056970227509737	2.6337448559670777e-05	0.3354877829551697
289800	-3.158967	-1.240231	-0.623173	0.042470	0.335610	0.536240	-0.016082011815160512	2.6337448559670777e-05	0.3356096148490906
289920	-3.158487	-1.240198	-0.623544	0.042490	0.335632	0.536042	-0.01608684305101633	2.6337448559670777e-05	0.3356320858001709
290040	-3.158219	-1.239881	-0.623336	0.042501	0.335777	0.536153	-0.01611354826018214	2.6337448559670777e-05	0.3357761800289154
290160	-3.158161	-1.239914	-0.623627	0.042504	0.335762	0.535997	-0.01610948285087943	3.9506172839506166e-05	0.3357601463794708
290280	-3.158194	-1.239709	-0.622778	0.042502	0.335838	0.536452	-0.01613072957843542	3.9506172839506166e-05	0.3358374238014221
290400	-3.159274	-1.239242	-0.621082	0.042457	0.336059	0.537363	-0.0161712815053761	3.9506172839506166e-05	0.3360576927661896
290520	-3.158362	-1.238918	-0.620305	0.042495	0.336208	0.537780	-0.016198165621608494	2.6337448559670777e-05	0.3362068831920624
290640	-3.158653	-1.238605	-0.618678	0.042483	0.336386	0.538656	-0.016227382607758044	2.6337448559670777e-05	0.3363853394985199
290760	-3.158437	-1.238456	-0.618185	0.042492	0.336479	0.538922	-0.016243155393749476	2.6337448559670777e-05	0.33647897839546204
290880	-3.159033	-1.238415	-0.618945	0.042467	0.336537	0.538512	-0.016245403978973626	1.7558299039780518e-05	0.3365360498428345
291000	-3.159059	-1.238113	-0.618187	0.042466	0.336687	0.538921	-0.01627166010439396	2.6337448559670777e-05	0.3366865813732147
291120	-3.159348	-1.238150	-0.617714	0.042453	0.336711	0.539176	-0.016271735634654762	1.7558299039780518e-05	0.3367111384868622
291240	-3.158498	-1.237955	-0.617515	0.042490	0.336792	0.539283	-0.016287307906895875	3.9506172839506166e-05	0.3367917537689209
291360	-3.157851	-1.237959	-0.617454	0.042517	0.336783	0.539316	-0.016286931373178958	3.9506172839506166e-05	0.33678168058395386
291480	-3.157596	-1.237794	-0.617401	0.042528	0.336837	0.539344	-0.016296746861189603	3.9506172839506166e-05	0.3368350863456726
291600	-3.157005	-1.237402	-0.617472	0.042553	0.336984	0.539306	-0.01633094623684883	2.6337448559670777e-05	0.33698105812072754
291720	-3.157007	-1.237215	-0.616841	0.042553	0.337087	0.539646	-0.016350210923701525	2.6337448559670777e-05	0.3370843231678009
291840	-3.156646	-1.236984	-0.615881	0.042568	0.337199	0.540165	-0.016372846625745296	3.9506172839506166e-05	0.33719679713249207
291960	-3.157518	-1.236751	-0.615671	0.042531	0.337296	0.540278	-0.016398410219699143	2.6337448559670777e-05	0.33729711174964905
292080	-3.158053	-1.236512	-0.615600	0.042508	0.337388	0.540316	-0.016416569985449315	2.6337448559670777e-05	0.33738771080970764
292200	-3.158117	-1.236372	-0.615013	0.042506	0.337470	0.540634	-0.01642682133242488	3.9506172839506166e-05	0.33746814727783203
292320	-3.157389	-1.236061	-0.614499	0.042537	0.337597	0.540912	-0.016456245444715023	2.6337448559670777e-05	0.3375955820083618
292440	-3.157043	-1.235681	-0.614425	0.042551	0.337751	0.540952	-0.016488143987953664	3.9506172839506166e-05	0.337747722864151
292560	-3.157434	-1.235603	-0.613106	0.042535	0.337855	0.541666	-0.016493859328329565	3.9506172839506166e-05	0.33785176277160645
292680	-3.157238	-1.235395	-0.613137	0.042543	0.337968	0.541649	-0.016516614984720946	3.9506172839506166e-05	0.3379661738872528
292800	-3.156726	-1.235112	-0.611580	0.042565	0.338107	0.542493	-0.016538798250257968	2.6337448559670777e-05	0.33810439705848694
292920	-3.156637	-1.234826	-0.610669	0.042569	0.338245	0.542987	-0.016569563001394273	2.6337448559670777e-05	0.3382442593574524
293040	-3.157042	-1.234505	-0.610358	0.042551	0.338396	0.543156	-0.016595845576375723	1.7558299039780518e-05	0.3383941948413849
293160	-3.157010	-1.234468	-0.610161	0.042553	0.338435	0.543263	-0.016598179750144482	2.6337448559670777e-05	0.33843380212783813
293280	-3.157128	-1.234168	-0.608445	0.042548	0.338592	0.544196	-0.0166306272149086	3.9506172839506166e-05	0.33859291672706604
293400	-3.157943	-1.234004	-0.608587	0.042513	0.338683	0.544119	-0.016642126347869636	2.6337448559670777e-05	0.3386821150779724
293520	-3.159039	-1.233879	-0.607535	0.042467	0.338782	0.544692	-0.01665686732158065	2.6337448559670777e-05	0.33878281712532043
293640	-3.158470	-1.233665	-0.606834	0.042491	0.338869	0.545074	-0.01667214874178171	2.6337448559670777e-05	0.3388679325580597
293760	-3.158299	-1.233552	-0.606587	0.042498	0.338937	0.545209	-0.016684002056717873	2.6337448559670777e-05	0.33893656730651855
293880	-3.157776	-1.233408	-0.606021	0.042520	0.338979	0.545517	-0.016696693003177644	2.6337448559670777e-05	0.3389778733253479
294000	-3.158344	-1.233325	-0.605145	0.042496	0.339067	0.545995	-0.016705602779984473	2.6337448559670777e-05	0.3390672504901886
294120	-3.158381	-1.232817	-0.604585	0.042495	0.339312	0.546301	-0.016746465861797333	3.9506172839506166e-05	0.33930960297584534
294240	-3.157889	-1.232609	-0.602978	0.042515	0.339465	0.547180	-0.01676489245146513	2.6337448559670777e-05	0.3394632637500763
294360	-3.158679	-1.232515	-0.602965	0.042482	0.339534	0.547187	-0.016776909958571194	3.9506172839506166e-05	0.33953234553337097
294480	-3.158765	-1.232203	-0.602633	0.042478	0.339710	0.547368	-0.01679874174296856	2.6337448559670777e-05	0.33970656991004944
294600	-3.159814	-1.232441	-0.602807	0.042434	0.339675	0.547273	-0.016785211954265834	1.7558299039780518e-05	0.3396749794483185
294720	-3.159712	-1.232342	-0.601554	0.042438	0.339772	0.547959	-0.016793267335742712	2.6337448559670777e-05	0.33977118134498596
294840	-3.159442	-1.232001	-0.601161	0.042449	0.339943	0.548175	-0.016821271739900112	2.6337448559670777e-05	0.33994194865226746
294960	-3.160791	-1.232068	-0.601240	0.042392	0.339988	0.548132	-0.016814689710736276	3.9506172839506166e-05	0.33998605608940125
295080	-3.161377	-1.231797	-0.601075	0.042367	0.340147	0.548222	-0.016837186366319656	3.9506172839506166e-05	0.3401437997817993
295200	-3.160666	-1.231239	-0.599853	0.042397	0.340380	0.548892	-0.016888089943677187	3.9506172839506166e-05	0.34037843346595764
295320	-3.160756	-1.231319	-0.599677	0.042394	0.340385	0.548989	-0.01688535641878843	1.7558299039780518e-05	0.34038424491882324
295440	-3.160940	-1.231249	-0.598915	0.042386	0.340442	0.549407	-0.01688981307670474	2.6337448559670777e-05	0.3404404819011688
295560	-3.161074	-1.230811	-0.597521	0.042380	0.340643	0.550174	-0.01692616268992424	1.7558299039780518e-05	0.3406417667865753
295680	-3.160649	-1.230727	-0.596852	0.042398	0.340685	0.550542	-0.016937047149986027	3.9506172839506166e-05	0.34068357944488525
295800	-3.160772	-1.230737	-0.596225	0.042393	0.340754	0.550887	-0.016936229541897774	1.7558299039780518e-05	0.3407525420188904
295920	-3.161150	-1.230450	-0.595716	0.042377	0.340934	0.551168	-0.016959826182574033	2.6337448559670777e-05	0.34093043208122253
296040	-3.161927	-1.230252	-0.595091	0.042344	0.341085	0.551513	-0.01698009166866541	2.6337448559670777e-05	0.3410838544368744
296160	-3.161844	-1.229990	-0.594370	0.042348	0.341211	0.551910	-0.017002974450588227	2.6337448559670777e-05	0.3412094712257385
296280	-3.161055	-1.229953	-0.594834	0.042381	0.341221	0.551654	-0.017006273847073317	1.7558299039780518e-05	0.34122034907341003
296400	-3.160831	-1.229928	-0.594621	0.042390	0.341259	0.551772	-0.01700682882219553	2.6337448559670777e-05	0.34125739336013794
296520	-3.161171	-1.229516	-0.593845	0.042376	0.341433	0.552200	-0.01704439492896199	2.6337448559670777e-05	0.34143194556236267
296640	-3.160987	-1.229544	-0.593147	0.042384	0.341468	0.552586	-0.017045010905712844	1.7558299039780518e-05	0.3414670526981354
296760	-3.161188	-1.229470	-0.592634	0.042375	0.341557	0.552869	-0.017050511483103038	3.9506172839506166e-05	0.3415569067001343
296880	-3.161510	-1.229165	-0.591202	0.042362	0.341730	0.553661	-0.017079800367355347	3.9506172839506166e-05	0.34172937273979187
297000	-3.162521	-1.229117	-0.591579	0.042319	0.341828	0.553453	-0.017085244972258808	5.925925925925925e-05	0.3418283462524414
297120	-3.162065	-1.228909	-0.590540	0.042338	0.341943	0.554028	-0.017100439220666886	2.6337448559670777e-05	0.34194129705429077
297240	-3.162391	-1.228745	-0.590389	0.042324	0.342025	0.554112	-0.017119171284139156	1.7558299039780518e-05	0.3420253098011017
297360	-3.162156	-1.228410	-0.589918	0.042334	0.342176	0.554373	-0.017143117263913155	2.6337448559670777e-05	0.34217390418052673
297480	-3.162133	-1.228150	-0.590286	0.042335	0.342287	0.554169	-0.017170640733093025	3.9506172839506166e-05	0.3422878086566925
297600	-3.162093	-1.227962	-0.590239	0.042337	0.342397	0.554195	-0.017187754157930613	1.7558299039780518e-05	0.3423967659473419
297720	-3.162112	-1.227687	-0.590234	0.042336	0.342524	0.554198	-0.01721202665939927	3.9506172839506166e-05	0.3425227999687195
297840	-3.161497	-1.227483	-0.589943	0.042362	0.342619	0.554359	-0.017230553645640613	2.6337448559670777e-05	0.3426174819469452
297960	-3.162316	-1.227386	-0.589474	0.042328	0.342734	0.554619	-0.017239130102097988	2.6337448559670777e-05	0.34273335337638855
298080	-3.161974	-1.227170	-0.589523	0.042342	0.342855	0.554592	-0.017254473827779292	3.9506172839506166e-05	0.34285348653793335
298200	-3.161646	-1.227139	-0.589247	0.042356	0.342911	0.554745	-0.01726065669208765	2.6337448559670777e-05	0.34291014075279236
298320	-3.160940	-1.226774	-0.588286	0.042386	0.343077	0.555278	-0.017286686785519124	3.9506172839506166e-05	0.3430735170841217
298440	-3.160337	-1.226386	-0.587348	0.042411	0.343226	0.555800	-0.017327148746699095	1.7558299039780518e-05	0.3432249426841736
298560	-3.160378	-1.226312	-0.586420	0.042410	0.343283	0.556315	-0.01733404118567705	2.6337448559670777e-05	0.34328246116638184
298680	-3.159530	-1.225980	-0.586445	0.042446	0.343422	0.556301	-0.017364810593426226	3.9506172839506166e-05	0.34342190623283386
298800	-3.159209	-1.225753	-0.585650	0.042459	0.343537	0.556744	-0.017382334917783737	2.6337448559670777e-05	0.3435356616973877
298920	-3.159752	-1.225540	-0.584838	0.042436	0.343643	0.557196	-0.017406559828668833	2.6337448559670777e-05	0.3436439335346222
299040	-3.159816	-1.225237	-0.584110	0.042434	0.343785	0.557602	-0.017429171502590178	2.6337448559670777e-05	0.34378373622894287
299160	-3.159617	-1.224852	-0.582996	0.042442	0.343934	0.558223	-0.017462820187211035	2.6337448559670777e-05	0.34393230080604553
299280	-3.158842	-1.224411	-0.582449	0.042475	0.344158	0.558529	-0.01750237923115492	1.7558299039780518e-05	0.34415677189826965
299400	-3.159443	-1.224405	-0.582580	0.042449	0.344215	0.558456	-0.017506385687738657	2.6337448559670777e-05	0.3442136347293854
299520	-3.159687	-1.224172	-0.582840	0.042439	0.344342	0.558311	-0.017525572050362825	3.9506172839506166e-05	0.34434014558792114
299640	-3.160166	-1.224079	-0.582398	0.042419	0.344418	0.558557	-0.017537658289074897	2.6337448559670777e-05	0.34441831707954407
299760	-3.158967	-1.223726	-0.582293	0.042470	0.344551	0.558616	-0.01756650870665908	3.9506172839506166e-05	0.34455037117004395
299880	-3.158296	-1.223665	-0.582977	0.042498	0.344564	0.558234	-0.017571472842246295	3.9506172839506166e-05	0.3445625305175781
300000	-3.156979	-1.223276	-0.583083	0.042554	0.344720	0.558175	-0.01760607259348035	2.6337448559670777e-05	0.3447185456752777
300120	-3.157014	-1.222911	-0.582135	0.042553	0.344884	0.558704	-0.017639647983014584	2.6337448559670777e-05	0.34488311409950256
300240	-3.156943	-1.222635	-0.581453	0.042556	0.345009	0.559085	-0.0176683665253222	2.6337448559670777e-05	0.34500980377197266
300360	-3.157333	-1.222266	-0.581217	0.042539	0.345185	0.559217	-0.017698138020932674	2.6337448559670777e-05	0.3451833724975586
300480	-3.157003	-1.221771	-0.581543	0.042553	0.345372	0.559035	-0.017742442712187768	1.7558299039780518e-05	0.34537023305892944
300600	-3.157358	-1.221401	-0.580940	0.042538	0.345521	0.559372	-0.017774267587810755	2.6337448559670777e-05	0.3455190360546112
300720	-3.157528	-1.221122	-0.581112	0.042531	0.345645	0.559276	-0.017799947038292886	2.6337448559670777e-05	0.3456425368785858
300840	-3.157198	-1.220625	-0.580217	0.042545	0.345854	0.559777	-0.017844132985919713	2.6337448559670777e-05	0.3458515405654907
300960	-3.156337	-1.219930	-0.578942	0.042581	0.346131	0.560491	-0.017903395183384418	2.6337448559670777e-05	0.34612876176834106
301080	-3.155068	-1.219330	-0.578548	0.042635	0.346359	0.560712	-0.017958091106265783	3.9506172839506166e-05	0.3463555872440338
301200	-3.155233	-1.219203	-0.578408	0.042628	0.346432	0.560790	-0.017976001556962728	1.7558299039780518e-05	0.346431702375412
301320	-3.155673	-1.218926	-0.577103	0.042610	0.346536	0.561523	-0.017994224838912488	3.9506172839506166e-05	0.3465329706668854
301440	-3.156526	-1.218427	-0.575912	0.042573	0.346760	0.562192	-0.018038993515074254	3.9506172839506166e-05	0.34675660729408264
301560	-3.156559	-1.217885	-0.574416	0.042572	0.346981	0.563034	-0.01809358624741435	2.6337448559670777e-05	0.3469802737236023
301680	-3.155532	-1.217573	-0.574287	0.042616	0.347086	0.563106	-0.018120120745152235	1.7558299039780518e-05	0.34708476066589355
301800	-3.155190	-1.217237	-0.574078	0.042630	0.347204	0.563224	-0.018147663306444885	3.9506172839506166e-05	0.34720173478126526
301920	-3.156125	-1.216726	-0.573457	0.042590	0.347419	0.563574	-0.018193683121353388	3.9506172839506166e-05	0.34741732478141785
302040	-3.155948	-1.216387	-0.573524	0.042598	0.347555	0.563536	-0.018227875512093306	1.7558299039780518e-05	0.3475545048713684
302160	-3.155723	-1.215943	-0.572324	0.042608	0.347747	0.564213	-0.018259831797331573	1.7558299039780518e-05	0.34774357080459595
302280	-3.155834	-1.215489	-0.571469	0.042603	0.347921	0.564695	-0.018306343629956246	2.6337448559670777e-05	0.3479195237159729
302400	-3.155283	-1.214940	-0.571398	0.042626	0.348115	0.564735	-0.018353614211082458	2.6337448559670777e-05	0.34811288118362427
302520	-3.155517	-1.214673	-0.571034	0.042616	0.348236	0.564941	-0.01838184939697385	2.6337448559670777e-05	0.3482353091239929
302640	-3.155018	-1.214121	-0.570700	0.042638	0.348433	0.565130	-0.01842870218679309	2.6337448559670777e-05	0.34843093156814575
302760	-3.154878	-1.213977	-0.570394	0.042644	0.348516	0.565303	-0.018442876264452936	3.9506172839506166e-05	0.34851449728012085
302880	-3.154626	-1.213471	-0.569749	0.042654	0.348724	0.565667	-0.018488074466586114	3.9506172839506166e-05	0.3487224280834198
303000	-3.154779	-1.213104	-0.570265	0.042648	0.348876	0.565376	-0.018522961903363465	2.6337448559670777e-05	0.3488748073577881
303120	-3.154917	-1.212657	-0.569072	0.042642	0.349086	0.566050	-0.018563493993133305	3.9506172839506166e-05	0.34908345341682434
303240	-3.155398	-1.212109	-0.567486	0.042621	0.349312	0.566949	-0.018607091438025237	3.9506172839506166e-05	0.34930935502052307
303360	-3.156090	-1.212066	-0.566491	0.042592	0.349379	0.567514	-0.018624253291636705	3.9506172839506166e-05	0.3493805527687073
303480	-3.155261	-1.211604	-0.566016	0.042627	0.349552	0.567783	-0.018653250485658645	2.6337448559670777e-05	0.34954893589019775
303600	-3.155116	-1.211503	-0.565357	0.042633	0.349636	0.568157	-0.018667621724307536	2.6337448559670777e-05	0.34963417053222656
303720	-3.155077	-1.211264	-0.564223	0.042635	0.349777	0.568802	-0.01868254439905286	1.7558299039780518e-05	0.3497747778892517
303840	-3.154450	-1.210630	-0.563650	0.042662	0.350029	0.569128	-0.018741141166538	2.6337448559670777e-05	0.35002651810646057
303960	-3.154865	-1.210241	-0.562974	0.042644	0.350203	0.569513	-0.01878155432641506	2.6337448559670777e-05	0.35020217299461365
304080	-3.154850	-1.209928	-0.562655	0.042645	0.350353	0.569695	-0.018804749939590693	3.9506172839506166e-05	0.3503498136997223
304200	-3.153401	-1.209357	-0.560759	0.042707	0.350542	0.570776	-0.018858314771205188	2.6337448559670777e-05	0.3505408763885498
304320	-3.153211	-1.209128	-0.560415	0.042715	0.350652	0.570972	-0.018878693506121636	2.6337448559670777e-05	0.350650429725647
304440	-3.153274	-1.208561	-0.559105	0.042712	0.350869	0.571720	-0.01893117856234312	1.7558299039780518e-05	0.3508690893650055
304560	-3.152878	-1.208203	-0.559528	0.042729	0.350979	0.571478	-0.0189625795930624	3.9506172839506166e-05	0.35097843408584595
304680	-3.152538	-1.207885	-0.559333	0.042744	0.351096	0.571590	-0.01898612789809704	3.9506172839506166e-05	0.351093053817749
304800	-3.151100	-1.207699	-0.559099	0.042805	0.351179	0.571724	-0.019008116144686938	1.7558299039780518e-05	0.35117828845977783
304920	-3.151732	-1.207475	-0.558749	0.042778	0.351321	0.571924	-0.019030544441193342	2.6337448559670777e-05	0.35132142901420593
305040	-3.151618	-1.207116	-0.557901	0.042783	0.351462	0.572409	-0.01906293174251914	2.6337448559670777e-05	0.3514607846736908
305160	-3.151855	-1.206833	-0.557314	0.042773	0.351616	0.572745	-0.019086523726582528	1.7558299039780518e-05	0.3516143262386322
305280	-3.151168	-1.206319	-0.557413	0.042802	0.351808	0.572689	-0.019125251471996306	3.9506172839506166e-05	0.351803719997406
305400	-3.150749	-1.205734	-0.556663	0.042820	0.352008	0.573119	-0.01918310336768627	2.6337448559670777e-05	0.35200607776641846
305520	-3.151560	-1.205160	-0.555111	0.042785	0.352272	0.574009	-0.019235765002667903	2.6337448559670777e-05	0.35227063298225403
305640	-3.151589	-1.204913	-0.554212	0.042784	0.352379	0.574525	-0.019260692596435546	2.6337448559670777e-05	0.35237863659858704
305760	-3.151718	-1.204449	-0.553318	0.042779	0.352562	0.575039	-0.01929846527054906	3.9506172839506166e-05	0.35255929827690125
305880	-3.152434	-1.204099	-0.552377	0.042748	0.352734	0.575580	-0.019328527711331846	2.6337448559670777e-05	0.35273078083992004
306000	-3.152562	-1.203639	-0.551214	0.042742	0.352909	0.576250	-0.01937595596536994	2.6337448559670777e-05	0.3529091477394104
306120	-3.153604	-1.203591	-0.550660	0.042698	0.352957	0.576569	-0.01938327495008707	3.9506172839506166e-05	0.35295727849006653
306240	-3.153311	-1.203226	-0.549890	0.042710	0.353108	0.577013	-0.019413007143884897	1.7558299039780518e-05	0.35310760140419006
306360	-3.154133	-1.202967	-0.549594	0.042675	0.353244	0.577184	-0.019435849227011203	2.6337448559670777e-05	0.35324332118034363
306480	-3.154737	-1.202546	-0.548550	0.042650	0.353426	0.577787	-0.019472958333790303	2.6337448559670777e-05	0.35342398285865784
306600	-3.154403	-1.202149	-0.548323	0.042664	0.353621	0.577918	-0.019509354047477244	3.9506172839506166e-05	0.3536195456981659
306720	-3.154134	-1.201833	-0.547822	0.042675	0.353760	0.578208	-0.019536368176341058	1.7558299039780518e-05	0.3537589907646179
306840	-3.154279	-1.201576	-0.546819	0.042669	0.353877	0.578788	-0.019562013912945986	2.6337448559670777e-05	0.35387688875198364
306960	-3.153782	-1.201312	-0.546222	0.042690	0.354001	0.579134	-0.019582298398017884	2.6337448559670777e-05	0.3539991080760956
307080	-3.153842	-1.201231	-0.546240	0.042688	0.354043	0.579123	-0.019592754542827606	2.6337448559670777e-05	0.35404279828071594
307200	-3.152405	-1.200681	-0.545752	0.042749	0.354223	0.579406	-0.019639211148023604	2.6337448559670777e-05	0.3542226254940033
307320	-3.152294	-1.200395	-0.544739	0.042754	0.354325	0.579993	-0.01966506624594331	2.6337448559670777e-05	0.3543241322040558
307440	-3.152128	-1.200115	-0.543531	0.042761	0.354437	0.580694	-0.019689315930008888	3.9506172839506166e-05	0.3544349670410156
307560	-3.152211	-1.199812	-0.542397	0.042757	0.354574	0.581353	-0.01971958056092262	2.6337448559670777e-05	0.35457301139831543
307680	-3.152293	-1.199454	-0.542147	0.042754	0.354715	0.581499	-0.019748176168650388	1.1705532693187011e-05	0.3547140061855316
307800	-3.152449	-1.199245	-0.541733	0.042747	0.354814	0.581739	-0.019770232774317265	2.6337448559670777e-05	0.3548136055469513
307920	-3.152852	-1.198936	-0.541059	0.042730	0.354963	0.582131	-0.019796477723866703	2.6337448559670777e-05	0.354961633682251
308040	-3.151148	-1.198540	-0.540904	0.042803	0.355133	0.582222	-0.019831722229719163	2.6337448559670777e-05	0.35513100028038025
308160	-3.153027	-1.198327	-0.540231	0.042723	0.355255	0.582614	-0.019851425569504498	3.9506172839506166e-05	0.35525423288345337
308280	-3.152799	-1.197855	-0.539347	0.042732	0.355458	0.583129	-0.019892219826579093	3.9506172839506166e-05	0.3554553687572479
308400	-3.153299	-1.197536	-0.540310	0.042711	0.355595	0.582567	-0.01992440866306424	3.9506172839506166e-05	0.3555936813354492
308520	-3.153595	-1.197261	-0.540292	0.042698	0.355719	0.582578	-0.01994752315804362	3.9506172839506166e-05	0.3557172417640686
308640	-3.153566	-1.196982	-0.539602	0.042700	0.355848	0.582980	-0.019968461617827414	3.9506172839506166e-05	0.35584378242492676
308760	-3.152950	-1.196620	-0.539639	0.042726	0.356005	0.582958	-0.02000356651842594	2.6337448559670777e-05	0.356002539396286
308880	-3.153001	-1.196370	-0.538721	0.042724	0.356144	0.583494	-0.020027827937155962	2.6337448559670777e-05	0.35614219307899475
309000	-3.153058	-1.196166	-0.537840	0.042721	0.356261	0.584008	-0.02005105745047331	2.6337448559670777e-05	0.3562619388103485
309120	-3.153496	-1.195973	-0.536466	0.042703	0.356373	0.584811	-0.020065402332693338	3.9506172839506166e-05	0.35637152194976807
309240	-3.153857	-1.195635	-0.535254	0.042687	0.356566	0.585521	-0.020096144266426565	2.6337448559670777e-05	0.35656559467315674
309360	-3.153280	-1.195062	-0.534141	0.042712	0.356790	0.586172	-0.02014028001576662	3.9506172839506166e-05	0.35678762197494507
309480	-3.153980	-1.194851	-0.534197	0.042682	0.356887	0.586140	-0.020166362170130014	2.6337448559670777e-05	0.35688596963882446
309600	-3.154251	-1.194427	-0.533659	0.042670	0.357052	0.586455	-0.020199631433933975	3.9506172839506166e-05	0.35705050826072693
309720	-3.155152	-1.194222	-0.534189	0.042632	0.357130	0.586144	-0.020224925223737956	3.9506172839506166e-05	0.357129842042923
309840	-3.155115	-1.194013	-0.533384	0.042633	0.357284	0.586617	-0.020245612505823372	3.9506172839506166e-05	0.35728374123573303
309960	-3.154848	-1.193539	-0.531754	0.042645	0.357498	0.587573	-0.020282422564923762	3.9506172839506166e-05	0.3574964106082916
310080	-3.156079	-1.193182	-0.530911	0.042592	0.357677	0.588069	-0.02031608121469617	2.6337448559670777e-05	0.3576758801937103
310200	-3.156735	-1.192809	-0.529956	0.042564	0.357887	0.588631	-0.020346446335315703	2.6337448559670777e-05	0.3578842580318451
310320	-3.155396	-1.192049	-0.528692	0.042622	0.358156	0.589376	-0.02040988989174366	3.9506172839506166e-05	0.3581513464450836
310440	-3.156599	-1.191539	-0.528022	0.042570	0.358372	0.589770	-0.020460080914199354	2.6337448559670777e-05	0.3583694398403168
310560	-3.155849	-1.191167	-0.526137	0.042602	0.358561	0.590883	-0.020493654906749724	1.7558299039780518e-05	0.35855838656425476
310680	-3.155561	-1.190625	-0.525200	0.042615	0.358775	0.591437	-0.020545314345508815	2.6337448559670777e-05	0.35877397656440735
310800	-3.155761	-1.190240	-0.525470	0.042606	0.358928	0.591278	-0.02058042334392667	2.6337448559670777e-05	0.3589271903038025
310920	-3.156035	-1.190202	-0.525543	0.042594	0.358986	0.591234	-0.02058164943009615	2.6337448559670777e-05	0.35898357629776
311040	-3.155637	-1.189753	-0.524716	0.042611	0.359139	0.591723	-0.02062182128429413	2.6337448559670777e-05	0.3591366112232208
311160	-3.155501	-1.189572	-0.524419	0.042617	0.359230	0.591899	-0.020641740504652263	3.9506172839506166e-05	0.3592289090156555
311280	-3.155843	-1.189058	-0.523656	0.042602	0.359447	0.592351	-0.02068316712975502	3.9506172839506166e-05	0.35944485664367676
311400	-3.155972	-1.188636	-0.522721	0.042597	0.359618	0.592905	-0.02072329157963395	2.6337448559670777e-05	0.3596160113811493
311520	-3.155732	-1.188037	-0.521401	0.042607	0.359877	0.593689	-0.02077929927036166	1.7558299039780518e-05	0.3598754405975342
311640	-3.155634	-1.187760	-0.520877	0.042611	0.360017	0.594000	-0.020805372390896082	3.9506172839506166e-05	0.3600175380706787
