step	log_std_min	log_std_mean	log_std_max	std_min	std_mean	std_max	entropy_loss	learning_rate	tensorboard_std_mean
120	-2.000970	-1.998753	-1.996410	0.135204	0.135504	0.135822	0.05218506846576929	2.6337448559670777e-05	0.13550406694412231
240	-2.000772	-1.998307	-1.995007	0.135231	0.135565	0.136013	0.052150344289839265	2.6337448559670777e-05	0.135563924908638
360	-2.001635	-1.997958	-1.993689	0.135114	0.135612	0.136192	0.05211483519524336	2.6337448559670777e-05	0.13561202585697174
480	-2.001624	-1.997875	-1.994189	0.135116	0.135624	0.136124	0.052109763585031034	2.6337448559670777e-05	0.13562306761741638
600	-2.001229	-1.997407	-1.993515	0.135169	0.135687	0.136216	0.052068565599620344	3.9506172839506166e-05	0.13568635284900665
720	-2.001252	-1.997249	-1.993615	0.135166	0.135708	0.136202	0.05204754266887903	2.6337448559670777e-05	0.13570822775363922
840	-2.000998	-1.996729	-1.992813	0.135200	0.135779	0.136312	0.05200577173382044	2.6337448559670777e-05	0.13577862083911896
960	-2.001883	-1.996073	-1.991009	0.135081	0.135868	0.136558	0.05194385442882776	3.9506172839506166e-05	0.13586781919002533
1080	-2.001244	-1.995579	-1.991269	0.135167	0.135935	0.136522	0.05190746132284403	3.9506172839506166e-05	0.1359332799911499
1200	-2.001107	-1.995056	-1.990666	0.135186	0.136007	0.136604	0.05185461491346359	3.9506172839506166e-05	0.13600586354732513
1320	-2.000765	-1.994601	-1.988254	0.135232	0.136069	0.136934	0.05181607343256474	3.9506172839506166e-05	0.1360677033662796
1440	-2.002040	-1.994132	-1.987254	0.135060	0.136133	0.137071	0.051772394217550755	3.9506172839506166e-05	0.1361321657896042
1560	-2.001697	-1.993669	-1.986693	0.135106	0.136196	0.137148	0.05172726083546877	3.9506172839506166e-05	0.13619568943977356
1680	-2.002723	-1.993156	-1.986677	0.134967	0.136266	0.137150	0.05168454386293888	3.9506172839506166e-05	0.13626554608345032
1800	-2.004103	-1.992922	-1.984129	0.134781	0.136298	0.137500	0.05165617149323225	3.9506172839506166e-05	0.13629864156246185
1920	-2.004814	-1.992615	-1.982863	0.134685	0.136340	0.137675	0.05163179636001587	3.9506172839506166e-05	0.13634052872657776
2040	-2.005434	-1.992441	-1.982864	0.134602	0.136365	0.137674	0.051620201021432874	5.925925925925925e-05	0.13636375963687897
2160	-2.005337	-1.992342	-1.981467	0.134615	0.136379	0.137867	0.05160438884049654	3.9506172839506166e-05	0.13637897372245789
2280	-2.007210	-1.992135	-1.980385	0.134363	0.136408	0.138016	0.05158380307257175	5.925925925925925e-05	0.13640819489955902
2400	-2.007581	-1.992329	-1.980160	0.134313	0.136381	0.138047	0.05160508807748556	3.9506172839506166e-05	0.1363813728094101
2520	-2.009715	-1.992573	-1.980188	0.134027	0.136349	0.138043	0.05162813030183315	3.9506172839506166e-05	0.13634848594665527
2640	-2.009737	-1.992537	-1.979027	0.134024	0.136354	0.138204	0.051622399128973484	5.925925925925925e-05	0.13635462522506714
2760	-2.010838	-1.992399	-1.978018	0.133877	0.136374	0.138343	0.051610178872942926	5.925925925925925e-05	0.13637425005435944
2880	-2.012917	-1.992436	-1.978899	0.133598	0.136370	0.138221	0.05161327999085188	5.925925925925925e-05	0.136369988322258
3000	-2.016018	-1.992643	-1.979566	0.133185	0.136343	0.138129	0.05163380466401577	3.9506172839506166e-05	0.13634240627288818
3120	-2.017930	-1.992743	-1.979630	0.132930	0.136330	0.138120	0.05164029523730278	5.925925925925925e-05	0.1363302320241928
3240	-2.020485	-1.993001	-1.979707	0.132591	0.136296	0.138110	0.05166482459753752	3.9506172839506166e-05	0.13629615306854248
3360	-2.020238	-1.992807	-1.979681	0.132624	0.136323	0.138113	0.05164577197283506	3.9506172839506166e-05	0.1363234668970108
3480	-2.021168	-1.992627	-1.978811	0.132501	0.136350	0.138234	0.05163499116897583	5.925925925925925e-05	0.13634943962097168
3600	-2.022506	-1.992448	-1.978017	0.132323	0.136376	0.138343	0.051620489545166494	5.925925925925925e-05	0.13637496531009674
3720	-2.022220	-1.992695	-1.976978	0.132361	0.136343	0.138487	0.05163194965571165	3.9506172839506166e-05	0.13634364306926727
3840	-2.024309	-1.992960	-1.977011	0.132085	0.136308	0.138482	0.05165666937828064	3.9506172839506166e-05	0.136308491230011
3960	-2.024468	-1.992993	-1.976695	0.132064	0.136305	0.138526	0.05166306346654892	3.9506172839506166e-05	0.13630516827106476
4080	-2.025040	-1.992895	-1.977014	0.131989	0.136319	0.138482	0.05165189858525991	3.9506172839506166e-05	0.13631995022296906
4200	-2.024309	-1.992936	-1.976529	0.132085	0.136315	0.138549	0.05166339389979839	5.925925925925925e-05	0.13631398975849152
4320	-2.024847	-1.992997	-1.976271	0.132014	0.136308	0.138585	0.05166425984352827	3.9506172839506166e-05	0.13630783557891846
4440	-2.026024	-1.992607	-1.975288	0.131859	0.136363	0.138721	0.051633887179195884	3.9506172839506166e-05	0.13636256754398346
4560	-2.027110	-1.992596	-1.975270	0.131716	0.136366	0.138724	0.05162909496575594	3.9506172839506166e-05	0.1363658905029297
4680	-2.027890	-1.992382	-1.974995	0.131613	0.136396	0.138762	0.051610338501632214	2.6337448559670777e-05	0.13639594614505768
4800	-2.029489	-1.992165	-1.974310	0.131403	0.136427	0.138857	0.05159456618130207	5.925925925925925e-05	0.1364261656999588
4920	-2.031595	-1.991901	-1.973838	0.131126	0.136464	0.138923	0.0515668798238039	3.9506172839506166e-05	0.1364639848470688
5040	-2.033055	-1.991789	-1.973250	0.130935	0.136481	0.139004	0.051558936946094036	2.6337448559670777e-05	0.13648046553134918
5160	-2.033961	-1.991417	-1.971794	0.130816	0.136533	0.139207	0.05152652114629745	3.9506172839506166e-05	0.13653288781642914
5280	-2.035072	-1.991145	-1.971503	0.130671	0.136572	0.139247	0.051501784659922126	3.9506172839506166e-05	0.13657189905643463
5400	-2.036072	-1.990664	-1.969839	0.130540	0.136640	0.139479	0.05146140214055776	3.9506172839506166e-05	0.13663898408412933
5520	-2.037931	-1.990432	-1.969557	0.130298	0.136674	0.139519	0.051434976235032084	5.925925925925925e-05	0.13667365908622742
5640	-2.039276	-1.990017	-1.968533	0.130123	0.136732	0.139662	0.05139824952930212	3.9506172839506166e-05	0.13673238456249237
5760	-2.039502	-1.990056	-1.967712	0.130094	0.136728	0.139776	0.05140210837125778	3.9506172839506166e-05	0.13672758638858795
5880	-2.040743	-1.989802	-1.965727	0.129932	0.136765	0.140054	0.051381764188408854	2.6337448559670777e-05	0.13676433265209198
6000	-2.040205	-1.989185	-1.963164	0.130002	0.136850	0.140413	0.05132524538785219	3.9506172839506166e-05	0.13684982061386108
6120	-2.039699	-1.988959	-1.962292	0.130068	0.136881	0.140536	0.051304300874471666	3.9506172839506166e-05	0.13688123226165771
6240	-2.039628	-1.988745	-1.960915	0.130077	0.136912	0.140730	0.05128303430974483	2.6337448559670777e-05	0.13691221177577972
6360	-2.040721	-1.988375	-1.959904	0.129935	0.136966	0.140872	0.051259749196469785	3.9506172839506166e-05	0.13696403801441193
6480	-2.041675	-1.987962	-1.960421	0.129811	0.137024	0.140799	0.051213056221604346	3.9506172839506166e-05	0.13702401518821716
6600	-2.041030	-1.987573	-1.958710	0.129895	0.137079	0.141040	0.05117636658251286	5.925925925925925e-05	0.13707886636257172
6720	-2.040956	-1.987313	-1.957676	0.129904	0.137115	0.141186	0.05115989502519369	3.9506172839506166e-05	0.13711415231227875
6840	-2.041960	-1.986791	-1.956731	0.129774	0.137189	0.141320	0.051111497171223166	3.9506172839506166e-05	0.13718841969966888
6960	-2.043141	-1.986612	-1.954973	0.129621	0.137219	0.141568	0.051089140400290486	5.925925925925925e-05	0.1372191607952118
7080	-2.043074	-1.986442	-1.953776	0.129630	0.137245	0.141738	0.051077240705490114	5.925925925925925e-05	0.13724461197853088
7200	-2.041358	-1.986284	-1.952095	0.129852	0.137267	0.141976	0.051060250774025914	5.925925925925925e-05	0.13726694881916046
7320	-2.042338	-1.985859	-1.950336	0.129725	0.137330	0.142226	0.05101942718029022	5.925925925925925e-05	0.13733023405075073
7440	-2.043621	-1.985564	-1.949399	0.129559	0.137373	0.142360	0.050994392670691016	5.925925925925925e-05	0.1373729705810547
7560	-2.042766	-1.985006	-1.949591	0.129670	0.137451	0.142332	0.05093901604413986	5.925925925925925e-05	0.13745249807834625
7680	-2.043251	-1.984589	-1.948264	0.129607	0.137512	0.142521	0.050914160534739496	5.925925925925925e-05	0.1375114917755127
7800	-2.042896	-1.984160	-1.947852	0.129653	0.137573	0.142580	0.050874915719032285	5.925925925925925e-05	0.13757245242595673
7920	-2.043381	-1.984185	-1.946648	0.129590	0.137575	0.142752	0.050874834135174754	5.925925925925925e-05	0.13757434487342834
8040	-2.045078	-1.984144	-1.943706	0.129370	0.137585	0.143172	0.050869879126548764	5.925925925925925e-05	0.13758447766304016
8160	-2.047828	-1.984320	-1.942750	0.129015	0.137567	0.143309	0.05088544990867376	5.925925925925925e-05	0.13756610453128815
8280	-2.049464	-1.984156	-1.942382	0.128804	0.137593	0.143362	0.05086619779467583	2.6337448559670777e-05	0.1375928819179535
8400	-2.050693	-1.983898	-1.939012	0.128646	0.137636	0.143846	0.05085182674229145	5.925925925925925e-05	0.137635737657547
8520	-2.051501	-1.983665	-1.938473	0.128542	0.137674	0.143924	0.0508390286937356	5.925925925925925e-05	0.13767145574092865
8640	-2.052703	-1.983249	-1.937219	0.128387	0.137735	0.144104	0.050787972286343575	5.925925925925925e-05	0.137734517455101
8760	-2.051193	-1.983151	-1.936211	0.128581	0.137749	0.144249	0.05077810697257519	3.9506172839506166e-05	0.13774941861629486
8880	-2.050970	-1.983064	-1.934587	0.128610	0.137764	0.144484	0.050777115114033225	3.9506172839506166e-05	0.1377631276845932
9000	-2.051187	-1.983493	-1.933362	0.128582	0.137708	0.144661	0.050801283307373525	3.9506172839506166e-05	0.13770824670791626
9120	-2.052625	-1.983241	-1.931490	0.128397	0.137748	0.144932	0.05079351831227541	3.9506172839506166e-05	0.1377466470003128
9240	-2.053968	-1.983394	-1.930190	0.128225	0.137731	0.145121	0.050796262361109255	5.925925925925925e-05	0.1377316415309906
9360	-2.056470	-1.983927	-1.928409	0.127905	0.137664	0.145379	0.0508405415341258	5.925925925925925e-05	0.13766466081142426
9480	-2.058517	-1.984343	-1.928898	0.127643	0.137611	0.145308	0.05089087598025799	5.925925925925925e-05	0.1376098245382309
9600	-2.057858	-1.983719	-1.926683	0.127727	0.137701	0.145630	0.05083142332732678	3.9506172839506166e-05	0.1377013474702835
9720	-2.058601	-1.983554	-1.926784	0.127632	0.137729	0.145616	0.050816312246024606	3.9506172839506166e-05	0.13772819936275482
9840	-2.059961	-1.983482	-1.925859	0.127459	0.137742	0.145751	0.050806108862161636	3.9506172839506166e-05	0.1377428025007248
9960	-2.061633	-1.983295	-1.924749	0.127246	0.137775	0.145912	0.050785770267248155	5.925925925925925e-05	0.1377757042646408
10080	-2.063667	-1.983379	-1.923875	0.126987	0.137767	0.146040	0.05079368650913239	5.925925925925925e-05	0.13776816427707672
10200	-2.065668	-1.983956	-1.924897	0.126734	0.137694	0.145891	0.050844735093414785	5.925925925925925e-05	0.13769525289535522
10320	-2.066399	-1.984120	-1.925558	0.126641	0.137676	0.145794	0.050873304903507235	3.9506172839506166e-05	0.1376745104789734
10440	-2.068036	-1.983883	-1.926102	0.126434	0.137714	0.145715	0.05084546860307455	3.9506172839506166e-05	0.13771331310272217
10560	-2.071609	-1.984338	-1.924488	0.125983	0.137661	0.145950	0.0508806150406599	5.925925925925925e-05	0.13766184449195862
10680	-2.073030	-1.984149	-1.923358	0.125804	0.137692	0.146115	0.05087092127650976	3.9506172839506166e-05	0.1376914530992508
10800	-2.074196	-1.984082	-1.923441	0.125657	0.137707	0.146103	0.050861555896699426	3.9506172839506166e-05	0.1377073973417282
10920	-2.076856	-1.984211	-1.921351	0.125324	0.137699	0.146409	0.050873357243835925	5.925925925925925e-05	0.13769836723804474
11040	-2.078427	-1.984304	-1.920315	0.125127	0.137693	0.146561	0.05088241584599018	2.6337448559670777e-05	0.13769270479679108
11160	-2.079377	-1.984538	-1.918843	0.125008	0.137668	0.146777	0.050907920114696026	3.9506172839506166e-05	0.13766704499721527
11280	-2.081322	-1.984546	-1.918025	0.124765	0.137674	0.146897	0.05090263541787863	5.925925925925925e-05	0.13767464458942413
11400	-2.082901	-1.984908	-1.917887	0.124568	0.137631	0.146917	0.0509314063936472	3.9506172839506166e-05	0.13763192296028137
11520	-2.083882	-1.985104	-1.916481	0.124446	0.137613	0.147124	0.05095384158194065	5.925925925925925e-05	0.137612447142601
11640	-2.086804	-1.985363	-1.915018	0.124083	0.137585	0.147339	0.0509731849655509	5.925925925925925e-05	0.13758547604084015
11760	-2.088066	-1.986052	-1.915675	0.123927	0.137496	0.147242	0.05103649124503136	5.925925925925925e-05	0.13749638199806213
11880	-2.091236	-1.986323	-1.914490	0.123534	0.137468	0.147417	0.051058178395032884	5.925925925925925e-05	0.13746820390224457
12000	-2.093492	-1.986455	-1.911766	0.123256	0.137461	0.147819	0.05107670184224844	3.9506172839506166e-05	0.13746081292629242
12120	-2.096429	-1.986691	-1.909918	0.122895	0.137436	0.148093	0.05109539870172739	3.9506172839506166e-05	0.13743606209754944
12240	-2.098063	-1.986389	-1.906661	0.122694	0.137492	0.148576	0.051076253317296504	5.925925925925925e-05	0.1374911665916443
12360	-2.100778	-1.985893	-1.904746	0.122361	0.137573	0.148860	0.05102555509656668	3.9506172839506166e-05	0.13757286965847015
12480	-2.101340	-1.985779	-1.903928	0.122292	0.137595	0.148982	0.051021370105445385	3.9506172839506166e-05	0.13759449124336243
12600	-2.102556	-1.985835	-1.903678	0.122144	0.137595	0.149020	0.051028860919177535	5.925925925925925e-05	0.13759355247020721
12720	-2.104125	-1.985759	-1.902056	0.121952	0.137619	0.149261	0.05101552437990904	5.925925925925925e-05	0.1376185268163681
12840	-2.104269	-1.985626	-1.901399	0.121935	0.137647	0.149360	0.05100462455302477	5.925925925925925e-05	0.13764646649360657
12960	-2.104211	-1.985700	-1.899779	0.121942	0.137646	0.149602	0.051001844741404054	3.9506172839506166e-05	0.13764755427837372
13080	-2.104601	-1.985659	-1.899061	0.121894	0.137658	0.149709	0.051009667478501795	5.925925925925925e-05	0.13765761256217957
13200	-2.106442	-1.985990	-1.896455	0.121670	0.137629	0.150100	0.05103246811777353	5.925925925925925e-05	0.13762889802455902
13320	-2.108571	-1.986212	-1.895890	0.121411	0.137610	0.150185	0.05105606857687235	3.9506172839506166e-05	0.13760975003242493
13440	-2.108819	-1.986605	-1.895797	0.121381	0.137570	0.150199	0.05108918398618698	2.6337448559670777e-05	0.1375696063041687
13560	-2.111986	-1.986611	-1.894591	0.120997	0.137578	0.150380	0.05108943209052086	5.925925925925925e-05	0.13757741451263428
13680	-2.112843	-1.986770	-1.893313	0.120894	0.137568	0.150572	0.0511047188192606	5.925925925925925e-05	0.137567400932312
13800	-2.114454	-1.987086	-1.890158	0.120699	0.137539	0.151048	0.05113834198564291	5.925925925925925e-05	0.13753797113895416
13920	-2.115216	-1.987343	-1.889652	0.120607	0.137509	0.151124	0.051153421960771085	5.925925925925925e-05	0.13750897347927094
14040	-2.115564	-1.987312	-1.888725	0.120565	0.137520	0.151265	0.05115689262747765	5.925925925925925e-05	0.13751918077468872
14160	-2.116662	-1.987610	-1.887150	0.120433	0.137490	0.151503	0.05117659028619528	5.925925925925925e-05	0.137489914894104
14280	-2.117954	-1.987685	-1.886538	0.120277	0.137486	0.151596	0.051187223941087726	2.6337448559670777e-05	0.13748612999916077
14400	-2.119727	-1.987758	-1.885991	0.120064	0.137487	0.151679	0.05119403507560492	5.925925925925925e-05	0.13748635351657867
14520	-2.121324	-1.988043	-1.885402	0.119873	0.137462	0.151768	0.051217968389391896	5.925925925925925e-05	0.13746163249015808
14640	-2.121113	-1.987944	-1.883801	0.119898	0.137488	0.152011	0.051214131526649	3.9506172839506166e-05	0.13748696446418762
14760	-2.123770	-1.987972	-1.881785	0.119580	0.137498	0.152318	0.051211477257311344	2.6337448559670777e-05	0.13749828934669495
14880	-2.124857	-1.988262	-1.882860	0.119450	0.137467	0.152154	0.051241901144385336	5.925925925925925e-05	0.13746610283851624
15000	-2.125996	-1.988666	-1.882430	0.119314	0.137421	0.152220	0.05127583239227533	3.9506172839506166e-05	0.13742049038410187
15120	-2.128178	-1.989258	-1.883028	0.119054	0.137353	0.152129	0.051316621154546736	5.925925925925925e-05	0.13735486567020416
15240	-2.130144	-1.989289	-1.881645	0.118820	0.137366	0.152339	0.05132553093135357	5.925925925925925e-05	0.13736695051193237
15360	-2.130743	-1.989486	-1.882674	0.118749	0.137346	0.152183	0.05134591311216354	3.9506172839506166e-05	0.13734598457813263
15480	-2.133266	-1.989490	-1.883545	0.118450	0.137363	0.152050	0.05135194100439548	5.925925925925925e-05	0.1373627930879593
15600	-2.134193	-1.989266	-1.880395	0.118340	0.137409	0.152530	0.05133296512067318	5.925925925925925e-05	0.13740834593772888
15720	-2.136104	-1.988960	-1.880672	0.118114	0.137462	0.152488	0.05129879284650087	3.9506172839506166e-05	0.13746245205402374
15840	-2.138472	-1.989316	-1.881318	0.117835	0.137424	0.152389	0.05132912769913674	5.925925925925925e-05	0.13742485642433167
15960	-2.141078	-1.989998	-1.880148	0.117528	0.137347	0.152567	0.05139282308518887	5.925925925925925e-05	0.13734711706638336
16080	-2.142022	-1.990086	-1.880084	0.117417	0.137348	0.152577	0.05140487812459469	3.9506172839506166e-05	0.13734747469425201
16200	-2.143932	-1.990035	-1.879380	0.117193	0.137368	0.152685	0.051405358128249645	3.9506172839506166e-05	0.13736657798290253
16320	-2.145752	-1.989885	-1.877457	0.116980	0.137405	0.152979	0.051384597271680835	3.9506172839506166e-05	0.13740558922290802
16440	-2.147484	-1.990022	-1.877397	0.116778	0.137397	0.152988	0.05139164961874485	2.6337448559670777e-05	0.13739797472953796
16560	-2.148752	-1.990140	-1.876411	0.116630	0.137391	0.153139	0.051404162868857385	5.925925925925925e-05	0.13739188015460968
16680	-2.151294	-1.990037	-1.873049	0.116334	0.137422	0.153654	0.05140215214341879	5.925925925925925e-05	0.13742147386074066
16800	-2.152692	-1.989943	-1.870672	0.116171	0.137452	0.154020	0.05138776823878288	3.9506172839506166e-05	0.13745303452014923
16920	-2.155508	-1.989763	-1.869079	0.115844	0.137499	0.154266	0.05137524213641882	5.925925925925925e-05	0.13749858736991882
17040	-2.159370	-1.989592	-1.870016	0.115398	0.137543	0.154121	0.05136430989950895	5.925925925925925e-05	0.13754215836524963
17160	-2.161003	-1.989172	-1.866072	0.115209	0.137617	0.154730	0.05132290776818991	3.9506172839506166e-05	0.1376166194677353
17280	-2.164100	-1.989811	-1.865987	0.114853	0.137546	0.154743	0.05137503705918789	3.9506172839506166e-05	0.13754616677761078
17400	-2.166696	-1.989896	-1.866093	0.114555	0.137556	0.154727	0.051387280225753784	3.9506172839506166e-05	0.13755503296852112
17520	-2.168589	-1.990133	-1.863995	0.114339	0.137539	0.155052	0.05140909999608993	3.9506172839506166e-05	0.13753855228424072
17640	-2.169985	-1.989993	-1.862477	0.114179	0.137573	0.155288	0.05139407217502594	3.9506172839506166e-05	0.13757260143756866
17760	-2.171428	-1.989964	-1.861555	0.114015	0.137585	0.155431	0.051389383338391784	2.6337448559670777e-05	0.13758477568626404
17880	-2.172216	-1.990291	-1.861432	0.113925	0.137551	0.155450	0.051419904083013536	5.925925925925925e-05	0.13755135238170624
18000	-2.174274	-1.990484	-1.861830	0.113691	0.137538	0.155388	0.05143634900450707	5.925925925925925e-05	0.13753817975521088
18120	-2.175620	-1.990312	-1.860580	0.113538	0.137575	0.155582	0.051425283029675486	3.9506172839506166e-05	0.13757449388504028
18240	-2.177078	-1.989996	-1.858762	0.113372	0.137630	0.155866	0.05139481648802757	5.925925925925925e-05	0.13762913644313812
18360	-2.179161	-1.989895	-1.857460	0.113136	0.137664	0.156069	0.051383891701698305	3.9506172839506166e-05	0.1376638114452362
18480	-2.181501	-1.989997	-1.858253	0.112872	0.137665	0.155945	0.05140004549175501	5.925925925925925e-05	0.1376643031835556
18600	-2.182828	-1.989975	-1.857054	0.112722	0.137685	0.156132	0.051394867897033694	5.925925925925925e-05	0.13768422603607178
18720	-2.183862	-1.989996	-1.856656	0.112606	0.137694	0.156194	0.05139478202909231	3.9506172839506166e-05	0.13769324123859406
18840	-2.185188	-1.990404	-1.859233	0.112457	0.137648	0.155792	0.051418652012944224	5.925925925925925e-05	0.13764949142932892
18960	-2.186960	-1.990660	-1.858646	0.112257	0.137621	0.155884	0.051456373929977414	3.9506172839506166e-05	0.13762079179286957
19080	-2.189126	-1.990791	-1.857514	0.112015	0.137618	0.156060	0.051462373696267605	5.925925925925925e-05	0.13761834800243378
19200	-2.190670	-1.990651	-1.856088	0.111842	0.137652	0.156283	0.05145503580570221	5.925925925925925e-05	0.1376517415046692
19320	-2.190923	-1.990706	-1.857834	0.111813	0.137653	0.156010	0.051452276110649106	5.925925925925925e-05	0.13765470683574677
19440	-2.193266	-1.990771	-1.857764	0.111552	0.137664	0.156021	0.051458239927887915	5.925925925925925e-05	0.13766509294509888
19560	-2.194034	-1.990594	-1.856647	0.111466	0.137700	0.156195	0.051446080580353735	3.9506172839506166e-05	0.13770043849945068
19680	-2.195412	-1.990638	-1.857120	0.111313	0.137704	0.156122	0.05145974513143301	5.925925925925925e-05	0.1377030462026596
19800	-2.195741	-1.990314	-1.856149	0.111276	0.137758	0.156273	0.05141898710280657	5.925925925925925e-05	0.13775873184204102
19920	-2.198380	-1.990693	-1.855157	0.110983	0.137718	0.156428	0.051451775431633	3.9506172839506166e-05	0.13771863281726837
20040	-2.201114	-1.990867	-1.852796	0.110680	0.137712	0.156798	0.05147563219070435	3.9506172839506166e-05	0.13771195709705353
20160	-2.203177	-1.990902	-1.852340	0.110452	0.137719	0.156870	0.05147824715822935	3.9506172839506166e-05	0.13771869242191315
20280	-2.204246	-1.990780	-1.850967	0.110334	0.137753	0.157085	0.051470271125435826	2.6337448559670777e-05	0.13775238394737244
20400	-2.205812	-1.990848	-1.849586	0.110161	0.137757	0.157302	0.05147143788635731	3.9506172839506166e-05	0.13775654137134552
20520	-2.208431	-1.991044	-1.849401	0.109873	0.137743	0.157331	0.05148599222302437	5.925925925925925e-05	0.1377440243959427
20640	-2.210745	-1.991403	-1.849855	0.109619	0.137704	0.157260	0.05152232572436333	5.925925925925925e-05	0.1377037912607193
20760	-2.212126	-1.991573	-1.849118	0.109468	0.137692	0.157376	0.05153925865888596	2.6337448559670777e-05	0.13769108057022095
20880	-2.212721	-1.991561	-1.849427	0.109403	0.137704	0.157327	0.05153451934456825	3.9506172839506166e-05	0.13770437240600586
21000	-2.215399	-1.991416	-1.849332	0.109110	0.137737	0.157342	0.05152751263231039	3.9506172839506166e-05	0.1377362459897995
21120	-2.218540	-1.991471	-1.848105	0.108768	0.137751	0.157535	0.051523932442069056	3.9506172839506166e-05	0.1377514898777008
21240	-2.221681	-1.991216	-1.846529	0.108427	0.137806	0.157784	0.05150316562503576	3.9506172839506166e-05	0.13780617713928223
21360	-2.223888	-1.991318	-1.846146	0.108188	0.137810	0.157844	0.05151947103440761	5.925925925925925e-05	0.137809157371521
21480	-2.224808	-1.990853	-1.844083	0.108088	0.137886	0.158170	0.05148027651011944	2.6337448559670777e-05	0.1378846913576126
21600	-2.225609	-1.990916	-1.844052	0.108002	0.137887	0.158175	0.05147025417536497	5.925925925925925e-05	0.13788816332817078
21720	-2.228967	-1.991391	-1.845722	0.107640	0.137835	0.157911	0.05152210183441639	5.925925925925925e-05	0.13783365488052368
21840	-2.230372	-1.991448	-1.847195	0.107488	0.137837	0.157679	0.05153120830655098	5.925925925925925e-05	0.13783560693264008
21960	-2.232101	-1.991391	-1.847163	0.107303	0.137855	0.157684	0.05152280796319246	3.9506172839506166e-05	0.13785478472709656
22080	-2.233647	-1.990950	-1.846364	0.107137	0.137931	0.157810	0.051483151689171794	3.9506172839506166e-05	0.1379300355911255
22200	-2.236028	-1.991121	-1.843844	0.106882	0.137921	0.158208	0.05149543602019548	5.925925925925925e-05	0.13792039453983307
22320	-2.238716	-1.991092	-1.842510	0.106595	0.137946	0.158419	0.05149037893861532	3.9506172839506166e-05	0.1379467248916626
22440	-2.241007	-1.991413	-1.843277	0.106351	0.137918	0.158298	0.05152344629168511	5.925925925925925e-05	0.13791754841804504
22560	-2.243132	-1.991053	-1.843812	0.106126	0.137978	0.158213	0.051492593623697756	3.9506172839506166e-05	0.13797806203365326
22680	-2.243850	-1.990783	-1.843296	0.106049	0.138029	0.158295	0.051469220966100696	3.9506172839506166e-05	0.13802826404571533
22800	-2.245425	-1.990655	-1.842129	0.105882	0.138063	0.158480	0.051450248993933204	2.6337448559670777e-05	0.13806302845478058
22920	-2.247756	-1.990387	-1.842260	0.105636	0.138114	0.158459	0.05142784267663956	3.9506172839506166e-05	0.13811418414115906
23040	-2.248417	-1.990336	-1.841692	0.105566	0.138137	0.158549	0.051425091177225116	3.9506172839506166e-05	0.1381365805864334
23160	-2.249484	-1.990009	-1.841086	0.105454	0.138201	0.158645	0.05139248948544264	5.925925925925925e-05	0.13820092380046844
23280	-2.252378	-1.990344	-1.842027	0.105149	0.138166	0.158496	0.05143173299729824	5.925925925925925e-05	0.13816513121128082
23400	-2.253736	-1.990471	-1.841743	0.105006	0.138157	0.158541	0.05143673326820135	5.925925925925925e-05	0.13815684616565704
23520	-2.254778	-1.990198	-1.839616	0.104897	0.138205	0.158878	0.0514135904610157	2.6337448559670777e-05	0.13820485770702362
23640	-2.256637	-1.990331	-1.839856	0.104702	0.138197	0.158840	0.051426826417446135	5.925925925925925e-05	0.13819706439971924
23760	-2.258771	-1.990315	-1.839915	0.104479	0.138217	0.158831	0.05142072029411793	5.925925925925925e-05	0.13821743428707123
23880	-2.261143	-1.990250	-1.840791	0.104231	0.138244	0.158692	0.051423714868724345	3.9506172839506166e-05	0.13824374973773956
24000	-2.261570	-1.990005	-1.840889	0.104187	0.138281	0.158676	0.05139517821371555	5.925925925925925e-05	0.1382816880941391
24120	-2.261918	-1.990147	-1.840072	0.104151	0.138277	0.158806	0.05140848774462938	3.9506172839506166e-05	0.13827644288539886
24240	-2.263306	-1.990025	-1.841327	0.104006	0.138311	0.158607	0.051396862603724	5.925925925925925e-05	0.13831058144569397
24360	-2.265002	-1.990133	-1.841427	0.103830	0.138312	0.158591	0.05140786748379469	3.9506172839506166e-05	0.13831208646297455
24480	-2.266004	-1.990704	-1.843709	0.103726	0.138244	0.158229	0.051453294791281225	3.9506172839506166e-05	0.13824424147605896
24600	-2.268045	-1.990923	-1.845029	0.103514	0.138219	0.158021	0.05147855896502733	5.925925925925925e-05	0.13821901381015778
24720	-2.269894	-1.990307	-1.845219	0.103323	0.138323	0.157991	0.05143140684813261	3.9506172839506166e-05	0.13832074403762817
24840	-2.271158	-1.990143	-1.845018	0.103193	0.138356	0.158023	0.05140862297266722	5.925925925925925e-05	0.1383565366268158
24960	-2.271555	-1.989889	-1.843374	0.103152	0.138403	0.158282	0.05138590093702078	5.925925925925925e-05	0.13840246200561523
25080	-2.271990	-1.989746	-1.843475	0.103107	0.138431	0.158266	0.05137518923729658	3.9506172839506166e-05	0.13843071460723877
25200	-2.273964	-1.989488	-1.844722	0.102903	0.138483	0.158069	0.05135663729161024	5.925925925925925e-05	0.13848184049129486
25320	-2.274412	-1.989334	-1.845937	0.102857	0.138518	0.157877	0.05133823901414871	3.9506172839506166e-05	0.13851729035377502
25440	-2.275966	-1.989331	-1.846115	0.102698	0.138533	0.157849	0.05134188886731863	3.9506172839506166e-05	0.1385313719511032
25560	-2.276449	-1.989300	-1.846351	0.102648	0.138545	0.157812	0.05133490730077028	3.9506172839506166e-05	0.13854451477527618
25680	-2.278911	-1.989255	-1.844804	0.102396	0.138571	0.158056	0.051329607516527175	3.9506172839506166e-05	0.13857078552246094
25800	-2.279750	-1.988991	-1.844223	0.102310	0.138622	0.158148	0.051305762864649294	5.925925925925925e-05	0.13862156867980957
25920	-2.280717	-1.988804	-1.842917	0.102211	0.138665	0.158355	0.05129460897296667	5.925925925925925e-05	0.13866379857063293
26040	-2.283193	-1.988990	-1.841642	0.101958	0.138655	0.158557	0.051303081959486005	3.9506172839506166e-05	0.13865549862384796
26160	-2.284865	-1.988742	-1.840717	0.101788	0.138708	0.158704	0.051282435096800326	5.925925925925925e-05	0.1387077271938324
26280	-2.284544	-1.988273	-1.840488	0.101820	0.138786	0.158740	0.05124006159603596	2.6337448559670777e-05	0.13878586888313293
26400	-2.285720	-1.988138	-1.842219	0.101701	0.138814	0.158465	0.051228337548673154	3.9506172839506166e-05	0.13881373405456543
26520	-2.287199	-1.987801	-1.842713	0.101551	0.138875	0.158387	0.05119700748473406	3.9506172839506166e-05	0.13887570798397064
26640	-2.287993	-1.987312	-1.842428	0.101470	0.138957	0.158432	0.05116796232759953	5.925925925925925e-05	0.13895449042320251
26760	-2.289215	-1.987055	-1.841739	0.101346	0.139016	0.158542	0.051128271408379077	5.925925925925925e-05	0.13901592791080475
26880	-2.290822	-1.986869	-1.842533	0.101183	0.139056	0.158416	0.051105519942939284	5.925925925925925e-05	0.1390569508075714
27000	-2.291769	-1.987570	-1.839344	0.101087	0.138971	0.158922	0.051172222942113876	5.925925925925925e-05	0.13897141814231873
27120	-2.293346	-1.987565	-1.839812	0.100928	0.138993	0.158847	0.051175853423774245	5.925925925925925e-05	0.1389928013086319
27240	-2.295191	-1.987595	-1.837981	0.100742	0.139001	0.159138	0.05118260644376278	3.9506172839506166e-05	0.13899996876716614
27360	-2.296596	-1.987500	-1.836661	0.100601	0.139030	0.159349	0.05117743257433176	5.925925925925925e-05	0.13902895152568817
27480	-2.299206	-1.987176	-1.837422	0.100338	0.139092	0.159227	0.05114514622837305	2.6337448559670777e-05	0.13909117877483368
27600	-2.300788	-1.986973	-1.837027	0.100180	0.139131	0.159290	0.051126197725534436	2.6337448559670777e-05	0.13913071155548096
27720	-2.302625	-1.986867	-1.836702	0.099996	0.139165	0.159342	0.051114614307880404	3.9506172839506166e-05	0.13916417956352234
27840	-2.305410	-1.987197	-1.836902	0.099718	0.139146	0.159310	0.051142388582229616	3.9506172839506166e-05	0.13914605975151062
27960	-2.307686	-1.987349	-1.835015	0.099491	0.139142	0.159611	0.05115389917045832	2.6337448559670777e-05	0.13914206624031067
28080	-2.309131	-1.987431	-1.835160	0.099348	0.139140	0.159588	0.051166116073727605	3.9506172839506166e-05	0.13913984596729279
28200	-2.310672	-1.987499	-1.834384	0.099195	0.139152	0.159712	0.05117169339209795	3.9506172839506166e-05	0.13915227353572845
28320	-2.312529	-1.987132	-1.832693	0.099011	0.139218	0.159982	0.051136407814919946	5.925925925925925e-05	0.13921800255775452
28440	-2.312447	-1.987122	-1.832550	0.099019	0.139226	0.160005	0.05114126354455948	5.925925925925925e-05	0.1392248570919037
28560	-2.314065	-1.987103	-1.831780	0.098859	0.139240	0.160128	0.05113103128969669	5.925925925925925e-05	0.1392403393983841
28680	-2.315620	-1.986789	-1.830828	0.098705	0.139307	0.160281	0.051109317876398566	2.6337448559670777e-05	0.13930632174015045
28800	-2.317259	-1.987207	-1.830735	0.098543	0.139258	0.160296	0.0511413361877203	3.9506172839506166e-05	0.13925863802433014
28920	-2.318581	-1.987042	-1.828055	0.098413	0.139293	0.160726	0.051131638884544375	3.9506172839506166e-05	0.1392931491136551
29040	-2.318679	-1.986792	-1.827134	0.098403	0.139337	0.160874	0.05110526457428932	3.9506172839506166e-05	0.13933713734149933
29160	-2.319871	-1.987082	-1.825889	0.098286	0.139313	0.161074	0.05113251227885485	3.9506172839506166e-05	0.1393125206232071
29280	-2.320135	-1.987085	-1.825235	0.098260	0.139325	0.161180	0.0511360663920641	3.9506172839506166e-05	0.1393243372440338
29400	-2.322185	-1.987496	-1.825299	0.098059	0.139283	0.161169	0.051171019300818445	3.9506172839506166e-05	0.13928252458572388
29520	-2.322400	-1.987551	-1.825929	0.098038	0.139285	0.161068	0.0511737909168005	2.6337448559670777e-05	0.13928455114364624
29640	-2.323198	-1.987550	-1.823907	0.097960	0.139301	0.161394	0.05117343124002218	5.925925925925925e-05	0.13930146396160126
29760	-2.324476	-1.987643	-1.822815	0.097835	0.139308	0.161570	0.05118427723646164	5.925925925925925e-05	0.13930732011795044
29880	-2.325881	-1.987553	-1.823712	0.097697	0.139334	0.161425	0.0511791717261076	3.9506172839506166e-05	0.13933369517326355
30000	-2.326687	-1.987483	-1.822947	0.097619	0.139367	0.161549	0.05116983186453581	5.925925925925925e-05	0.1393660455942154
30120	-2.329191	-1.987663	-1.822736	0.097375	0.139361	0.161583	0.05117604248225689	3.9506172839506166e-05	0.13936163485050201
30240	-2.329998	-1.987198	-1.822081	0.097296	0.139444	0.161689	0.05114725697785616	3.9506172839506166e-05	0.13944308459758759
30360	-2.330699	-1.986798	-1.821170	0.097228	0.139511	0.161836	0.051108439639210704	5.925925925925925e-05	0.13951092958450317
30480	-2.332233	-1.986925	-1.821793	0.097079	0.139509	0.161735	0.05111657287925482	3.9506172839506166e-05	0.13950882852077484
30600	-2.334761	-1.986837	-1.819491	0.096834	0.139545	0.162108	0.051109870336949824	3.9506172839506166e-05	0.13954497873783112
30720	-2.336405	-1.986806	-1.819507	0.096675	0.139558	0.162106	0.05110865347087383	2.6337448559670777e-05	0.13955789804458618
30840	-2.337854	-1.986593	-1.818165	0.096535	0.139605	0.162323	0.0510901153087616	2.6337448559670777e-05	0.1396048218011856
30960	-2.339407	-1.986587	-1.818083	0.096385	0.139623	0.162337	0.05109325088560581	5.925925925925925e-05	0.13962173461914062
31080	-2.340117	-1.985612	-1.814818	0.096316	0.139778	0.162868	0.05099880937486887	3.9506172839506166e-05	0.13977818191051483
31200	-2.343195	-1.985838	-1.815655	0.096020	0.139773	0.162731	0.051018002815544604	3.9506172839506166e-05	0.13977299630641937
31320	-2.344539	-1.986080	-1.813401	0.095891	0.139755	0.163098	0.05104445610195398	5.925925925925925e-05	0.13975436985492706
31440	-2.345546	-1.986039	-1.813058	0.095795	0.139770	0.163154	0.05103861521929502	3.9506172839506166e-05	0.13977022469043732
31560	-2.348473	-1.986114	-1.812463	0.095515	0.139780	0.163252	0.051044616289436816	5.925925925925925e-05	0.13978047668933868
31680	-2.349051	-1.985703	-1.810440	0.095460	0.139853	0.163582	0.05101123489439487	3.9506172839506166e-05	0.13985250890254974
31800	-2.350103	-1.985598	-1.811143	0.095359	0.139887	0.163467	0.05099941175431013	3.9506172839506166e-05	0.1398862600326538
31920	-2.352183	-1.985287	-1.811175	0.095161	0.139944	0.163462	0.05097199622541666	3.9506172839506166e-05	0.13994412124156952
32040	-2.352754	-1.984717	-1.809828	0.095107	0.140043	0.163682	0.050930865295231345	3.9506172839506166e-05	0.140041783452034
32160	-2.352886	-1.984676	-1.808525	0.095094	0.140070	0.163896	0.05091540720313788	3.9506172839506166e-05	0.140069842338562
32280	-2.354573	-1.984892	-1.808583	0.094934	0.140056	0.163886	0.05094141364097595	2.6337448559670777e-05	0.14005567133426666
32400	-2.354507	-1.984991	-1.807325	0.094940	0.140058	0.164092	0.050943527929484846	3.9506172839506166e-05	0.1400582492351532
32520	-2.356172	-1.985059	-1.808225	0.094782	0.140057	0.163945	0.05095115844160318	5.925925925925925e-05	0.1400572657585144
32640	-2.357130	-1.984596	-1.808393	0.094692	0.140142	0.163917	0.05091067496687174	3.9506172839506166e-05	0.14014196395874023
32760	-2.358655	-1.984631	-1.808748	0.094547	0.140152	0.163859	0.05091324131935835	3.9506172839506166e-05	0.14015153050422668
32880	-2.359560	-1.984215	-1.807967	0.094462	0.140229	0.163987	0.05087429266422987	3.9506172839506166e-05	0.1402297168970108
33000	-2.361801	-1.984073	-1.808134	0.094250	0.140276	0.163960	0.050862047076225284	5.925925925925925e-05	0.14027617871761322
33120	-2.363960	-1.984016	-1.806420	0.094047	0.140316	0.164241	0.050854268856346606	2.6337448559670777e-05	0.14031584560871124
33240	-2.365279	-1.984114	-1.806529	0.093923	0.140318	0.164223	0.050865662097930905	3.9506172839506166e-05	0.1403171271085739
33360	-2.367313	-1.983922	-1.806316	0.093732	0.140370	0.164258	0.0508459085598588	5.925925925925925e-05	0.14037062227725983
33480	-2.368818	-1.984343	-1.805482	0.093591	0.140321	0.164395	0.050887003913521765	3.9506172839506166e-05	0.14032022655010223
33600	-2.370410	-1.984118	-1.804008	0.093442	0.140381	0.164638	0.05087456833571195	5.925925925925925e-05	0.14037960767745972
33720	-2.371914	-1.983688	-1.802042	0.093302	0.140458	0.164962	0.050825918465852736	3.9506172839506166e-05	0.14045868813991547
33840	-2.373057	-1.983760	-1.800947	0.093195	0.140470	0.165142	0.050832062028348446	2.6337448559670777e-05	0.14047031104564667
33960	-2.373415	-1.983486	-1.800564	0.093162	0.140525	0.165206	0.05081377178430557	5.925925925925925e-05	0.14052419364452362
34080	-2.372792	-1.983345	-1.800142	0.093220	0.140562	0.165275	0.050801086612045764	3.9506172839506166e-05	0.1405615657567978
34200	-2.375174	-1.983252	-1.799783	0.092998	0.140596	0.165335	0.0507902218028903	2.6337448559670777e-05	0.14059515297412872
34320	-2.376593	-1.983120	-1.799087	0.092866	0.140637	0.165450	0.050782046467065814	3.9506172839506166e-05	0.14063550531864166
34440	-2.379238	-1.982860	-1.798220	0.092621	0.140702	0.165593	0.05075095407664776	2.6337448559670777e-05	0.1407022923231125
34560	-2.379740	-1.982895	-1.797499	0.092575	0.140704	0.165713	0.05075691100209952	3.9506172839506166e-05	0.14070375263690948
34680	-2.380887	-1.982306	-1.794813	0.092468	0.140810	0.166158	0.05071222390979528	2.6337448559670777e-05	0.1408093422651291
34800	-2.382522	-1.981943	-1.795155	0.092317	0.140876	0.166102	0.05066747684031725	5.925925925925925e-05	0.14087660610675812
34920	-2.385428	-1.981772	-1.796345	0.092050	0.140917	0.165904	0.05065984930843115	3.9506172839506166e-05	0.1409163773059845
35040	-2.385807	-1.981538	-1.796691	0.092015	0.140967	0.165847	0.050634432770311835	5.925925925925925e-05	0.14096711575984955
35160	-2.386178	-1.981221	-1.796598	0.091981	0.141029	0.165862	0.05061718374490738	3.9506172839506166e-05	0.1410268396139145
35280	-2.386571	-1.980985	-1.795076	0.091944	0.141092	0.166115	0.05058421194553375	5.925925925925925e-05	0.1410917043685913
35400	-2.386348	-1.980718	-1.793403	0.091965	0.141144	0.166393	0.05056297052651644	3.9506172839506166e-05	0.14114300906658173
35520	-2.387038	-1.980460	-1.792840	0.091902	0.141194	0.166487	0.05053953621536493	3.9506172839506166e-05	0.14119374752044678
35640	-2.389545	-1.980251	-1.792235	0.091671	0.141253	0.166587	0.05051830727607012	2.6337448559670777e-05	0.14125268161296844
35760	-2.390681	-1.979968	-1.792019	0.091567	0.141301	0.166623	0.05050168298184872	3.9506172839506166e-05	0.14129945635795593
35880	-2.391426	-1.979408	-1.791244	0.091499	0.141413	0.166753	0.05044097490608692	3.9506172839506166e-05	0.1414124071598053
36000	-2.392592	-1.979159	-1.790408	0.091392	0.141466	0.166892	0.05042029581964016	5.925925925925925e-05	0.1414661556482315
36120	-2.394463	-1.979073	-1.789493	0.091222	0.141504	0.167045	0.050411471724510194	5.925925925925925e-05	0.14150431752204895
36240	-2.395280	-1.979088	-1.789989	0.091147	0.141521	0.166962	0.050413848087191585	5.925925925925925e-05	0.14152047038078308
36360	-2.397189	-1.979221	-1.789038	0.090973	0.141519	0.167121	0.05042724888771773	2.6337448559670777e-05	0.14151880145072937
36480	-2.397908	-1.979023	-1.789836	0.090908	0.141577	0.166988	0.05041157938539982	2.6337448559670777e-05	0.1415761262178421
36600	-2.397882	-1.978836	-1.789705	0.090910	0.141623	0.167009	0.050391568802297115	5.925925925925925e-05	0.14162304997444153
36720	-2.399838	-1.978505	-1.788242	0.090733	0.141691	0.167254	0.05036467369645834	2.6337448559670777e-05	0.14169080555438995
36840	-2.399306	-1.978028	-1.787747	0.090781	0.141773	0.167337	0.050330649875104425	5.925925925925925e-05	0.14177106320858002
36960	-2.399348	-1.977535	-1.787052	0.090777	0.141860	0.167453	0.05027582123875618	3.9506172839506166e-05	0.14185886085033417
37080	-2.399248	-1.977531	-1.785977	0.090786	0.141889	0.167633	0.0502736559137702	5.925925925925925e-05	0.14188887178897858
37200	-2.399892	-1.977250	-1.785177	0.090728	0.141949	0.167767	0.05024779606610537	3.9506172839506166e-05	0.1419493556022644
37320	-2.399281	-1.977200	-1.785426	0.090783	0.141971	0.167726	0.05024562906473875	5.925925925925925e-05	0.14197100698947906
37440	-2.401416	-1.976971	-1.785008	0.090590	0.142015	0.167796	0.05022211130708456	5.925925925925925e-05	0.1420147716999054
37560	-2.401539	-1.976711	-1.783807	0.090578	0.142063	0.167997	0.05019626449793577	3.9506172839506166e-05	0.14206336438655853
37680	-2.403715	-1.976258	-1.783578	0.090382	0.142153	0.168036	0.05016476809978485	3.9506172839506166e-05	0.1421518176794052
37800	-2.406197	-1.975747	-1.783235	0.090158	0.142260	0.168094	0.050115391984581946	5.925925925925925e-05	0.1422586590051651
37920	-2.408072	-1.975672	-1.780506	0.089989	0.142285	0.168553	0.050106281042099	5.925925925925925e-05	0.14228437840938568
38040	-2.409332	-1.975347	-1.777394	0.089875	0.142351	0.169078	0.050080546736717226	5.925925925925925e-05	0.1423499435186386
38160	-2.411747	-1.975436	-1.776635	0.089659	0.142356	0.169207	0.05007997397333384	3.9506172839506166e-05	0.14235609769821167
38280	-2.411931	-1.975386	-1.776997	0.089642	0.142372	0.169145	0.05008268393576145	3.9506172839506166e-05	0.14237162470817566
38400	-2.413310	-1.975356	-1.775859	0.089518	0.142391	0.169338	0.05007648374885321	3.9506172839506166e-05	0.1423911601305008
38520	-2.414199	-1.975053	-1.776866	0.089439	0.142463	0.169168	0.05004895981401205	3.9506172839506166e-05	0.14246316254138947
38640	-2.415685	-1.974642	-1.775946	0.089306	0.142540	0.169323	0.050015144236385825	5.925925925925925e-05	0.14253903925418854
38760	-2.417985	-1.974333	-1.775434	0.089101	0.142610	0.169410	0.04998947028070688	3.9506172839506166e-05	0.1426089107990265
38880	-2.420142	-1.974307	-1.773875	0.088909	0.142640	0.169674	0.049992864951491356	5.925925925925925e-05	0.1426382064819336
39000	-2.421609	-1.974075	-1.773383	0.088779	0.142705	0.169758	0.04995990376919508	3.9506172839506166e-05	0.14270474016666412
39120	-2.420916	-1.973562	-1.772857	0.088840	0.142810	0.169847	0.049916389770805834	5.925925925925925e-05	0.14280958473682404
39240	-2.420951	-1.973370	-1.773827	0.088837	0.142851	0.169682	0.049900433979928493	3.9506172839506166e-05	0.1428508311510086
39360	-2.422531	-1.973371	-1.773994	0.088697	0.142864	0.169654	0.04990098662674427	5.925925925925925e-05	0.14286336302757263
39480	-2.423991	-1.973296	-1.772699	0.088567	0.142894	0.169874	0.04989198129624128	3.9506172839506166e-05	0.14289407432079315
39600	-2.426625	-1.972793	-1.772865	0.088334	0.143001	0.169846	0.049852574430406096	5.925925925925925e-05	0.14299993216991425
39720	-2.427251	-1.972588	-1.771658	0.088279	0.143053	0.170051	0.049830444157123566	3.9506172839506166e-05	0.14305193722248077
39840	-2.427866	-1.972482	-1.770298	0.088225	0.143090	0.170282	0.049817430414259435	5.925925925925925e-05	0.14309027791023254
39960	-2.428503	-1.972021	-1.767703	0.088169	0.143187	0.170725	0.04977662991732359	3.9506172839506166e-05	0.14318671822547913
40080	-2.430415	-1.971589	-1.767302	0.088000	0.143285	0.170793	0.04974696170538664	5.925925925925925e-05	0.14328327775001526
40200	-2.432931	-1.971560	-1.765531	0.087779	0.143316	0.171096	0.0497334299609065	3.9506172839506166e-05	0.1433161497116089
40320	-2.435766	-1.971850	-1.764799	0.087531	0.143311	0.171221	0.04975890778005123	5.925925925925925e-05	0.14331097900867462
40440	-2.435917	-1.971678	-1.764833	0.087517	0.143350	0.171215	0.04974701814353466	5.925925925925925e-05	0.14335016906261444
40560	-2.438423	-1.971043	-1.764702	0.087298	0.143453	0.171238	0.049695735424757005	3.9506172839506166e-05	0.143451526761055
40680	-2.439518	-1.970736	-1.763387	0.087203	0.143521	0.171463	0.049664398469030854	3.9506172839506166e-05	0.14352089166641235
40800	-2.441378	-1.970283	-1.763580	0.087041	0.143606	0.171430	0.04962200783193112	3.9506172839506166e-05	0.1436057835817337
40920	-2.441650	-1.969768	-1.763920	0.087017	0.143709	0.171372	0.04958465080708265	5.925925925925925e-05	0.14370664954185486
41040	-2.442842	-1.969530	-1.763755	0.086913	0.143763	0.171400	0.04955222439020872	2.6337448559670777e-05	0.143763467669487
41160	-2.443865	-1.969774	-1.763822	0.086825	0.143750	0.171389	0.04956786669790745	3.9506172839506166e-05	0.1437515765428543
41280	-2.444903	-1.969609	-1.763605	0.086735	0.143794	0.171426	0.04956263229250908	5.925925925925925e-05	0.1437937319278717
41400	-2.444633	-1.969633	-1.763696	0.086758	0.143804	0.171410	0.04956057146191597	5.925925925925925e-05	0.14380373060703278
41520	-2.446778	-1.969578	-1.761362	0.086572	0.143846	0.171811	0.04955835528671741	3.9506172839506166e-05	0.14384602010250092
41640	-2.448724	-1.969714	-1.761055	0.086404	0.143855	0.171863	0.049561523273587225	2.6337448559670777e-05	0.14385583996772766
41760	-2.451238	-1.969883	-1.759810	0.086187	0.143849	0.172078	0.049586806818842886	3.9506172839506166e-05	0.14384832978248596
41880	-2.452570	-1.969318	-1.759662	0.086072	0.143960	0.172103	0.0495397949591279	3.9506172839506166e-05	0.14395926892757416
42000	-2.454413	-1.969348	-1.758510	0.085914	0.143978	0.172301	0.04953799117356539	3.9506172839506166e-05	0.14397752285003662
42120	-2.454522	-1.968955	-1.757993	0.085904	0.144043	0.172390	0.04950989820063114	3.9506172839506166e-05	0.14404116570949554
42240	-2.456245	-1.968638	-1.756379	0.085756	0.144118	0.172669	0.049475332349538804	3.9506172839506166e-05	0.14411720633506775
42360	-2.457101	-1.968323	-1.755204	0.085683	0.144196	0.172872	0.04944720733910799	3.9506172839506166e-05	0.1441953033208847
42480	-2.457289	-1.968019	-1.753932	0.085667	0.144269	0.173092	0.049422853998839854	3.9506172839506166e-05	0.1442677229642868
42600	-2.457092	-1.967756	-1.753115	0.085684	0.144318	0.173233	0.04939528442919254	2.6337448559670777e-05	0.14431734383106232
42720	-2.458331	-1.967612	-1.751915	0.085578	0.144364	0.173441	0.049383165501058104	2.6337448559670777e-05	0.14436355233192444
42840	-2.458957	-1.967514	-1.750817	0.085524	0.144399	0.173632	0.04937281608581543	5.925925925925925e-05	0.14439885318279266
42960	-2.461035	-1.967475	-1.750388	0.085347	0.144421	0.173707	0.04937207438051701	5.925925925925925e-05	0.14442016184329987
43080	-2.462176	-1.967139	-1.748392	0.085249	0.144489	0.174054	0.04933872371912003	5.925925925925925e-05	0.14448921382427216
43200	-2.464884	-1.966849	-1.746296	0.085019	0.144564	0.174419	0.049316440150141715	2.6337448559670777e-05	0.14456376433372498
43320	-2.466458	-1.966413	-1.744998	0.084885	0.144654	0.174645	0.04927117470651865	3.9506172839506166e-05	0.14465343952178955
43440	-2.469498	-1.966625	-1.746587	0.084627	0.144639	0.174368	0.04928636159747839	5.925925925925925e-05	0.14463932812213898
43560	-2.470355	-1.966622	-1.745905	0.084555	0.144649	0.174487	0.049292567372322085	3.9506172839506166e-05	0.14464886486530304
43680	-2.470954	-1.966436	-1.744071	0.084504	0.144694	0.174807	0.049275238253176215	3.9506172839506166e-05	0.14469455182552338
43800	-2.470741	-1.966274	-1.742426	0.084522	0.144739	0.175095	0.04926180746406317	5.925925925925925e-05	0.14473798871040344
43920	-2.472518	-1.966074	-1.741182	0.084372	0.144788	0.175313	0.04924142155796289	5.925925925925925e-05	0.14478765428066254
44040	-2.473704	-1.966138	-1.741571	0.084272	0.144794	0.175245	0.04925048872828484	3.9506172839506166e-05	0.14479342103004456
44160	-2.474696	-1.965929	-1.739924	0.084189	0.144850	0.175534	0.049227177537977694	3.9506172839506166e-05	0.14484992623329163
44280	-2.475351	-1.965639	-1.737875	0.084133	0.144913	0.175894	0.04920684080570936	3.9506172839506166e-05	0.1449122279882431
44400	-2.476977	-1.965515	-1.737788	0.083997	0.144955	0.175909	0.04919437691569328	2.6337448559670777e-05	0.144955113530159
44520	-2.478598	-1.965769	-1.737409	0.083861	0.144940	0.175976	0.04921614956110716	3.9506172839506166e-05	0.1449395716190338
44640	-2.477744	-1.965627	-1.737674	0.083932	0.144960	0.175929	0.049200788512825964	2.6337448559670777e-05	0.14495965838432312
44760	-2.478110	-1.965236	-1.737767	0.083902	0.145026	0.175913	0.04917588550597429	3.9506172839506166e-05	0.1450245976448059
44880	-2.480868	-1.965180	-1.737691	0.083671	0.145053	0.175926	0.04916294012218714	3.9506172839506166e-05	0.14505209028720856
45000	-2.482313	-1.964770	-1.737005	0.083550	0.145137	0.176047	0.04912709016352892	5.925925925925925e-05	0.1451367437839508
45120	-2.482544	-1.964481	-1.736235	0.083530	0.145200	0.176182	0.049102956987917425	3.9506172839506166e-05	0.14519955217838287
45240	-2.483753	-1.964024	-1.734910	0.083429	0.145284	0.176416	0.04906451813876629	3.9506172839506166e-05	0.14528289437294006
45360	-2.485196	-1.964123	-1.733973	0.083309	0.145285	0.176581	0.04907099101692438	3.9506172839506166e-05	0.14528432488441467
45480	-2.485190	-1.963702	-1.734006	0.083310	0.145357	0.176576	0.04902994204312563	3.9506172839506166e-05	0.14535684883594513
45600	-2.486332	-1.963237	-1.733086	0.083215	0.145440	0.176738	0.04898771420121193	3.9506172839506166e-05	0.14543987810611725
45720	-2.487107	-1.962822	-1.732611	0.083150	0.145523	0.176822	0.048956056125462055	3.9506172839506166e-05	0.14552226662635803
45840	-2.488122	-1.962616	-1.731694	0.083066	0.145568	0.176984	0.04892811942845583	5.925925925925925e-05	0.14556866884231567
45960	-2.488214	-1.962167	-1.731799	0.083058	0.145651	0.176966	0.04889586064964533	3.9506172839506166e-05	0.14565078914165497
46080	-2.488217	-1.961989	-1.730746	0.083058	0.145685	0.177152	0.04887838307768107	2.6337448559670777e-05	0.14568369090557098
46200	-2.489411	-1.961812	-1.729720	0.082959	0.145732	0.177334	0.04886358492076397	3.9506172839506166e-05	0.1457313746213913
46320	-2.491509	-1.961978	-1.728441	0.082785	0.145745	0.177561	0.048877192102372645	3.9506172839506166e-05	0.1457439363002777
46440	-2.491503	-1.961696	-1.727042	0.082785	0.145801	0.177810	0.04884846769273281	3.9506172839506166e-05	0.1458008736371994
46560	-2.492746	-1.961624	-1.725782	0.082683	0.145834	0.178034	0.04884092528373003	3.9506172839506166e-05	0.14583340287208557
46680	-2.494303	-1.961372	-1.724463	0.082554	0.145886	0.178269	0.048821888491511346	2.6337448559670777e-05	0.14588563144207
46800	-2.495551	-1.960606	-1.723655	0.082451	0.146021	0.178413	0.048758101835846904	5.925925925925925e-05	0.14601962268352509
46920	-2.496876	-1.959931	-1.723093	0.082342	0.146142	0.178513	0.04870203845202923	3.9506172839506166e-05	0.14614024758338928
47040	-2.497942	-1.959236	-1.723018	0.082254	0.146270	0.178527	0.04863352086395025	5.925925925925925e-05	0.14626847207546234
47160	-2.498698	-1.958962	-1.723044	0.082192	0.146314	0.178522	0.0486054627224803	1.7558299039780518e-05	0.14631329476833344
47280	-2.500551	-1.958611	-1.722829	0.082040	0.146390	0.178560	0.04857303071767092	3.9506172839506166e-05	0.14639002084732056
47400	-2.501379	-1.958305	-1.720348	0.081972	0.146451	0.179004	0.04854256995022297	3.9506172839506166e-05	0.146450936794281
47520	-2.501788	-1.957958	-1.720587	0.081938	0.146521	0.178961	0.04851822406053543	3.9506172839506166e-05	0.14651937782764435
47640	-2.499652	-1.957812	-1.719887	0.082114	0.146548	0.179086	0.048499119468033314	5.925925925925925e-05	0.14654752612113953
47760	-2.500525	-1.957337	-1.718619	0.082042	0.146632	0.179314	0.04846074189990759	3.9506172839506166e-05	0.14663143455982208
47880	-2.500920	-1.956753	-1.718819	0.082009	0.146746	0.179278	0.04841191731393337	3.9506172839506166e-05	0.14674507081508636
48000	-2.499951	-1.956550	-1.716155	0.082089	0.146788	0.179756	0.048387296684086326	3.9506172839506166e-05	0.14678774774074554
48120	-2.501086	-1.956510	-1.715869	0.081996	0.146806	0.179807	0.04838381614536047	2.6337448559670777e-05	0.14680525660514832
48240	-2.502231	-1.956175	-1.715749	0.081902	0.146876	0.179829	0.04835024103522301	3.9506172839506166e-05	0.14687639474868774
48360	-2.502822	-1.955575	-1.715310	0.081854	0.146978	0.179908	0.048305425234138964	5.925925925925925e-05	0.14697636663913727
48480	-2.503568	-1.955186	-1.714229	0.081793	0.147055	0.180103	0.04826607182621956	3.9506172839506166e-05	0.14705441892147064
48600	-2.505573	-1.954658	-1.713411	0.081629	0.147155	0.180250	0.04822017569094896	3.9506172839506166e-05	0.1471538543701172
48720	-2.505416	-1.954007	-1.712603	0.081642	0.147257	0.180396	0.04816211275756359	3.9506172839506166e-05	0.14725595712661743
48840	-2.505309	-1.953537	-1.710800	0.081650	0.147347	0.180721	0.04811382386833429	5.925925925925925e-05	0.14734701812267303
48960	-2.505616	-1.953350	-1.710883	0.081625	0.147391	0.180706	0.04810265619307756	3.9506172839506166e-05	0.14738956093788147
49080	-2.505724	-1.953375	-1.710114	0.081616	0.147398	0.180845	0.048097769170999526	3.9506172839506166e-05	0.14739735424518585
49200	-2.505853	-1.952972	-1.709862	0.081606	0.147470	0.180891	0.04806571658700705	3.9506172839506166e-05	0.14746977388858795
49320	-2.505566	-1.952788	-1.708296	0.081629	0.147512	0.181174	0.04804673362523317	3.9506172839506166e-05	0.14751189947128296
49440	-2.506936	-1.952615	-1.708039	0.081518	0.147546	0.181221	0.04802855737507343	3.9506172839506166e-05	0.14754602313041687
49560	-2.506757	-1.952171	-1.707109	0.081532	0.147623	0.181389	0.04799115937203169	3.9506172839506166e-05	0.14762309193611145
49680	-2.508465	-1.952087	-1.705952	0.081393	0.147665	0.181599	0.04798825327306986	2.6337448559670777e-05	0.14766405522823334
49800	-2.510544	-1.951791	-1.705008	0.081224	0.147733	0.181771	0.04795989543199539	3.9506172839506166e-05	0.14773254096508026
49920	-2.510330	-1.951832	-1.703215	0.081241	0.147729	0.182097	0.04795715101063251	3.9506172839506166e-05	0.14772926270961761
50040	-2.510074	-1.951439	-1.702883	0.081262	0.147803	0.182158	0.04792496841400862	2.6337448559670777e-05	0.1478029489517212
50160	-2.511130	-1.951338	-1.702785	0.081176	0.147829	0.182175	0.04792146030813456	3.9506172839506166e-05	0.14782832562923431
50280	-2.510996	-1.950982	-1.702055	0.081187	0.147895	0.182308	0.047894426807761195	3.9506172839506166e-05	0.14789263904094696
50400	-2.510508	-1.950786	-1.698254	0.081227	0.147932	0.183003	0.047856455110013484	3.9506172839506166e-05	0.14793333411216736
50520	-2.511740	-1.951013	-1.698231	0.081127	0.147905	0.183007	0.04788977168500423	3.9506172839506166e-05	0.147904172539711
50640	-2.512859	-1.950835	-1.699030	0.081036	0.147946	0.182861	0.04787269588559866	3.9506172839506166e-05	0.1479446291923523
50760	-2.514531	-1.950450	-1.698949	0.080901	0.148022	0.182876	0.04783885832875967	5.925925925925925e-05	0.14802172780036926
50880	-2.514545	-1.949951	-1.697845	0.080900	0.148116	0.183078	0.047792930714786054	3.9506172839506166e-05	0.1481153815984726
51000	-2.515954	-1.949880	-1.696227	0.080786	0.148146	0.183374	0.04778418261557817	3.9506172839506166e-05	0.14814598858356476
51120	-2.517133	-1.949949	-1.694712	0.080691	0.148168	0.183652	0.04779291711747646	3.9506172839506166e-05	0.14816705882549286
51240	-2.516942	-1.949505	-1.692918	0.080706	0.148257	0.183982	0.047748465277254584	3.9506172839506166e-05	0.14825782179832458
51360	-2.517565	-1.949196	-1.691479	0.080656	0.148333	0.184247	0.04772087354212999	5.925925925925925e-05	0.14833302795886993
51480	-2.518391	-1.949352	-1.691083	0.080589	0.148331	0.184320	0.04774046614766121	2.6337448559670777e-05	0.14833016693592072
51600	-2.520194	-1.949175	-1.690968	0.080444	0.148381	0.184341	0.04772247839719057	3.9506172839506166e-05	0.14837999641895294
51720	-2.519352	-1.948731	-1.689404	0.080512	0.148465	0.184630	0.04768747705966234	5.925925925925925e-05	0.14846432209014893
51840	-2.519709	-1.948534	-1.689266	0.080483	0.148486	0.184655	0.0476638188585639	3.9506172839506166e-05	0.14848628640174866
51960	-2.520772	-1.948343	-1.689669	0.080398	0.148527	0.184581	0.04764933213591575	3.9506172839506166e-05	0.1485266387462616
52080	-2.520688	-1.948105	-1.688483	0.080404	0.148578	0.184800	0.04762978572398424	3.9506172839506166e-05	0.14857743680477142
52200	-2.522943	-1.947700	-1.686894	0.080223	0.148668	0.185094	0.047590806521475314	3.9506172839506166e-05	0.1486676186323166
52320	-2.524485	-1.947496	-1.687068	0.080100	0.148716	0.185061	0.0475722162052989	3.9506172839506166e-05	0.14871574938297272
52440	-2.525795	-1.947302	-1.687643	0.079995	0.148758	0.184955	0.04755302630364895	5.925925925925925e-05	0.14875809848308563
52560	-2.527196	-1.947371	-1.686478	0.079883	0.148767	0.185171	0.047558161430060863	3.9506172839506166e-05	0.14876721799373627
52680	-2.527226	-1.947077	-1.685937	0.079880	0.148823	0.185271	0.04753556102514267	2.6337448559670777e-05	0.14882242679595947
52800	-2.528642	-1.946746	-1.684460	0.079767	0.148897	0.185545	0.0475046668201685	5.925925925925925e-05	0.148895725607872
52920	-2.530870	-1.946379	-1.685029	0.079590	0.148970	0.185439	0.047475040331482886	3.9506172839506166e-05	0.14896929264068604
53040	-2.531252	-1.946253	-1.683920	0.079559	0.149016	0.185645	0.0474578745663166	3.9506172839506166e-05	0.14901523292064667
53160	-2.532597	-1.946088	-1.681592	0.079452	0.149052	0.186077	0.047443723678588866	3.9506172839506166e-05	0.1490519642829895
53280	-2.532689	-1.945803	-1.680387	0.079445	0.149120	0.186302	0.04742009043693542	3.9506172839506166e-05	0.1491195410490036
53400	-2.532515	-1.945820	-1.680963	0.079459	0.149137	0.186195	0.04742373302578926	3.9506172839506166e-05	0.14913596212863922
53520	-2.533336	-1.945659	-1.681421	0.079394	0.149170	0.186109	0.047405803389847276	3.9506172839506166e-05	0.1491696685552597
53640	-2.534302	-1.945120	-1.681314	0.079317	0.149279	0.186129	0.047358446195721625	3.9506172839506166e-05	0.1492787003517151
53760	-2.534496	-1.944916	-1.679060	0.079302	0.149326	0.186549	0.047343474626541135	2.6337448559670777e-05	0.14932489395141602
53880	-2.533983	-1.944596	-1.679457	0.079342	0.149386	0.186475	0.04730891901999712	3.9506172839506166e-05	0.14938563108444214
54000	-2.536525	-1.944677	-1.677665	0.079141	0.149401	0.186810	0.04731359295547009	3.9506172839506166e-05	0.14940129220485687
54120	-2.536936	-1.944826	-1.677160	0.079108	0.149388	0.186904	0.04732637926936149	3.9506172839506166e-05	0.14938798546791077
54240	-2.537685	-1.944434	-1.675602	0.079049	0.149465	0.187195	0.04729631096124649	3.9506172839506166e-05	0.14946505427360535
54360	-2.539246	-1.944269	-1.674364	0.078926	0.149516	0.187427	0.047279336117208005	3.9506172839506166e-05	0.1495162844657898
54480	-2.542320	-1.944481	-1.674775	0.078684	0.149508	0.187350	0.047305898554623124	1.7558299039780518e-05	0.14950692653656006
54600	-2.543283	-1.944518	-1.673838	0.078608	0.149518	0.187526	0.04730078671127558	3.9506172839506166e-05	0.1495184451341629
54720	-2.545197	-1.944337	-1.671231	0.078458	0.149576	0.188016	0.047286676801741125	3.9506172839506166e-05	0.14957548677921295
54840	-2.546034	-1.944051	-1.670937	0.078392	0.149639	0.188071	0.0472605949267745	3.9506172839506166e-05	0.1496385782957077
54960	-2.546851	-1.943896	-1.670820	0.078328	0.149669	0.188093	0.04724408779293299	2.6337448559670777e-05	0.14966966211795807
55080	-2.547955	-1.943599	-1.670536	0.078242	0.149737	0.188146	0.04722236152738333	3.9506172839506166e-05	0.14973580837249756
55200	-2.548836	-1.943380	-1.669508	0.078173	0.149790	0.188340	0.04720132276415825	3.9506172839506166e-05	0.1497892290353775
55320	-2.549409	-1.943179	-1.668141	0.078128	0.149841	0.188597	0.04717983268201351	3.9506172839506166e-05	0.14984004199504852
55440	-2.550051	-1.943147	-1.667192	0.078078	0.149869	0.188776	0.04717724602669478	3.9506172839506166e-05	0.14986953139305115
55560	-2.551130	-1.943053	-1.666794	0.077993	0.149899	0.188852	0.047172625176608564	3.9506172839506166e-05	0.14989803731441498
55680	-2.552225	-1.942531	-1.666049	0.077908	0.150005	0.188992	0.04712722823023796	3.9506172839506166e-05	0.15000422298908234
55800	-2.553589	-1.942364	-1.665439	0.077802	0.150049	0.189108	0.04711254723370075	3.9506172839506166e-05	0.15004779398441315
55920	-2.553412	-1.941978	-1.664295	0.077816	0.150130	0.189324	0.04708249866962433	5.925925925925925e-05	0.1501288264989853
56040	-2.553015	-1.941335	-1.663388	0.077847	0.150248	0.189496	0.04702140036970377	3.9506172839506166e-05	0.1502467393875122
56160	-2.554265	-1.940865	-1.661784	0.077749	0.150340	0.189800	0.0469752911478281	3.9506172839506166e-05	0.15033957362174988
56280	-2.554408	-1.940413	-1.660104	0.077738	0.150423	0.190119	0.046937132626771925	3.9506172839506166e-05	0.15042142570018768
56400	-2.554909	-1.939939	-1.659746	0.077699	0.150503	0.190187	0.046893905848264694	3.9506172839506166e-05	0.15050198137760162
56520	-2.555009	-1.939570	-1.658691	0.077692	0.150587	0.190388	0.04686034433543682	3.9506172839506166e-05	0.1505858153104782
56640	-2.556973	-1.939335	-1.658716	0.077539	0.150639	0.190383	0.04683488458395004	3.9506172839506166e-05	0.15063905715942383
56760	-2.558810	-1.939026	-1.657526	0.077397	0.150721	0.190610	0.046807531639933585	3.9506172839506166e-05	0.15072079002857208
56880	-2.559430	-1.938426	-1.655881	0.077349	0.150837	0.190924	0.046756081469357016	3.9506172839506166e-05	0.15083661675453186
57000	-2.559479	-1.938200	-1.654195	0.077345	0.150896	0.191246	0.04673589318990708	3.9506172839506166e-05	0.15089529752731323
57120	-2.560717	-1.938030	-1.654019	0.077249	0.150948	0.191280	0.046718945167958735	3.9506172839506166e-05	0.15094740688800812
57240	-2.561226	-1.937427	-1.653814	0.077210	0.151065	0.191319	0.04667027536779642	3.9506172839506166e-05	0.15106432139873505
57360	-2.563296	-1.937000	-1.652689	0.077050	0.151156	0.191534	0.046625849045813086	3.9506172839506166e-05	0.15115578472614288
57480	-2.564412	-1.937083	-1.650889	0.076964	0.151170	0.191879	0.04663342982530594	3.9506172839506166e-05	0.15116916596889496
57600	-2.563734	-1.936718	-1.650219	0.077017	0.151232	0.192008	0.046604303270578386	2.6337448559670777e-05	0.1512315571308136
57720	-2.563754	-1.936314	-1.650502	0.077015	0.151317	0.191953	0.04656375292688608	3.9506172839506166e-05	0.15131711959838867
57840	-2.565448	-1.936166	-1.650598	0.076885	0.151360	0.191935	0.04655387699604034	5.925925925925925e-05	0.15135924518108368
57960	-2.567708	-1.935771	-1.649583	0.076711	0.151446	0.192130	0.04651704803109169	3.9506172839506166e-05	0.15144582092761993
58080	-2.569496	-1.935279	-1.649107	0.076574	0.151552	0.192221	0.04647921714931726	3.9506172839506166e-05	0.15155038237571716
58200	-2.570008	-1.935131	-1.647834	0.076535	0.151584	0.192466	0.046458547748625276	2.6337448559670777e-05	0.15158338844776154
58320	-2.570625	-1.935088	-1.647511	0.076488	0.151605	0.192528	0.04645385891199112	3.9506172839506166e-05	0.1516052931547165
58440	-2.572378	-1.934447	-1.646300	0.076354	0.151736	0.192762	0.04639965444803238	3.9506172839506166e-05	0.15173505246639252
58560	-2.572814	-1.934160	-1.646072	0.076320	0.151804	0.192806	0.04637888502329588	3.9506172839506166e-05	0.15180237591266632
58680	-2.574046	-1.933918	-1.644966	0.076226	0.151865	0.193019	0.046352926269173624	3.9506172839506166e-05	0.15186291933059692
58800	-2.574166	-1.933536	-1.643100	0.076217	0.151954	0.193380	0.04632165040820837	3.9506172839506166e-05	0.15195244550704956
58920	-2.575572	-1.933150	-1.644090	0.076110	0.152031	0.193188	0.04628380015492439	2.6337448559670777e-05	0.15203018486499786
59040	-2.577280	-1.933074	-1.644047	0.075980	0.152065	0.193197	0.04627107195556164	3.9506172839506166e-05	0.15206469595432281
59160	-2.579263	-1.932916	-1.644353	0.075830	0.152118	0.193138	0.046263301931321624	3.9506172839506166e-05	0.15211716294288635
59280	-2.580129	-1.932557	-1.643665	0.075764	0.152194	0.193270	0.04622953478246927	3.9506172839506166e-05	0.15219278633594513
59400	-2.580744	-1.932125	-1.642312	0.075718	0.152281	0.193532	0.04619433581829071	3.9506172839506166e-05	0.15227967500686646
59520	-2.581765	-1.931988	-1.641755	0.075640	0.152313	0.193640	0.046176888048648834	2.6337448559670777e-05	0.1523124873638153
59640	-2.582501	-1.931810	-1.640696	0.075585	0.152366	0.193845	0.04616384599357844	3.9506172839506166e-05	0.15236516296863556
59760	-2.582510	-1.931681	-1.639219	0.075584	0.152406	0.194132	0.04614298511296511	3.9506172839506166e-05	0.1524062156677246
59880	-2.583497	-1.931526	-1.638436	0.075509	0.152455	0.194284	0.046132668666541574	3.9506172839506166e-05	0.152454674243927
60000	-2.583485	-1.931294	-1.638010	0.075510	0.152510	0.194367	0.04611493721604347	3.9506172839506166e-05	0.1525082141160965
60120	-2.584743	-1.930927	-1.636464	0.075415	0.152590	0.194667	0.04607694055885077	3.9506172839506166e-05	0.15258978307247162
60240	-2.585679	-1.931011	-1.635537	0.075345	0.152597	0.194848	0.046086514927446844	3.9506172839506166e-05	0.15259654819965363
60360	-2.587301	-1.930716	-1.633528	0.075223	0.152661	0.195239	0.04606516547501087	3.9506172839506166e-05	0.15266014635562897
60480	-2.588621	-1.930247	-1.633586	0.075124	0.152765	0.195228	0.04602094832807779	3.9506172839506166e-05	0.15276432037353516
60600	-2.589858	-1.929972	-1.633232	0.075031	0.152832	0.195297	0.046000512689352034	3.9506172839506166e-05	0.15283028781414032
60720	-2.591555	-1.929857	-1.632675	0.074903	0.152886	0.195406	0.045984873361885545	3.9506172839506166e-05	0.15288574993610382
60840	-2.594000	-1.929770	-1.632686	0.074721	0.152935	0.195404	0.04597549941390753	5.925925925925925e-05	0.15293432772159576
60960	-2.595694	-1.929454	-1.630759	0.074594	0.153018	0.195781	0.04594942405819893	5.925925925925925e-05	0.1530173420906067
61080	-2.596684	-1.929116	-1.627958	0.074520	0.153086	0.196330	0.045919917337596414	3.9506172839506166e-05	0.15308500826358795
61200	-2.597006	-1.928569	-1.627497	0.074496	0.153210	0.196421	0.045866172574460504	5.925925925925925e-05	0.15321052074432373
61320	-2.597217	-1.928120	-1.627991	0.074481	0.153306	0.196324	0.045833120308816436	3.9506172839506166e-05	0.15330399572849274
61440	-2.598888	-1.928236	-1.628363	0.074356	0.153308	0.196251	0.04583832621574402	3.9506172839506166e-05	0.15330778062343597
61560	-2.601616	-1.928514	-1.627734	0.074154	0.153295	0.196374	0.045858468487858774	3.9506172839506166e-05	0.15329569578170776
61680	-2.602741	-1.928369	-1.626908	0.074070	0.153360	0.196536	0.04584969468414783	1.7558299039780518e-05	0.15335975587368011
61800	-2.602750	-1.927944	-1.626824	0.074070	0.153439	0.196553	0.04581801313906908	3.9506172839506166e-05	0.1534380465745926
61920	-2.604305	-1.928076	-1.628741	0.073955	0.153444	0.196176	0.04582137539982796	5.925925925925925e-05	0.15344472229480743
62040	-2.606009	-1.928111	-1.627867	0.073829	0.153464	0.196348	0.045834687724709514	3.9506172839506166e-05	0.1534627079963684
62160	-2.606354	-1.927753	-1.627751	0.073803	0.153530	0.196371	0.04579753205180168	3.9506172839506166e-05	0.1535293608903885
62280	-2.607874	-1.927258	-1.626593	0.073691	0.153630	0.196598	0.04575416743755341	3.9506172839506166e-05	0.15362884104251862
62400	-2.608561	-1.926974	-1.625329	0.073640	0.153694	0.196847	0.045724849589169024	3.9506172839506166e-05	0.15369388461112976
62520	-2.609426	-1.926903	-1.625288	0.073577	0.153722	0.196855	0.04571316353976727	3.9506172839506166e-05	0.15372219681739807
62640	-2.610541	-1.926820	-1.624819	0.073495	0.153758	0.196947	0.0457120705395937	3.9506172839506166e-05	0.15375734865665436
62760	-2.610023	-1.926432	-1.623817	0.073533	0.153837	0.197145	0.04568033758550882	3.9506172839506166e-05	0.15383589267730713
62880	-2.609682	-1.926059	-1.623235	0.073558	0.153918	0.197260	0.045643702149391174	2.6337448559670777e-05	0.15391705930233002
63000	-2.611107	-1.925751	-1.623091	0.073453	0.153992	0.197288	0.04561714045703411	2.6337448559670777e-05	0.15399137139320374
63120	-2.612205	-1.925750	-1.621409	0.073373	0.154024	0.197620	0.04561437703669071	3.9506172839506166e-05	0.15402346849441528
63240	-2.614142	-1.925546	-1.620058	0.073231	0.154076	0.197887	0.04559756089001894	5.925925925925925e-05	0.1540757715702057
63360	-2.614431	-1.925247	-1.620794	0.073209	0.154133	0.197742	0.04557129517197609	3.9506172839506166e-05	0.15413185954093933
63480	-2.613131	-1.924804	-1.620135	0.073305	0.154211	0.197872	0.045529392547905445	3.9506172839506166e-05	0.15421006083488464
63600	-2.613303	-1.924542	-1.619827	0.073292	0.154275	0.197933	0.04550693053752184	3.9506172839506166e-05	0.15427365899085999
63720	-2.614400	-1.924086	-1.618531	0.073212	0.154379	0.198190	0.04546601567417383	3.9506172839506166e-05	0.15437805652618408
63840	-2.616055	-1.923650	-1.617207	0.073091	0.154459	0.198452	0.045426874049007894	3.9506172839506166e-05	0.1544589102268219
63960	-2.618900	-1.923560	-1.616267	0.072883	0.154501	0.198639	0.04541456196457148	3.9506172839506166e-05	0.1545010656118393
64080	-2.620682	-1.923650	-1.615550	0.072753	0.154505	0.198781	0.045424918085336684	3.9506172839506166e-05	0.15450511872768402
64200	-2.623008	-1.923658	-1.613584	0.072584	0.154539	0.199173	0.04542199708521366	3.9506172839506166e-05	0.15453927218914032
64320	-2.624595	-1.923272	-1.613069	0.072469	0.154633	0.199275	0.04539110101759434	3.9506172839506166e-05	0.15463319420814514
64440	-2.625114	-1.922880	-1.611781	0.072431	0.154720	0.199532	0.04535842444747686	3.9506172839506166e-05	0.1547195315361023
64560	-2.626487	-1.923089	-1.612846	0.072332	0.154709	0.199320	0.045374500937759875	2.6337448559670777e-05	0.15470834076404572
64680	-2.626634	-1.922574	-1.611969	0.072321	0.154814	0.199495	0.04533137027174235	2.6337448559670777e-05	0.15481317043304443
64800	-2.627910	-1.922338	-1.611897	0.072229	0.154866	0.199509	0.04531032219529152	3.9506172839506166e-05	0.1548653393983841
64920	-2.628922	-1.922013	-1.612604	0.072156	0.154948	0.199368	0.045277880504727364	3.9506172839506166e-05	0.15494728088378906
65040	-2.629692	-1.921531	-1.611117	0.072101	0.155055	0.199665	0.045238611102104184	2.6337448559670777e-05	0.15505391359329224
65160	-2.631394	-1.921467	-1.610268	0.071978	0.155087	0.199834	0.04522723071277142	2.6337448559670777e-05	0.15508653223514557
65280	-2.631917	-1.921125	-1.610174	0.071940	0.155166	0.199853	0.045201726630330084	3.9506172839506166e-05	0.15516531467437744
65400	-2.633140	-1.921028	-1.609598	0.071852	0.155204	0.199968	0.04518814217299223	3.9506172839506166e-05	0.15520383417606354
65520	-2.634793	-1.920406	-1.609958	0.071734	0.155326	0.199896	0.04513648562133312	3.9506172839506166e-05	0.15532518923282623
65640	-2.634045	-1.920222	-1.609227	0.071787	0.155382	0.200042	0.04511642139405012	3.9506172839506166e-05	0.15538202226161957
65760	-2.634668	-1.919891	-1.607623	0.071743	0.155465	0.200363	0.04508892111480236	2.6337448559670777e-05	0.155464768409729
65880	-2.635469	-1.919575	-1.607738	0.071685	0.155536	0.200340	0.04506000839173794	3.9506172839506166e-05	0.15553587675094604
66000	-2.635887	-1.919228	-1.606380	0.071655	0.155616	0.200613	0.04503282569348812	3.9506172839506166e-05	0.15561500191688538
66120	-2.637688	-1.919107	-1.607167	0.071526	0.155673	0.200455	0.04501863196492195	3.9506172839506166e-05	0.1556718945503235
66240	-2.638640	-1.918683	-1.606122	0.071458	0.155768	0.200664	0.04498320873826742	3.9506172839506166e-05	0.15576694905757904
66360	-2.640190	-1.918292	-1.604856	0.071348	0.155858	0.200918	0.0449452992528677	3.9506172839506166e-05	0.15585659444332123
66480	-2.641392	-1.918010	-1.604175	0.071262	0.155942	0.201055	0.04492154810577631	3.9506172839506166e-05	0.15594109892845154
66600	-2.642333	-1.917939	-1.603002	0.071195	0.155979	0.201291	0.04490754697471857	3.9506172839506166e-05	0.15597938001155853
66720	-2.643797	-1.917819	-1.601466	0.071091	0.156032	0.201601	0.04490301962941885	3.9506172839506166e-05	0.15603132545948029
66840	-2.645108	-1.917527	-1.600630	0.070998	0.156103	0.201769	0.04487867541611194	3.9506172839506166e-05	0.15610215067863464
66960	-2.647115	-1.917208	-1.600322	0.070855	0.156188	0.201831	0.04484946969896555	3.9506172839506166e-05	0.15618735551834106
67080	-2.648667	-1.917072	-1.598424	0.070745	0.156219	0.202215	0.04483292698860168	3.9506172839506166e-05	0.15621881186962128
67200	-2.649835	-1.916928	-1.597624	0.070663	0.156274	0.202377	0.044823451340198515	3.9506172839506166e-05	0.15627260506153107
67320	-2.650543	-1.916865	-1.597609	0.070613	0.156310	0.202380	0.04481642469763756	2.6337448559670777e-05	0.1563091278076172
67440	-2.652364	-1.917008	-1.597062	0.070484	0.156323	0.202490	0.04482730086892843	3.9506172839506166e-05	0.1563234031200409
67560	-2.653926	-1.917096	-1.596149	0.070374	0.156362	0.202676	0.04483121521770954	3.9506172839506166e-05	0.15636233985424042
67680	-2.655694	-1.917145	-1.595260	0.070250	0.156389	0.202856	0.04484488554298878	5.925925925925925e-05	0.1563873291015625
67800	-2.655609	-1.916624	-1.594450	0.070256	0.156500	0.203020	0.044798001646995544	3.9506172839506166e-05	0.15649834275245667
67920	-2.655524	-1.916575	-1.592553	0.070262	0.156519	0.203406	0.04478430785238743	3.9506172839506166e-05	0.1565195918083191
68040	-2.657853	-1.916250	-1.591146	0.070099	0.156617	0.203692	0.04476146753877401	3.9506172839506166e-05	0.15661610662937164
68160	-2.659818	-1.915994	-1.592222	0.069961	0.156673	0.203473	0.044735933654010296	3.9506172839506166e-05	0.15667249262332916
68280	-2.659794	-1.915876	-1.590849	0.069963	0.156707	0.203753	0.04472634512931108	3.9506172839506166e-05	0.15670621395111084
68400	-2.660153	-1.915359	-1.589806	0.069938	0.156793	0.203965	0.04467957932502031	3.9506172839506166e-05	0.15679247677326202
68520	-2.661281	-1.915163	-1.588699	0.069859	0.156856	0.204191	0.04466008637100458	3.9506172839506166e-05	0.1568557322025299
68640	-2.663959	-1.914884	-1.587068	0.069672	0.156922	0.204524	0.04463897477835417	3.9506172839506166e-05	0.15692102909088135
68760	-2.666278	-1.914799	-1.585919	0.069510	0.156973	0.204759	0.04462729338556528	3.9506172839506166e-05	0.15697228908538818
68880	-2.667640	-1.914712	-1.586210	0.069416	0.156997	0.204700	0.044619306176900866	1.7558299039780518e-05	0.15699701011180878
69000	-2.668597	-1.914912	-1.585512	0.069349	0.156994	0.204843	0.0446365550160408	3.9506172839506166e-05	0.15699423849582672
69120	-2.668405	-1.914483	-1.584858	0.069363	0.157090	0.204977	0.04459635689854622	3.9506172839506166e-05	0.15709015727043152
69240	-2.667640	-1.914445	-1.584370	0.069416	0.157102	0.205077	0.04459425043314695	3.9506172839506166e-05	0.15710137784481049
69360	-2.668266	-1.914390	-1.584578	0.069372	0.157131	0.205034	0.044594288989901545	3.9506172839506166e-05	0.15713030099868774
69480	-2.669577	-1.913969	-1.584844	0.069282	0.157212	0.204980	0.04455496203154326	3.9506172839506166e-05	0.15721169114112854
69600	-2.669890	-1.913304	-1.584276	0.069260	0.157333	0.205096	0.04449654296040535	2.6337448559670777e-05	0.15733295679092407
69720	-2.670880	-1.912631	-1.584273	0.069191	0.157476	0.205097	0.044438712671399115	2.6337448559670777e-05	0.15747450292110443
69840	-2.672613	-1.912375	-1.583238	0.069071	0.157536	0.205309	0.04441363215446472	3.9506172839506166e-05	0.15753455460071564
69960	-2.672874	-1.911868	-1.582100	0.069053	0.157643	0.205543	0.044371293298900126	2.6337448559670777e-05	0.15764150023460388
70080	-2.673400	-1.911753	-1.580625	0.069017	0.157680	0.205846	0.044352554529905316	2.6337448559670777e-05	0.15768003463745117
70200	-2.675089	-1.911202	-1.578739	0.068901	0.157791	0.206235	0.04431249350309372	5.925925925925925e-05	0.1577889770269394
70320	-2.675793	-1.910916	-1.577552	0.068852	0.157854	0.206480	0.04428186025470495	3.9506172839506166e-05	0.15785320103168488
70440	-2.678395	-1.910698	-1.577076	0.068673	0.157931	0.206578	0.04426683206111193	5.925925925925925e-05	0.15792903304100037
70560	-2.679929	-1.910200	-1.576373	0.068568	0.158032	0.206724	0.044212710484862326	3.9506172839506166e-05	0.15803185105323792
70680	-2.680827	-1.909978	-1.575627	0.068506	0.158091	0.206878	0.0441905464977026	3.9506172839506166e-05	0.1580909937620163
70800	-2.683028	-1.909793	-1.574255	0.068356	0.158143	0.207162	0.04417978245764971	3.9506172839506166e-05	0.15814246237277985
70920	-2.684176	-1.909666	-1.573574	0.068277	0.158179	0.207303	0.04416588842868805	3.9506172839506166e-05	0.1581786870956421
71040	-2.685628	-1.909426	-1.573944	0.068178	0.158246	0.207226	0.044144558161497115	2.6337448559670777e-05	0.1582455188035965
71160	-2.685847	-1.909335	-1.573757	0.068163	0.158279	0.207265	0.04413598719984293	2.6337448559670777e-05	0.15827852487564087
71280	-2.685990	-1.908626	-1.573052	0.068154	0.158417	0.207411	0.04407907370477915	3.9506172839506166e-05	0.1584150195121765
71400	-2.687390	-1.908255	-1.572112	0.068058	0.158491	0.207606	0.04403934851288795	3.9506172839506166e-05	0.1584906429052353
71520	-2.688292	-1.908195	-1.573051	0.067997	0.158530	0.207411	0.04403587449342013	2.6337448559670777e-05	0.15852944552898407
71640	-2.690278	-1.908051	-1.573388	0.067862	0.158573	0.207341	0.04402170646935701	3.9506172839506166e-05	0.1585722714662552
71760	-2.691854	-1.907869	-1.574436	0.067755	0.158615	0.207124	0.044004110246896745	3.9506172839506166e-05	0.15861475467681885
71880	-2.692395	-1.907361	-1.573915	0.067719	0.158735	0.207232	0.043960577435791494	3.9506172839506166e-05	0.15873365104198456
72000	-2.693038	-1.907376	-1.572446	0.067675	0.158752	0.207537	0.04395830798894167	2.6337448559670777e-05	0.15875227749347687
72120	-2.694823	-1.907412	-1.572914	0.067554	0.158762	0.207440	0.0439655251801014	2.6337448559670777e-05	0.15876103937625885
72240	-2.696391	-1.907512	-1.572678	0.067448	0.158772	0.207489	0.04397337306290865	3.9506172839506166e-05	0.1587708443403244
72360	-2.696796	-1.907082	-1.572311	0.067421	0.158865	0.207565	0.04394382666796446	3.9506172839506166e-05	0.1588623970746994
72480	-2.697319	-1.907098	-1.571902	0.067386	0.158891	0.207650	0.043935760483145715	3.9506172839506166e-05	0.15889054536819458
72600	-2.699697	-1.907024	-1.572431	0.067226	0.158934	0.207540	0.04392804279923439	2.6337448559670777e-05	0.15893356502056122
72720	-2.699924	-1.906715	-1.571403	0.067211	0.159005	0.207753	0.04390482753515244	3.9506172839506166e-05	0.1590036153793335
72840	-2.701843	-1.905818	-1.569984	0.067082	0.159184	0.208048	0.04382880609482527	3.9506172839506166e-05	0.15918168425559998
72960	-2.701181	-1.905423	-1.569036	0.067126	0.159271	0.208246	0.04378920253366232	3.9506172839506166e-05	0.15926949679851532
73080	-2.701989	-1.905089	-1.568535	0.067072	0.159348	0.208350	0.04375539571046829	3.9506172839506166e-05	0.1593470573425293
73200	-2.702033	-1.904754	-1.567015	0.067069	0.159429	0.208667	0.04372567515820265	3.9506172839506166e-05	0.1594289392232895
73320	-2.701964	-1.904245	-1.565902	0.067074	0.159512	0.208899	0.04368050433695316	2.6337448559670777e-05	0.1595115214586258
73440	-2.702037	-1.904138	-1.565373	0.067069	0.159544	0.209010	0.04366894587874413	3.9506172839506166e-05	0.15954357385635376
73560	-2.701474	-1.903713	-1.565123	0.067107	0.159624	0.209062	0.04363242480903864	3.9506172839506166e-05	0.15962272882461548
73680	-2.701374	-1.903641	-1.567128	0.067113	0.159653	0.208644	0.043626871146261695	3.9506172839506166e-05	0.15965178608894348
73800	-2.701050	-1.903330	-1.566974	0.067135	0.159711	0.208676	0.04359766561537981	3.9506172839506166e-05	0.15971021354198456
73920	-2.701013	-1.903085	-1.567068	0.067137	0.159766	0.208656	0.04357291795313358	2.6337448559670777e-05	0.15976519882678986
74040	-2.701329	-1.902916	-1.567044	0.067116	0.159809	0.208661	0.04355931133031845	3.9506172839506166e-05	0.15980853140354156
74160	-2.703205	-1.902604	-1.566583	0.066990	0.159887	0.208757	0.04353290107101202	3.9506172839506166e-05	0.15988625586032867
74280	-2.702522	-1.902446	-1.565777	0.067036	0.159919	0.208926	0.043516461923718455	3.9506172839506166e-05	0.15991878509521484
74400	-2.703275	-1.902006	-1.564555	0.066986	0.160022	0.209181	0.04348176829516888	3.9506172839506166e-05	0.16002030670642853
74520	-2.704600	-1.901778	-1.564149	0.066897	0.160087	0.209266	0.0434514369815588	3.9506172839506166e-05	0.16008709371089935
74640	-2.705765	-1.901830	-1.564658	0.066819	0.160094	0.209160	0.04346110634505749	3.9506172839506166e-05	0.16009379923343658
74760	-2.705754	-1.901596	-1.563700	0.066820	0.160155	0.209360	0.0434396656230092	5.925925925925925e-05	0.1601548194885254
74880	-2.707345	-1.901159	-1.561907	0.066714	0.160251	0.209736	0.04340751692652702	3.9506172839506166e-05	0.16024914383888245
75000	-2.709099	-1.900986	-1.561264	0.066597	0.160304	0.209871	0.04338718764483929	3.9506172839506166e-05	0.16030281782150269
75120	-2.709281	-1.900776	-1.560489	0.066585	0.160364	0.210033	0.04336588848382235	3.9506172839506166e-05	0.16036365926265717
75240	-2.710242	-1.900746	-1.560797	0.066521	0.160397	0.209969	0.04336482938379049	3.9506172839506166e-05	0.1603967249393463
75360	-2.711656	-1.900504	-1.560448	0.066427	0.160464	0.210042	0.0433416360989213	2.6337448559670777e-05	0.16046400368213654
75480	-2.711737	-1.900125	-1.559362	0.066421	0.160550	0.210270	0.043314218148589136	2.6337448559670777e-05	0.16054828464984894
75600	-2.712302	-1.899978	-1.558160	0.066384	0.160597	0.210523	0.043296795897185804	3.9506172839506166e-05	0.16059549152851105
75720	-2.713374	-1.899661	-1.558077	0.066313	0.160662	0.210541	0.043265973776578905	2.6337448559670777e-05	0.1606612354516983
75840	-2.712956	-1.899124	-1.557866	0.066340	0.160765	0.210585	0.043218134343624114	3.9506172839506166e-05	0.1607641875743866
75960	-2.714296	-1.898968	-1.557187	0.066252	0.160828	0.210728	0.04320749919861555	3.9506172839506166e-05	0.1608273684978485
76080	-2.714177	-1.898233	-1.554881	0.066259	0.160976	0.211214	0.04313835687935352	3.9506172839506166e-05	0.16097529232501984
76200	-2.715493	-1.898190	-1.556042	0.066172	0.161015	0.210969	0.04313163459300995	3.9506172839506166e-05	0.16101475059986115
76320	-2.715235	-1.897902	-1.557204	0.066189	0.161078	0.210724	0.043112313374876976	1.7558299039780518e-05	0.16107740998268127
76440	-2.715263	-1.897500	-1.557266	0.066188	0.161147	0.210711	0.04307777918875218	3.9506172839506166e-05	0.16114507615566254
76560	-2.717318	-1.897463	-1.557442	0.066052	0.161188	0.210674	0.04306811075657606	3.9506172839506166e-05	0.16118665039539337
76680	-2.718993	-1.897205	-1.555924	0.065941	0.161250	0.210994	0.04304333757609129	3.9506172839506166e-05	0.16124951839447021
76800	-2.720434	-1.896859	-1.554193	0.065846	0.161351	0.211360	0.043009614758193496	3.9506172839506166e-05	0.16135138273239136
76920	-2.720630	-1.896624	-1.555075	0.065833	0.161395	0.211174	0.0429964954033494	3.9506172839506166e-05	0.16139353811740875
77040	-2.722651	-1.896066	-1.553894	0.065700	0.161522	0.211423	0.04294006563723087	3.9506172839506166e-05	0.16152213513851166
77160	-2.724349	-1.895805	-1.554588	0.065589	0.161582	0.211276	0.04291748013347387	3.9506172839506166e-05	0.1615816056728363
77280	-2.724350	-1.895628	-1.552340	0.065589	0.161636	0.211752	0.042899555340409276	3.9506172839506166e-05	0.16163603961467743
77400	-2.725604	-1.895406	-1.551075	0.065507	0.161711	0.212020	0.04287945963442326	3.9506172839506166e-05	0.16171161830425262
77520	-2.726299	-1.895268	-1.549625	0.065461	0.161760	0.212327	0.04287130944430828	3.9506172839506166e-05	0.16175885498523712
77640	-2.728406	-1.895296	-1.548376	0.065323	0.161804	0.212593	0.04287513419985771	3.9506172839506166e-05	0.1618029773235321
77760	-2.728731	-1.894814	-1.548177	0.065302	0.161925	0.212635	0.042835533618927	3.9506172839506166e-05	0.16192315518856049
77880	-2.729629	-1.894820	-1.548006	0.065243	0.161952	0.212672	0.04283003024756908	3.9506172839506166e-05	0.1619509756565094
78000	-2.730498	-1.894483	-1.547163	0.065187	0.162029	0.212851	0.04280056655406952	3.9506172839506166e-05	0.16202779114246368
78120	-2.731040	-1.894428	-1.546317	0.065151	0.162063	0.213031	0.04279427677392959	3.9506172839506166e-05	0.1620628386735916
78240	-2.731682	-1.894529	-1.546683	0.065110	0.162062	0.212953	0.04280455932021141	3.9506172839506166e-05	0.1620614379644394
78360	-2.732570	-1.894336	-1.546727	0.065052	0.162123	0.212944	0.04278603214770556	3.9506172839506166e-05	0.16212308406829834
78480	-2.732528	-1.894285	-1.545683	0.065055	0.162160	0.213166	0.04278270620852709	3.9506172839506166e-05	0.16215933859348297
78600	-2.733371	-1.894283	-1.543788	0.065000	0.162187	0.213571	0.042780022323131564	2.6337448559670777e-05	0.16218654811382294
78720	-2.733763	-1.894162	-1.543582	0.064974	0.162226	0.213615	0.04277600850909948	3.9506172839506166e-05	0.1622251272201538
78840	-2.734553	-1.893933	-1.542202	0.064923	0.162277	0.213909	0.04275313336402178	2.6337448559670777e-05	0.16227653622627258
78960	-2.736072	-1.893657	-1.541216	0.064824	0.162340	0.214121	0.042727529816329476	3.9506172839506166e-05	0.16233932971954346
79080	-2.735543	-1.893357	-1.540701	0.064859	0.162409	0.214231	0.04269923251122236	3.9506172839506166e-05	0.16240912675857544
79200	-2.737332	-1.893138	-1.539908	0.064743	0.162476	0.214401	0.04268020261079073	3.9506172839506166e-05	0.16247586905956268
79320	-2.738416	-1.892920	-1.540259	0.064673	0.162547	0.214325	0.042658059298992156	3.9506172839506166e-05	0.1625475138425827
79440	-2.740029	-1.893075	-1.538725	0.064568	0.162581	0.214655	0.042670659348368646	3.9506172839506166e-05	0.16258113086223602
79560	-2.740893	-1.892696	-1.536277	0.064513	0.162675	0.215181	0.04264419917017222	3.9506172839506166e-05	0.1626734733581543
79680	-2.741645	-1.892760	-1.535860	0.064464	0.162681	0.215270	0.04264251943677664	2.6337448559670777e-05	0.1626807153224945
79800	-2.742692	-1.892398	-1.535254	0.064397	0.162764	0.215401	0.04261584486812353	3.9506172839506166e-05	0.16276243329048157
79920	-2.743518	-1.892316	-1.535575	0.064344	0.162797	0.215332	0.042606668919324873	2.6337448559670777e-05	0.1627967655658722
80040	-2.745266	-1.891745	-1.532864	0.064231	0.162919	0.215916	0.042559444345533846	3.9506172839506166e-05	0.16291828453540802
80160	-2.746183	-1.891632	-1.532125	0.064172	0.162960	0.216076	0.04254361018538475	3.9506172839506166e-05	0.16295912861824036
80280	-2.746104	-1.891541	-1.532143	0.064177	0.162996	0.216072	0.042534056678414346	3.9506172839506166e-05	0.16299515962600708
80400	-2.748094	-1.891530	-1.531582	0.064050	0.163004	0.216193	0.042534430883824824	3.9506172839506166e-05	0.16300344467163086
80520	-2.748480	-1.891383	-1.531355	0.064025	0.163046	0.216243	0.04252241440117359	3.9506172839506166e-05	0.1630457490682602
80640	-2.748456	-1.890893	-1.531570	0.064027	0.163137	0.216196	0.04248100258409977	3.9506172839506166e-05	0.16313622891902924
80760	-2.748627	-1.890488	-1.531846	0.064016	0.163222	0.216136	0.042442614957690236	2.6337448559670777e-05	0.16322144865989685
80880	-2.749138	-1.890051	-1.530965	0.063983	0.163328	0.216327	0.042407679557800296	3.9506172839506166e-05	0.1633264571428299
81000	-2.748551	-1.889697	-1.530843	0.064021	0.163389	0.216353	0.042367962189018726	2.6337448559670777e-05	0.16338902711868286
81120	-2.747965	-1.889323	-1.530297	0.064058	0.163478	0.216471	0.042334170825779435	2.6337448559670777e-05	0.1634780764579773
81240	-2.747468	-1.888855	-1.528620	0.064090	0.163577	0.216835	0.042294972203671934	3.9506172839506166e-05	0.1635768562555313
81360	-2.747451	-1.888936	-1.529534	0.064091	0.163571	0.216637	0.04229966662824154	3.9506172839506166e-05	0.16357137262821198
81480	-2.747956	-1.888628	-1.529550	0.064059	0.163641	0.216633	0.04227719455957413	5.925925925925925e-05	0.16363964974880219
81600	-2.748984	-1.888435	-1.528475	0.063993	0.163699	0.216866	0.042255129851400855	3.9506172839506166e-05	0.16369850933551788
81720	-2.749417	-1.888225	-1.527749	0.063965	0.163745	0.217024	0.042236240953207015	3.9506172839506166e-05	0.16374459862709045
81840	-2.749319	-1.887326	-1.526708	0.063971	0.163917	0.217250	0.04216510690748691	5.925925925925925e-05	0.1639152318239212
81960	-2.750229	-1.886771	-1.525913	0.063913	0.164062	0.217423	0.04210900831967592	3.9506172839506166e-05	0.16406075656414032
82080	-2.750288	-1.886844	-1.524986	0.063909	0.164072	0.217624	0.04211335517466068	3.9506172839506166e-05	0.16407105326652527
82200	-2.750253	-1.886339	-1.525075	0.063912	0.164168	0.217605	0.04206935241818428	3.9506172839506166e-05	0.1641673743724823
82320	-2.750453	-1.886046	-1.524079	0.063899	0.164240	0.217822	0.0420367632061243	3.9506172839506166e-05	0.16424037516117096
82440	-2.750882	-1.885724	-1.524079	0.063871	0.164325	0.217822	0.04201580733060837	3.9506172839506166e-05	0.1643238067626953
82560	-2.752115	-1.885486	-1.523306	0.063793	0.164379	0.217990	0.04198930487036705	3.9506172839506166e-05	0.16437898576259613
82680	-2.751854	-1.885270	-1.523359	0.063809	0.164443	0.217978	0.04197270274162292	3.9506172839506166e-05	0.1644422560930252
82800	-2.751132	-1.884853	-1.521924	0.063856	0.164537	0.218292	0.04194199200719595	3.9506172839506166e-05	0.16453535854816437
82920	-2.751613	-1.884478	-1.521025	0.063825	0.164624	0.218488	0.04190417844802141	3.9506172839506166e-05	0.1646232157945633
83040	-2.753296	-1.883954	-1.520788	0.063718	0.164744	0.218540	0.04185757767409086	3.9506172839506166e-05	0.16474272310733795
83160	-2.755595	-1.883552	-1.520602	0.063571	0.164828	0.218580	0.041812756843864915	5.925925925925925e-05	0.1648283749818802
83280	-2.757844	-1.883058	-1.520117	0.063428	0.164943	0.218686	0.041776611283421514	3.9506172839506166e-05	0.16494160890579224
83400	-2.758178	-1.882790	-1.519535	0.063407	0.165002	0.218814	0.04175353869795799	3.9506172839506166e-05	0.16500043869018555
83520	-2.758385	-1.882442	-1.518340	0.063394	0.165084	0.219075	0.04172149039804936	3.9506172839506166e-05	0.16508209705352783
83640	-2.758702	-1.881997	-1.517485	0.063374	0.165199	0.219263	0.04168270155787468	3.9506172839506166e-05	0.16519692540168762
83760	-2.759868	-1.881500	-1.515974	0.063300	0.165312	0.219594	0.04163077641278505	3.9506172839506166e-05	0.16531120240688324
83880	-2.762079	-1.881344	-1.514215	0.063160	0.165376	0.219981	0.04161867722868919	2.6337448559670777e-05	0.1653752624988556
84000	-2.763047	-1.881283	-1.513667	0.063099	0.165411	0.220101	0.041614710725843905	3.9506172839506166e-05	0.1654103398323059
84120	-2.763017	-1.881070	-1.512785	0.063101	0.165452	0.220296	0.041596939973533156	2.6337448559670777e-05	0.1654510498046875
84240	-2.763327	-1.880688	-1.512534	0.063082	0.165531	0.220351	0.041562491841614244	1.7558299039780518e-05	0.16553069651126862
84360	-2.764446	-1.880494	-1.511695	0.063011	0.165599	0.220536	0.04154409188777208	2.6337448559670777e-05	0.16559894382953644
84480	-2.766155	-1.880186	-1.510783	0.062903	0.165680	0.220737	0.04151919446885586	3.9506172839506166e-05	0.165678933262825
84600	-2.767160	-1.879967	-1.509664	0.062840	0.165741	0.220984	0.041493992879986764	3.9506172839506166e-05	0.1657407581806183
84720	-2.768321	-1.879801	-1.510229	0.062767	0.165792	0.220860	0.04147845134139061	3.9506172839506166e-05	0.16579179465770721
84840	-2.769100	-1.879901	-1.509270	0.062718	0.165810	0.221071	0.04148689024150372	3.9506172839506166e-05	0.16581012308597565
84960	-2.769722	-1.879682	-1.507355	0.062679	0.165866	0.221495	0.04146761018782854	3.9506172839506166e-05	0.1658657044172287
85080	-2.769380	-1.879228	-1.507606	0.062701	0.165962	0.221439	0.04142889082431793	3.9506172839506166e-05	0.16596190631389618
85200	-2.768499	-1.878363	-1.506793	0.062756	0.166125	0.221620	0.04135545715689659	3.9506172839506166e-05	0.1661231815814972
85320	-2.768455	-1.877870	-1.504801	0.062759	0.166227	0.222062	0.04130371361970901	3.9506172839506166e-05	0.16622744500637054
85440	-2.769126	-1.877905	-1.503364	0.062717	0.166244	0.222381	0.04129872750490904	3.9506172839506166e-05	0.1662449985742569
85560	-2.770984	-1.877639	-1.501631	0.062600	0.166330	0.222767	0.0412875147536397	3.9506172839506166e-05	0.1663293093442917
85680	-2.771315	-1.876993	-1.499957	0.062580	0.166471	0.223140	0.041233520954847336	3.9506172839506166e-05	0.16646884381771088
85800	-2.772301	-1.876765	-1.499309	0.062518	0.166533	0.223284	0.04120546225458384	3.9506172839506166e-05	0.1665327250957489
85920	-2.773097	-1.876629	-1.498602	0.062468	0.166592	0.223442	0.041192101687192915	3.9506172839506166e-05	0.16659153997898102
86040	-2.773680	-1.876439	-1.497268	0.062432	0.166658	0.223741	0.04117825161665678	3.9506172839506166e-05	0.16665664315223694
86160	-2.775250	-1.875963	-1.496143	0.062334	0.166770	0.223992	0.04113090969622135	1.7558299039780518e-05	0.16677023470401764
86280	-2.775902	-1.875826	-1.495591	0.062293	0.166820	0.224116	0.04112160578370094	3.9506172839506166e-05	0.16681917011737823
86400	-2.777125	-1.875592	-1.495404	0.062217	0.166892	0.224158	0.04110265783965587	3.9506172839506166e-05	0.16689154505729675
86520	-2.778784	-1.875038	-1.494425	0.062114	0.167013	0.224377	0.04105812143534422	3.9506172839506166e-05	0.16701172292232513
86640	-2.778701	-1.874577	-1.492264	0.062119	0.167138	0.224863	0.041010027192533015	2.6337448559670777e-05	0.16713732481002808
86760	-2.780805	-1.874353	-1.492732	0.061989	0.167214	0.224758	0.0409922756254673	3.9506172839506166e-05	0.1672128289937973
86880	-2.781349	-1.874247	-1.493085	0.061955	0.167248	0.224678	0.04097759537398815	3.9506172839506166e-05	0.16724860668182373
87000	-2.782401	-1.874209	-1.492855	0.061890	0.167278	0.224730	0.040970294177532195	3.9506172839506166e-05	0.16727803647518158
87120	-2.784246	-1.873788	-1.491989	0.061776	0.167415	0.224925	0.040941516309976576	3.9506172839506166e-05	0.16741226613521576
87240	-2.786017	-1.873517	-1.489262	0.061666	0.167501	0.225539	0.04091414976865053	3.9506172839506166e-05	0.16749951243400574
87360	-2.785378	-1.872915	-1.488243	0.061706	0.167634	0.225769	0.0408629834651947	3.9506172839506166e-05	0.1676333248615265
87480	-2.786374	-1.872677	-1.488184	0.061644	0.167711	0.225782	0.04083955883979797	3.9506172839506166e-05	0.1677102893590927
87600	-2.786887	-1.872340	-1.486522	0.061613	0.167790	0.226158	0.04080601204186678	3.9506172839506166e-05	0.16779103875160217
87720	-2.787027	-1.872198	-1.485829	0.061604	0.167829	0.226315	0.0407909294590354	3.9506172839506166e-05	0.16782937943935394
87840	-2.787899	-1.872181	-1.484348	0.061550	0.167868	0.226650	0.04079445768147707	3.9506172839506166e-05	0.16786670684814453
87960	-2.789690	-1.872109	-1.484044	0.061440	0.167922	0.226719	0.04077975004911423	3.9506172839506166e-05	0.1679229885339737
88080	-2.788740	-1.871949	-1.483426	0.061499	0.167965	0.226859	0.040773791074752805	3.9506172839506166e-05	0.16796399652957916
88200	-2.788750	-1.871425	-1.482472	0.061498	0.168074	0.227076	0.040726452507078646	3.9506172839506166e-05	0.16807366907596588
88320	-2.790138	-1.871098	-1.481241	0.061413	0.168155	0.227355	0.04069702960550785	3.9506172839506166e-05	0.1681544929742813
88440	-2.790907	-1.870792	-1.479823	0.061366	0.168254	0.227678	0.04067262392491102	3.9506172839506166e-05	0.1682523936033249
88560	-2.792961	-1.870727	-1.479101	0.061240	0.168285	0.227842	0.04066184349358082	5.925925925925925e-05	0.16828486323356628
88680	-2.794782	-1.870406	-1.476836	0.061128	0.168378	0.228359	0.04063380397856235	5.925925925925925e-05	0.16837812960147858
88800	-2.795738	-1.870059	-1.475399	0.061070	0.168466	0.228687	0.0406012699007988	2.6337448559670777e-05	0.1684654951095581
88920	-2.796836	-1.869796	-1.473897	0.061003	0.168547	0.229031	0.04058450404554605	3.9506172839506166e-05	0.16854484379291534
89040	-2.798956	-1.869144	-1.472088	0.060874	0.168704	0.229446	0.04052366800606251	5.925925925925925e-05	0.16870306432247162
89160	-2.801146	-1.868989	-1.471835	0.060740	0.168759	0.229504	0.0405087674036622	3.9506172839506166e-05	0.16875874996185303
89280	-2.801683	-1.868685	-1.472773	0.060708	0.168819	0.229289	0.0404873302206397	3.9506172839506166e-05	0.1688176691532135
89400	-2.802776	-1.868407	-1.472885	0.060641	0.168890	0.229263	0.04045391790568829	3.9506172839506166e-05	0.168889582157135
89520	-2.803215	-1.868248	-1.471335	0.060615	0.168946	0.229619	0.04044167343527079	2.6337448559670777e-05	0.16894520819187164
89640	-2.805138	-1.867758	-1.469869	0.060498	0.169055	0.229956	0.04040130600333214	3.9506172839506166e-05	0.16905391216278076
89760	-2.806290	-1.867486	-1.467945	0.060429	0.169132	0.230398	0.0403707355260849	3.9506172839506166e-05	0.16913148760795593
89880	-2.807202	-1.866869	-1.466335	0.060374	0.169249	0.230770	0.04032126348465681	2.6337448559670777e-05	0.16924799978733063
90000	-2.806501	-1.866704	-1.465953	0.060416	0.169303	0.230858	0.04030424356460571	5.925925925925925e-05	0.1693016141653061
90120	-2.806719	-1.866537	-1.465573	0.060403	0.169341	0.230946	0.04028678145259619	3.9506172839506166e-05	0.1693398654460907
90240	-2.807386	-1.866232	-1.464204	0.060363	0.169427	0.231262	0.040261697582900526	3.9506172839506166e-05	0.16942507028579712
90360	-2.809131	-1.866193	-1.463874	0.060257	0.169458	0.231338	0.0402524646371603	3.9506172839506166e-05	0.16945777833461761
90480	-2.810141	-1.865865	-1.464180	0.060197	0.169541	0.231267	0.040227676182985304	3.9506172839506166e-05	0.16954009234905243
90600	-2.810322	-1.865312	-1.463909	0.060186	0.169653	0.231330	0.04017311707139015	3.9506172839506166e-05	0.16965308785438538
90720	-2.810580	-1.865150	-1.463645	0.060170	0.169706	0.231391	0.04015929047018289	2.6337448559670777e-05	0.16970586776733398
90840	-2.812698	-1.864765	-1.461617	0.060043	0.169811	0.231861	0.04012576192617416	3.9506172839506166e-05	0.16981077194213867
90960	-2.813763	-1.864829	-1.462025	0.059979	0.169826	0.231766	0.040127416513860224	3.9506172839506166e-05	0.16982634365558624
91080	-2.814118	-1.864437	-1.461086	0.059958	0.169912	0.231984	0.04010362941771746	2.6337448559670777e-05	0.16991102695465088
91200	-2.814869	-1.864247	-1.460536	0.059913	0.169951	0.232112	0.04008169770240784	3.9506172839506166e-05	0.16995054483413696
91320	-2.815938	-1.864020	-1.460477	0.059849	0.170029	0.232126	0.040054048970341684	3.9506172839506166e-05	0.17002886533737183
91440	-2.816376	-1.863935	-1.460208	0.059822	0.170058	0.232188	0.040054375492036345	1.7558299039780518e-05	0.17005716264247894
91560	-2.816967	-1.863567	-1.460946	0.059787	0.170142	0.232017	0.04001989867538214	2.6337448559670777e-05	0.1701417714357376
91680	-2.816047	-1.863101	-1.459074	0.059842	0.170242	0.232451	0.039978607557713985	3.9506172839506166e-05	0.17024098336696625
91800	-2.818623	-1.862861	-1.459056	0.059688	0.170315	0.232456	0.03995504584163427	3.9506172839506166e-05	0.1703135222196579
91920	-2.819653	-1.862691	-1.459216	0.059627	0.170373	0.232419	0.039931892044842245	3.9506172839506166e-05	0.1703736037015915
92040	-2.820604	-1.862411	-1.459121	0.059570	0.170453	0.232440	0.03991596456617117	5.925925925925925e-05	0.17045114934444427
92160	-2.821443	-1.862001	-1.458004	0.059520	0.170563	0.232700	0.03987451922148466	3.9506172839506166e-05	0.17056244611740112
92280	-2.821571	-1.861618	-1.456863	0.059512	0.170658	0.232966	0.03984231874346733	1.7558299039780518e-05	0.17065788805484772
92400	-2.822724	-1.861470	-1.455174	0.059444	0.170715	0.233360	0.039827328734099866	3.9506172839506166e-05	0.17071497440338135
92520	-2.823891	-1.861137	-1.454390	0.059374	0.170800	0.233543	0.039794963970780375	3.9506172839506166e-05	0.1708008348941803
92640	-2.824561	-1.860967	-1.454605	0.059335	0.170878	0.233492	0.039784539677202704	2.6337448559670777e-05	0.17087766528129578
92760	-2.824646	-1.860680	-1.453600	0.059330	0.170960	0.233727	0.0397597823292017	3.9506172839506166e-05	0.17095911502838135
92880	-2.824720	-1.860276	-1.452641	0.059325	0.171046	0.233952	0.03972584195435047	3.9506172839506166e-05	0.17104560136795044
93000	-2.825389	-1.859931	-1.451996	0.059286	0.171145	0.234103	0.039696923643350604	3.9506172839506166e-05	0.17114238440990448
93120	-2.826112	-1.859728	-1.451128	0.059243	0.171195	0.234306	0.03967138342559338	3.9506172839506166e-05	0.17119403183460236
93240	-2.828099	-1.859203	-1.449595	0.059125	0.171333	0.234665	0.03962732944637537	2.6337448559670777e-05	0.17133232951164246
93360	-2.829673	-1.858850	-1.448981	0.059032	0.171419	0.234809	0.03959873281419277	3.9506172839506166e-05	0.17141790688037872
93480	-2.830773	-1.858611	-1.449226	0.058967	0.171484	0.234752	0.03957047332078219	3.9506172839506166e-05	0.17148448526859283
93600	-2.832623	-1.858603	-1.448491	0.058858	0.171519	0.234924	0.03957346901297569	3.9506172839506166e-05	0.17151843011379242
93720	-2.833713	-1.858296	-1.448236	0.058794	0.171594	0.234984	0.03954586703330278	3.9506172839506166e-05	0.17159223556518555
93840	-2.834799	-1.857966	-1.447027	0.058730	0.171679	0.235269	0.03951667435467243	3.9506172839506166e-05	0.1716783493757248
93960	-2.835238	-1.857742	-1.445638	0.058705	0.171747	0.235596	0.03949155882000923	3.9506172839506166e-05	0.17174693942070007
94080	-2.837223	-1.857726	-1.445494	0.058588	0.171791	0.235630	0.03949463553726673	3.9506172839506166e-05	0.17179013788700104
94200	-2.838202	-1.857419	-1.444503	0.058531	0.171875	0.235863	0.039464224874973294	2.6337448559670777e-05	0.17187459766864777
94320	-2.839182	-1.856930	-1.444086	0.058473	0.171990	0.235962	0.039422429911792276	2.6337448559670777e-05	0.17198997735977173
94440	-2.840205	-1.856433	-1.442810	0.058414	0.172103	0.236263	0.03937727306038141	3.9506172839506166e-05	0.17210204899311066
94560	-2.841496	-1.856374	-1.442071	0.058338	0.172130	0.236438	0.03936391565948725	3.9506172839506166e-05	0.17213107645511627
94680	-2.842498	-1.856507	-1.441046	0.058280	0.172123	0.236680	0.03938053660094738	3.9506172839506166e-05	0.17212295532226562
94800	-2.844455	-1.856268	-1.441893	0.058166	0.172185	0.236480	0.039363414794206616	3.9506172839506166e-05	0.17218482494354248
94920	-2.845737	-1.856037	-1.440948	0.058091	0.172248	0.236703	0.03933861590921879	3.9506172839506166e-05	0.17224837839603424
95040	-2.846031	-1.855353	-1.440461	0.058074	0.172401	0.236819	0.03928025048226118	3.9506172839506166e-05	0.17240005731582642
95160	-2.847250	-1.855108	-1.439286	0.058004	0.172471	0.237097	0.039257217571139334	3.9506172839506166e-05	0.17247091233730316
95280	-2.847928	-1.854543	-1.439955	0.057964	0.172587	0.236938	0.039204010739922523	3.9506172839506166e-05	0.17258663475513458
95400	-2.849188	-1.854398	-1.439809	0.057891	0.172639	0.236973	0.03919338844716549	3.9506172839506166e-05	0.17263896763324738
95520	-2.849938	-1.854377	-1.438801	0.057848	0.172665	0.237212	0.03919756915420294	3.9506172839506166e-05	0.1726631075143814
95640	-2.850756	-1.854180	-1.438818	0.057801	0.172725	0.237208	0.03917019702494144	3.9506172839506166e-05	0.17272460460662842
95760	-2.851794	-1.853975	-1.439195	0.057741	0.172790	0.237118	0.03915838561952114	2.6337448559670777e-05	0.17278844118118286
95880	-2.854346	-1.853263	-1.438081	0.057593	0.172954	0.237383	0.03909603226929903	3.9506172839506166e-05	0.17295335233211517
96000	-2.855443	-1.852840	-1.437762	0.057530	0.173041	0.237459	0.039054221287369725	3.9506172839506166e-05	0.173039972782135
96120	-2.856442	-1.852509	-1.438414	0.057473	0.173130	0.237304	0.03902654144912958	3.9506172839506166e-05	0.17312882840633392
96240	-2.855901	-1.852251	-1.437526	0.057504	0.173203	0.237515	0.038998480327427386	3.9506172839506166e-05	0.17320260405540466
96360	-2.857382	-1.851968	-1.437261	0.057419	0.173287	0.237577	0.038975306786596775	2.6337448559670777e-05	0.17328639328479767
96480	-2.857849	-1.851673	-1.437382	0.057392	0.173350	0.237549	0.03894612863659859	3.9506172839506166e-05	0.17335008084774017
96600	-2.859195	-1.851437	-1.436319	0.057315	0.173412	0.237802	0.038925816491246226	2.6337448559670777e-05	0.1734117567539215
96720	-2.860735	-1.851265	-1.436188	0.057227	0.173461	0.237833	0.03891158103942871	2.6337448559670777e-05	0.17346009612083435
96840	-2.861749	-1.851190	-1.436812	0.057169	0.173496	0.237684	0.03890822380781174	3.9506172839506166e-05	0.1734950691461563
96960	-2.862291	-1.850620	-1.435781	0.057138	0.173626	0.237929	0.03885763734579086	2.6337448559670777e-05	0.17362497746944427
97080	-2.863252	-1.850256	-1.434769	0.057083	0.173711	0.238170	0.03882236909121275	3.9506172839506166e-05	0.1737096607685089
97200	-2.864244	-1.849744	-1.433135	0.057026	0.173835	0.238560	0.03878075703978538	3.9506172839506166e-05	0.17383329570293427
97320	-2.864659	-1.849457	-1.433422	0.057003	0.173902	0.238491	0.03874658402055502	3.9506172839506166e-05	0.17390203475952148
97440	-2.864181	-1.849260	-1.432871	0.057030	0.173929	0.238623	0.03873067386448383	3.9506172839506166e-05	0.1739293783903122
97560	-2.865719	-1.849380	-1.432972	0.056942	0.173928	0.238599	0.03874014373868704	1.7558299039780518e-05	0.1739273965358734
97680	-2.866196	-1.849140	-1.431504	0.056915	0.174010	0.238949	0.038715526647865775	1.7558299039780518e-05	0.17401035130023956
97800	-2.867883	-1.849008	-1.431623	0.056819	0.174056	0.238921	0.03870613742619753	2.6337448559670777e-05	0.17405655980110168
97920	-2.868593	-1.848615	-1.431797	0.056779	0.174153	0.238879	0.03867522347718477	3.9506172839506166e-05	0.1741521656513214
98040	-2.869516	-1.848170	-1.430151	0.056726	0.174262	0.239273	0.038634727336466314	3.9506172839506166e-05	0.17426155507564545
98160	-2.870214	-1.847879	-1.429820	0.056687	0.174314	0.239352	0.03860768750309944	3.9506172839506166e-05	0.17431357502937317
98280	-2.870440	-1.847622	-1.429825	0.056674	0.174378	0.239351	0.03858549259603024	3.9506172839506166e-05	0.17437703907489777
98400	-2.870160	-1.847052	-1.429344	0.056690	0.174505	0.239466	0.038530310802161696	2.6337448559670777e-05	0.17450466752052307
98520	-2.871985	-1.846799	-1.428241	0.056586	0.174581	0.239730	0.0385107446461916	3.9506172839506166e-05	0.17457981407642365
98640	-2.872556	-1.846138	-1.427196	0.056554	0.174750	0.239981	0.03845333978533745	3.9506172839506166e-05	0.17474916577339172
98760	-2.874368	-1.845695	-1.425853	0.056452	0.174850	0.240303	0.038410954922437665	3.9506172839506166e-05	0.17484864592552185
98880	-2.874167	-1.844973	-1.425707	0.056463	0.174988	0.240339	0.038347740098834036	3.9506172839506166e-05	0.17498712241649628
99000	-2.875826	-1.844828	-1.425072	0.056370	0.175037	0.240491	0.03833765722811222	1.7558299039780518e-05	0.1750352680683136
99120	-2.876185	-1.844331	-1.425151	0.056349	0.175155	0.240472	0.03828935083001852	2.6337448559670777e-05	0.17515410482883453
99240	-2.877112	-1.843874	-1.424334	0.056297	0.175258	0.240669	0.03824604209512472	3.9506172839506166e-05	0.17525805532932281
99360	-2.878570	-1.843798	-1.424175	0.056215	0.175320	0.240707	0.038239007070660594	3.9506172839506166e-05	0.17532016336917877
99480	-2.879252	-1.843615	-1.424228	0.056177	0.175381	0.240694	0.038219889625906944	2.6337448559670777e-05	0.17538052797317505
99600	-2.880039	-1.843302	-1.422277	0.056133	0.175480	0.241164	0.03819987680763006	3.9506172839506166e-05	0.17547854781150818
99720	-2.880446	-1.843204	-1.422459	0.056110	0.175506	0.241121	0.038185694999992845	3.9506172839506166e-05	0.1755051165819168
99840	-2.881542	-1.842968	-1.421441	0.056048	0.175565	0.241366	0.038162592053413394	3.9506172839506166e-05	0.17556487023830414
99960	-2.882338	-1.842929	-1.421194	0.056004	0.175594	0.241425	0.038159591518342494	3.9506172839506166e-05	0.17559345066547394
100080	-2.883398	-1.842711	-1.419950	0.055944	0.175652	0.241726	0.038143244199454786	3.9506172839506166e-05	0.1756511628627777
100200	-2.883290	-1.842600	-1.419490	0.055950	0.175689	0.241837	0.03812808506190777	2.6337448559670777e-05	0.1756889969110489
100320	-2.883413	-1.842396	-1.419369	0.055944	0.175746	0.241867	0.03811326734721661	3.9506172839506166e-05	0.17574504017829895
100440	-2.883749	-1.842341	-1.419396	0.055925	0.175750	0.241860	0.03810510151088238	1.7558299039780518e-05	0.17575034499168396
100560	-2.884291	-1.842339	-1.419758	0.055894	0.175750	0.241772	0.03810653425753117	2.6337448559670777e-05	0.17575059831142426
100680	-2.884841	-1.842079	-1.420331	0.055864	0.175797	0.241634	0.03808422349393368	2.6337448559670777e-05	0.1757964789867401
100800	-2.884888	-1.842148	-1.419908	0.055861	0.175786	0.241736	0.038085796684026715	3.9506172839506166e-05	0.1757867932319641
100920	-2.884637	-1.842161	-1.420171	0.055875	0.175772	0.241673	0.038090013340115546	3.9506172839506166e-05	0.1757718324661255
101040	-2.884887	-1.841820	-1.419314	0.055861	0.175815	0.241880	0.038061668537557124	3.9506172839506166e-05	0.17581415176391602
101160	-2.885356	-1.841664	-1.418742	0.055835	0.175843	0.242018	0.03803908508270979	3.9506172839506166e-05	0.17584380507469177
101280	-2.884659	-1.841507	-1.417660	0.055874	0.175860	0.242280	0.03803467303514481	3.9506172839506166e-05	0.1758589893579483
101400	-2.885556	-1.841327	-1.418319	0.055824	0.175895	0.242121	0.038018135167658326	2.6337448559670777e-05	0.1758948117494583
101520	-2.885916	-1.840918	-1.418786	0.055804	0.175975	0.242008	0.03797716535627842	3.9506172839506166e-05	0.17597483098506927
101640	-2.887212	-1.840711	-1.418799	0.055731	0.176007	0.242004	0.03796714451164007	3.9506172839506166e-05	0.17600533366203308
101760	-2.888218	-1.840578	-1.419162	0.055675	0.176052	0.241917	0.03795118387788534	1.7558299039780518e-05	0.17605160176753998
101880	-2.888502	-1.840484	-1.419397	0.055660	0.176080	0.241860	0.037943712621927264	2.6337448559670777e-05	0.17607897520065308
102000	-2.889096	-1.840195	-1.419143	0.055626	0.176123	0.241921	0.03791183680295944	3.9506172839506166e-05	0.1761235147714615
102120	-2.890573	-1.840092	-1.418292	0.055544	0.176165	0.242127	0.03790390267968178	3.9506172839506166e-05	0.17616508901119232
102240	-2.892201	-1.840053	-1.416917	0.055454	0.176197	0.242460	0.03789682015776634	3.9506172839506166e-05	0.17619775235652924
102360	-2.892345	-1.839960	-1.414986	0.055446	0.176220	0.242929	0.03789501208811998	3.9506172839506166e-05	0.1762193739414215
102480	-2.892971	-1.839737	-1.413516	0.055411	0.176268	0.243286	0.03786621764302254	2.6337448559670777e-05	0.1762692779302597
102600	-2.892617	-1.839793	-1.412847	0.055431	0.176259	0.243449	0.037877785973250866	3.9506172839506166e-05	0.17625823616981506
102720	-2.892486	-1.839569	-1.412542	0.055438	0.176304	0.243523	0.03786066509783268	3.9506172839506166e-05	0.17630356550216675
102840	-2.893395	-1.839382	-1.412030	0.055388	0.176353	0.243648	0.03784334324300289	3.9506172839506166e-05	0.17635221779346466
102960	-2.894228	-1.839415	-1.412072	0.055342	0.176357	0.243638	0.03783937059342861	3.9506172839506166e-05	0.17635777592658997
103080	-2.895260	-1.839323	-1.412004	0.055285	0.176374	0.243654	0.03783149477094412	3.9506172839506166e-05	0.17637549340724945
103200	-2.895895	-1.839216	-1.412421	0.055250	0.176372	0.243553	0.03783037066459656	3.9506172839506166e-05	0.17637112736701965
103320	-2.896967	-1.839236	-1.413168	0.055190	0.176368	0.243371	0.03782834727317095	2.6337448559670777e-05	0.17636744678020477
103440	-2.897827	-1.839243	-1.413677	0.055143	0.176365	0.243247	0.03782892990857363	3.9506172839506166e-05	0.17636439204216003
103560	-2.898221	-1.838660	-1.414050	0.055121	0.176480	0.243156	0.037781590782105925	3.9506172839506166e-05	0.17647869884967804
103680	-2.897608	-1.838236	-1.414040	0.055155	0.176543	0.243159	0.03774130251258612	3.9506172839506166e-05	0.17654238641262054
103800	-2.898365	-1.838139	-1.412769	0.055113	0.176568	0.243468	0.03772726934403181	3.9506172839506166e-05	0.1765679270029068
103920	-2.899112	-1.838170	-1.413061	0.055072	0.176566	0.243397	0.03773318268358707	3.9506172839506166e-05	0.1765652894973755
104040	-2.901105	-1.837991	-1.413145	0.054962	0.176615	0.243377	0.03771504610776901	3.9506172839506166e-05	0.176614448428154
104160	-2.901662	-1.837968	-1.412030	0.054932	0.176629	0.243648	0.03771063406020403	1.7558299039780518e-05	0.17662914097309113
104280	-2.902000	-1.837862	-1.411953	0.054913	0.176658	0.243667	0.03770404737442732	3.9506172839506166e-05	0.17665843665599823
104400	-2.901715	-1.837775	-1.410626	0.054929	0.176679	0.243990	0.037700212374329564	2.6337448559670777e-05	0.1766781061887741
104520	-2.901657	-1.837468	-1.410105	0.054932	0.176739	0.244118	0.037669721990823746	2.6337448559670777e-05	0.17673823237419128
104640	-2.902383	-1.837350	-1.410913	0.054892	0.176761	0.243920	0.037657799758017065	3.9506172839506166e-05	0.17676055431365967
104760	-2.902747	-1.837165	-1.411577	0.054872	0.176789	0.243759	0.03763639107346535	3.9506172839506166e-05	0.17678986489772797
104880	-2.904009	-1.837216	-1.411711	0.054803	0.176781	0.243726	0.03765135053545236	3.9506172839506166e-05	0.17677943408489227
105000	-2.904636	-1.836954	-1.411060	0.054769	0.176847	0.243885	0.037625818885862826	2.6337448559670777e-05	0.17684566974639893
105120	-2.904730	-1.836879	-1.410773	0.054764	0.176868	0.243955	0.03761750739067793	2.6337448559670777e-05	0.17686739563941956
105240	-2.904699	-1.836660	-1.410617	0.054765	0.176915	0.243993	0.037596741877496245	3.9506172839506166e-05	0.17691464722156525
105360	-2.905348	-1.835989	-1.410430	0.054730	0.177045	0.244038	0.037536940164864065	3.9506172839506166e-05	0.17704397439956665
105480	-2.906077	-1.835257	-1.409018	0.054690	0.177183	0.244383	0.03747942615300417	3.9506172839506166e-05	0.1771807223558426
105600	-2.907213	-1.834968	-1.408366	0.054628	0.177251	0.244542	0.03744615502655506	3.9506172839506166e-05	0.17725013196468353
105720	-2.908463	-1.834626	-1.405412	0.054560	0.177332	0.245266	0.03740894999355078	3.9506172839506166e-05	0.17733241617679596
105840	-2.907725	-1.834299	-1.405507	0.054600	0.177396	0.245243	0.037385870888829234	3.9506172839506166e-05	0.1773955225944519
105960	-2.909781	-1.833915	-1.404576	0.054488	0.177475	0.245471	0.03734886143356562	2.6337448559670777e-05	0.1774745136499405
106080	-2.909771	-1.833425	-1.403116	0.054488	0.177552	0.245830	0.03731256816536188	3.9506172839506166e-05	0.17755086719989777
106200	-2.910233	-1.833238	-1.401936	0.054463	0.177593	0.246120	0.03728315066546202	3.9506172839506166e-05	0.1775941103696823
106320	-2.909785	-1.832799	-1.400674	0.054487	0.177694	0.246431	0.03725169375538826	2.6337448559670777e-05	0.1776936799287796
106440	-2.910723	-1.832709	-1.399229	0.054436	0.177725	0.246787	0.03724399618804455	3.9506172839506166e-05	0.1777239888906479
106560	-2.910840	-1.832216	-1.398301	0.054430	0.177817	0.247016	0.03719511739909649	3.9506172839506166e-05	0.1778164952993393
106680	-2.910890	-1.831644	-1.397501	0.054427	0.177940	0.247214	0.03714453112334013	3.9506172839506166e-05	0.17793923616409302
106800	-2.911572	-1.831669	-1.395614	0.054390	0.177946	0.247681	0.03714531287550926	3.9506172839506166e-05	0.17794562876224518
106920	-2.911460	-1.831413	-1.395895	0.054396	0.177999	0.247611	0.037129721231758596	2.6337448559670777e-05	0.1779976487159729
107040	-2.912892	-1.831141	-1.395427	0.054318	0.178069	0.247727	0.03710126616060734	3.9506172839506166e-05	0.17806851863861084
107160	-2.913640	-1.831089	-1.395621	0.054278	0.178079	0.247679	0.037101128697395326	5.925925925925925e-05	0.17807671427726746
107280	-2.913951	-1.830857	-1.395348	0.054261	0.178129	0.247747	0.0370710626244545	3.9506172839506166e-05	0.17812955379486084
107400	-2.913765	-1.830541	-1.394594	0.054271	0.178196	0.247934	0.03704817779362202	3.9506172839506166e-05	0.17819508910179138
107520	-2.914848	-1.830153	-1.394702	0.054212	0.178277	0.247907	0.03701221663504839	3.9506172839506166e-05	0.17827659845352173
107640	-2.915141	-1.830024	-1.394370	0.054196	0.178312	0.247989	0.03699905592948198	2.6337448559670777e-05	0.17831183969974518
107760	-2.915713	-1.829664	-1.394144	0.054165	0.178382	0.248045	0.03696899283677339	3.9506172839506166e-05	0.1783808320760727
107880	-2.916343	-1.829395	-1.393385	0.054131	0.178446	0.248234	0.03694511093199253	3.9506172839506166e-05	0.1784452348947525
108000	-2.918503	-1.829161	-1.393181	0.054014	0.178486	0.248284	0.03692398052662611	3.9506172839506166e-05	0.17848454415798187
108120	-2.918368	-1.828961	-1.390745	0.054022	0.178523	0.248890	0.03690045885741711	3.9506172839506166e-05	0.1785239279270172
108240	-2.918342	-1.828869	-1.390282	0.054023	0.178524	0.249005	0.03689670339226723	2.6337448559670777e-05	0.1785239428281784
108360	-2.918980	-1.828671	-1.389626	0.053989	0.178589	0.249169	0.03687882460653782	2.6337448559670777e-05	0.17858849465847015
108480	-2.919299	-1.828123	-1.389908	0.053971	0.178710	0.249098	0.03682734575122595	3.9506172839506166e-05	0.17871014773845673
108600	-2.918609	-1.827543	-1.389029	0.054009	0.178806	0.249317	0.036777289025485514	3.9506172839506166e-05	0.1788054257631302
108720	-2.917814	-1.826630	-1.388009	0.054052	0.178980	0.249572	0.03669668324291706	3.9506172839506166e-05	0.17897871136665344
108840	-2.918687	-1.825738	-1.387251	0.054005	0.179160	0.249761	0.036618879064917564	3.9506172839506166e-05	0.17915840446949005
108960	-2.918623	-1.825159	-1.385857	0.054008	0.179283	0.250109	0.03656729348003864	3.9506172839506166e-05	0.17928116023540497
109080	-2.919892	-1.824508	-1.383519	0.053940	0.179423	0.250695	0.03650777656584978	2.6337448559670777e-05	0.17942216992378235
109200	-2.918994	-1.824042	-1.382614	0.053988	0.179505	0.250922	0.03646460324525833	2.6337448559670777e-05	0.1795041859149933
109320	-2.919629	-1.823993	-1.382758	0.053954	0.179518	0.250886	0.03646072745323181	1.7558299039780518e-05	0.17951704561710358
109440	-2.920109	-1.823804	-1.383702	0.053928	0.179564	0.250649	0.03643854819238186	3.9506172839506166e-05	0.17956380546092987
109560	-2.918768	-1.823148	-1.382519	0.054000	0.179689	0.250946	0.03637866582721472	5.925925925925925e-05	0.17969006299972534
109680	-2.920147	-1.822944	-1.382028	0.053926	0.179741	0.251069	0.03636266756802797	2.6337448559670777e-05	0.17974016070365906
109800	-2.921166	-1.822134	-1.380776	0.053871	0.179925	0.251383	0.03629411067813635	3.9506172839506166e-05	0.17992344498634338
109920	-2.920937	-1.821763	-1.380713	0.053883	0.179995	0.251399	0.03625633083283901	2.6337448559670777e-05	0.1799943894147873
110040	-2.920578	-1.820953	-1.379681	0.053903	0.180156	0.251659	0.036185127682983875	3.9506172839506166e-05	0.180154949426651
110160	-2.920496	-1.820324	-1.377997	0.053907	0.180282	0.252083	0.03612664323300123	3.9506172839506166e-05	0.18028166890144348
110280	-2.919159	-1.820044	-1.379038	0.053979	0.180323	0.251821	0.03610094394534826	3.9506172839506166e-05	0.18032296001911163
110400	-2.919512	-1.819517	-1.377003	0.053960	0.180422	0.252334	0.03605891764163971	3.9506172839506166e-05	0.18042047321796417
110520	-2.919099	-1.818917	-1.375819	0.053982	0.180536	0.252633	0.036008480750024316	3.9506172839506166e-05	0.18053434789180756
110640	-2.918733	-1.818593	-1.374024	0.054002	0.180593	0.253087	0.035972869396209715	3.9506172839506166e-05	0.1805918961763382
110760	-2.918800	-1.817994	-1.373367	0.053998	0.180700	0.253253	0.03592228963971138	3.9506172839506166e-05	0.18070001900196075
110880	-2.917978	-1.817524	-1.372103	0.054043	0.180794	0.253573	0.03587956372648478	3.9506172839506166e-05	0.1807922124862671
111000	-2.919372	-1.817010	-1.370439	0.053968	0.180912	0.253995	0.03583233579993248	2.6337448559670777e-05	0.18091057240962982
111120	-2.920526	-1.816352	-1.369276	0.053905	0.181047	0.254291	0.03577147927135229	3.9506172839506166e-05	0.18104563653469086
111240	-2.920568	-1.815960	-1.368744	0.053903	0.181129	0.254426	0.03573710601776838	3.9506172839506166e-05	0.1811271607875824
111360	-2.921195	-1.815679	-1.368684	0.053869	0.181193	0.254442	0.035707446932792666	3.9506172839506166e-05	0.18119238317012787
111480	-2.922290	-1.815183	-1.368432	0.053810	0.181275	0.254506	0.03566610012203455	3.9506172839506166e-05	0.18127383291721344
111600	-2.922298	-1.814700	-1.368577	0.053810	0.181370	0.254469	0.035622609220445155	3.9506172839506166e-05	0.18136881291866302
111720	-2.921890	-1.814260	-1.367039	0.053832	0.181463	0.254860	0.03558285068720579	3.9506172839506166e-05	0.1814616173505783
111840	-2.923281	-1.814084	-1.367332	0.053757	0.181505	0.254786	0.03556291870772839	3.9506172839506166e-05	0.18150492012500763
111960	-2.922837	-1.813725	-1.365166	0.053781	0.181564	0.255338	0.03553499672561884	3.9506172839506166e-05	0.18156251311302185
112080	-2.923140	-1.813396	-1.363896	0.053765	0.181640	0.255663	0.035505769029259684	3.9506172839506166e-05	0.1816394180059433
112200	-2.922569	-1.812462	-1.361215	0.053795	0.181823	0.256349	0.03542462568730116	3.9506172839506166e-05	0.1818220317363739
112320	-2.922907	-1.811808	-1.361072	0.053777	0.181935	0.256386	0.03536461144685745	1.7558299039780518e-05	0.1819341778755188
112440	-2.923391	-1.811514	-1.360112	0.053751	0.182012	0.256632	0.03533732071518898	3.9506172839506166e-05	0.18201082944869995
112560	-2.923947	-1.811297	-1.359228	0.053721	0.182074	0.256859	0.035310464724898336	3.9506172839506166e-05	0.1820736527442932
112680	-2.923062	-1.810901	-1.358828	0.053769	0.182159	0.256962	0.035277840495109555	3.9506172839506166e-05	0.18215881288051605
112800	-2.922290	-1.810511	-1.357227	0.053810	0.182246	0.257373	0.035245025902986525	3.9506172839506166e-05	0.18224555253982544
112920	-2.922405	-1.809892	-1.355864	0.053804	0.182380	0.257724	0.03518962170928717	3.9506172839506166e-05	0.18237946927547455
113040	-2.923786	-1.809578	-1.355096	0.053730	0.182466	0.257923	0.0351539958268404	3.9506172839506166e-05	0.1824665069580078
113160	-2.922765	-1.809464	-1.354608	0.053785	0.182486	0.258049	0.0351505346596241	3.9506172839506166e-05	0.1824864000082016
113280	-2.921205	-1.808869	-1.354916	0.053869	0.182578	0.257969	0.03510412257164717	3.9506172839506166e-05	0.18257473409175873
113400	-2.921357	-1.808505	-1.355542	0.053861	0.182633	0.257808	0.03506424948573113	3.9506172839506166e-05	0.18263310194015503
113520	-2.920868	-1.807884	-1.353794	0.053887	0.182751	0.258258	0.035012027621269225	3.9506172839506166e-05	0.18274900317192078
113640	-2.920716	-1.807476	-1.353428	0.053895	0.182829	0.258353	0.03497369047254324	3.9506172839506166e-05	0.18282786011695862
113760	-2.922264	-1.807237	-1.352721	0.053812	0.182895	0.258536	0.03494898620992899	2.6337448559670777e-05	0.1828947365283966
113880	-2.922573	-1.806564	-1.351160	0.053795	0.183049	0.258940	0.0348943879827857	2.6337448559670777e-05	0.1830475777387619
114000	-2.922857	-1.806050	-1.349915	0.053780	0.183163	0.259262	0.03484379947185516	3.9506172839506166e-05	0.18316233158111572
114120	-2.923880	-1.805234	-1.347592	0.053725	0.183355	0.259865	0.034779110550880434	2.6337448559670777e-05	0.18335407972335815
114240	-2.924368	-1.805018	-1.346892	0.053699	0.183422	0.260047	0.034749149903655054	3.9506172839506166e-05	0.1834205836057663
114360	-2.924406	-1.804432	-1.347291	0.053697	0.183526	0.259943	0.03469966556876898	3.9506172839506166e-05	0.1835245043039322
114480	-2.924668	-1.803868	-1.346412	0.053683	0.183653	0.260172	0.03464325219392776	3.9506172839506166e-05	0.18365256488323212
114600	-2.926372	-1.803636	-1.346282	0.053591	0.183716	0.260206	0.03462392073124647	3.9506172839506166e-05	0.1837160885334015
114720	-2.927398	-1.803289	-1.345985	0.053536	0.183777	0.260283	0.03459577895700931	3.9506172839506166e-05	0.18377602100372314
114840	-2.928503	-1.802928	-1.346144	0.053477	0.183842	0.260242	0.03456091973930597	2.6337448559670777e-05	0.1838417649269104
114960	-2.928489	-1.802640	-1.345800	0.053478	0.183905	0.260331	0.034537652134895326	3.9506172839506166e-05	0.18390366435050964
115080	-2.928161	-1.802369	-1.344276	0.053495	0.183954	0.260728	0.03451400604099035	3.9506172839506166e-05	0.18395280838012695
115200	-2.927511	-1.802001	-1.342437	0.053530	0.184025	0.261208	0.034477632865309714	5.925925925925925e-05	0.18402500450611115
115320	-2.928056	-1.801899	-1.340915	0.053501	0.184074	0.261606	0.03447054997086525	5.925925925925925e-05	0.18407279253005981
115440	-2.928066	-1.801564	-1.339384	0.053500	0.184147	0.262007	0.03443810846656561	2.6337448559670777e-05	0.18414732813835144
115560	-2.927104	-1.800845	-1.338073	0.053552	0.184295	0.262351	0.03438189458101988	3.9506172839506166e-05	0.1842927783727646
115680	-2.928394	-1.800658	-1.336981	0.053483	0.184373	0.262637	0.03436255007982254	3.9506172839506166e-05	0.18437054753303528
115800	-2.929203	-1.800097	-1.335813	0.053440	0.184512	0.262944	0.034306487441062926	2.6337448559670777e-05	0.1845119297504425
115920	-2.928910	-1.799637	-1.334702	0.053455	0.184591	0.263237	0.034267773292958735	3.9506172839506166e-05	0.18459005653858185
116040	-2.928938	-1.799231	-1.334772	0.053454	0.184666	0.263218	0.03423219509422779	3.9506172839506166e-05	0.1846650242805481
116160	-2.928970	-1.798844	-1.335276	0.053452	0.184727	0.263086	0.03419655654579401	5.925925925925925e-05	0.18472564220428467
116280	-2.929321	-1.798354	-1.335499	0.053433	0.184810	0.263027	0.03414937052875757	3.9506172839506166e-05	0.18480952084064484
116400	-2.928365	-1.797728	-1.335709	0.053484	0.184910	0.262972	0.03409571796655655	3.9506172839506166e-05	0.18490882217884064
116520	-2.929735	-1.797854	-1.334911	0.053411	0.184908	0.263182	0.03410147204995155	3.9506172839506166e-05	0.18490834534168243
116640	-2.930331	-1.797192	-1.334154	0.053379	0.185063	0.263381	0.034049347043037415	3.9506172839506166e-05	0.1850609928369522
116760	-2.929750	-1.796501	-1.333380	0.053410	0.185203	0.263585	0.03398893587291241	2.6337448559670777e-05	0.18520157039165497
116880	-2.930354	-1.796366	-1.333072	0.053378	0.185236	0.263666	0.03397022746503353	2.6337448559670777e-05	0.1852351874113083
117000	-2.930921	-1.795995	-1.332798	0.053348	0.185304	0.263738	0.03393579423427582	3.9506172839506166e-05	0.18530431389808655
117120	-2.930911	-1.795689	-1.332447	0.053348	0.185358	0.263831	0.033915025368332866	3.9506172839506166e-05	0.1853567212820053
117240	-2.930987	-1.795118	-1.331642	0.053344	0.185477	0.264043	0.033859293535351755	3.9506172839506166e-05	0.1854763776063919
117360	-2.930931	-1.794422	-1.330476	0.053347	0.185609	0.264351	0.033801544830203055	5.925925925925925e-05	0.18560780584812164
117480	-2.931723	-1.794083	-1.329925	0.053305	0.185689	0.264497	0.03376513756811619	3.9506172839506166e-05	0.1856883019208908
117600	-2.932177	-1.793780	-1.328533	0.053281	0.185756	0.264866	0.033744351379573344	2.6337448559670777e-05	0.1857542097568512
117720	-2.932566	-1.793176	-1.327866	0.053260	0.185862	0.265042	0.03368681576102972	3.9506172839506166e-05	0.18586118519306183
117840	-2.933611	-1.792836	-1.328051	0.053205	0.185950	0.264993	0.03365324921905995	3.9506172839506166e-05	0.18594901263713837
117960	-2.933346	-1.792475	-1.327949	0.053219	0.186023	0.265020	0.03361828457564116	3.9506172839506166e-05	0.1860228329896927
118080	-2.933488	-1.792072	-1.328694	0.053211	0.186095	0.264823	0.033593791723251346	3.9506172839506166e-05	0.18609321117401123
118200	-2.934078	-1.791518	-1.328210	0.053180	0.186212	0.264951	0.03353346493095159	3.9506172839506166e-05	0.18621127307415009
118320	-2.935066	-1.791209	-1.326795	0.053127	0.186285	0.265326	0.033506212383508684	2.6337448559670777e-05	0.18628433346748352
118440	-2.935288	-1.791061	-1.326555	0.053115	0.186341	0.265390	0.0334915354847908	2.6337448559670777e-05	0.1863401085138321
118560	-2.936601	-1.790416	-1.325737	0.053046	0.186483	0.265607	0.033443851955235006	3.9506172839506166e-05	0.18648028373718262
118680	-2.936628	-1.789826	-1.325907	0.053044	0.186592	0.265562	0.033385672606527805	3.9506172839506166e-05	0.18659135699272156
118800	-2.937179	-1.789494	-1.324759	0.053015	0.186646	0.265867	0.03334867898374796	3.9506172839506166e-05	0.18664641678333282
118920	-2.936575	-1.788996	-1.323394	0.053047	0.186745	0.266230	0.033310124278068544	2.6337448559670777e-05	0.1867438405752182
119040	-2.936389	-1.788507	-1.322078	0.053057	0.186836	0.266581	0.033264553360641005	3.9506172839506166e-05	0.18683591485023499
119160	-2.935655	-1.788068	-1.320725	0.053096	0.186910	0.266942	0.033224177360534665	5.925925925925925e-05	0.18691007792949677
119280	-2.936218	-1.787586	-1.320934	0.053066	0.186990	0.266886	0.03318574968725443	3.9506172839506166e-05	0.186987966299057
119400	-2.936223	-1.786979	-1.320198	0.053066	0.187118	0.267082	0.03313155174255371	3.9506172839506166e-05	0.1871175318956375
119520	-2.936285	-1.786465	-1.318650	0.053063	0.187228	0.267496	0.033081179484725	2.6337448559670777e-05	0.18722736835479736
119640	-2.935262	-1.785620	-1.317812	0.053117	0.187404	0.267720	0.033006529323756695	3.9506172839506166e-05	0.1874024122953415
119760	-2.935485	-1.785050	-1.316935	0.053105	0.187522	0.267955	0.03295507524162531	3.9506172839506166e-05	0.1875205934047699
119880	-2.935595	-1.784636	-1.316321	0.053099	0.187600	0.268120	0.032918095216155054	3.9506172839506166e-05	0.18759886920452118
120000	-2.934740	-1.784013	-1.314810	0.053145	0.187737	0.268525	0.0328642126172781	3.9506172839506166e-05	0.18773481249809265
120120	-2.934938	-1.783501	-1.313315	0.053134	0.187849	0.268927	0.03281125985085964	3.9506172839506166e-05	0.18784910440444946
120240	-2.935087	-1.783061	-1.313076	0.053126	0.187926	0.268991	0.03277195394039154	2.6337448559670777e-05	0.18792536854743958
120360	-2.935138	-1.782657	-1.310656	0.053123	0.188020	0.269643	0.03273501992225647	3.9506172839506166e-05	0.1880200207233429
120480	-2.935463	-1.782282	-1.309232	0.053106	0.188102	0.270027	0.032701427675783636	5.925925925925925e-05	0.18810231983661652
120600	-2.934696	-1.781544	-1.307471	0.053147	0.188249	0.270503	0.03263913318514824	3.9506172839506166e-05	0.18824811279773712
120720	-2.934365	-1.780785	-1.306150	0.053164	0.188406	0.270861	0.032566025666892526	2.6337448559670777e-05	0.18840695917606354
120840	-2.933944	-1.780354	-1.304936	0.053187	0.188473	0.271190	0.03253855686634779	1.7558299039780518e-05	0.18847104907035828
120960	-2.933962	-1.779830	-1.305237	0.053186	0.188562	0.271108	0.032482908107340336	3.9506172839506166e-05	0.188561350107193
121080	-2.933432	-1.779232	-1.304658	0.053214	0.188674	0.271265	0.03243199400603771	1.7558299039780518e-05	0.18867339193820953
121200	-2.933872	-1.778751	-1.303435	0.053191	0.188777	0.271597	0.03239024225622415	3.9506172839506166e-05	0.18877527117729187
121320	-2.934735	-1.778315	-1.302453	0.053145	0.188869	0.271864	0.032345741800963876	3.9506172839506166e-05	0.1888691633939743
121440	-2.934781	-1.777996	-1.301310	0.053142	0.188959	0.272175	0.03231631927192211	3.9506172839506166e-05	0.18895825743675232
121560	-2.934156	-1.777561	-1.300992	0.053176	0.189039	0.272261	0.03228530865162611	3.9506172839506166e-05	0.18903730809688568
121680	-2.935115	-1.777118	-1.299883	0.053125	0.189157	0.272564	0.032233111560344696	3.9506172839506166e-05	0.18915756046772003
121800	-2.935039	-1.776706	-1.298495	0.053129	0.189231	0.272942	0.03220191802829504	3.9506172839506166e-05	0.1892303228378296
121920	-2.936180	-1.776273	-1.298782	0.053068	0.189336	0.272864	0.03216316942125559	2.6337448559670777e-05	0.18933536112308502
122040	-2.937611	-1.775920	-1.296899	0.052992	0.189420	0.273378	0.032132891565561296	3.9506172839506166e-05	0.18941830098628998
122160	-2.938338	-1.775513	-1.296002	0.052954	0.189499	0.273623	0.03209564872086048	5.925925925925925e-05	0.18949905037879944
122280	-2.938721	-1.775097	-1.294662	0.052933	0.189596	0.273991	0.032061086408793925	3.9506172839506166e-05	0.18959462642669678
122400	-2.940203	-1.774505	-1.293791	0.052855	0.189728	0.274229	0.03200294245034456	3.9506172839506166e-05	0.1897282600402832
122520	-2.940324	-1.774130	-1.293454	0.052849	0.189806	0.274322	0.031968386285007	3.9506172839506166e-05	0.18980589509010315
122640	-2.939161	-1.773793	-1.293702	0.052910	0.189871	0.274254	0.03193936590105295	2.6337448559670777e-05	0.18987037241458893
122760	-2.938583	-1.773475	-1.292104	0.052941	0.189951	0.274692	0.03191783558577299	5.925925925925925e-05	0.1899486482143402
122880	-2.939021	-1.772944	-1.291244	0.052918	0.190059	0.274929	0.03186950422823429	2.6337448559670777e-05	0.1900569647550583
123000	-2.939858	-1.772381	-1.289855	0.052873	0.190191	0.275311	0.03181563336402178	3.9506172839506166e-05	0.19018931686878204
123120	-2.940712	-1.772198	-1.290270	0.052828	0.190248	0.275196	0.03179661873728037	2.6337448559670777e-05	0.1902473270893097
123240	-2.941099	-1.771849	-1.290558	0.052808	0.190308	0.275117	0.031761267222464085	5.925925925925925e-05	0.19030778110027313
123360	-2.941410	-1.771272	-1.287948	0.052791	0.190439	0.275836	0.031714767776429655	3.9506172839506166e-05	0.1904376596212387
123480	-2.940950	-1.770819	-1.287096	0.052816	0.190569	0.276071	0.03167596682906151	2.6337448559670777e-05	0.19056731462478638
123600	-2.941121	-1.770413	-1.285621	0.052807	0.190649	0.276479	0.03163278959691525	3.9506172839506166e-05	0.19064898788928986
123720	-2.943136	-1.770548	-1.284543	0.052700	0.190633	0.276777	0.03164437748491764	3.9506172839506166e-05	0.19063277542591095
123840	-2.944399	-1.770490	-1.284334	0.052634	0.190639	0.276835	0.03163955714553594	2.6337448559670777e-05	0.19063904881477356
123960	-2.945200	-1.770084	-1.282423	0.052592	0.190735	0.277364	0.031604798324406144	3.9506172839506166e-05	0.1907348930835724
124080	-2.944829	-1.769515	-1.280457	0.052611	0.190873	0.277910	0.03155825790017843	5.925925925925925e-05	0.19087159633636475
124200	-2.945338	-1.769243	-1.279059	0.052584	0.190947	0.278299	0.031530759297311306	2.6337448559670777e-05	0.1909460872411728
124320	-2.946555	-1.769198	-1.279431	0.052520	0.190971	0.278196	0.03152203597128391	2.6337448559670777e-05	0.19097086787223816
124440	-2.946326	-1.769071	-1.279944	0.052532	0.190995	0.278053	0.031516683660447596	2.6337448559670777e-05	0.1909942477941513
124560	-2.947050	-1.768489	-1.278603	0.052494	0.191126	0.278426	0.031462008506059645	3.9506172839506166e-05	0.19112586975097656
124680	-2.947215	-1.768045	-1.276942	0.052486	0.191224	0.278889	0.03142886385321617	3.9506172839506166e-05	0.19122180342674255
124800	-2.947219	-1.767611	-1.276970	0.052485	0.191311	0.278881	0.03138310350477695	1.7558299039780518e-05	0.1913108378648758
124920	-2.947721	-1.767302	-1.276041	0.052459	0.191387	0.279140	0.03135483991354704	3.9506172839506166e-05	0.19138681888580322
125040	-2.948167	-1.767104	-1.274830	0.052436	0.191421	0.279478	0.031338369473814964	3.9506172839506166e-05	0.1914200633764267
125160	-2.949032	-1.766691	-1.273027	0.052390	0.191534	0.279983	0.03129932396113873	3.9506172839506166e-05	0.19153399765491486
125280	-2.949546	-1.766432	-1.273787	0.052363	0.191571	0.279770	0.031271842867136	2.6337448559670777e-05	0.19157147407531738
125400	-2.950371	-1.766174	-1.272869	0.052320	0.191645	0.280027	0.03125437330454588	3.9506172839506166e-05	0.191644087433815
125520	-2.950641	-1.765792	-1.271599	0.052306	0.191725	0.280383	0.031223498098552228	3.9506172839506166e-05	0.19172310829162598
125640	-2.949592	-1.765560	-1.269998	0.052361	0.191756	0.280832	0.03119557201862335	3.9506172839506166e-05	0.19175559282302856
125760	-2.951061	-1.765153	-1.269826	0.052284	0.191840	0.280880	0.03116777054965496	3.9506172839506166e-05	0.19183827936649323
125880	-2.950863	-1.764491	-1.268614	0.052295	0.191981	0.281221	0.03110270295292139	3.9506172839506166e-05	0.19198070466518402
126000	-2.951811	-1.764188	-1.268205	0.052245	0.192062	0.281336	0.031073872186243533	5.925925925925925e-05	0.19206130504608154
126120	-2.952513	-1.763789	-1.266831	0.052208	0.192144	0.281723	0.03104471256956458	3.9506172839506166e-05	0.19214192032814026
126240	-2.952862	-1.763258	-1.265994	0.052190	0.192246	0.281959	0.03099572183564305	3.9506172839506166e-05	0.19224503636360168
126360	-2.953708	-1.762913	-1.265719	0.052146	0.192312	0.282037	0.030962963495403527	3.9506172839506166e-05	0.1923111230134964
126480	-2.952703	-1.762368	-1.265511	0.052198	0.192400	0.282095	0.03091039350256324	3.9506172839506166e-05	0.19239948689937592
126600	-2.951404	-1.761930	-1.264517	0.052266	0.192481	0.282376	0.030871228594332934	2.6337448559670777e-05	0.19248099625110626
126720	-2.952673	-1.761469	-1.263320	0.052200	0.192606	0.282714	0.03082993719726801	3.9506172839506166e-05	0.19260498881340027
126840	-2.952406	-1.760657	-1.261890	0.052214	0.192780	0.283118	0.03075563069432974	2.6337448559670777e-05	0.1927802860736847
126960	-2.953308	-1.760139	-1.260541	0.052167	0.192902	0.283501	0.030712220724672078	3.9506172839506166e-05	0.19290025532245636
127080	-2.953298	-1.759873	-1.260536	0.052167	0.192964	0.283502	0.030682055000215768	3.9506172839506166e-05	0.19296403229236603
127200	-2.952334	-1.759405	-1.259611	0.052218	0.193070	0.283764	0.03064429061487317	3.9506172839506166e-05	0.19306933879852295
127320	-2.952797	-1.759325	-1.259062	0.052193	0.193111	0.283920	0.030635663028806447	2.6337448559670777e-05	0.19311046600341797
127440	-2.953535	-1.758979	-1.258116	0.052155	0.193197	0.284189	0.030610353965312243	3.9506172839506166e-05	0.19319503009319305
127560	-2.953794	-1.758479	-1.257813	0.052142	0.193299	0.284275	0.03056489722803235	2.6337448559670777e-05	0.1932981312274933
127680	-2.955225	-1.758607	-1.258032	0.052067	0.193289	0.284213	0.03056740975007415	3.9506172839506166e-05	0.19328927993774414
127800	-2.954631	-1.758293	-1.256780	0.052098	0.193361	0.284569	0.03054367136210203	3.9506172839506166e-05	0.19336101412773132
127920	-2.955298	-1.758106	-1.255955	0.052063	0.193404	0.284804	0.030524728819727898	3.9506172839506166e-05	0.1934034824371338
128040	-2.956534	-1.758002	-1.254454	0.051999	0.193426	0.285232	0.03052125545218587	3.9506172839506166e-05	0.19342519342899323
128160	-2.956106	-1.757593	-1.253456	0.052021	0.193518	0.285516	0.030479957535862922	2.6337448559670777e-05	0.19351735711097717
128280	-2.957424	-1.757072	-1.252212	0.051953	0.193659	0.285872	0.030436145327985286	2.6337448559670777e-05	0.1936578005552292
128400	-2.957760	-1.756499	-1.250759	0.051935	0.193787	0.286287	0.030381992273032666	3.9506172839506166e-05	0.1937868744134903
128520	-2.958799	-1.756035	-1.249883	0.051881	0.193901	0.286538	0.030344100296497346	3.9506172839506166e-05	0.19390016794204712
128640	-2.960819	-1.755572	-1.248370	0.051777	0.194004	0.286972	0.030305248405784368	5.925925925925925e-05	0.1940019279718399
128760	-2.961100	-1.755284	-1.248675	0.051762	0.194067	0.286885	0.030271282885223627	3.9506172839506166e-05	0.19406692683696747
128880	-2.962107	-1.754950	-1.247943	0.051710	0.194144	0.287095	0.030247510131448507	2.6337448559670777e-05	0.19414229691028595
129000	-2.961424	-1.754463	-1.247774	0.051745	0.194261	0.287143	0.030195708200335503	2.6337448559670777e-05	0.19426098465919495
129120	-2.961895	-1.754114	-1.246644	0.051721	0.194362	0.287468	0.03016709117218852	2.6337448559670777e-05	0.19436180591583252
129240	-2.962698	-1.753767	-1.246172	0.051679	0.194454	0.287604	0.0301386128179729	3.9506172839506166e-05	0.19445368647575378
129360	-2.963954	-1.753584	-1.245966	0.051614	0.194495	0.287663	0.030116312857717275	2.6337448559670777e-05	0.19449475407600403
129480	-2.965139	-1.753360	-1.245382	0.051553	0.194578	0.287831	0.030099623184651137	2.6337448559670777e-05	0.19457800686359406
129600	-2.964593	-1.752761	-1.244952	0.051581	0.194722	0.287955	0.030050620809197424	3.9506172839506166e-05	0.19472070038318634
129720	-2.963897	-1.752270	-1.244442	0.051617	0.194821	0.288102	0.030003629438579083	3.9506172839506166e-05	0.19482004642486572
129840	-2.962928	-1.752174	-1.244475	0.051667	0.194834	0.288092	0.029989719297736882	2.6337448559670777e-05	0.19483457505702972
129960	-2.963049	-1.752039	-1.243816	0.051661	0.194865	0.288282	0.02998206801712513	2.6337448559670777e-05	0.19486483931541443
130080	-2.962894	-1.751785	-1.243821	0.051669	0.194909	0.288281	0.02996041690930724	1.7558299039780518e-05	0.1949085146188736
130200	-2.962307	-1.751691	-1.244264	0.051699	0.194921	0.288153	0.029946494102478027	2.6337448559670777e-05	0.19492077827453613
130320	-2.962376	-1.751205	-1.243184	0.051696	0.195038	0.288464	0.029906857199966906	3.9506172839506166e-05	0.19503681361675262
130440	-2.963800	-1.751142	-1.242059	0.051622	0.195069	0.288789	0.02990020290017128	5.925925925925925e-05	0.19506855309009552
130560	-2.963626	-1.751051	-1.242296	0.051631	0.195076	0.288720	0.029894760251045226	3.9506172839506166e-05	0.19507509469985962
130680	-2.963326	-1.750718	-1.241836	0.051647	0.195137	0.288853	0.029860301315784453	3.9506172839506166e-05	0.19513645768165588
130800	-2.962811	-1.750149	-1.239197	0.051673	0.195271	0.289617	0.02982126660645008	5.925925925925925e-05	0.19526822865009308
130920	-2.964438	-1.749647	-1.238850	0.051589	0.195403	0.289717	0.02976950677111745	3.9506172839506166e-05	0.19540145993232727
131040	-2.965377	-1.749201	-1.238062	0.051541	0.195504	0.289946	0.02972628390416503	2.6337448559670777e-05	0.19550339877605438
131160	-2.965807	-1.749040	-1.238085	0.051519	0.195534	0.289939	0.029713558312505484	3.9506172839506166e-05	0.19553214311599731
131280	-2.964823	-1.748491	-1.237808	0.051570	0.195660	0.290019	0.02966879876330495	3.9506172839506166e-05	0.1956586092710495
131400	-2.962634	-1.747829	-1.234989	0.051683	0.195802	0.290838	0.02960593393072486	3.9506172839506166e-05	0.1958010345697403
131520	-2.962437	-1.747568	-1.233320	0.051693	0.195905	0.291324	0.029575420636683704	3.9506172839506166e-05	0.19590546190738678
131640	-2.963489	-1.747467	-1.232753	0.051638	0.195976	0.291489	0.029567005950957535	2.6337448559670777e-05	0.19597533345222473
131760	-2.964839	-1.747159	-1.232012	0.051569	0.196071	0.291705	0.029546236246824266	2.6337448559670777e-05	0.1960701197385788
131880	-2.966604	-1.746900	-1.231297	0.051478	0.196161	0.291914	0.02952562440186739	2.6337448559670777e-05	0.19615837931632996
132000	-2.967451	-1.746491	-1.230111	0.051434	0.196251	0.292260	0.029482703376561403	2.6337448559670777e-05	0.19625058770179749
132120	-2.966966	-1.746085	-1.229654	0.051459	0.196322	0.292394	0.02944193808361888	3.9506172839506166e-05	0.19632269442081451
132240	-2.967153	-1.745822	-1.228757	0.051450	0.196378	0.292656	0.0294266302138567	3.9506172839506166e-05	0.19637595117092133
132360	-2.967075	-1.745310	-1.227869	0.051454	0.196499	0.292916	0.02937749419361353	3.9506172839506166e-05	0.19649797677993774
132480	-2.967107	-1.745118	-1.228250	0.051452	0.196558	0.292804	0.02935405420139432	3.9506172839506166e-05	0.1965579092502594
132600	-2.967928	-1.744584	-1.225626	0.051410	0.196708	0.293574	0.029314581863582136	3.9506172839506166e-05	0.19670647382736206
132720	-2.966774	-1.744410	-1.226660	0.051469	0.196737	0.293270	0.029291722271591426	3.9506172839506166e-05	0.19673725962638855
132840	-2.966612	-1.744039	-1.227014	0.051477	0.196813	0.293167	0.029261917527765035	2.6337448559670777e-05	0.19681301712989807
132960	-2.966745	-1.743571	-1.225872	0.051471	0.196913	0.293502	0.029222029261291027	3.9506172839506166e-05	0.19691172242164612
133080	-2.966550	-1.743151	-1.225273	0.051481	0.196995	0.293678	0.02917925165966153	3.9506172839506166e-05	0.19699499011039734
133200	-2.966452	-1.742724	-1.224495	0.051486	0.197095	0.293906	0.029141755122691394	3.9506172839506166e-05	0.19709458947181702
133320	-2.967690	-1.742092	-1.223012	0.051422	0.197268	0.294342	0.029089415911585093	3.9506172839506166e-05	0.19726713001728058
133440	-2.968429	-1.741736	-1.222914	0.051384	0.197327	0.294371	0.029064664524048565	3.9506172839506166e-05	0.19732357561588287
133560	-2.969432	-1.741408	-1.220982	0.051332	0.197425	0.294940	0.029025376960635185	5.925925925925925e-05	0.19742314517498016
133680	-2.969803	-1.741054	-1.219586	0.051313	0.197514	0.295353	0.028994136862456797	3.9506172839506166e-05	0.19751383364200592
133800	-2.970975	-1.740721	-1.218001	0.051253	0.197614	0.295821	0.028962916880846023	3.9506172839506166e-05	0.1976126879453659
133920	-2.971684	-1.740502	-1.216370	0.051217	0.197689	0.296304	0.028944138903170824	5.925925925925925e-05	0.19768722355365753
134040	-2.971660	-1.740433	-1.214277	0.051218	0.197740	0.296925	0.028931883070617913	5.925925925925925e-05	0.19774101674556732
134160	-2.971654	-1.740368	-1.214392	0.051219	0.197764	0.296890	0.028929094038903713	3.9506172839506166e-05	0.19776365160942078
134280	-2.971470	-1.739989	-1.211403	0.051228	0.197868	0.297779	0.028901268262416124	3.9506172839506166e-05	0.19786636531352997
134400	-2.972558	-1.739684	-1.211202	0.051172	0.197954	0.297839	0.028873281553387642	5.925925925925925e-05	0.19795304536819458
134520	-2.972556	-1.739393	-1.210400	0.051172	0.198023	0.298078	0.028839640598744155	3.9506172839506166e-05	0.1980227679014206
134640	-2.971999	-1.739311	-1.210095	0.051201	0.198052	0.298169	0.028834009170532228	2.6337448559670777e-05	0.19805264472961426
134760	-2.971698	-1.738971	-1.208791	0.051216	0.198122	0.298558	0.028805806208401917	3.9506172839506166e-05	0.19812162220478058
134880	-2.970028	-1.738694	-1.208382	0.051302	0.198176	0.298680	0.02878274628892541	3.9506172839506166e-05	0.19817553460597992
135000	-2.969135	-1.738383	-1.208848	0.051348	0.198230	0.298541	0.028756864555180072	5.925925925925925e-05	0.19822852313518524
135120	-2.970409	-1.738036	-1.206471	0.051282	0.198347	0.299251	0.028716692142188548	5.925925925925925e-05	0.1983467936515808
135240	-2.971279	-1.737911	-1.205955	0.051238	0.198369	0.299406	0.028704071883112192	3.9506172839506166e-05	0.19836969673633575
135360	-2.970917	-1.737657	-1.204826	0.051256	0.198454	0.299744	0.02869250550866127	1.7558299039780518e-05	0.19845342636108398
135480	-2.971738	-1.737408	-1.204164	0.051214	0.198517	0.299943	0.02866333965212107	3.9506172839506166e-05	0.19851680099964142
135600	-2.972213	-1.737003	-1.203644	0.051190	0.198630	0.300099	0.028631479013711214	2.6337448559670777e-05	0.19862867891788483
135720	-2.973965	-1.736482	-1.202840	0.051100	0.198768	0.300340	0.028586440626531838	3.9506172839506166e-05	0.19876565039157867
135840	-2.975130	-1.736236	-1.203338	0.051041	0.198829	0.300190	0.028556704241782426	3.9506172839506166e-05	0.19882896542549133
135960	-2.974823	-1.735865	-1.202361	0.051056	0.198925	0.300484	0.0285280704498291	3.9506172839506166e-05	0.1989244669675827
136080	-2.975014	-1.735741	-1.201568	0.051047	0.198983	0.300722	0.02851557554677129	3.9506172839506166e-05	0.19898229837417603
136200	-2.975358	-1.735106	-1.200346	0.051029	0.199146	0.301090	0.02845994047820568	2.6337448559670777e-05	0.19914494454860687
136320	-2.976489	-1.734618	-1.199792	0.050971	0.199271	0.301257	0.02841722946614027	5.925925925925925e-05	0.19926969707012177
136440	-2.976392	-1.734245	-1.200426	0.050976	0.199358	0.301066	0.028382750693708658	3.9506172839506166e-05	0.19935666024684906
136560	-2.975582	-1.733799	-1.199133	0.051018	0.199447	0.301455	0.028341726586222648	3.9506172839506166e-05	0.19944655895233154
136680	-2.975219	-1.733736	-1.199364	0.051036	0.199448	0.301386	0.02833812227472663	3.9506172839506166e-05	0.19944608211517334
136800	-2.975019	-1.733257	-1.199492	0.051046	0.199560	0.301347	0.028295933734625578	5.925925925925925e-05	0.19955794513225555
136920	-2.974935	-1.732621	-1.199496	0.051051	0.199700	0.301346	0.028234007023274898	3.9506172839506166e-05	0.19969923794269562
137040	-2.973958	-1.732348	-1.199373	0.051101	0.199757	0.301383	0.028213184606283904	3.9506172839506166e-05	0.19975514709949493
137160	-2.975191	-1.731887	-1.198599	0.051038	0.199881	0.301617	0.02817185390740633	2.6337448559670777e-05	0.19987936317920685
137280	-2.975978	-1.731427	-1.197230	0.050998	0.200000	0.302030	0.028125462215393783	3.9506172839506166e-05	0.19999951124191284
137400	-2.976854	-1.730963	-1.197520	0.050953	0.200104	0.301942	0.028086296189576386	1.7558299039780518e-05	0.2001034915447235
137520	-2.976979	-1.730506	-1.196127	0.050947	0.200194	0.302363	0.028054498508572577	3.9506172839506166e-05	0.20019160211086273
137640	-2.975648	-1.729468	-1.194059	0.051014	0.200427	0.302989	0.027956172730773686	2.6337448559670777e-05	0.20042602717876434
137760	-2.975343	-1.729064	-1.193286	0.051030	0.200530	0.303223	0.027913010399788617	3.9506172839506166e-05	0.20052996277809143
137880	-2.976193	-1.728849	-1.193586	0.050987	0.200610	0.303132	0.02789910901337862	3.9506172839506166e-05	0.20060783624649048
138000	-2.976902	-1.728571	-1.193823	0.050950	0.200677	0.303060	0.027872107364237307	1.7558299039780518e-05	0.20067672431468964
138120	-2.978040	-1.728444	-1.193156	0.050892	0.200727	0.303263	0.02785173924639821	3.9506172839506166e-05	0.20072725415229797
138240	-2.978648	-1.728288	-1.194462	0.050862	0.200784	0.302867	0.02784548280760646	5.925925925925925e-05	0.2007831633090973
138360	-2.978920	-1.728009	-1.193830	0.050848	0.200856	0.303058	0.027818845491856335	3.9506172839506166e-05	0.20085550844669342
138480	-2.979447	-1.727742	-1.193993	0.050821	0.200933	0.303009	0.02779431464150548	2.6337448559670777e-05	0.20093271136283875
138600	-2.978857	-1.727221	-1.193559	0.050851	0.201072	0.303140	0.027751474268734456	3.9506172839506166e-05	0.2010701447725296
138720	-2.978545	-1.726917	-1.193138	0.050867	0.201145	0.303268	0.027718021254986524	3.9506172839506166e-05	0.20114456117153168
138840	-2.977778	-1.726474	-1.191534	0.050906	0.201273	0.303755	0.027687097992748023	3.9506172839506166e-05	0.20127131044864655
138960	-2.977555	-1.725946	-1.190257	0.050917	0.201404	0.304143	0.027633516024798153	2.6337448559670777e-05	0.20140312612056732
139080	-2.976586	-1.725412	-1.190736	0.050967	0.201537	0.303997	0.02758841784670949	2.6337448559670777e-05	0.2015354335308075
139200	-2.978319	-1.725395	-1.190065	0.050878	0.201582	0.304201	0.027579737082123756	3.9506172839506166e-05	0.20158223807811737
139320	-2.979426	-1.725441	-1.189373	0.050822	0.201612	0.304412	0.027587641030550003	3.9506172839506166e-05	0.20161134004592896
139440	-2.978359	-1.724988	-1.187214	0.050876	0.201716	0.305070	0.027551432978361844	3.9506172839506166e-05	0.2017146348953247
139560	-2.978146	-1.724514	-1.187323	0.050887	0.201818	0.305037	0.02750647272914648	3.9506172839506166e-05	0.20181657373905182
139680	-2.977762	-1.724054	-1.187935	0.050907	0.201930	0.304850	0.027464969735592603	3.9506172839506166e-05	0.20192791521549225
139800	-2.977763	-1.723956	-1.189219	0.050907	0.201934	0.304459	0.02745155179873109	2.6337448559670777e-05	0.20193436741828918
139920	-2.977359	-1.723984	-1.188757	0.050927	0.201950	0.304600	0.02745641488581896	2.6337448559670777e-05	0.2019495964050293
140040	-2.975692	-1.723273	-1.187505	0.051012	0.202084	0.304981	0.02739137914031744	2.6337448559670777e-05	0.20208394527435303
140160	-2.975726	-1.722922	-1.187811	0.051010	0.202170	0.304888	0.027363576740026475	2.6337448559670777e-05	0.2021695226430893
140280	-2.974676	-1.722615	-1.188496	0.051064	0.202231	0.304679	0.027337384037673475	3.9506172839506166e-05	0.20222929120063782
140400	-2.975883	-1.722451	-1.189413	0.051002	0.202268	0.304400	0.02731703333556652	3.9506172839506166e-05	0.20226703584194183
140520	-2.975489	-1.722391	-1.188830	0.051022	0.202273	0.304578	0.027311848104000093	3.9506172839506166e-05	0.20227184891700745
140640	-2.974269	-1.722113	-1.188861	0.051085	0.202342	0.304568	0.027291131485253573	3.9506172839506166e-05	0.20234116911888123
140760	-2.974843	-1.721996	-1.187012	0.051055	0.202411	0.305132	0.027274093870073558	3.9506172839506166e-05	0.20241068303585052
140880	-2.974363	-1.721840	-1.186746	0.051080	0.202464	0.305213	0.02726546358317137	3.9506172839506166e-05	0.2024630606174469
141000	-2.973006	-1.721154	-1.186200	0.051149	0.202605	0.305379	0.02720529893413186	3.9506172839506166e-05	0.2026033252477646
141120	-2.972566	-1.720757	-1.186163	0.051172	0.202726	0.305391	0.027167022787034513	3.9506172839506166e-05	0.2027260959148407
141240	-2.973227	-1.720606	-1.186759	0.051138	0.202774	0.305209	0.02715274505317211	3.9506172839506166e-05	0.20277242362499237
141360	-2.973373	-1.720543	-1.185993	0.051131	0.202811	0.305443	0.027146993577480315	3.9506172839506166e-05	0.2028103768825531
141480	-2.972481	-1.720487	-1.186249	0.051176	0.202821	0.305364	0.02713896529749036	2.6337448559670777e-05	0.2028207629919052
141600	-2.973073	-1.719982	-1.186863	0.051146	0.202928	0.305177	0.027099427487701177	3.9506172839506166e-05	0.20292723178863525
141720	-2.973038	-1.719894	-1.187551	0.051148	0.202940	0.304967	0.027087345719337463	3.9506172839506166e-05	0.20293954014778137
141840	-2.973520	-1.719442	-1.186411	0.051123	0.203051	0.305315	0.02705343496054411	2.6337448559670777e-05	0.20304958522319794
141960	-2.972743	-1.719281	-1.185276	0.051163	0.203092	0.305662	0.027038366999477148	3.9506172839506166e-05	0.20308957993984222
142080	-2.972419	-1.718882	-1.185509	0.051179	0.203192	0.305590	0.02699702577665448	3.9506172839506166e-05	0.20319120585918427
142200	-2.972483	-1.718361	-1.183874	0.051176	0.203334	0.306091	0.026953070517629386	5.925925925925925e-05	0.20333240926265717
142320	-2.971479	-1.718229	-1.184594	0.051227	0.203359	0.305870	0.026935665309429167	2.6337448559670777e-05	0.20335890352725983
142440	-2.972564	-1.717956	-1.183124	0.051172	0.203460	0.306320	0.026917906384915112	3.9506172839506166e-05	0.20345783233642578
142560	-2.972710	-1.717726	-1.181835	0.051164	0.203536	0.306715	0.026891705952584742	2.6337448559670777e-05	0.2035355269908905
142680	-2.973007	-1.717468	-1.180857	0.051149	0.203627	0.307016	0.026870200783014296	3.9506172839506166e-05	0.20362655818462372
142800	-2.973328	-1.717027	-1.181510	0.051133	0.203731	0.306815	0.026832345593720674	3.9506172839506166e-05	0.20372968912124634
142920	-2.973382	-1.716401	-1.181269	0.051130	0.203874	0.306889	0.02677571726962924	5.925925925925925e-05	0.20387287437915802
143040	-2.972234	-1.715907	-1.181475	0.051189	0.203977	0.306826	0.026736331079155205	3.9506172839506166e-05	0.20397594571113586
143160	-2.970167	-1.715308	-1.180894	0.051295	0.204094	0.307004	0.026677434612065554	2.6337448559670777e-05	0.2040938287973404
143280	-2.968516	-1.715209	-1.181415	0.051380	0.204104	0.306844	0.026662588492035864	3.9506172839506166e-05	0.20410491526126862
143400	-2.968297	-1.715134	-1.181795	0.051391	0.204122	0.306728	0.026655924692749976	3.9506172839506166e-05	0.2041226178407669
143520	-2.968429	-1.714734	-1.181828	0.051384	0.204204	0.306718	0.026625385135412218	3.9506172839506166e-05	0.20420363545417786
143640	-2.967101	-1.714177	-1.182501	0.051452	0.204317	0.306511	0.026576283015310766	2.6337448559670777e-05	0.20431621372699738
143760	-2.967357	-1.713906	-1.181722	0.051439	0.204391	0.306750	0.02655022740364075	3.9506172839506166e-05	0.204390287399292
143880	-2.966267	-1.713259	-1.180884	0.051495	0.204550	0.307007	0.026494020037353037	3.9506172839506166e-05	0.2045494019985199
144000	-2.964830	-1.712749	-1.180604	0.051569	0.204665	0.307093	0.02644226187840104	3.9506172839506166e-05	0.20466604828834534
144120	-2.964287	-1.712550	-1.180113	0.051597	0.204702	0.307244	0.026428527664393187	3.9506172839506166e-05	0.2047014832496643
144240	-2.965051	-1.712158	-1.179778	0.051558	0.204789	0.307347	0.0263952630572021	3.9506172839506166e-05	0.20478764176368713
144360	-2.964569	-1.711687	-1.177645	0.051583	0.204891	0.308003	0.02634902121499181	3.9506172839506166e-05	0.2048908919095993
144480	-2.963836	-1.711464	-1.176273	0.051621	0.204969	0.308426	0.026330765150487424	3.9506172839506166e-05	0.20496681332588196
144600	-2.962436	-1.711131	-1.175912	0.051693	0.205057	0.308537	0.026300544571131467	5.925925925925925e-05	0.20505733788013458
144720	-2.962166	-1.710966	-1.176396	0.051707	0.205134	0.308388	0.026287158485502005	3.9506172839506166e-05	0.20513111352920532
144840	-2.961169	-1.711034	-1.174603	0.051758	0.205112	0.308942	0.026288903038948774	5.925925925925925e-05	0.2051120400428772
144960	-2.960874	-1.710616	-1.174016	0.051774	0.205184	0.309123	0.026253678277134894	3.9506172839506166e-05	0.20518331229686737
145080	-2.961555	-1.710115	-1.174101	0.051738	0.205315	0.309097	0.026209113374352454	3.9506172839506166e-05	0.20531554520130157
145200	-2.961241	-1.709915	-1.174327	0.051755	0.205359	0.309027	0.02618794282898307	5.925925925925925e-05	0.20535899698734283
145320	-2.960701	-1.709502	-1.174678	0.051783	0.205441	0.308919	0.026162266731262207	5.925925925925925e-05	0.20543858408927917
145440	-2.961678	-1.709329	-1.174580	0.051732	0.205502	0.308949	0.026135804876685143	3.9506172839506166e-05	0.2055017352104187
145560	-2.960354	-1.708836	-1.173455	0.051801	0.205613	0.309297	0.02609170340001583	3.9506172839506166e-05	0.20561344921588898
145680	-2.959828	-1.708365	-1.171845	0.051828	0.205719	0.309795	0.02605358259752393	3.9506172839506166e-05	0.20571762323379517
145800	-2.959382	-1.707805	-1.171049	0.051851	0.205838	0.310042	0.026000264380127192	2.6337448559670777e-05	0.2058371752500534
145920	-2.959349	-1.707573	-1.170718	0.051853	0.205903	0.310144	0.025982951186597346	1.7558299039780518e-05	0.20590192079544067
146040	-2.959494	-1.707288	-1.170106	0.051845	0.206010	0.310334	0.025956145860254763	2.6337448559670777e-05	0.20600824058055878
146160	-2.959857	-1.707049	-1.169529	0.051826	0.206099	0.310513	0.025929270405322315	3.9506172839506166e-05	0.20609882473945618
146280	-2.958957	-1.706618	-1.168018	0.051873	0.206202	0.310983	0.0258930841460824	3.9506172839506166e-05	0.20620153844356537
146400	-2.959546	-1.706000	-1.167569	0.051842	0.206337	0.311122	0.025841499771922828	5.925925925925925e-05	0.20633555948734283
146520	-2.959575	-1.705746	-1.167727	0.051841	0.206376	0.311073	0.0258132073096931	3.9506172839506166e-05	0.20637571811676025
146640	-2.959460	-1.705836	-1.168313	0.051847	0.206356	0.310891	0.025818140152841805	3.9506172839506166e-05	0.20635640621185303
146760	-2.959905	-1.705609	-1.168867	0.051824	0.206404	0.310719	0.025806632172316313	3.9506172839506166e-05	0.20640206336975098
146880	-2.959010	-1.705464	-1.167375	0.051870	0.206443	0.311183	0.02578855101019144	3.9506172839506166e-05	0.2064426988363266
147000	-2.958956	-1.705384	-1.166379	0.051873	0.206462	0.311493	0.02578111533075571	3.9506172839506166e-05	0.2064620703458786
147120	-2.958242	-1.705244	-1.166493	0.051910	0.206483	0.311457	0.025766446627676486	3.9506172839506166e-05	0.20648373663425446
147240	-2.958078	-1.704974	-1.165774	0.051919	0.206568	0.311681	0.02574523389339447	3.9506172839506166e-05	0.20656725764274597
147360	-2.957452	-1.704400	-1.164308	0.051951	0.206700	0.312139	0.02569548236206174	3.9506172839506166e-05	0.20669838786125183
147480	-2.957077	-1.704181	-1.164201	0.051971	0.206760	0.312172	0.02567312177270651	3.9506172839506166e-05	0.20675961673259735
147600	-2.957247	-1.704144	-1.165136	0.051962	0.206766	0.311880	0.025672855135053397	2.6337448559670777e-05	0.20676548779010773
147720	-2.956698	-1.703941	-1.165078	0.051990	0.206823	0.311898	0.02565133748576045	3.9506172839506166e-05	0.20682360231876373
147840	-2.955161	-1.703482	-1.164166	0.052070	0.206910	0.312183	0.025607752986252307	3.9506172839506166e-05	0.20690956711769104
147960	-2.954674	-1.703227	-1.164341	0.052096	0.206973	0.312128	0.02558981776237488	3.9506172839506166e-05	0.20697180926799774
148080	-2.954370	-1.702862	-1.163337	0.052111	0.207065	0.312442	0.025558673311024904	2.6337448559670777e-05	0.20706318318843842
148200	-2.953702	-1.702375	-1.161783	0.052146	0.207193	0.312928	0.025517337117344142	2.6337448559670777e-05	0.2071911096572876
148320	-2.953498	-1.702106	-1.160898	0.052157	0.207235	0.313205	0.02548459805548191	5.925925925925925e-05	0.20723512768745422
148440	-2.952795	-1.701728	-1.159645	0.052194	0.207358	0.313597	0.025458941981196404	5.925925925925925e-05	0.20735564827919006
148560	-2.953307	-1.701333	-1.160132	0.052167	0.207439	0.313445	0.025422001257538795	3.9506172839506166e-05	0.20743796229362488
148680	-2.954668	-1.701403	-1.159963	0.052096	0.207425	0.313498	0.025416133366525172	3.9506172839506166e-05	0.20742593705654144
148800	-2.955576	-1.701264	-1.159888	0.052049	0.207461	0.313521	0.02540995888411999	3.9506172839506166e-05	0.20746035873889923
148920	-2.955246	-1.701057	-1.158436	0.052066	0.207522	0.313977	0.025388507172465324	2.6337448559670777e-05	0.207522451877594
149040	-2.955668	-1.700990	-1.158164	0.052044	0.207553	0.314062	0.025387479178607463	3.9506172839506166e-05	0.20755235850811005
149160	-2.955773	-1.700507	-1.157621	0.052038	0.207687	0.314233	0.025341055262833832	2.6337448559670777e-05	0.20768634974956512
149280	-2.957044	-1.700410	-1.157514	0.051972	0.207727	0.314267	0.025331781897693872	3.9506172839506166e-05	0.207727313041687
149400	-2.958559	-1.700104	-1.155865	0.051894	0.207849	0.314785	0.02530619250610471	5.925925925925925e-05	0.20784778892993927
149520	-2.958976	-1.699811	-1.154576	0.051872	0.207935	0.315191	0.025278337020426988	2.6337448559670777e-05	0.2079351544380188
149640	-2.959115	-1.699340	-1.154522	0.051865	0.208057	0.315208	0.025234781578183173	3.9506172839506166e-05	0.20805689692497253
149760	-2.958825	-1.699134	-1.153351	0.051880	0.208115	0.315577	0.025224100146442652	3.9506172839506166e-05	0.20811381936073303
149880	-2.958324	-1.698989	-1.153373	0.051906	0.208121	0.315570	0.025204838998615742	5.925925925925925e-05	0.2081211805343628
150000	-2.959041	-1.698895	-1.153564	0.051869	0.208165	0.315510	0.025196239724755286	3.9506172839506166e-05	0.20816417038440704
150120	-2.957691	-1.698423	-1.153205	0.051939	0.208257	0.315624	0.025158535316586496	2.6337448559670777e-05	0.20825602114200592
150240	-2.958615	-1.697914	-1.153530	0.051891	0.208351	0.315521	0.025112846866250038	1.7558299039780518e-05	0.20835062861442566
150360	-2.958622	-1.698068	-1.154280	0.051890	0.208350	0.315285	0.025124121084809305	3.9506172839506166e-05	0.2083490937948227
150480	-2.957300	-1.697591	-1.154298	0.051959	0.208464	0.315279	0.025087216589599847	3.9506172839506166e-05	0.20846083760261536
150600	-2.956936	-1.697008	-1.153537	0.051978	0.208587	0.315519	0.02502487562596798	5.925925925925925e-05	0.20858782529830933
150720	-2.957206	-1.697198	-1.153512	0.051964	0.208547	0.315527	0.025043224077671768	3.9506172839506166e-05	0.20854684710502625
150840	-2.956711	-1.696966	-1.151726	0.051990	0.208655	0.316091	0.025020131003111602	3.9506172839506166e-05	0.20865486562252045
150960	-2.957042	-1.697002	-1.150705	0.051972	0.208672	0.316414	0.025026208627969025	5.925925925925925e-05	0.20867180824279785
151080	-2.955755	-1.696902	-1.150882	0.052039	0.208687	0.316358	0.025015042442828418	3.9506172839506166e-05	0.20868699252605438
151200	-2.956722	-1.696716	-1.150787	0.051989	0.208756	0.316388	0.025003339257091285	3.9506172839506166e-05	0.2087549865245819
151320	-2.957817	-1.696490	-1.149016	0.051932	0.208829	0.316949	0.02497770357877016	5.925925925925925e-05	0.2088286131620407
151440	-2.957875	-1.696221	-1.148920	0.051929	0.208900	0.316979	0.024959537666291	3.9506172839506166e-05	0.2088989019393921
151560	-2.956608	-1.696097	-1.148993	0.051995	0.208934	0.316956	0.02495066598057747	3.9506172839506166e-05	0.20893211662769318
151680	-2.956450	-1.696111	-1.150173	0.052003	0.208940	0.316582	0.024945993814617394	2.6337448559670777e-05	0.20893950760364532
151800	-2.956736	-1.696042	-1.149603	0.051988	0.208988	0.316762	0.024938017688691617	3.9506172839506166e-05	0.20898780226707458
151920	-2.956160	-1.696133	-1.148249	0.052018	0.209017	0.317192	0.024947815109044313	3.9506172839506166e-05	0.20901566743850708
152040	-2.955701	-1.695866	-1.147187	0.052042	0.209083	0.317529	0.024924973864108323	3.9506172839506166e-05	0.20908291637897491
152160	-2.956942	-1.696136	-1.147506	0.051978	0.209042	0.317427	0.024949026480317115	2.6337448559670777e-05	0.20904140174388885
152280	-2.958332	-1.695914	-1.147154	0.051905	0.209112	0.317539	0.024933659471571445	2.6337448559670777e-05	0.2091105431318283
152400	-2.958259	-1.695427	-1.145732	0.051909	0.209263	0.317991	0.024891324155032635	5.925925925925925e-05	0.20926065742969513
152520	-2.957134	-1.694789	-1.145471	0.051968	0.209404	0.318074	0.024830009136348963	2.6337448559670777e-05	0.20940376818180084
152640	-2.957341	-1.694297	-1.145194	0.051957	0.209534	0.318162	0.02479427931830287	2.6337448559670777e-05	0.20953212678432465
152760	-2.957767	-1.694006	-1.144962	0.051935	0.209619	0.318236	0.024752954579889776	3.9506172839506166e-05	0.2096196860074997
152880	-2.956736	-1.694034	-1.145412	0.051988	0.209615	0.318093	0.024757254403084517	3.9506172839506166e-05	0.20961539447307587
153000	-2.957822	-1.693761	-1.144259	0.051932	0.209710	0.318460	0.024742244835942985	1.7558299039780518e-05	0.20970912277698517
153120	-2.957660	-1.693926	-1.144370	0.051940	0.209699	0.318424	0.02475290633738041	3.9506172839506166e-05	0.20969772338867188
153240	-2.957872	-1.693686	-1.143870	0.051929	0.209760	0.318584	0.02473175320774317	2.6337448559670777e-05	0.20975899696350098
153360	-2.957440	-1.693408	-1.143133	0.051952	0.209822	0.318818	0.02470643548294902	5.925925925925925e-05	0.20982131361961365
153480	-2.957248	-1.693259	-1.143129	0.051962	0.209858	0.318820	0.02468794407323003	3.9506172839506166e-05	0.2098580300807953
153600	-2.957155	-1.693224	-1.142472	0.051967	0.209887	0.319029	0.024681198690086604	5.925925925925925e-05	0.20988872647285461
153720	-2.957443	-1.693135	-1.142210	0.051952	0.209958	0.319113	0.02467715283855796	3.9506172839506166e-05	0.20995908975601196
153840	-2.958147	-1.692940	-1.141225	0.051915	0.210042	0.319427	0.024659375380724668	2.6337448559670777e-05	0.21004189550876617
153960	-2.957206	-1.692559	-1.140427	0.051964	0.210146	0.319682	0.024629171751439572	2.6337448559670777e-05	0.2101464867591858
154080	-2.957308	-1.692445	-1.139652	0.051959	0.210181	0.319930	0.024614890944212674	3.9506172839506166e-05	0.21018077433109283
154200	-2.956487	-1.691901	-1.137899	0.052001	0.210330	0.320492	0.02456771079450846	3.9506172839506166e-05	0.21032999455928802
154320	-2.956338	-1.691507	-1.136513	0.052009	0.210433	0.320936	0.024533371534198524	3.9506172839506166e-05	0.2104332149028778
154440	-2.955253	-1.691237	-1.136197	0.052065	0.210483	0.321038	0.024508684780448674	5.925925925925925e-05	0.21048201620578766
154560	-2.955038	-1.690686	-1.134309	0.052077	0.210651	0.321644	0.02446204237639904	3.9506172839506166e-05	0.21064966917037964
154680	-2.955316	-1.690255	-1.132848	0.052062	0.210751	0.322114	0.02442170334979892	3.9506172839506166e-05	0.21074961125850677
154800	-2.955395	-1.689732	-1.132066	0.052058	0.210866	0.322367	0.024376103281974794	3.9506172839506166e-05	0.2108655571937561
154920	-2.956086	-1.689357	-1.129901	0.052022	0.210976	0.323065	0.024339481722563505	3.9506172839506166e-05	0.21097564697265625
155040	-2.955394	-1.689029	-1.129105	0.052058	0.211073	0.323322	0.024308972898870705	2.6337448559670777e-05	0.21107317507266998
155160	-2.952868	-1.688475	-1.129749	0.052190	0.211220	0.323114	0.02425692295655608	3.9506172839506166e-05	0.21121959388256073
155280	-2.952856	-1.688284	-1.128277	0.052190	0.211281	0.323590	0.02424740269780159	3.9506172839506166e-05	0.21127963066101074
155400	-2.952164	-1.688142	-1.126890	0.052227	0.211342	0.324039	0.024229659605771302	3.9506172839506166e-05	0.21134136617183685
155520	-2.950240	-1.688013	-1.126778	0.052327	0.211368	0.324076	0.024223933927714825	5.925925925925925e-05	0.2113664150238037
155640	-2.949258	-1.687655	-1.125937	0.052379	0.211468	0.324348	0.024193827528506517	3.9506172839506166e-05	0.21146608889102936
155760	-2.949245	-1.686972	-1.125739	0.052379	0.211639	0.324413	0.024128747452050448	3.9506172839506166e-05	0.2116376906633377
155880	-2.948629	-1.686172	-1.125417	0.052412	0.211840	0.324517	0.02406136188656092	3.9506172839506166e-05	0.2118377685546875
156000	-2.949058	-1.685374	-1.123682	0.052389	0.212069	0.325080	0.023988815117627384	3.9506172839506166e-05	0.21206600964069366
156120	-2.949429	-1.685341	-1.123591	0.052370	0.212075	0.325110	0.02397675020620227	3.9506172839506166e-05	0.21207520365715027
156240	-2.950335	-1.685046	-1.123114	0.052322	0.212149	0.325265	0.023960942588746547	3.9506172839506166e-05	0.21214598417282104
156360	-2.951358	-1.684545	-1.122208	0.052269	0.212325	0.325560	0.023910882603377103	5.925925925925925e-05	0.21232278645038605
156480	-2.950889	-1.684099	-1.121489	0.052293	0.212445	0.325794	0.023867596685886384	3.9506172839506166e-05	0.21244390308856964
156600	-2.949403	-1.683928	-1.122483	0.052371	0.212482	0.325471	0.02385811125859618	3.9506172839506166e-05	0.21248041093349457
156720	-2.948404	-1.683422	-1.122447	0.052423	0.212593	0.325482	0.023806190490722655	3.9506172839506166e-05	0.21259228885173798
156840	-2.947196	-1.683095	-1.122484	0.052487	0.212663	0.325470	0.02378006586804986	3.9506172839506166e-05	0.21266256272792816
156960	-2.946666	-1.682487	-1.121009	0.052514	0.212804	0.325951	0.02373486813157797	3.9506172839506166e-05	0.21280038356781006
157080	-2.946519	-1.682161	-1.121929	0.052522	0.212892	0.325651	0.02369221644476056	2.6337448559670777e-05	0.21289116144180298
157200	-2.946747	-1.681646	-1.121775	0.052510	0.213075	0.325701	0.023647700529545547	3.9506172839506166e-05	0.21307317912578583
157320	-2.946519	-1.681248	-1.120383	0.052522	0.213200	0.326155	0.023613282572478057	1.7558299039780518e-05	0.21319934725761414
157440	-2.947038	-1.680665	-1.119755	0.052495	0.213368	0.326360	0.023559971526265145	3.9506172839506166e-05	0.21336761116981506
157560	-2.947464	-1.680421	-1.119050	0.052473	0.213420	0.326590	0.023538952693343163	2.6337448559670777e-05	0.21341894567012787
157680	-2.946627	-1.680154	-1.118287	0.052517	0.213520	0.326839	0.02351093804463744	3.9506172839506166e-05	0.21351966261863708
157800	-2.947188	-1.679754	-1.119562	0.052487	0.213596	0.326423	0.023476034868508577	3.9506172839506166e-05	0.21359588205814362
157920	-2.947499	-1.679550	-1.120197	0.052471	0.213644	0.326216	0.023456683848053217	2.6337448559670777e-05	0.2136429101228714
158040	-2.947653	-1.679345	-1.119225	0.052463	0.213718	0.326533	0.023440212290734053	3.9506172839506166e-05	0.21371649205684662
158160	-2.948446	-1.679360	-1.119212	0.052421	0.213749	0.326537	0.023433284647762776	3.9506172839506166e-05	0.213749498128891
158280	-2.948126	-1.678589	-1.117818	0.052438	0.213942	0.326992	0.023372602369636297	3.9506172839506166e-05	0.21394015848636627
158400	-2.947612	-1.678387	-1.119183	0.052465	0.214008	0.326546	0.023354215361177922	2.6337448559670777e-05	0.2140066921710968
158520	-2.947698	-1.677990	-1.118059	0.052460	0.214136	0.326914	0.023320685606449842	3.9506172839506166e-05	0.2141341269016266
158640	-2.947732	-1.677546	-1.117732	0.052459	0.214264	0.327021	0.02328269276767969	3.9506172839506166e-05	0.21426130831241608
158760	-2.949017	-1.677164	-1.117575	0.052391	0.214381	0.327072	0.023246810398995878	3.9506172839506166e-05	0.21437938511371613
158880	-2.950906	-1.676846	-1.116169	0.052292	0.214469	0.327532	0.023214297741651534	3.9506172839506166e-05	0.2144678235054016
159000	-2.951331	-1.676775	-1.116614	0.052270	0.214486	0.327386	0.02320766616612673	3.9506172839506166e-05	0.21448545157909393
159120	-2.949717	-1.676306	-1.116885	0.052355	0.214624	0.327298	0.02317301034927368	3.9506172839506166e-05	0.21462152898311615
159240	-2.950251	-1.676090	-1.116001	0.052327	0.214710	0.327587	0.02314264578744769	2.6337448559670777e-05	0.21470949053764343
159360	-2.950358	-1.675909	-1.115813	0.052321	0.214767	0.327649	0.023126114904880524	3.9506172839506166e-05	0.2147674411535263
159480	-2.951019	-1.675796	-1.114746	0.052286	0.214837	0.327999	0.023116038367152213	2.6337448559670777e-05	0.21483710408210754
159600	-2.951262	-1.675499	-1.114686	0.052274	0.214912	0.328018	0.02309295041486621	3.9506172839506166e-05	0.2149110734462738
159720	-2.951346	-1.675222	-1.114210	0.052269	0.214998	0.328174	0.02306663980707526	2.6337448559670777e-05	0.2149973213672638
159840	-2.951715	-1.675157	-1.112829	0.052250	0.215042	0.328628	0.023058157972991468	3.9506172839506166e-05	0.21504130959510803
159960	-2.952643	-1.675036	-1.112086	0.052202	0.215117	0.328872	0.023048256617039443	3.9506172839506166e-05	0.2151159942150116
160080	-2.951654	-1.674624	-1.110966	0.052253	0.215221	0.329241	0.023016933351755142	5.925925925925925e-05	0.21521945297718048
160200	-2.951180	-1.674229	-1.111148	0.052278	0.215310	0.329181	0.022976280003786088	2.6337448559670777e-05	0.2153100073337555
160320	-2.951017	-1.673903	-1.111248	0.052286	0.215401	0.329148	0.022952016163617372	3.9506172839506166e-05	0.21539990603923798
160440	-2.950127	-1.673442	-1.111687	0.052333	0.215502	0.329003	0.0229090946726501	3.9506172839506166e-05	0.21550041437149048
160560	-2.949099	-1.673165	-1.111197	0.052387	0.215600	0.329165	0.022882126923650502	3.9506172839506166e-05	0.21559925377368927
160680	-2.949614	-1.672874	-1.110641	0.052360	0.215703	0.329348	0.02285838844254613	2.6337448559670777e-05	0.2157023400068283
160800	-2.949337	-1.672457	-1.109293	0.052374	0.215831	0.329792	0.02282421700656414	5.925925925925925e-05	0.21582919359207153
160920	-2.948458	-1.672210	-1.107284	0.052420	0.215915	0.330455	0.022799040656536818	3.9506172839506166e-05	0.21591311693191528
161040	-2.948174	-1.671641	-1.105675	0.052435	0.216080	0.330987	0.02274917270988226	3.9506172839506166e-05	0.21607808768749237
161160	-2.948436	-1.671570	-1.106364	0.052422	0.216109	0.330759	0.022735446598380803	3.9506172839506166e-05	0.21610867977142334
161280	-2.948755	-1.671183	-1.105727	0.052405	0.216230	0.330970	0.022703175060451032	3.9506172839506166e-05	0.21622899174690247
161400	-2.947412	-1.670954	-1.105337	0.052475	0.216282	0.331099	0.022683448065072297	3.9506172839506166e-05	0.2162812352180481
161520	-2.946645	-1.670577	-1.105452	0.052516	0.216382	0.331061	0.02264866726472974	3.9506172839506166e-05	0.21638110280036926
161640	-2.947969	-1.670591	-1.104622	0.052446	0.216429	0.331336	0.022649294696748257	3.9506172839506166e-05	0.2164284735918045
161760	-2.949248	-1.670669	-1.104958	0.052379	0.216466	0.331225	0.02265385100618005	2.6337448559670777e-05	0.216466024518013
161880	-2.948168	-1.670044	-1.103405	0.052436	0.216632	0.331740	0.022612676303833724	2.6337448559670777e-05	0.21662966907024384
162000	-2.947488	-1.669860	-1.102275	0.052471	0.216695	0.332115	0.02258114507421851	2.6337448559670777e-05	0.21669581532478333
162120	-2.946876	-1.669707	-1.102088	0.052503	0.216764	0.332177	0.022575569245964287	3.9506172839506166e-05	0.21676112711429596
162240	-2.947480	-1.669046	-1.102030	0.052472	0.216957	0.332196	0.022522592078894378	2.6337448559670777e-05	0.21695460379123688
162360	-2.947360	-1.668930	-1.102145	0.052478	0.217011	0.332158	0.022499764710664748	3.9506172839506166e-05	0.21701060235500336
162480	-2.947174	-1.668890	-1.100106	0.052488	0.217035	0.332836	0.02250396003946662	2.6337448559670777e-05	0.21703341603279114
162600	-2.947351	-1.668663	-1.100706	0.052479	0.217100	0.332636	0.022480830922722815	3.9506172839506166e-05	0.21709772944450378
162720	-2.946995	-1.668394	-1.100551	0.052497	0.217175	0.332688	0.02245493037626147	3.9506172839506166e-05	0.2171737551689148
162840	-2.947262	-1.668224	-1.100185	0.052483	0.217216	0.332810	0.022436702344566583	3.9506172839506166e-05	0.21721483767032623
162960	-2.947506	-1.667864	-1.098819	0.052470	0.217338	0.333265	0.02241407996043563	3.9506172839506166e-05	0.21733532845973969
163080	-2.947094	-1.667492	-1.098243	0.052492	0.217408	0.333457	0.02237233389168978	3.9506172839506166e-05	0.21740791201591492
163200	-2.946478	-1.667385	-1.098078	0.052524	0.217437	0.333511	0.02235917905345559	3.9506172839506166e-05	0.21743670105934143
163320	-2.946393	-1.667031	-1.097954	0.052529	0.217521	0.333553	0.02233162969350815	3.9506172839506166e-05	0.2175203561782837
163440	-2.947013	-1.666540	-1.096504	0.052496	0.217675	0.334037	0.022286365181207655	3.9506172839506166e-05	0.21767418086528778
163560	-2.945947	-1.666312	-1.095134	0.052552	0.217742	0.334495	0.022268751356750726	3.9506172839506166e-05	0.21774154901504517
163680	-2.945775	-1.665791	-1.093858	0.052561	0.217880	0.334922	0.022225410398095845	2.6337448559670777e-05	0.21787846088409424
163800	-2.945269	-1.665293	-1.093234	0.052588	0.218019	0.335131	0.0221738469786942	3.9506172839506166e-05	0.21801750361919403
163920	-2.944424	-1.665071	-1.094311	0.052632	0.218090	0.334770	0.02215854646638036	2.6337448559670777e-05	0.2180885523557663
164040	-2.944016	-1.664443	-1.094158	0.052654	0.218286	0.334821	0.022103802300989628	2.6337448559670777e-05	0.218283548951149
164160	-2.944274	-1.664143	-1.093667	0.052640	0.218392	0.334986	0.022069714311510325	2.6337448559670777e-05	0.21839149296283722
164280	-2.944114	-1.663401	-1.093597	0.052649	0.218604	0.335009	0.022010855562984943	3.9506172839506166e-05	0.21860167384147644
164400	-2.943351	-1.663419	-1.092900	0.052689	0.218613	0.335243	0.022002169117331504	3.9506172839506166e-05	0.2186126559972763
164520	-2.943915	-1.663083	-1.093374	0.052659	0.218718	0.335084	0.02197013972327113	3.9506172839506166e-05	0.2187192142009735
164640	-2.944216	-1.662745	-1.092398	0.052643	0.218851	0.335411	0.021954063884913923	3.9506172839506166e-05	0.21884766221046448
164760	-2.944101	-1.662208	-1.091145	0.052649	0.219008	0.335832	0.021900021750479937	2.6337448559670777e-05	0.21900635957717896
164880	-2.943524	-1.661670	-1.090489	0.052680	0.219139	0.336052	0.021853428799659014	3.9506172839506166e-05	0.21913579106330872
165000	-2.942501	-1.661293	-1.090253	0.052734	0.219259	0.336132	0.02181528266519308	3.9506172839506166e-05	0.21925818920135498
165120	-2.941127	-1.660893	-1.089824	0.052806	0.219380	0.336276	0.02178082661703229	3.9506172839506166e-05	0.21937894821166992
165240	-2.939749	-1.660442	-1.087953	0.052879	0.219514	0.336905	0.02173873856663704	3.9506172839506166e-05	0.21951264142990112
165360	-2.939289	-1.660432	-1.087879	0.052903	0.219559	0.336930	0.021733835432678462	3.9506172839506166e-05	0.21955938637256622
165480	-2.937655	-1.660163	-1.086993	0.052990	0.219617	0.337229	0.021710813976824284	2.6337448559670777e-05	0.2196168750524521
165600	-2.936906	-1.659659	-1.085920	0.053030	0.219768	0.337591	0.021667729783803224	3.9506172839506166e-05	0.21976637840270996
165720	-2.936651	-1.659600	-1.087108	0.053043	0.219817	0.337190	0.021663613524287938	3.9506172839506166e-05	0.21981476247310638
165840	-2.936287	-1.659192	-1.087126	0.053062	0.219942	0.337184	0.0216225890442729	3.9506172839506166e-05	0.21994154155254364
165960	-2.935704	-1.658837	-1.085687	0.053093	0.220073	0.337670	0.021594727504998447	2.6337448559670777e-05	0.22007226943969727
166080	-2.935668	-1.658581	-1.086172	0.053095	0.220184	0.337506	0.021570392139256	3.9506172839506166e-05	0.22018194198608398
166200	-2.935559	-1.658171	-1.085027	0.053101	0.220315	0.337893	0.021534403692930935	3.9506172839506166e-05	0.22031353414058685
166320	-2.935040	-1.657754	-1.084950	0.053129	0.220414	0.337919	0.0214910589158535	3.9506172839506166e-05	0.22041423618793488
166440	-2.934435	-1.657582	-1.085609	0.053161	0.220454	0.337696	0.021482682041823863	2.6337448559670777e-05	0.22045285999774933
166560	-2.934387	-1.657078	-1.083942	0.053163	0.220610	0.338260	0.021434562280774117	3.9506172839506166e-05	0.22060900926589966
166680	-2.933784	-1.656628	-1.083965	0.053195	0.220757	0.338252	0.02139451904222369	3.9506172839506166e-05	0.22075670957565308
166800	-2.933916	-1.656757	-1.083337	0.053188	0.220781	0.338464	0.021399643644690512	1.7558299039780518e-05	0.22078217566013336
166920	-2.933599	-1.656625	-1.082779	0.053205	0.220849	0.338653	0.021394653245806694	3.9506172839506166e-05	0.2208470106124878
167040	-2.933672	-1.656393	-1.082160	0.053201	0.220909	0.338863	0.021373212989419698	3.9506172839506166e-05	0.22090843319892883
167160	-2.934105	-1.656394	-1.081954	0.053178	0.220958	0.338933	0.021374877821654082	3.9506172839506166e-05	0.22095604240894318
167280	-2.933850	-1.655555	-1.079659	0.053192	0.221174	0.339711	0.021299774013459682	3.9506172839506166e-05	0.22117352485656738
167400	-2.933373	-1.655116	-1.077621	0.053217	0.221341	0.340404	0.021259069629013538	2.6337448559670777e-05	0.2213408350944519
167520	-2.933062	-1.654969	-1.077340	0.053234	0.221391	0.340500	0.021246744319796562	3.9506172839506166e-05	0.22139069437980652
167640	-2.933196	-1.654627	-1.077193	0.053227	0.221489	0.340550	0.02121708430349827	3.9506172839506166e-05	0.22148752212524414
167760	-2.933310	-1.654419	-1.077426	0.053221	0.221569	0.340471	0.021195806842297316	3.9506172839506166e-05	0.2215675264596939
167880	-2.933511	-1.654200	-1.076801	0.053210	0.221657	0.340684	0.021179185435175895	3.9506172839506166e-05	0.22165538370609283
168000	-2.933292	-1.654143	-1.075979	0.053222	0.221694	0.340964	0.021167843881994487	3.9506172839506166e-05	0.2216944843530655
168120	-2.933115	-1.653682	-1.075372	0.053231	0.221841	0.341171	0.02113473415374756	3.9506172839506166e-05	0.22183912992477417
168240	-2.933967	-1.653036	-1.074939	0.053186	0.222010	0.341318	0.021071233693510293	3.9506172839506166e-05	0.22200949490070343
168360	-2.935196	-1.653126	-1.074256	0.053120	0.222011	0.341552	0.021076344698667527	2.6337448559670777e-05	0.22201114892959595
168480	-2.935656	-1.652662	-1.073757	0.053096	0.222170	0.341722	0.021039487235248087	2.6337448559670777e-05	0.22216904163360596
168600	-2.936002	-1.652561	-1.073351	0.053077	0.222223	0.341861	0.021028701309114696	2.6337448559670777e-05	0.2222217321395874
168720	-2.937191	-1.652300	-1.072832	0.053014	0.222312	0.342038	0.021007581893354655	3.9506172839506166e-05	0.22231119871139526
168840	-2.937824	-1.651984	-1.071860	0.052981	0.222434	0.342371	0.0209726557135582	2.6337448559670777e-05	0.22243346273899078
168960	-2.937556	-1.651370	-1.071944	0.052995	0.222601	0.342342	0.020923628564924003	2.6337448559670777e-05	0.2226002961397171
169080	-2.937242	-1.651012	-1.071764	0.053012	0.222684	0.342404	0.020888721104711294	2.6337448559670777e-05	0.22268259525299072
169200	-2.938457	-1.650657	-1.070395	0.052947	0.222815	0.342873	0.020856151822954416	3.9506172839506166e-05	0.22281377017498016
169320	-2.939028	-1.650177	-1.070000	0.052917	0.222974	0.343008	0.02081306055188179	3.9506172839506166e-05	0.2229727804660797
169440	-2.939112	-1.649721	-1.068796	0.052913	0.223121	0.343422	0.020774104166775942	1.7558299039780518e-05	0.22311998903751373
169560	-2.939587	-1.649576	-1.067701	0.052888	0.223175	0.343798	0.020753370225429536	5.925925925925925e-05	0.2231758087873459
169680	-2.940913	-1.649230	-1.067873	0.052817	0.223271	0.343739	0.02072852635756135	2.6337448559670777e-05	0.2232705056667328
169800	-2.941881	-1.649027	-1.066677	0.052766	0.223360	0.344150	0.020710583217442034	3.9506172839506166e-05	0.22335822880268097
169920	-2.942562	-1.648764	-1.065260	0.052730	0.223461	0.344638	0.02068545827642083	3.9506172839506166e-05	0.22346022725105286
170040	-2.944303	-1.648557	-1.063613	0.052639	0.223568	0.345206	0.02066826866939664	3.9506172839506166e-05	0.22356826066970825
170160	-2.945103	-1.648092	-1.062484	0.052597	0.223720	0.345596	0.02062914753332734	3.9506172839506166e-05	0.22371770441532135
170280	-2.946233	-1.647501	-1.061615	0.052537	0.223920	0.345897	0.020576693769544362	3.9506172839506166e-05	0.22391870617866516
170400	-2.946514	-1.646919	-1.060737	0.052522	0.224111	0.346201	0.020523640140891076	5.925925925925925e-05	0.2241090089082718
170520	-2.947124	-1.646324	-1.059287	0.052490	0.224308	0.346703	0.02046184493228793	3.9506172839506166e-05	0.2243083268404007
170640	-2.947251	-1.645976	-1.059392	0.052484	0.224408	0.346667	0.020435276068747045	3.9506172839506166e-05	0.2244076430797577
170760	-2.946918	-1.645740	-1.059194	0.052501	0.224500	0.346735	0.020417731255292892	3.9506172839506166e-05	0.22449788451194763
170880	-2.946951	-1.645322	-1.057404	0.052500	0.224650	0.347356	0.020379426795989274	1.7558299039780518e-05	0.22464905679225922
171000	-2.947294	-1.644892	-1.056504	0.052482	0.224789	0.347669	0.020343171805143355	3.9506172839506166e-05	0.22478631138801575
171120	-2.947463	-1.644464	-1.055114	0.052473	0.224924	0.348153	0.020299269165843726	2.6337448559670777e-05	0.22492417693138123
171240	-2.948202	-1.643858	-1.054740	0.052434	0.225083	0.348283	0.02024640031158924	3.9506172839506166e-05	0.22508187592029572
171360	-2.948848	-1.643492	-1.054195	0.052400	0.225201	0.348473	0.020215989276766776	2.6337448559670777e-05	0.22519980370998383
171480	-2.949115	-1.643181	-1.054084	0.052386	0.225284	0.348511	0.02018827022984624	3.9506172839506166e-05	0.2252819985151291
171600	-2.949267	-1.642742	-1.053061	0.052378	0.225416	0.348868	0.020139236561954023	3.9506172839506166e-05	0.22541692852973938
171720	-2.949527	-1.642475	-1.052094	0.052364	0.225490	0.349206	0.020117442589253187	3.9506172839506166e-05	0.225490540266037
171840	-2.949952	-1.642352	-1.052692	0.052342	0.225549	0.348997	0.02010777620598674	3.9506172839506166e-05	0.2255484163761139
171960	-2.949796	-1.641796	-1.052838	0.052350	0.225700	0.348946	0.020064389519393443	3.9506172839506166e-05	0.22569771111011505
172080	-2.949980	-1.641618	-1.050851	0.052341	0.225779	0.349640	0.020044234674423934	3.9506172839506166e-05	0.22577805817127228
172200	-2.950473	-1.641288	-1.049938	0.052315	0.225876	0.349959	0.02001659581437707	3.9506172839506166e-05	0.2258736789226532
172320	-2.951314	-1.640885	-1.049961	0.052271	0.225990	0.349952	0.01997859450057149	2.6337448559670777e-05	0.22598856687545776
172440	-2.951553	-1.640448	-1.050641	0.052258	0.226115	0.349714	0.019941252749413253	3.9506172839506166e-05	0.22611308097839355
172560	-2.950687	-1.639724	-1.049498	0.052304	0.226303	0.350114	0.019877144787460565	3.9506172839506166e-05	0.22630149126052856
172680	-2.951510	-1.639154	-1.047586	0.052261	0.226461	0.350783	0.019825246557593344	2.6337448559670777e-05	0.22645998001098633
172800	-2.951625	-1.638869	-1.048230	0.052255	0.226538	0.350558	0.01979540251195431	3.9506172839506166e-05	0.2265375852584839
172920	-2.951100	-1.638438	-1.048176	0.052282	0.226654	0.350577	0.019761142134666444	3.9506172839506166e-05	0.2266523391008377
173040	-2.951248	-1.637956	-1.046581	0.052274	0.226780	0.351136	0.019717155303806067	3.9506172839506166e-05	0.22677917778491974
173160	-2.950788	-1.637743	-1.045923	0.052298	0.226866	0.351367	0.019693055003881455	3.9506172839506166e-05	0.2268657684326172
173280	-2.951475	-1.637633	-1.047205	0.052263	0.226934	0.350917	0.019678098242729904	3.9506172839506166e-05	0.22693435847759247
173400	-2.951840	-1.637348	-1.046590	0.052243	0.227029	0.351133	0.019660989567637444	3.9506172839506166e-05	0.22702787816524506
173520	-2.952058	-1.637056	-1.046947	0.052232	0.227148	0.351008	0.019634117744863032	3.9506172839506166e-05	0.22714658081531525
173640	-2.952392	-1.636578	-1.046150	0.052215	0.227286	0.351288	0.019595729652792215	3.9506172839506166e-05	0.2272837907075882
173760	-2.953124	-1.636048	-1.044361	0.052176	0.227455	0.351917	0.019539622683078052	3.9506172839506166e-05	0.22745448350906372
173880	-2.952865	-1.635639	-1.043333	0.052190	0.227590	0.352279	0.019500835053622722	2.6337448559670777e-05	0.22759006917476654
174000	-2.954847	-1.635517	-1.042097	0.052087	0.227642	0.352714	0.01948911938816309	3.9506172839506166e-05	0.22764261066913605
174120	-2.956706	-1.635242	-1.041714	0.051990	0.227738	0.352849	0.01946969674900174	3.9506172839506166e-05	0.22773800790309906
174240	-2.957497	-1.634835	-1.041043	0.051949	0.227881	0.353086	0.01943347593769431	3.9506172839506166e-05	0.22787997126579285
174360	-2.958238	-1.634426	-1.040375	0.051910	0.228006	0.353322	0.019399946741759776	5.925925925925925e-05	0.22800464928150177
174480	-2.959284	-1.634158	-1.038324	0.051856	0.228103	0.354048	0.019377362448722124	1.7558299039780518e-05	0.22810116410255432
174600	-2.958492	-1.633457	-1.037940	0.051897	0.228288	0.354183	0.019313611555844545	2.6337448559670777e-05	0.22828686237335205
174720	-2.958599	-1.632994	-1.035955	0.051892	0.228398	0.354887	0.01926950654014945	2.6337448559670777e-05	0.22839662432670593
174840	-2.959057	-1.632568	-1.035771	0.051868	0.228523	0.354953	0.01922901049256325	2.6337448559670777e-05	0.22852206230163574
174960	-2.958789	-1.632165	-1.034963	0.051882	0.228626	0.355239	0.019189145881682634	3.9506172839506166e-05	0.22862650454044342
175080	-2.959087	-1.631667	-1.033509	0.051866	0.228764	0.355756	0.019152898993343114	3.9506172839506166e-05	0.22876204550266266
175200	-2.958449	-1.631148	-1.031992	0.051899	0.228896	0.356296	0.019100857339799403	3.9506172839506166e-05	0.2288958579301834
175320	-2.960027	-1.630846	-1.031623	0.051818	0.228994	0.356428	0.019078105315566064	3.9506172839506166e-05	0.22899264097213745
175440	-2.960232	-1.630861	-1.032035	0.051807	0.229034	0.356281	0.01907603843137622	3.9506172839506166e-05	0.22903266549110413
175560	-2.961249	-1.630150	-1.031950	0.051754	0.229235	0.356312	0.01901497906073928	1.7558299039780518e-05	0.22923409938812256
175680	-2.962235	-1.629984	-1.031567	0.051703	0.229307	0.356448	0.018996061664074658	2.6337448559670777e-05	0.22930565476417542
175800	-2.962763	-1.629676	-1.030577	0.051676	0.229410	0.356801	0.018968332652002574	2.6337448559670777e-05	0.2294093817472458
175920	-2.963710	-1.629457	-1.030635	0.051627	0.229475	0.356780	0.01894704541191459	3.9506172839506166e-05	0.22947552800178528
176040	-2.965050	-1.629588	-1.031109	0.051558	0.229475	0.356611	0.018954917229712008	3.9506172839506166e-05	0.22947478294372559
176160	-2.965052	-1.629232	-1.030597	0.051558	0.229589	0.356794	0.018935891147702933	3.9506172839506166e-05	0.22958610951900482
176280	-2.964952	-1.628935	-1.029528	0.051563	0.229647	0.357175	0.018900651670992374	3.9506172839506166e-05	0.22964632511138916
176400	-2.964145	-1.628511	-1.029196	0.051605	0.229745	0.357294	0.01886432636529207	3.9506172839506166e-05	0.22974441945552826
176520	-2.964689	-1.628051	-1.029348	0.051576	0.229893	0.357240	0.01882441956549883	3.9506172839506166e-05	0.22989197075366974
176640	-2.964608	-1.627461	-1.028000	0.051581	0.230044	0.357722	0.01877080015838146	3.9506172839506166e-05	0.23004348576068878
176760	-2.964959	-1.627427	-1.027387	0.051563	0.230082	0.357941	0.018765531573444606	2.6337448559670777e-05	0.23008079826831818
176880	-2.964332	-1.626998	-1.026509	0.051595	0.230219	0.358255	0.01873259963467717	3.9506172839506166e-05	0.23021680116653442
177000	-2.964631	-1.626803	-1.025552	0.051580	0.230286	0.358599	0.018712786398828028	3.9506172839506166e-05	0.23028472065925598
177120	-2.965361	-1.626363	-1.024103	0.051542	0.230429	0.359118	0.01867803931236267	2.6337448559670777e-05	0.2304263859987259
177240	-2.965771	-1.625697	-1.024811	0.051521	0.230595	0.358864	0.018614266719669103	3.9506172839506166e-05	0.23059406876564026
177360	-2.965562	-1.625250	-1.024674	0.051532	0.230724	0.358914	0.018569480162113905	3.9506172839506166e-05	0.23072242736816406
177480	-2.968161	-1.625192	-1.024475	0.051398	0.230802	0.358985	0.018565194122493266	1.7558299039780518e-05	0.23080186545848846
177600	-2.968526	-1.624916	-1.024626	0.051379	0.230882	0.358931	0.018535336200147867	3.9506172839506166e-05	0.23088228702545166
177720	-2.968818	-1.624488	-1.024280	0.051364	0.231007	0.359055	0.01850066278129816	3.9506172839506166e-05	0.23100587725639343
177840	-2.969969	-1.624177	-1.023399	0.051305	0.231117	0.359371	0.018473621085286142	3.9506172839506166e-05	0.23111647367477417
177960	-2.971056	-1.623615	-1.022991	0.051249	0.231267	0.359518	0.018424580711871384	3.9506172839506166e-05	0.2312658429145813
178080	-2.971509	-1.623371	-1.022167	0.051226	0.231340	0.359814	0.018401077296584845	3.9506172839506166e-05	0.23133990168571472
178200	-2.971958	-1.623115	-1.021200	0.051203	0.231422	0.360163	0.018377904128283263	3.9506172839506166e-05	0.23142142593860626
178320	-2.972059	-1.622835	-1.020422	0.051198	0.231489	0.360443	0.018351095635443924	2.6337448559670777e-05	0.2314889132976532
178440	-2.973038	-1.622565	-1.018577	0.051148	0.231601	0.361108	0.01832864051684737	3.9506172839506166e-05	0.23159846663475037
178560	-2.974525	-1.622177	-1.019362	0.051072	0.231693	0.360825	0.018299874290823935	3.9506172839506166e-05	0.23169201612472534
178680	-2.975124	-1.621824	-1.020335	0.051041	0.231785	0.360474	0.018260180577635766	3.9506172839506166e-05	0.23178493976593018
178800	-2.975356	-1.621877	-1.019050	0.051029	0.231799	0.360938	0.018266378436237574	3.9506172839506166e-05	0.23179785907268524
178920	-2.975034	-1.621401	-1.017022	0.051046	0.231920	0.361670	0.01822722880169749	2.6337448559670777e-05	0.2319181263446808
179040	-2.976168	-1.620818	-1.015963	0.050988	0.232076	0.362053	0.018175674509257077	3.9506172839506166e-05	0.23207345604896545
179160	-2.976723	-1.620263	-1.014007	0.050960	0.232242	0.362763	0.018121839966624975	3.9506172839506166e-05	0.2322414070367813
179280	-2.976672	-1.619990	-1.013557	0.050962	0.232340	0.362926	0.018102898634970187	3.9506172839506166e-05	0.2323380559682846
179400	-2.976469	-1.619389	-1.013591	0.050972	0.232507	0.362913	0.018045460805296898	2.6337448559670777e-05	0.23250578343868256
179520	-2.977031	-1.619032	-1.013072	0.050944	0.232618	0.363102	0.01801541829481721	3.9506172839506166e-05	0.2326168268918991
179640	-2.976880	-1.618473	-1.013816	0.050952	0.232753	0.362832	0.01796224806457758	3.9506172839506166e-05	0.23275256156921387
179760	-2.977682	-1.618044	-1.013402	0.050911	0.232868	0.362982	0.01792241483926773	3.9506172839506166e-05	0.23286770284175873
179880	-2.977355	-1.617443	-1.012344	0.050927	0.233013	0.363366	0.0178674953058362	3.9506172839506166e-05	0.23301222920417786
180000	-2.977951	-1.617502	-1.011158	0.050897	0.233059	0.363797	0.017877659015357494	3.9506172839506166e-05	0.23305660486221313
180120	-2.977267	-1.616807	-1.008644	0.050932	0.233252	0.364713	0.017812089622020723	3.9506172839506166e-05	0.23325090110301971
180240	-2.977509	-1.616489	-1.008130	0.050919	0.233336	0.364901	0.017780171986669303	2.6337448559670777e-05	0.2333359271287918
180360	-2.976981	-1.615930	-1.007743	0.050946	0.233487	0.365042	0.01773478100076318	1.7558299039780518e-05	0.2334858626127243
180480	-2.976659	-1.615240	-1.005511	0.050963	0.233651	0.365858	0.017676369566470385	1.7558299039780518e-05	0.23364940285682678
180600	-2.976178	-1.614638	-1.002891	0.050987	0.233832	0.366818	0.01761908959597349	3.9506172839506166e-05	0.23383142054080963
180720	-2.975872	-1.614347	-1.004167	0.051003	0.233869	0.366350	0.017589390370994808	3.9506172839506166e-05	0.2338670939207077
180840	-2.978288	-1.613962	-1.001839	0.050880	0.234010	0.367204	0.017558272741734982	2.6337448559670777e-05	0.23400801420211792
180960	-2.979658	-1.613553	-1.000339	0.050810	0.234149	0.367755	0.01752213165163994	2.6337448559670777e-05	0.2341473400592804
181080	-2.980555	-1.613588	-1.000080	0.050765	0.234184	0.367850	0.01751663349568844	3.9506172839506166e-05	0.23418354988098145
181200	-2.981330	-1.613362	-0.999225	0.050725	0.234263	0.368165	0.017499898467212914	3.9506172839506166e-05	0.23426249623298645
181320	-2.983438	-1.612865	-0.998660	0.050619	0.234416	0.368373	0.017458724416792394	3.9506172839506166e-05	0.2344152331352234
181440	-2.983155	-1.612445	-0.998455	0.050633	0.234517	0.368448	0.017417581845074893	3.9506172839506166e-05	0.23451785743236542
181560	-2.984003	-1.612078	-0.998007	0.050590	0.234617	0.368613	0.017379468772560358	3.9506172839506166e-05	0.23461724817752838
181680	-2.984281	-1.611902	-0.997427	0.050576	0.234683	0.368827	0.01736579993739724	2.6337448559670777e-05	0.23468318581581116
181800	-2.986146	-1.611771	-0.996284	0.050482	0.234760	0.369249	0.017365332413464784	2.6337448559670777e-05	0.234758198261261
181920	-2.986718	-1.611214	-0.994898	0.050453	0.234941	0.369761	0.01730526573956013	3.9506172839506166e-05	0.2349405586719513
182040	-2.986956	-1.610646	-0.994060	0.050441	0.235093	0.370071	0.017262655217200516	3.9506172839506166e-05	0.23509061336517334
182160	-2.988334	-1.610315	-0.993010	0.050371	0.235215	0.370460	0.01722906120121479	3.9506172839506166e-05	0.23521386086940765
182280	-2.988139	-1.610135	-0.991497	0.050381	0.235266	0.371021	0.017205510195344685	3.9506172839506166e-05	0.23526671528816223
182400	-2.988185	-1.609811	-0.991141	0.050379	0.235350	0.371153	0.017185083124786615	2.6337448559670777e-05	0.23534880578517914
182520	-2.988523	-1.609276	-0.989171	0.050362	0.235494	0.371885	0.0171326600946486	2.6337448559670777e-05	0.2354937195777893
182640	-2.990043	-1.609032	-0.989638	0.050285	0.235582	0.371711	0.017108471412211657	3.9506172839506166e-05	0.23558221757411957
182760	-2.990976	-1.608557	-0.987926	0.050238	0.235751	0.372348	0.017066826671361925	3.9506172839506166e-05	0.23575083911418915
182880	-2.992134	-1.608527	-0.986513	0.050180	0.235800	0.372875	0.017063614819198845	3.9506172839506166e-05	0.2357996702194214
183000	-2.993388	-1.608198	-0.985999	0.050117	0.235886	0.373066	0.01703402129933238	3.9506172839506166e-05	0.2358858287334442
183120	-2.994178	-1.607706	-0.985484	0.050078	0.236013	0.373259	0.016992393415421247	3.9506172839506166e-05	0.23601214587688446
183240	-2.995289	-1.607662	-0.985207	0.050022	0.236073	0.373362	0.016988251637667418	2.6337448559670777e-05	0.23607130348682404
183360	-2.996099	-1.607667	-0.985451	0.049982	0.236106	0.373271	0.016985742561519145	2.6337448559670777e-05	0.23610563576221466
183480	-2.995821	-1.607266	-0.983906	0.049996	0.236216	0.373848	0.016950551606714725	2.6337448559670777e-05	0.23621518909931183
183600	-2.996045	-1.607127	-0.983903	0.049984	0.236260	0.373849	0.016941799875348808	3.9506172839506166e-05	0.23625850677490234
183720	-2.996721	-1.607429	-0.983981	0.049951	0.236229	0.373820	0.01695228088647127	3.9506172839506166e-05	0.23623020946979523
183840	-2.998016	-1.606859	-0.982191	0.049886	0.236397	0.374490	0.01691581793129444	2.6337448559670777e-05	0.23639579117298126
183960	-2.998122	-1.606346	-0.981557	0.049881	0.236542	0.374727	0.01687535671517253	3.9506172839506166e-05	0.23653864860534668
184080	-2.999612	-1.606320	-0.981382	0.049806	0.236587	0.374793	0.016862290818244217	3.9506172839506166e-05	0.2365865856409073
184200	-3.001111	-1.606029	-0.980566	0.049732	0.236694	0.375099	0.016840644273906948	3.9506172839506166e-05	0.23669250309467316
184320	-3.000259	-1.605420	-0.980392	0.049774	0.236839	0.375164	0.01679037678986788	2.6337448559670777e-05	0.2368379384279251
184440	-3.001430	-1.604989	-0.978435	0.049716	0.236994	0.375899	0.01674459660425782	2.6337448559670777e-05	0.2369934767484665
184560	-3.001979	-1.604618	-0.976260	0.049689	0.237106	0.376717	0.01671011922881007	2.6337448559670777e-05	0.23710700869560242
184680	-3.001907	-1.604510	-0.974353	0.049692	0.237142	0.377437	0.016702091693878172	2.6337448559670777e-05	0.23714283108711243
184800	-3.004210	-1.604461	-0.973709	0.049578	0.237210	0.377680	0.016693687252700328	3.9506172839506166e-05	0.2372102588415146
184920	-3.004983	-1.604010	-0.971846	0.049540	0.237358	0.378384	0.01665961630642414	3.9506172839506166e-05	0.23735716938972473
185040	-3.005650	-1.603977	-0.971289	0.049507	0.237383	0.378595	0.01665153671056032	3.9506172839506166e-05	0.23738357424736023
185160	-3.005018	-1.603326	-0.968827	0.049538	0.237569	0.379528	0.01659934539347887	2.6337448559670777e-05	0.237568199634552
185280	-3.005853	-1.602723	-0.968468	0.049497	0.237745	0.379664	0.01655125105753541	3.9506172839506166e-05	0.2377425879240036
185400	-3.008328	-1.602092	-0.966880	0.049374	0.237960	0.380268	0.01648113066330552	5.925925925925925e-05	0.23796014487743378
185520	-3.009090	-1.601807	-0.966751	0.049337	0.238069	0.380317	0.01646614596247673	1.7558299039780518e-05	0.238067165017128
185640	-3.010570	-1.601666	-0.964520	0.049264	0.238174	0.381166	0.01644390746951103	3.9506172839506166e-05	0.23817338049411774
185760	-3.009834	-1.601339	-0.963178	0.049300	0.238245	0.381678	0.016418584529310463	2.6337448559670777e-05	0.23824384808540344
185880	-3.010458	-1.600999	-0.963508	0.049269	0.238340	0.381552	0.016384750511497258	3.9506172839506166e-05	0.23834073543548584
186000	-3.010080	-1.600721	-0.961077	0.049288	0.238425	0.382481	0.016367859579622744	2.6337448559670777e-05	0.23842225968837738
186120	-3.011088	-1.600148	-0.960185	0.049238	0.238586	0.382822	0.016314988397061823	3.9506172839506166e-05	0.23858390748500824
186240	-3.010564	-1.599787	-0.959678	0.049264	0.238674	0.383016	0.016285909805446863	3.9506172839506166e-05	0.2386716604232788
186360	-3.010454	-1.599213	-0.958813	0.049269	0.238849	0.383348	0.016231158282607794	3.9506172839506166e-05	0.23884737491607666
186480	-3.009506	-1.599029	-0.959284	0.049316	0.238901	0.383167	0.01620799507945776	3.9506172839506166e-05	0.23890192806720734
186600	-3.010711	-1.598868	-0.958840	0.049257	0.238969	0.383337	0.01619503553956747	3.9506172839506166e-05	0.23896871507167816
186720	-3.012360	-1.598976	-0.959358	0.049176	0.238969	0.383139	0.016209298465400934	3.9506172839506166e-05	0.23896749317646027
186840	-3.013189	-1.598830	-0.958247	0.049135	0.239028	0.383565	0.01618771655485034	1.7558299039780518e-05	0.2390286922454834
186960	-3.015316	-1.598679	-0.957331	0.049030	0.239104	0.383916	0.016178178880363703	2.6337448559670777e-05	0.23910321295261383
187080	-3.014708	-1.598143	-0.956154	0.049060	0.239219	0.384368	0.01613001190125942	3.9506172839506166e-05	0.23921871185302734
187200	-3.013709	-1.597869	-0.955619	0.049109	0.239300	0.384574	0.01610507844015956	2.6337448559670777e-05	0.23929958045482635
187320	-3.013641	-1.597512	-0.954759	0.049113	0.239394	0.384905	0.01607186682522297	3.9506172839506166e-05	0.23939380049705505
187440	-3.014644	-1.597495	-0.953463	0.049063	0.239416	0.385404	0.016075167432427408	1.7558299039780518e-05	0.23941528797149658
187560	-3.013827	-1.597503	-0.953129	0.049103	0.239385	0.385533	0.01607312271371484	3.9506172839506166e-05	0.23938418924808502
187680	-3.013870	-1.597062	-0.952559	0.049101	0.239488	0.385752	0.016033907141536474	3.9506172839506166e-05	0.23948678374290466
187800	-3.014830	-1.596956	-0.951986	0.049054	0.239536	0.385974	0.016022145841270687	5.925925925925925e-05	0.2395346462726593
187920	-3.014861	-1.596829	-0.950908	0.049053	0.239600	0.386390	0.016006993409246207	2.6337448559670777e-05	0.23959998786449432
188040	-3.014742	-1.596534	-0.951045	0.049058	0.239683	0.386337	0.01598010053858161	3.9506172839506166e-05	0.2396835833787918
188160	-3.015162	-1.596208	-0.949752	0.049038	0.239761	0.386837	0.015954802092164756	3.9506172839506166e-05	0.2397615611553192
188280	-3.015431	-1.595827	-0.949863	0.049025	0.239852	0.386794	0.015927471034228802	2.6337448559670777e-05	0.23985075950622559
188400	-3.015707	-1.595384	-0.949820	0.049011	0.240023	0.386811	0.015884373243898152	2.6337448559670777e-05	0.24002204835414886
188520	-3.015719	-1.595265	-0.949792	0.049011	0.240102	0.386821	0.015873228199779987	3.9506172839506166e-05	0.24010062217712402
188640	-3.017657	-1.594923	-0.948250	0.048916	0.240235	0.387418	0.01583797950297594	3.9506172839506166e-05	0.2402346432209015
188760	-3.017501	-1.594455	-0.947167	0.048923	0.240368	0.387838	0.015803274046629668	2.6337448559670777e-05	0.2403666228055954
188880	-3.018168	-1.593896	-0.946294	0.048891	0.240520	0.388177	0.01575080705806613	3.9506172839506166e-05	0.24051883816719055
189000	-3.019996	-1.593626	-0.943309	0.048801	0.240651	0.389337	0.015717191528528927	3.9506172839506166e-05	0.24065138399600983
189120	-3.020522	-1.593223	-0.943327	0.048776	0.240775	0.389330	0.015687712095677854	3.9506172839506166e-05	0.24077336490154266
189240	-3.019756	-1.592607	-0.942342	0.048813	0.240937	0.389714	0.01563524389639497	3.9506172839506166e-05	0.2409360110759735
189360	-3.019288	-1.591826	-0.941266	0.048836	0.241174	0.390134	0.015563659695908427	3.9506172839506166e-05	0.24117262661457062
189480	-3.020300	-1.591622	-0.941906	0.048787	0.241258	0.389884	0.015541778597980737	3.9506172839506166e-05	0.2412576824426651
189600	-3.020336	-1.591283	-0.940800	0.048785	0.241354	0.390316	0.015512374090030789	2.6337448559670777e-05	0.24135304987430573
189720	-3.020490	-1.590672	-0.938873	0.048777	0.241562	0.391068	0.015464455960318447	2.6337448559670777e-05	0.24156001210212708
189840	-3.019612	-1.589979	-0.938286	0.048820	0.241730	0.391298	0.01539770900271833	3.9506172839506166e-05	0.24172846972942352
189960	-3.020585	-1.589796	-0.937777	0.048773	0.241787	0.391497	0.015378578891977667	3.9506172839506166e-05	0.2417857050895691
190080	-3.020626	-1.589148	-0.935881	0.048771	0.241954	0.392240	0.015316779445856809	3.9506172839506166e-05	0.24195435643196106
190200	-3.020771	-1.588480	-0.935755	0.048764	0.242150	0.392290	0.015268981410190462	2.6337448559670777e-05	0.24214810132980347
190320	-3.020133	-1.588190	-0.935269	0.048795	0.242219	0.392480	0.015234337374567985	3.9506172839506166e-05	0.2422187477350235
190440	-3.021043	-1.587833	-0.933070	0.048750	0.242337	0.393344	0.015204488346353174	3.9506172839506166e-05	0.24233485758304596
190560	-3.021214	-1.587571	-0.932131	0.048742	0.242447	0.393714	0.015182780334725976	2.6337448559670777e-05	0.24244548380374908
190680	-3.020851	-1.586901	-0.930694	0.048760	0.242598	0.394280	0.015124221192672848	3.9506172839506166e-05	0.24259620904922485
190800	-3.021222	-1.586184	-0.929164	0.048742	0.242828	0.394884	0.015055191563442349	3.9506172839506166e-05	0.24282711744308472
190920	-3.021529	-1.585892	-0.928730	0.048727	0.242931	0.395055	0.01502693584188819	3.9506172839506166e-05	0.24293066561222076
191040	-3.021801	-1.585371	-0.927548	0.048713	0.243091	0.395522	0.014988637715578079	1.7558299039780518e-05	0.24308934807777405
191160	-3.021654	-1.585229	-0.926695	0.048721	0.243130	0.395860	0.014967299159616232	3.9506172839506166e-05	0.24312974512577057
191280	-3.020837	-1.584778	-0.925669	0.048760	0.243276	0.396266	0.01492472980171442	3.9506172839506166e-05	0.24327650666236877
191400	-3.021748	-1.584248	-0.924809	0.048716	0.243465	0.396607	0.01487976317293942	3.9506172839506166e-05	0.24346452951431274
191520	-3.023219	-1.583823	-0.924466	0.048644	0.243600	0.396743	0.01484367116354406	2.6337448559670777e-05	0.2435993105173111
191640	-3.022717	-1.583199	-0.923282	0.048669	0.243780	0.397213	0.014793068030849099	2.6337448559670777e-05	0.2437771111726761
191760	-3.023133	-1.582864	-0.923154	0.048649	0.243854	0.397264	0.014756240230053664	3.9506172839506166e-05	0.2438543438911438
191880	-3.022986	-1.582598	-0.922725	0.048656	0.243915	0.397435	0.014731265092268585	3.9506172839506166e-05	0.24391424655914307
192000	-3.023166	-1.582130	-0.922885	0.048647	0.244063	0.397371	0.014686552388593555	3.9506172839506166e-05	0.24406377971172333
192120	-3.022950	-1.581613	-0.922027	0.048657	0.244202	0.397712	0.01464748764410615	2.6337448559670777e-05	0.24420060217380524
192240	-3.022326	-1.581176	-0.920965	0.048688	0.244332	0.398135	0.01459929570555687	3.9506172839506166e-05	0.24433250725269318
192360	-3.021459	-1.580903	-0.920481	0.048730	0.244397	0.398328	0.01458056466653943	3.9506172839506166e-05	0.24439658224582672
192480	-3.020420	-1.580493	-0.920710	0.048781	0.244537	0.398236	0.014548271289095282	2.6337448559670777e-05	0.24453575909137726
192600	-3.020586	-1.580436	-0.920774	0.048773	0.244564	0.398211	0.01453553861938417	2.6337448559670777e-05	0.24456344544887543
192720	-3.021694	-1.580302	-0.920282	0.048719	0.244645	0.398407	0.014524029940366745	3.9506172839506166e-05	0.244644895195961
192840	-3.021216	-1.580149	-0.920365	0.048742	0.244701	0.398373	0.014511582069098949	2.6337448559670777e-05	0.24470092356204987
192960	-3.020324	-1.579690	-0.919515	0.048785	0.244819	0.398713	0.01447377554140985	3.9506172839506166e-05	0.24481742084026337
193080	-3.019207	-1.579248	-0.917849	0.048840	0.244922	0.399377	0.014432984357699751	2.6337448559670777e-05	0.24491994082927704
193200	-3.018878	-1.578602	-0.916339	0.048856	0.245089	0.399981	0.0143785803578794	3.9506172839506166e-05	0.2450859248638153
193320	-3.020220	-1.578220	-0.916086	0.048790	0.245206	0.400082	0.014338498748838902	3.9506172839506166e-05	0.24520468711853027
193440	-3.020319	-1.577626	-0.915207	0.048786	0.245376	0.400434	0.01429183203727007	3.9506172839506166e-05	0.24537326395511627
193560	-3.020227	-1.577296	-0.914921	0.048790	0.245491	0.400548	0.014254368236288428	2.6337448559670777e-05	0.24548956751823425
193680	-3.019963	-1.576617	-0.913114	0.048803	0.245680	0.401273	0.014198245014995337	3.9506172839506166e-05	0.24567748606204987
193800	-3.017921	-1.576175	-0.911393	0.048903	0.245821	0.401964	0.014153770916163922	3.9506172839506166e-05	0.2458210289478302
193920	-3.018687	-1.575908	-0.909266	0.048865	0.245941	0.402820	0.014129132078960539	2.6337448559670777e-05	0.24594004452228546
194040	-3.018643	-1.575749	-0.908747	0.048867	0.246010	0.403029	0.014113143552094698	2.6337448559670777e-05	0.24600893259048462
194160	-3.019072	-1.575573	-0.909510	0.048847	0.246089	0.402721	0.014100913889706135	2.6337448559670777e-05	0.24608834087848663
194280	-3.019493	-1.575321	-0.907604	0.048826	0.246182	0.403490	0.014071867242455483	3.9506172839506166e-05	0.24618065357208252
194400	-3.020247	-1.574901	-0.905292	0.048789	0.246344	0.404424	0.014044068474322557	3.9506172839506166e-05	0.24634115397930145
194520	-3.019897	-1.574263	-0.903793	0.048806	0.246495	0.405030	0.013985406002029776	3.9506172839506166e-05	0.2464938461780548
194640	-3.019239	-1.573517	-0.903507	0.048838	0.246710	0.405146	0.013920251466333865	3.9506172839506166e-05	0.24670818448066711
194760	-3.019928	-1.573052	-0.903886	0.048805	0.246869	0.404993	0.013875634782016278	3.9506172839506166e-05	0.24686743319034576
194880	-3.020433	-1.572351	-0.902678	0.048780	0.247073	0.405482	0.013813294842839241	3.9506172839506166e-05	0.24707087874412537
195000	-3.020369	-1.572133	-0.900793	0.048783	0.247152	0.406247	0.013795239664614201	3.9506172839506166e-05	0.2471502274274826
195120	-3.020968	-1.571794	-0.900378	0.048754	0.247289	0.406416	0.013759583188220858	2.6337448559670777e-05	0.24728822708129883
195240	-3.021179	-1.571383	-0.900825	0.048744	0.247429	0.406235	0.013728132285177708	3.9506172839506166e-05	0.24742601811885834
195360	-3.021173	-1.570836	-0.901471	0.048744	0.247577	0.405972	0.013674764288589358	3.9506172839506166e-05	0.24757499992847443
195480	-3.020167	-1.570307	-0.900795	0.048793	0.247726	0.406246	0.01362814214080572	2.6337448559670777e-05	0.24772536754608154
195600	-3.021172	-1.570148	-0.899648	0.048744	0.247827	0.406713	0.013608741387724877	2.6337448559670777e-05	0.24782724678516388
195720	-3.022585	-1.569947	-0.897746	0.048675	0.247907	0.407487	0.01358914147131145	2.6337448559670777e-05	0.247907817363739
195840	-3.021982	-1.569774	-0.897304	0.048705	0.247950	0.407667	0.013578459667041898	2.6337448559670777e-05	0.24795004725456238
195960	-3.022697	-1.569206	-0.895375	0.048670	0.248149	0.408454	0.013528965879231691	3.9506172839506166e-05	0.2481471747159958
196080	-3.024036	-1.568714	-0.894692	0.048605	0.248329	0.408733	0.013483097590506078	3.9506172839506166e-05	0.24832771718502045
196200	-3.024971	-1.568383	-0.893589	0.048559	0.248443	0.409184	0.0134566908236593	3.9506172839506166e-05	0.24844105541706085
196320	-3.025458	-1.567782	-0.891959	0.048536	0.248635	0.409852	0.01340146055445075	3.9506172839506166e-05	0.2486315667629242
196440	-3.025272	-1.567376	-0.891289	0.048545	0.248751	0.410127	0.013361019873991608	2.6337448559670777e-05	0.24875083565711975
196560	-3.025263	-1.566882	-0.891091	0.048545	0.248899	0.410208	0.013314220681786537	3.9506172839506166e-05	0.2488989681005478
196680	-3.026703	-1.566560	-0.891033	0.048475	0.249000	0.410232	0.013286860194057226	3.9506172839506166e-05	0.2489997148513794
196800	-3.027865	-1.566156	-0.889616	0.048419	0.249148	0.410814	0.013251202506944537	3.9506172839506166e-05	0.24914652109146118
196920	-3.026873	-1.565757	-0.890043	0.048467	0.249244	0.410638	0.013218056363984942	2.6337448559670777e-05	0.2492431402206421
197040	-3.027458	-1.565338	-0.888366	0.048439	0.249417	0.411327	0.013174880854785442	2.6337448559670777e-05	0.24941730499267578
197160	-3.028275	-1.564932	-0.887596	0.048399	0.249578	0.411644	0.013143123360350728	5.925925925925925e-05	0.24957473576068878
197280	-3.027662	-1.564345	-0.885623	0.048429	0.249767	0.412457	0.013090984150767326	3.9506172839506166e-05	0.2497648298740387
197400	-3.027893	-1.563908	-0.885390	0.048418	0.249916	0.412553	0.013048155512660742	2.6337448559670777e-05	0.24991610646247864
197520	-3.026807	-1.563231	-0.884230	0.048470	0.250126	0.413032	0.01299255145713687	3.9506172839506166e-05	0.25012385845184326
197640	-3.028056	-1.562953	-0.883575	0.048410	0.250224	0.413303	0.012963950168341398	1.7558299039780518e-05	0.25022318959236145
197760	-3.029557	-1.562625	-0.882230	0.048337	0.250366	0.413859	0.012943039881065488	5.925925925925925e-05	0.25036296248435974
197880	-3.029500	-1.562138	-0.881497	0.048340	0.250541	0.414162	0.012893687700852752	3.9506172839506166e-05	0.2505386471748352
198000	-3.029680	-1.561687	-0.880563	0.048331	0.250672	0.414550	0.012851538648828865	2.6337448559670777e-05	0.2506714165210724
198120	-3.030712	-1.561352	-0.880690	0.048281	0.250765	0.414497	0.012818337511271238	1.7558299039780518e-05	0.2507649064064026
198240	-3.030252	-1.560998	-0.880419	0.048303	0.250855	0.414609	0.012787141371518373	3.9506172839506166e-05	0.2508540749549866
198360	-3.031581	-1.560659	-0.878774	0.048239	0.250953	0.415292	0.012760269502177835	3.9506172839506166e-05	0.2509501874446869
198480	-3.031772	-1.560278	-0.877732	0.048230	0.251121	0.415725	0.01272138012573123	3.9506172839506166e-05	0.2511201500892639
198600	-3.030856	-1.559832	-0.876412	0.048274	0.251263	0.416274	0.012682447163388132	3.9506172839506166e-05	0.2512620985507965
198720	-3.031444	-1.559658	-0.874788	0.048246	0.251330	0.416950	0.012667902698740362	1.7558299039780518e-05	0.2513286769390106
198840	-3.032006	-1.559431	-0.873358	0.048219	0.251410	0.417547	0.0126461211591959	2.6337448559670777e-05	0.25140899419784546
198960	-3.030865	-1.559070	-0.873151	0.048274	0.251500	0.417633	0.01261446187272668	2.6337448559670777e-05	0.25149956345558167
199080	-3.031757	-1.558872	-0.873766	0.048231	0.251553	0.417377	0.012592482101172208	3.9506172839506166e-05	0.2515535056591034
199200	-3.031019	-1.558363	-0.872355	0.048266	0.251692	0.417966	0.012552896328270436	3.9506172839506166e-05	0.2516900897026062
199320	-3.032273	-1.558086	-0.871087	0.048206	0.251776	0.418496	0.012527896789833903	1.7558299039780518e-05	0.2517748773097992
199440	-3.032542	-1.557843	-0.869710	0.048193	0.251880	0.419073	0.012506228685379029	3.9506172839506166e-05	0.25187793374061584
199560	-3.031988	-1.557382	-0.868154	0.048220	0.251981	0.419726	0.012462867703288794	2.6337448559670777e-05	0.25198012590408325
199680	-3.031191	-1.556815	-0.866828	0.048258	0.252127	0.420283	0.012416174868121743	3.9506172839506166e-05	0.25212526321411133
199800	-3.030908	-1.556397	-0.867199	0.048272	0.252229	0.420127	0.012382086226716637	3.9506172839506166e-05	0.2522250711917877
199920	-3.031203	-1.555647	-0.866146	0.048258	0.252450	0.420569	0.01231022751890123	3.9506172839506166e-05	0.2524475157260895
200040	-3.031348	-1.555191	-0.865353	0.048251	0.252590	0.420903	0.012272936385124921	3.9506172839506166e-05	0.25258782505989075
200160	-3.031167	-1.554703	-0.864902	0.048259	0.252737	0.421093	0.012223380571231245	3.9506172839506166e-05	0.2527346909046173
200280	-3.031926	-1.554380	-0.863725	0.048223	0.252866	0.421589	0.01219172733835876	3.9506172839506166e-05	0.2528649866580963
200400	-3.032970	-1.554038	-0.863783	0.048172	0.252987	0.421564	0.012160315783694387	2.6337448559670777e-05	0.2529866695404053
200520	-3.030548	-1.553443	-0.860554	0.048289	0.253162	0.422928	0.012105996487662196	1.7558299039780518e-05	0.25316184759140015
200640	-3.030911	-1.553032	-0.858818	0.048272	0.253286	0.423663	0.012071293452754617	2.6337448559670777e-05	0.25328513979911804
200760	-3.032548	-1.552723	-0.860020	0.048193	0.253404	0.423153	0.012047173827886582	3.9506172839506166e-05	0.2534016966819763
200880	-3.032408	-1.552295	-0.858033	0.048199	0.253521	0.423995	0.012001099670305848	2.6337448559670777e-05	0.2535211145877838
201000	-3.031446	-1.551646	-0.856880	0.048246	0.253643	0.424484	0.011948663974180818	3.9506172839506166e-05	0.2536424696445465
201120	-3.031881	-1.551127	-0.857685	0.048225	0.253760	0.424143	0.011898626759648322	3.9506172839506166e-05	0.2537597119808197
201240	-3.032032	-1.550570	-0.856956	0.048218	0.253907	0.424452	0.01185512701049447	2.6337448559670777e-05	0.25390517711639404
201360	-3.031284	-1.550192	-0.857151	0.048254	0.254004	0.424369	0.011818687431514263	3.9506172839506166e-05	0.25400251150131226
201480	-3.031252	-1.549768	-0.856747	0.048255	0.254149	0.424541	0.01177674331702292	3.9506172839506166e-05	0.25414809584617615
201600	-3.032205	-1.549275	-0.855978	0.048209	0.254315	0.424867	0.011735976440832019	2.6337448559670777e-05	0.25431206822395325
201720	-3.031914	-1.548967	-0.853861	0.048223	0.254420	0.425768	0.011703713610768319	2.6337448559670777e-05	0.25442007184028625
201840	-3.033026	-1.548945	-0.853966	0.048170	0.254440	0.425723	0.011702257487922908	2.6337448559670777e-05	0.25443994998931885
201960	-3.034950	-1.548676	-0.853347	0.048077	0.254554	0.425987	0.011680127959698439	2.6337448559670777e-05	0.2545521557331085
202080	-3.035891	-1.548399	-0.853987	0.048032	0.254637	0.425714	0.011658477829769254	3.9506172839506166e-05	0.25463470816612244
202200	-3.035501	-1.547895	-0.851529	0.048051	0.254810	0.426762	0.011604439048096538	3.9506172839506166e-05	0.2548099160194397
202320	-3.034802	-1.547334	-0.849825	0.048084	0.254952	0.427490	0.011563094053417444	3.9506172839506166e-05	0.2549494504928589
202440	-3.036057	-1.546814	-0.847910	0.048024	0.255187	0.428309	0.011517324252054095	3.9506172839506166e-05	0.2551833987236023
202560	-3.035854	-1.545956	-0.846702	0.048034	0.255449	0.428827	0.011434401152655482	3.9506172839506166e-05	0.2554478347301483
202680	-3.035669	-1.545346	-0.846166	0.048043	0.255619	0.429057	0.011383147584274412	5.925925925925925e-05	0.2556169629096985
202800	-3.035531	-1.544922	-0.845734	0.048049	0.255766	0.429242	0.011338374949991703	3.9506172839506166e-05	0.2557663321495056
202920	-3.035428	-1.544494	-0.844944	0.048054	0.255881	0.429582	0.01130574163980782	3.9506172839506166e-05	0.2558794915676117
203040	-3.034522	-1.543983	-0.843821	0.048098	0.256036	0.430064	0.011261510103940964	3.9506172839506166e-05	0.2560347020626068
203160	-3.035074	-1.543581	-0.842844	0.048071	0.256162	0.430484	0.011222432367503643	3.9506172839506166e-05	0.2561599314212799
203280	-3.034328	-1.543205	-0.841035	0.048107	0.256298	0.431264	0.011184973223134876	3.9506172839506166e-05	0.2562980055809021
203400	-3.034271	-1.542684	-0.840204	0.048110	0.256462	0.431623	0.011143600149080158	3.9506172839506166e-05	0.256460040807724
203520	-3.034026	-1.542027	-0.840142	0.048122	0.256605	0.431649	0.01108926092274487	2.6337448559670777e-05	0.25660383701324463
203640	-3.033745	-1.541549	-0.840125	0.048135	0.256725	0.431656	0.01103820069693029	2.6337448559670777e-05	0.25672420859336853
203760	-3.033263	-1.541108	-0.839321	0.048158	0.256893	0.432004	0.010997150978073477	2.6337448559670777e-05	0.25689154863357544
203880	-3.032784	-1.540637	-0.838532	0.048181	0.257069	0.432345	0.010954536218196153	3.9506172839506166e-05	0.25706765055656433
204000	-3.034713	-1.540149	-0.836305	0.048088	0.257248	0.433309	0.010918437922373413	3.9506172839506166e-05	0.2572447955608368
204120	-3.034505	-1.539639	-0.835885	0.048098	0.257398	0.433491	0.010865272069349886	3.9506172839506166e-05	0.257397323846817
204240	-3.035374	-1.539401	-0.835418	0.048057	0.257453	0.433693	0.010840530274435878	3.9506172839506166e-05	0.25745290517807007
204360	-3.034838	-1.539150	-0.835439	0.048082	0.257545	0.433684	0.0108226727694273	2.6337448559670777e-05	0.2575446367263794
204480	-3.035127	-1.538754	-0.833756	0.048069	0.257718	0.434415	0.010783197451382875	3.9506172839506166e-05	0.2577158212661743
204600	-3.033961	-1.538223	-0.832960	0.048125	0.257918	0.434760	0.010742714442312718	3.9506172839506166e-05	0.25791630148887634
204720	-3.034346	-1.537626	-0.831024	0.048106	0.258103	0.435603	0.01068906057626009	3.9506172839506166e-05	0.2581004500389099
204840	-3.034012	-1.536938	-0.829788	0.048122	0.258315	0.436142	0.01062042466364801	2.6337448559670777e-05	0.2583148777484894
204960	-3.033808	-1.536743	-0.828819	0.048132	0.258405	0.436564	0.010608489951118827	3.9506172839506166e-05	0.2584032416343689
205080	-3.032119	-1.536391	-0.826911	0.048213	0.258502	0.437398	0.010574472462758422	2.6337448559670777e-05	0.258501261472702
205200	-3.032290	-1.535954	-0.826790	0.048205	0.258651	0.437451	0.01053479677066207	3.9506172839506166e-05	0.25864940881729126
205320	-3.033366	-1.535634	-0.823620	0.048153	0.258807	0.438840	0.010501410299912094	5.925925925925925e-05	0.2588067650794983
205440	-3.034333	-1.535408	-0.822562	0.048107	0.258882	0.439305	0.010482190549373627	3.9506172839506166e-05	0.25888147950172424
205560	-3.035397	-1.535403	-0.821830	0.048056	0.258942	0.439627	0.010484425397589803	3.9506172839506166e-05	0.25894203782081604
205680	-3.034882	-1.535134	-0.821857	0.048080	0.259015	0.439615	0.010462812799960374	3.9506172839506166e-05	0.25901272892951965
205800	-3.035167	-1.535043	-0.820524	0.048067	0.259083	0.440201	0.010450110025703906	3.9506172839506166e-05	0.25908318161964417
205920	-3.035759	-1.534724	-0.820256	0.048038	0.259195	0.440319	0.010425567859783769	3.9506172839506166e-05	0.2591922879219055
206040	-3.036851	-1.534582	-0.819947	0.047986	0.259248	0.440455	0.010411004768684506	3.9506172839506166e-05	0.25924646854400635
206160	-3.037079	-1.534144	-0.817762	0.047975	0.259373	0.441418	0.010371466213837267	3.9506172839506166e-05	0.259372740983963
206280	-3.037693	-1.533779	-0.817156	0.047945	0.259499	0.441686	0.010338246822357178	2.6337448559670777e-05	0.2594984173774719
206400	-3.037120	-1.533393	-0.815370	0.047973	0.259618	0.442475	0.010306674428284169	5.925925925925925e-05	0.2596154808998108
206520	-3.036469	-1.533015	-0.814846	0.048004	0.259756	0.442708	0.010269091138616205	3.9506172839506166e-05	0.25975579023361206
206640	-3.036907	-1.532890	-0.812431	0.047983	0.259844	0.443778	0.010262638609856368	3.9506172839506166e-05	0.25984153151512146
206760	-3.036592	-1.532217	-0.811361	0.047998	0.260054	0.444253	0.010197900468483567	3.9506172839506166e-05	0.2600530683994293
206880	-3.037082	-1.531699	-0.809324	0.047975	0.260232	0.445159	0.010153372958302497	3.9506172839506166e-05	0.26022979617118835
207000	-3.037377	-1.531353	-0.807944	0.047961	0.260364	0.445774	0.010122441221028566	2.6337448559670777e-05	0.2603621780872345
207120	-3.037784	-1.530803	-0.805844	0.047941	0.260549	0.446711	0.010075840866193175	3.9506172839506166e-05	0.260545939207077
207240	-3.037937	-1.530315	-0.804320	0.047934	0.260712	0.447392	0.010031087277457117	2.6337448559670777e-05	0.260710209608078
207360	-3.038169	-1.529938	-0.802629	0.047923	0.260871	0.448149	0.009995062742382288	3.9506172839506166e-05	0.2608684301376343
207480	-3.037841	-1.529292	-0.800571	0.047938	0.261092	0.449072	0.009938217606395483	3.9506172839506166e-05	0.26108893752098083
207600	-3.037526	-1.528961	-0.800230	0.047953	0.261205	0.449226	0.0099065859336406	3.9506172839506166e-05	0.2612033486366272
207720	-3.037251	-1.528406	-0.799136	0.047967	0.261378	0.449717	0.009859422128647566	3.9506172839506166e-05	0.26137542724609375
207840	-3.039666	-1.528176	-0.797278	0.047851	0.261533	0.450554	0.00982811744324863	5.925925925925925e-05	0.26153337955474854
207960	-3.039948	-1.527518	-0.795889	0.047837	0.261770	0.451180	0.00977770765312016	3.9506172839506166e-05	0.26176854968070984
208080	-3.038966	-1.527121	-0.795252	0.047884	0.261881	0.451468	0.009741718228906394	3.9506172839506166e-05	0.26187974214553833
208200	-3.039127	-1.526776	-0.793632	0.047877	0.261986	0.452199	0.009709406923502684	2.6337448559670777e-05	0.2619852125644684
208320	-3.039411	-1.526579	-0.794854	0.047863	0.262049	0.451647	0.009689175197854638	2.6337448559670777e-05	0.26204922795295715
208440	-3.039451	-1.526312	-0.794306	0.047861	0.262173	0.451895	0.009665871551260353	3.9506172839506166e-05	0.2621719539165497
208560	-3.039053	-1.525551	-0.792829	0.047880	0.262427	0.452563	0.009608943155035377	2.6337448559670777e-05	0.262422651052475
208680	-3.038062	-1.525056	-0.791207	0.047928	0.262580	0.453297	0.009554329747334122	2.6337448559670777e-05	0.26257869601249695
208800	-3.036463	-1.524766	-0.789613	0.048004	0.262651	0.454020	0.009527320368215441	3.9506172839506166e-05	0.2626502513885498
208920	-3.036005	-1.524238	-0.788382	0.048026	0.262807	0.454580	0.009480789024382829	3.9506172839506166e-05	0.2628059983253479
209040	-3.035851	-1.523634	-0.785895	0.048034	0.263038	0.455712	0.009433741774410009	2.6337448559670777e-05	0.2630351185798645
209160	-3.036657	-1.523219	-0.785123	0.047995	0.263152	0.456064	0.009387019090354443	3.9506172839506166e-05	0.263152152299881
209280	-3.037450	-1.522626	-0.784321	0.047957	0.263351	0.456430	0.009330435330048204	3.9506172839506166e-05	0.2633509635925293
209400	-3.038273	-1.522131	-0.782592	0.047918	0.263571	0.457219	0.009296808950603008	2.6337448559670777e-05	0.2635689973831177
209520	-3.038597	-1.521748	-0.780811	0.047902	0.263738	0.458034	0.009259328013285995	1.7558299039780518e-05	0.2637363374233246
209640	-3.038941	-1.521431	-0.778886	0.047886	0.263847	0.458917	0.009224829915910959	2.6337448559670777e-05	0.2638467848300934
209760	-3.039223	-1.521240	-0.778440	0.047872	0.263932	0.459122	0.009208234585821628	3.9506172839506166e-05	0.26393118500709534
209880	-3.040614	-1.520886	-0.777841	0.047806	0.264119	0.459397	0.009180939011275768	3.9506172839506166e-05	0.2641163468360901
210000	-3.040067	-1.520242	-0.778134	0.047832	0.264289	0.459262	0.009121496276929975	2.6337448559670777e-05	0.2642877697944641
210120	-3.040118	-1.519765	-0.777759	0.047829	0.264454	0.459434	0.009074935922399163	3.9506172839506166e-05	0.2644529938697815
210240	-3.039432	-1.519423	-0.778216	0.047862	0.264538	0.459225	0.009047124767675996	3.9506172839506166e-05	0.2645370066165924
210360	-3.039958	-1.518994	-0.777533	0.047837	0.264659	0.459538	0.009011625498533248	1.7558299039780518e-05	0.2646574378013611
210480	-3.039695	-1.518705	-0.778283	0.047850	0.264735	0.459194	0.008986995229497552	3.9506172839506166e-05	0.2647329568862915
210600	-3.040473	-1.517800	-0.778139	0.047812	0.264997	0.459260	0.008903610613197088	3.9506172839506166e-05	0.26499465107917786
210720	-3.041861	-1.517179	-0.776543	0.047746	0.265226	0.459994	0.008851046208292246	3.9506172839506166e-05	0.2652226388454437
210840	-3.041839	-1.516649	-0.776821	0.047747	0.265391	0.459866	0.008805305231362581	2.6337448559670777e-05	0.2653880715370178
210960	-3.042540	-1.516408	-0.776667	0.047714	0.265506	0.459937	0.008771153446286917	3.9506172839506166e-05	0.26550546288490295
211080	-3.043179	-1.515906	-0.775837	0.047683	0.265669	0.460318	0.008734696544706821	2.6337448559670777e-05	0.26566746830940247
211200	-3.045078	-1.515540	-0.774660	0.047593	0.265798	0.460861	0.008697664225474	5.925925925925925e-05	0.2657954692840576
211320	-3.045976	-1.515326	-0.773700	0.047550	0.265912	0.461303	0.008672467805445195	3.9506172839506166e-05	0.26591256260871887
211440	-3.046417	-1.514845	-0.772319	0.047529	0.266090	0.461940	0.008632558956742286	3.9506172839506166e-05	0.26608869433403015
211560	-3.046876	-1.514355	-0.772528	0.047507	0.266275	0.461844	0.008596717519685626	2.6337448559670777e-05	0.26627230644226074
211680	-3.047173	-1.514143	-0.772366	0.047493	0.266365	0.461919	0.008568206569179893	1.7558299039780518e-05	0.266364723443985
211800	-3.047696	-1.513819	-0.770398	0.047468	0.266505	0.462829	0.008542821509763598	3.9506172839506166e-05	0.26650378108024597
211920	-3.048664	-1.513517	-0.770643	0.047422	0.266618	0.462715	0.008509859256446362	5.925925925925925e-05	0.2666178345680237
212040	-3.049608	-1.513270	-0.769505	0.047377	0.266720	0.463242	0.008490067534148693	2.6337448559670777e-05	0.26671984791755676
212160	-3.049269	-1.512799	-0.770269	0.047394	0.266882	0.462889	0.008453695895150303	3.9506172839506166e-05	0.2668796181678772
212280	-3.049975	-1.512647	-0.769034	0.047360	0.266909	0.463461	0.008434821246191859	3.9506172839506166e-05	0.26690953969955444
212400	-3.048674	-1.512046	-0.767133	0.047422	0.267115	0.464342	0.008385952608659864	2.6337448559670777e-05	0.2671123743057251
212520	-3.049069	-1.511669	-0.766052	0.047403	0.267277	0.464845	0.008345180191099644	3.9506172839506166e-05	0.2672751545906067
212640	-3.049236	-1.511015	-0.765610	0.047395	0.267487	0.465050	0.008296927157789468	2.6337448559670777e-05	0.2674839496612549
212760	-3.049024	-1.510665	-0.764844	0.047405	0.267647	0.465407	0.00825448976829648	1.7558299039780518e-05	0.26764678955078125
212880	-3.049999	-1.510455	-0.764422	0.047359	0.267748	0.465603	0.008240617020055652	3.9506172839506166e-05	0.2677469849586487
213000	-3.049112	-1.510021	-0.762698	0.047401	0.267877	0.466406	0.008200875483453274	3.9506172839506166e-05	0.2678762972354889
213120	-3.049752	-1.509330	-0.761815	0.047371	0.268096	0.466819	0.008140335464850068	3.9506172839506166e-05	0.2680947780609131
213240	-3.050378	-1.509290	-0.761459	0.047341	0.268168	0.466984	0.008138360595330596	1.7558299039780518e-05	0.2681659758090973
213360	-3.049989	-1.509100	-0.761891	0.047359	0.268203	0.466783	0.008116028085350991	3.9506172839506166e-05	0.2682013213634491
213480	-3.049723	-1.508731	-0.760609	0.047372	0.268290	0.467382	0.008081459160894155	3.9506172839506166e-05	0.26829105615615845
213600	-3.049222	-1.508480	-0.759196	0.047396	0.268397	0.468043	0.00805708854459226	3.9506172839506166e-05	0.26839688420295715
213720	-3.048638	-1.507879	-0.759123	0.047423	0.268560	0.468077	0.008005267614498735	2.6337448559670777e-05	0.26855897903442383
213840	-3.047851	-1.507265	-0.759030	0.047461	0.268765	0.468121	0.007952259620651603	3.9506172839506166e-05	0.2687634527683258
213960	-3.048473	-1.506835	-0.759229	0.047431	0.268950	0.468027	0.007920194882899523	5.925925925925925e-05	0.26894518733024597
214080	-3.048476	-1.506502	-0.757230	0.047431	0.269132	0.468964	0.007887161197140813	2.6337448559670777e-05	0.2691303789615631
214200	-3.049253	-1.506373	-0.757052	0.047394	0.269225	0.469047	0.007872587209567428	3.9506172839506166e-05	0.2692226469516754
214320	-3.050204	-1.506058	-0.755670	0.047349	0.269413	0.469696	0.007843255996704102	3.9506172839506166e-05	0.2694109082221985
214440	-3.051265	-1.505902	-0.755892	0.047299	0.269523	0.469592	0.007827608566731214	2.6337448559670777e-05	0.269522488117218
214560	-3.051609	-1.505788	-0.755219	0.047283	0.269623	0.469908	0.007816044660285116	3.9506172839506166e-05	0.2696229815483093
214680	-3.052017	-1.505689	-0.754063	0.047263	0.269683	0.470451	0.007809923333115876	2.6337448559670777e-05	0.26968157291412354
