step	log_std_min	log_std_mean	log_std_max	std_min	std_mean	std_max	entropy_loss	learning_rate	tensorboard_std_mean
120	-2.000056	-1.998063	-1.996035	0.135328	0.135598	0.135873	0.0521274184808135	2.6337448559670777e-05	0.13559675216674805
240	-2.001085	-1.997419	-1.995415	0.135189	0.135685	0.135957	0.052068146876990795	2.6337448559670777e-05	0.13568449020385742
360	-2.001440	-1.996839	-1.995155	0.135141	0.135764	0.135993	0.052011760883033276	2.6337448559670777e-05	0.13576394319534302
480	-2.002082	-1.996171	-1.993505	0.135054	0.135855	0.136217	0.05195220708847046	2.6337448559670777e-05	0.13585461676120758
600	-2.002744	-1.996162	-1.992916	0.134964	0.135856	0.136297	0.051948979310691354	2.6337448559670777e-05	0.13585610687732697
720	-2.003628	-1.995903	-1.992137	0.134845	0.135891	0.136404	0.051929975487291814	2.6337448559670777e-05	0.13589099049568176
840	-2.003554	-1.995820	-1.992240	0.134855	0.135903	0.136390	0.05191589407622814	2.6337448559670777e-05	0.13590334355831146
960	-2.004460	-1.995454	-1.990624	0.134733	0.135953	0.136610	0.05189273934811354	3.9506172839506166e-05	0.13595160841941833
1080	-2.003958	-1.995044	-1.989759	0.134801	0.136009	0.136728	0.051850279048085215	1.7558299039780518e-05	0.13600872457027435
1200	-2.004224	-1.995265	-1.989151	0.134765	0.135979	0.136812	0.05186595041304827	1.7558299039780518e-05	0.1359790861606598
1320	-2.005260	-1.995097	-1.988328	0.134625	0.136002	0.136924	0.051855456084012985	3.9506172839506166e-05	0.13600200414657593
1440	-2.007310	-1.994959	-1.988013	0.134350	0.136021	0.136967	0.05184370260685682	1.7558299039780518e-05	0.13602113723754883
1560	-2.009155	-1.994806	-1.986916	0.134102	0.136042	0.137118	0.05182632524520159	2.6337448559670777e-05	0.1360425055027008
1680	-2.010225	-1.994834	-1.986755	0.133959	0.136039	0.137140	0.05183082614094019	1.7558299039780518e-05	0.13603875041007996
1800	-2.012249	-1.994606	-1.986576	0.133688	0.136071	0.137164	0.051810795068740846	3.9506172839506166e-05	0.13607056438922882
1920	-2.012198	-1.994830	-1.986906	0.133695	0.136040	0.137119	0.051828202232718466	1.7558299039780518e-05	0.13604006171226501
2040	-2.011870	-1.994625	-1.986467	0.133738	0.136068	0.137179	0.051812226139009	3.9506172839506166e-05	0.13606813549995422
2160	-2.013661	-1.994680	-1.985058	0.133499	0.136061	0.137373	0.05181393828243017	2.6337448559670777e-05	0.136061891913414
2280	-2.014609	-1.994495	-1.984285	0.133373	0.136087	0.137479	0.05180609170347452	3.9506172839506166e-05	0.13608601689338684
2400	-2.015727	-1.994063	-1.984178	0.133224	0.136146	0.137494	0.051764104329049584	1.7558299039780518e-05	0.13614605367183685
2520	-2.016785	-1.993624	-1.982798	0.133083	0.136207	0.137683	0.05172560513019562	2.6337448559670777e-05	0.13620616495609283
2640	-2.019239	-1.993559	-1.982614	0.132756	0.136216	0.137709	0.05171818099915981	2.6337448559670777e-05	0.13621580600738525
2760	-2.019681	-1.993228	-1.981530	0.132698	0.136261	0.137858	0.05167932510375976	2.6337448559670777e-05	0.13626214861869812
2880	-2.020850	-1.992976	-1.981247	0.132543	0.136297	0.137897	0.05166439861059189	3.9506172839506166e-05	0.13629652559757233
3000	-2.021511	-1.993068	-1.982389	0.132455	0.136285	0.137740	0.05166962929069996	1.7558299039780518e-05	0.1362847238779068
3120	-2.022402	-1.992828	-1.981269	0.132337	0.136318	0.137894	0.05165357328951359	3.9506172839506166e-05	0.13631728291511536
3240	-2.024331	-1.992688	-1.979630	0.132082	0.136338	0.138120	0.05163736622780561	2.6337448559670777e-05	0.13633735477924347
3360	-2.024811	-1.992414	-1.979224	0.132019	0.136376	0.138176	0.051617457531392574	3.9506172839506166e-05	0.13637469708919525
3480	-2.026955	-1.992110	-1.979196	0.131736	0.136418	0.138180	0.0515860665589571	3.9506172839506166e-05	0.13641825318336487
3600	-2.028330	-1.992014	-1.979219	0.131555	0.136432	0.138177	0.05157308876514435	2.6337448559670777e-05	0.1364324688911438
3720	-2.029683	-1.992334	-1.978179	0.131377	0.136390	0.138321	0.05160213001072407	3.9506172839506166e-05	0.13639037311077118
3840	-2.032394	-1.992434	-1.977605	0.131022	0.136378	0.138400	0.05161464270204306	2.6337448559670777e-05	0.13637752830982208
3960	-2.033583	-1.992396	-1.978113	0.130866	0.136384	0.138330	0.05161196663975716	3.9506172839506166e-05	0.13638406991958618
4080	-2.034425	-1.992091	-1.977416	0.130756	0.136427	0.138426	0.051586581766605376	3.9506172839506166e-05	0.13642647862434387
4200	-2.035763	-1.991859	-1.976330	0.130581	0.136460	0.138577	0.05156207680702209	3.9506172839506166e-05	0.13645996153354645
4320	-2.038061	-1.991973	-1.974716	0.130281	0.136446	0.138801	0.051571769267320634	3.9506172839506166e-05	0.13644622266292572
4440	-2.040164	-1.991780	-1.972114	0.130007	0.136475	0.139162	0.05156058110296726	3.9506172839506166e-05	0.13647475838661194
4560	-2.042007	-1.991624	-1.971770	0.129768	0.136498	0.139210	0.05153821911662817	2.6337448559670777e-05	0.13649876415729523
4680	-2.044461	-1.991470	-1.970668	0.129450	0.136522	0.139364	0.05153465066105127	3.9506172839506166e-05	0.13652066886425018
4800	-2.046088	-1.991525	-1.970331	0.129239	0.136517	0.139411	0.05153354834765196	3.9506172839506166e-05	0.13651631772518158
4920	-2.048369	-1.991656	-1.968484	0.128945	0.136501	0.139668	0.05154471006244421	3.9506172839506166e-05	0.13650086522102356
5040	-2.050185	-1.991786	-1.968925	0.128711	0.136486	0.139607	0.05155477672815323	5.925925925925925e-05	0.13648568093776703
5160	-2.053213	-1.991977	-1.969388	0.128322	0.136463	0.139542	0.05157284922897816	2.6337448559670777e-05	0.13646259903907776
5280	-2.055972	-1.992270	-1.969683	0.127968	0.136426	0.139501	0.05160088837146759	3.9506172839506166e-05	0.13642559945583344
5400	-2.058969	-1.992341	-1.969871	0.127585	0.136419	0.139475	0.05160333961248398	3.9506172839506166e-05	0.1364198476076126
5520	-2.060476	-1.992827	-1.969487	0.127393	0.136356	0.139528	0.05164797604084015	3.9506172839506166e-05	0.13635681569576263
5640	-2.063231	-1.993338	-1.969061	0.127043	0.136290	0.139588	0.05168511029332876	3.9506172839506166e-05	0.13629139959812164
5760	-2.067529	-1.993469	-1.969156	0.126498	0.136277	0.139575	0.051703644543886186	3.9506172839506166e-05	0.13627740740776062
5880	-2.071340	-1.993974	-1.968877	0.126017	0.136213	0.139614	0.05174577347934246	3.9506172839506166e-05	0.13621406257152557
6000	-2.072257	-1.994107	-1.967942	0.125901	0.136199	0.139744	0.05176597945392132	3.9506172839506166e-05	0.13619884848594666
6120	-2.074685	-1.994366	-1.967321	0.125596	0.136168	0.139831	0.051784712448716165	3.9506172839506166e-05	0.13616888225078583
6240	-2.076289	-1.994511	-1.965534	0.125395	0.136153	0.140081	0.05179832354187965	3.9506172839506166e-05	0.13615359365940094
6360	-2.079947	-1.994657	-1.963539	0.124937	0.136139	0.140361	0.05181676205247641	3.9506172839506166e-05	0.13613851368427277
6480	-2.082515	-1.995198	-1.964675	0.124616	0.136069	0.140201	0.051859816163778306	3.9506172839506166e-05	0.1360691338777542
6600	-2.085765	-1.995726	-1.963820	0.124212	0.136002	0.140321	0.05190172959119081	3.9506172839506166e-05	0.13600324094295502
6720	-2.087627	-1.995805	-1.960905	0.123981	0.135996	0.140731	0.0519170256331563	3.9506172839506166e-05	0.13599622249603271
6840	-2.091283	-1.995828	-1.960819	0.123529	0.135998	0.140743	0.05191722232848406	2.6337448559670777e-05	0.1359988898038864
6960	-2.092543	-1.995751	-1.960663	0.123373	0.136014	0.140765	0.05191299263387918	3.9506172839506166e-05	0.1360136717557907
7080	-2.094727	-1.995888	-1.959986	0.123104	0.135999	0.140860	0.051925620436668395	3.9506172839506166e-05	0.13599851727485657
7200	-2.097312	-1.996000	-1.958922	0.122786	0.135990	0.141010	0.05192997343838215	3.9506172839506166e-05	0.13599076867103577
7320	-2.099478	-1.995952	-1.957989	0.122520	0.136001	0.141142	0.05192753281444311	3.9506172839506166e-05	0.13600224256515503
7440	-2.101853	-1.996327	-1.958236	0.122230	0.135956	0.141107	0.05196012184023857	2.6337448559670777e-05	0.13595639169216156
7560	-2.105222	-1.996536	-1.957895	0.121819	0.135935	0.141155	0.051976522989571096	3.9506172839506166e-05	0.13593553006649017
7680	-2.107247	-1.996875	-1.956316	0.121572	0.135895	0.141378	0.052015477977693084	3.9506172839506166e-05	0.13589413464069366
7800	-2.109156	-1.997065	-1.955446	0.121340	0.135874	0.141501	0.05202662628144026	3.9506172839506166e-05	0.13587456941604614
7920	-2.110325	-1.997229	-1.955394	0.121199	0.135855	0.141509	0.05204280354082584	3.9506172839506166e-05	0.13585516810417175
8040	-2.112539	-1.997243	-1.954786	0.120931	0.135857	0.141595	0.05204966347664595	3.9506172839506166e-05	0.13585689663887024
8160	-2.113805	-1.997534	-1.954066	0.120778	0.135821	0.141697	0.0520734379068017	3.9506172839506166e-05	0.13582076132297516
8280	-2.115479	-1.997576	-1.953994	0.120576	0.135819	0.141707	0.05207782182842493	3.9506172839506166e-05	0.13581882417201996
8400	-2.117185	-1.997798	-1.953814	0.120370	0.135793	0.141732	0.052092671394348145	3.9506172839506166e-05	0.13579410314559937
8520	-2.118442	-1.997914	-1.953206	0.120219	0.135782	0.141819	0.052103825844824314	3.9506172839506166e-05	0.13578246533870697
8640	-2.120163	-1.998104	-1.952294	0.120012	0.135761	0.141948	0.05212263278663158	3.9506172839506166e-05	0.1357610672712326
8760	-2.121719	-1.998224	-1.951930	0.119825	0.135748	0.142000	0.05213995166122913	3.9506172839506166e-05	0.135747492313385
8880	-2.123640	-1.998319	-1.951842	0.119595	0.135740	0.142012	0.05214162990450859	3.9506172839506166e-05	0.13574038445949554
9000	-2.125002	-1.998159	-1.950766	0.119433	0.135768	0.142165	0.05212732572108507	3.9506172839506166e-05	0.13576892018318176
9120	-2.126352	-1.998192	-1.950433	0.119272	0.135768	0.142213	0.052137340605258944	3.9506172839506166e-05	0.1357676237821579
9240	-2.127483	-1.998174	-1.949579	0.119137	0.135776	0.142334	0.05213139932602644	3.9506172839506166e-05	0.13577578961849213
9360	-2.128478	-1.998494	-1.950245	0.119018	0.135737	0.142239	0.05216183010488749	3.9506172839506166e-05	0.1357364058494568
9480	-2.130139	-1.998574	-1.949825	0.118821	0.135732	0.142299	0.05216409228742123	2.6337448559670777e-05	0.13573268055915833
9600	-2.131295	-1.998606	-1.949653	0.118684	0.135734	0.142323	0.05216982085257769	2.6337448559670777e-05	0.13573351502418518
9720	-2.133102	-1.998786	-1.949088	0.118469	0.135714	0.142404	0.052184426225721836	3.9506172839506166e-05	0.13571402430534363
9840	-2.133874	-1.998958	-1.948101	0.118378	0.135695	0.142545	0.05220365673303604	3.9506172839506166e-05	0.13569433987140656
9960	-2.134591	-1.999229	-1.948560	0.118293	0.135662	0.142479	0.052225601859390736	3.9506172839506166e-05	0.13566192984580994
10080	-2.136853	-1.999312	-1.946965	0.118026	0.135658	0.142707	0.052231582812964916	5.925925925925925e-05	0.13565829396247864
10200	-2.138532	-1.999470	-1.945944	0.117828	0.135643	0.142852	0.05224626492708921	3.9506172839506166e-05	0.13564331829547882
10320	-2.139455	-1.999506	-1.945810	0.117719	0.135641	0.142871	0.05224708113819361	3.9506172839506166e-05	0.1356418877840042
10440	-2.140847	-1.999527	-1.945125	0.117555	0.135643	0.142969	0.05225724745541811	3.9506172839506166e-05	0.13564278185367584
10560	-2.141938	-1.999644	-1.944414	0.117427	0.135633	0.143071	0.052262572944164275	3.9506172839506166e-05	0.1356332004070282
10680	-2.143762	-2.000100	-1.944113	0.117213	0.135578	0.143114	0.052300579845905304	3.9506172839506166e-05	0.13557817041873932
10800	-2.144748	-2.000457	-1.944101	0.117097	0.135536	0.143116	0.05233308244496584	3.9506172839506166e-05	0.1355358213186264
10920	-2.146302	-2.000615	-1.942862	0.116916	0.135520	0.143293	0.05235097911208868	3.9506172839506166e-05	0.1355201005935669
11040	-2.146795	-2.000517	-1.941628	0.116858	0.135540	0.143470	0.0523461114615202	2.6337448559670777e-05	0.13553950190544128
11160	-2.147373	-2.000570	-1.940182	0.116791	0.135537	0.143678	0.05234714709222317	3.9506172839506166e-05	0.13553690910339355
11280	-2.147603	-2.000622	-1.939874	0.116764	0.135534	0.143722	0.052354355715215205	3.9506172839506166e-05	0.1355331540107727
11400	-2.148116	-2.000308	-1.938376	0.116704	0.135583	0.143937	0.05232268180698156	5.925925925925925e-05	0.13558311760425568
11520	-2.146904	-2.000625	-1.937888	0.116845	0.135545	0.144008	0.05235086120665074	3.9506172839506166e-05	0.13554461300373077
11640	-2.147558	-2.000731	-1.937900	0.116769	0.135537	0.144006	0.05236022975295782	3.9506172839506166e-05	0.13553722202777863
11760	-2.149350	-2.001088	-1.937227	0.116560	0.135497	0.144103	0.05239578001201153	3.9506172839506166e-05	0.13549600541591644
11880	-2.150984	-2.000817	-1.935851	0.116370	0.135540	0.144301	0.05236970726400614	2.6337448559670777e-05	0.13554023206233978
12000	-2.153151	-2.001023	-1.934831	0.116118	0.135519	0.144449	0.05238566938787699	5.925925925925925e-05	0.1355191171169281
12120	-2.155467	-2.001207	-1.934054	0.115849	0.135500	0.144561	0.05240549333393574	3.9506172839506166e-05	0.13549967110157013
12240	-2.157648	-2.001602	-1.933633	0.115597	0.135455	0.144622	0.05244183000177145	5.925925925925925e-05	0.13545404374599457
12360	-2.159835	-2.001548	-1.932819	0.115344	0.135471	0.144740	0.05243586674332619	3.9506172839506166e-05	0.13547071814537048
12480	-2.160801	-2.001500	-1.931383	0.115233	0.135488	0.144948	0.05243109818547964	3.9506172839506166e-05	0.13548752665519714
12600	-2.161929	-2.001471	-1.929774	0.115103	0.135501	0.145181	0.052429378218948844	3.9506172839506166e-05	0.13550041615962982
12720	-2.163550	-2.001863	-1.928857	0.114916	0.135454	0.145314	0.05246158987283707	3.9506172839506166e-05	0.1354544758796692
12840	-2.165028	-2.001891	-1.927763	0.114747	0.135461	0.145473	0.052464884147047995	3.9506172839506166e-05	0.13546083867549896
12960	-2.166921	-2.002018	-1.926419	0.114530	0.135450	0.145669	0.05247674640268087	2.6337448559670777e-05	0.13544996082782745
13080	-2.167688	-2.002019	-1.925841	0.114442	0.135458	0.145753	0.05247328393161297	5.925925925925925e-05	0.13545900583267212
13200	-2.169958	-2.002023	-1.925932	0.114182	0.135466	0.145740	0.05247557740658522	3.9506172839506166e-05	0.13546650111675262
13320	-2.171863	-2.002124	-1.925757	0.113965	0.135463	0.145765	0.05248405896127224	3.9506172839506166e-05	0.1354628950357437
13440	-2.173112	-2.002362	-1.924508	0.113823	0.135438	0.145947	0.05250809509307146	3.9506172839506166e-05	0.1354382187128067
13560	-2.175811	-2.002498	-1.923612	0.113516	0.135430	0.146078	0.052520333789289	5.925925925925925e-05	0.13542956113815308
13680	-2.177355	-2.002599	-1.923099	0.113341	0.135425	0.146153	0.052531465888023376	3.9506172839506166e-05	0.13542404770851135
13800	-2.179166	-2.002754	-1.921695	0.113136	0.135410	0.146359	0.05254719816148281	3.9506172839506166e-05	0.13540945947170258
13920	-2.181525	-2.002697	-1.921065	0.112869	0.135431	0.146451	0.052537594363093375	3.9506172839506166e-05	0.1354302614927292
14040	-2.183411	-2.002705	-1.920434	0.112657	0.135438	0.146543	0.052536474727094176	3.9506172839506166e-05	0.13543838262557983
14160	-2.184500	-2.003021	-1.919743	0.112534	0.135404	0.146645	0.05257135387510061	3.9506172839506166e-05	0.13540278375148773
14280	-2.185819	-2.002981	-1.918707	0.112386	0.135418	0.146797	0.052569474279880526	3.9506172839506166e-05	0.13541720807552338
14400	-2.188125	-2.002958	-1.917238	0.112127	0.135430	0.147012	0.052561171166598794	5.925925925925925e-05	0.1354297250509262
14520	-2.189948	-2.003233	-1.916208	0.111923	0.135402	0.147164	0.05258341152220965	3.9506172839506166e-05	0.13540175557136536
14640	-2.191296	-2.003744	-1.916850	0.111772	0.135341	0.147069	0.0526271291077137	3.9506172839506166e-05	0.13534151017665863
14760	-2.192927	-2.004055	-1.916832	0.111590	0.135305	0.147072	0.0526599109172821	1.7558299039780518e-05	0.13530538976192474
14880	-2.194661	-2.004143	-1.916584	0.111396	0.135301	0.147109	0.0526651207357645	3.9506172839506166e-05	0.1353013515472412
15000	-2.197074	-2.003786	-1.915525	0.111128	0.135362	0.147265	0.05264103543013334	5.925925925925925e-05	0.13536162674427032
15120	-2.199110	-2.003850	-1.917218	0.110902	0.135363	0.147015	0.052641245909035204	2.6337448559670777e-05	0.13536249101161957
15240	-2.201402	-2.003964	-1.916489	0.110648	0.135359	0.147123	0.05265083592385054	3.9506172839506166e-05	0.13535894453525543
15360	-2.202708	-2.003958	-1.914889	0.110504	0.135366	0.147358	0.052652660943567756	3.9506172839506166e-05	0.13536569476127625
15480	-2.204586	-2.004012	-1.914346	0.110296	0.135365	0.147438	0.05265254937112331	3.9506172839506166e-05	0.1353653222322464
15600	-2.206802	-2.003979	-1.912573	0.110052	0.135382	0.147700	0.052657733857631686	3.9506172839506166e-05	0.1353810429573059
15720	-2.208872	-2.003806	-1.912070	0.109825	0.135417	0.147774	0.05264813993126154	3.9506172839506166e-05	0.13541603088378906
15840	-2.209375	-2.003320	-1.910898	0.109769	0.135490	0.147948	0.05259751249104738	3.9506172839506166e-05	0.13548941910266876
15960	-2.210693	-2.003205	-1.909292	0.109625	0.135514	0.148185	0.052579758875072005	3.9506172839506166e-05	0.1355150043964386
16080	-2.212374	-2.003026	-1.907840	0.109441	0.135543	0.148401	0.05257071256637573	2.6337448559670777e-05	0.13554324209690094
16200	-2.213024	-2.003119	-1.907511	0.109369	0.135539	0.148449	0.05257388409227133	3.9506172839506166e-05	0.1355392336845398
16320	-2.214518	-2.003223	-1.906686	0.109206	0.135532	0.148572	0.05258424561470747	3.9506172839506166e-05	0.13553248345851898
16440	-2.217207	-2.003590	-1.905535	0.108913	0.135492	0.148743	0.05260939914733172	3.9506172839506166e-05	0.13549301028251648
16560	-2.219119	-2.003699	-1.905097	0.108705	0.135483	0.148808	0.05262809246778488	3.9506172839506166e-05	0.1354827582836151
16680	-2.221556	-2.003690	-1.905424	0.108440	0.135495	0.148759	0.052631832845509055	3.9506172839506166e-05	0.1354944109916687
16800	-2.223189	-2.003652	-1.904859	0.108263	0.135510	0.148844	0.052622840739786625	3.9506172839506166e-05	0.13550995290279388
16920	-2.225616	-2.003814	-1.904361	0.108001	0.135498	0.148918	0.05263558067381382	3.9506172839506166e-05	0.1354982554912567
17040	-2.228385	-2.003999	-1.902668	0.107702	0.135489	0.149170	0.05265790298581123	3.9506172839506166e-05	0.1354883462190628
17160	-2.230556	-2.003831	-1.902873	0.107469	0.135522	0.149140	0.05264126509428024	3.9506172839506166e-05	0.1355220377445221
17280	-2.232653	-2.003640	-1.903058	0.107244	0.135559	0.149112	0.052623888663947585	3.9506172839506166e-05	0.13555844128131866
17400	-2.234592	-2.003666	-1.902377	0.107036	0.135564	0.149213	0.05262543447315693	3.9506172839506166e-05	0.13556407392024994
17520	-2.237311	-2.003405	-1.901445	0.106745	0.135610	0.149353	0.052607189118862155	3.9506172839506166e-05	0.13560882210731506
17640	-2.240008	-2.003208	-1.901538	0.106458	0.135649	0.149339	0.05258749891072512	3.9506172839506166e-05	0.13564854860305786
17760	-2.241880	-2.002948	-1.899842	0.106259	0.135697	0.149592	0.052565767988562585	3.9506172839506166e-05	0.13569627702236176
17880	-2.243141	-2.002808	-1.898600	0.106125	0.135728	0.149778	0.05254784543067217	3.9506172839506166e-05	0.1357276737689972
18000	-2.245091	-2.002631	-1.896548	0.105918	0.135763	0.150086	0.05252875834703445	5.925925925925925e-05	0.13576367497444153
18120	-2.246630	-2.002412	-1.895702	0.105755	0.135802	0.150213	0.05250866059213877	3.9506172839506166e-05	0.1358022540807724
18240	-2.248804	-2.002349	-1.894400	0.105525	0.135824	0.150409	0.052504784613847735	3.9506172839506166e-05	0.13582393527030945
18360	-2.251077	-2.002254	-1.894347	0.105286	0.135846	0.150416	0.052497315034270284	5.925925925925925e-05	0.13584594428539276
18480	-2.252916	-2.002042	-1.893704	0.105092	0.135887	0.150513	0.05248184930533171	3.9506172839506166e-05	0.1358865201473236
18600	-2.255397	-2.001745	-1.891901	0.104832	0.135940	0.150785	0.05245337728410959	3.9506172839506166e-05	0.13594001531600952
18720	-2.257612	-2.001708	-1.889823	0.104600	0.135962	0.151099	0.052451394684612754	3.9506172839506166e-05	0.13596121966838837
18840	-2.259531	-2.001657	-1.888280	0.104399	0.135981	0.151332	0.05244348458945751	3.9506172839506166e-05	0.13598094880580902
18960	-2.259831	-2.001375	-1.887515	0.104368	0.136028	0.151448	0.052418035455048084	3.9506172839506166e-05	0.1360282003879547
19080	-2.262876	-2.001487	-1.887636	0.104051	0.136027	0.151429	0.05242757331579924	3.9506172839506166e-05	0.13602665066719055
19200	-2.264618	-2.001447	-1.887279	0.103870	0.136042	0.151483	0.05242886170744896	3.9506172839506166e-05	0.13604159653186798
19320	-2.267917	-2.001163	-1.886652	0.103528	0.136092	0.151578	0.0524063166230917	3.9506172839506166e-05	0.13609091937541962
19440	-2.269396	-2.001159	-1.887232	0.103375	0.136101	0.151490	0.052405443787574765	3.9506172839506166e-05	0.13610008358955383
19560	-2.272911	-2.000785	-1.885845	0.103012	0.136166	0.151701	0.0523660970851779	3.9506172839506166e-05	0.13616563379764557
19680	-2.275702	-2.000690	-1.884853	0.102725	0.136188	0.151851	0.052360050939023496	3.9506172839506166e-05	0.13618773221969604
19800	-2.277354	-2.000491	-1.882394	0.102555	0.136228	0.152225	0.05234245136380196	3.9506172839506166e-05	0.1362278312444687
19920	-2.280838	-2.000913	-1.882453	0.102199	0.136189	0.152216	0.052378991805017	5.925925925925925e-05	0.1361890733242035
20040	-2.283942	-2.000948	-1.882870	0.101882	0.136202	0.152153	0.05237784180790186	3.9506172839506166e-05	0.13620178401470184
20160	-2.286599	-2.001054	-1.882236	0.101611	0.136199	0.152249	0.05239181090146303	3.9506172839506166e-05	0.1361984759569168
20280	-2.288796	-2.000980	-1.883150	0.101388	0.136218	0.152110	0.05238170698285103	3.9506172839506166e-05	0.13621780276298523
20400	-2.291088	-2.001003	-1.881684	0.101156	0.136228	0.152333	0.052389076352119444	3.9506172839506166e-05	0.13622735440731049
20520	-2.293741	-2.000911	-1.880574	0.100888	0.136256	0.152503	0.05237992070615292	2.6337448559670777e-05	0.13625559210777283
20640	-2.295439	-2.000919	-1.880394	0.100717	0.136263	0.152530	0.05237937793135643	3.9506172839506166e-05	0.13626255095005035
20760	-2.297761	-2.000481	-1.879238	0.100484	0.136338	0.152706	0.05234232023358345	5.925925925925925e-05	0.13633747398853302
20880	-2.299647	-2.000184	-1.877947	0.100294	0.136398	0.152904	0.05231455136090517	3.9506172839506166e-05	0.1363973319530487
21000	-2.301588	-2.000231	-1.878796	0.100100	0.136402	0.152774	0.052314325235784054	3.9506172839506166e-05	0.13640184700489044
21120	-2.304731	-2.000031	-1.877878	0.099786	0.136446	0.152914	0.05229765921831131	3.9506172839506166e-05	0.13644607365131378
21240	-2.308681	-2.000198	-1.876671	0.099392	0.136443	0.153099	0.05230933912098408	5.925925925925925e-05	0.13644306361675262
21360	-2.311281	-1.999959	-1.875535	0.099134	0.136492	0.153273	0.05229444522410631	3.9506172839506166e-05	0.13649098575115204
21480	-2.313656	-1.999854	-1.874830	0.098899	0.136521	0.153381	0.05228516981005669	3.9506172839506166e-05	0.13652031123638153
21600	-2.315639	-1.999662	-1.875494	0.098703	0.136557	0.153279	0.05226525161415339	3.9506172839506166e-05	0.1365565061569214
21720	-2.318106	-1.999457	-1.876810	0.098460	0.136597	0.153078	0.0522503100335598	3.9506172839506166e-05	0.1365964114665985
21840	-2.320362	-1.998845	-1.877234	0.098238	0.136693	0.153013	0.052196303568780425	3.9506172839506166e-05	0.13669255375862122
21960	-2.321689	-1.998749	-1.876507	0.098108	0.136720	0.153124	0.05218449421226978	3.9506172839506166e-05	0.13671934604644775
22080	-2.324489	-1.998115	-1.874696	0.097833	0.136828	0.153402	0.05213322527706623	2.6337448559670777e-05	0.13682705163955688
22200	-2.326973	-1.997803	-1.874068	0.097591	0.136887	0.153498	0.05210035964846611	3.9506172839506166e-05	0.1368863880634308
22320	-2.329040	-1.997730	-1.872772	0.097389	0.136910	0.153697	0.052091644145548344	3.9506172839506166e-05	0.1369098424911499
22440	-2.331111	-1.997611	-1.870252	0.097188	0.136941	0.154085	0.05207991898059845	2.6337448559670777e-05	0.1369411051273346
22560	-2.333156	-1.997597	-1.870636	0.096989	0.136957	0.154026	0.05207647234201431	3.9506172839506166e-05	0.13695742189884186
22680	-2.335215	-1.997157	-1.868404	0.096790	0.137032	0.154370	0.05204308740794659	5.925925925925925e-05	0.13703155517578125
22800	-2.337765	-1.997325	-1.867919	0.096543	0.137017	0.154445	0.05205432139337063	3.9506172839506166e-05	0.13701628148555756
22920	-2.340858	-1.996902	-1.867922	0.096245	0.137086	0.154444	0.05201980397105217	2.6337448559670777e-05	0.1370861530303955
23040	-2.342419	-1.996820	-1.867710	0.096095	0.137107	0.154477	0.05200742930173874	3.9506172839506166e-05	0.13710732758045197
23160	-2.346227	-1.996881	-1.867264	0.095730	0.137118	0.154546	0.052012774348258975	3.9506172839506166e-05	0.1371178776025772
23280	-2.347975	-1.996669	-1.865851	0.095562	0.137162	0.154764	0.05199830513447523	3.9506172839506166e-05	0.13716179132461548
23400	-2.350434	-1.996696	-1.864916	0.095328	0.137177	0.154909	0.05200144499540329	3.9506172839506166e-05	0.1371763050556183
23520	-2.351856	-1.996683	-1.863360	0.095192	0.137194	0.155151	0.05199458356946707	3.9506172839506166e-05	0.13719438016414642
23640	-2.352882	-1.996158	-1.862332	0.095095	0.137273	0.155310	0.05195889100432396	3.9506172839506166e-05	0.13727179169654846
23760	-2.354125	-1.995958	-1.862021	0.094977	0.137314	0.155358	0.05193303786218166	3.9506172839506166e-05	0.13731350004673004
23880	-2.356601	-1.996166	-1.859350	0.094742	0.137299	0.155774	0.051955018937587735	3.9506172839506166e-05	0.13729825615882874
24000	-2.358635	-1.995944	-1.857379	0.094549	0.137346	0.156081	0.05192995611578226	3.9506172839506166e-05	0.13734588027000427
24120	-2.361239	-1.995249	-1.856657	0.094303	0.137456	0.156194	0.05187969915568828	3.9506172839506166e-05	0.13745452463626862
24240	-2.363735	-1.994598	-1.855706	0.094068	0.137562	0.156343	0.051815308444201943	2.6337448559670777e-05	0.13756142556667328
24360	-2.366065	-1.994685	-1.855184	0.093849	0.137565	0.156424	0.05181989949196577	2.6337448559670777e-05	0.13756439089775085
24480	-2.366750	-1.994282	-1.854411	0.093785	0.137626	0.156545	0.051786772720515725	5.925925925925925e-05	0.1376252919435501
24600	-2.369463	-1.994314	-1.853615	0.093531	0.137638	0.156670	0.05177885740995407	3.9506172839506166e-05	0.13763868808746338
24720	-2.372398	-1.994220	-1.852755	0.093257	0.137660	0.156805	0.051776652410626414	3.9506172839506166e-05	0.13765926659107208
24840	-2.373970	-1.993657	-1.852162	0.093110	0.137748	0.156898	0.051732367090880874	3.9506172839506166e-05	0.13774727284908295
24960	-2.375515	-1.993347	-1.852509	0.092967	0.137799	0.156843	0.05169206038117409	3.9506172839506166e-05	0.137799933552742
25080	-2.378603	-1.993388	-1.851864	0.092680	0.137809	0.156944	0.051712749525904655	3.9506172839506166e-05	0.13780643045902252
25200	-2.380062	-1.993200	-1.851658	0.092545	0.137848	0.156977	0.05168187450617552	3.9506172839506166e-05	0.13784818351268768
25320	-2.382959	-1.993076	-1.851210	0.092277	0.137881	0.157047	0.051675360463559625	3.9506172839506166e-05	0.13788051903247833
25440	-2.383734	-1.992730	-1.850230	0.092206	0.137942	0.157201	0.05163801815360784	3.9506172839506166e-05	0.1379428654909134
25560	-2.385151	-1.992551	-1.850095	0.092075	0.137976	0.157222	0.05163132045418024	5.925925925925925e-05	0.13797543942928314
25680	-2.387385	-1.992328	-1.848028	0.091870	0.138024	0.157548	0.05160850249230862	3.9506172839506166e-05	0.13802294433116913
25800	-2.388560	-1.992417	-1.848429	0.091762	0.138021	0.157484	0.051610246486961844	3.9506172839506166e-05	0.1380210816860199
25920	-2.390934	-1.992265	-1.846846	0.091544	0.138062	0.157734	0.05160672925412655	3.9506172839506166e-05	0.13806089758872986
26040	-2.394394	-1.992331	-1.846844	0.091228	0.138068	0.157734	0.0516064515337348	2.6337448559670777e-05	0.13806794583797455
26160	-2.397149	-1.992042	-1.845020	0.090977	0.138128	0.158022	0.05158626940101385	3.9506172839506166e-05	0.13812649250030518
26280	-2.400628	-1.991943	-1.844216	0.090661	0.138159	0.158149	0.0515682190656662	2.6337448559670777e-05	0.13815899193286896
26400	-2.402924	-1.991784	-1.844061	0.090453	0.138194	0.158174	0.05155627802014351	2.6337448559670777e-05	0.13819368183612823
26520	-2.407119	-1.991745	-1.843560	0.090074	0.138216	0.158253	0.05155068449676037	3.9506172839506166e-05	0.13821661472320557
26640	-2.410216	-1.991701	-1.844229	0.089796	0.138236	0.158147	0.051548732444643974	3.9506172839506166e-05	0.13823595643043518
26760	-2.412808	-1.991341	-1.843552	0.089563	0.138300	0.158254	0.0515189303085208	3.9506172839506166e-05	0.13830000162124634
26880	-2.415071	-1.991350	-1.842792	0.089361	0.138317	0.158375	0.051512963697314264	3.9506172839506166e-05	0.13831736147403717
27000	-2.417728	-1.991717	-1.842152	0.089124	0.138280	0.158476	0.05155362077057361	3.9506172839506166e-05	0.13827911019325256
27120	-2.419650	-1.991648	-1.841484	0.088953	0.138305	0.158582	0.05154688637703657	3.9506172839506166e-05	0.1383046805858612
27240	-2.422586	-1.991643	-1.841070	0.088692	0.138320	0.158648	0.05154455974698067	2.6337448559670777e-05	0.1383194774389267
27360	-2.424544	-1.991454	-1.840198	0.088518	0.138359	0.158786	0.05152928195893765	3.9506172839506166e-05	0.13835787773132324
27480	-2.428035	-1.991318	-1.839315	0.088210	0.138395	0.158926	0.051517380960285665	3.9506172839506166e-05	0.138393834233284
27600	-2.431547	-1.991184	-1.838498	0.087901	0.138430	0.159056	0.05150858573615551	2.6337448559670777e-05	0.1384296417236328
27720	-2.434196	-1.990902	-1.838384	0.087668	0.138484	0.159074	0.05148052517324686	3.9506172839506166e-05	0.13848315179347992
27840	-2.438968	-1.990877	-1.837235	0.087251	0.138512	0.159257	0.0514767300337553	3.9506172839506166e-05	0.13851144909858704
27960	-2.440654	-1.990429	-1.836388	0.087104	0.138593	0.159392	0.05143569707870484	3.9506172839506166e-05	0.1385933756828308
28080	-2.443242	-1.990303	-1.836547	0.086879	0.138628	0.159367	0.0514277882874012	2.6337448559670777e-05	0.13862743973731995
28200	-2.444912	-1.990140	-1.836211	0.086734	0.138664	0.159420	0.05141331236809492	3.9506172839506166e-05	0.13866281509399414
28320	-2.446507	-1.989720	-1.836741	0.086596	0.138736	0.159336	0.05137022361159325	3.9506172839506166e-05	0.13873597979545593
28440	-2.447391	-1.989380	-1.835818	0.086519	0.138799	0.159483	0.051343591138720515	3.9506172839506166e-05	0.13879871368408203
28560	-2.450264	-1.989202	-1.835646	0.086271	0.138841	0.159510	0.051326498948037626	3.9506172839506166e-05	0.13884010910987854
28680	-2.451819	-1.988990	-1.834738	0.086137	0.138886	0.159655	0.051301037333905695	3.9506172839506166e-05	0.13888637721538544
28800	-2.452660	-1.989044	-1.833804	0.086064	0.138895	0.159804	0.05131141245365143	3.9506172839506166e-05	0.1388944685459137
28920	-2.453331	-1.988427	-1.833542	0.086007	0.138988	0.159846	0.051262030750513075	3.9506172839506166e-05	0.13898706436157227
29040	-2.455247	-1.988255	-1.833588	0.085842	0.139022	0.159839	0.05123939923942089	2.6337448559670777e-05	0.1390218734741211
29160	-2.456218	-1.988008	-1.832220	0.085759	0.139071	0.160058	0.051219703070819377	3.9506172839506166e-05	0.1390700489282608
29280	-2.460141	-1.987484	-1.831087	0.085423	0.139170	0.160239	0.0511671306565404	3.9506172839506166e-05	0.13917042315006256
29400	-2.462714	-1.987268	-1.829260	0.085203	0.139225	0.160532	0.051153768226504324	3.9506172839506166e-05	0.1392238438129425
29520	-2.462934	-1.986702	-1.828729	0.085185	0.139310	0.160618	0.0511019192636013	3.9506172839506166e-05	0.13930989801883698
29640	-2.464080	-1.986504	-1.826747	0.085087	0.139351	0.160936	0.051080578565597536	3.9506172839506166e-05	0.13935090601444244
29760	-2.466563	-1.986488	-1.827081	0.084876	0.139364	0.160883	0.0510817538946867	3.9506172839506166e-05	0.13936378061771393
29880	-2.468047	-1.986122	-1.825789	0.084750	0.139431	0.161090	0.0510471822693944	3.9506172839506166e-05	0.13943064212799072
30000	-2.470524	-1.986073	-1.825955	0.084541	0.139455	0.161064	0.051044071838259694	3.9506172839506166e-05	0.13945439457893372
30120	-2.472475	-1.985851	-1.824075	0.084376	0.139506	0.161367	0.0510244807228446	3.9506172839506166e-05	0.1395052969455719
30240	-2.474026	-1.985614	-1.822564	0.084245	0.139555	0.161611	0.05100362971425056	3.9506172839506166e-05	0.1395539939403534
30360	-2.476807	-1.985721	-1.821313	0.084011	0.139561	0.161813	0.0510104363784194	2.6337448559670777e-05	0.1395609974861145
30480	-2.478634	-1.985427	-1.821906	0.083858	0.139618	0.161717	0.05098920632153749	3.9506172839506166e-05	0.13961666822433472
30600	-2.480248	-1.985531	-1.822936	0.083722	0.139613	0.161551	0.05099340938031673	3.9506172839506166e-05	0.13961248099803925
30720	-2.482132	-1.985489	-1.823592	0.083565	0.139635	0.161445	0.05098618026822806	3.9506172839506166e-05	0.13963556289672852
30840	-2.483981	-1.985358	-1.823676	0.083411	0.139667	0.161431	0.05097989682108164	3.9506172839506166e-05	0.1396665871143341
30960	-2.485583	-1.985518	-1.822420	0.083277	0.139662	0.161634	0.05099534727633	3.9506172839506166e-05	0.13966138660907745
31080	-2.487773	-1.985347	-1.822132	0.083095	0.139700	0.161681	0.05097830798476934	3.9506172839506166e-05	0.13969922065734863
31200	-2.488430	-1.984959	-1.823084	0.083040	0.139770	0.161527	0.05094502326101065	3.9506172839506166e-05	0.13976939022541046
31320	-2.489704	-1.985021	-1.821885	0.082934	0.139775	0.161721	0.0509463569149375	3.9506172839506166e-05	0.13977448642253876
31440	-2.492155	-1.984877	-1.820286	0.082731	0.139811	0.161979	0.05093723349273205	3.9506172839506166e-05	0.13981066644191742
31560	-2.494967	-1.984281	-1.819181	0.082499	0.139914	0.162159	0.05088917538523674	2.6337448559670777e-05	0.13991323113441467
31680	-2.497141	-1.983986	-1.816870	0.082320	0.139981	0.162534	0.05085745938122273	3.9506172839506166e-05	0.139980286359787
31800	-2.498314	-1.983710	-1.815428	0.082224	0.140038	0.162768	0.05083564985543489	3.9506172839506166e-05	0.14003689587116241
31920	-2.500033	-1.983448	-1.815118	0.082082	0.140091	0.162819	0.05080862510949373	2.6337448559670777e-05	0.1400909274816513
32040	-2.500038	-1.983026	-1.813361	0.082082	0.140159	0.163105	0.050782136246562005	3.9506172839506166e-05	0.14015665650367737
32160	-2.501050	-1.982640	-1.813483	0.081999	0.140226	0.163085	0.05073614493012428	3.9506172839506166e-05	0.1402255892753601
32280	-2.502672	-1.982465	-1.813851	0.081866	0.140267	0.163025	0.05071685388684273	3.9506172839506166e-05	0.1402672380208969
32400	-2.505421	-1.982635	-1.813444	0.081641	0.140259	0.163091	0.05073239877820015	2.6337448559670777e-05	0.14025883376598358
32520	-2.507029	-1.982539	-1.812519	0.081510	0.140290	0.163242	0.05072325728833675	3.9506172839506166e-05	0.14028984308242798
32640	-2.509167	-1.982446	-1.813580	0.081336	0.140320	0.163069	0.050716602429747584	2.6337448559670777e-05	0.14031977951526642
32760	-2.511646	-1.982363	-1.813508	0.081135	0.140350	0.163081	0.05070617999881506	2.6337448559670777e-05	0.1403505802154541
32880	-2.513499	-1.982255	-1.811825	0.080984	0.140377	0.163356	0.05069779567420483	2.6337448559670777e-05	0.14037762582302094
33000	-2.514569	-1.982237	-1.812075	0.080898	0.140398	0.163315	0.05069563873112202	3.9506172839506166e-05	0.140397846698761
33120	-2.516318	-1.981494	-1.811651	0.080756	0.140517	0.163384	0.050636591762304305	3.9506172839506166e-05	0.14051562547683716
33240	-2.517703	-1.981041	-1.811330	0.080645	0.140599	0.163437	0.05059122256934643	3.9506172839506166e-05	0.14059841632843018
33360	-2.518214	-1.981128	-1.810452	0.080603	0.140603	0.163580	0.050601029954850676	3.9506172839506166e-05	0.14060233533382416
33480	-2.519365	-1.980907	-1.809828	0.080511	0.140653	0.163682	0.05057802591472864	5.925925925925925e-05	0.14065292477607727
33600	-2.520606	-1.980765	-1.809723	0.080411	0.140682	0.163699	0.05056549739092588	2.6337448559670777e-05	0.14068163931369781
33720	-2.521814	-1.980703	-1.809023	0.080314	0.140702	0.163814	0.050558974407613276	3.9506172839506166e-05	0.14070241153240204
33840	-2.522978	-1.980193	-1.807427	0.080220	0.140785	0.164076	0.050520417466759684	3.9506172839506166e-05	0.14078380167484283
33960	-2.523969	-1.979308	-1.806840	0.080141	0.140928	0.164172	0.05044085420668125	3.9506172839506166e-05	0.14092706143856049
34080	-2.525199	-1.978872	-1.807192	0.080042	0.140997	0.164114	0.05039554797112942	2.6337448559670777e-05	0.1409972906112671
34200	-2.526387	-1.978681	-1.807419	0.079947	0.141042	0.164077	0.05037698931992054	2.6337448559670777e-05	0.14104202389717102
34320	-2.527367	-1.978140	-1.807959	0.079869	0.141125	0.163988	0.05033337939530611	2.6337448559670777e-05	0.14112462103366852
34440	-2.527969	-1.977730	-1.806403	0.079821	0.141191	0.164244	0.05029698722064495	3.9506172839506166e-05	0.1411902755498886
34560	-2.529552	-1.977196	-1.804688	0.079695	0.141279	0.164526	0.050245076417922974	3.9506172839506166e-05	0.1412789225578308
34680	-2.530876	-1.976896	-1.803904	0.079589	0.141335	0.164655	0.050217924639582634	3.9506172839506166e-05	0.1413346529006958
34800	-2.532509	-1.976576	-1.802765	0.079459	0.141396	0.164842	0.05019302535802126	2.6337448559670777e-05	0.14139491319656372
34920	-2.534527	-1.976413	-1.801841	0.079299	0.141436	0.164995	0.05018369220197201	3.9506172839506166e-05	0.14143408834934235
35040	-2.536572	-1.976057	-1.801916	0.079137	0.141504	0.164983	0.05014513935893774	3.9506172839506166e-05	0.14150363206863403
35160	-2.538696	-1.975488	-1.801662	0.078969	0.141606	0.165024	0.05009656380861997	3.9506172839506166e-05	0.14160461723804474
35280	-2.540611	-1.975382	-1.800222	0.078818	0.141635	0.165262	0.05008059684187174	1.7558299039780518e-05	0.14163453876972198
35400	-2.543541	-1.975232	-1.799042	0.078588	0.141681	0.165457	0.05006676409393549	2.6337448559670777e-05	0.14168089628219604
35520	-2.545386	-1.974883	-1.798349	0.078443	0.141746	0.165572	0.050041175447404385	3.9506172839506166e-05	0.14174538850784302
35640	-2.545618	-1.974533	-1.798605	0.078425	0.141803	0.165530	0.05000719912350178	3.9506172839506166e-05	0.14180225133895874
35760	-2.546841	-1.974359	-1.797464	0.078329	0.141830	0.165719	0.04999524373561144	2.6337448559670777e-05	0.14182932674884796
35880	-2.549108	-1.974214	-1.795984	0.078151	0.141867	0.165964	0.04997420199215412	1.7558299039780518e-05	0.1418667584657669
36000	-2.552064	-1.974202	-1.795564	0.077921	0.141889	0.166034	0.04997158143669367	3.9506172839506166e-05	0.141889289021492
36120	-2.553848	-1.973930	-1.794689	0.077782	0.141943	0.166179	0.04995628762990236	3.9506172839506166e-05	0.1419423222541809
36240	-2.556573	-1.973676	-1.793192	0.077570	0.141996	0.166428	0.04993117079138756	2.6337448559670777e-05	0.14199505746364594
36360	-2.558428	-1.973476	-1.793137	0.077426	0.142037	0.166437	0.049911617673933505	3.9506172839506166e-05	0.14203619956970215
36480	-2.559991	-1.973226	-1.793262	0.077305	0.142084	0.166416	0.049888568371534346	3.9506172839506166e-05	0.1420833021402359
36600	-2.561468	-1.972952	-1.792066	0.077191	0.142145	0.166616	0.049865377694368364	3.9506172839506166e-05	0.14214389026165009
36720	-2.563472	-1.972858	-1.789171	0.077037	0.142184	0.167099	0.04985723327845335	3.9506172839506166e-05	0.14218252897262573
36840	-2.565262	-1.972546	-1.787762	0.076899	0.142242	0.167334	0.049826829321682455	3.9506172839506166e-05	0.14224155247211456
36960	-2.567714	-1.972217	-1.787928	0.076711	0.142306	0.167307	0.04979902636259794	1.7558299039780518e-05	0.1423058807849884
37080	-2.568872	-1.971799	-1.786466	0.076622	0.142380	0.167551	0.049759591743350026	2.6337448559670777e-05	0.142379492521286
37200	-2.570661	-1.971518	-1.786039	0.076485	0.142429	0.167623	0.04973370153456926	2.6337448559670777e-05	0.1424291878938675
37320	-2.571802	-1.971273	-1.785276	0.076398	0.142479	0.167751	0.049709966965019704	3.9506172839506166e-05	0.14247897267341614
37440	-2.574181	-1.970735	-1.784679	0.076216	0.142581	0.167851	0.0496663648635149	2.6337448559670777e-05	0.14258019626140594
37560	-2.575981	-1.970573	-1.784657	0.076079	0.142618	0.167855	0.049646911956369874	2.6337448559670777e-05	0.14261849224567413
37680	-2.577111	-1.970439	-1.785029	0.075993	0.142656	0.167792	0.04963778052479029	3.9506172839506166e-05	0.1426551342010498
37800	-2.578480	-1.970351	-1.784626	0.075889	0.142692	0.167860	0.04962318725883961	3.9506172839506166e-05	0.1426926851272583
37920	-2.580302	-1.970613	-1.785247	0.075751	0.142670	0.167756	0.04964475892484188	2.6337448559670777e-05	0.14267092943191528
38040	-2.581043	-1.969973	-1.784497	0.075695	0.142775	0.167882	0.049599184468388555	5.925925925925925e-05	0.14277422428131104
38160	-2.583023	-1.969615	-1.783414	0.075545	0.142843	0.168063	0.04956578817218542	3.9506172839506166e-05	0.14284217357635498
38280	-2.584430	-1.969144	-1.782752	0.075439	0.142924	0.168175	0.04952251948416233	2.6337448559670777e-05	0.14292334020137787
38400	-2.585427	-1.968761	-1.782700	0.075364	0.142994	0.168183	0.049486955255270006	3.9506172839506166e-05	0.14299380779266357
38520	-2.586106	-1.968372	-1.781543	0.075313	0.143065	0.168378	0.04945763498544693	2.6337448559670777e-05	0.14306357502937317
38640	-2.586405	-1.968006	-1.780863	0.075290	0.143135	0.168493	0.04942246675491333	2.6337448559670777e-05	0.14313364028930664
38760	-2.588906	-1.967699	-1.779876	0.075102	0.143205	0.168659	0.049390566907823084	2.6337448559670777e-05	0.1432047039270401
38880	-2.591190	-1.967661	-1.778969	0.074931	0.143237	0.168812	0.04938396774232388	3.9506172839506166e-05	0.1432364583015442
39000	-2.592406	-1.967175	-1.778199	0.074840	0.143322	0.168942	0.04934581853449345	2.6337448559670777e-05	0.14332100749015808
39120	-2.593568	-1.967381	-1.777341	0.074753	0.143312	0.169087	0.04935403428971767	3.9506172839506166e-05	0.14331252872943878
39240	-2.595578	-1.967150	-1.776765	0.074603	0.143365	0.169185	0.04934563860297203	3.9506172839506166e-05	0.14336349070072174
39360	-2.596568	-1.966724	-1.776107	0.074529	0.143442	0.169296	0.04930470995604992	3.9506172839506166e-05	0.14344193041324615
39480	-2.597090	-1.966537	-1.774891	0.074490	0.143490	0.169502	0.04928695615381003	2.6337448559670777e-05	0.14348971843719482
39600	-2.598036	-1.966329	-1.773721	0.074420	0.143536	0.169700	0.049268615804612635	3.9506172839506166e-05	0.1435350477695465
39720	-2.598617	-1.966375	-1.773252	0.074376	0.143541	0.169780	0.049271071515977385	3.9506172839506166e-05	0.1435401886701584
39840	-2.600008	-1.965914	-1.772226	0.074273	0.143623	0.169954	0.04923279900103807	2.6337448559670777e-05	0.14362215995788574
39960	-2.602142	-1.965530	-1.772778	0.074115	0.143691	0.169861	0.04919591210782528	3.9506172839506166e-05	0.14369025826454163
40080	-2.604859	-1.965270	-1.771986	0.073914	0.143754	0.169995	0.04917189404368401	2.6337448559670777e-05	0.1437533050775528
40200	-2.607942	-1.965329	-1.772445	0.073686	0.143769	0.169917	0.049176021665334704	2.6337448559670777e-05	0.14376918971538544
40320	-2.610031	-1.964859	-1.772320	0.073532	0.143853	0.169938	0.04913819022476673	3.9506172839506166e-05	0.1438526213169098
40440	-2.611277	-1.964298	-1.772444	0.073441	0.143948	0.169917	0.04908622223883867	3.9506172839506166e-05	0.14394719898700714
40560	-2.612143	-1.964006	-1.771693	0.073377	0.144002	0.170045	0.049056578800082205	3.9506172839506166e-05	0.14400175213813782
40680	-2.613197	-1.963768	-1.772046	0.073300	0.144048	0.169985	0.0490405360236764	3.9506172839506166e-05	0.14404645562171936
40800	-2.616289	-1.963598	-1.771552	0.073074	0.144098	0.170069	0.049023202434182164	2.6337448559670777e-05	0.14409716427326202
40920	-2.619127	-1.963630	-1.770452	0.072866	0.144116	0.170256	0.04901388362050056	3.9506172839506166e-05	0.14411741495132446
41040	-2.621000	-1.963478	-1.769877	0.072730	0.144163	0.170354	0.049014230631291865	3.9506172839506166e-05	0.14416256546974182
41160	-2.623556	-1.963161	-1.770546	0.072544	0.144223	0.170240	0.048984885774552824	3.9506172839506166e-05	0.144221693277359
41280	-2.625492	-1.962691	-1.769868	0.072404	0.144319	0.170356	0.04894286971539259	3.9506172839506166e-05	0.14431780576705933
41400	-2.628079	-1.962730	-1.770544	0.072217	0.144338	0.170240	0.04894267860800028	2.6337448559670777e-05	0.14433756470680237
41520	-2.629885	-1.962620	-1.769810	0.072087	0.144377	0.170365	0.04893123973160982	1.7558299039780518e-05	0.1443774253129959
41640	-2.632132	-1.962338	-1.769680	0.071925	0.144431	0.170387	0.048911120370030405	3.9506172839506166e-05	0.14443033933639526
41760	-2.633141	-1.961990	-1.769720	0.071852	0.144494	0.170381	0.04887924212962389	2.6337448559670777e-05	0.14449307322502136
41880	-2.634411	-1.961773	-1.770221	0.071761	0.144548	0.170295	0.04885858315974474	2.6337448559670777e-05	0.14454737305641174
42000	-2.634903	-1.961542	-1.770824	0.071726	0.144599	0.170193	0.04883572682738304	2.6337448559670777e-05	0.1445990800857544
42120	-2.637295	-1.961551	-1.772749	0.071555	0.144620	0.169865	0.04883451648056507	2.6337448559670777e-05	0.14461921155452728
42240	-2.639037	-1.961457	-1.771927	0.071430	0.144648	0.170005	0.048823549412190914	3.9506172839506166e-05	0.14464792609214783
42360	-2.641461	-1.961256	-1.771216	0.071257	0.144703	0.170126	0.048807895928621295	2.6337448559670777e-05	0.14470340311527252
42480	-2.642490	-1.961092	-1.772208	0.071184	0.144749	0.169957	0.04879407063126564	3.9506172839506166e-05	0.14474883675575256
42600	-2.644906	-1.960744	-1.772225	0.071012	0.144822	0.169954	0.04876628238707781	3.9506172839506166e-05	0.14482127130031586
42720	-2.646206	-1.960719	-1.770879	0.070920	0.144849	0.170183	0.04876466952264309	5.925925925925925e-05	0.14484824240207672
42840	-2.648549	-1.960750	-1.770764	0.070754	0.144868	0.170203	0.048763167858123777	2.6337448559670777e-05	0.14486804604530334
42960	-2.651698	-1.960722	-1.769390	0.070531	0.144900	0.170437	0.048763101920485497	2.6337448559670777e-05	0.14489999413490295
43080	-2.652441	-1.960490	-1.770016	0.070479	0.144953	0.170330	0.048743024468421936	1.7558299039780518e-05	0.14495214819908142
43200	-2.653199	-1.960375	-1.769295	0.070426	0.144983	0.170453	0.04873104728758335	2.6337448559670777e-05	0.14498259127140045
43320	-2.655869	-1.960408	-1.768139	0.070238	0.145003	0.170650	0.04873159509152174	1.7558299039780518e-05	0.14500346779823303
43440	-2.656765	-1.959748	-1.766760	0.070175	0.145115	0.170886	0.04868045821785927	2.6337448559670777e-05	0.14511382579803467
43560	-2.657217	-1.959447	-1.766857	0.070143	0.145172	0.170869	0.048654604330658914	2.6337448559670777e-05	0.14517062902450562
43680	-2.659104	-1.958983	-1.766506	0.070011	0.145252	0.170929	0.048611199483275414	3.9506172839506166e-05	0.14525020122528076
43800	-2.660910	-1.958828	-1.765358	0.069885	0.145304	0.171126	0.0485911326482892	2.6337448559670777e-05	0.14530342817306519
43920	-2.662050	-1.958758	-1.765842	0.069805	0.145326	0.171043	0.04858464654535055	2.6337448559670777e-05	0.1453256607055664
44040	-2.664243	-1.958479	-1.765610	0.069652	0.145380	0.171082	0.048561970703303814	2.6337448559670777e-05	0.14538004994392395
44160	-2.664909	-1.958616	-1.766409	0.069606	0.145373	0.170946	0.04857053365558386	3.9506172839506166e-05	0.14537326991558075
44280	-2.664693	-1.958357	-1.764974	0.069621	0.145429	0.171191	0.04854743052273989	3.9506172839506166e-05	0.1454290896654129
44400	-2.665949	-1.958522	-1.764404	0.069533	0.145428	0.171289	0.048557925038039684	3.9506172839506166e-05	0.14542877674102783
44520	-2.668087	-1.958396	-1.763655	0.069385	0.145471	0.171417	0.048552604578435424	3.9506172839506166e-05	0.1454707235097885
44640	-2.670650	-1.958393	-1.764171	0.069207	0.145493	0.171329	0.0485452339053154	3.9506172839506166e-05	0.1454940289258957
44760	-2.672562	-1.958441	-1.764213	0.069075	0.145504	0.171321	0.04855935592204332	3.9506172839506166e-05	0.14550350606441498
44880	-2.674825	-1.958218	-1.762312	0.068919	0.145558	0.171648	0.04853703677654266	3.9506172839506166e-05	0.14555740356445312
45000	-2.676797	-1.958226	-1.762787	0.068783	0.145570	0.171566	0.048538343608379365	3.9506172839506166e-05	0.14556866884231567
45120	-2.678435	-1.957654	-1.761598	0.068671	0.145685	0.171770	0.04848428200930357	2.6337448559670777e-05	0.1456848680973053
45240	-2.680866	-1.957555	-1.760627	0.068504	0.145720	0.171937	0.04847905021160841	3.9506172839506166e-05	0.1457194834947586
45360	-2.682611	-1.957549	-1.760158	0.068384	0.145740	0.172018	0.0484725197777152	2.6337448559670777e-05	0.1457396149635315
45480	-2.683916	-1.957286	-1.760445	0.068295	0.145788	0.171968	0.048458203300833703	3.9506172839506166e-05	0.14578701555728912
45600	-2.684798	-1.956764	-1.759520	0.068235	0.145880	0.172127	0.04840323068201542	3.9506172839506166e-05	0.14588038623332977
45720	-2.686105	-1.956519	-1.759138	0.068146	0.145938	0.172193	0.048383443616330624	2.6337448559670777e-05	0.1459379941225052
45840	-2.688328	-1.956441	-1.758191	0.067995	0.145970	0.172356	0.0483761053532362	2.6337448559670777e-05	0.14596955478191376
45960	-2.688770	-1.956089	-1.757936	0.067965	0.146042	0.172400	0.04834792837500572	2.6337448559670777e-05	0.14604167640209198
46080	-2.689504	-1.955646	-1.758107	0.067915	0.146120	0.172371	0.04830370005220175	2.6337448559670777e-05	0.14612002670764923
46200	-2.690662	-1.955240	-1.758313	0.067836	0.146192	0.172335	0.048268491961061956	3.9506172839506166e-05	0.1461920589208603
46320	-2.691285	-1.954838	-1.757764	0.067794	0.146263	0.172430	0.04823339525610208	3.9506172839506166e-05	0.1462620049715042
46440	-2.693007	-1.954582	-1.756792	0.067677	0.146319	0.172598	0.04821013547480106	3.9506172839506166e-05	0.1463191658258438
46560	-2.694259	-1.954439	-1.755723	0.067592	0.146365	0.172782	0.048196641728281975	3.9506172839506166e-05	0.14636416733264923
46680	-2.696359	-1.954463	-1.755753	0.067451	0.146381	0.172777	0.04819501843303442	2.6337448559670777e-05	0.14638090133666992
46800	-2.698250	-1.954842	-1.757247	0.067323	0.146345	0.172519	0.04823031220585108	5.925925925925925e-05	0.14634454250335693
46920	-2.699959	-1.954762	-1.756947	0.067208	0.146361	0.172571	0.048222968354821205	3.9506172839506166e-05	0.14636079967021942
47040	-2.701011	-1.954388	-1.754974	0.067138	0.146439	0.172912	0.04819669611752033	3.9506172839506166e-05	0.1464383900165558
47160	-2.701557	-1.954198	-1.754112	0.067101	0.146485	0.173061	0.04817594457417727	3.9506172839506166e-05	0.1464841365814209
47280	-2.703633	-1.954139	-1.753866	0.066962	0.146516	0.173103	0.048170889355242254	3.9506172839506166e-05	0.14651501178741455
47400	-2.705193	-1.954160	-1.753672	0.066857	0.146535	0.173137	0.04817077461630106	3.9506172839506166e-05	0.1465340554714203
47520	-2.706249	-1.953854	-1.752489	0.066787	0.146603	0.173342	0.0481436712667346	3.9506172839506166e-05	0.14660228788852692
47640	-2.707512	-1.953620	-1.752905	0.066703	0.146663	0.173270	0.04812546856701374	1.7558299039780518e-05	0.14666219055652618
47760	-2.708153	-1.953160	-1.752010	0.066660	0.146752	0.173425	0.048083674535155295	1.7558299039780518e-05	0.1467514932155609
47880	-2.709354	-1.952961	-1.751397	0.066580	0.146802	0.173531	0.04805520009249449	3.9506172839506166e-05	0.1468033641576767
48000	-2.710102	-1.952511	-1.749755	0.066530	0.146881	0.173817	0.04802487976849079	2.6337448559670777e-05	0.146881103515625
48120	-2.711665	-1.952290	-1.749696	0.066426	0.146936	0.173827	0.0480037147179246	2.6337448559670777e-05	0.14693531394004822
48240	-2.712363	-1.952149	-1.748560	0.066380	0.146983	0.174024	0.047990962490439416	1.7558299039780518e-05	0.14698244631290436
48360	-2.714019	-1.952199	-1.748451	0.066270	0.147002	0.174043	0.04799203537404537	1.7558299039780518e-05	0.14700213074684143
48480	-2.715483	-1.952115	-1.747403	0.066173	0.147037	0.174226	0.04798790570348501	2.6337448559670777e-05	0.14703591167926788
48600	-2.717287	-1.951856	-1.746725	0.066054	0.147096	0.174344	0.04796949923038483	3.9506172839506166e-05	0.14709430932998657
48720	-2.718132	-1.951348	-1.745662	0.065998	0.147191	0.174529	0.04791834335774183	3.9506172839506166e-05	0.14719071984291077
48840	-2.720020	-1.951109	-1.745151	0.065873	0.147251	0.174619	0.04789829831570387	1.7558299039780518e-05	0.14725029468536377
48960	-2.723362	-1.951149	-1.743888	0.065654	0.147278	0.174839	0.04789962340146303	3.9506172839506166e-05	0.14727742969989777
49080	-2.724462	-1.951119	-1.742288	0.065581	0.147299	0.175119	0.047897112742066386	3.9506172839506166e-05	0.14729882776737213
49200	-2.726638	-1.951006	-1.741489	0.065439	0.147352	0.175259	0.04788942597806454	1.7558299039780518e-05	0.14735166728496552
49320	-2.728129	-1.950788	-1.739389	0.065341	0.147410	0.175628	0.04786655139178038	2.6337448559670777e-05	0.147409588098526
49440	-2.729654	-1.950539	-1.737146	0.065242	0.147476	0.176022	0.04784303046762943	3.9506172839506166e-05	0.14747603237628937
49560	-2.731599	-1.950524	-1.737354	0.065115	0.147504	0.175985	0.0478423111140728	3.9506172839506166e-05	0.14750421047210693
49680	-2.734289	-1.950885	-1.737598	0.064940	0.147460	0.175942	0.04787313658744097	2.6337448559670777e-05	0.1474601924419403
49800	-2.734870	-1.950972	-1.738788	0.064902	0.147454	0.175733	0.04788469932973385	3.9506172839506166e-05	0.14745362102985382
49920	-2.735117	-1.950883	-1.737204	0.064886	0.147484	0.176012	0.04787872284650803	3.9506172839506166e-05	0.1474834531545639
50040	-2.735380	-1.950698	-1.737020	0.064869	0.147526	0.176044	0.047857974842190745	3.9506172839506166e-05	0.14752621948719025
50160	-2.736680	-1.950669	-1.737538	0.064785	0.147549	0.175953	0.04785479363054037	3.9506172839506166e-05	0.1475485861301422
50280	-2.737527	-1.950093	-1.736691	0.064730	0.147644	0.176102	0.04780739173293114	2.6337448559670777e-05	0.14764375984668732
50400	-2.739134	-1.950266	-1.735506	0.064626	0.147644	0.176311	0.04781419392675161	2.6337448559670777e-05	0.14764449000358582
50520	-2.741632	-1.950251	-1.735731	0.064465	0.147665	0.176271	0.04782071243971586	2.6337448559670777e-05	0.14766424894332886
50640	-2.743273	-1.949989	-1.735574	0.064359	0.147726	0.176299	0.04779510702937841	3.9506172839506166e-05	0.14772561192512512
50760	-2.745372	-1.949819	-1.735264	0.064224	0.147777	0.176354	0.047775034047663215	3.9506172839506166e-05	0.1477774679660797
50880	-2.746756	-1.950076	-1.735669	0.064136	0.147758	0.176282	0.04779998678714037	1.7558299039780518e-05	0.14775772392749786
51000	-2.748029	-1.949885	-1.735247	0.064054	0.147801	0.176357	0.047785885632038116	2.6337448559670777e-05	0.1478009819984436
51120	-2.749264	-1.949905	-1.734693	0.063975	0.147823	0.176454	0.04778992850333452	3.9506172839506166e-05	0.14782200753688812
51240	-2.750107	-1.949358	-1.733318	0.063921	0.147920	0.176697	0.047742641717195514	3.9506172839506166e-05	0.14791914820671082
51360	-2.751636	-1.949021	-1.732762	0.063823	0.147993	0.176796	0.04770928807556629	3.9506172839506166e-05	0.14799295365810394
51480	-2.753188	-1.948732	-1.731431	0.063724	0.148070	0.177031	0.047685550339519975	3.9506172839506166e-05	0.14806883037090302
51600	-2.754370	-1.948641	-1.730224	0.063649	0.148101	0.177245	0.047669391892850396	3.9506172839506166e-05	0.14810119569301605
51720	-2.757316	-1.948367	-1.730901	0.063462	0.148172	0.177125	0.047648610174655916	3.9506172839506166e-05	0.14817170798778534
51840	-2.758995	-1.948648	-1.732529	0.063355	0.148159	0.176837	0.04767813291400671	3.9506172839506166e-05	0.1481579840183258
51960	-2.759690	-1.948226	-1.731648	0.063311	0.148237	0.176992	0.04763435106724501	3.9506172839506166e-05	0.14823712408542633
52080	-2.759917	-1.948135	-1.731637	0.063297	0.148262	0.176994	0.04763151910156012	3.9506172839506166e-05	0.14826110005378723
52200	-2.760364	-1.947861	-1.732069	0.063269	0.148318	0.176918	0.04760755151510239	3.9506172839506166e-05	0.1483173370361328
52320	-2.761436	-1.947490	-1.732011	0.063201	0.148390	0.176928	0.04757210314273834	2.6337448559670777e-05	0.14838933944702148
52440	-2.762476	-1.947359	-1.731087	0.063135	0.148429	0.177092	0.047558636590838435	2.6337448559670777e-05	0.14842930436134338
52560	-2.762295	-1.947093	-1.731638	0.063147	0.148482	0.176994	0.0475359708070755	2.6337448559670777e-05	0.14848147332668304
52680	-2.763974	-1.947100	-1.731481	0.063041	0.148504	0.177022	0.04753704518079758	3.9506172839506166e-05	0.14850303530693054
52800	-2.765338	-1.946549	-1.730021	0.062955	0.148619	0.177281	0.047490091249346736	2.6337448559670777e-05	0.14861786365509033
52920	-2.765293	-1.946364	-1.729807	0.062958	0.148655	0.177319	0.04747201055288315	3.9506172839506166e-05	0.14865443110466003
53040	-2.765040	-1.945857	-1.727636	0.062974	0.148738	0.177704	0.047427153773605825	3.9506172839506166e-05	0.14873667061328888
53160	-2.765759	-1.945677	-1.727520	0.062928	0.148781	0.177725	0.04740678686648607	3.9506172839506166e-05	0.1487809717655182
53280	-2.766627	-1.945409	-1.726234	0.062874	0.148847	0.177953	0.04738366361707449	2.6337448559670777e-05	0.1488463431596756
53400	-2.766809	-1.944920	-1.724758	0.062862	0.148928	0.178216	0.04734327588230371	1.7558299039780518e-05	0.14892737567424774
53520	-2.768305	-1.944947	-1.724362	0.062768	0.148944	0.178287	0.04734020307660103	2.6337448559670777e-05	0.1489434391260147
53640	-2.770047	-1.944507	-1.723091	0.062659	0.149033	0.178513	0.04730863068252802	2.6337448559670777e-05	0.14903214573860168
53760	-2.772036	-1.944474	-1.721956	0.062535	0.149063	0.178716	0.04729677177965641	3.9506172839506166e-05	0.14906249940395355
53880	-2.772662	-1.944301	-1.721686	0.062495	0.149113	0.178765	0.04728512205183506	3.9506172839506166e-05	0.14911238849163055
54000	-2.773089	-1.944371	-1.721552	0.062469	0.149116	0.178788	0.047291364334523675	3.9506172839506166e-05	0.14911596477031708
54120	-2.774542	-1.944213	-1.720586	0.062378	0.149166	0.178961	0.047274391539394854	3.9506172839506166e-05	0.14916564524173737
54240	-2.776534	-1.943980	-1.719318	0.062254	0.149224	0.179188	0.04725418295711279	3.9506172839506166e-05	0.14922329783439636
54360	-2.778279	-1.943692	-1.719048	0.062145	0.149291	0.179237	0.047229893319308755	2.6337448559670777e-05	0.14929063618183136
54480	-2.780364	-1.943531	-1.719299	0.062016	0.149335	0.179192	0.04721572641283274	3.9506172839506166e-05	0.14933402836322784
54600	-2.780968	-1.943366	-1.718530	0.061978	0.149375	0.179330	0.04720115642994642	3.9506172839506166e-05	0.14937390387058258
54720	-2.782427	-1.943194	-1.718254	0.061888	0.149426	0.179379	0.04718278255313635	3.9506172839506166e-05	0.14942626655101776
54840	-2.782669	-1.943026	-1.716969	0.061873	0.149468	0.179610	0.04716830588877201	3.9506172839506166e-05	0.14946815371513367
54960	-2.783157	-1.942875	-1.717692	0.061843	0.149510	0.179480	0.047155574150383475	3.9506172839506166e-05	0.1495094895362854
55080	-2.784120	-1.942641	-1.716970	0.061783	0.149557	0.179610	0.0471337778493762	3.9506172839506166e-05	0.14955690503120422
55200	-2.786167	-1.942215	-1.716442	0.061657	0.149658	0.179704	0.04710225220769644	2.6337448559670777e-05	0.14965733885765076
55320	-2.786453	-1.941816	-1.715225	0.061639	0.149739	0.179923	0.04706365223973989	3.9506172839506166e-05	0.1497381031513214
55440	-2.788995	-1.941274	-1.713664	0.061483	0.149855	0.180204	0.047018297016620636	3.9506172839506166e-05	0.14985328912734985
55560	-2.790314	-1.941043	-1.713360	0.061402	0.149907	0.180259	0.04698843602091074	3.9506172839506166e-05	0.14990727603435516
55680	-2.790939	-1.940693	-1.712183	0.061364	0.149987	0.180471	0.04696101080626249	2.6337448559670777e-05	0.14998666942119598
55800	-2.790419	-1.940356	-1.711483	0.061395	0.150054	0.180598	0.04693321119993925	3.9506172839506166e-05	0.15005351603031158
55920	-2.792817	-1.940023	-1.711114	0.061248	0.150127	0.180664	0.04690174330025911	1.7558299039780518e-05	0.1501264125108719
56040	-2.795130	-1.939779	-1.709787	0.061107	0.150187	0.180904	0.046883198991417886	3.9506172839506166e-05	0.15018542110919952
56160	-2.796017	-1.939306	-1.709218	0.061053	0.150291	0.181007	0.046833414025604723	3.9506172839506166e-05	0.15029078722000122
56280	-2.797125	-1.939395	-1.709541	0.060985	0.150301	0.180949	0.04684037808328867	2.6337448559670777e-05	0.15030087530612946
56400	-2.798569	-1.938927	-1.708762	0.060897	0.150396	0.181090	0.046803423948585984	1.7558299039780518e-05	0.1503952294588089
56520	-2.799166	-1.938970	-1.707639	0.060861	0.150399	0.181293	0.04680643416941166	2.6337448559670777e-05	0.15039828419685364
56640	-2.800840	-1.938734	-1.706223	0.060759	0.150453	0.181550	0.04678113479167223	3.9506172839506166e-05	0.15045250952243805
56760	-2.802191	-1.938548	-1.705079	0.060677	0.150507	0.181758	0.04676465503871441	3.9506172839506166e-05	0.15050698816776276
56880	-2.803195	-1.938334	-1.702812	0.060616	0.150567	0.182171	0.046744815446436404	3.9506172839506166e-05	0.150566965341568
57000	-2.803408	-1.937886	-1.702545	0.060603	0.150649	0.182219	0.04670833516865969	3.9506172839506166e-05	0.1506485641002655
57120	-2.804351	-1.937762	-1.702279	0.060546	0.150692	0.182268	0.04669524170458317	3.9506172839506166e-05	0.15069162845611572
57240	-2.805011	-1.937696	-1.701964	0.060506	0.150719	0.182325	0.04669125769287348	2.6337448559670777e-05	0.15071842074394226
57360	-2.806076	-1.937450	-1.700108	0.060442	0.150779	0.182664	0.046668936312198636	2.6337448559670777e-05	0.1507783830165863
57480	-2.806975	-1.937262	-1.699828	0.060387	0.150834	0.182715	0.04664636179804802	2.6337448559670777e-05	0.1508333384990692
57600	-2.808905	-1.937037	-1.698922	0.060271	0.150892	0.182881	0.04663262590765953	3.9506172839506166e-05	0.1508912891149521
57720	-2.809674	-1.936882	-1.698723	0.060225	0.150933	0.182917	0.04661507848650217	3.9506172839506166e-05	0.1509326696395874
57840	-2.811239	-1.936907	-1.698400	0.060130	0.150958	0.182976	0.04661333505064249	3.9506172839506166e-05	0.15095897018909454
57960	-2.812083	-1.936653	-1.698539	0.060080	0.151023	0.182951	0.04659438803792	3.9506172839506166e-05	0.15102294087409973
58080	-2.813661	-1.936714	-1.696393	0.059985	0.151041	0.183344	0.046601800806820394	1.7558299039780518e-05	0.15104061365127563
58200	-2.814329	-1.936573	-1.696395	0.059945	0.151073	0.183343	0.046588327176868914	3.9506172839506166e-05	0.1510726511478424
58320	-2.814995	-1.936243	-1.695568	0.059905	0.151146	0.183495	0.04656413402408362	2.6337448559670777e-05	0.15114551782608032
58440	-2.817053	-1.935988	-1.695835	0.059782	0.151207	0.183446	0.04653492048382759	3.9506172839506166e-05	0.15120664238929749
58560	-2.819098	-1.935898	-1.695840	0.059660	0.151246	0.183445	0.046531586349010466	3.9506172839506166e-05	0.1512443721294403
58680	-2.818801	-1.935363	-1.695698	0.059677	0.151339	0.183471	0.04647860582917929	2.6337448559670777e-05	0.15133880078792572
58800	-2.820163	-1.935111	-1.695364	0.059596	0.151398	0.183532	0.04645984545350075	2.6337448559670777e-05	0.15139664709568024
58920	-2.821749	-1.934924	-1.694153	0.059502	0.151446	0.183755	0.046445431746542455	2.6337448559670777e-05	0.15144512057304382
59040	-2.823388	-1.934670	-1.693154	0.059404	0.151509	0.183939	0.046416387893259525	3.9506172839506166e-05	0.15150919556617737
59160	-2.824538	-1.934469	-1.692963	0.059336	0.151560	0.183974	0.046398524567484854	3.9506172839506166e-05	0.1515597403049469
59280	-2.827020	-1.934324	-1.693492	0.059189	0.151619	0.183876	0.04638580698519945	3.9506172839506166e-05	0.1516185849905014
59400	-2.828025	-1.934257	-1.691977	0.059129	0.151655	0.184155	0.046378104202449325	2.6337448559670777e-05	0.15165436267852783
59520	-2.829312	-1.934098	-1.692438	0.059053	0.151692	0.184070	0.04636381193995476	3.9506172839506166e-05	0.15169213712215424
59640	-2.830127	-1.934029	-1.692391	0.059005	0.151715	0.184079	0.0463612986728549	2.6337448559670777e-05	0.15171383321285248
59760	-2.831083	-1.933710	-1.692063	0.058949	0.151781	0.184139	0.04633146617561579	2.6337448559670777e-05	0.15178044140338898
59880	-2.832448	-1.933656	-1.691622	0.058869	0.151819	0.184220	0.046329065784811975	3.9506172839506166e-05	0.15181829035282135
60000	-2.833237	-1.933640	-1.691006	0.058822	0.151845	0.184334	0.04632607027888298	3.9506172839506166e-05	0.15184424817562103
60120	-2.834849	-1.933302	-1.690978	0.058727	0.151920	0.184339	0.046296779066324234	3.9506172839506166e-05	0.15191856026649475
60240	-2.835245	-1.933016	-1.690251	0.058704	0.151982	0.184473	0.04626995734870434	3.9506172839506166e-05	0.15198184549808502
60360	-2.837142	-1.932974	-1.690483	0.058593	0.152012	0.184430	0.04626451004296541	3.9506172839506166e-05	0.15201108157634735
60480	-2.837825	-1.932608	-1.689111	0.058553	0.152088	0.184684	0.04623256232589483	3.9506172839506166e-05	0.15208718180656433
60600	-2.838297	-1.932411	-1.688967	0.058525	0.152145	0.184710	0.0462153784930706	3.9506172839506166e-05	0.15214402973651886
60720	-2.839336	-1.932362	-1.688827	0.058464	0.152174	0.184736	0.046208519116044046	1.7558299039780518e-05	0.15217354893684387
60840	-2.841996	-1.932262	-1.687639	0.058309	0.152219	0.184956	0.046204553358256815	2.6337448559670777e-05	0.15221749246120453
60960	-2.843257	-1.931931	-1.685897	0.058236	0.152299	0.185278	0.046176365204155446	3.9506172839506166e-05	0.15229785442352295
61080	-2.844325	-1.931732	-1.685377	0.058174	0.152364	0.185374	0.04615104664117098	1.7558299039780518e-05	0.15236346423625946
61200	-2.845848	-1.931589	-1.685526	0.058085	0.152406	0.185347	0.0461394252255559	3.9506172839506166e-05	0.15240538120269775
61320	-2.847235	-1.931611	-1.685266	0.058004	0.152422	0.185395	0.04614232275635004	1.7558299039780518e-05	0.15242145955562592
61440	-2.847624	-1.931072	-1.684475	0.057982	0.152523	0.185542	0.04609289672225714	2.6337448559670777e-05	0.15252237021923065
61560	-2.848356	-1.930912	-1.684466	0.057940	0.152549	0.185544	0.04607888609170914	2.6337448559670777e-05	0.15254852175712585
61680	-2.850231	-1.930790	-1.684122	0.057831	0.152579	0.185607	0.04606867823749781	2.6337448559670777e-05	0.1525789052248001
61800	-2.851311	-1.930560	-1.683842	0.057769	0.152629	0.185659	0.04604723863303661	2.6337448559670777e-05	0.15262891352176666
61920	-2.851397	-1.930197	-1.684221	0.057764	0.152710	0.185589	0.04601811282336712	2.6337448559670777e-05	0.15270879864692688
62040	-2.852010	-1.929854	-1.683651	0.057728	0.152778	0.185695	0.045988023094832894	2.6337448559670777e-05	0.15277674794197083
62160	-2.853045	-1.929327	-1.682022	0.057668	0.152868	0.185998	0.04593992587178945	3.9506172839506166e-05	0.15286731719970703
62280	-2.853414	-1.928846	-1.680409	0.057647	0.152971	0.186298	0.045897493697702886	1.7558299039780518e-05	0.1529698520898819
62400	-2.854232	-1.928567	-1.679459	0.057600	0.153040	0.186475	0.045865047723054886	3.9506172839506166e-05	0.1530398428440094
62520	-2.855798	-1.928671	-1.678172	0.057510	0.153053	0.186715	0.04587003830820322	3.9506172839506166e-05	0.15305353701114655
62640	-2.855682	-1.928344	-1.677953	0.057517	0.153130	0.186756	0.045852741412818435	1.7558299039780518e-05	0.15312965214252472
62760	-2.856931	-1.928132	-1.677614	0.057445	0.153185	0.186819	0.04583395887166262	1.7558299039780518e-05	0.15318380296230316
62880	-2.857647	-1.927703	-1.676929	0.057404	0.153265	0.186947	0.04579137917608023	2.6337448559670777e-05	0.15326441824436188
63000	-2.857243	-1.927333	-1.676177	0.057427	0.153335	0.187088	0.04575650207698345	2.6337448559670777e-05	0.1533346325159073
63120	-2.856951	-1.927232	-1.676142	0.057444	0.153363	0.187094	0.04575126469135284	3.9506172839506166e-05	0.15336209535598755
63240	-2.857578	-1.926974	-1.676125	0.057408	0.153413	0.187098	0.045724871754646304	2.6337448559670777e-05	0.1534128040075302
63360	-2.858899	-1.926368	-1.674281	0.057332	0.153522	0.187443	0.04567632172256708	1.7558299039780518e-05	0.15352120995521545
63480	-2.859481	-1.926077	-1.673175	0.057298	0.153582	0.187650	0.04564413633197546	2.6337448559670777e-05	0.1535816341638565
63600	-2.860262	-1.925978	-1.672398	0.057254	0.153613	0.187796	0.045637043192982674	2.6337448559670777e-05	0.153612419962883
63720	-2.860017	-1.925883	-1.671759	0.057268	0.153644	0.187916	0.04562702365219593	2.6337448559670777e-05	0.15364386141300201
63840	-2.860271	-1.925759	-1.671857	0.057253	0.153688	0.187898	0.045616432838141915	3.9506172839506166e-05	0.15368786454200745
63960	-2.860755	-1.925490	-1.671171	0.057226	0.153749	0.188027	0.045593213848769666	2.6337448559670777e-05	0.15374870598316193
64080	-2.861586	-1.924903	-1.670062	0.057178	0.153854	0.188235	0.04554131235927343	1.7558299039780518e-05	0.15385320782661438
64200	-2.862920	-1.924536	-1.670350	0.057102	0.153933	0.188181	0.045508548803627494	3.9506172839506166e-05	0.1539313644170761
64320	-2.863646	-1.924066	-1.669070	0.057060	0.154035	0.188422	0.04545993991196155	1.7558299039780518e-05	0.15403544902801514
64440	-2.864367	-1.923937	-1.667698	0.057019	0.154077	0.188681	0.04544802810996771	3.9506172839506166e-05	0.1540767252445221
64560	-2.864651	-1.923672	-1.666705	0.057003	0.154142	0.188868	0.04542831405997276	3.9506172839506166e-05	0.15414179861545563
64680	-2.863642	-1.923349	-1.664983	0.057061	0.154206	0.189194	0.045399155095219614	3.9506172839506166e-05	0.1542055308818817
64800	-2.863775	-1.923119	-1.664096	0.057053	0.154261	0.189362	0.04537930376827717	2.6337448559670777e-05	0.1542605608701706
64920	-2.865426	-1.923011	-1.665006	0.056959	0.154287	0.189190	0.04536525532603264	3.9506172839506166e-05	0.15428748726844788
65040	-2.866275	-1.922843	-1.665463	0.056911	0.154327	0.189103	0.0453558586537838	1.7558299039780518e-05	0.15432673692703247
65160	-2.868057	-1.922594	-1.664302	0.056809	0.154394	0.189323	0.04533068872988224	3.9506172839506166e-05	0.15439386665821075
65280	-2.869507	-1.922208	-1.663008	0.056727	0.154478	0.189568	0.04529678728431463	1.7558299039780518e-05	0.15447793900966644
65400	-2.870835	-1.922102	-1.662212	0.056652	0.154521	0.189719	0.04529277551919222	2.6337448559670777e-05	0.15451985597610474
65520	-2.871626	-1.921256	-1.661004	0.056607	0.154671	0.189948	0.04521657805889845	2.6337448559670777e-05	0.15467019379138947
65640	-2.873266	-1.921129	-1.659495	0.056514	0.154706	0.190235	0.04520531315356493	3.9506172839506166e-05	0.15470454096794128
65760	-2.873861	-1.920882	-1.659327	0.056480	0.154761	0.190267	0.04517699740827084	2.6337448559670777e-05	0.1547604352235794
65880	-2.873437	-1.920496	-1.658298	0.056504	0.154829	0.190463	0.04514397978782654	3.9506172839506166e-05	0.1548282355070114
66000	-2.873180	-1.920277	-1.658429	0.056519	0.154871	0.190438	0.04512158837169409	2.6337448559670777e-05	0.15487033128738403
66120	-2.874307	-1.920007	-1.658035	0.056455	0.154938	0.190513	0.045095314271748066	2.6337448559670777e-05	0.15493763983249664
66240	-2.875775	-1.920421	-1.658265	0.056372	0.154892	0.190469	0.045128016732633114	3.9506172839506166e-05	0.15489314496517181
66360	-2.875978	-1.920064	-1.656738	0.056361	0.154958	0.190760	0.04511102940887213	1.7558299039780518e-05	0.15495635569095612
66480	-2.876202	-1.919457	-1.655541	0.056348	0.155065	0.190989	0.04505134988576174	3.9506172839506166e-05	0.15506406128406525
66600	-2.876976	-1.919302	-1.654425	0.056305	0.155121	0.191202	0.0450354564934969	3.9506172839506166e-05	0.1551198959350586
66720	-2.878283	-1.919224	-1.652931	0.056231	0.155145	0.191488	0.04502507969737053	2.6337448559670777e-05	0.155145063996315
66840	-2.879337	-1.918962	-1.651662	0.056172	0.155198	0.191731	0.04500722046941519	2.6337448559670777e-05	0.1551963984966278
66960	-2.880606	-1.918779	-1.650366	0.056101	0.155248	0.191980	0.04498429242521525	3.9506172839506166e-05	0.15524795651435852
67080	-2.880616	-1.918555	-1.650330	0.056100	0.155306	0.191986	0.044973521307110784	3.9506172839506166e-05	0.15530383586883545
67200	-2.881813	-1.918607	-1.649851	0.056033	0.155329	0.192079	0.044978700950741766	2.6337448559670777e-05	0.15532739460468292
67320	-2.882858	-1.918355	-1.648522	0.055975	0.155390	0.192334	0.044945304095745084	3.9506172839506166e-05	0.1553901731967926
67440	-2.883586	-1.917934	-1.647048	0.055934	0.155481	0.192618	0.044912760704755784	3.9506172839506166e-05	0.1554805338382721
67560	-2.884288	-1.917506	-1.647026	0.055895	0.155566	0.192622	0.044875044375658035	2.6337448559670777e-05	0.155565544962883
67680	-2.884580	-1.917380	-1.645319	0.055878	0.155600	0.192951	0.04485967438668013	3.9506172839506166e-05	0.15559984743595123
67800	-2.885533	-1.917153	-1.645615	0.055825	0.155654	0.192894	0.044842536374926564	3.9506172839506166e-05	0.15565264225006104
67920	-2.886420	-1.916988	-1.645121	0.055776	0.155708	0.192989	0.044832483492791654	3.9506172839506166e-05	0.1557064950466156
68040	-2.887446	-1.916868	-1.645431	0.055718	0.155743	0.192929	0.04481744132936001	2.6337448559670777e-05	0.15574178099632263
68160	-2.887846	-1.916575	-1.643379	0.055696	0.155797	0.193326	0.044792347587645054	2.6337448559670777e-05	0.1557954102754593
68280	-2.888851	-1.916301	-1.642059	0.055640	0.155858	0.193581	0.04476435799151659	2.6337448559670777e-05	0.15585733950138092
68400	-2.890260	-1.916107	-1.641211	0.055562	0.155914	0.193745	0.04474953543394804	3.9506172839506166e-05	0.15591315925121307
68520	-2.892195	-1.915627	-1.640697	0.055454	0.156018	0.193845	0.04470356963574886	3.9506172839506166e-05	0.15601733326911926
68640	-2.892899	-1.915599	-1.639930	0.055415	0.156032	0.193994	0.04470210187137127	2.6337448559670777e-05	0.1560310572385788
68760	-2.893491	-1.915506	-1.640197	0.055383	0.156065	0.193942	0.04469412323087454	2.6337448559670777e-05	0.1560637652873993
68880	-2.894228	-1.915129	-1.639306	0.055342	0.156151	0.194115	0.044663510471582415	3.9506172839506166e-05	0.15615007281303406
69000	-2.894918	-1.914693	-1.639382	0.055304	0.156239	0.194100	0.044620105251669887	2.6337448559670777e-05	0.15623882412910461
69120	-2.895603	-1.914614	-1.639982	0.055266	0.156260	0.193984	0.04460876043885946	2.6337448559670777e-05	0.15626032650470734
69240	-2.895603	-1.914278	-1.640322	0.055266	0.156325	0.193918	0.044582373648881915	2.6337448559670777e-05	0.15632477402687073
69360	-2.895069	-1.914156	-1.639349	0.055295	0.156359	0.194106	0.044569045305252075	2.6337448559670777e-05	0.15635910630226135
69480	-2.894974	-1.914061	-1.638390	0.055300	0.156379	0.194293	0.04456178899854422	1.7558299039780518e-05	0.15637877583503723
69600	-2.893817	-1.913831	-1.637334	0.055364	0.156417	0.194498	0.04454387649893761	3.9506172839506166e-05	0.15641666948795319
69720	-2.893538	-1.913662	-1.636553	0.055380	0.156453	0.194650	0.04452729951590299	2.6337448559670777e-05	0.15645237267017365
69840	-2.893655	-1.913247	-1.635835	0.055373	0.156530	0.194790	0.0444913700222969	1.7558299039780518e-05	0.15652884542942047
69960	-2.893799	-1.912890	-1.635927	0.055365	0.156592	0.194772	0.04446087740361691	2.6337448559670777e-05	0.15659180283546448
70080	-2.894977	-1.912480	-1.634935	0.055300	0.156685	0.194965	0.04442056100815535	3.9506172839506166e-05	0.15668383240699768
70200	-2.894760	-1.912232	-1.633337	0.055312	0.156739	0.195277	0.044398884661495684	3.9506172839506166e-05	0.1567385494709015
70320	-2.894569	-1.911871	-1.634441	0.055323	0.156819	0.195061	0.04436734709888697	2.6337448559670777e-05	0.15681865811347961
70440	-2.896360	-1.911521	-1.632945	0.055224	0.156902	0.195353	0.04433237388730049	2.6337448559670777e-05	0.15690195560455322
70560	-2.896982	-1.911158	-1.631500	0.055190	0.156981	0.195636	0.04429922923445702	3.9506172839506166e-05	0.15698139369487762
70680	-2.898100	-1.910882	-1.630574	0.055128	0.157043	0.195817	0.044271216914057734	3.9506172839506166e-05	0.15704335272312164
70800	-2.898346	-1.910728	-1.629574	0.055114	0.157080	0.196013	0.04426456168293953	3.9506172839506166e-05	0.15707920491695404
70920	-2.900018	-1.910435	-1.628331	0.055022	0.157150	0.196257	0.04423815477639437	2.6337448559670777e-05	0.15714947879314423
71040	-2.900300	-1.910367	-1.627680	0.055007	0.157174	0.196385	0.04422999210655689	3.9506172839506166e-05	0.15717372298240662
71160	-2.900998	-1.909994	-1.626204	0.054968	0.157257	0.196675	0.044198126532137394	2.6337448559670777e-05	0.15725624561309814
71280	-2.901471	-1.909874	-1.625989	0.054942	0.157295	0.196717	0.04418529868125916	2.6337448559670777e-05	0.15729430317878723
71400	-2.902788	-1.909461	-1.624491	0.054870	0.157379	0.197012	0.04414826352149248	3.9506172839506166e-05	0.15737874805927277
71520	-2.904565	-1.909099	-1.623439	0.054773	0.157459	0.197219	0.04411467723548412	3.9506172839506166e-05	0.15745918452739716
71640	-2.904883	-1.908713	-1.622697	0.054755	0.157524	0.197366	0.04408385921269655	2.6337448559670777e-05	0.157523050904274
71760	-2.904908	-1.908519	-1.621556	0.054754	0.157573	0.197591	0.04406331609934568	3.9506172839506166e-05	0.15757235884666443
71880	-2.904987	-1.908027	-1.620896	0.054750	0.157669	0.197722	0.044026410579681395	1.7558299039780518e-05	0.15766799449920654
72000	-2.905675	-1.907890	-1.620908	0.054712	0.157716	0.197719	0.04400778692215681	3.9506172839506166e-05	0.1577156037092209
72120	-2.906540	-1.907739	-1.619795	0.054665	0.157770	0.197939	0.04399322662502527	3.9506172839506166e-05	0.1577695906162262
72240	-2.905743	-1.907514	-1.620528	0.054708	0.157809	0.197794	0.04397604297846556	3.9506172839506166e-05	0.15780772268772125
72360	-2.906275	-1.907166	-1.618946	0.054679	0.157885	0.198107	0.04393885713070631	2.6337448559670777e-05	0.1578850895166397
72480	-2.905669	-1.906900	-1.618239	0.054712	0.157938	0.198247	0.04391723219305277	2.6337448559670777e-05	0.15793754160404205
72600	-2.905977	-1.906540	-1.617097	0.054695	0.158004	0.198474	0.04388209842145443	3.9506172839506166e-05	0.15800431370735168
72720	-2.905725	-1.906194	-1.617165	0.054709	0.158070	0.198461	0.04385133180767298	3.9506172839506166e-05	0.15807019174098969
72840	-2.905118	-1.905988	-1.616874	0.054742	0.158111	0.198518	0.043833810836076736	3.9506172839506166e-05	0.1581113636493683
72960	-2.907150	-1.905848	-1.615809	0.054631	0.158158	0.198730	0.04382361583411694	3.9506172839506166e-05	0.1581575721502304
73080	-2.907467	-1.905585	-1.615580	0.054614	0.158215	0.198775	0.04379735253751278	2.6337448559670777e-05	0.15821482241153717
73200	-2.906656	-1.905336	-1.615574	0.054658	0.158260	0.198777	0.043777556344866755	1.7558299039780518e-05	0.15826016664505005
73320	-2.907005	-1.905115	-1.615518	0.054639	0.158308	0.198788	0.04375807493925095	3.9506172839506166e-05	0.15830737352371216
73440	-2.907733	-1.905084	-1.614390	0.054599	0.158327	0.199012	0.04375022053718567	3.9506172839506166e-05	0.15832720696926117
73560	-2.907794	-1.904605	-1.614022	0.054596	0.158415	0.199085	0.04371443949639797	1.1705532693187011e-05	0.15841414034366608
73680	-2.908114	-1.904148	-1.613789	0.054579	0.158500	0.199132	0.04367502760142088	2.6337448559670777e-05	0.15849894285202026
73800	-2.908957	-1.904021	-1.612475	0.054533	0.158551	0.199393	0.043655073083937165	3.9506172839506166e-05	0.1585516482591629
73920	-2.907967	-1.903960	-1.612151	0.054587	0.158568	0.199458	0.04365625381469727	3.9506172839506166e-05	0.15856744349002838
74040	-2.909118	-1.903558	-1.611686	0.054524	0.158649	0.199551	0.04361434653401375	2.6337448559670777e-05	0.15864937007427216
74160	-2.908443	-1.903378	-1.612142	0.054561	0.158682	0.199460	0.043603748083114624	2.6337448559670777e-05	0.15868151187896729
74280	-2.909320	-1.903018	-1.611272	0.054513	0.158766	0.199633	0.043570875003933904	3.9506172839506166e-05	0.15876485407352448
74400	-2.909711	-1.902849	-1.610790	0.054491	0.158808	0.199730	0.043552640452981	2.6337448559670777e-05	0.15880781412124634
74520	-2.911055	-1.902534	-1.609776	0.054418	0.158876	0.199932	0.043526859767735	2.6337448559670777e-05	0.15887592732906342
74640	-2.910805	-1.902411	-1.609414	0.054432	0.158916	0.200005	0.04351792186498642	2.6337448559670777e-05	0.15891459584236145
74760	-2.911949	-1.901982	-1.608443	0.054370	0.159000	0.200199	0.043480200320482255	2.6337448559670777e-05	0.15899932384490967
74880	-2.911747	-1.901776	-1.608590	0.054381	0.159045	0.200170	0.04345591515302658	2.6337448559670777e-05	0.15904462337493896
75000	-2.912060	-1.901128	-1.607810	0.054364	0.159161	0.200326	0.04340208116918802	1.7558299039780518e-05	0.15916042029857635
75120	-2.912085	-1.900911	-1.606456	0.054362	0.159214	0.200597	0.04338224716484547	1.7558299039780518e-05	0.15921373665332794
75240	-2.911854	-1.900548	-1.605470	0.054375	0.159277	0.200795	0.043346928991377355	1.7558299039780518e-05	0.1592761129140854
75360	-2.911888	-1.900102	-1.604879	0.054373	0.159355	0.200914	0.04330887794494629	2.6337448559670777e-05	0.15935389697551727
75480	-2.911636	-1.899984	-1.604716	0.054387	0.159375	0.200947	0.043295517563819885	2.6337448559670777e-05	0.15937508642673492
75600	-2.911281	-1.899668	-1.604418	0.054406	0.159430	0.201007	0.0432726975530386	3.9506172839506166e-05	0.15942904353141785
75720	-2.911214	-1.899199	-1.603444	0.054410	0.159510	0.201202	0.04322899356484413	2.6337448559670777e-05	0.1595090925693512
75840	-2.911112	-1.898827	-1.603180	0.054415	0.159565	0.201256	0.043193343095481396	2.6337448559670777e-05	0.15956419706344604
75960	-2.911269	-1.898249	-1.601976	0.054407	0.159683	0.201498	0.04314358569681644	3.9506172839506166e-05	0.15968215465545654
76080	-2.910926	-1.897753	-1.602000	0.054425	0.159763	0.201493	0.04309656266123056	3.9506172839506166e-05	0.15976190567016602
76200	-2.910823	-1.897099	-1.601590	0.054431	0.159873	0.201576	0.04304280448704958	3.9506172839506166e-05	0.1598718911409378
76320	-2.910534	-1.896585	-1.600791	0.054447	0.159967	0.201737	0.042989885434508324	2.6337448559670777e-05	0.15996673703193665
76440	-2.910413	-1.896107	-1.600875	0.054453	0.160046	0.201720	0.042952803522348405	2.6337448559670777e-05	0.16004417836666107
76560	-2.909584	-1.895646	-1.600566	0.054498	0.160119	0.201782	0.042906483821570876	2.6337448559670777e-05	0.16011856496334076
76680	-2.909711	-1.895117	-1.600433	0.054491	0.160205	0.201809	0.04286302626132965	2.6337448559670777e-05	0.16020382940769196
76800	-2.909686	-1.894276	-1.600164	0.054493	0.160346	0.201863	0.04278772193938494	2.6337448559670777e-05	0.16034474968910217
76920	-2.909525	-1.893934	-1.601010	0.054502	0.160400	0.201693	0.04275375716388226	2.6337448559670777e-05	0.16039954125881195
77040	-2.910392	-1.893559	-1.600058	0.054454	0.160471	0.201885	0.042717475816607474	3.9506172839506166e-05	0.16047145426273346
77160	-2.910192	-1.892917	-1.599439	0.054465	0.160576	0.202010	0.042665814608335496	3.9506172839506166e-05	0.16057541966438293
77280	-2.910052	-1.892561	-1.598811	0.054473	0.160637	0.202137	0.04262819476425648	2.6337448559670777e-05	0.16063717007637024
77400	-2.909468	-1.891789	-1.597753	0.054505	0.160756	0.202351	0.04256285559386015	2.6337448559670777e-05	0.16075459122657776
77520	-2.908387	-1.891330	-1.597615	0.054564	0.160839	0.202379	0.042521093226969245	3.9506172839506166e-05	0.16083770990371704
77640	-2.908573	-1.890564	-1.596605	0.054554	0.160973	0.202583	0.042455023340880874	3.9506172839506166e-05	0.1609712690114975
77760	-2.909207	-1.889926	-1.596394	0.054519	0.161087	0.202626	0.042395255900919436	3.9506172839506166e-05	0.1610855907201767
77880	-2.907324	-1.889025	-1.594334	0.054622	0.161223	0.203044	0.0423160107806325	3.9506172839506166e-05	0.16122248768806458
78000	-2.906518	-1.888679	-1.594806	0.054666	0.161277	0.202948	0.042276812717318535	1.7558299039780518e-05	0.16127729415893555
78120	-2.906175	-1.888440	-1.595052	0.054684	0.161313	0.202898	0.042258181050419806	1.7558299039780518e-05	0.16131284832954407
78240	-2.905759	-1.887673	-1.594942	0.054707	0.161444	0.202920	0.04219680055975914	2.6337448559670777e-05	0.16144201159477234
78360	-2.905703	-1.887299	-1.595463	0.054710	0.161501	0.202815	0.04215770959854126	2.6337448559670777e-05	0.16150015592575073
78480	-2.905514	-1.886764	-1.595728	0.054721	0.161589	0.202761	0.04210955277085304	2.6337448559670777e-05	0.16158755123615265
78600	-2.905671	-1.886291	-1.594574	0.054712	0.161680	0.202995	0.042067873291671276	2.6337448559670777e-05	0.16167905926704407
78720	-2.904712	-1.885948	-1.594330	0.054765	0.161734	0.203045	0.04203638881444931	2.6337448559670777e-05	0.1617334485054016
78840	-2.904227	-1.885715	-1.593580	0.054791	0.161775	0.203197	0.04201024137437344	2.6337448559670777e-05	0.16177472472190857
78960	-2.904164	-1.885528	-1.593121	0.054795	0.161816	0.203290	0.04199372660368681	2.6337448559670777e-05	0.16181586682796478
79080	-2.903726	-1.885237	-1.592792	0.054819	0.161863	0.203357	0.04197092205286026	2.6337448559670777e-05	0.16186191141605377
79200	-2.904296	-1.885073	-1.592221	0.054787	0.161895	0.203473	0.04195275381207466	2.6337448559670777e-05	0.1618952453136444
79320	-2.904316	-1.884996	-1.591843	0.054786	0.161909	0.203550	0.04194530379027128	2.6337448559670777e-05	0.16190865635871887
79440	-2.904405	-1.884880	-1.591778	0.054781	0.161928	0.203563	0.04193695653229952	1.7558299039780518e-05	0.16192759573459625
79560	-2.904579	-1.884506	-1.591029	0.054772	0.162000	0.203716	0.04190719947218895	2.6337448559670777e-05	0.16199891269207
79680	-2.904335	-1.884297	-1.590557	0.054785	0.162037	0.203812	0.04188432097434998	1.7558299039780518e-05	0.16203609108924866
79800	-2.904207	-1.883976	-1.590394	0.054792	0.162096	0.203845	0.04185730628669262	2.6337448559670777e-05	0.16209526360034943
79920	-2.904271	-1.883751	-1.589857	0.054789	0.162134	0.203955	0.041833552345633504	1.7558299039780518e-05	0.162134051322937
80040	-2.903677	-1.883585	-1.589758	0.054821	0.162161	0.203975	0.041822617687284944	2.6337448559670777e-05	0.1621602177619934
80160	-2.903856	-1.883235	-1.589213	0.054811	0.162226	0.204086	0.04178759325295687	2.6337448559670777e-05	0.16222608089447021
80280	-2.903217	-1.883070	-1.589165	0.054846	0.162256	0.204096	0.041777081601321694	2.6337448559670777e-05	0.16225531697273254
80400	-2.903152	-1.882796	-1.588463	0.054850	0.162301	0.204239	0.041749417409300806	2.6337448559670777e-05	0.16230036318302155
80520	-2.903487	-1.882802	-1.587717	0.054832	0.162305	0.204392	0.04174890145659447	2.6337448559670777e-05	0.16230450570583344
80640	-2.903063	-1.882799	-1.588017	0.054855	0.162297	0.204330	0.041749287582933906	2.6337448559670777e-05	0.16229672729969025
80760	-2.903182	-1.882572	-1.587531	0.054848	0.162333	0.204430	0.041730189323425294	2.6337448559670777e-05	0.16233232617378235
80880	-2.904327	-1.882480	-1.586283	0.054786	0.162358	0.204685	0.04172483589500189	2.6337448559670777e-05	0.16235654056072235
81000	-2.904496	-1.882193	-1.585581	0.054776	0.162404	0.204829	0.04169558621942997	2.6337448559670777e-05	0.16240409016609192
81120	-2.904394	-1.881864	-1.584332	0.054782	0.162454	0.205085	0.04167094100266695	2.6337448559670777e-05	0.1624530553817749
81240	-2.904191	-1.881840	-1.584301	0.054793	0.162459	0.205091	0.041659585759043695	2.6337448559670777e-05	0.1624593734741211
81360	-2.904599	-1.881654	-1.584103	0.054771	0.162504	0.205132	0.04164553564041853	1.7558299039780518e-05	0.16250373423099518
81480	-2.906037	-1.881759	-1.584520	0.054692	0.162493	0.205046	0.04165175873786211	2.6337448559670777e-05	0.16249367594718933
81600	-2.905962	-1.881602	-1.584417	0.054696	0.162526	0.205067	0.04163956977427006	2.6337448559670777e-05	0.16252584755420685
81720	-2.906545	-1.881367	-1.583861	0.054664	0.162567	0.205181	0.04162040054798126	1.7558299039780518e-05	0.1625663936138153
81840	-2.905950	-1.880941	-1.583236	0.054697	0.162632	0.205310	0.04158368334174156	2.6337448559670777e-05	0.1626313477754593
81960	-2.906604	-1.880572	-1.582219	0.054661	0.162699	0.205519	0.041550805978477004	2.6337448559670777e-05	0.16269809007644653
82080	-2.906337	-1.880406	-1.581475	0.054676	0.162730	0.205671	0.04153388999402523	2.6337448559670777e-05	0.16272936761379242
82200	-2.907021	-1.880180	-1.580386	0.054638	0.162782	0.205896	0.04151243884116411	1.7558299039780518e-05	0.16278168559074402
82320	-2.907127	-1.880000	-1.580161	0.054632	0.162818	0.205942	0.04149960521608591	1.7558299039780518e-05	0.16281753778457642
82440	-2.906842	-1.879687	-1.579305	0.054648	0.162873	0.206118	0.041468930803239344	2.6337448559670777e-05	0.16287285089492798
82560	-2.906136	-1.879452	-1.579131	0.054687	0.162915	0.206154	0.04144581854343414	2.6337448559670777e-05	0.1629149168729782
82680	-2.906060	-1.879486	-1.579774	0.054691	0.162910	0.206022	0.04145184364169836	1.7558299039780518e-05	0.16290931403636932
82800	-2.905166	-1.879281	-1.579742	0.054740	0.162939	0.206028	0.041436543129384516	3.9506172839506166e-05	0.16293847560882568
82920	-2.905068	-1.879180	-1.579384	0.054745	0.162970	0.206102	0.04142022468149662	2.6337448559670777e-05	0.1629699319601059
83040	-2.904883	-1.878785	-1.578991	0.054755	0.163043	0.206183	0.0413919523358345	2.6337448559670777e-05	0.1630423665046692
83160	-2.905873	-1.878405	-1.578642	0.054701	0.163123	0.206255	0.04135571364313364	2.6337448559670777e-05	0.16312175989151
83280	-2.904911	-1.878046	-1.578185	0.054754	0.163177	0.206349	0.04132384862750769	2.6337448559670777e-05	0.1631765216588974
83400	-2.905557	-1.878174	-1.577569	0.054718	0.163164	0.206476	0.041330136358737946	2.6337448559670777e-05	0.16316460072994232
83520	-2.905777	-1.878084	-1.577018	0.054706	0.163188	0.206590	0.04132549855858088	2.6337448559670777e-05	0.16318729519844055
83640	-2.906249	-1.878013	-1.576741	0.054680	0.163206	0.206648	0.041318247094750404	2.6337448559670777e-05	0.1632058322429657
83760	-2.906345	-1.877792	-1.576672	0.054675	0.163261	0.206662	0.041300419718027115	2.6337448559670777e-05	0.16325999796390533
83880	-2.906249	-1.877573	-1.576260	0.054680	0.163298	0.206747	0.04127910938113928	2.6337448559670777e-05	0.16329719126224518
84000	-2.906415	-1.877330	-1.577133	0.054671	0.163349	0.206567	0.04125759545713663	2.6337448559670777e-05	0.16334886848926544
84120	-2.906723	-1.877275	-1.576232	0.054655	0.163373	0.206753	0.0412517536431551	2.6337448559670777e-05	0.1633727103471756
84240	-2.906220	-1.877246	-1.576788	0.054682	0.163369	0.206638	0.041249835304915904	2.6337448559670777e-05	0.16336853802204132
84360	-2.907319	-1.877195	-1.576424	0.054622	0.163384	0.206713	0.0412409707903862	2.6337448559670777e-05	0.16338478028774261
84480	-2.908852	-1.877239	-1.575979	0.054538	0.163382	0.206805	0.041246219724416736	2.6337448559670777e-05	0.16338194906711578
84600	-2.909011	-1.877018	-1.575029	0.054530	0.163432	0.207002	0.04122889004647732	1.7558299039780518e-05	0.1634320765733719
84720	-2.908431	-1.876703	-1.574568	0.054561	0.163484	0.207097	0.04120360445231199	2.6337448559670777e-05	0.16348306834697723
84840	-2.908438	-1.876456	-1.574806	0.054561	0.163527	0.207048	0.04117691125720739	2.6337448559670777e-05	0.16352711617946625
84960	-2.908972	-1.876351	-1.574868	0.054532	0.163556	0.207035	0.041171979159116745	3.9506172839506166e-05	0.16355428099632263
85080	-2.909416	-1.876156	-1.574169	0.054508	0.163605	0.207180	0.041151716746389864	2.6337448559670777e-05	0.1636037826538086
85200	-2.908993	-1.875987	-1.573314	0.054531	0.163638	0.207357	0.041134252399206164	2.6337448559670777e-05	0.16363759338855743
85320	-2.909155	-1.876035	-1.573081	0.054522	0.163633	0.207405	0.04114010576158762	2.6337448559670777e-05	0.1636325716972351
85440	-2.909543	-1.875881	-1.572569	0.054501	0.163671	0.207511	0.04112985115498304	2.6337448559670777e-05	0.16366998851299286
85560	-2.909770	-1.875526	-1.571693	0.054488	0.163734	0.207693	0.041094017401337626	2.6337448559670777e-05	0.16373422741889954
85680	-2.909395	-1.875214	-1.571501	0.054509	0.163786	0.207733	0.04106539785861969	2.6337448559670777e-05	0.1637861579656601
85800	-2.910101	-1.875178	-1.570869	0.054470	0.163806	0.207864	0.04106607344001532	2.6337448559670777e-05	0.163804829120636
85920	-2.909182	-1.874857	-1.571714	0.054520	0.163860	0.207689	0.04103467855602503	2.6337448559670777e-05	0.1638597995042801
86040	-2.909042	-1.874756	-1.570821	0.054528	0.163891	0.207875	0.04102465007454157	2.6337448559670777e-05	0.16389094293117523
86160	-2.908365	-1.874460	-1.570300	0.054565	0.163946	0.207983	0.04099924881011248	2.6337448559670777e-05	0.16394555568695068
86280	-2.908360	-1.874172	-1.570784	0.054565	0.164003	0.207882	0.040972391702234746	2.6337448559670777e-05	0.1640024483203888
86400	-2.908437	-1.874211	-1.569545	0.054561	0.164002	0.208140	0.04097269419580698	2.6337448559670777e-05	0.164001926779747
86520	-2.909348	-1.873958	-1.569291	0.054511	0.164060	0.208193	0.04095352981239557	1.7558299039780518e-05	0.1640598177909851
86640	-2.908521	-1.873708	-1.568886	0.054556	0.164114	0.208277	0.04092942215502262	2.6337448559670777e-05	0.1641141176223755
86760	-2.908870	-1.873367	-1.567764	0.054537	0.164180	0.208511	0.04090527091175318	2.6337448559670777e-05	0.16417863965034485
86880	-2.907781	-1.873211	-1.567048	0.054597	0.164206	0.208660	0.04088822640478611	2.6337448559670777e-05	0.16420547664165497
87000	-2.906811	-1.872955	-1.566988	0.054650	0.164241	0.208673	0.04086411818861961	1.7558299039780518e-05	0.164240762591362
87120	-2.906293	-1.872617	-1.567658	0.054678	0.164298	0.208533	0.04083402156829834	2.6337448559670777e-05	0.16429729759693146
87240	-2.906097	-1.872378	-1.567143	0.054689	0.164353	0.208640	0.040814146399497986	2.6337448559670777e-05	0.16435222327709198
87360	-2.906727	-1.872506	-1.566697	0.054654	0.164340	0.208733	0.04082027859985828	2.6337448559670777e-05	0.16434012353420258
87480	-2.906267	-1.872175	-1.566193	0.054679	0.164393	0.208839	0.04079662468284369	2.6337448559670777e-05	0.16439199447631836
87600	-2.906492	-1.872102	-1.566108	0.054667	0.164408	0.208857	0.04078596271574497	2.6337448559670777e-05	0.16440828144550323
87720	-2.906390	-1.871845	-1.566348	0.054673	0.164451	0.208806	0.040769045054912564	3.9506172839506166e-05	0.16444997489452362
87840	-2.907762	-1.871736	-1.566280	0.054598	0.164473	0.208821	0.0407533748075366	2.6337448559670777e-05	0.1644730120897293
87960	-2.907638	-1.871201	-1.565888	0.054605	0.164565	0.208902	0.04070869702845812	3.9506172839506166e-05	0.16456443071365356
88080	-2.907153	-1.870960	-1.564696	0.054631	0.164612	0.209151	0.040684512816369534	2.6337448559670777e-05	0.1646110713481903
88200	-2.907220	-1.870494	-1.564511	0.054627	0.164696	0.209190	0.04064641017466784	2.6337448559670777e-05	0.16469566524028778
88320	-2.908582	-1.870611	-1.563856	0.054553	0.164690	0.209327	0.040648049861192706	2.6337448559670777e-05	0.16468973457813263
88440	-2.909298	-1.870297	-1.562918	0.054514	0.164758	0.209524	0.04062531739473343	2.6337448559670777e-05	0.1647573709487915
88560	-2.909586	-1.870095	-1.562622	0.054498	0.164799	0.209586	0.04060744438320398	3.9506172839506166e-05	0.16479794681072235
88680	-2.911274	-1.870000	-1.562113	0.054406	0.164843	0.209693	0.04059363044798374	3.9506172839506166e-05	0.16484330594539642
88800	-2.911163	-1.869676	-1.562127	0.054412	0.164907	0.209690	0.040570157766342166	2.6337448559670777e-05	0.16490593552589417
88920	-2.910765	-1.869405	-1.561836	0.054434	0.164953	0.209751	0.04054595641791821	2.6337448559670777e-05	0.16495245695114136
89040	-2.911233	-1.869198	-1.562509	0.054409	0.164989	0.209609	0.04052488412708044	2.6337448559670777e-05	0.1649886965751648
89160	-2.910077	-1.868859	-1.561327	0.054472	0.165042	0.209857	0.04049616251140833	2.6337448559670777e-05	0.16504190862178802
89280	-2.910716	-1.868717	-1.560488	0.054437	0.165080	0.210033	0.04047817178070545	2.6337448559670777e-05	0.1650799810886383
89400	-2.910656	-1.868509	-1.559711	0.054440	0.165133	0.210197	0.04046084452420473	2.6337448559670777e-05	0.1651333123445511
89520	-2.911904	-1.868296	-1.559197	0.054372	0.165185	0.210305	0.040445418655872346	2.6337448559670777e-05	0.1651841104030609
89640	-2.911798	-1.868284	-1.558393	0.054378	0.165198	0.210474	0.04044150002300739	2.6337448559670777e-05	0.16519790887832642
89760	-2.912409	-1.868086	-1.558399	0.054345	0.165251	0.210473	0.04042603634297848	2.6337448559670777e-05	0.16525088250637054
89880	-2.912281	-1.867935	-1.557583	0.054352	0.165292	0.210644	0.04041102547198534	2.6337448559670777e-05	0.1652911901473999
90000	-2.913218	-1.867715	-1.557452	0.054301	0.165349	0.210672	0.04039000570774078	2.6337448559670777e-05	0.165349543094635
90120	-2.913164	-1.867314	-1.555457	0.054304	0.165435	0.211093	0.040356450527906415	2.6337448559670777e-05	0.16543467342853546
90240	-2.912887	-1.867045	-1.555597	0.054319	0.165478	0.211063	0.04033639896661043	2.6337448559670777e-05	0.16547709703445435
90360	-2.912826	-1.866610	-1.555815	0.054322	0.165550	0.211017	0.040293282456696035	2.6337448559670777e-05	0.16554947197437286
90480	-2.913523	-1.866347	-1.554855	0.054284	0.165613	0.211220	0.04026616923511028	1.7558299039780518e-05	0.16561348736286163
90600	-2.913622	-1.866314	-1.554647	0.054279	0.165620	0.211264	0.04026516694575548	2.6337448559670777e-05	0.16561956703662872
90720	-2.913838	-1.866133	-1.554160	0.054267	0.165662	0.211367	0.04024862982332707	2.6337448559670777e-05	0.16566209495067596
90840	-2.913373	-1.865989	-1.553094	0.054292	0.165694	0.211592	0.04023836888372898	3.9506172839506166e-05	0.1656930297613144
90960	-2.913540	-1.865794	-1.552274	0.054283	0.165743	0.211766	0.04021994695067406	2.6337448559670777e-05	0.16574251651763916
91080	-2.913572	-1.865544	-1.551779	0.054281	0.165803	0.211871	0.040199176780879496	2.6337448559670777e-05	0.16580155491828918
91200	-2.913394	-1.865412	-1.551885	0.054291	0.165841	0.211848	0.04018186777830124	2.6337448559670777e-05	0.1658412516117096
91320	-2.913696	-1.865445	-1.552173	0.054275	0.165846	0.211787	0.040183629281818865	2.6337448559670777e-05	0.1658458560705185
91440	-2.913830	-1.865534	-1.552719	0.054267	0.165831	0.211672	0.04019583091139793	2.6337448559670777e-05	0.16582976281642914
91560	-2.914098	-1.865233	-1.552270	0.054253	0.165896	0.211767	0.04017171133309603	2.6337448559670777e-05	0.16589482128620148
91680	-2.913369	-1.865087	-1.552081	0.054293	0.165934	0.211807	0.04015406593680382	1.7558299039780518e-05	0.16593387722969055
91800	-2.913711	-1.865046	-1.551557	0.054274	0.165953	0.211918	0.040147492103278636	2.6337448559670777e-05	0.16595324873924255
91920	-2.914701	-1.865101	-1.553078	0.054220	0.165957	0.211596	0.040153497271239756	2.6337448559670777e-05	0.16595681011676788
92040	-2.915222	-1.864930	-1.553039	0.054192	0.165998	0.211604	0.040142587199807164	2.6337448559670777e-05	0.16599684953689575
92160	-2.915106	-1.864711	-1.553056	0.054198	0.166045	0.211600	0.040121030807495114	2.6337448559670777e-05	0.16604462265968323
92280	-2.915642	-1.864504	-1.553721	0.054169	0.166097	0.211460	0.04009817782789469	3.9506172839506166e-05	0.16609734296798706
92400	-2.916179	-1.864390	-1.553194	0.054140	0.166133	0.211571	0.04009421356022358	2.6337448559670777e-05	0.16613169014453888
92520	-2.916735	-1.864502	-1.553337	0.054110	0.166118	0.211541	0.04010093659162521	2.6337448559670777e-05	0.16611860692501068
92640	-2.916906	-1.864309	-1.553512	0.054101	0.166160	0.211504	0.04009088408201933	3.9506172839506166e-05	0.16615895926952362
92760	-2.916828	-1.864284	-1.553616	0.054105	0.166176	0.211482	0.04008030965924263	2.6337448559670777e-05	0.16617654263973236
92880	-2.915812	-1.864060	-1.552687	0.054160	0.166213	0.211679	0.04006334468722343	2.6337448559670777e-05	0.1662118136882782
93000	-2.915806	-1.863966	-1.552232	0.054160	0.166234	0.211775	0.04005500618368387	2.6337448559670777e-05	0.16623298823833466
93120	-2.915405	-1.863555	-1.551127	0.054182	0.166325	0.212009	0.040020393393933776	2.6337448559670777e-05	0.16632473468780518
93240	-2.914955	-1.863442	-1.549047	0.054206	0.166357	0.212450	0.04000606462359428	2.6337448559670777e-05	0.16635626554489136
93360	-2.915738	-1.863385	-1.547904	0.054164	0.166377	0.212693	0.04000127669423818	2.6337448559670777e-05	0.16637694835662842
93480	-2.916682	-1.863421	-1.546327	0.054113	0.166396	0.213029	0.040001879818737505	2.6337448559670777e-05	0.16639567911624908
93600	-2.915847	-1.863025	-1.545020	0.054158	0.166468	0.213308	0.039969078078866	2.6337448559670777e-05	0.1664675772190094
93720	-2.915127	-1.862770	-1.544244	0.054197	0.166516	0.213473	0.039944632723927495	2.6337448559670777e-05	0.16651630401611328
93840	-2.915768	-1.862813	-1.543272	0.054162	0.166521	0.213681	0.039947531186044216	2.6337448559670777e-05	0.16652068495750427
93960	-2.915873	-1.862545	-1.542197	0.054157	0.166588	0.213911	0.03992435541003943	2.6337448559670777e-05	0.16658742725849152
94080	-2.915951	-1.862432	-1.541194	0.054153	0.166624	0.214125	0.03991747833788395	2.6337448559670777e-05	0.16662314534187317
94200	-2.915851	-1.862202	-1.540505	0.054158	0.166673	0.214273	0.039894381910562514	2.6337448559670777e-05	0.16667315363883972
94320	-2.916261	-1.862071	-1.539847	0.054136	0.166708	0.214414	0.03987533561885357	2.6337448559670777e-05	0.1667090207338333
94440	-2.917089	-1.862162	-1.540176	0.054091	0.166707	0.214343	0.039889092557132244	2.6337448559670777e-05	0.16670723259449005
94560	-2.915771	-1.861819	-1.538678	0.054162	0.166777	0.214665	0.039861156791448596	2.6337448559670777e-05	0.16677729785442352
94680	-2.916033	-1.861697	-1.538612	0.054148	0.166807	0.214679	0.039849741756916045	2.6337448559670777e-05	0.1668061763048172
94800	-2.917273	-1.861392	-1.537456	0.054081	0.166883	0.214927	0.03982670996338129	2.6337448559670777e-05	0.16688233613967896
94920	-2.917308	-1.861356	-1.536616	0.054079	0.166900	0.215108	0.039816970750689504	3.9506172839506166e-05	0.16689994931221008
95040	-2.918140	-1.861283	-1.535576	0.054034	0.166927	0.215332	0.03981060031801462	3.9506172839506166e-05	0.166926771402359
95160	-2.918132	-1.861256	-1.535106	0.054035	0.166943	0.215433	0.039810835011303426	2.6337448559670777e-05	0.16694258153438568
95280	-2.917629	-1.861092	-1.535021	0.054062	0.166967	0.215451	0.03979465179145336	2.6337448559670777e-05	0.16696621477603912
95400	-2.917531	-1.860875	-1.534897	0.054067	0.167018	0.215478	0.039777960442006585	2.6337448559670777e-05	0.16701693832874298
95520	-2.916417	-1.860946	-1.533832	0.054127	0.167008	0.215707	0.03978017866611481	3.9506172839506166e-05	0.16700856387615204
95640	-2.916184	-1.860648	-1.532596	0.054140	0.167071	0.215974	0.03975313194096088	2.6337448559670777e-05	0.1670711189508438
95760	-2.915936	-1.860570	-1.532698	0.054153	0.167101	0.215952	0.039745516143739223	2.6337448559670777e-05	0.16710062325000763
95880	-2.915882	-1.860189	-1.531583	0.054156	0.167180	0.216193	0.03971922639757395	1.7558299039780518e-05	0.16717956960201263
96000	-2.915602	-1.859862	-1.530850	0.054171	0.167243	0.216352	0.0396852882578969	2.6337448559670777e-05	0.16724252700805664
96120	-2.915772	-1.859558	-1.529867	0.054162	0.167310	0.216565	0.03965695835649967	1.7558299039780518e-05	0.1673099547624588
96240	-2.915353	-1.859311	-1.529340	0.054185	0.167358	0.216679	0.03963252026587725	2.6337448559670777e-05	0.16735799610614777
96360	-2.915101	-1.859133	-1.527995	0.054199	0.167408	0.216970	0.03962096981704235	2.6337448559670777e-05	0.16740690171718597
96480	-2.915378	-1.859020	-1.527664	0.054184	0.167441	0.217042	0.03960598297417164	2.6337448559670777e-05	0.16744062304496765
96600	-2.915031	-1.859033	-1.527768	0.054202	0.167444	0.217020	0.03960864990949631	1.7558299039780518e-05	0.16744378209114075
96720	-2.914711	-1.858775	-1.527304	0.054220	0.167496	0.217120	0.03958906251937151	3.9506172839506166e-05	0.1674947738647461
96840	-2.914102	-1.858642	-1.526159	0.054253	0.167527	0.217369	0.039572070352733135	3.9506172839506166e-05	0.16752728819847107
96960	-2.914074	-1.858186	-1.524913	0.054254	0.167621	0.217640	0.03953632470220327	3.9506172839506166e-05	0.16762025654315948
97080	-2.913798	-1.857940	-1.524367	0.054269	0.167682	0.217759	0.03950866796076298	2.6337448559670777e-05	0.1676817685365677
97200	-2.914000	-1.857844	-1.524532	0.054258	0.167710	0.217723	0.03950419183820486	2.6337448559670777e-05	0.16770899295806885
97320	-2.913932	-1.857563	-1.523635	0.054262	0.167777	0.217918	0.03948215283453464	2.6337448559670777e-05	0.16777606308460236
97440	-2.912988	-1.857085	-1.522490	0.054313	0.167874	0.218168	0.03943070061504841	3.9506172839506166e-05	0.1678742915391922
97560	-2.912309	-1.856962	-1.521825	0.054350	0.167910	0.218313	0.03942404612898827	2.6337448559670777e-05	0.1679089516401291
97680	-2.911680	-1.856909	-1.521374	0.054384	0.167939	0.218412	0.039421181008219716	3.9506172839506166e-05	0.16793809831142426
97800	-2.911992	-1.856766	-1.520190	0.054367	0.167987	0.218670	0.03940752074122429	2.6337448559670777e-05	0.1679869294166565
97920	-2.912020	-1.856670	-1.518862	0.054366	0.168010	0.218961	0.03940137773752213	2.6337448559670777e-05	0.1680087149143219
98040	-2.911632	-1.856529	-1.518755	0.054387	0.168041	0.218984	0.03938594702631235	2.6337448559670777e-05	0.16804033517837524
98160	-2.911452	-1.856166	-1.518692	0.054397	0.168104	0.218998	0.039354936219751835	2.6337448559670777e-05	0.16810332238674164
98280	-2.911238	-1.856126	-1.518619	0.054408	0.168114	0.219014	0.03935301247984171	2.6337448559670777e-05	0.16811372339725494
98400	-2.911514	-1.856056	-1.518061	0.054393	0.168142	0.219136	0.0393415717408061	3.9506172839506166e-05	0.16814206540584564
98520	-2.910386	-1.855774	-1.517256	0.054455	0.168195	0.219313	0.03931783959269523	2.6337448559670777e-05	0.1681949645280838
98640	-2.910114	-1.855679	-1.517684	0.054470	0.168232	0.219219	0.039305872097611425	1.7558299039780518e-05	0.1682317703962326
98760	-2.910279	-1.855433	-1.516927	0.054461	0.168302	0.219385	0.039288850873708724	3.9506172839506166e-05	0.16830068826675415
98880	-2.909639	-1.855163	-1.516051	0.054495	0.168359	0.219577	0.039260285720229146	2.6337448559670777e-05	0.16835889220237732
99000	-2.908983	-1.855075	-1.515478	0.054531	0.168380	0.219703	0.039252478070557116	2.6337448559670777e-05	0.16837958991527557
99120	-2.909502	-1.855150	-1.515995	0.054503	0.168380	0.219590	0.039256526902318	2.6337448559670777e-05	0.1683809906244278
99240	-2.908465	-1.854640	-1.514661	0.054559	0.168472	0.219883	0.03921756763011217	2.6337448559670777e-05	0.1684717833995819
99360	-2.907795	-1.854641	-1.514839	0.054596	0.168481	0.219844	0.039215390011668204	2.6337448559670777e-05	0.16848036646842957
99480	-2.907216	-1.854509	-1.514919	0.054628	0.168514	0.219826	0.039203446544706824	2.6337448559670777e-05	0.16851316392421722
99600	-2.907486	-1.854414	-1.514952	0.054613	0.168542	0.219819	0.039192024245858194	2.6337448559670777e-05	0.16854234039783478
99720	-2.908953	-1.854375	-1.514009	0.054533	0.168576	0.220026	0.03918806370347738	2.6337448559670777e-05	0.16857631504535675
99840	-2.909224	-1.854192	-1.514091	0.054518	0.168618	0.220008	0.039179427362978456	2.6337448559670777e-05	0.1686168611049652
99960	-2.908511	-1.854143	-1.512878	0.054557	0.168632	0.220275	0.03917176239192486	2.6337448559670777e-05	0.16863150894641876
100080	-2.908002	-1.853920	-1.512337	0.054585	0.168684	0.220394	0.03914831429719925	2.6337448559670777e-05	0.16868340969085693
100200	-2.907976	-1.853934	-1.512101	0.054586	0.168699	0.220446	0.03914943151175976	2.6337448559670777e-05	0.16869869828224182
100320	-2.907930	-1.854246	-1.512672	0.054589	0.168646	0.220321	0.039179340563714506	3.9506172839506166e-05	0.16864557564258575
100440	-2.907753	-1.854105	-1.511974	0.054598	0.168690	0.220474	0.039167281799018384	2.6337448559670777e-05	0.16868889331817627
100560	-2.907684	-1.853748	-1.510537	0.054602	0.168774	0.220791	0.03913469668477774	2.6337448559670777e-05	0.1687740832567215
100680	-2.907202	-1.853610	-1.509593	0.054628	0.168810	0.221000	0.03912231400609016	2.6337448559670777e-05	0.16880933940410614
100800	-2.907568	-1.853637	-1.509867	0.054608	0.168820	0.220939	0.03912172075361013	2.6337448559670777e-05	0.16882050037384033
100920	-2.908333	-1.853822	-1.508923	0.054567	0.168807	0.221148	0.03913719076663256	2.6337448559670777e-05	0.1688070446252823
101040	-2.908190	-1.853596	-1.508188	0.054574	0.168866	0.221311	0.039122121408581734	2.6337448559670777e-05	0.16886520385742188
101160	-2.907851	-1.853640	-1.507332	0.054593	0.168875	0.221500	0.039121558889746666	2.6337448559670777e-05	0.16887512803077698
101280	-2.908057	-1.853548	-1.506920	0.054582	0.168902	0.221591	0.039114813692867755	2.6337448559670777e-05	0.1689014732837677
101400	-2.907272	-1.853416	-1.505988	0.054625	0.168942	0.221798	0.039103346131742	3.9506172839506166e-05	0.16894139349460602
101520	-2.907338	-1.853238	-1.505082	0.054621	0.168991	0.221999	0.03908724617213011	1.7558299039780518e-05	0.16899079084396362
101640	-2.906319	-1.852908	-1.504559	0.054677	0.169061	0.222115	0.03905757553875446	2.6337448559670777e-05	0.16906127333641052
101760	-2.906574	-1.852773	-1.503973	0.054663	0.169093	0.222245	0.039046254754066465	2.6337448559670777e-05	0.16909247636795044
101880	-2.907009	-1.852843	-1.503537	0.054639	0.169087	0.222342	0.03905387800186873	3.9506172839506166e-05	0.1690858155488968
102000	-2.907887	-1.852754	-1.503042	0.054591	0.169112	0.222453	0.03904472757130861	2.6337448559670777e-05	0.16911160945892334
102120	-2.908491	-1.852530	-1.501423	0.054558	0.169167	0.222813	0.03902569860219955	3.9506172839506166e-05	0.16916592419147491
102240	-2.908082	-1.852315	-1.500229	0.054580	0.169228	0.223079	0.0390035055577755	2.6337448559670777e-05	0.1692284345626831
102360	-2.908009	-1.852075	-1.498792	0.054584	0.169283	0.223400	0.03898709174245596	3.9506172839506166e-05	0.16928260028362274
102480	-2.907772	-1.851861	-1.498122	0.054597	0.169332	0.223550	0.038966997526586056	1.7558299039780518e-05	0.169331356883049
102600	-2.907923	-1.851775	-1.496475	0.054589	0.169368	0.223918	0.0389544878154993	2.6337448559670777e-05	0.16936804354190826
102720	-2.907597	-1.851489	-1.495058	0.054607	0.169426	0.224236	0.038927959464490416	2.6337448559670777e-05	0.1694263368844986
102840	-2.908505	-1.851391	-1.494783	0.054557	0.169459	0.224297	0.03892275672405958	2.6337448559670777e-05	0.16945870220661163
102960	-2.908383	-1.850936	-1.494092	0.054564	0.169561	0.224452	0.03888197485357523	2.6337448559670777e-05	0.16955986618995667
103080	-2.908227	-1.850990	-1.494124	0.054572	0.169561	0.224445	0.03888579700142145	1.7558299039780518e-05	0.1695602387189865
103200	-2.908554	-1.850906	-1.493389	0.054555	0.169596	0.224610	0.03887847848236561	1.7558299039780518e-05	0.1695958971977234
103320	-2.908944	-1.850650	-1.493998	0.054533	0.169657	0.224473	0.038856332935392854	3.9506172839506166e-05	0.16965657472610474
103440	-2.909634	-1.850366	-1.493252	0.054496	0.169733	0.224641	0.03883465398102999	2.6337448559670777e-05	0.16973192989826202
103560	-2.909736	-1.850270	-1.493694	0.054490	0.169752	0.224542	0.03881692718714476	2.6337448559670777e-05	0.16975289583206177
103680	-2.910071	-1.850320	-1.493881	0.054472	0.169759	0.224500	0.03882172554731369	2.6337448559670777e-05	0.16975994408130646
103800	-2.909928	-1.850439	-1.494104	0.054480	0.169759	0.224450	0.03883709330111742	2.6337448559670777e-05	0.16975824534893036
103920	-2.910021	-1.850436	-1.494280	0.054475	0.169778	0.224410	0.038836701214313506	2.6337448559670777e-05	0.16977745294570923
104040	-2.910077	-1.850226	-1.493419	0.054472	0.169831	0.224604	0.03881443180143833	2.6337448559670777e-05	0.16983123123645782
104160	-2.910821	-1.850141	-1.492764	0.054431	0.169871	0.224751	0.038809869438409805	3.9506172839506166e-05	0.16987009346485138
104280	-2.910226	-1.849931	-1.492291	0.054463	0.169923	0.224857	0.03879218269139528	2.6337448559670777e-05	0.16992202401161194
104400	-2.910133	-1.849724	-1.492803	0.054468	0.169978	0.224742	0.03877181112766266	3.9506172839506166e-05	0.16997767984867096
104520	-2.909252	-1.849618	-1.492185	0.054517	0.170004	0.224881	0.038764818012714385	2.6337448559670777e-05	0.17000322043895721
104640	-2.909113	-1.849441	-1.492021	0.054524	0.170061	0.224918	0.038746788538992404	2.6337448559670777e-05	0.1700608879327774
104760	-2.909511	-1.849321	-1.490837	0.054502	0.170096	0.225184	0.03873621448874474	2.6337448559670777e-05	0.1700955033302307
104880	-2.909308	-1.848902	-1.490463	0.054513	0.170178	0.225268	0.03869947642087936	2.6337448559670777e-05	0.17017762362957
105000	-2.909967	-1.848686	-1.489884	0.054478	0.170230	0.225399	0.03867788389325142	3.9506172839506166e-05	0.17022959887981415
105120	-2.909872	-1.848455	-1.489473	0.054483	0.170292	0.225491	0.03865769077092409	3.9506172839506166e-05	0.17029105126857758
105240	-2.910732	-1.848326	-1.489220	0.054436	0.170333	0.225549	0.03864721842110157	2.6337448559670777e-05	0.17033258080482483
105360	-2.911105	-1.848300	-1.488450	0.054416	0.170357	0.225722	0.03864582069218159	2.6337448559670777e-05	0.17035514116287231
105480	-2.911649	-1.848192	-1.488019	0.054386	0.170400	0.225819	0.038634967245161536	2.6337448559670777e-05	0.17039920389652252
105600	-2.911098	-1.848187	-1.488822	0.054416	0.170401	0.225638	0.03863125964999199	2.6337448559670777e-05	0.17040131986141205
105720	-2.911445	-1.848173	-1.489114	0.054397	0.170414	0.225572	0.03863203190267086	2.6337448559670777e-05	0.17041350901126862
105840	-2.911403	-1.848293	-1.489094	0.054399	0.170398	0.225577	0.03863818068057299	2.6337448559670777e-05	0.17039823532104492
105960	-2.911632	-1.848181	-1.488086	0.054387	0.170431	0.225804	0.03863014467060566	2.6337448559670777e-05	0.1704321950674057
106080	-2.911002	-1.847988	-1.487739	0.054421	0.170470	0.225883	0.03861596360802651	2.6337448559670777e-05	0.1704692840576172
106200	-2.911023	-1.848005	-1.487077	0.054420	0.170488	0.226032	0.03861335963010788	2.6337448559670777e-05	0.1704881340265274
106320	-2.911666	-1.847889	-1.486809	0.054385	0.170540	0.226093	0.038604508899152276	1.7558299039780518e-05	0.1705402284860611
106440	-2.911906	-1.847600	-1.485726	0.054372	0.170599	0.226338	0.038581674359738825	2.6337448559670777e-05	0.17059865593910217
106560	-2.912003	-1.847442	-1.484908	0.054367	0.170646	0.226523	0.038563395664095876	2.6337448559670777e-05	0.17064641416072845
106680	-2.912361	-1.847307	-1.484025	0.054347	0.170685	0.226723	0.03855764530599117	2.6337448559670777e-05	0.17068417370319366
106800	-2.913005	-1.847347	-1.483455	0.054312	0.170708	0.226853	0.03855806607753039	2.6337448559670777e-05	0.17070750892162323
106920	-2.912292	-1.847232	-1.483932	0.054351	0.170730	0.226744	0.038550885207951066	2.6337448559670777e-05	0.17072878777980804
107040	-2.912729	-1.847410	-1.483313	0.054327	0.170715	0.226885	0.038560770079493524	2.6337448559670777e-05	0.1707146018743515
107160	-2.913392	-1.847213	-1.483226	0.054291	0.170775	0.226905	0.03854673262685537	2.6337448559670777e-05	0.17077457904815674
107280	-2.912932	-1.846916	-1.482767	0.054316	0.170841	0.227009	0.038522953353822234	2.6337448559670777e-05	0.17083969712257385
107400	-2.913006	-1.846761	-1.481153	0.054312	0.170880	0.227375	0.03850482050329447	2.6337448559670777e-05	0.17087970674037933
107520	-2.911578	-1.846348	-1.480509	0.054390	0.170953	0.227522	0.03847223129123449	2.6337448559670777e-05	0.17095224559307098
107640	-2.911289	-1.846153	-1.479619	0.054406	0.171007	0.227724	0.03844962306320667	2.6337448559670777e-05	0.1710062026977539
107760	-2.910516	-1.846002	-1.479408	0.054448	0.171054	0.227773	0.0384401673451066	3.9506172839506166e-05	0.17105284333229065
107880	-2.909667	-1.845792	-1.479170	0.054494	0.171110	0.227827	0.03841831143945455	2.6337448559670777e-05	0.17111007869243622
108000	-2.909071	-1.845760	-1.479183	0.054526	0.171118	0.227824	0.03841185867786408	2.6337448559670777e-05	0.1711185723543167
108120	-2.908997	-1.845680	-1.479504	0.054530	0.171154	0.227751	0.038408903405070305	3.9506172839506166e-05	0.17115342617034912
108240	-2.907653	-1.845461	-1.479879	0.054604	0.171194	0.227665	0.03838693257421255	2.6337448559670777e-05	0.1711946427822113
108360	-2.906921	-1.845335	-1.479293	0.054644	0.171226	0.227799	0.03837704975157976	2.6337448559670777e-05	0.17122551798820496
108480	-2.906891	-1.845341	-1.479484	0.054645	0.171250	0.227755	0.03837782684713602	2.6337448559670777e-05	0.1712498813867569
108600	-2.906230	-1.845061	-1.479470	0.054681	0.171312	0.227758	0.03835396282374859	2.6337448559670777e-05	0.17131133377552032
108720	-2.906446	-1.844802	-1.478948	0.054670	0.171371	0.227877	0.03833047617226839	1.7558299039780518e-05	0.17137089371681213
108840	-2.906287	-1.844370	-1.478464	0.054678	0.171458	0.227988	0.03828971702605486	1.7558299039780518e-05	0.17145778238773346
108960	-2.905313	-1.844143	-1.478663	0.054732	0.171503	0.227942	0.03827113453298807	2.6337448559670777e-05	0.17150218784809113
109080	-2.904840	-1.844162	-1.479338	0.054758	0.171514	0.227789	0.038268564827740194	2.6337448559670777e-05	0.17151400446891785
109200	-2.904173	-1.843878	-1.478480	0.054794	0.171585	0.227984	0.03824590090662241	1.7558299039780518e-05	0.17158469557762146
109320	-2.903481	-1.843618	-1.478523	0.054832	0.171635	0.227974	0.03822174854576588	2.6337448559670777e-05	0.1716349720954895
109440	-2.903510	-1.843499	-1.478001	0.054830	0.171679	0.228093	0.03821004200726748	2.6337448559670777e-05	0.17167949676513672
109560	-2.903048	-1.843388	-1.477246	0.054856	0.171716	0.228266	0.03819626551121473	2.6337448559670777e-05	0.1717170625925064
109680	-2.903069	-1.843432	-1.477539	0.054855	0.171728	0.228199	0.03820408005267382	2.6337448559670777e-05	0.1717284470796585
109800	-2.903507	-1.843202	-1.478332	0.054831	0.171793	0.228018	0.03818483632057905	2.6337448559670777e-05	0.17179210484027863
109920	-2.903385	-1.842861	-1.478369	0.054837	0.171879	0.228009	0.03815951906144619	2.6337448559670777e-05	0.17187786102294922
110040	-2.902975	-1.842508	-1.477780	0.054860	0.171948	0.228144	0.03812466021627188	2.6337448559670777e-05	0.17194721102714539
110160	-2.902906	-1.842399	-1.477658	0.054864	0.171989	0.228171	0.03811356462538242	3.9506172839506166e-05	0.17198848724365234
110280	-2.902085	-1.842199	-1.478077	0.054909	0.172047	0.228076	0.038094214722514154	2.6337448559670777e-05	0.17204691469669342
110400	-2.902257	-1.842186	-1.478543	0.054899	0.172062	0.227970	0.038092075102031234	2.6337448559670777e-05	0.172061949968338
110520	-2.902204	-1.841926	-1.477886	0.054902	0.172123	0.228119	0.038067227229475975	2.6337448559670777e-05	0.17212340235710144
110640	-2.901808	-1.842002	-1.477960	0.054924	0.172117	0.228103	0.03807697668671608	1.7558299039780518e-05	0.1721167117357254
110760	-2.902434	-1.841722	-1.478419	0.054889	0.172181	0.227998	0.038055830635130405	2.6337448559670777e-05	0.17218025028705597
110880	-2.903164	-1.841643	-1.477260	0.054849	0.172205	0.228262	0.03804775606840849	3.9506172839506166e-05	0.17220455408096313
111000	-2.903013	-1.841581	-1.477257	0.054858	0.172221	0.228263	0.038038287125527856	2.6337448559670777e-05	0.17222057282924652
111120	-2.902477	-1.841359	-1.476428	0.054887	0.172273	0.228452	0.03801985140889883	2.6337448559670777e-05	0.17227227985858917
111240	-2.903368	-1.841239	-1.475507	0.054838	0.172315	0.228663	0.03801092840731144	2.6337448559670777e-05	0.17231377959251404
111360	-2.903234	-1.841023	-1.474886	0.054846	0.172369	0.228805	0.037991567701101306	2.6337448559670777e-05	0.17236852645874023
111480	-2.902779	-1.840718	-1.474036	0.054871	0.172423	0.228999	0.03796293139457703	2.6337448559670777e-05	0.17242248356342316
111600	-2.902875	-1.840601	-1.473984	0.054865	0.172462	0.229011	0.037952355295419696	2.6337448559670777e-05	0.17246122658252716
111720	-2.902398	-1.840278	-1.474891	0.054891	0.172518	0.228804	0.03792217951267958	2.6337448559670777e-05	0.17251774668693542
111840	-2.901843	-1.840066	-1.474925	0.054922	0.172562	0.228796	0.037906729616224766	2.6337448559670777e-05	0.17256104946136475
111960	-2.901556	-1.839771	-1.475045	0.054938	0.172612	0.228768	0.037873760983347896	2.6337448559670777e-05	0.1726127564907074
112080	-2.901983	-1.839607	-1.473719	0.054914	0.172661	0.229072	0.037866505421698095	3.9506172839506166e-05	0.1726597547531128
112200	-2.902999	-1.839754	-1.473152	0.054858	0.172662	0.229202	0.037871028855443	3.9506172839506166e-05	0.17266160249710083
112320	-2.903190	-1.839550	-1.471748	0.054848	0.172716	0.229524	0.03785922080278396	2.6337448559670777e-05	0.17271535098552704
112440	-2.903343	-1.839438	-1.470853	0.054840	0.172762	0.229729	0.03784511759877205	3.9506172839506166e-05	0.17276152968406677
112560	-2.902600	-1.839371	-1.470644	0.054880	0.172791	0.229778	0.03784209229052067	2.6337448559670777e-05	0.17279024422168732
112680	-2.902563	-1.838967	-1.470325	0.054882	0.172880	0.229851	0.03780154008418322	3.9506172839506166e-05	0.17288057506084442
112800	-2.902406	-1.838768	-1.469971	0.054891	0.172925	0.229932	0.03778727520257234	2.6337448559670777e-05	0.17292487621307373
112920	-2.902147	-1.838500	-1.469428	0.054905	0.172984	0.230057	0.03776634633541107	2.6337448559670777e-05	0.17298266291618347
113040	-2.903273	-1.838304	-1.468504	0.054843	0.173046	0.230270	0.037741737067699434	2.6337448559670777e-05	0.17304591834545135
113160	-2.904695	-1.838197	-1.467883	0.054765	0.173086	0.230413	0.03773370515555143	2.6337448559670777e-05	0.17308595776557922
113280	-2.905013	-1.837908	-1.467499	0.054748	0.173147	0.230501	0.03771033976227045	3.9506172839506166e-05	0.1731458306312561
113400	-2.904708	-1.837885	-1.468063	0.054765	0.173161	0.230371	0.03770434111356735	2.6337448559670777e-05	0.17316122353076935
113520	-2.904516	-1.837615	-1.467397	0.054775	0.173218	0.230525	0.03768539652228355	3.9506172839506166e-05	0.17321594059467316
113640	-2.903814	-1.837261	-1.466815	0.054814	0.173289	0.230659	0.03765371646732092	2.6337448559670777e-05	0.17328773438930511
113760	-2.903764	-1.836919	-1.466274	0.054816	0.173360	0.230784	0.03762023132294416	2.6337448559670777e-05	0.1733599305152893
113880	-2.903525	-1.836587	-1.465028	0.054830	0.173432	0.231072	0.03759391587227583	2.6337448559670777e-05	0.17343047261238098
114000	-2.903556	-1.836417	-1.465100	0.054828	0.173476	0.231055	0.03757572341710329	2.6337448559670777e-05	0.17347480356693268
114120	-2.902901	-1.835959	-1.465965	0.054864	0.173572	0.230855	0.03754021283239126	2.6337448559670777e-05	0.17357002198696136
114240	-2.902658	-1.835699	-1.466140	0.054877	0.173636	0.230815	0.037509164027869704	1.7558299039780518e-05	0.17363625764846802
114360	-2.903064	-1.835500	-1.465811	0.054855	0.173683	0.230891	0.03748762831091881	2.6337448559670777e-05	0.1736839860677719
114480	-2.904296	-1.835408	-1.465329	0.054787	0.173722	0.231002	0.03748476505279541	2.6337448559670777e-05	0.17372089624404907
114600	-2.904025	-1.835409	-1.465964	0.054802	0.173713	0.230855	0.03748084958642721	2.6337448559670777e-05	0.17371375858783722
114720	-2.903670	-1.835242	-1.464839	0.054822	0.173755	0.231115	0.037463937513530256	2.6337448559670777e-05	0.1737551987171173
114840	-2.902699	-1.835029	-1.464773	0.054875	0.173802	0.231130	0.03745165783911943	2.6337448559670777e-05	0.17380087077617645
114960	-2.902937	-1.834765	-1.465298	0.054862	0.173864	0.231009	0.03742607310414314	2.6337448559670777e-05	0.17386332154273987
115080	-2.902557	-1.834507	-1.465170	0.054883	0.173930	0.231039	0.03740290105342865	3.9506172839506166e-05	0.17392995953559875
115200	-2.903072	-1.834163	-1.464187	0.054854	0.174014	0.231266	0.03737428486347198	2.6337448559670777e-05	0.17401325702667236
115320	-2.901685	-1.834011	-1.463621	0.054931	0.174055	0.231397	0.03736027497798204	2.6337448559670777e-05	0.17405441403388977
115440	-2.901987	-1.833782	-1.464481	0.054914	0.174118	0.231198	0.03733850736171007	1.7558299039780518e-05	0.17411771416664124
115560	-2.902673	-1.833761	-1.464303	0.054876	0.174140	0.231239	0.03733490109443664	2.6337448559670777e-05	0.17413930594921112
115680	-2.902699	-1.833422	-1.463396	0.054875	0.174223	0.231449	0.03730135168880224	3.9506172839506166e-05	0.17422284185886383
115800	-2.903559	-1.833228	-1.462508	0.054828	0.174300	0.231655	0.037287202663719654	2.6337448559670777e-05	0.17429973185062408
115920	-2.904248	-1.832998	-1.461848	0.054790	0.174358	0.231807	0.037268859706819056	2.6337448559670777e-05	0.1743575930595398
116040	-2.903768	-1.832633	-1.461569	0.054816	0.174436	0.231872	0.03723618071526289	2.6337448559670777e-05	0.17443545162677765
116160	-2.903542	-1.832545	-1.461197	0.054829	0.174457	0.231958	0.03722808156162501	3.9506172839506166e-05	0.17445561289787292
116280	-2.903043	-1.832300	-1.460215	0.054856	0.174529	0.232186	0.03720230292528868	2.6337448559670777e-05	0.17452944815158844
116400	-2.904151	-1.832434	-1.460096	0.054795	0.174528	0.232214	0.037212812528014186	1.7558299039780518e-05	0.17452745139598846
116520	-2.903987	-1.832395	-1.459789	0.054804	0.174548	0.232285	0.037212745659053324	2.6337448559670777e-05	0.17454758286476135
116640	-2.903284	-1.832175	-1.459174	0.054843	0.174603	0.232428	0.03719012588262558	2.6337448559670777e-05	0.1746027022600174
116760	-2.903883	-1.832291	-1.458653	0.054810	0.174608	0.232549	0.03720064423978329	2.6337448559670777e-05	0.17460790276527405
116880	-2.903568	-1.832301	-1.458665	0.054827	0.174609	0.232547	0.037203095853328705	2.6337448559670777e-05	0.17460930347442627
117000	-2.902716	-1.832094	-1.457548	0.054874	0.174662	0.232806	0.037184296362102034	3.9506172839506166e-05	0.17466183006763458
117120	-2.903896	-1.831905	-1.457023	0.054809	0.174707	0.232929	0.03717049993574619	3.9506172839506166e-05	0.17470626533031464
117240	-2.905084	-1.831699	-1.456389	0.054744	0.174774	0.233076	0.03715096544474363	2.6337448559670777e-05	0.17477309703826904
117360	-2.905565	-1.831619	-1.457212	0.054718	0.174804	0.232885	0.03714567944407463	2.6337448559670777e-05	0.17480286955833435
117480	-2.905530	-1.831109	-1.457199	0.054720	0.174906	0.232888	0.03710090462118387	2.6337448559670777e-05	0.1749049872159958
117600	-2.905594	-1.830962	-1.456416	0.054716	0.174949	0.233070	0.037082504481077194	2.6337448559670777e-05	0.17494824528694153
117720	-2.905606	-1.830774	-1.455469	0.054716	0.175006	0.233291	0.037068229354918006	2.6337448559670777e-05	0.17500533163547516
117840	-2.905288	-1.830647	-1.453744	0.054733	0.175046	0.233694	0.03705669157207012	2.6337448559670777e-05	0.17504481971263885
117960	-2.905566	-1.830616	-1.453186	0.054718	0.175063	0.233824	0.0370507039129734	2.6337448559670777e-05	0.17506299912929535
118080	-2.906109	-1.830322	-1.453931	0.054688	0.175146	0.233650	0.03702644277364016	2.6337448559670777e-05	0.17514535784721375
118200	-2.906846	-1.830143	-1.453529	0.054648	0.175196	0.233744	0.03700872994959355	3.9506172839506166e-05	0.17519605159759521
118320	-2.907457	-1.830317	-1.454212	0.054614	0.175178	0.233584	0.037016707472503185	2.6337448559670777e-05	0.1751788854598999
118440	-2.907321	-1.830421	-1.453741	0.054622	0.175163	0.233694	0.03703111447393894	2.6337448559670777e-05	0.17516373097896576
118560	-2.908060	-1.830222	-1.453208	0.054582	0.175217	0.233819	0.037018954008817676	2.6337448559670777e-05	0.1752159744501114
118680	-2.908340	-1.829975	-1.452428	0.054566	0.175273	0.234001	0.03699912633746862	3.9506172839506166e-05	0.17527225613594055
118800	-2.908355	-1.829723	-1.452367	0.054565	0.175344	0.234016	0.03697159308940172	3.9506172839506166e-05	0.17534370720386505
118920	-2.908256	-1.829655	-1.451805	0.054571	0.175374	0.234147	0.03696087282150984	3.9506172839506166e-05	0.17537471652030945
119040	-2.907948	-1.829374	-1.450656	0.054588	0.175451	0.234416	0.03694449476897717	2.6337448559670777e-05	0.17544995248317719
119160	-2.909157	-1.829324	-1.450451	0.054522	0.175493	0.234464	0.03693242873996496	2.6337448559670777e-05	0.17549315094947815
119280	-2.909397	-1.829349	-1.451687	0.054509	0.175510	0.234175	0.0369380658492446	2.6337448559670777e-05	0.1755092591047287
119400	-2.908815	-1.829224	-1.451049	0.054540	0.175538	0.234324	0.03692499082535505	2.6337448559670777e-05	0.17553777992725372
119520	-2.909618	-1.829132	-1.450624	0.054497	0.175577	0.234424	0.036914319917559626	3.9506172839506166e-05	0.17557737231254578
119640	-2.908715	-1.828929	-1.449767	0.054546	0.175620	0.234625	0.036898385360836984	3.9506172839506166e-05	0.17562055587768555
119760	-2.909138	-1.828625	-1.450002	0.054523	0.175691	0.234570	0.03687341939657927	1.7558299039780518e-05	0.17569111287593842
119880	-2.910565	-1.828411	-1.449673	0.054445	0.175762	0.234647	0.03685362301766872	2.6337448559670777e-05	0.175761416554451
120000	-2.910628	-1.828284	-1.449271	0.054442	0.175807	0.234741	0.03683927170932293	2.6337448559670777e-05	0.1758068948984146
120120	-2.910786	-1.827976	-1.447978	0.054433	0.175887	0.235045	0.03681559395045042	3.9506172839506166e-05	0.17588631808757782
120240	-2.910655	-1.827955	-1.448286	0.054440	0.175924	0.234973	0.036805715225636956	2.6337448559670777e-05	0.1759248822927475
120360	-2.910609	-1.827599	-1.448208	0.054443	0.176000	0.234991	0.03678347319364548	2.6337448559670777e-05	0.175999253988266
120480	-2.909815	-1.827421	-1.447074	0.054486	0.176040	0.235258	0.0367667930200696	2.6337448559670777e-05	0.1760389506816864
120600	-2.909820	-1.827261	-1.446085	0.054486	0.176077	0.235490	0.036751066148281095	2.6337448559670777e-05	0.17607663571834564
120720	-2.910214	-1.827213	-1.445976	0.054464	0.176097	0.235516	0.03674883339554071	1.7558299039780518e-05	0.17609591782093048
120840	-2.910962	-1.827009	-1.446412	0.054423	0.176156	0.235414	0.0367274384945631	2.6337448559670777e-05	0.1761550009250641
120960	-2.912120	-1.827027	-1.446358	0.054360	0.176177	0.235426	0.03672333750873804	2.6337448559670777e-05	0.17617760598659515
121080	-2.911238	-1.826972	-1.447176	0.054408	0.176198	0.235234	0.03672044519335031	3.9506172839506166e-05	0.1761990487575531
121200	-2.911009	-1.826694	-1.447536	0.054421	0.176271	0.235149	0.03670261334627867	1.7558299039780518e-05	0.17627054452896118
121320	-2.910851	-1.826597	-1.447892	0.054429	0.176285	0.235065	0.03669032603502274	2.6337448559670777e-05	0.176285058259964
121440	-2.911206	-1.826524	-1.447918	0.054410	0.176316	0.235059	0.036682667583227156	2.6337448559670777e-05	0.17631545662879944
121560	-2.912214	-1.826404	-1.447057	0.054355	0.176357	0.235262	0.03667095936834812	2.6337448559670777e-05	0.17635773122310638
121680	-2.912748	-1.826317	-1.446679	0.054326	0.176394	0.235351	0.03666289169341326	2.6337448559670777e-05	0.17639389634132385
121800	-2.912251	-1.825993	-1.445264	0.054353	0.176480	0.235684	0.036641588993370534	2.6337448559670777e-05	0.17647787928581238
121920	-2.911274	-1.825606	-1.445227	0.054406	0.176563	0.235693	0.036603204905986786	2.6337448559670777e-05	0.17656205594539642
122040	-2.909765	-1.825280	-1.444852	0.054489	0.176625	0.235781	0.036575171165168285	2.6337448559670777e-05	0.17662496864795685
122160	-2.910571	-1.825205	-1.444071	0.054445	0.176664	0.235965	0.036566036939620974	2.6337448559670777e-05	0.1766631305217743
122280	-2.911697	-1.825045	-1.443759	0.054383	0.176704	0.236039	0.036553530022501945	3.9506172839506166e-05	0.17670272290706635
122400	-2.912980	-1.824920	-1.443391	0.054314	0.176755	0.236126	0.03653716240078211	2.6337448559670777e-05	0.17675502598285675
122520	-2.914018	-1.824704	-1.443992	0.054257	0.176804	0.235984	0.03651832137256861	1.7558299039780518e-05	0.17680417001247406
122640	-2.914876	-1.824724	-1.443371	0.054211	0.176826	0.236130	0.03651817087084055	2.6337448559670777e-05	0.17682714760303497
122760	-2.914630	-1.824715	-1.441932	0.054224	0.176841	0.236470	0.036520200036466124	2.6337448559670777e-05	0.17684099078178406
122880	-2.914970	-1.824348	-1.441027	0.054206	0.176919	0.236684	0.03649581484496593	2.6337448559670777e-05	0.17691735923290253
123000	-2.915077	-1.824108	-1.440035	0.054200	0.176967	0.236920	0.03646871503442526	2.6337448559670777e-05	0.176966592669487
123120	-2.914990	-1.823889	-1.439489	0.054205	0.177024	0.237049	0.036447503603994846	2.6337448559670777e-05	0.1770234853029251
123240	-2.914998	-1.823795	-1.439201	0.054204	0.177064	0.237117	0.036437843553721906	2.6337448559670777e-05	0.17706356942653656
123360	-2.914107	-1.823415	-1.437707	0.054252	0.177140	0.237472	0.03640738576650619	2.6337448559670777e-05	0.17713963985443115
123480	-2.913644	-1.823097	-1.437209	0.054278	0.177199	0.237590	0.03637488447129726	2.6337448559670777e-05	0.17719855904579163
123600	-2.913840	-1.823072	-1.437112	0.054267	0.177228	0.237613	0.03637422733008862	3.9506172839506166e-05	0.1772267073392868
123720	-2.913139	-1.822869	-1.436348	0.054305	0.177291	0.237795	0.03635091576725245	3.9506172839506166e-05	0.17729145288467407
123840	-2.912858	-1.822663	-1.435570	0.054320	0.177339	0.237980	0.03633618354797363	3.9506172839506166e-05	0.1773383468389511
123960	-2.913594	-1.822576	-1.435343	0.054280	0.177372	0.238034	0.03632646482437849	1.7558299039780518e-05	0.17737248539924622
124080	-2.913765	-1.822289	-1.434669	0.054271	0.177446	0.238194	0.03630377799272537	2.6337448559670777e-05	0.1774459034204483
124200	-2.913262	-1.821957	-1.433112	0.054298	0.177520	0.238565	0.03627173230051994	2.6337448559670777e-05	0.17751996219158173
124320	-2.912035	-1.821665	-1.433119	0.054365	0.177585	0.238564	0.03624946177005768	2.6337448559670777e-05	0.1775844544172287
124440	-2.911674	-1.821411	-1.433031	0.054385	0.177638	0.238585	0.03622685391455889	2.6337448559670777e-05	0.17763662338256836
124560	-2.911578	-1.821309	-1.432056	0.054390	0.177674	0.238818	0.03621344678103924	2.6337448559670777e-05	0.17767371237277985
124680	-2.911328	-1.820860	-1.431411	0.054403	0.177769	0.238971	0.03618130572140217	1.7558299039780518e-05	0.17776744067668915
124800	-2.911662	-1.820915	-1.431110	0.054385	0.177774	0.239044	0.03617938458919525	2.6337448559670777e-05	0.17777331173419952
124920	-2.911861	-1.820527	-1.430901	0.054374	0.177857	0.239093	0.03614835869520903	3.9506172839506166e-05	0.17785608768463135
125040	-2.910875	-1.820368	-1.430651	0.054428	0.177896	0.239153	0.03613148480653763	2.6337448559670777e-05	0.17789533734321594
125160	-2.912352	-1.820328	-1.430438	0.054348	0.177932	0.239204	0.03612453080713749	1.7558299039780518e-05	0.17793160676956177
125280	-2.912784	-1.820119	-1.430057	0.054324	0.177996	0.239295	0.03611040636897087	2.6337448559670777e-05	0.17799538373947144
125400	-2.913196	-1.820268	-1.429670	0.054302	0.177998	0.239388	0.03611923344433308	1.7558299039780518e-05	0.17799751460552216
125520	-2.913062	-1.820005	-1.429644	0.054309	0.178044	0.239394	0.03610183689743281	2.6337448559670777e-05	0.17804281413555145
125640	-2.913298	-1.820004	-1.430514	0.054296	0.178047	0.239186	0.03609571997076273	2.6337448559670777e-05	0.17804700136184692
125760	-2.913044	-1.819703	-1.430146	0.054310	0.178140	0.239274	0.03607022985816002	3.9506172839506166e-05	0.17813923954963684
125880	-2.913849	-1.819480	-1.429029	0.054266	0.178206	0.239541	0.03605256173759699	2.6337448559670777e-05	0.17820502817630768
126000	-2.912985	-1.819044	-1.427743	0.054313	0.178291	0.239850	0.03601178359240294	3.9506172839506166e-05	0.17829057574272156
126120	-2.911891	-1.818693	-1.426651	0.054373	0.178375	0.240112	0.03598083518445492	1.7558299039780518e-05	0.1783742904663086
126240	-2.912022	-1.818869	-1.426784	0.054366	0.178356	0.240080	0.03599295504391194	2.6337448559670777e-05	0.17835606634616852
126360	-2.912432	-1.818967	-1.427103	0.054343	0.178363	0.240003	0.03600058928132057	2.6337448559670777e-05	0.17836320400238037
126480	-2.912252	-1.818909	-1.427279	0.054353	0.178392	0.239961	0.035995643399655816	2.6337448559670777e-05	0.1783919334411621
126600	-2.912601	-1.818826	-1.426587	0.054334	0.178428	0.240127	0.03599087242037058	2.6337448559670777e-05	0.17842750251293182
126720	-2.912377	-1.818662	-1.427024	0.054346	0.178471	0.240022	0.03597625643014908	2.6337448559670777e-05	0.17847049236297607
126840	-2.911896	-1.818231	-1.426384	0.054373	0.178555	0.240176	0.035941756702959536	2.6337448559670777e-05	0.1785537451505661
126960	-2.911136	-1.818083	-1.426162	0.054414	0.178589	0.240229	0.0359214274212718	2.6337448559670777e-05	0.1785891354084015
127080	-2.912042	-1.818096	-1.425288	0.054365	0.178613	0.240439	0.0359209381043911	2.6337448559670777e-05	0.1786135584115982
127200	-2.913415	-1.817856	-1.424030	0.054290	0.178697	0.240742	0.03590814508497715	2.6337448559670777e-05	0.1786959022283554
127320	-2.912387	-1.817702	-1.423860	0.054346	0.178742	0.240783	0.035891479812562466	2.6337448559670777e-05	0.1787411868572235
127440	-2.912187	-1.817656	-1.423452	0.054357	0.178760	0.240881	0.035884729400277135	2.6337448559670777e-05	0.17875953018665314
127560	-2.912161	-1.817466	-1.423600	0.054358	0.178803	0.240845	0.03586828615516424	2.6337448559670777e-05	0.1788024753332138
127680	-2.912493	-1.817155	-1.422652	0.054340	0.178881	0.241074	0.0358419731259346	2.6337448559670777e-05	0.17888066172599792
127800	-2.913222	-1.817015	-1.423024	0.054301	0.178910	0.240984	0.035826935432851315	3.9506172839506166e-05	0.17890973389148712
127920	-2.912476	-1.816471	-1.422446	0.054341	0.179000	0.241123	0.03578259665518999	3.9506172839506166e-05	0.17899934947490692
128040	-2.913354	-1.816498	-1.422958	0.054293	0.179022	0.241000	0.03578408006578684	2.6337448559670777e-05	0.17902031540870667
128160	-2.913881	-1.816039	-1.421741	0.054265	0.179123	0.241293	0.03574398476630449	2.6337448559670777e-05	0.17912256717681885
128280	-2.913916	-1.815888	-1.421482	0.054263	0.179172	0.241356	0.03572347890585661	2.6337448559670777e-05	0.17917247116565704
128400	-2.913098	-1.815617	-1.421746	0.054307	0.179234	0.241292	0.035701993852853775	2.6337448559670777e-05	0.17923381924629211
128520	-2.912589	-1.815513	-1.421817	0.054335	0.179269	0.241275	0.035690981335937975	2.6337448559670777e-05	0.17926903069019318
128640	-2.912377	-1.814942	-1.420420	0.054346	0.179384	0.241612	0.035641944780945775	2.6337448559670777e-05	0.17938454449176788
128760	-2.912704	-1.814768	-1.419619	0.054329	0.179442	0.241806	0.03562718667089939	1.7558299039780518e-05	0.17944161593914032
128880	-2.911873	-1.814684	-1.419286	0.054374	0.179461	0.241887	0.0356184795498848	2.6337448559670777e-05	0.179460808634758
129000	-2.911463	-1.814369	-1.418848	0.054396	0.179513	0.241993	0.035587609931826594	2.6337448559670777e-05	0.1795133352279663
129120	-2.912529	-1.814301	-1.418289	0.054338	0.179536	0.242128	0.035578859969973564	2.6337448559670777e-05	0.17953643202781677
129240	-2.912433	-1.814185	-1.416600	0.054343	0.179581	0.242537	0.035576064325869086	3.9506172839506166e-05	0.17957989871501923
129360	-2.912791	-1.813988	-1.416239	0.054324	0.179638	0.242625	0.03555477578192949	2.6337448559670777e-05	0.17963773012161255
129480	-2.912862	-1.813841	-1.416510	0.054320	0.179674	0.242559	0.03554096668958664	2.6337448559670777e-05	0.17967410385608673
129600	-2.913742	-1.813666	-1.416915	0.054272	0.179732	0.242461	0.03552395906299353	2.6337448559670777e-05	0.17973241209983826
129720	-2.914459	-1.813805	-1.417338	0.054233	0.179722	0.242358	0.03553601764142513	2.6337448559670777e-05	0.17972227931022644
129840	-2.913673	-1.813645	-1.417370	0.054276	0.179750	0.242351	0.03552372083067894	2.6337448559670777e-05	0.17975017428398132
129960	-2.914351	-1.813682	-1.417667	0.054239	0.179769	0.242279	0.03552673868834973	2.6337448559670777e-05	0.17976930737495422
130080	-2.914235	-1.813524	-1.417701	0.054246	0.179806	0.242270	0.035515071079134944	3.9506172839506166e-05	0.17980511486530304
130200	-2.913985	-1.813283	-1.417613	0.054259	0.179865	0.242292	0.035491906479001044	2.6337448559670777e-05	0.17986436188220978
130320	-2.913974	-1.813075	-1.417272	0.054260	0.179924	0.242374	0.03547212835401296	2.6337448559670777e-05	0.17992396652698517
130440	-2.913537	-1.812734	-1.417540	0.054283	0.180000	0.242309	0.03544436376541853	2.6337448559670777e-05	0.17999932169914246
130560	-2.912914	-1.812498	-1.417307	0.054317	0.180059	0.242366	0.03542349860072136	3.9506172839506166e-05	0.180059015750885
130680	-2.911889	-1.812275	-1.417068	0.054373	0.180104	0.242424	0.03540063612163067	2.6337448559670777e-05	0.1801038384437561
130800	-2.911429	-1.811920	-1.415943	0.054398	0.180182	0.242697	0.035369219817221166	1.7558299039780518e-05	0.1801823526620865
130920	-2.910750	-1.811707	-1.415917	0.054435	0.180222	0.242703	0.035349123924970624	2.6337448559670777e-05	0.1802218109369278
131040	-2.911188	-1.811451	-1.415636	0.054411	0.180297	0.242771	0.03532729987055063	2.6337448559670777e-05	0.18029625713825226
131160	-2.911052	-1.811071	-1.413854	0.054418	0.180376	0.243204	0.03529373314231634	2.6337448559670777e-05	0.18037518858909607
131280	-2.910956	-1.810966	-1.413327	0.054424	0.180407	0.243332	0.035285118222236636	3.9506172839506166e-05	0.180405393242836
131400	-2.910434	-1.810870	-1.413268	0.054452	0.180441	0.243347	0.03527623284608126	2.6337448559670777e-05	0.18043997883796692
131520	-2.910293	-1.810766	-1.413048	0.054460	0.180471	0.243400	0.035261295363307	2.6337448559670777e-05	0.1804722398519516
131640	-2.911205	-1.810853	-1.413039	0.054410	0.180474	0.243403	0.035274771973490715	2.6337448559670777e-05	0.18047304451465607
131760	-2.910473	-1.810882	-1.412178	0.054450	0.180483	0.243612	0.03527394030243158	2.6337448559670777e-05	0.18048346042633057
131880	-2.910535	-1.810878	-1.412258	0.054447	0.180507	0.243593	0.035278560034930705	1.7558299039780518e-05	0.18050600588321686
132000	-2.909976	-1.810670	-1.411562	0.054477	0.180556	0.243762	0.035257788561284545	2.6337448559670777e-05	0.1805555373430252
132120	-2.910581	-1.810558	-1.411094	0.054444	0.180587	0.243876	0.03524708170443773	2.6337448559670777e-05	0.18058688938617706
132240	-2.910799	-1.810546	-1.409819	0.054432	0.180614	0.244187	0.035246240347623824	1.1705532693187011e-05	0.18061389029026031
132360	-2.910278	-1.810185	-1.409435	0.054461	0.180692	0.244281	0.03521833494305611	2.6337448559670777e-05	0.1806914061307907
132480	-2.910337	-1.810084	-1.408550	0.054457	0.180716	0.244497	0.03520431816577911	1.7558299039780518e-05	0.1807153820991516
132600	-2.910136	-1.809984	-1.408824	0.054468	0.180736	0.244431	0.03519807420670986	2.6337448559670777e-05	0.18073531985282898
132720	-2.910127	-1.809842	-1.407570	0.054469	0.180781	0.244737	0.03518305718898773	3.9506172839506166e-05	0.18078051507472992
132840	-2.910760	-1.809823	-1.407131	0.054434	0.180806	0.244845	0.03518208712339401	2.6337448559670777e-05	0.18080584704875946
132960	-2.910868	-1.809474	-1.407565	0.054428	0.180871	0.244738	0.03515448458492756	2.6337448559670777e-05	0.18087027966976166
133080	-2.910393	-1.809400	-1.407590	0.054454	0.180892	0.244732	0.03514439463615417	2.6337448559670777e-05	0.1808917373418808
133200	-2.909721	-1.809222	-1.406799	0.054491	0.180925	0.244926	0.035127267241477966	2.6337448559670777e-05	0.18092471361160278
133320	-2.909771	-1.809001	-1.406775	0.054488	0.180991	0.244932	0.03510535936802626	2.6337448559670777e-05	0.1809910535812378
133440	-2.909532	-1.808748	-1.406119	0.054501	0.181046	0.245093	0.03508659601211548	2.6337448559670777e-05	0.18104542791843414
133560	-2.909583	-1.808584	-1.404946	0.054498	0.181099	0.245380	0.03507371824234724	2.6337448559670777e-05	0.18109823763370514
133680	-2.908928	-1.808339	-1.404197	0.054534	0.181157	0.245564	0.03504898175597191	2.6337448559670777e-05	0.18115651607513428
133800	-2.909574	-1.808242	-1.403760	0.054499	0.181192	0.245671	0.03504016995429993	2.6337448559670777e-05	0.1811918169260025
133920	-2.909347	-1.808050	-1.404033	0.054511	0.181234	0.245605	0.03502431027591228	2.6337448559670777e-05	0.18123343586921692
134040	-2.909522	-1.808076	-1.403778	0.054502	0.181258	0.245667	0.03502220883965492	3.9506172839506166e-05	0.1812579184770584
134160	-2.909409	-1.808102	-1.403955	0.054508	0.181275	0.245624	0.03502480145543814	2.6337448559670777e-05	0.1812741607427597
134280	-2.908880	-1.808037	-1.403931	0.054537	0.181300	0.245630	0.035018100403249264	3.9506172839506166e-05	0.18129946291446686
134400	-2.909928	-1.808011	-1.403680	0.054480	0.181329	0.245691	0.035015251301229	2.6337448559670777e-05	0.18132854998111725
134520	-2.910308	-1.807801	-1.403574	0.054459	0.181380	0.245717	0.034997290931642056	2.6337448559670777e-05	0.18137967586517334
134640	-2.909845	-1.807675	-1.403460	0.054484	0.181411	0.245745	0.03499030116945505	2.6337448559670777e-05	0.18140992522239685
134760	-2.909975	-1.807639	-1.403258	0.054477	0.181428	0.245795	0.03498137947171927	2.6337448559670777e-05	0.18142813444137573
134880	-2.909332	-1.807316	-1.402092	0.054512	0.181512	0.246082	0.034958206675946714	2.6337448559670777e-05	0.18151141703128815
135000	-2.909054	-1.806948	-1.401269	0.054527	0.181597	0.246284	0.03492467030882836	1.7558299039780518e-05	0.1815967559814453
135120	-2.909139	-1.806819	-1.400152	0.054523	0.181637	0.246559	0.03491014782339334	1.7558299039780518e-05	0.1816365122795105
135240	-2.909075	-1.806547	-1.399806	0.054526	0.181693	0.246645	0.03488896675407886	1.7558299039780518e-05	0.18169227242469788
135360	-2.908728	-1.806189	-1.399176	0.054545	0.181766	0.246800	0.03485309723764658	2.6337448559670777e-05	0.18176566064357758
135480	-2.908858	-1.806018	-1.398710	0.054538	0.181822	0.246915	0.03483918961137533	2.6337448559670777e-05	0.18182151019573212
135600	-2.908504	-1.805937	-1.397285	0.054557	0.181869	0.247268	0.03483100514858961	3.9506172839506166e-05	0.1818685084581375
135720	-2.908696	-1.805764	-1.396813	0.054547	0.181923	0.247384	0.03481517024338245	2.6337448559670777e-05	0.18192225694656372
135840	-2.909122	-1.805487	-1.395521	0.054524	0.181988	0.247704	0.03479093015193939	1.7558299039780518e-05	0.1819876879453659
135960	-2.909088	-1.805545	-1.395784	0.054525	0.181987	0.247639	0.0347972821444273	2.6337448559670777e-05	0.1819864958524704
136080	-2.908786	-1.805252	-1.394654	0.054542	0.182042	0.247919	0.03477196916937828	2.6337448559670777e-05	0.18204142153263092
136200	-2.908792	-1.804947	-1.394128	0.054542	0.182121	0.248049	0.034739628061652185	2.6337448559670777e-05	0.18212075531482697
136320	-2.908807	-1.804769	-1.393577	0.054541	0.182158	0.248186	0.03472543973475695	1.7558299039780518e-05	0.1821579784154892
136440	-2.909547	-1.804753	-1.393765	0.054500	0.182175	0.248139	0.03472518660128117	2.6337448559670777e-05	0.1821749359369278
136560	-2.909355	-1.804497	-1.394065	0.054511	0.182231	0.248065	0.034702358022332194	2.6337448559670777e-05	0.18223068118095398
136680	-2.908686	-1.804474	-1.394132	0.054547	0.182246	0.248048	0.03470125775784254	2.6337448559670777e-05	0.18224495649337769
136800	-2.908592	-1.804509	-1.393613	0.054552	0.182244	0.248177	0.03470145668834448	3.9506172839506166e-05	0.18224313855171204
136920	-2.908004	-1.804045	-1.392692	0.054585	0.182353	0.248406	0.034661447070538996	2.6337448559670777e-05	0.18235205113887787
137040	-2.908133	-1.804043	-1.392973	0.054578	0.182372	0.248336	0.03465859889984131	2.6337448559670777e-05	0.18237176537513733
137160	-2.907717	-1.803641	-1.391912	0.054600	0.182454	0.248599	0.034625164978206155	2.6337448559670777e-05	0.1824544221162796
137280	-2.908444	-1.803750	-1.391410	0.054561	0.182464	0.248724	0.03463133927434683	3.9506172839506166e-05	0.182463601231575
137400	-2.907696	-1.803584	-1.390051	0.054601	0.182507	0.249062	0.03461999893188476	2.6337448559670777e-05	0.18250639736652374
137520	-2.908614	-1.803503	-1.388899	0.054551	0.182550	0.249350	0.034611471183598044	2.6337448559670777e-05	0.18254917860031128
137640	-2.908873	-1.803460	-1.388858	0.054537	0.182576	0.249360	0.034609618596732616	3.9506172839506166e-05	0.1825750321149826
137760	-2.907735	-1.803119	-1.388352	0.054599	0.182642	0.249486	0.03458085060119629	2.6337448559670777e-05	0.1826409101486206
137880	-2.907640	-1.802928	-1.387151	0.054604	0.182700	0.249786	0.03456340562552214	1.7558299039780518e-05	0.18269973993301392
138000	-2.907894	-1.802789	-1.385797	0.054591	0.182752	0.250124	0.034549221768975256	2.6337448559670777e-05	0.18275107443332672
138120	-2.907718	-1.802579	-1.385574	0.054600	0.182812	0.250180	0.03453029040247202	2.6337448559670777e-05	0.18281146883964539
138240	-2.907763	-1.802144	-1.385450	0.054598	0.182909	0.250211	0.03449496664106846	3.9506172839506166e-05	0.18290749192237854
138360	-2.907378	-1.801779	-1.385173	0.054619	0.183002	0.250281	0.03445487432181835	2.6337448559670777e-05	0.18300248682498932
138480	-2.907283	-1.801444	-1.384851	0.054624	0.183078	0.250361	0.034427030757069585	1.7558299039780518e-05	0.1830776035785675
138600	-2.907389	-1.801180	-1.384588	0.054618	0.183161	0.250427	0.03440901208668947	2.6337448559670777e-05	0.18315908312797546
138720	-2.906636	-1.800767	-1.383187	0.054659	0.183263	0.250778	0.03436977751553059	1.7558299039780518e-05	0.18326236307621002
138840	-2.907792	-1.800518	-1.383312	0.054596	0.183332	0.250747	0.034341276809573176	2.6337448559670777e-05	0.1833319216966629
138960	-2.907388	-1.800177	-1.382412	0.054618	0.183425	0.250972	0.034318167716264725	3.9506172839506166e-05	0.18342325091362
139080	-2.907104	-1.799913	-1.381916	0.054634	0.183486	0.251097	0.034290694259107114	2.6337448559670777e-05	0.18348567187786102
139200	-2.907052	-1.799832	-1.382037	0.054637	0.183512	0.251067	0.034279308095574376	2.6337448559670777e-05	0.18351222574710846
139320	-2.907490	-1.799513	-1.381382	0.054613	0.183592	0.251231	0.0342521108686924	2.6337448559670777e-05	0.18359167873859406
139440	-2.907139	-1.799026	-1.380708	0.054632	0.183695	0.251400	0.03421054631471634	1.7558299039780518e-05	0.1836942583322525
139560	-2.907356	-1.798903	-1.380303	0.054620	0.183738	0.251502	0.03419428933411837	3.9506172839506166e-05	0.18373802304267883
139680	-2.906961	-1.798413	-1.380007	0.054642	0.183858	0.251577	0.034156364016234876	1.7558299039780518e-05	0.1838572472333908
139800	-2.907347	-1.798112	-1.380306	0.054620	0.183931	0.251502	0.03413362056016922	2.6337448559670777e-05	0.18392951786518097
139920	-2.906766	-1.797695	-1.380035	0.054652	0.184011	0.251570	0.034089700505137446	1.1705532693187011e-05	0.18401126563549042
140040	-2.907326	-1.797510	-1.378972	0.054622	0.184072	0.251837	0.03407276552170515	2.6337448559670777e-05	0.1840711385011673
140160	-2.906584	-1.797343	-1.378274	0.054662	0.184121	0.252013	0.03405606970191002	1.7558299039780518e-05	0.18412043154239655
140280	-2.906723	-1.797034	-1.378219	0.054655	0.184181	0.252027	0.03403035812079906	2.6337448559670777e-05	0.1841801553964615
140400	-2.907496	-1.796924	-1.377398	0.054612	0.184220	0.252234	0.03402065448462963	2.6337448559670777e-05	0.18421994149684906
140520	-2.908071	-1.796739	-1.377699	0.054581	0.184267	0.252158	0.03400414418429136	2.6337448559670777e-05	0.18426643311977386
140640	-2.907845	-1.796714	-1.377106	0.054593	0.184294	0.252308	0.03400017917156219	2.6337448559670777e-05	0.18429343402385712
