step	log_std_min	log_std_mean	log_std_max	std_min	std_mean	std_max	entropy_loss	learning_rate	tensorboard_std_mean
120	-2.001606	-1.998860	-1.997078	0.135118	0.135490	0.135731	0.052198974415659904	2.6337448559670777e-05	0.13548927009105682
240	-2.000688	-1.998614	-1.996366	0.135242	0.135523	0.135828	0.05216945596039295	2.6337448559670777e-05	0.13552328944206238
360	-2.001624	-1.998125	-1.994173	0.135116	0.135590	0.136126	0.052131743542850016	2.6337448559670777e-05	0.13558898866176605
480	-2.002928	-1.997950	-1.993893	0.134940	0.135613	0.136164	0.05211487356573343	2.6337448559670777e-05	0.13561321794986725
600	-2.002731	-1.997395	-1.993637	0.134966	0.135689	0.136199	0.05207691360265017	2.6337448559670777e-05	0.13568662106990814
720	-2.001523	-1.997306	-1.994009	0.135129	0.135701	0.136148	0.05205431971699	3.9506172839506166e-05	0.13570082187652588
840	-2.000158	-1.996759	-1.993371	0.135314	0.135775	0.136235	0.05200882684439421	2.6337448559670777e-05	0.13577444851398468
960	-2.000423	-1.996434	-1.992172	0.135278	0.135819	0.136399	0.0519714280962944	3.9506172839506166e-05	0.1358196884393692
1080	-1.999754	-1.995821	-1.991670	0.135369	0.135902	0.136467	0.051924407854676245	3.9506172839506166e-05	0.13590189814567566
1200	-1.999770	-1.995303	-1.991643	0.135366	0.135973	0.136471	0.051876095682382585	2.6337448559670777e-05	0.13597242534160614
1320	-1.999931	-1.994730	-1.991070	0.135345	0.136051	0.136549	0.05182807855308056	3.9506172839506166e-05	0.13604968786239624
1440	-1.999214	-1.994369	-1.991687	0.135442	0.136100	0.136465	0.05179294552654028	3.9506172839506166e-05	0.13609960675239563
1560	-2.001345	-1.993819	-1.990473	0.135153	0.136175	0.136631	0.051745280995965	3.9506172839506166e-05	0.13617388904094696
1680	-2.001542	-1.993059	-1.989259	0.135127	0.136279	0.136797	0.051675652526319026	3.9506172839506166e-05	0.1362781971693039
1800	-2.001331	-1.992872	-1.987855	0.135155	0.136304	0.136989	0.05165635626763106	3.9506172839506166e-05	0.13630393147468567
1920	-2.001962	-1.992494	-1.986611	0.135070	0.136356	0.137159	0.05162613447755575	3.9506172839506166e-05	0.1363554298877716
2040	-2.001884	-1.992243	-1.986108	0.135080	0.136390	0.137229	0.05160344950854778	3.9506172839506166e-05	0.13638968765735626
2160	-2.001572	-1.992126	-1.985908	0.135123	0.136407	0.137256	0.051589088328182695	3.9506172839506166e-05	0.1364063173532486
2280	-2.002688	-1.991532	-1.983914	0.134972	0.136488	0.137530	0.05153307449072599	3.9506172839506166e-05	0.13648854196071625
2400	-2.004333	-1.991645	-1.982920	0.134750	0.136473	0.137667	0.05153909903019667	3.9506172839506166e-05	0.13647332787513733
2520	-2.005096	-1.991836	-1.983347	0.134647	0.136447	0.137608	0.051564276590943335	3.9506172839506166e-05	0.13644635677337646
2640	-2.004717	-1.991464	-1.982046	0.134698	0.136499	0.137787	0.05153036657720804	3.9506172839506166e-05	0.13649824261665344
2760	-2.006435	-1.991192	-1.981086	0.134467	0.136537	0.137919	0.05150779299438	3.9506172839506166e-05	0.13653624057769775
2880	-2.007524	-1.991129	-1.978934	0.134321	0.136546	0.138216	0.05149552952498197	3.9506172839506166e-05	0.1365465223789215
3000	-2.008988	-1.991177	-1.978816	0.134124	0.136540	0.138233	0.051502841711044314	3.9506172839506166e-05	0.136540025472641
3120	-2.010866	-1.990952	-1.977764	0.133873	0.136572	0.138378	0.051481982320547105	3.9506172839506166e-05	0.13657237589359283
3240	-2.013102	-1.990850	-1.975678	0.133574	0.136588	0.138667	0.05147379245609045	3.9506172839506166e-05	0.13658758997917175
3360	-2.014251	-1.990962	-1.975355	0.133420	0.136574	0.138712	0.051474292762577534	3.9506172839506166e-05	0.13657498359680176
3480	-2.015369	-1.990814	-1.974036	0.133271	0.136595	0.138895	0.05146687123924494	3.9506172839506166e-05	0.13659532368183136
3600	-2.016153	-1.991156	-1.973962	0.133167	0.136550	0.138905	0.0514969589188695	5.925925925925925e-05	0.1365499347448349
3720	-2.018006	-1.991265	-1.972924	0.132920	0.136537	0.139050	0.051506700739264485	3.9506172839506166e-05	0.13653689622879028
3840	-2.019820	-1.991560	-1.973660	0.132679	0.136498	0.138947	0.051535197719931605	3.9506172839506166e-05	0.13649769127368927
3960	-2.020539	-1.991661	-1.972333	0.132584	0.136486	0.139132	0.051540179550647734	3.9506172839506166e-05	0.13648636639118195
4080	-2.021244	-1.991870	-1.972624	0.132491	0.136459	0.139091	0.05155778080224991	3.9506172839506166e-05	0.13646002113819122
4200	-2.021969	-1.992000	-1.972259	0.132395	0.136442	0.139142	0.0515788871794939	3.9506172839506166e-05	0.1364416480064392
4320	-2.021901	-1.992090	-1.970321	0.132404	0.136432	0.139412	0.05158190056681633	3.9506172839506166e-05	0.13643188774585724
4440	-2.023125	-1.992258	-1.968790	0.132242	0.136411	0.139626	0.05159881319850683	5.925925925925925e-05	0.13641105592250824
4560	-2.025882	-1.992236	-1.967623	0.131877	0.136417	0.139789	0.05160050950944424	3.9506172839506166e-05	0.1364162266254425
4680	-2.027479	-1.992287	-1.966271	0.131667	0.136412	0.139978	0.05159009750932455	5.925925925925925e-05	0.1364133358001709
4800	-2.028195	-1.992334	-1.965377	0.131573	0.136407	0.140103	0.05160786435008049	3.9506172839506166e-05	0.1364070475101471
4920	-2.029330	-1.992669	-1.965763	0.131423	0.136364	0.140049	0.051633041352033615	3.9506172839506166e-05	0.13636381924152374
5040	-2.031024	-1.992554	-1.964730	0.131201	0.136382	0.140194	0.051627030968666075	5.925925925925925e-05	0.13638165593147278
5160	-2.032187	-1.992338	-1.963500	0.131049	0.136413	0.140366	0.051606529392302036	3.9506172839506166e-05	0.13641326129436493
5280	-2.033249	-1.992285	-1.962982	0.130910	0.136422	0.140439	0.05160773936659098	3.9506172839506166e-05	0.1364210993051529
5400	-2.033662	-1.992103	-1.961725	0.130855	0.136447	0.140616	0.051586387865245345	3.9506172839506166e-05	0.136447012424469
5520	-2.034376	-1.991695	-1.961048	0.130762	0.136504	0.140711	0.05155017916113138	3.9506172839506166e-05	0.13650363683700562
5640	-2.034646	-1.991444	-1.959937	0.130727	0.136539	0.140867	0.051528656668961045	2.6337448559670777e-05	0.13653871417045593
5760	-2.035602	-1.991310	-1.959199	0.130602	0.136559	0.140971	0.05151375643908977	3.9506172839506166e-05	0.13655897974967957
5880	-2.036633	-1.991048	-1.959254	0.130467	0.136595	0.140964	0.05149253625422716	3.9506172839506166e-05	0.13659480214118958
6000	-2.038290	-1.990825	-1.960412	0.130251	0.136628	0.140800	0.051469772681593896	3.9506172839506166e-05	0.13662803173065186
6120	-2.039176	-1.990746	-1.960182	0.130136	0.136640	0.140833	0.05146148968487978	5.925925925925925e-05	0.13664010167121887
6240	-2.040676	-1.990170	-1.959761	0.129941	0.136720	0.140892	0.05141878556460142	3.9506172839506166e-05	0.1367190033197403
6360	-2.041510	-1.989771	-1.959391	0.129832	0.136776	0.140944	0.0513780951499939	5.925925925925925e-05	0.13677507638931274
6480	-2.043527	-1.989267	-1.958939	0.129571	0.136848	0.141008	0.05132922325283289	2.6337448559670777e-05	0.13684794306755066
6600	-2.045258	-1.989406	-1.958624	0.129347	0.136830	0.141052	0.05134485512971878	3.9506172839506166e-05	0.13683003187179565
6720	-2.046266	-1.988961	-1.957956	0.129217	0.136892	0.141147	0.051308746263384816	5.925925925925925e-05	0.13689126074314117
6840	-2.046898	-1.988785	-1.957939	0.129135	0.136919	0.141149	0.051284749805927274	5.925925925925925e-05	0.1369188129901886
6960	-2.048119	-1.988555	-1.956436	0.128977	0.136953	0.141361	0.051262803561985495	5.925925925925925e-05	0.1369532346725464
7080	-2.048534	-1.988302	-1.955915	0.128924	0.136990	0.141435	0.0512518061324954	3.9506172839506166e-05	0.13698936998844147
7200	-2.048119	-1.988026	-1.956521	0.128977	0.137030	0.141349	0.051213147677481176	5.925925925925925e-05	0.13703033328056335
7320	-2.049546	-1.987883	-1.955658	0.128793	0.137051	0.141471	0.05120535288006067	3.9506172839506166e-05	0.1370510756969452
7440	-2.049939	-1.987588	-1.954516	0.128743	0.137093	0.141633	0.05118002351373434	3.9506172839506166e-05	0.1370932012796402
7560	-2.050689	-1.987449	-1.952971	0.128646	0.137116	0.141852	0.0511676074936986	5.925925925925925e-05	0.13711531460285187
7680	-2.052083	-1.987704	-1.952262	0.128467	0.137085	0.141953	0.05119515005499124	5.925925925925925e-05	0.13708344101905823
7800	-2.054492	-1.987679	-1.950851	0.128158	0.137093	0.142153	0.05118923094123602	5.925925925925925e-05	0.13709203898906708
7920	-2.057101	-1.987676	-1.950944	0.127824	0.137096	0.142140	0.051182293146848676	5.925925925925925e-05	0.1370970606803894
8040	-2.057297	-1.987568	-1.951400	0.127799	0.137113	0.142075	0.05118156224489212	5.925925925925925e-05	0.13711203634738922
8160	-2.058849	-1.987613	-1.950200	0.127601	0.137110	0.142246	0.05118400175124407	3.9506172839506166e-05	0.137109637260437
8280	-2.059883	-1.987602	-1.950579	0.127469	0.137113	0.142192	0.05118090733885765	5.925925925925925e-05	0.1371125876903534
8400	-2.060860	-1.987974	-1.949213	0.127344	0.137067	0.142386	0.0512114655226469	5.925925925925925e-05	0.13706718385219574
8520	-2.063140	-1.988331	-1.947150	0.127054	0.137024	0.142680	0.05125070307403803	5.925925925925925e-05	0.13702261447906494
8640	-2.066865	-1.988445	-1.947157	0.126582	0.137012	0.142679	0.05124964229762554	5.925925925925925e-05	0.13701282441616058
8760	-2.068858	-1.988668	-1.946808	0.126330	0.136985	0.142729	0.05127692557871342	5.925925925925925e-05	0.1369851678609848
8880	-2.070411	-1.988779	-1.946238	0.126134	0.136974	0.142810	0.05128437671810389	5.925925925925925e-05	0.1369743049144745
9000	-2.074233	-1.989131	-1.945828	0.125653	0.136932	0.142869	0.05131367240101099	3.9506172839506166e-05	0.13693229854106903
9120	-2.076349	-1.989022	-1.944460	0.125387	0.136952	0.143064	0.05130542982369661	5.925925925925925e-05	0.13695260882377625
9240	-2.077815	-1.989205	-1.943912	0.125203	0.136932	0.143143	0.05132135786116123	3.9506172839506166e-05	0.13693231344223022
9360	-2.078639	-1.988963	-1.942706	0.125100	0.136969	0.143316	0.051298557035624984	3.9506172839506166e-05	0.13697005808353424
9480	-2.079705	-1.988973	-1.941992	0.124967	0.136973	0.143418	0.05130558833479881	5.925925925925925e-05	0.1369728296995163
9600	-2.084126	-1.989617	-1.941943	0.124416	0.136893	0.143425	0.051372285932302475	5.925925925925925e-05	0.1368902176618576
9720	-2.087118	-1.989234	-1.939194	0.124044	0.136953	0.143820	0.05132730454206467	5.925925925925925e-05	0.13695259392261505
9840	-2.089643	-1.989332	-1.938786	0.123731	0.136945	0.143879	0.05134311653673649	5.925925925925925e-05	0.13694334030151367
9960	-2.092327	-1.988949	-1.937460	0.123400	0.137005	0.144069	0.05130289737135172	2.6337448559670777e-05	0.13700436055660248
10080	-2.094611	-1.989165	-1.937343	0.123118	0.136981	0.144086	0.05132379736751318	5.925925925925925e-05	0.13698045909404755
10200	-2.095617	-1.989389	-1.935898	0.122994	0.136955	0.144295	0.05133841559290886	3.9506172839506166e-05	0.1369546502828598
10320	-2.098331	-1.989768	-1.934943	0.122661	0.136911	0.144432	0.05136826690286398	3.9506172839506166e-05	0.13691169023513794
10440	-2.100962	-1.989482	-1.933017	0.122339	0.136958	0.144711	0.051343471929430964	3.9506172839506166e-05	0.1369587630033493
10560	-2.103063	-1.989354	-1.932800	0.122082	0.136983	0.144742	0.05133201722055673	5.925925925925925e-05	0.13698378205299377
10680	-2.104724	-1.989692	-1.933459	0.121879	0.136940	0.144647	0.0513676842674613	3.9506172839506166e-05	0.1369398683309555
10800	-2.106313	-1.989414	-1.933256	0.121686	0.136983	0.144676	0.05134806092828512	5.925925925925925e-05	0.13698233664035797
10920	-2.108464	-1.988964	-1.934003	0.121424	0.137050	0.144568	0.05130286570638418	5.925925925925925e-05	0.13705015182495117
11040	-2.109483	-1.988587	-1.934064	0.121301	0.137110	0.144560	0.05126954559236765	3.9506172839506166e-05	0.13710945844650269
11160	-2.110805	-1.988561	-1.933181	0.121140	0.137118	0.144687	0.05126452930271626	5.925925925925925e-05	0.1371183693408966
11280	-2.113905	-1.988585	-1.932150	0.120765	0.137123	0.144837	0.0512697109952569	5.925925925925925e-05	0.13712291419506073
11400	-2.115480	-1.988783	-1.932694	0.120575	0.137104	0.144758	0.05128673631697893	5.925925925925925e-05	0.13710296154022217
11520	-2.115667	-1.988658	-1.931365	0.120553	0.137126	0.144950	0.051279271207749846	5.925925925925925e-05	0.13712508976459503
11640	-2.118667	-1.988854	-1.930594	0.120192	0.137107	0.145062	0.05129009261727333	3.9506172839506166e-05	0.13710710406303406
11760	-2.120324	-1.988878	-1.929701	0.119993	0.137110	0.145192	0.051301665045320986	3.9506172839506166e-05	0.1371081918478012
11880	-2.120235	-1.988386	-1.929406	0.120003	0.137186	0.145234	0.05125161688774824	3.9506172839506166e-05	0.1371854692697525
12000	-2.121498	-1.988425	-1.930956	0.119852	0.137186	0.145010	0.051259235851466654	3.9506172839506166e-05	0.13718518614768982
12120	-2.123600	-1.988299	-1.928784	0.119600	0.137210	0.145325	0.0512461744248867	5.925925925925925e-05	0.1372092366218567
12240	-2.123970	-1.988416	-1.927008	0.119556	0.137198	0.145583	0.05125294085592032	5.925925925925925e-05	0.13719788193702698
12360	-2.125702	-1.988527	-1.925802	0.119349	0.137190	0.145759	0.0512635488063097	5.925925925925925e-05	0.13718979060649872
12480	-2.125698	-1.988405	-1.925068	0.119350	0.137211	0.145866	0.05125442147254944	3.9506172839506166e-05	0.13721075654029846
12600	-2.128620	-1.988518	-1.923647	0.119001	0.137204	0.146073	0.051260247081518176	3.9506172839506166e-05	0.13720391690731049
12720	-2.128427	-1.988128	-1.922721	0.119024	0.137263	0.146209	0.05123242009431124	5.925925925925925e-05	0.13726206123828888
12840	-2.129377	-1.987641	-1.922606	0.118911	0.137337	0.146225	0.051183842681348325	5.925925925925925e-05	0.13733604550361633
12960	-2.130882	-1.987754	-1.923872	0.118733	0.137327	0.146040	0.0511946726590395	5.925925925925925e-05	0.13732697069644928
13080	-2.133532	-1.987932	-1.921133	0.118418	0.137313	0.146441	0.051212082244455816	5.925925925925925e-05	0.13731254637241364
13200	-2.135649	-1.987779	-1.919147	0.118168	0.137342	0.146732	0.05119025036692619	5.925925925925925e-05	0.1373424082994461
13320	-2.136198	-1.987399	-1.918139	0.118103	0.137401	0.146880	0.05117173809558153	5.925925925925925e-05	0.1373997926712036
13440	-2.136356	-1.986817	-1.916087	0.118084	0.137494	0.147182	0.051106630638241765	5.925925925925925e-05	0.13749395310878754
13560	-2.137086	-1.987105	-1.916525	0.117998	0.137462	0.147117	0.051130708679556845	5.925925925925925e-05	0.13746215403079987
13680	-2.139354	-1.987099	-1.915145	0.117731	0.137477	0.147320	0.05114155951887369	5.925925925925925e-05	0.13747601211071014
13800	-2.139681	-1.987103	-1.915095	0.117692	0.137483	0.147328	0.051135228388011454	3.9506172839506166e-05	0.13748274743556976
13920	-2.142541	-1.987130	-1.914247	0.117356	0.137489	0.147453	0.051134991273283956	3.9506172839506166e-05	0.13748899102210999
14040	-2.143950	-1.987535	-1.913522	0.117191	0.137444	0.147560	0.05117367543280125	5.925925925925925e-05	0.13744299113750458
14160	-2.143915	-1.987567	-1.911282	0.117195	0.137444	0.147891	0.05117569025605917	5.925925925925925e-05	0.13744401931762695
14280	-2.143965	-1.987272	-1.909952	0.117189	0.137494	0.148088	0.051151036471128467	2.6337448559670777e-05	0.13749414682388306
14400	-2.146990	-1.987739	-1.909298	0.116835	0.137443	0.148184	0.05119386576116085	5.925925925925925e-05	0.13744281232357025
14520	-2.148172	-1.987541	-1.907524	0.116697	0.137481	0.148447	0.051176156662404534	5.925925925925925e-05	0.1374802142381668
14640	-2.151329	-1.987952	-1.905911	0.116329	0.137438	0.148687	0.051205918192863464	5.925925925925925e-05	0.13743856549263
14760	-2.153008	-1.987421	-1.904800	0.116134	0.137521	0.148852	0.051162160374224185	3.9506172839506166e-05	0.13752110302448273
14880	-2.152359	-1.987177	-1.903007	0.116210	0.137559	0.149120	0.0511409780010581	3.9506172839506166e-05	0.13755865395069122
15000	-2.152689	-1.987280	-1.902120	0.116171	0.137555	0.149252	0.05114421434700489	5.925925925925925e-05	0.137556254863739
15120	-2.154345	-1.987061	-1.901350	0.115979	0.137599	0.149367	0.05113586913794279	5.925925925925925e-05	0.13759812712669373
15240	-2.155226	-1.986888	-1.901291	0.115877	0.137629	0.149376	0.05111568924039602	5.925925925925925e-05	0.13762928545475006
15360	-2.157216	-1.986865	-1.901370	0.115647	0.137644	0.149364	0.05111725926399231	5.925925925925925e-05	0.1376430243253708
15480	-2.157324	-1.986670	-1.899169	0.115634	0.137685	0.149693	0.05110100694000721	5.925925925925925e-05	0.13768447935581207
15600	-2.159163	-1.986836	-1.897323	0.115422	0.137674	0.149970	0.051108671352267265	3.9506172839506166e-05	0.1376734972000122
15720	-2.161989	-1.986468	-1.896318	0.115096	0.137738	0.150120	0.05108303558081388	5.925925925925925e-05	0.1377369910478592
15840	-2.162541	-1.986317	-1.895562	0.115032	0.137775	0.150234	0.05106861591339111	5.925925925925925e-05	0.1377737671136856
15960	-2.163743	-1.986458	-1.895618	0.114894	0.137767	0.150226	0.05107284877449274	3.9506172839506166e-05	0.13776691257953644
16080	-2.166290	-1.986004	-1.891963	0.114602	0.137843	0.150775	0.05104169622063637	2.6337448559670777e-05	0.1378423422574997
16200	-2.165055	-1.986061	-1.891931	0.114744	0.137843	0.150780	0.05104460995644331	3.9506172839506166e-05	0.13784290850162506
16320	-2.166109	-1.985361	-1.890633	0.114623	0.137950	0.150976	0.050986033491790296	3.9506172839506166e-05	0.13794943690299988
16440	-2.167431	-1.985222	-1.888742	0.114471	0.137983	0.151262	0.050962715037167074	3.9506172839506166e-05	0.1379835307598114
16560	-2.168421	-1.985914	-1.888105	0.114358	0.137901	0.151358	0.051026680320501325	3.9506172839506166e-05	0.13790111243724823
16680	-2.168417	-1.985725	-1.886483	0.114359	0.137937	0.151604	0.05100771728903055	5.925925925925925e-05	0.13793699443340302
16800	-2.169876	-1.985755	-1.884638	0.114192	0.137943	0.151884	0.051002766378223895	3.9506172839506166e-05	0.13794362545013428
16920	-2.172644	-1.985787	-1.884486	0.113876	0.137951	0.151907	0.051015828549861905	3.9506172839506166e-05	0.13795147836208344
17040	-2.175024	-1.986056	-1.885426	0.113605	0.137926	0.151764	0.05103712137788534	3.9506172839506166e-05	0.1379266083240509
17160	-2.177058	-1.986095	-1.884475	0.113375	0.137931	0.151909	0.05103929322212934	3.9506172839506166e-05	0.13793160021305084
17280	-2.178420	-1.986004	-1.884138	0.113220	0.137952	0.151960	0.05104140676558018	5.925925925925925e-05	0.1379515677690506
17400	-2.180290	-1.985887	-1.883537	0.113009	0.137983	0.152051	0.05102921109646559	5.925925925925925e-05	0.1379818320274353
17520	-2.183548	-1.986378	-1.882568	0.112641	0.137932	0.152199	0.05106520522385836	2.6337448559670777e-05	0.1379321813583374
17640	-2.184073	-1.986657	-1.883278	0.112582	0.137905	0.152091	0.05109674595296383	5.925925925925925e-05	0.1379043608903885
17760	-2.185148	-1.986534	-1.882250	0.112461	0.137935	0.152247	0.05108463056385517	3.9506172839506166e-05	0.13793466985225677
17880	-2.184407	-1.986762	-1.883826	0.112545	0.137913	0.152007	0.051095517724752425	5.925925925925925e-05	0.13791418075561523
18000	-2.185054	-1.986442	-1.883113	0.112472	0.137971	0.152116	0.051076542027294634	5.925925925925925e-05	0.13797076046466827
18120	-2.185385	-1.985990	-1.882413	0.112434	0.138045	0.152222	0.051036512665450576	5.925925925925925e-05	0.13804474472999573
18240	-2.187611	-1.985692	-1.879792	0.112184	0.138100	0.152622	0.05101110767573118	5.925925925925925e-05	0.1380988359451294
18360	-2.190219	-1.985572	-1.878156	0.111892	0.138131	0.152872	0.05100355781614781	3.9506172839506166e-05	0.1381293088197708
18480	-2.192340	-1.986007	-1.880008	0.111655	0.138086	0.152589	0.051038589887321	3.9506172839506166e-05	0.13808514177799225
18600	-2.194012	-1.986165	-1.880300	0.111469	0.138076	0.152544	0.05105131305754185	3.9506172839506166e-05	0.1380757838487625
18720	-2.196682	-1.985856	-1.879528	0.111171	0.138133	0.152662	0.05102740190923214	5.925925925925925e-05	0.1381319761276245
18840	-2.198629	-1.985701	-1.879806	0.110955	0.138168	0.152620	0.05101087875664234	3.9506172839506166e-05	0.13816744089126587
18960	-2.199259	-1.985209	-1.876863	0.110885	0.138252	0.153069	0.050972442142665386	3.9506172839506166e-05	0.13825081288814545
19080	-2.200677	-1.985278	-1.875993	0.110728	0.138259	0.153203	0.050967023335397245	3.9506172839506166e-05	0.13825921714305878
19200	-2.203840	-1.986121	-1.875848	0.110379	0.138153	0.153225	0.051039513759315015	3.9506172839506166e-05	0.13815391063690186
19320	-2.206438	-1.986691	-1.875846	0.110092	0.138086	0.153225	0.05108869206160307	5.925925925925925e-05	0.13808761537075043
19440	-2.207426	-1.986549	-1.873048	0.109983	0.138125	0.153655	0.05108309220522642	5.925925925925925e-05	0.13812462985515594
19560	-2.208381	-1.986409	-1.872184	0.109878	0.138159	0.153787	0.051072942279279235	5.925925925925925e-05	0.13815872371196747
19680	-2.210804	-1.986624	-1.871608	0.109613	0.138146	0.153876	0.05108464639633894	5.925925925925925e-05	0.13814693689346313
19800	-2.213086	-1.986508	-1.869433	0.109363	0.138178	0.154211	0.05108248423784971	5.925925925925925e-05	0.1381775587797165
19920	-2.215470	-1.986583	-1.867090	0.109102	0.138190	0.154573	0.051080834865570066	5.925925925925925e-05	0.13819058239459991
20040	-2.215892	-1.986899	-1.869117	0.109056	0.138153	0.154260	0.051114458590745926	3.9506172839506166e-05	0.1381532847881317
20160	-2.216943	-1.987134	-1.867473	0.108942	0.138135	0.154514	0.05113431587815285	5.925925925925925e-05	0.13813520967960358
20280	-2.219668	-1.987039	-1.866328	0.108645	0.138168	0.154691	0.05112961418926716	3.9506172839506166e-05	0.13816824555397034
20400	-2.222352	-1.986932	-1.864706	0.108354	0.138196	0.154942	0.05112575702369213	5.925925925925925e-05	0.13819514214992523
20520	-2.223989	-1.987053	-1.864715	0.108177	0.138192	0.154940	0.05112955812364817	3.9506172839506166e-05	0.13819172978401184
20640	-2.225838	-1.987133	-1.864807	0.107977	0.138193	0.154926	0.051139818504452705	5.925925925925925e-05	0.1381925791501999
20760	-2.229253	-1.986853	-1.863100	0.107609	0.138248	0.155191	0.05111533831804991	5.925925925925925e-05	0.13824795186519623
20880	-2.231496	-1.986704	-1.862129	0.107368	0.138289	0.155342	0.05110537949949503	5.925925925925925e-05	0.13828788697719574
21000	-2.232923	-1.986494	-1.862703	0.107215	0.138332	0.155252	0.051087445206940175	5.925925925925925e-05	0.13833080232143402
21120	-2.234725	-1.986615	-1.862258	0.107022	0.138329	0.155321	0.051081068068742755	5.925925925925925e-05	0.13833042979240417
21240	-2.236344	-1.986960	-1.862573	0.106848	0.138291	0.155273	0.051116099767386916	5.925925925925925e-05	0.13829173147678375
21360	-2.239110	-1.986691	-1.859724	0.106553	0.138347	0.155716	0.051106832548975946	3.9506172839506166e-05	0.13834553956985474
21480	-2.240571	-1.986275	-1.859386	0.106398	0.138419	0.155768	0.05106776338070631	5.925925925925925e-05	0.13841767609119415
21600	-2.242405	-1.986072	-1.858340	0.106203	0.138456	0.155931	0.0510562639683485	5.925925925925925e-05	0.13845422863960266
21720	-2.242049	-1.985546	-1.857031	0.106241	0.138540	0.156136	0.05100381877273321	5.925925925925925e-05	0.1385384202003479
21840	-2.242894	-1.985371	-1.857676	0.106151	0.138573	0.156035	0.05098625980317593	3.9506172839506166e-05	0.13857223093509674
21960	-2.244010	-1.985352	-1.856262	0.106032	0.138592	0.156256	0.05097952485084534	3.9506172839506166e-05	0.13859131932258606
22080	-2.246243	-1.985165	-1.855953	0.105796	0.138642	0.156304	0.05096395369619131	5.925925925925925e-05	0.1386411190032959
22200	-2.248553	-1.985338	-1.855073	0.105552	0.138640	0.156442	0.05096943881362677	5.925925925925925e-05	0.1386404186487198
22320	-2.250443	-1.985397	-1.855419	0.105353	0.138653	0.156387	0.05097661372274161	2.6337448559670777e-05	0.13865357637405396
22440	-2.250291	-1.985555	-1.854554	0.105369	0.138642	0.156523	0.05099758636206388	2.6337448559670777e-05	0.1386415958404541
22560	-2.250733	-1.985226	-1.854389	0.105322	0.138694	0.156549	0.05096820872277021	3.9506172839506166e-05	0.13869360089302063
22680	-2.252675	-1.984796	-1.854078	0.105118	0.138768	0.156597	0.05093744173645973	5.925925925925925e-05	0.1387661248445511
22800	-2.254748	-1.984434	-1.853906	0.104900	0.138839	0.156624	0.050902527384459974	5.925925925925925e-05	0.13883711397647858
22920	-2.254450	-1.984524	-1.853598	0.104931	0.138840	0.156672	0.05090001467615366	5.925925925925925e-05	0.13883990049362183
23040	-2.257487	-1.984464	-1.850623	0.104613	0.138865	0.157139	0.050894367322325704	5.925925925925925e-05	0.138865664601326
23160	-2.259823	-1.983834	-1.850048	0.104369	0.138964	0.157230	0.0508486969396472	3.9506172839506166e-05	0.13896268606185913
23280	-2.261283	-1.983312	-1.848813	0.104217	0.139057	0.157424	0.05079249441623688	5.925925925925925e-05	0.13905659317970276
23400	-2.264924	-1.983487	-1.848290	0.103838	0.139060	0.157506	0.05081845242530107	3.9506172839506166e-05	0.13905760645866394
23520	-2.268280	-1.983406	-1.847268	0.103490	0.139089	0.157667	0.05080080330371857	5.925925925925925e-05	0.13908907771110535
23640	-2.268884	-1.983395	-1.846312	0.103428	0.139109	0.157818	0.05080552063882351	5.925925925925925e-05	0.1391076147556305
23760	-2.270647	-1.983113	-1.844845	0.103245	0.139166	0.158050	0.050777165405452254	3.9506172839506166e-05	0.13916610181331635
23880	-2.271415	-1.983079	-1.845817	0.103166	0.139184	0.157896	0.050772606208920476	3.9506172839506166e-05	0.13918408751487732
24000	-2.274992	-1.982943	-1.843748	0.102798	0.139223	0.158223	0.05076037812978029	5.925925925925925e-05	0.1392228901386261
24120	-2.276444	-1.982722	-1.842473	0.102649	0.139268	0.158425	0.05074273776262998	3.9506172839506166e-05	0.1392674744129181
24240	-2.277263	-1.982420	-1.840812	0.102565	0.139324	0.158689	0.05071434751152992	5.925925925925925e-05	0.13932383060455322
24360	-2.278535	-1.982200	-1.841552	0.102434	0.139364	0.158571	0.05070914477109909	3.9506172839506166e-05	0.1393614560365677
24480	-2.280359	-1.981681	-1.842096	0.102247	0.139462	0.158485	0.050652948394417766	3.9506172839506166e-05	0.1394609659910202
24600	-2.280972	-1.981378	-1.840808	0.102185	0.139528	0.158689	0.05061655919998884	3.9506172839506166e-05	0.139528289437294
24720	-2.281453	-1.980856	-1.839182	0.102136	0.139612	0.158947	0.050573413632810114	2.6337448559670777e-05	0.13961251080036163
24840	-2.283997	-1.980584	-1.839529	0.101876	0.139667	0.158892	0.05054888166487217	3.9506172839506166e-05	0.13966648280620575
24960	-2.285415	-1.980498	-1.838392	0.101732	0.139705	0.159073	0.05054106991738081	5.925925925925925e-05	0.13970500230789185
25080	-2.287008	-1.980461	-1.838571	0.101570	0.139728	0.159045	0.050535444542765616	5.925925925925925e-05	0.13972827792167664
25200	-2.287096	-1.980009	-1.835960	0.101561	0.139816	0.159460	0.05049885995686054	5.925925925925925e-05	0.13981498777866364
25320	-2.288817	-1.980139	-1.835363	0.101386	0.139822	0.159556	0.05050936844199896	5.925925925925925e-05	0.13982102274894714
25440	-2.292320	-1.979801	-1.833798	0.101032	0.139899	0.159806	0.05048278197646141	3.9506172839506166e-05	0.1398979276418686
25560	-2.291151	-1.979595	-1.831886	0.101150	0.139931	0.160111	0.05046436488628388	5.925925925925925e-05	0.13992954790592194
25680	-2.291523	-1.979473	-1.830553	0.101112	0.139970	0.160325	0.05044788438826799	3.9506172839506166e-05	0.1399690955877304
25800	-2.295257	-1.979333	-1.828887	0.100735	0.140021	0.160592	0.050438953563570976	5.925925925925925e-05	0.14002008736133575
25920	-2.297911	-1.979264	-1.828283	0.100469	0.140054	0.160689	0.05043573621660471	3.9506172839506166e-05	0.14005258679389954
26040	-2.299471	-1.979127	-1.829042	0.100312	0.140092	0.160567	0.05041629318147898	5.925925925925925e-05	0.1400914490222931
26160	-2.300755	-1.978887	-1.828173	0.100183	0.140143	0.160707	0.0503985607996583	3.9506172839506166e-05	0.1401427686214447
26280	-2.302601	-1.978844	-1.827172	0.099998	0.140167	0.160868	0.05039077773690224	3.9506172839506166e-05	0.14016743004322052
26400	-2.305405	-1.979150	-1.827261	0.099718	0.140151	0.160853	0.050419718585908414	3.9506172839506166e-05	0.14015021920204163
26520	-2.306888	-1.979129	-1.825660	0.099571	0.140170	0.161111	0.05041618011891842	5.925925925925925e-05	0.14016945660114288
26640	-2.308892	-1.978859	-1.824609	0.099371	0.140222	0.161281	0.05038944762200117	3.9506172839506166e-05	0.14022178947925568
26760	-2.308722	-1.978756	-1.824266	0.099388	0.140243	0.161336	0.05038828980177641	3.9506172839506166e-05	0.14024274051189423
26880	-2.310499	-1.978602	-1.823972	0.099212	0.140283	0.161384	0.050375880859792235	3.9506172839506166e-05	0.14028194546699524
27000	-2.312805	-1.978224	-1.823814	0.098983	0.140354	0.161409	0.05033876411616802	5.925925925925925e-05	0.1403532177209854
27120	-2.316297	-1.978474	-1.825174	0.098638	0.140349	0.161190	0.05036165248602629	2.6337448559670777e-05	0.14034846425056458
27240	-2.319327	-1.978305	-1.822985	0.098340	0.140405	0.161543	0.05034528691321612	5.925925925925925e-05	0.14040397107601166
27360	-2.321089	-1.977802	-1.820257	0.098167	0.140509	0.161984	0.050301074795424935	5.925925925925925e-05	0.1405082494020462
27480	-2.322642	-1.977460	-1.819000	0.098014	0.140576	0.162188	0.05027325637638569	3.9506172839506166e-05	0.1405745893716812
27600	-2.325050	-1.977440	-1.820174	0.097779	0.140600	0.161998	0.050262953899800775	5.925925925925925e-05	0.1406002640724182
27720	-2.326576	-1.977632	-1.819356	0.097629	0.140592	0.162130	0.05027883592993021	3.9506172839506166e-05	0.14059165120124817
27840	-2.328349	-1.977455	-1.816842	0.097456	0.140638	0.162538	0.05027130413800478	3.9506172839506166e-05	0.14063632488250732
27960	-2.328907	-1.977137	-1.815670	0.097402	0.140705	0.162729	0.050236282870173454	3.9506172839506166e-05	0.14070528745651245
28080	-2.330916	-1.977060	-1.816099	0.097207	0.140726	0.162659	0.05023036673665047	3.9506172839506166e-05	0.14072556793689728
28200	-2.332890	-1.977369	-1.816937	0.097015	0.140699	0.162523	0.050260761938989165	5.925925925925925e-05	0.14069785177707672
28320	-2.335567	-1.977243	-1.816151	0.096756	0.140738	0.162651	0.05024597179144621	3.9506172839506166e-05	0.14073772728443146
28440	-2.337121	-1.977072	-1.815008	0.096605	0.140795	0.162837	0.05024050269275904	5.925925925925925e-05	0.14079388976097107
28560	-2.337722	-1.977075	-1.814381	0.096547	0.140805	0.162939	0.05023653488606215	5.925925925925925e-05	0.14080370962619781
28680	-2.339716	-1.976933	-1.815791	0.096355	0.140839	0.162709	0.05022109597921372	2.6337448559670777e-05	0.14083896577358246
28800	-2.341626	-1.976688	-1.815550	0.096171	0.140894	0.162748	0.05019931495189667	5.925925925925925e-05	0.14089331030845642
28920	-2.343388	-1.976830	-1.813661	0.096002	0.140896	0.163056	0.05020754970610142	5.925925925925925e-05	0.14089632034301758
29040	-2.345669	-1.976925	-1.812773	0.095783	0.140902	0.163201	0.05021397266536951	2.6337448559670777e-05	0.14090268313884735
29160	-2.347208	-1.977377	-1.813955	0.095636	0.140847	0.163008	0.05026575494557619	5.925925925925925e-05	0.1408453732728958
29280	-2.350946	-1.977296	-1.813144	0.095279	0.140887	0.163140	0.05025164894759655	5.925925925925925e-05	0.14088641107082367
29400	-2.352070	-1.977249	-1.812063	0.095172	0.140909	0.163317	0.05025374125689268	3.9506172839506166e-05	0.14090819656848907
29520	-2.353803	-1.977043	-1.811980	0.095007	0.140954	0.163330	0.050232524238526824	5.925925925925925e-05	0.1409529745578766
29640	-2.355025	-1.977214	-1.810796	0.094891	0.140949	0.163524	0.05024244971573353	3.9506172839506166e-05	0.14094938337802887
29760	-2.357110	-1.977431	-1.810836	0.094693	0.140940	0.163517	0.05026205815374851	5.925925925925925e-05	0.14093972742557526
29880	-2.357787	-1.976957	-1.810941	0.094629	0.141029	0.163500	0.05022297129034996	3.9506172839506166e-05	0.14102807641029358
30000	-2.358447	-1.976954	-1.807891	0.094567	0.141047	0.164000	0.050231533125042915	5.925925925925925e-05	0.14104469120502472
30120	-2.359595	-1.976679	-1.806766	0.094458	0.141111	0.164184	0.05020303763449192	3.9506172839506166e-05	0.1411106288433075
30240	-2.361543	-1.976386	-1.806598	0.094275	0.141184	0.164212	0.05016997288912535	5.925925925925925e-05	0.1411839723587036
30360	-2.363128	-1.976082	-1.806934	0.094125	0.141246	0.164157	0.05014360342174769	3.9506172839506166e-05	0.14124499261379242
30480	-2.364006	-1.976406	-1.807467	0.094043	0.141228	0.164069	0.05017077773809433	5.925925925925925e-05	0.14122769236564636
30600	-2.365971	-1.976125	-1.804291	0.093858	0.141296	0.164591	0.05014952830970287	3.9506172839506166e-05	0.14129585027694702
30720	-2.367157	-1.976066	-1.803455	0.093747	0.141317	0.164729	0.050143740698695184	3.9506172839506166e-05	0.14131709933280945
30840	-2.369718	-1.976194	-1.802216	0.093507	0.141329	0.164933	0.050154894776642325	5.925925925925925e-05	0.1413276046514511
30960	-2.371965	-1.976164	-1.801285	0.093297	0.141354	0.165087	0.05015798732638359	5.925925925925925e-05	0.14135171473026276
31080	-2.372687	-1.976074	-1.800317	0.093230	0.141379	0.165247	0.050140502862632275	3.9506172839506166e-05	0.1413789540529251
31200	-2.376967	-1.975764	-1.798888	0.092832	0.141452	0.165483	0.05011364668607712	5.925925925925925e-05	0.1414521187543869
31320	-2.378181	-1.976057	-1.799441	0.092719	0.141438	0.165391	0.050142374634742734	3.9506172839506166e-05	0.1414371281862259
31440	-2.381453	-1.976382	-1.799112	0.092416	0.141427	0.165446	0.05016555953770876	3.9506172839506166e-05	0.14142730832099915
31560	-2.381536	-1.976268	-1.798935	0.092408	0.141462	0.165475	0.05015960559248924	2.6337448559670777e-05	0.1414622813463211
31680	-2.381419	-1.975996	-1.797799	0.092419	0.141514	0.165663	0.050131615996360776	5.925925925925925e-05	0.1415146440267563
31800	-2.383077	-1.975825	-1.797059	0.092266	0.141553	0.165786	0.05011510271579027	5.925925925925925e-05	0.1415536254644394
31920	-2.384589	-1.975469	-1.794128	0.092127	0.141619	0.166272	0.0500914404168725	3.9506172839506166e-05	0.14161816239356995
32040	-2.384384	-1.975488	-1.794980	0.092146	0.141634	0.166131	0.05008744243532419	5.925925925925925e-05	0.1416338086128235
32160	-2.386704	-1.975210	-1.794926	0.091932	0.141708	0.166140	0.050073750875890256	3.9506172839506166e-05	0.1417074203491211
32280	-2.387825	-1.974882	-1.794009	0.091829	0.141777	0.166292	0.05004044827073813	3.9506172839506166e-05	0.14177578687667847
32400	-2.388312	-1.974621	-1.794381	0.091784	0.141835	0.166230	0.05001332741230726	5.925925925925925e-05	0.1418343484401703
32520	-2.390149	-1.974706	-1.791664	0.091616	0.141840	0.166683	0.05001516342163086	3.9506172839506166e-05	0.14184053242206573
32640	-2.390331	-1.974550	-1.789745	0.091599	0.141884	0.167003	0.050003600865602495	2.6337448559670777e-05	0.14188382029533386
32760	-2.390754	-1.974073	-1.788066	0.091561	0.141980	0.167283	0.049967927299439906	3.9506172839506166e-05	0.14197857677936554
32880	-2.391333	-1.973792	-1.786682	0.091508	0.142044	0.167515	0.049943493120372294	3.9506172839506166e-05	0.14204294979572296
33000	-2.393657	-1.973251	-1.785894	0.091295	0.142144	0.167647	0.04989281930029392	3.9506172839506166e-05	0.1421431303024292
33120	-2.394202	-1.973266	-1.785820	0.091245	0.142168	0.167659	0.049892626516520974	3.9506172839506166e-05	0.14216729998588562
33240	-2.395752	-1.972986	-1.784492	0.091104	0.142233	0.167882	0.04986613262444735	3.9506172839506166e-05	0.14223264157772064
33360	-2.397158	-1.972904	-1.782073	0.090976	0.142267	0.168289	0.04985894430428743	5.925925925925925e-05	0.14226625859737396
33480	-2.399585	-1.972579	-1.781801	0.090756	0.142343	0.168335	0.04982451181858778	3.9506172839506166e-05	0.14234322309494019
33600	-2.400721	-1.972895	-1.781328	0.090653	0.142332	0.168414	0.0498486028984189	5.925925925925925e-05	0.142332524061203
33720	-2.402777	-1.972891	-1.781919	0.090466	0.142353	0.168315	0.049857334420084956	5.925925925925925e-05	0.14235228300094604
33840	-2.404350	-1.972773	-1.781322	0.090324	0.142408	0.168415	0.049843676201999185	5.925925925925925e-05	0.1424078345298767
33960	-2.407093	-1.972196	-1.778742	0.090077	0.142515	0.168850	0.04979943241924047	3.9506172839506166e-05	0.14251422882080078
34080	-2.409854	-1.972129	-1.778347	0.089828	0.142559	0.168917	0.04978741761296988	3.9506172839506166e-05	0.1425592452287674
34200	-2.411065	-1.971940	-1.776987	0.089720	0.142614	0.169147	0.04977007117122412	3.9506172839506166e-05	0.14261385798454285
34320	-2.413830	-1.972094	-1.775628	0.089472	0.142626	0.169377	0.049787907116115096	2.6337448559670777e-05	0.14262531697750092
34440	-2.414314	-1.971661	-1.774564	0.089429	0.142702	0.169557	0.04974582120776176	5.925925925925925e-05	0.1427011638879776
34560	-2.415975	-1.971517	-1.773781	0.089280	0.142748	0.169690	0.049741775169968604	2.6337448559670777e-05	0.14274652302265167
34680	-2.417732	-1.971008	-1.772478	0.089124	0.142845	0.169912	0.0496829554438591	3.9506172839506166e-05	0.14284542202949524
34800	-2.418544	-1.971293	-1.771601	0.089051	0.142825	0.170060	0.04971538353711367	3.9506172839506166e-05	0.14282481372356415
34920	-2.419936	-1.971555	-1.771902	0.088927	0.142817	0.170009	0.049733630195260045	3.9506172839506166e-05	0.14281640946865082
35040	-2.421459	-1.972010	-1.772645	0.088792	0.142773	0.169883	0.049772105552256106	2.6337448559670777e-05	0.14277376234531403
35160	-2.424097	-1.972298	-1.771270	0.088558	0.142773	0.170117	0.049801495671272275	3.9506172839506166e-05	0.14277277886867523
35280	-2.426019	-1.972358	-1.771538	0.088388	0.142790	0.170071	0.04980454221367836	5.925925925925925e-05	0.1427897959947586
35400	-2.425253	-1.972183	-1.768868	0.088456	0.142821	0.170526	0.04979315418750048	5.925925925925925e-05	0.1428207904100418
35520	-2.426975	-1.972211	-1.768892	0.088304	0.142845	0.170522	0.04979807045310736	3.9506172839506166e-05	0.14284463226795197
35640	-2.429083	-1.972222	-1.768542	0.088118	0.142857	0.170582	0.04979325849562884	5.925925925925925e-05	0.14285732805728912
35760	-2.430317	-1.971788	-1.768058	0.088009	0.142949	0.170664	0.049761220812797546	2.6337448559670777e-05	0.14294810593128204
35880	-2.432073	-1.971555	-1.767361	0.087854	0.143008	0.170783	0.04973377659916878	3.9506172839506166e-05	0.14300791919231415
36000	-2.432517	-1.971004	-1.766556	0.087815	0.143113	0.170921	0.04969781059771776	3.9506172839506166e-05	0.1431111842393875
36120	-2.434854	-1.970614	-1.765283	0.087611	0.143189	0.171138	0.0496497506275773	3.9506172839506166e-05	0.14318940043449402
36240	-2.434930	-1.969873	-1.763581	0.087604	0.143317	0.171430	0.04958755876868963	3.9506172839506166e-05	0.14331616461277008
36360	-2.436931	-1.969856	-1.762853	0.087429	0.143353	0.171555	0.0495842169970274	5.925925925925925e-05	0.14335207641124725
36480	-2.437679	-1.969770	-1.763176	0.087363	0.143377	0.171499	0.04957722760736942	5.925925925925925e-05	0.14337608218193054
36600	-2.439064	-1.969720	-1.762688	0.087242	0.143404	0.171583	0.049567753076553346	3.9506172839506166e-05	0.1434040069580078
36720	-2.439497	-1.970039	-1.762946	0.087205	0.143373	0.171539	0.049604115262627604	5.925925925925925e-05	0.14337116479873657
36840	-2.438937	-1.969724	-1.761295	0.087254	0.143450	0.171822	0.04957116972655058	5.925925925925925e-05	0.14344997704029083
36960	-2.439298	-1.969360	-1.760111	0.087222	0.143516	0.172026	0.04954610615968704	3.9506172839506166e-05	0.14351478219032288
37080	-2.440390	-1.968967	-1.759483	0.087127	0.143595	0.172134	0.04950029216706753	3.9506172839506166e-05	0.14359527826309204
37200	-2.441452	-1.968570	-1.759552	0.087034	0.143666	0.172122	0.049473327584564686	5.925925925925925e-05	0.1436646729707718
37320	-2.442835	-1.968544	-1.757035	0.086914	0.143687	0.172556	0.04946187306195497	2.6337448559670777e-05	0.14368672668933868
37440	-2.442981	-1.968367	-1.755340	0.086901	0.143729	0.172848	0.049445784837007525	5.925925925925925e-05	0.14372871816158295
37560	-2.443471	-1.968127	-1.754045	0.086859	0.143780	0.173072	0.049429258517920974	5.925925925925925e-05	0.14377935230731964
37680	-2.444683	-1.967803	-1.752698	0.086754	0.143851	0.173306	0.04939859677106142	5.925925925925925e-05	0.1438502073287964
37800	-2.445562	-1.967334	-1.750445	0.086677	0.143937	0.173697	0.04936049655079842	3.9506172839506166e-05	0.1439359486103058
37920	-2.447120	-1.967156	-1.747906	0.086542	0.143983	0.174138	0.049340989999473096	3.9506172839506166e-05	0.14398284256458282
38040	-2.448051	-1.966896	-1.747164	0.086462	0.144034	0.174267	0.049322197772562505	3.9506172839506166e-05	0.14403311908245087
38160	-2.448339	-1.966408	-1.744813	0.086437	0.144109	0.174678	0.049275020509958266	5.925925925925925e-05	0.14410868287086487
38280	-2.448628	-1.966403	-1.743248	0.086412	0.144135	0.174951	0.049265943467617035	5.925925925925925e-05	0.1441359966993332
38400	-2.449042	-1.966032	-1.743212	0.086376	0.144213	0.174958	0.04924144577234983	3.9506172839506166e-05	0.14421270787715912
38520	-2.450362	-1.965738	-1.743787	0.086262	0.144273	0.174857	0.04921414162963629	3.9506172839506166e-05	0.14427228271961212
38640	-2.449402	-1.965517	-1.742842	0.086345	0.144325	0.175022	0.04919787440448999	3.9506172839506166e-05	0.14432422816753387
38760	-2.451008	-1.965245	-1.742496	0.086207	0.144387	0.175083	0.0491698119789362	3.9506172839506166e-05	0.1443871706724167
38880	-2.451899	-1.964528	-1.740086	0.086130	0.144523	0.175505	0.04910620637238026	2.6337448559670777e-05	0.1445227712392807
39000	-2.453754	-1.964337	-1.740703	0.085970	0.144573	0.175397	0.04908520393073559	5.925925925925925e-05	0.1445721983909607
39120	-2.453950	-1.963941	-1.738411	0.085953	0.144666	0.175799	0.049053123034536836	3.9506172839506166e-05	0.14466515183448792
39240	-2.454940	-1.963746	-1.738737	0.085868	0.144710	0.175742	0.04903998002409935	3.9506172839506166e-05	0.14470914006233215
39360	-2.454911	-1.963463	-1.738070	0.085871	0.144773	0.175860	0.049004868045449256	3.9506172839506166e-05	0.14477264881134033
39480	-2.453602	-1.962693	-1.738164	0.085983	0.144901	0.175843	0.0489387508481741	5.925925925925925e-05	0.1449008733034134
39600	-2.454080	-1.961987	-1.738126	0.085942	0.145026	0.175850	0.04887959379702807	2.6337448559670777e-05	0.14502476155757904
39720	-2.455275	-1.961731	-1.738137	0.085840	0.145080	0.175848	0.04885282553732395	2.6337448559670777e-05	0.14507991075515747
39840	-2.455117	-1.961323	-1.737960	0.085853	0.145145	0.175879	0.04881451781839132	2.6337448559670777e-05	0.14514456689357758
39960	-2.454366	-1.961224	-1.737633	0.085918	0.145168	0.175936	0.04881298057734966	3.9506172839506166e-05	0.14516647160053253
40080	-2.453890	-1.960803	-1.734772	0.085959	0.145251	0.176440	0.0487693889066577	3.9506172839506166e-05	0.14525094628334045
40200	-2.453532	-1.960391	-1.733131	0.085989	0.145338	0.176730	0.04873092155903578	3.9506172839506166e-05	0.1453375518321991
40320	-2.453718	-1.960260	-1.732946	0.085973	0.145359	0.176763	0.04872348196804523	3.9506172839506166e-05	0.14535795152187347
40440	-2.455661	-1.959815	-1.731758	0.085806	0.145450	0.176973	0.048681788705289365	5.925925925925925e-05	0.14544974267482758
40560	-2.455785	-1.959741	-1.731479	0.085796	0.145468	0.177022	0.04867318421602249	3.9506172839506166e-05	0.1454678326845169
40680	-2.456837	-1.959252	-1.730450	0.085706	0.145548	0.177205	0.04863154180347919	3.9506172839506166e-05	0.1455473154783249
40800	-2.457312	-1.958873	-1.729551	0.085665	0.145622	0.177364	0.04859425388276577	3.9506172839506166e-05	0.14562223851680756
40920	-2.458523	-1.958626	-1.728673	0.085561	0.145688	0.177520	0.04857499524950981	5.925925925925925e-05	0.14568749070167542
41040	-2.458204	-1.957997	-1.727604	0.085589	0.145796	0.177710	0.04851636439561844	3.9506172839506166e-05	0.14579567313194275
41160	-2.460131	-1.957932	-1.725810	0.085424	0.145836	0.178029	0.04851131159812212	3.9506172839506166e-05	0.14583557844161987
41280	-2.460283	-1.957836	-1.725304	0.085411	0.145862	0.178119	0.04850180856883526	3.9506172839506166e-05	0.1458619385957718
41400	-2.460485	-1.957339	-1.724348	0.085394	0.145960	0.178289	0.048462994210422036	2.6337448559670777e-05	0.14595820009708405
41520	-2.460584	-1.956648	-1.723804	0.085385	0.146080	0.178386	0.048400386795401575	3.9506172839506166e-05	0.14607888460159302
41640	-2.462400	-1.956106	-1.722714	0.085230	0.146176	0.178581	0.04834516253322363	3.9506172839506166e-05	0.14617639780044556
41760	-2.462837	-1.956074	-1.722112	0.085193	0.146203	0.178688	0.0483464302495122	5.925925925925925e-05	0.146201953291893
41880	-2.462935	-1.956158	-1.723360	0.085185	0.146207	0.178466	0.048351100832223895	5.925925925925925e-05	0.14620627462863922
42000	-2.463555	-1.956045	-1.722087	0.085132	0.146250	0.178693	0.048337890394032	3.9506172839506166e-05	0.14625050127506256
42120	-2.464754	-1.956183	-1.723488	0.085030	0.146257	0.178443	0.04834888800978661	3.9506172839506166e-05	0.14625775814056396
42240	-2.465242	-1.955740	-1.722525	0.084988	0.146350	0.178615	0.048316985927522184	3.9506172839506166e-05	0.14634917676448822
42360	-2.466054	-1.955276	-1.722773	0.084919	0.146435	0.178570	0.048274286463856696	5.925925925925925e-05	0.14643408358097076
42480	-2.467587	-1.955125	-1.721748	0.084789	0.146482	0.178753	0.04825732372701168	3.9506172839506166e-05	0.14648151397705078
42600	-2.468940	-1.955139	-1.722270	0.084675	0.146496	0.178660	0.048261156864464284	3.9506172839506166e-05	0.14649516344070435
42720	-2.468323	-1.954661	-1.721786	0.084727	0.146579	0.178747	0.04820951130241156	5.925925925925925e-05	0.14657972753047943
42840	-2.468843	-1.954248	-1.720252	0.084683	0.146675	0.179021	0.04818128645420074	3.9506172839506166e-05	0.14667394757270813
42960	-2.469481	-1.953801	-1.719171	0.084629	0.146771	0.179215	0.048146034218370916	5.925925925925925e-05	0.14676904678344727
43080	-2.468995	-1.953180	-1.718596	0.084670	0.146887	0.179318	0.04808301795274019	2.6337448559670777e-05	0.14688712358474731
43200	-2.469869	-1.953043	-1.719607	0.084596	0.146934	0.179137	0.0480752332136035	3.9506172839506166e-05	0.14693304896354675
43320	-2.470559	-1.952705	-1.718831	0.084538	0.146999	0.179276	0.04804182294756174	3.9506172839506166e-05	0.14699877798557281
43440	-2.473047	-1.952407	-1.717831	0.084328	0.147066	0.179455	0.048018763028085235	3.9506172839506166e-05	0.14706458151340485
43560	-2.472712	-1.952143	-1.716817	0.084356	0.147123	0.179637	0.04798776339739561	5.925925925925925e-05	0.1471228450536728
43680	-2.472039	-1.951640	-1.714863	0.084413	0.147221	0.179988	0.04794092494994402	3.9506172839506166e-05	0.14722134172916412
43800	-2.472578	-1.951676	-1.715284	0.084367	0.147236	0.179913	0.04795030038803816	3.9506172839506166e-05	0.14723479747772217
43920	-2.472629	-1.951340	-1.715101	0.084363	0.147316	0.179945	0.04792394563555717	3.9506172839506166e-05	0.14731432497501373
44040	-2.473592	-1.951250	-1.713946	0.084282	0.147356	0.180154	0.04790644198656082	5.925925925925925e-05	0.1473557949066162
44160	-2.473708	-1.950994	-1.713118	0.084272	0.147421	0.180303	0.04789275340735912	3.9506172839506166e-05	0.14742016792297363
44280	-2.473936	-1.951061	-1.712820	0.084253	0.147444	0.180357	0.04789021816104651	5.925925925925925e-05	0.1474437117576599
44400	-2.474553	-1.951003	-1.713280	0.084201	0.147456	0.180274	0.047879137471318244	5.925925925925925e-05	0.14745724201202393
44520	-2.475298	-1.951017	-1.713496	0.084138	0.147453	0.180235	0.04788594115525484	3.9506172839506166e-05	0.14745330810546875
44640	-2.475862	-1.951034	-1.713373	0.084090	0.147467	0.180257	0.04788776356726885	3.9506172839506166e-05	0.1474665403366089
44760	-2.475457	-1.950772	-1.711236	0.084125	0.147507	0.180642	0.04786556586623192	2.6337448559670777e-05	0.1475067436695099
44880	-2.476032	-1.950347	-1.709705	0.084076	0.147598	0.180919	0.04783066976815462	3.9506172839506166e-05	0.14759741723537445
45000	-2.476999	-1.950050	-1.708189	0.083995	0.147670	0.181194	0.04780343007296324	2.6337448559670777e-05	0.1476699858903885
45120	-2.477809	-1.949981	-1.707957	0.083927	0.147704	0.181236	0.04780123569071293	3.9506172839506166e-05	0.1477023810148239
45240	-2.477402	-1.949666	-1.705938	0.083961	0.147774	0.181602	0.047771253250539304	3.9506172839506166e-05	0.14777305722236633
45360	-2.478907	-1.949095	-1.705217	0.083835	0.147893	0.181733	0.047718917950987816	3.9506172839506166e-05	0.14789201319217682
45480	-2.479473	-1.948969	-1.703734	0.083787	0.147923	0.182003	0.04770677890628576	3.9506172839506166e-05	0.1479220688343048
45600	-2.479736	-1.948199	-1.702447	0.083765	0.148060	0.182237	0.04764082971960306	3.9506172839506166e-05	0.14805801212787628
45720	-2.479563	-1.948171	-1.702702	0.083780	0.148074	0.182191	0.04763167463243008	5.925925925925925e-05	0.1480739563703537
45840	-2.479418	-1.947940	-1.701776	0.083792	0.148146	0.182359	0.047616297379136086	5.925925925925925e-05	0.1481446921825409
45960	-2.482129	-1.947579	-1.699824	0.083565	0.148235	0.182716	0.04758095070719719	5.925925925925925e-05	0.1482340544462204
46080	-2.483330	-1.947096	-1.696720	0.083465	0.148319	0.183284	0.047537096217274664	3.9506172839506166e-05	0.1483190655708313
46200	-2.483455	-1.946722	-1.695199	0.083454	0.148398	0.183563	0.047506341338157655	3.9506172839506166e-05	0.14839677512645721
46320	-2.484483	-1.946705	-1.694651	0.083369	0.148417	0.183663	0.0474951708689332	3.9506172839506166e-05	0.14841729402542114
46440	-2.484488	-1.946654	-1.693887	0.083368	0.148441	0.183804	0.04749543536454439	3.9506172839506166e-05	0.14844082295894623
46560	-2.485317	-1.946232	-1.692008	0.083299	0.148528	0.184149	0.0474584873765707	3.9506172839506166e-05	0.14852771162986755
46680	-2.487478	-1.946110	-1.690042	0.083119	0.148585	0.184512	0.04744077399373055	5.925925925925925e-05	0.14858485758304596
46800	-2.487001	-1.945686	-1.688144	0.083159	0.148669	0.184862	0.047411666624248026	3.9506172839506166e-05	0.14866764843463898
46920	-2.488607	-1.945530	-1.687058	0.083026	0.148734	0.185063	0.04739588256925344	2.6337448559670777e-05	0.14873342216014862
47040	-2.487791	-1.945109	-1.686792	0.083093	0.148822	0.185112	0.04735634177923202	3.9506172839506166e-05	0.14882154762744904
47160	-2.486975	-1.944865	-1.686894	0.083161	0.148871	0.185094	0.0473416730761528	3.9506172839506166e-05	0.14886920154094696
47280	-2.486700	-1.944310	-1.685626	0.083184	0.148980	0.185328	0.04728662874549627	3.9506172839506166e-05	0.14897887408733368
47400	-2.487962	-1.944001	-1.684778	0.083079	0.149043	0.185486	0.047259214147925374	3.9506172839506166e-05	0.14904223382472992
47520	-2.488828	-1.943746	-1.683934	0.083007	0.149106	0.185642	0.047236702591180804	1.7558299039780518e-05	0.14910535514354706
47640	-2.487902	-1.943289	-1.681276	0.083084	0.149196	0.186136	0.047192747704684734	3.9506172839506166e-05	0.1491961032152176
47760	-2.487716	-1.943031	-1.681254	0.083100	0.149252	0.186140	0.04717270396649838	5.925925925925925e-05	0.14925090968608856
47880	-2.489026	-1.942875	-1.681054	0.082991	0.149309	0.186178	0.047157259099185465	3.9506172839506166e-05	0.1493082344532013
48000	-2.490290	-1.942330	-1.678894	0.082886	0.149429	0.186580	0.04711767584085465	3.9506172839506166e-05	0.14942733943462372
48120	-2.490245	-1.941796	-1.677418	0.082890	0.149528	0.186856	0.04706243611872196	5.925925925925925e-05	0.149526908993721
48240	-2.490402	-1.941846	-1.676864	0.082877	0.149544	0.186959	0.04706328418105841	3.9506172839506166e-05	0.14954379200935364
48360	-2.490332	-1.941221	-1.677244	0.082882	0.149665	0.186888	0.04701393283903599	5.925925925925925e-05	0.14966289699077606
48480	-2.490630	-1.941026	-1.675187	0.082858	0.149722	0.187273	0.04698517844080925	3.9506172839506166e-05	0.14972184598445892
48600	-2.490476	-1.940892	-1.673658	0.082871	0.149761	0.187560	0.046976603008806704	3.9506172839506166e-05	0.1497608870267868
48720	-2.490620	-1.940541	-1.673314	0.082859	0.149840	0.187624	0.04694410059601069	3.9506172839506166e-05	0.1498400717973709
48840	-2.490791	-1.940320	-1.671613	0.082844	0.149883	0.187944	0.046923966519534586	2.6337448559670777e-05	0.14988306164741516
48960	-2.491019	-1.940129	-1.671651	0.082826	0.149929	0.187936	0.046909609064459803	3.9506172839506166e-05	0.14992867410182953
49080	-2.492468	-1.940269	-1.671671	0.082706	0.149925	0.187933	0.04692156985402107	2.6337448559670777e-05	0.1499248445034027
49200	-2.492844	-1.940351	-1.673676	0.082674	0.149924	0.187556	0.04692577291280031	5.925925925925925e-05	0.14992442727088928
49320	-2.494356	-1.940025	-1.671776	0.082550	0.150011	0.187913	0.04689387753605843	3.9506172839506166e-05	0.150011345744133
49440	-2.495326	-1.940096	-1.670614	0.082470	0.150037	0.188132	0.04691436104476452	3.9506172839506166e-05	0.15003469586372375
49560	-2.496260	-1.940273	-1.670104	0.082393	0.150027	0.188227	0.046915321797132495	3.9506172839506166e-05	0.15002717077732086
49680	-2.495206	-1.939764	-1.669203	0.082479	0.150123	0.188397	0.046879593096673486	3.9506172839506166e-05	0.15012186765670776
49800	-2.495016	-1.939593	-1.668610	0.082495	0.150163	0.188509	0.04686243440955877	3.9506172839506166e-05	0.15016281604766846
49920	-2.495530	-1.939267	-1.666877	0.082453	0.150237	0.188836	0.0468341663479805	5.925925925925925e-05	0.1502348929643631
50040	-2.495840	-1.938885	-1.665627	0.082427	0.150311	0.189072	0.04679564274847507	3.9506172839506166e-05	0.15031100809574127
50160	-2.495228	-1.938648	-1.665031	0.082478	0.150372	0.189185	0.046776495315134524	3.9506172839506166e-05	0.1503717303276062
50280	-2.496596	-1.938094	-1.664626	0.082365	0.150478	0.189261	0.04672591798007488	2.6337448559670777e-05	0.1504778116941452
50400	-2.496957	-1.938071	-1.663896	0.082335	0.150499	0.189400	0.04672360364347696	3.9506172839506166e-05	0.15049853920936584
50520	-2.496270	-1.937675	-1.664133	0.082392	0.150568	0.189355	0.0466941449791193	5.925925925925925e-05	0.15056663751602173
50640	-2.495549	-1.937198	-1.662594	0.082451	0.150656	0.189646	0.04664932675659657	3.9506172839506166e-05	0.15065543353557587
50760	-2.496916	-1.936945	-1.661011	0.082339	0.150719	0.189947	0.04662714116275311	2.6337448559670777e-05	0.15071818232536316
50880	-2.495858	-1.936610	-1.658243	0.082426	0.150793	0.190473	0.0465937914326787	3.9506172839506166e-05	0.15079227089881897
51000	-2.494571	-1.936184	-1.658438	0.082532	0.150862	0.190436	0.04655382819473743	3.9506172839506166e-05	0.15086142718791962
51120	-2.494298	-1.935800	-1.657815	0.082554	0.150941	0.190555	0.046524020843207836	3.9506172839506166e-05	0.1509401500225067
51240	-2.495048	-1.935420	-1.656048	0.082492	0.151020	0.190892	0.04647956527769566	3.9506172839506166e-05	0.1510210782289505
51360	-2.494411	-1.935418	-1.655169	0.082545	0.151027	0.191060	0.04648067727684975	3.9506172839506166e-05	0.15102750062942505
51480	-2.494574	-1.935045	-1.653360	0.082532	0.151103	0.191406	0.04645144306123257	3.9506172839506166e-05	0.15110327303409576
51600	-2.494697	-1.934594	-1.653605	0.082521	0.151187	0.191359	0.04641095194965601	5.925925925925925e-05	0.151187002658844
51720	-2.493253	-1.934163	-1.654277	0.082641	0.151251	0.191230	0.046375743485987185	3.9506172839506166e-05	0.15124943852424622
51840	-2.493191	-1.933793	-1.653662	0.082646	0.151321	0.191348	0.0463408587500453	2.6337448559670777e-05	0.1513202041387558
51960	-2.494693	-1.933498	-1.653980	0.082522	0.151384	0.191287	0.04631821624934673	3.9506172839506166e-05	0.15138211846351624
52080	-2.496397	-1.933180	-1.652954	0.082381	0.151464	0.191484	0.04628551658242941	2.6337448559670777e-05	0.15146353840827942
52200	-2.498298	-1.933130	-1.651337	0.082225	0.151497	0.191793	0.046277649141848086	3.9506172839506166e-05	0.15149620175361633
52320	-2.498567	-1.933130	-1.651109	0.082203	0.151519	0.191837	0.04628434907644987	3.9506172839506166e-05	0.1515173763036728
52440	-2.501941	-1.933002	-1.649818	0.081926	0.151577	0.192085	0.04626392405480147	3.9506172839506166e-05	0.15157687664031982
52560	-2.502679	-1.932631	-1.648254	0.081865	0.151646	0.192386	0.04623881969600916	3.9506172839506166e-05	0.15164513885974884
52680	-2.504490	-1.932199	-1.646082	0.081717	0.151741	0.192804	0.046201756596565245	5.925925925925925e-05	0.15173912048339844
52800	-2.505440	-1.931684	-1.645869	0.081640	0.151857	0.192845	0.04614328872412443	3.9506172839506166e-05	0.15185698866844177
52920	-2.505098	-1.931675	-1.645026	0.081668	0.151864	0.193007	0.04614436123520136	5.925925925925925e-05	0.15186436474323273
53040	-2.508170	-1.931067	-1.644005	0.081417	0.152007	0.193205	0.04609769470989704	5.925925925925925e-05	0.1520061194896698
53160	-2.509230	-1.930930	-1.644632	0.081331	0.152051	0.193084	0.046080888248980045	2.6337448559670777e-05	0.15205052495002747
53280	-2.510335	-1.930369	-1.643802	0.081241	0.152158	0.193244	0.046033792570233344	2.6337448559670777e-05	0.152157261967659
53400	-2.510719	-1.930447	-1.643871	0.081210	0.152153	0.193231	0.046031886525452134	3.9506172839506166e-05	0.1521535962820053
53520	-2.510474	-1.930187	-1.645123	0.081230	0.152206	0.192989	0.046009582467377186	3.9506172839506166e-05	0.15220625698566437
53640	-2.512208	-1.930201	-1.646128	0.081089	0.152231	0.192795	0.04601131994277239	3.9506172839506166e-05	0.15223082900047302
53760	-2.513970	-1.929628	-1.644167	0.080946	0.152356	0.193173	0.04596240129321814	3.9506172839506166e-05	0.15235547721385956
53880	-2.516117	-1.929299	-1.645005	0.080773	0.152421	0.193012	0.04594111647456885	3.9506172839506166e-05	0.15241967141628265
54000	-2.517507	-1.928737	-1.644904	0.080660	0.152525	0.193031	0.04588734842836857	3.9506172839506166e-05	0.15252426266670227
54120	-2.518363	-1.928109	-1.644313	0.080591	0.152643	0.193145	0.045829417556524275	3.9506172839506166e-05	0.1526424139738083
54240	-2.519247	-1.927358	-1.644530	0.080520	0.152786	0.193103	0.045765366032719614	3.9506172839506166e-05	0.1527850329875946
54360	-2.521042	-1.927104	-1.643769	0.080376	0.152845	0.193250	0.04573602993041277	3.9506172839506166e-05	0.1528448760509491
54480	-2.522344	-1.927192	-1.643386	0.080271	0.152835	0.193324	0.04574488811194897	3.9506172839506166e-05	0.15283510088920593
54600	-2.523187	-1.926902	-1.642720	0.080204	0.152901	0.193453	0.045718195475637914	5.925925925925925e-05	0.15289990603923798
54720	-2.523829	-1.926683	-1.641496	0.080152	0.152947	0.193690	0.04570147935301065	3.9506172839506166e-05	0.15294601023197174
54840	-2.524580	-1.926671	-1.639968	0.080092	0.152975	0.193986	0.045699417963624	1.7558299039780518e-05	0.1529742181301117
54960	-2.525943	-1.926511	-1.640161	0.079983	0.153020	0.193949	0.04568381104618311	2.6337448559670777e-05	0.15301933884620667
55080	-2.526760	-1.926381	-1.638750	0.079918	0.153069	0.194223	0.04567018374800682	3.9506172839506166e-05	0.15306857228279114
55200	-2.527833	-1.925893	-1.638615	0.079832	0.153170	0.194249	0.045625999383628366	3.9506172839506166e-05	0.15316958725452423
55320	-2.529941	-1.925712	-1.637498	0.079664	0.153229	0.194466	0.045616910234093665	5.925925925925925e-05	0.1532273143529892
55440	-2.530070	-1.925368	-1.636387	0.079653	0.153301	0.194682	0.04558252114802599	3.9506172839506166e-05	0.1533004641532898
55560	-2.531251	-1.924802	-1.635365	0.079559	0.153409	0.194881	0.04552925005555153	2.6337448559670777e-05	0.1534081995487213
55680	-2.534127	-1.924874	-1.633923	0.079331	0.153428	0.195162	0.04553951919078827	3.9506172839506166e-05	0.1534273326396942
55800	-2.535438	-1.924337	-1.632566	0.079227	0.153540	0.195427	0.045488334447145465	3.9506172839506166e-05	0.15353918075561523
55920	-2.537500	-1.923862	-1.631541	0.079064	0.153646	0.195628	0.04544647336006165	2.6337448559670777e-05	0.15364620089530945
56040	-2.539174	-1.923531	-1.630592	0.078932	0.153730	0.195814	0.045413476228713986	3.9506172839506166e-05	0.15373018383979797
56160	-2.539638	-1.923151	-1.631138	0.078895	0.153783	0.195707	0.045385668985545635	3.9506172839506166e-05	0.15378190577030182
56280	-2.540717	-1.922805	-1.631642	0.078810	0.153856	0.195608	0.04535174909979105	3.9506172839506166e-05	0.15385518968105316
56400	-2.541632	-1.922397	-1.630664	0.078738	0.153940	0.195800	0.04530909191817045	3.9506172839506166e-05	0.15394048392772675
56520	-2.542925	-1.921856	-1.628768	0.078636	0.154057	0.196171	0.04526344761252403	2.6337448559670777e-05	0.15405738353729248
56640	-2.543574	-1.921486	-1.627919	0.078585	0.154128	0.196338	0.04523143954575062	3.9506172839506166e-05	0.1541275829076767
56760	-2.543087	-1.921234	-1.627653	0.078623	0.154181	0.196390	0.04520974066108465	3.9506172839506166e-05	0.15418097376823425
56880	-2.543724	-1.921183	-1.628070	0.078573	0.154210	0.196308	0.045200160890817645	2.6337448559670777e-05	0.15421006083488464
57000	-2.546411	-1.921002	-1.627873	0.078362	0.154271	0.196347	0.04518758878111839	2.6337448559670777e-05	0.15427051484584808
57120	-2.546402	-1.920967	-1.627549	0.078363	0.154282	0.196410	0.045181722939014436	2.6337448559670777e-05	0.1542823612689972
57240	-2.547543	-1.920805	-1.627672	0.078274	0.154332	0.196386	0.0451712179929018	3.9506172839506166e-05	0.15433090925216675
57360	-2.548557	-1.920529	-1.627314	0.078194	0.154403	0.196456	0.045145923271775246	5.925925925925925e-05	0.1544024795293808
57480	-2.549321	-1.920283	-1.625651	0.078135	0.154468	0.196784	0.045119145326316355	5.925925925925925e-05	0.1544680893421173
57600	-2.549209	-1.919979	-1.625318	0.078143	0.154530	0.196849	0.045097357220947744	3.9506172839506166e-05	0.15452954173088074
57720	-2.551279	-1.919973	-1.624280	0.077982	0.154576	0.197053	0.04508451484143734	5.925925925925925e-05	0.15457752346992493
57840	-2.550500	-1.919367	-1.622990	0.078043	0.154696	0.197308	0.04504209309816361	3.9506172839506166e-05	0.15469437837600708
57960	-2.550096	-1.919048	-1.623294	0.078074	0.154756	0.197248	0.045011283829808235	3.9506172839506166e-05	0.15475581586360931
58080	-2.551377	-1.918788	-1.622148	0.077974	0.154829	0.197474	0.04498652648180723	3.9506172839506166e-05	0.1548292487859726
58200	-2.550973	-1.918192	-1.620854	0.078006	0.154934	0.197730	0.04494169671088457	2.6337448559670777e-05	0.15493306517601013
58320	-2.552623	-1.917785	-1.620532	0.077877	0.155026	0.197793	0.0449030339717865	3.9506172839506166e-05	0.15502434968948364
58440	-2.552879	-1.917322	-1.619602	0.077857	0.155112	0.197977	0.04485786892473698	3.9506172839506166e-05	0.1551111936569214
58560	-2.552038	-1.916462	-1.618032	0.077923	0.155261	0.198289	0.04477964229881763	2.6337448559670777e-05	0.1552608758211136
58680	-2.553500	-1.916172	-1.616236	0.077809	0.155318	0.198645	0.044758239202201365	5.925925925925925e-05	0.1553168147802353
58800	-2.555423	-1.915796	-1.616767	0.077659	0.155390	0.198540	0.04472157433629036	3.9506172839506166e-05	0.15538980066776276
58920	-2.556032	-1.915115	-1.614575	0.077612	0.155525	0.198975	0.04465995188802481	5.925925925925925e-05	0.15552455186843872
59040	-2.556811	-1.914953	-1.612923	0.077552	0.155587	0.199304	0.04463866241276264	3.9506172839506166e-05	0.15558718144893646
59160	-2.557106	-1.914545	-1.609568	0.077529	0.155680	0.199974	0.04460858553647995	3.9506172839506166e-05	0.15567930042743683
59280	-2.558235	-1.914363	-1.608444	0.077441	0.155736	0.200199	0.04458699282258749	2.6337448559670777e-05	0.15573595464229584
59400	-2.560977	-1.914445	-1.610161	0.077229	0.155755	0.199855	0.044593486934900284	3.9506172839506166e-05	0.1557556390762329
59520	-2.561644	-1.914194	-1.610915	0.077178	0.155817	0.199705	0.044575903378427026	3.9506172839506166e-05	0.1558157503604889
59640	-2.562298	-1.913969	-1.610592	0.077127	0.155869	0.199769	0.04455308634787798	3.9506172839506166e-05	0.1558690071105957
59760	-2.565936	-1.913867	-1.609764	0.076847	0.155910	0.199935	0.04454563073813915	3.9506172839506166e-05	0.1559099704027176
59880	-2.568172	-1.913792	-1.609626	0.076676	0.155940	0.199962	0.04453596882522106	3.9506172839506166e-05	0.15593969821929932
60000	-2.568215	-1.913323	-1.610087	0.076672	0.156027	0.199870	0.04450092241168022	1.7558299039780518e-05	0.1560261994600296
60120	-2.570849	-1.913018	-1.608769	0.076471	0.156109	0.200134	0.04447344671934843	3.9506172839506166e-05	0.15610796213150024
60240	-2.572104	-1.912749	-1.608632	0.076375	0.156181	0.200161	0.04444183520972729	3.9506172839506166e-05	0.1561809778213501
60360	-2.572312	-1.912327	-1.607542	0.076359	0.156253	0.200379	0.04441277030855417	3.9506172839506166e-05	0.15625187754631042
60480	-2.571696	-1.911718	-1.606086	0.076406	0.156375	0.200672	0.044351705349981785	5.925925925925925e-05	0.15637479722499847
60600	-2.572026	-1.910997	-1.604653	0.076381	0.156511	0.200959	0.04429135024547577	3.9506172839506166e-05	0.15650920569896698
60720	-2.572877	-1.910708	-1.604262	0.076316	0.156582	0.201038	0.04426001496613026	3.9506172839506166e-05	0.15658101439476013
60840	-2.575091	-1.910710	-1.605301	0.076147	0.156624	0.200829	0.04426161199808121	3.9506172839506166e-05	0.15662400424480438
60960	-2.577132	-1.910650	-1.605273	0.075992	0.156644	0.200835	0.04425542969256639	3.9506172839506166e-05	0.15664350986480713
61080	-2.578484	-1.910405	-1.603505	0.075889	0.156709	0.201190	0.04423742201179266	5.925925925925925e-05	0.15670819580554962
61200	-2.579507	-1.910144	-1.601687	0.075811	0.156790	0.201556	0.04421390630304813	3.9506172839506166e-05	0.15678907930850983
61320	-2.580483	-1.909545	-1.599829	0.075737	0.156908	0.201931	0.04415751248598099	5.925925925925925e-05	0.15690775215625763
61440	-2.581509	-1.909061	-1.601067	0.075660	0.157005	0.201681	0.04411162119358778	5.925925925925925e-05	0.15700455009937286
61560	-2.582875	-1.908859	-1.599416	0.075556	0.157073	0.202015	0.044096970558166505	3.9506172839506166e-05	0.1570720225572586
61680	-2.582346	-1.908586	-1.599536	0.075596	0.157125	0.201990	0.04406978487968445	3.9506172839506166e-05	0.15712454915046692
61800	-2.583898	-1.908527	-1.598373	0.075479	0.157162	0.202225	0.04406645372509956	3.9506172839506166e-05	0.15716058015823364
61920	-2.584009	-1.908201	-1.596937	0.075471	0.157225	0.202516	0.04403697531670332	3.9506172839506166e-05	0.15722419321537018
62040	-2.584114	-1.907853	-1.596130	0.075463	0.157303	0.202679	0.04401040133088827	5.925925925925925e-05	0.1573014259338379
62160	-2.585366	-1.907418	-1.595728	0.075368	0.157402	0.202761	0.04396411161869764	3.9506172839506166e-05	0.15740200877189636
62280	-2.585495	-1.907327	-1.596363	0.075359	0.157441	0.202632	0.04395987596362829	3.9506172839506166e-05	0.15744027495384216
62400	-2.587629	-1.907058	-1.594836	0.075198	0.157512	0.202942	0.04393216352909803	3.9506172839506166e-05	0.15751144289970398
62520	-2.589603	-1.906648	-1.593534	0.075050	0.157605	0.203206	0.0439005121588707	3.9506172839506166e-05	0.1576032191514969
62640	-2.591254	-1.906248	-1.593733	0.074926	0.157684	0.203166	0.04385553449392319	3.9506172839506166e-05	0.1576840579509735
62760	-2.591320	-1.905732	-1.593319	0.074921	0.157793	0.203250	0.04381659850478172	3.9506172839506166e-05	0.1577923446893692
62880	-2.593113	-1.905304	-1.591097	0.074787	0.157885	0.203702	0.04377640411257744	3.9506172839506166e-05	0.1578834354877472
63000	-2.594671	-1.904924	-1.590975	0.074670	0.157979	0.203727	0.04374570306390524	3.9506172839506166e-05	0.15797725319862366
63120	-2.597389	-1.904821	-1.590276	0.074468	0.158016	0.203869	0.04372680373489857	3.9506172839506166e-05	0.15801595151424408
63240	-2.599515	-1.904788	-1.589315	0.074310	0.158035	0.204065	0.043732200562953946	3.9506172839506166e-05	0.1580338031053543
63360	-2.600197	-1.904692	-1.588621	0.074259	0.158062	0.204207	0.04371627364307642	3.9506172839506166e-05	0.1580621600151062
63480	-2.601088	-1.904524	-1.587121	0.074193	0.158111	0.204513	0.04370629675686359	3.9506172839506166e-05	0.1581098437309265
63600	-2.601776	-1.904284	-1.587775	0.074142	0.158159	0.204380	0.043690106831490993	2.6337448559670777e-05	0.15815773606300354
63720	-2.601251	-1.903981	-1.587376	0.074181	0.158217	0.204461	0.043657517060637474	2.6337448559670777e-05	0.1582155078649521
63840	-2.601841	-1.903782	-1.586394	0.074137	0.158275	0.204662	0.04363622944802046	3.9506172839506166e-05	0.15827444195747375
63960	-2.602566	-1.903601	-1.586300	0.074083	0.158323	0.204682	0.04361612796783447	2.6337448559670777e-05	0.15832319855690002
64080	-2.601978	-1.903234	-1.584859	0.074127	0.158404	0.204977	0.0435890793800354	3.9506172839506166e-05	0.15840379893779755
64200	-2.603656	-1.903079	-1.583455	0.074003	0.158453	0.205265	0.04357674419879913	2.6337448559670777e-05	0.15845198929309845
64320	-2.605024	-1.902836	-1.582856	0.073901	0.158518	0.205388	0.04354987423866987	3.9506172839506166e-05	0.15851731598377228
64440	-2.605179	-1.902234	-1.582086	0.073890	0.158635	0.205546	0.04349705148488283	2.6337448559670777e-05	0.15863510966300964
64560	-2.606107	-1.901964	-1.581061	0.073821	0.158711	0.205757	0.043472202494740486	2.6337448559670777e-05	0.1587114930152893
64680	-2.606891	-1.901788	-1.580573	0.073764	0.158776	0.205857	0.04345762338489294	3.9506172839506166e-05	0.15877561271190643
64800	-2.607698	-1.901590	-1.579686	0.073704	0.158831	0.206040	0.04344153534621	3.9506172839506166e-05	0.15883101522922516
64920	-2.607131	-1.901260	-1.578770	0.073746	0.158907	0.206229	0.043409892916679384	3.9506172839506166e-05	0.15890629589557648
65040	-2.608307	-1.901006	-1.577414	0.073659	0.158975	0.206508	0.04339287951588631	3.9506172839506166e-05	0.15897369384765625
65160	-2.609303	-1.900189	-1.576394	0.073586	0.159152	0.206719	0.043318436667323115	2.6337448559670777e-05	0.1591518372297287
65280	-2.610949	-1.899992	-1.576243	0.073465	0.159196	0.206750	0.04329567886888981	3.9506172839506166e-05	0.15919548273086548
65400	-2.613039	-1.899701	-1.575679	0.073311	0.159269	0.206867	0.04327505007386208	2.6337448559670777e-05	0.15926772356033325
65520	-2.616100	-1.899555	-1.573341	0.073087	0.159335	0.207351	0.04325735066086054	3.9506172839506166e-05	0.15933462977409363
65640	-2.616770	-1.899313	-1.572087	0.073038	0.159398	0.207612	0.043235163763165475	3.9506172839506166e-05	0.1593971997499466
65760	-2.618197	-1.899565	-1.572106	0.072934	0.159375	0.207607	0.0432576822116971	3.9506172839506166e-05	0.1593751460313797
65880	-2.619650	-1.899335	-1.571647	0.072828	0.159437	0.207703	0.043234508857131	3.9506172839506166e-05	0.15943706035614014
66000	-2.620797	-1.899155	-1.571114	0.072745	0.159483	0.207814	0.043222776055336	3.9506172839506166e-05	0.15948174893856049
66120	-2.621973	-1.898859	-1.570313	0.072659	0.159568	0.207980	0.043195161409676074	3.9506172839506166e-05	0.15956786274909973
66240	-2.623102	-1.898668	-1.570706	0.072577	0.159622	0.207898	0.043176401406526566	3.9506172839506166e-05	0.1596212536096573
66360	-2.624140	-1.898265	-1.571205	0.072502	0.159717	0.207795	0.04314573109149933	3.9506172839506166e-05	0.1597156822681427
66480	-2.624518	-1.898159	-1.571940	0.072475	0.159764	0.207642	0.043133744597435	5.925925925925925e-05	0.15976369380950928
66600	-2.624223	-1.897907	-1.570708	0.072496	0.159836	0.207898	0.043113477528095245	3.9506172839506166e-05	0.15983493626117706
66720	-2.625316	-1.897904	-1.571954	0.072417	0.159854	0.207639	0.04311199001967907	3.9506172839506166e-05	0.1598534733057022
66840	-2.626117	-1.897490	-1.571664	0.072359	0.159949	0.207699	0.04307283665984869	1.7558299039780518e-05	0.15994885563850403
66960	-2.627023	-1.897312	-1.571614	0.072293	0.160001	0.207710	0.0430524155497551	3.9506172839506166e-05	0.16000142693519592
67080	-2.627892	-1.897541	-1.572429	0.072231	0.159996	0.207540	0.043072976358234885	3.9506172839506166e-05	0.15999653935432434
67200	-2.628355	-1.897188	-1.572333	0.072197	0.160077	0.207560	0.04304028749465942	5.925925925925925e-05	0.16007821261882782
67320	-2.629870	-1.897136	-1.570447	0.072088	0.160129	0.207952	0.04304024260491133	2.6337448559670777e-05	0.1601281315088272
67440	-2.630824	-1.896699	-1.568974	0.072019	0.160216	0.208259	0.04300303980708122	3.9506172839506166e-05	0.16021516919136047
67560	-2.632910	-1.896281	-1.567218	0.071869	0.160315	0.208625	0.04297112803906202	3.9506172839506166e-05	0.16031339764595032
67680	-2.633731	-1.896071	-1.565290	0.071810	0.160364	0.209027	0.04294489361345768	2.6337448559670777e-05	0.1603638380765915
67800	-2.635966	-1.896343	-1.564987	0.071650	0.160337	0.209091	0.04296894073486328	1.7558299039780518e-05	0.16033630073070526
67920	-2.636837	-1.896086	-1.564270	0.071587	0.160402	0.209241	0.042945338599383834	2.6337448559670777e-05	0.16040199995040894
68040	-2.638622	-1.895850	-1.564555	0.071460	0.160449	0.209181	0.042919989116489886	3.9506172839506166e-05	0.1604492962360382
68160	-2.638145	-1.895390	-1.564794	0.071494	0.160540	0.209131	0.04288729541003704	3.9506172839506166e-05	0.16053816676139832
68280	-2.639807	-1.894880	-1.565371	0.071375	0.160651	0.209010	0.04284091480076313	3.9506172839506166e-05	0.1606503129005432
68400	-2.639543	-1.894830	-1.564767	0.071394	0.160697	0.209137	0.04283150527626276	3.9506172839506166e-05	0.16069652140140533
68520	-2.641968	-1.894469	-1.562495	0.071221	0.160791	0.209612	0.04280267618596554	3.9506172839506166e-05	0.16078971326351166
68640	-2.643455	-1.894295	-1.562415	0.071115	0.160828	0.209629	0.04278416242450476	3.9506172839506166e-05	0.16082793474197388
68760	-2.645921	-1.894403	-1.562062	0.070940	0.160841	0.209703	0.04279233645647764	3.9506172839506166e-05	0.16084134578704834
68880	-2.647254	-1.894135	-1.560564	0.070846	0.160903	0.210018	0.042770230956375596	3.9506172839506166e-05	0.16090217232704163
69000	-2.648923	-1.893741	-1.559832	0.070727	0.160991	0.210171	0.04273965544998646	3.9506172839506166e-05	0.1609899252653122
69120	-2.650050	-1.893645	-1.559896	0.070648	0.161026	0.210158	0.04272330701351166	3.9506172839506166e-05	0.16102559864521027
69240	-2.649739	-1.893428	-1.560464	0.070670	0.161101	0.210039	0.04270546920597553	2.6337448559670777e-05	0.16110049188137054
69360	-2.650275	-1.893090	-1.559430	0.070632	0.161183	0.210256	0.04268138408660889	3.9506172839506166e-05	0.1611815243959427
69480	-2.649016	-1.892463	-1.558427	0.070721	0.161317	0.210467	0.04262381289154291	3.9506172839506166e-05	0.16131629049777985
69600	-2.647943	-1.892078	-1.557543	0.070797	0.161386	0.210653	0.04258225951343775	3.9506172839506166e-05	0.16138562560081482
69720	-2.648655	-1.891659	-1.556071	0.070746	0.161470	0.210963	0.04255004785954952	2.6337448559670777e-05	0.16146935522556305
69840	-2.650013	-1.891569	-1.554707	0.070650	0.161514	0.211251	0.04253269676119089	2.6337448559670777e-05	0.16151417791843414
69960	-2.649838	-1.891672	-1.553814	0.070663	0.161518	0.211440	0.042548239789903165	5.925925925925925e-05	0.1615166813135147
70080	-2.651334	-1.891745	-1.553621	0.070557	0.161528	0.211481	0.04255502447485924	3.9506172839506166e-05	0.16152726113796234
70200	-2.651812	-1.891232	-1.551567	0.070523	0.161651	0.211916	0.042507913894951344	3.9506172839506166e-05	0.16164995729923248
70320	-2.653642	-1.891062	-1.551361	0.070394	0.161709	0.211959	0.042490238323807716	3.9506172839506166e-05	0.16170857846736908
70440	-2.655274	-1.891068	-1.552063	0.070280	0.161736	0.211810	0.04249412622302771	3.9506172839506166e-05	0.16173520684242249
70560	-2.656499	-1.890641	-1.552521	0.070194	0.161847	0.211714	0.04245306346565485	3.9506172839506166e-05	0.16184686124324799
70680	-2.656807	-1.890319	-1.552617	0.070172	0.161919	0.211693	0.04242515340447426	2.6337448559670777e-05	0.16191890835762024
70800	-2.658604	-1.889807	-1.551844	0.070046	0.162020	0.211857	0.042376735247671604	2.6337448559670777e-05	0.16202066838741302
70920	-2.660008	-1.889736	-1.551845	0.069948	0.162040	0.211857	0.04237601961940527	1.7558299039780518e-05	0.16203923523426056
71040	-2.660888	-1.889688	-1.550550	0.069886	0.162065	0.212131	0.04236842654645443	2.6337448559670777e-05	0.16206495463848114
71160	-2.659711	-1.889264	-1.551406	0.069968	0.162154	0.211950	0.04233678299933672	2.6337448559670777e-05	0.1621529906988144
71280	-2.659407	-1.888727	-1.552531	0.069990	0.162254	0.211711	0.042284056544303894	3.9506172839506166e-05	0.16225308179855347
71400	-2.660027	-1.888265	-1.552079	0.069946	0.162358	0.211807	0.042247204855084416	3.9506172839506166e-05	0.1623559147119522
71520	-2.661072	-1.888049	-1.551886	0.069873	0.162409	0.211848	0.04221906270831823	3.9506172839506166e-05	0.16240909695625305
71640	-2.661111	-1.887678	-1.552140	0.069871	0.162468	0.211794	0.04218912664800882	3.9506172839506166e-05	0.16246740520000458
71760	-2.662476	-1.887576	-1.550265	0.069775	0.162506	0.212192	0.04218072090297938	2.6337448559670777e-05	0.16250531375408173
71880	-2.663733	-1.887016	-1.548985	0.069688	0.162642	0.212464	0.04213704876601696	3.9506172839506166e-05	0.16264046728610992
72000	-2.665124	-1.886519	-1.548567	0.069591	0.162753	0.212552	0.04208270702511072	3.9506172839506166e-05	0.16275236010551453
72120	-2.666951	-1.886516	-1.547618	0.069464	0.162781	0.212754	0.04207981899380684	5.925925925925925e-05	0.16278135776519775
72240	-2.668197	-1.886639	-1.546030	0.069377	0.162786	0.213092	0.042092643678188324	3.9506172839506166e-05	0.16278551518917084
72360	-2.668789	-1.886500	-1.546577	0.069336	0.162824	0.212976	0.042087287083268164	2.6337448559670777e-05	0.16282325983047485
72480	-2.669601	-1.886387	-1.546790	0.069280	0.162855	0.212930	0.042064554244279864	3.9506172839506166e-05	0.1628560572862625
72600	-2.672297	-1.886203	-1.545447	0.069093	0.162927	0.213216	0.04205298963934183	3.9506172839506166e-05	0.16292716562747955
72720	-2.674249	-1.886326	-1.544963	0.068959	0.162936	0.213320	0.04206356555223465	2.6337448559670777e-05	0.16293630003929138
72840	-2.674562	-1.886218	-1.543899	0.068937	0.162976	0.213547	0.04205488469451666	3.9506172839506166e-05	0.1629759669303894
72960	-2.674852	-1.886121	-1.543279	0.068917	0.163023	0.213679	0.04205274358391762	3.9506172839506166e-05	0.16302119195461273
73080	-2.674758	-1.885445	-1.543168	0.068923	0.163158	0.213703	0.04199259076267481	5.925925925925925e-05	0.16315700113773346
73200	-2.674934	-1.885359	-1.542213	0.068911	0.163199	0.213907	0.04197691157460213	3.9506172839506166e-05	0.16319935023784637
73320	-2.674198	-1.884774	-1.541422	0.068962	0.163305	0.214076	0.04193287622183561	2.6337448559670777e-05	0.16330397129058838
73440	-2.674871	-1.884521	-1.539930	0.068916	0.163369	0.214396	0.04190491363406181	2.6337448559670777e-05	0.16336770355701447
73560	-2.675908	-1.884227	-1.537363	0.068844	0.163447	0.214947	0.04188399892300367	3.9506172839506166e-05	0.16344590485095978
73680	-2.676184	-1.884006	-1.536788	0.068825	0.163503	0.215071	0.041856485232710836	3.9506172839506166e-05	0.16350269317626953
73800	-2.676200	-1.883808	-1.535669	0.068824	0.163557	0.215311	0.04184158351272345	2.6337448559670777e-05	0.16355641186237335
73920	-2.676684	-1.883400	-1.535124	0.068791	0.163658	0.215429	0.041803781688213346	3.9506172839506166e-05	0.1636572629213333
74040	-2.676975	-1.883164	-1.534402	0.068771	0.163721	0.215585	0.04178141802549362	3.9506172839506166e-05	0.16372062265872955
74160	-2.677234	-1.883029	-1.533309	0.068753	0.163771	0.215820	0.04176770709455013	3.9506172839506166e-05	0.1637711077928543
74280	-2.679922	-1.882998	-1.532528	0.068569	0.163815	0.215989	0.0417644988745451	3.9506172839506166e-05	0.163814976811409
74400	-2.679199	-1.883025	-1.532991	0.068618	0.163835	0.215889	0.04177158679813146	5.925925925925925e-05	0.16383452713489532
74520	-2.678747	-1.882559	-1.531555	0.068649	0.163938	0.216199	0.041726012527942655	3.9506172839506166e-05	0.1639370620250702
74640	-2.679763	-1.882086	-1.530531	0.068579	0.164029	0.216421	0.04168831724673509	3.9506172839506166e-05	0.16402845084667206
74760	-2.679673	-1.881978	-1.529917	0.068586	0.164052	0.216554	0.04167386163026095	3.9506172839506166e-05	0.16405220329761505
74880	-2.679841	-1.881350	-1.529893	0.068574	0.164165	0.216559	0.0416219150647521	5.925925925925925e-05	0.16416455805301666
75000	-2.680642	-1.881363	-1.529295	0.068519	0.164207	0.216688	0.04161631725728512	5.925925925925925e-05	0.1642063707113266
75120	-2.681822	-1.881064	-1.527977	0.068438	0.164293	0.216974	0.04159798752516508	3.9506172839506166e-05	0.16429178416728973
75240	-2.683164	-1.880862	-1.528052	0.068347	0.164339	0.216958	0.0415784640237689	5.925925925925925e-05	0.1643371880054474
75360	-2.683804	-1.880373	-1.527406	0.068303	0.164446	0.217098	0.04152872134000063	3.9506172839506166e-05	0.16444584727287292
75480	-2.687353	-1.880518	-1.526839	0.068061	0.164456	0.217221	0.04154549054801464	5.925925925925925e-05	0.16445571184158325
75600	-2.688049	-1.880292	-1.527363	0.068014	0.164536	0.217107	0.041522177122533324	2.6337448559670777e-05	0.16453500092029572
75720	-2.687513	-1.879666	-1.526273	0.068050	0.164653	0.217344	0.04147147499024868	3.9506172839506166e-05	0.16465149819850922
75840	-2.687274	-1.879181	-1.525349	0.068066	0.164751	0.217545	0.04143041260540485	3.9506172839506166e-05	0.1647489368915558
75960	-2.688183	-1.878660	-1.524785	0.068004	0.164852	0.217668	0.04137541316449642	3.9506172839506166e-05	0.16485174000263214
76080	-2.690265	-1.878355	-1.523766	0.067863	0.164936	0.217890	0.04134759306907654	3.9506172839506166e-05	0.16493545472621918
76200	-2.690866	-1.877988	-1.522448	0.067822	0.165005	0.218177	0.04132230319082737	3.9506172839506166e-05	0.16500359773635864
76320	-2.691495	-1.877737	-1.521760	0.067780	0.165081	0.218327	0.041299961321055886	2.6337448559670777e-05	0.16507989168167114
76440	-2.693165	-1.877378	-1.520759	0.067666	0.165169	0.218546	0.0412591602653265	5.925925925925925e-05	0.16516916453838348
76560	-2.695299	-1.877126	-1.521230	0.067522	0.165237	0.218443	0.04123875088989735	3.9506172839506166e-05	0.16523638367652893
76680	-2.696872	-1.876795	-1.520360	0.067416	0.165311	0.218633	0.041210482642054555	3.9506172839506166e-05	0.16531017422676086
76800	-2.699337	-1.876271	-1.520593	0.067250	0.165419	0.218582	0.04116192851215601	3.9506172839506166e-05	0.1654185950756073
76920	-2.700487	-1.875736	-1.520402	0.067173	0.165551	0.218624	0.04111572317779064	2.6337448559670777e-05	0.16555030643939972
77040	-2.700944	-1.875510	-1.520060	0.067142	0.165603	0.218699	0.04109578654170036	5.925925925925925e-05	0.16560178995132446
77160	-2.702024	-1.874835	-1.519333	0.067070	0.165743	0.218858	0.04103493690490723	3.9506172839506166e-05	0.16574257612228394
77280	-2.702030	-1.874332	-1.518938	0.067069	0.165849	0.218944	0.04099551849067211	3.9506172839506166e-05	0.16584661602973938
77400	-2.703526	-1.874087	-1.518162	0.066969	0.165918	0.219114	0.040964874625205996	5.925925925925925e-05	0.1659182757139206
77520	-2.704687	-1.873461	-1.516188	0.066891	0.166035	0.219547	0.04090821165591478	3.9506172839506166e-05	0.16603457927703857
77640	-2.704807	-1.872732	-1.514540	0.066883	0.166160	0.219909	0.04084501825273037	3.9506172839506166e-05	0.16615988314151764
77760	-2.705079	-1.872406	-1.511665	0.066865	0.166246	0.220542	0.04081545453518629	3.9506172839506166e-05	0.16624568402767181
77880	-2.704906	-1.871898	-1.509736	0.066877	0.166345	0.220968	0.04077127687633038	3.9506172839506166e-05	0.16634376347064972
78000	-2.704233	-1.871380	-1.509532	0.066922	0.166438	0.221013	0.04072027746587992	5.925925925925925e-05	0.16643783450126648
78120	-2.702980	-1.871056	-1.508459	0.067006	0.166502	0.221251	0.0406970139592886	3.9506172839506166e-05	0.1665012091398239
78240	-2.703518	-1.870773	-1.508180	0.066970	0.166562	0.221312	0.040667520649731156	2.6337448559670777e-05	0.1665618121623993
78360	-2.703332	-1.870365	-1.507393	0.066982	0.166649	0.221487	0.04063381664454937	2.6337448559670777e-05	0.16664846241474152
78480	-2.704271	-1.870113	-1.506211	0.066919	0.166707	0.221749	0.040608802996575835	2.6337448559670777e-05	0.16670596599578857
78600	-2.704623	-1.869770	-1.504569	0.066896	0.166796	0.222113	0.04058360680937767	5.925925925925925e-05	0.16679304838180542
78720	-2.705606	-1.869695	-1.504625	0.066830	0.166834	0.222101	0.040568355843424796	2.6337448559670777e-05	0.1668342500925064
78840	-2.705185	-1.869160	-1.503768	0.066858	0.166925	0.222291	0.04052883367985487	2.6337448559670777e-05	0.16692373156547546
78960	-2.706392	-1.869035	-1.502884	0.066777	0.166966	0.222488	0.04050767291337252	2.6337448559670777e-05	0.1669660210609436
79080	-2.706691	-1.868838	-1.503203	0.066757	0.167023	0.222417	0.04049189183861017	2.6337448559670777e-05	0.1670222282409668
79200	-2.706890	-1.868543	-1.501734	0.066744	0.167088	0.222744	0.040467424876987936	2.6337448559670777e-05	0.16708724200725555
79320	-2.707498	-1.868483	-1.502793	0.066703	0.167103	0.222508	0.040461630932986735	2.6337448559670777e-05	0.1671028882265091
79440	-2.708264	-1.868171	-1.501698	0.066652	0.167174	0.222752	0.040439017675817014	5.925925925925925e-05	0.16717204451560974
79560	-2.709733	-1.867849	-1.501539	0.066555	0.167270	0.222787	0.04040476717054844	3.9506172839506166e-05	0.1672687828540802
79680	-2.710506	-1.867628	-1.499683	0.066503	0.167317	0.223201	0.04038647264242172	1.7558299039780518e-05	0.16731618344783783
79800	-2.710342	-1.867402	-1.500173	0.066514	0.167371	0.223092	0.040369941480457784	1.7558299039780518e-05	0.1673697531223297
79920	-2.711383	-1.866960	-1.498539	0.066445	0.167475	0.223456	0.040326799638569354	3.9506172839506166e-05	0.16747358441352844
80040	-2.711835	-1.866672	-1.498120	0.066415	0.167531	0.223550	0.040303399041295054	3.9506172839506166e-05	0.16752935945987701
80160	-2.712567	-1.866336	-1.498570	0.066366	0.167614	0.223450	0.04027219042181969	3.9506172839506166e-05	0.1676131784915924
80280	-2.712892	-1.866088	-1.497330	0.066345	0.167673	0.223727	0.04025002755224705	3.9506172839506166e-05	0.16767138242721558
80400	-2.713077	-1.865836	-1.496671	0.066332	0.167727	0.223874	0.040226678177714345	3.9506172839506166e-05	0.16772602498531342
80520	-2.713131	-1.865522	-1.494963	0.066329	0.167804	0.224257	0.04019432198256254	2.6337448559670777e-05	0.1678028255701065
80640	-2.713521	-1.865156	-1.495068	0.066303	0.167874	0.224233	0.04016439951956272	3.9506172839506166e-05	0.16787311434745789
80760	-2.713121	-1.864725	-1.492678	0.066329	0.167985	0.224770	0.04011956807225943	5.925925925925925e-05	0.1679849922657013
80880	-2.713209	-1.864838	-1.491632	0.066324	0.167985	0.225005	0.04012974556535483	3.9506172839506166e-05	0.1679854393005371
81000	-2.713730	-1.864164	-1.491039	0.066289	0.168125	0.225139	0.0400750357657671	3.9506172839506166e-05	0.16812457144260406
81120	-2.713339	-1.864032	-1.489858	0.066315	0.168183	0.225405	0.04006216172128916	3.9506172839506166e-05	0.16818206012248993
81240	-2.713596	-1.863847	-1.489952	0.066298	0.168231	0.225384	0.040048233792185785	2.6337448559670777e-05	0.16823039948940277
81360	-2.715422	-1.863389	-1.488186	0.066177	0.168374	0.225782	0.040004296042025086	3.9506172839506166e-05	0.16837269067764282
81480	-2.717026	-1.863518	-1.489578	0.066071	0.168389	0.225468	0.04001142103224993	2.6337448559670777e-05	0.1683884561061859
81600	-2.716800	-1.863203	-1.488366	0.066086	0.168465	0.225741	0.03998117297887802	3.9506172839506166e-05	0.16846612095832825
81720	-2.716572	-1.863047	-1.487711	0.066101	0.168509	0.225889	0.039967257902026175	3.9506172839506166e-05	0.16850902140140533
81840	-2.716840	-1.862729	-1.486405	0.066083	0.168589	0.226184	0.039949895814061165	5.925925925925925e-05	0.16858646273612976
81960	-2.718749	-1.862484	-1.486051	0.065957	0.168670	0.226264	0.03992235772311688	2.6337448559670777e-05	0.1686689555644989
82080	-2.720932	-1.862884	-1.486162	0.065813	0.168625	0.226239	0.03995536901056766	2.6337448559670777e-05	0.16862423717975616
82200	-2.721134	-1.862645	-1.486023	0.065800	0.168689	0.226271	0.03993367124348879	3.9506172839506166e-05	0.16868874430656433
82320	-2.722469	-1.862661	-1.485189	0.065712	0.168737	0.226460	0.0399395152926445	3.9506172839506166e-05	0.16873688995838165
82440	-2.721902	-1.862543	-1.484574	0.065750	0.168778	0.226599	0.03992398902773857	2.6337448559670777e-05	0.1687779426574707
82560	-2.722301	-1.862140	-1.484540	0.065723	0.168874	0.226607	0.039891915395855904	2.6337448559670777e-05	0.16887244582176208
82680	-2.723942	-1.861611	-1.484336	0.065616	0.168988	0.226653	0.03984005823731422	2.6337448559670777e-05	0.16898739337921143
82800	-2.725522	-1.861119	-1.482675	0.065512	0.169118	0.227030	0.039797519147396085	3.9506172839506166e-05	0.16911707818508148
82920	-2.726570	-1.860739	-1.481706	0.065443	0.169202	0.227250	0.03976615183055401	3.9506172839506166e-05	0.16920144855976105
83040	-2.727401	-1.860714	-1.482844	0.065389	0.169238	0.226991	0.039760577492415905	3.9506172839506166e-05	0.16923780739307404
83160	-2.729139	-1.860537	-1.481710	0.065275	0.169310	0.227249	0.039741591364145276	3.9506172839506166e-05	0.16930973529815674
83280	-2.728848	-1.860501	-1.481727	0.065294	0.169332	0.227245	0.03974116127938032	3.9506172839506166e-05	0.16933152079582214
83400	-2.727337	-1.860379	-1.480904	0.065393	0.169365	0.227432	0.039735130965709686	3.9506172839506166e-05	0.16936400532722473
83520	-2.729174	-1.860200	-1.480043	0.065273	0.169434	0.227628	0.039714472368359566	2.6337448559670777e-05	0.16943342983722687
83640	-2.730849	-1.859865	-1.478940	0.065164	0.169518	0.227879	0.03968385737389326	2.6337448559670777e-05	0.1695181131362915
83760	-2.730761	-1.859586	-1.477890	0.065170	0.169592	0.228119	0.03965861834585667	2.6337448559670777e-05	0.1695915013551712
83880	-2.730109	-1.859387	-1.477742	0.065212	0.169642	0.228152	0.03964486252516508	3.9506172839506166e-05	0.16964049637317657
84000	-2.730660	-1.859267	-1.477288	0.065176	0.169697	0.228256	0.039631209895014764	3.9506172839506166e-05	0.1696964055299759
84120	-2.732711	-1.859140	-1.477630	0.065043	0.169756	0.228178	0.039622624032199384	3.9506172839506166e-05	0.1697542816400528
84240	-2.733967	-1.858729	-1.477737	0.064961	0.169836	0.228153	0.039584613591432574	3.9506172839506166e-05	0.1698342114686966
84360	-2.734552	-1.858649	-1.477744	0.064923	0.169870	0.228152	0.03957778569310903	3.9506172839506166e-05	0.16986894607543945
84480	-2.735487	-1.858466	-1.477650	0.064862	0.169941	0.228173	0.03955964967608452	2.6337448559670777e-05	0.16994011402130127
84600	-2.738004	-1.858247	-1.475552	0.064699	0.170027	0.228653	0.039540995657444	5.925925925925925e-05	0.1700262725353241
84720	-2.740866	-1.857830	-1.474686	0.064514	0.170151	0.228851	0.039498623088002206	3.9506172839506166e-05	0.17015057802200317
84840	-2.739972	-1.857976	-1.475143	0.064572	0.170124	0.228746	0.03950548954308033	2.6337448559670777e-05	0.17012493312358856
84960	-2.741354	-1.858331	-1.473978	0.064483	0.170105	0.229013	0.03953778855502606	5.925925925925925e-05	0.17010623216629028
85080	-2.742697	-1.858156	-1.473720	0.064396	0.170156	0.229072	0.039532842487096785	3.9506172839506166e-05	0.1701553612947464
85200	-2.742733	-1.858163	-1.473047	0.064394	0.170197	0.229226	0.03953141272068024	3.9506172839506166e-05	0.17019611597061157
85320	-2.743728	-1.857956	-1.471314	0.064330	0.170273	0.229624	0.03951121587306261	3.9506172839506166e-05	0.1702733188867569
85440	-2.744240	-1.857665	-1.471246	0.064297	0.170339	0.229639	0.03949129432439804	3.9506172839506166e-05	0.17033787071704865
85560	-2.743426	-1.857026	-1.470615	0.064350	0.170493	0.229784	0.039425693638622764	2.6337448559670777e-05	0.17049330472946167
85680	-2.742269	-1.856829	-1.469841	0.064424	0.170559	0.229962	0.03941407985985279	3.9506172839506166e-05	0.1705579310655594
85800	-2.743794	-1.856406	-1.467397	0.064326	0.170694	0.230525	0.03937884364277124	3.9506172839506166e-05	0.17069227993488312
85920	-2.745883	-1.856299	-1.466488	0.064192	0.170768	0.230735	0.03936899565160275	3.9506172839506166e-05	0.17076613008975983
86040	-2.745935	-1.855988	-1.464971	0.064188	0.170824	0.231085	0.03933653347194195	3.9506172839506166e-05	0.17082321643829346
86160	-2.746784	-1.855913	-1.463964	0.064134	0.170853	0.231318	0.03932944182306528	3.9506172839506166e-05	0.17085261642932892
86280	-2.746693	-1.855736	-1.463305	0.064140	0.170914	0.231470	0.03931550569832325	3.9506172839506166e-05	0.17091341316699982
86400	-2.747054	-1.855172	-1.462772	0.064116	0.171044	0.231593	0.03927161563187838	5.925925925925925e-05	0.17104169726371765
86520	-2.747225	-1.855015	-1.463209	0.064106	0.171081	0.231492	0.039249319955706595	3.9506172839506166e-05	0.1710808426141739
86640	-2.747910	-1.854746	-1.462427	0.064062	0.171162	0.231673	0.03922600373625755	3.9506172839506166e-05	0.1711609959602356
86760	-2.749003	-1.854590	-1.463074	0.063992	0.171207	0.231524	0.03920839820057154	3.9506172839506166e-05	0.17120711505413055
86880	-2.749716	-1.854512	-1.461318	0.063946	0.171251	0.231930	0.039202789403498174	3.9506172839506166e-05	0.17125064134597778
87000	-2.751317	-1.854337	-1.460629	0.063844	0.171311	0.232090	0.03918921127915383	3.9506172839506166e-05	0.17131035029888153
87120	-2.752804	-1.854253	-1.459103	0.063749	0.171356	0.232445	0.039176089130342005	3.9506172839506166e-05	0.17135630548000336
87240	-2.754209	-1.854097	-1.458609	0.063659	0.171442	0.232559	0.03916769828647375	3.9506172839506166e-05	0.17144154012203217
87360	-2.753787	-1.853857	-1.459491	0.063686	0.171500	0.232355	0.039142093248665334	3.9506172839506166e-05	0.17150023579597473
87480	-2.754122	-1.853472	-1.458246	0.063665	0.171602	0.232644	0.03910613693296909	3.9506172839506166e-05	0.1716025173664093
87600	-2.755440	-1.852987	-1.457754	0.063581	0.171714	0.232758	0.03906289059668779	2.6337448559670777e-05	0.17171400785446167
87720	-2.757460	-1.852799	-1.456843	0.063453	0.171773	0.232971	0.039048348926007746	3.9506172839506166e-05	0.1717727780342102
87840	-2.757563	-1.852658	-1.455534	0.063446	0.171828	0.233276	0.03903394211083651	3.9506172839506166e-05	0.17182813584804535
87960	-2.758471	-1.852998	-1.456836	0.063389	0.171792	0.232972	0.039063865318894386	3.9506172839506166e-05	0.1717918962240219
88080	-2.759982	-1.852820	-1.457078	0.063293	0.171852	0.232916	0.039050132222473624	3.9506172839506166e-05	0.17185069620609283
88200	-2.761720	-1.852702	-1.455816	0.063183	0.171914	0.233210	0.039043793268501756	3.9506172839506166e-05	0.1719127744436264
88320	-2.763108	-1.852087	-1.456241	0.063095	0.172047	0.233111	0.038989176228642466	3.9506172839506166e-05	0.17204582691192627
88440	-2.762913	-1.851864	-1.456692	0.063108	0.172100	0.233006	0.038966296799480916	3.9506172839506166e-05	0.17209859192371368
88560	-2.763397	-1.851802	-1.457928	0.063077	0.172110	0.232718	0.03896148968487978	3.9506172839506166e-05	0.17210909724235535
88680	-2.763555	-1.851663	-1.457119	0.063067	0.172158	0.232906	0.03894883506000042	3.9506172839506166e-05	0.1721564084291458
88800	-2.764331	-1.850984	-1.454184	0.063018	0.172343	0.233591	0.0388943700119853	3.9506172839506166e-05	0.17234085500240326
88920	-2.764842	-1.850650	-1.454387	0.062986	0.172411	0.233543	0.0388548232614994	3.9506172839506166e-05	0.1724109649658203
89040	-2.766676	-1.850358	-1.455044	0.062871	0.172461	0.233390	0.03883666209876537	5.925925925925925e-05	0.17245857417583466
89160	-2.766910	-1.849883	-1.453862	0.062856	0.172574	0.233666	0.03878701850771904	5.925925925925925e-05	0.17257343232631683
89280	-2.768227	-1.849531	-1.452346	0.062773	0.172656	0.234021	0.03876273781061172	3.9506172839506166e-05	0.1726541817188263
89400	-2.769413	-1.849372	-1.450099	0.062699	0.172732	0.234547	0.03873727563768625	3.9506172839506166e-05	0.17273257672786713
89520	-2.769821	-1.848677	-1.448661	0.062673	0.172867	0.234885	0.03868521060794592	5.925925925925925e-05	0.17286530137062073
89640	-2.769821	-1.848493	-1.446706	0.062673	0.172905	0.235344	0.03865908626466989	3.9506172839506166e-05	0.17290523648262024
89760	-2.770226	-1.847879	-1.444953	0.062648	0.173019	0.235757	0.03860891479998827	3.9506172839506166e-05	0.17301860451698303
89880	-2.771058	-1.847551	-1.445089	0.062596	0.173099	0.235725	0.03858080226927996	2.6337448559670777e-05	0.17309783399105072
90000	-2.771906	-1.847593	-1.444416	0.062543	0.173120	0.235884	0.03858142793178558	5.925925925925925e-05	0.17311862111091614
90120	-2.772455	-1.847582	-1.443114	0.062508	0.173150	0.236191	0.038575139828026295	3.9506172839506166e-05	0.17315009236335754
90240	-2.772243	-1.847267	-1.442777	0.062522	0.173213	0.236271	0.03855315521359444	5.925925925925925e-05	0.17321154475212097
90360	-2.773693	-1.847174	-1.444138	0.062431	0.173257	0.235949	0.038541629910469055	3.9506172839506166e-05	0.1732572615146637
90480	-2.774164	-1.846842	-1.442793	0.062402	0.173347	0.236267	0.03851528037339449	3.9506172839506166e-05	0.173346146941185
90600	-2.774620	-1.846298	-1.441855	0.062373	0.173471	0.236489	0.03846815060824156	2.6337448559670777e-05	0.17347024381160736
90720	-2.775902	-1.845965	-1.440704	0.062293	0.173567	0.236761	0.03844174817204475	5.925925925925925e-05	0.1735653430223465
90840	-2.776596	-1.845640	-1.438290	0.062250	0.173672	0.237333	0.03840824998915195	2.6337448559670777e-05	0.1736709326505661
90960	-2.776863	-1.845516	-1.437249	0.062233	0.173743	0.237580	0.038392067328095435	3.9506172839506166e-05	0.17374306917190552
91080	-2.776092	-1.845383	-1.434993	0.062281	0.173794	0.238117	0.03838228117674589	2.6337448559670777e-05	0.17379315197467804
91200	-2.776359	-1.845185	-1.433644	0.062265	0.173860	0.238439	0.03836223240941763	3.9506172839506166e-05	0.17386025190353394
91320	-2.776496	-1.845083	-1.432986	0.062256	0.173914	0.238595	0.03835917767137289	1.7558299039780518e-05	0.1739131510257721
91440	-2.776151	-1.844970	-1.431833	0.062278	0.173958	0.238871	0.03833935875445604	3.9506172839506166e-05	0.1739582121372223
91560	-2.778129	-1.844871	-1.430913	0.062155	0.174003	0.239090	0.038333219662308696	2.6337448559670777e-05	0.1740032434463501
91680	-2.779486	-1.844449	-1.430971	0.062070	0.174092	0.239077	0.03829973880201578	3.9506172839506166e-05	0.17409132421016693
91800	-2.779276	-1.844045	-1.430347	0.062083	0.174191	0.239226	0.038261354342103	2.6337448559670777e-05	0.17419059574604034
91920	-2.778780	-1.843783	-1.428664	0.062114	0.174250	0.239629	0.03823772985488176	3.9506172839506166e-05	0.17424993216991425
92040	-2.779572	-1.843823	-1.428162	0.062065	0.174285	0.239749	0.03823889084160328	3.9506172839506166e-05	0.17428481578826904
92160	-2.782518	-1.843716	-1.429237	0.061883	0.174339	0.239491	0.03823189940303564	3.9506172839506166e-05	0.17433786392211914
92280	-2.782530	-1.843380	-1.429543	0.061882	0.174400	0.239418	0.03820398859679699	2.6337448559670777e-05	0.174399733543396
92400	-2.782901	-1.843325	-1.429152	0.061859	0.174431	0.239512	0.03819264154881239	3.9506172839506166e-05	0.1744307428598404
92520	-2.785121	-1.843043	-1.427324	0.061722	0.174521	0.239950	0.0381709560751915	3.9506172839506166e-05	0.17452019453048706
92640	-2.786818	-1.842798	-1.426261	0.061617	0.174616	0.240205	0.0381499245762825	3.9506172839506166e-05	0.17461517453193665
92760	-2.786734	-1.843009	-1.425744	0.061622	0.174581	0.240330	0.038164989091455936	3.9506172839506166e-05	0.17458100616931915
92880	-2.786731	-1.842870	-1.424502	0.061622	0.174638	0.240628	0.03815799281001091	2.6337448559670777e-05	0.17463643848896027
93000	-2.787842	-1.842525	-1.423413	0.061554	0.174730	0.240890	0.038122371584177014	3.9506172839506166e-05	0.17472970485687256
93120	-2.788371	-1.842105	-1.423146	0.061521	0.174833	0.240955	0.038091298565268515	2.6337448559670777e-05	0.17483198642730713
93240	-2.788538	-1.841646	-1.422275	0.061511	0.174938	0.241165	0.03804854769259691	2.6337448559670777e-05	0.17493703961372375
93360	-2.790443	-1.841418	-1.422536	0.061394	0.175003	0.241102	0.038026885129511356	3.9506172839506166e-05	0.17500241100788116
93480	-2.791754	-1.841131	-1.421308	0.061314	0.175066	0.241398	0.0380000026896596	2.6337448559670777e-05	0.17506586015224457
93600	-2.790934	-1.840827	-1.420107	0.061364	0.175134	0.241688	0.03797432277351618	3.9506172839506166e-05	0.1751338243484497
93720	-2.791621	-1.840896	-1.421761	0.061322	0.175146	0.241289	0.037977918051183224	3.9506172839506166e-05	0.17514513432979584
93840	-2.793692	-1.841118	-1.420929	0.061195	0.175142	0.241489	0.037996711768209936	3.9506172839506166e-05	0.17514139413833618
93960	-2.795483	-1.840901	-1.420084	0.061085	0.175199	0.241694	0.037975306622684	3.9506172839506166e-05	0.17519919574260712
94080	-2.796420	-1.840521	-1.419109	0.061028	0.175282	0.241929	0.03794693239033222	5.925925925925925e-05	0.17528082430362701
94200	-2.796836	-1.840305	-1.419461	0.061003	0.175340	0.241844	0.03793110996484757	3.9506172839506166e-05	0.17533794045448303
94320	-2.796705	-1.840033	-1.418161	0.061011	0.175397	0.242159	0.037902061454951765	2.6337448559670777e-05	0.17539584636688232
94440	-2.797354	-1.840030	-1.417522	0.060971	0.175417	0.242314	0.0378967322409153	3.9506172839506166e-05	0.17541712522506714
94560	-2.798413	-1.839851	-1.418241	0.060907	0.175484	0.242140	0.03788262940943241	3.9506172839506166e-05	0.17548350989818573
94680	-2.799055	-1.839286	-1.417317	0.060868	0.175634	0.242363	0.03783697970211506	3.9506172839506166e-05	0.17563237249851227
94800	-2.799774	-1.839358	-1.417264	0.060824	0.175652	0.242376	0.03783590197563171	3.9506172839506166e-05	0.17565138638019562
94920	-2.800923	-1.839307	-1.417171	0.060754	0.175683	0.242399	0.037837371416389945	3.9506172839506166e-05	0.1756819635629654
95040	-2.801064	-1.838912	-1.416924	0.060745	0.175785	0.242459	0.037800062261521813	3.9506172839506166e-05	0.17578497529029846
95160	-2.802890	-1.838825	-1.415554	0.060635	0.175804	0.242791	0.03778768181800842	5.925925925925925e-05	0.17580480873584747
95280	-2.803332	-1.838394	-1.414668	0.060608	0.175909	0.243006	0.037749950774013996	3.9506172839506166e-05	0.17590929567813873
95400	-2.805731	-1.837912	-1.413089	0.060463	0.176034	0.243390	0.03771690633147955	3.9506172839506166e-05	0.17603160440921783
95520	-2.807004	-1.837966	-1.413029	0.060386	0.176046	0.243405	0.03771587330847979	3.9506172839506166e-05	0.1760454922914505
95640	-2.808271	-1.837920	-1.413398	0.060309	0.176062	0.243315	0.03770235925912857	2.6337448559670777e-05	0.17606253921985626
95760	-2.809034	-1.838368	-1.412845	0.060263	0.176000	0.243450	0.03773743454366922	3.9506172839506166e-05	0.17600172758102417
95880	-2.810212	-1.838636	-1.412209	0.060192	0.175983	0.243605	0.03776641767472029	3.9506172839506166e-05	0.17598310112953186
96000	-2.810873	-1.838238	-1.412838	0.060152	0.176092	0.243451	0.037737134471535684	3.9506172839506166e-05	0.17609179019927979
96120	-2.810870	-1.838138	-1.413115	0.060153	0.176139	0.243384	0.037731954269111155	3.9506172839506166e-05	0.17613771557807922
96240	-2.810268	-1.838041	-1.413483	0.060189	0.176166	0.243295	0.03772327899932861	3.9506172839506166e-05	0.1761656552553177
96360	-2.810405	-1.837857	-1.412104	0.060181	0.176208	0.243630	0.03770832680165768	3.9506172839506166e-05	0.17620667815208435
96480	-2.810156	-1.837521	-1.412152	0.060196	0.176278	0.243618	0.03767105285078287	3.9506172839506166e-05	0.17627695202827454
96600	-2.811507	-1.837025	-1.410817	0.060114	0.176395	0.243944	0.03762903176248074	3.9506172839506166e-05	0.17639464139938354
96720	-2.811943	-1.836979	-1.410491	0.060088	0.176435	0.244024	0.03761947434395552	3.9506172839506166e-05	0.1764351725578308
96840	-2.813018	-1.836786	-1.410142	0.060024	0.176493	0.244109	0.03760519884526729	2.6337448559670777e-05	0.17649364471435547
96960	-2.814318	-1.836700	-1.409153	0.059946	0.176531	0.244350	0.03760472945868969	2.6337448559670777e-05	0.17652937769889832
97080	-2.815066	-1.836389	-1.408398	0.059901	0.176595	0.244535	0.037573212012648585	2.6337448559670777e-05	0.176594540476799
97200	-2.815981	-1.836138	-1.408009	0.059846	0.176654	0.244630	0.037553076073527335	3.9506172839506166e-05	0.17665289342403412
97320	-2.817212	-1.835814	-1.405573	0.059772	0.176731	0.245227	0.03752217683941126	3.9506172839506166e-05	0.1767304539680481
97440	-2.818607	-1.835814	-1.404765	0.059689	0.176768	0.245425	0.03752072434872389	3.9506172839506166e-05	0.17676761746406555
97560	-2.819505	-1.835821	-1.404340	0.059635	0.176791	0.245529	0.03752412162721157	3.9506172839506166e-05	0.17679080367088318
97680	-2.820262	-1.835487	-1.403247	0.059590	0.176881	0.245797	0.03748962488025427	5.925925925925925e-05	0.1768803596496582
97800	-2.821476	-1.835060	-1.403005	0.059518	0.176980	0.245857	0.037454047799110414	3.9506172839506166e-05	0.17697829008102417
97920	-2.821886	-1.834763	-1.402911	0.059494	0.177042	0.245880	0.03742497339844704	1.7558299039780518e-05	0.17704087495803833
98040	-2.823226	-1.834842	-1.402821	0.059414	0.177039	0.245902	0.037430389970541	2.6337448559670777e-05	0.17703935503959656
98160	-2.824448	-1.834734	-1.400384	0.059341	0.177097	0.246502	0.0374192351475358	3.9506172839506166e-05	0.1770971417427063
98280	-2.826767	-1.834737	-1.398891	0.059204	0.177124	0.246871	0.03742648903280497	5.925925925925925e-05	0.17712393403053284
98400	-2.827073	-1.834466	-1.397259	0.059186	0.177188	0.247274	0.03740398343652487	3.9506172839506166e-05	0.1771862804889679
98520	-2.827173	-1.834169	-1.396542	0.059180	0.177249	0.247451	0.03737340271472931	3.9506172839506166e-05	0.17724917829036713
98640	-2.826936	-1.834000	-1.397500	0.059194	0.177292	0.247214	0.03735861461609602	3.9506172839506166e-05	0.17729099094867706
98760	-2.827035	-1.833821	-1.395650	0.059188	0.177367	0.247672	0.037342396937310694	3.9506172839506166e-05	0.17736586928367615
98880	-2.827289	-1.833355	-1.396309	0.059173	0.177484	0.247509	0.03730304092168808	3.9506172839506166e-05	0.17748259007930756
99000	-2.827162	-1.832929	-1.393935	0.059181	0.177574	0.248097	0.037264608964324	3.9506172839506166e-05	0.1775730401277542
99120	-2.828690	-1.832714	-1.392829	0.059090	0.177651	0.248372	0.03724435456097126	3.9506172839506166e-05	0.17764966189861298
99240	-2.829514	-1.832782	-1.391445	0.059042	0.177664	0.248716	0.037250321358442307	3.9506172839506166e-05	0.17766310274600983
99360	-2.830560	-1.832470	-1.390157	0.058980	0.177759	0.249036	0.037216528318822384	3.9506172839506166e-05	0.17775896191596985
99480	-2.832193	-1.832462	-1.388586	0.058884	0.177797	0.249428	0.03721978012472391	2.6337448559670777e-05	0.17779622972011566
99600	-2.831636	-1.831801	-1.387639	0.058916	0.177927	0.249664	0.037165720015764236	3.9506172839506166e-05	0.1779257357120514
99720	-2.833962	-1.831335	-1.386362	0.058779	0.178045	0.249983	0.03712506741285324	3.9506172839506166e-05	0.17804284393787384
99840	-2.835046	-1.830866	-1.385257	0.058716	0.178164	0.250259	0.03708184491842985	2.6337448559670777e-05	0.17816221714019775
99960	-2.835624	-1.830410	-1.384688	0.058682	0.178272	0.250402	0.037034660950303076	3.9506172839506166e-05	0.1782713681459427
100080	-2.836606	-1.830116	-1.383765	0.058624	0.178358	0.250633	0.037008854746818545	3.9506172839506166e-05	0.17835633456707
100200	-2.836108	-1.829701	-1.383452	0.058654	0.178428	0.250712	0.03697125241160393	2.6337448559670777e-05	0.17842784523963928
100320	-2.834553	-1.829540	-1.383160	0.058745	0.178453	0.250785	0.03695848565548658	3.9506172839506166e-05	0.17845217883586884
100440	-2.834399	-1.829131	-1.382606	0.058754	0.178556	0.250924	0.03691627625375986	3.9506172839506166e-05	0.17855703830718994
100560	-2.834955	-1.828948	-1.381364	0.058721	0.178609	0.251236	0.03690522965043783	2.6337448559670777e-05	0.17860771715641022
100680	-2.836066	-1.828685	-1.379812	0.058656	0.178684	0.251626	0.03687902297824621	3.9506172839506166e-05	0.17868326604366302
100800	-2.837570	-1.828615	-1.379748	0.058568	0.178719	0.251642	0.036872964538633826	3.9506172839506166e-05	0.17871882021427155
100920	-2.838319	-1.828292	-1.379407	0.058524	0.178779	0.251728	0.036844264902174476	3.9506172839506166e-05	0.17877893149852753
101040	-2.838783	-1.828253	-1.379192	0.058497	0.178782	0.251782	0.036842006258666515	2.6337448559670777e-05	0.17878130078315735
101160	-2.839464	-1.827994	-1.379572	0.058457	0.178840	0.251686	0.03682037927210331	3.9506172839506166e-05	0.1788388043642044
101280	-2.841321	-1.828178	-1.379404	0.058349	0.178826	0.251729	0.03682497199624777	3.9506172839506166e-05	0.17882782220840454
101400	-2.843072	-1.828262	-1.378785	0.058246	0.178845	0.251884	0.0368362145498395	3.9506172839506166e-05	0.17884491384029388
101520	-2.844309	-1.828122	-1.377747	0.058174	0.178880	0.252146	0.036827337369322775	3.9506172839506166e-05	0.17887996137142181
101640	-2.844896	-1.828143	-1.375581	0.058140	0.178890	0.252693	0.03683030251413584	3.9506172839506166e-05	0.17888978123664856
101760	-2.845625	-1.827887	-1.375908	0.058098	0.178954	0.252610	0.03680818025022745	3.9506172839506166e-05	0.17895379662513733
101880	-2.845619	-1.828049	-1.374861	0.058098	0.178918	0.252875	0.03681603688746691	2.6337448559670777e-05	0.17891880869865417
102000	-2.846838	-1.827705	-1.374697	0.058027	0.178998	0.252916	0.03679155893623829	3.9506172839506166e-05	0.1789979487657547
102120	-2.847507	-1.827729	-1.374753	0.057989	0.179007	0.252902	0.03678822796791792	3.9506172839506166e-05	0.1790069192647934
102240	-2.848504	-1.827817	-1.373829	0.057931	0.179015	0.253136	0.036799268797039986	3.9506172839506166e-05	0.17901474237442017
102360	-2.849966	-1.827706	-1.371528	0.057846	0.179078	0.253719	0.03679379038512707	3.9506172839506166e-05	0.17907650768756866
102480	-2.852304	-1.827671	-1.371670	0.057711	0.179113	0.253683	0.03678523227572441	3.9506172839506166e-05	0.17911292612552643
102600	-2.855480	-1.827778	-1.370635	0.057528	0.179139	0.253946	0.03679645620286465	3.9506172839506166e-05	0.17913947999477386
102720	-2.856289	-1.827908	-1.370870	0.057482	0.179124	0.253886	0.03681410793215036	2.6337448559670777e-05	0.17912255227565765
102840	-2.856491	-1.827534	-1.370301	0.057470	0.179210	0.254030	0.03677898719906807	3.9506172839506166e-05	0.1792086809873581
102960	-2.856040	-1.827108	-1.370347	0.057496	0.179321	0.254019	0.036737754754722116	3.9506172839506166e-05	0.17932012677192688
103080	-2.857119	-1.827125	-1.370388	0.057434	0.179334	0.254008	0.036736161820590495	2.6337448559670777e-05	0.1793336123228073
103200	-2.858757	-1.827405	-1.368849	0.057340	0.179325	0.254400	0.03675798699259758	2.6337448559670777e-05	0.17932520806789398
103320	-2.859378	-1.827196	-1.368242	0.057304	0.179383	0.254554	0.03674471229314804	2.6337448559670777e-05	0.1793830692768097
103440	-2.860111	-1.826926	-1.367820	0.057262	0.179465	0.254662	0.036720957793295386	3.9506172839506166e-05	0.17946463823318481
103560	-2.860398	-1.826703	-1.367895	0.057246	0.179524	0.254643	0.03670153487473726	3.9506172839506166e-05	0.17952285706996918
103680	-2.860337	-1.826472	-1.367304	0.057249	0.179585	0.254793	0.036674227006733416	3.9506172839506166e-05	0.17958451807498932
103800	-2.862041	-1.826150	-1.366889	0.057152	0.179689	0.254899	0.03665181361138821	2.6337448559670777e-05	0.17968833446502686
103920	-2.861970	-1.825942	-1.367571	0.057156	0.179744	0.254725	0.03663161788135767	3.9506172839506166e-05	0.17974399030208588
104040	-2.862582	-1.825469	-1.366912	0.057121	0.179873	0.254893	0.03658974189311266	3.9506172839506166e-05	0.17987202107906342
104160	-2.863591	-1.825605	-1.367519	0.057063	0.179863	0.254738	0.03660182449966669	3.9506172839506166e-05	0.1798621416091919
104280	-2.865013	-1.825386	-1.367409	0.056982	0.179933	0.254766	0.036590103060007095	3.9506172839506166e-05	0.17993071675300598
104400	-2.864573	-1.825246	-1.368240	0.057007	0.179950	0.254555	0.03656672090291977	3.9506172839506166e-05	0.1799500435590744
104520	-2.866376	-1.825115	-1.369175	0.056905	0.180021	0.254317	0.036555662378668786	2.6337448559670777e-05	0.18002089858055115
104640	-2.866068	-1.824635	-1.368671	0.056922	0.180111	0.254445	0.03651522491127253	3.9506172839506166e-05	0.18011094629764557
104760	-2.866963	-1.824605	-1.368099	0.056871	0.180136	0.254590	0.03650872278958559	2.6337448559670777e-05	0.18013659119606018
104880	-2.868061	-1.824263	-1.367021	0.056809	0.180229	0.254865	0.03648627772927284	3.9506172839506166e-05	0.1802273839712143
105000	-2.868956	-1.823582	-1.367584	0.056758	0.180337	0.254722	0.03642394058406353	3.9506172839506166e-05	0.18033620715141296
105120	-2.870082	-1.823707	-1.368325	0.056694	0.180326	0.254533	0.036429721489548685	3.9506172839506166e-05	0.1803261786699295
105240	-2.871427	-1.823293	-1.368008	0.056618	0.180429	0.254614	0.03639787789434194	3.9506172839506166e-05	0.1804284304380417
105360	-2.872151	-1.822872	-1.366530	0.056577	0.180524	0.254990	0.03635925576090813	2.6337448559670777e-05	0.18052330613136292
105480	-2.872918	-1.822826	-1.366545	0.056534	0.180555	0.254986	0.03634664155542851	3.9506172839506166e-05	0.18055492639541626
105600	-2.873177	-1.822739	-1.365910	0.056519	0.180597	0.255149	0.036344514414668086	3.9506172839506166e-05	0.18059612810611725
105720	-2.873501	-1.822587	-1.365648	0.056501	0.180649	0.255215	0.036328444816172124	3.9506172839506166e-05	0.1806487739086151
105840	-2.873754	-1.822339	-1.366321	0.056487	0.180702	0.255043	0.03631112016737461	3.9506172839506166e-05	0.1807011365890503
105960	-2.873634	-1.821964	-1.365864	0.056493	0.180775	0.255160	0.036270495317876336	5.925925925925925e-05	0.18077512085437775
106080	-2.875244	-1.821735	-1.364807	0.056402	0.180862	0.255430	0.036251199804246424	3.9506172839506166e-05	0.18086178600788116
106200	-2.876587	-1.821800	-1.364637	0.056327	0.180873	0.255473	0.036257988587021825	3.9506172839506166e-05	0.18087230622768402
106320	-2.878190	-1.821482	-1.364766	0.056236	0.180958	0.255440	0.03622802309691906	3.9506172839506166e-05	0.18095789849758148
106440	-2.878521	-1.821293	-1.363039	0.056218	0.181023	0.255882	0.03621655348688364	3.9506172839506166e-05	0.18102222681045532
106560	-2.879689	-1.820985	-1.360991	0.056152	0.181110	0.256407	0.03618578799068928	3.9506172839506166e-05	0.18110957741737366
106680	-2.879317	-1.820888	-1.359100	0.056173	0.181143	0.256892	0.03617631569504738	3.9506172839506166e-05	0.18114228546619415
106800	-2.878381	-1.820610	-1.360128	0.056226	0.181203	0.256628	0.03615563027560711	3.9506172839506166e-05	0.18120232224464417
106920	-2.879345	-1.820531	-1.359696	0.056172	0.181258	0.256739	0.03614108711481094	3.9506172839506166e-05	0.18125902116298676
107040	-2.880427	-1.820850	-1.358752	0.056111	0.181241	0.256981	0.036172530800104144	2.6337448559670777e-05	0.1812412440776825
107160	-2.881957	-1.820692	-1.358569	0.056025	0.181305	0.257028	0.03616034481674433	3.9506172839506166e-05	0.18130378425121307
107280	-2.882817	-1.820758	-1.357448	0.055977	0.181329	0.257317	0.03616424314677715	3.9506172839506166e-05	0.18132856488227844
107400	-2.885067	-1.821193	-1.358357	0.055851	0.181277	0.257083	0.03619384299963713	2.6337448559670777e-05	0.18127787113189697
107520	-2.885274	-1.821028	-1.358311	0.055839	0.181305	0.257095	0.03619416244328022	3.9506172839506166e-05	0.18130312860012054
107640	-2.886199	-1.820736	-1.357220	0.055788	0.181377	0.257375	0.0361616974696517	3.9506172839506166e-05	0.18137714266777039
107760	-2.886296	-1.820729	-1.357363	0.055782	0.181396	0.257338	0.03616141639649868	3.9506172839506166e-05	0.1813959926366806
107880	-2.885860	-1.820532	-1.356147	0.055807	0.181437	0.257652	0.03614549357444048	3.9506172839506166e-05	0.18143680691719055
108000	-2.886159	-1.820295	-1.355200	0.055790	0.181496	0.257896	0.03612089492380619	3.9506172839506166e-05	0.18149594962596893
108120	-2.886607	-1.819966	-1.354701	0.055765	0.181564	0.258025	0.03609385099261999	3.9506172839506166e-05	0.1815631240606308
108240	-2.888188	-1.819845	-1.353837	0.055677	0.181590	0.258247	0.03608301356434822	3.9506172839506166e-05	0.18159037828445435
108360	-2.888901	-1.819635	-1.353166	0.055637	0.181654	0.258421	0.03606737647205591	3.9506172839506166e-05	0.18165303766727448
108480	-2.890314	-1.819273	-1.350693	0.055559	0.181766	0.259061	0.03603465035557747	3.9506172839506166e-05	0.18176470696926117
108600	-2.888340	-1.818973	-1.352208	0.055669	0.181812	0.258669	0.03600455336272716	3.9506172839506166e-05	0.18181172013282776
108720	-2.888387	-1.818944	-1.353215	0.055666	0.181845	0.258408	0.03600219767540693	3.9506172839506166e-05	0.18184418976306915
108840	-2.889141	-1.818737	-1.353818	0.055624	0.181907	0.258252	0.03598754927515983	2.6337448559670777e-05	0.1819062978029251
108960	-2.888087	-1.818357	-1.352659	0.055683	0.181985	0.258552	0.03594512883573771	2.6337448559670777e-05	0.1819857805967331
109080	-2.889063	-1.818295	-1.350369	0.055628	0.182050	0.259144	0.03594097066670656	3.9506172839506166e-05	0.18204934895038605
109200	-2.890021	-1.818246	-1.350752	0.055575	0.182076	0.259045	0.03593586701899767	3.9506172839506166e-05	0.18207703530788422
109320	-2.891106	-1.818475	-1.350671	0.055515	0.182053	0.259066	0.035958362929522994	3.9506172839506166e-05	0.1820528656244278
109440	-2.893011	-1.818478	-1.351217	0.055409	0.182075	0.258925	0.035958060249686244	3.9506172839506166e-05	0.18207556009292603
109560	-2.894530	-1.818211	-1.351976	0.055325	0.182153	0.258729	0.035936133749783036	2.6337448559670777e-05	0.18215300142765045
109680	-2.896013	-1.818241	-1.351760	0.055243	0.182191	0.258784	0.035938716307282445	2.6337448559670777e-05	0.18219038844108582
109800	-2.896021	-1.817880	-1.350884	0.055243	0.182283	0.259011	0.035909129306674004	2.6337448559670777e-05	0.1822815239429474
109920	-2.897279	-1.817760	-1.349042	0.055173	0.182352	0.259489	0.03588742259889841	3.9506172839506166e-05	0.18235349655151367
110040	-2.899162	-1.817798	-1.349003	0.055069	0.182375	0.259499	0.035905801132321356	5.925925925925925e-05	0.18237274885177612
110160	-2.900876	-1.817538	-1.348412	0.054975	0.182437	0.259652	0.035873003862798215	3.9506172839506166e-05	0.18243777751922607
110280	-2.901634	-1.817336	-1.348092	0.054933	0.182522	0.259735	0.03585852850228548	1.7558299039780518e-05	0.18252131342887878
110400	-2.901863	-1.817047	-1.347706	0.054921	0.182590	0.259836	0.0358323210850358	3.9506172839506166e-05	0.1825896054506302
110520	-2.902221	-1.816891	-1.345445	0.054901	0.182658	0.260424	0.0358133926987648	3.9506172839506166e-05	0.1826585829257965
110640	-2.903031	-1.816575	-1.344487	0.054857	0.182736	0.260673	0.035788608342409135	3.9506172839506166e-05	0.18273580074310303
110760	-2.902863	-1.816532	-1.344359	0.054866	0.182774	0.260707	0.03578260242938995	2.6337448559670777e-05	0.18277405202388763
110880	-2.904222	-1.816323	-1.343881	0.054791	0.182838	0.260831	0.03576537948101759	3.9506172839506166e-05	0.1828380525112152
111000	-2.906217	-1.816321	-1.343972	0.054682	0.182856	0.260808	0.03576171640306711	3.9506172839506166e-05	0.18285644054412842
111120	-2.905686	-1.816369	-1.344884	0.054711	0.182866	0.260570	0.03576961923390627	1.7558299039780518e-05	0.18286551535129547
111240	-2.906204	-1.816529	-1.345372	0.054683	0.182849	0.260443	0.03578335978090763	3.9506172839506166e-05	0.18284881114959717
111360	-2.906043	-1.816099	-1.343571	0.054692	0.182964	0.260912	0.03574751559644938	3.9506172839506166e-05	0.18296334147453308
111480	-2.905789	-1.816188	-1.341895	0.054706	0.182963	0.261350	0.03575454447418451	2.6337448559670777e-05	0.1829620897769928
111600	-2.905514	-1.816004	-1.342586	0.054721	0.183001	0.261169	0.03574371356517077	3.9506172839506166e-05	0.18299929797649384
111720	-2.906707	-1.816036	-1.342830	0.054655	0.183023	0.261106	0.035743428952991964	3.9506172839506166e-05	0.18302153050899506
111840	-2.907768	-1.816086	-1.342869	0.054597	0.183053	0.261096	0.035742821916937825	3.9506172839506166e-05	0.18305251002311707
111960	-2.907058	-1.816307	-1.343252	0.054636	0.183043	0.260996	0.035756146721541884	3.9506172839506166e-05	0.1830446869134903
112080	-2.906482	-1.815995	-1.342329	0.054668	0.183128	0.261237	0.03573674615472555	3.9506172839506166e-05	0.18312768638134003
112200	-2.907101	-1.815564	-1.341591	0.054634	0.183254	0.261429	0.035701696388423444	3.9506172839506166e-05	0.1832524985074997
112320	-2.907443	-1.815494	-1.342252	0.054615	0.183268	0.261257	0.03569338694214821	3.9506172839506166e-05	0.18326756358146667
112440	-2.908258	-1.815514	-1.341673	0.054571	0.183294	0.261408	0.03569415062665939	2.6337448559670777e-05	0.18329264223575592
112560	-2.909441	-1.815310	-1.341201	0.054506	0.183363	0.261531	0.035676424764096736	3.9506172839506166e-05	0.18336248397827148
112680	-2.909152	-1.815432	-1.341558	0.054522	0.183353	0.261438	0.035684353299438955	3.9506172839506166e-05	0.18335282802581787
112800	-2.909546	-1.815560	-1.341034	0.054500	0.183359	0.261575	0.03569580651819706	3.9506172839506166e-05	0.18335889279842377
112920	-2.909889	-1.815415	-1.339690	0.054482	0.183414	0.261927	0.035680532827973364	3.9506172839506166e-05	0.18341444432735443
113040	-2.910606	-1.815176	-1.338930	0.054443	0.183475	0.262126	0.03566530793905258	3.9506172839506166e-05	0.18347468972206116
113160	-2.911952	-1.815152	-1.338452	0.054370	0.183497	0.262251	0.035658358596265316	3.9506172839506166e-05	0.18349698185920715
113280	-2.912103	-1.814995	-1.339149	0.054361	0.183540	0.262069	0.03564484976232052	3.9506172839506166e-05	0.18353939056396484
113400	-2.911827	-1.814663	-1.338382	0.054376	0.183628	0.262270	0.03561921678483486	3.9506172839506166e-05	0.18362712860107422
113520	-2.912668	-1.814789	-1.337574	0.054331	0.183624	0.262482	0.03562430366873741	3.9506172839506166e-05	0.18362444639205933
113640	-2.913768	-1.814580	-1.336751	0.054271	0.183686	0.262698	0.035610569454729554	3.9506172839506166e-05	0.18368537724018097
113760	-2.914813	-1.814261	-1.336774	0.054214	0.183790	0.262692	0.03557849731296301	3.9506172839506166e-05	0.18378885090351105
113880	-2.915298	-1.813880	-1.335259	0.054188	0.183892	0.263090	0.03554320298135281	3.9506172839506166e-05	0.18389159440994263
114000	-2.916327	-1.813775	-1.334412	0.054132	0.183951	0.263313	0.03553601745516062	1.7558299039780518e-05	0.18395085632801056
114120	-2.917969	-1.813541	-1.334880	0.054043	0.184029	0.263190	0.03551652785390615	5.925925925925925e-05	0.18402822315692902
114240	-2.918344	-1.812963	-1.332808	0.054023	0.184171	0.263736	0.03546575121581554	3.9506172839506166e-05	0.184169739484787
114360	-2.918079	-1.812666	-1.331029	0.054037	0.184271	0.264205	0.03544231131672859	3.9506172839506166e-05	0.18426866829395294
114480	-2.919112	-1.812737	-1.329735	0.053982	0.184304	0.264547	0.03544571865350008	3.9506172839506166e-05	0.18430140614509583
114600	-2.919751	-1.812728	-1.328729	0.053947	0.184338	0.264814	0.03543780017644167	3.9506172839506166e-05	0.1843385249376297
114720	-2.919775	-1.812517	-1.328652	0.053946	0.184390	0.264834	0.035420576110482216	3.9506172839506166e-05	0.18438932299613953
114840	-2.920056	-1.812131	-1.329206	0.053931	0.184474	0.264687	0.03539153374731541	2.6337448559670777e-05	0.1844734251499176
114960	-2.920004	-1.811878	-1.329465	0.053933	0.184527	0.264619	0.035370463877916335	2.6337448559670777e-05	0.18452568352222443
115080	-2.920953	-1.811794	-1.329172	0.053882	0.184551	0.264696	0.035355752892792226	3.9506172839506166e-05	0.18455104529857635
115200	-2.921349	-1.811671	-1.327186	0.053861	0.184615	0.265223	0.035349282622337344	3.9506172839506166e-05	0.18461385369300842
115320	-2.921458	-1.811418	-1.325252	0.053855	0.184680	0.265736	0.03532893098890781	2.6337448559670777e-05	0.18467977643013
115440	-2.922413	-1.811103	-1.324618	0.053804	0.184761	0.265905	0.03530157674103975	3.9506172839506166e-05	0.1847592443227768
115560	-2.922919	-1.810779	-1.322848	0.053776	0.184840	0.266376	0.035266744717955587	3.9506172839506166e-05	0.18483896553516388
115680	-2.922448	-1.810359	-1.321183	0.053802	0.184929	0.266819	0.03523504789918661	3.9506172839506166e-05	0.1849268227815628
115800	-2.922542	-1.810045	-1.320606	0.053797	0.185013	0.266973	0.035198970884084704	2.6337448559670777e-05	0.18501289188861847
115920	-2.922240	-1.810019	-1.320067	0.053813	0.185026	0.267117	0.035202034562826154	3.9506172839506166e-05	0.18502472341060638
116040	-2.922217	-1.809606	-1.319132	0.053814	0.185126	0.267367	0.035165967792272566	3.9506172839506166e-05	0.18512484431266785
116160	-2.922314	-1.809133	-1.319151	0.053809	0.185242	0.267362	0.035119577497243884	3.9506172839506166e-05	0.18524160981178284
116280	-2.923343	-1.809339	-1.319800	0.053754	0.185215	0.267189	0.03513227552175522	3.9506172839506166e-05	0.1852158159017563
116400	-2.923809	-1.809544	-1.319883	0.053729	0.185207	0.267166	0.03515052702277899	3.9506172839506166e-05	0.18520723283290863
116520	-2.923213	-1.809490	-1.319612	0.053761	0.185224	0.267239	0.03515197020024061	2.6337448559670777e-05	0.185223788022995
116640	-2.922580	-1.809280	-1.319929	0.053795	0.185268	0.267154	0.035133296996355055	3.9506172839506166e-05	0.1852674037218094
116760	-2.923286	-1.809322	-1.319372	0.053757	0.185288	0.267303	0.03513328246772289	3.9506172839506166e-05	0.1852879822254181
116880	-2.923385	-1.809339	-1.319821	0.053751	0.185333	0.267183	0.03513503465801478	3.9506172839506166e-05	0.18533320724964142
117000	-2.922916	-1.809312	-1.319473	0.053777	0.185386	0.267276	0.03513443227857351	3.9506172839506166e-05	0.1853848099708557
117120	-2.923925	-1.809375	-1.321102	0.053722	0.185387	0.266841	0.035137890838086605	3.9506172839506166e-05	0.1853860765695572
117240	-2.925563	-1.809101	-1.320510	0.053634	0.185474	0.266999	0.03512002639472485	3.9506172839506166e-05	0.185472309589386
117360	-2.926272	-1.809265	-1.320195	0.053596	0.185477	0.267083	0.035127540305256846	3.9506172839506166e-05	0.18547749519348145
117480	-2.927134	-1.809324	-1.320185	0.053550	0.185478	0.267086	0.03513566944748163	3.9506172839506166e-05	0.18547707796096802
117600	-2.928047	-1.809460	-1.320194	0.053501	0.185488	0.267084	0.0351435974240303	3.9506172839506166e-05	0.1854882538318634
117720	-2.928361	-1.809299	-1.319801	0.053485	0.185557	0.267188	0.0351293470710516	3.9506172839506166e-05	0.18555738031864166
117840	-2.928728	-1.809247	-1.319240	0.053465	0.185594	0.267338	0.035131631419062614	5.925925925925925e-05	0.18559284508228302
117960	-2.930345	-1.809152	-1.319070	0.053379	0.185631	0.267384	0.03512462545186281	3.9506172839506166e-05	0.18562953174114227
118080	-2.930352	-1.809057	-1.317245	0.053378	0.185682	0.267872	0.035110507160425186	3.9506172839506166e-05	0.1856819987297058
118200	-2.930511	-1.808792	-1.316388	0.053370	0.185734	0.268102	0.03509119506925344	2.6337448559670777e-05	0.18573303520679474
118320	-2.931122	-1.808390	-1.315960	0.053337	0.185850	0.268217	0.03506029695272446	3.9506172839506166e-05	0.18584728240966797
118440	-2.930467	-1.808060	-1.316004	0.053372	0.185933	0.268205	0.035020322538912296	3.9506172839506166e-05	0.18593302369117737
118560	-2.931158	-1.808135	-1.315188	0.053335	0.185932	0.268424	0.035032039135694505	3.9506172839506166e-05	0.18593138456344604
118680	-2.930536	-1.807961	-1.315200	0.053368	0.185977	0.268421	0.03501078318804503	3.9506172839506166e-05	0.18597674369812012
118800	-2.930937	-1.807582	-1.315103	0.053347	0.186069	0.268447	0.03498043660074472	1.7558299039780518e-05	0.18606862425804138
118920	-2.931368	-1.807298	-1.314724	0.053324	0.186146	0.268548	0.0349570544436574	3.9506172839506166e-05	0.18614526093006134
119040	-2.930380	-1.806775	-1.315289	0.053377	0.186267	0.268397	0.034911064244806764	3.9506172839506166e-05	0.18626508116722107
119160	-2.931085	-1.806656	-1.315824	0.053339	0.186332	0.268253	0.034893442131578925	3.9506172839506166e-05	0.18633192777633667
119280	-2.931538	-1.806578	-1.317010	0.053315	0.186396	0.267935	0.03488764613866806	1.7558299039780518e-05	0.18639534711837769
119400	-2.932228	-1.806483	-1.316014	0.053278	0.186459	0.268202	0.03488186858594418	3.9506172839506166e-05	0.18645702302455902
119520	-2.931899	-1.806369	-1.315938	0.053296	0.186499	0.268223	0.03487014602869749	3.9506172839506166e-05	0.18649885058403015
119640	-2.931775	-1.806013	-1.316329	0.053302	0.186555	0.268118	0.0348430035635829	3.9506172839506166e-05	0.18655386567115784
119760	-2.931921	-1.806108	-1.315781	0.053295	0.186560	0.268265	0.034843013249337675	2.6337448559670777e-05	0.18656033277511597
119880	-2.932138	-1.805695	-1.314337	0.053283	0.186667	0.268652	0.03481435459107161	3.9506172839506166e-05	0.18666543066501617
120000	-2.932436	-1.805256	-1.313579	0.053267	0.186759	0.268856	0.03477321304380894	3.9506172839506166e-05	0.18675827980041504
120120	-2.932220	-1.804871	-1.312783	0.053279	0.186849	0.269070	0.03473498988896608	3.9506172839506166e-05	0.1868484616279602
120240	-2.933542	-1.804481	-1.311100	0.053208	0.186961	0.269524	0.03469945080578327	2.6337448559670777e-05	0.18696053326129913
120360	-2.935176	-1.804487	-1.311191	0.053121	0.186996	0.269499	0.034703470394015314	3.9506172839506166e-05	0.18699480593204498
120480	-2.935396	-1.804157	-1.310297	0.053110	0.187064	0.269740	0.03466963581740856	2.6337448559670777e-05	0.1870638132095337
120600	-2.936466	-1.804086	-1.309405	0.053053	0.187103	0.269981	0.03466399777680636	3.9506172839506166e-05	0.18710286915302277
120720	-2.937573	-1.803693	-1.307433	0.052994	0.187203	0.270514	0.03462881352752447	3.9506172839506166e-05	0.18720237910747528
120840	-2.938334	-1.803425	-1.306949	0.052954	0.187291	0.270645	0.03461065050214529	2.6337448559670777e-05	0.18729016184806824
120960	-2.938907	-1.803142	-1.305495	0.052924	0.187377	0.271038	0.03458160050213337	3.9506172839506166e-05	0.18737581372261047
121080	-2.938362	-1.802857	-1.305468	0.052952	0.187440	0.271046	0.034557163901627067	3.9506172839506166e-05	0.18743912875652313
121200	-2.938901	-1.802529	-1.304723	0.052924	0.187537	0.271248	0.03452708479017019	2.6337448559670777e-05	0.18753556907176971
121320	-2.939042	-1.802326	-1.302789	0.052916	0.187601	0.271773	0.034511287324130537	2.6337448559670777e-05	0.18759994208812714
121440	-2.940454	-1.802291	-1.302422	0.052842	0.187628	0.271872	0.03450070098042488	3.9506172839506166e-05	0.1876276731491089
121560	-2.939426	-1.801928	-1.301782	0.052896	0.187712	0.272047	0.034471611492335796	1.7558299039780518e-05	0.18771126866340637
121680	-2.939748	-1.801920	-1.302204	0.052879	0.187720	0.271932	0.03446986526250839	3.9506172839506166e-05	0.18771997094154358
121800	-2.939805	-1.801898	-1.301217	0.052876	0.187744	0.272200	0.034470920264720914	3.9506172839506166e-05	0.18774192035198212
121920	-2.939566	-1.801441	-1.299928	0.052889	0.187867	0.272551	0.03443071935325861	1.7558299039780518e-05	0.1878662109375
122040	-2.941219	-1.801246	-1.299373	0.052801	0.187910	0.272703	0.034408885054290295	3.9506172839506166e-05	0.18790893256664276
122160	-2.941130	-1.800955	-1.298081	0.052806	0.187991	0.273055	0.03438276145607233	2.6337448559670777e-05	0.18799015879631042
122280	-2.941950	-1.800532	-1.298358	0.052763	0.188105	0.272980	0.03434957843273878	3.9506172839506166e-05	0.1881028413772583
122400	-2.942598	-1.800180	-1.296241	0.052729	0.188252	0.273558	0.03431535791605711	3.9506172839506166e-05	0.18825161457061768
122520	-2.942468	-1.799978	-1.294875	0.052735	0.188320	0.273932	0.03429734762758017	2.6337448559670777e-05	0.18832018971443176
122640	-2.943307	-1.799702	-1.294086	0.052691	0.188405	0.274148	0.03427725583314896	3.9506172839506166e-05	0.18840260803699493
122760	-2.944317	-1.799496	-1.292920	0.052638	0.188478	0.274468	0.03425255157053471	3.9506172839506166e-05	0.18847671151161194
122880	-2.945924	-1.799366	-1.292676	0.052553	0.188552	0.274535	0.03423602785915136	3.9506172839506166e-05	0.1885518729686737
123000	-2.946864	-1.799212	-1.291562	0.052504	0.188620	0.274841	0.03422805313020945	3.9506172839506166e-05	0.18861903250217438
123120	-2.947263	-1.798846	-1.290857	0.052483	0.188731	0.275035	0.03419113606214523	3.9506172839506166e-05	0.18873050808906555
123240	-2.948305	-1.798612	-1.289200	0.052428	0.188809	0.275491	0.034171609580516814	2.6337448559670777e-05	0.1888081133365631
123360	-2.948864	-1.798048	-1.288343	0.052399	0.188953	0.275727	0.03412265293300152	3.9506172839506166e-05	0.1889527142047882
123480	-2.949944	-1.797913	-1.287893	0.052343	0.189011	0.275852	0.03411208670586348	3.9506172839506166e-05	0.1890106499195099
123600	-2.949395	-1.797525	-1.286747	0.052371	0.189116	0.276168	0.03407910447567701	3.9506172839506166e-05	0.18911409378051758
123720	-2.949576	-1.797469	-1.286237	0.052362	0.189170	0.276308	0.03406483512371779	3.9506172839506166e-05	0.18917042016983032
123840	-2.949472	-1.797336	-1.287183	0.052367	0.189198	0.276047	0.03406175170093775	3.9506172839506166e-05	0.18919716775417328
123960	-2.949574	-1.797156	-1.286917	0.052362	0.189280	0.276121	0.034040099196136	2.6337448559670777e-05	0.18928012251853943
124080	-2.949037	-1.796685	-1.287518	0.052390	0.189392	0.275955	0.0339983532205224	3.9506172839506166e-05	0.1893918812274933
124200	-2.948456	-1.796450	-1.287532	0.052421	0.189449	0.275951	0.033980641327798364	3.9506172839506166e-05	0.18944738805294037
124320	-2.947338	-1.796108	-1.287162	0.052479	0.189546	0.276053	0.03395072072744369	2.6337448559670777e-05	0.18954460322856903
124440	-2.948363	-1.795976	-1.286266	0.052425	0.189619	0.276301	0.03393287286162376	3.9506172839506166e-05	0.18961849808692932
124560	-2.948205	-1.796106	-1.283970	0.052434	0.189603	0.276936	0.03394409995526075	3.9506172839506166e-05	0.18960370123386383
124680	-2.949054	-1.795944	-1.283376	0.052389	0.189663	0.277100	0.033933607302606104	3.9506172839506166e-05	0.18966184556484222
124800	-2.949785	-1.795713	-1.283571	0.052351	0.189736	0.277046	0.03391722645610571	3.9506172839506166e-05	0.18973378837108612
124920	-2.950004	-1.795489	-1.282164	0.052339	0.189815	0.277436	0.0338949766010046	2.6337448559670777e-05	0.18981339037418365
125040	-2.950433	-1.795032	-1.281554	0.052317	0.189904	0.277605	0.03384829573333263	2.6337448559670777e-05	0.18990446627140045
125160	-2.950017	-1.794808	-1.280568	0.052339	0.189948	0.277879	0.03383911605924368	2.6337448559670777e-05	0.18994654715061188
125280	-2.950581	-1.794712	-1.279981	0.052309	0.189980	0.278043	0.03382535595446825	2.6337448559670777e-05	0.1899789571762085
125400	-2.949652	-1.794696	-1.279268	0.052358	0.190010	0.278241	0.03382175173610449	1.7558299039780518e-05	0.190009206533432
125520	-2.951144	-1.794738	-1.278668	0.052280	0.190029	0.278408	0.03382531236857176	2.6337448559670777e-05	0.19002792239189148
125640	-2.952119	-1.794787	-1.279292	0.052229	0.190035	0.278234	0.033823988400399685	5.925925925925925e-05	0.1900358349084854
125760	-2.952688	-1.794677	-1.278474	0.052199	0.190071	0.278462	0.03382003176957369	3.9506172839506166e-05	0.19006986916065216
125880	-2.952464	-1.794802	-1.278124	0.052211	0.190052	0.278559	0.033823784254491326	2.6337448559670777e-05	0.19005222618579865
126000	-2.953939	-1.794505	-1.276249	0.052134	0.190155	0.279082	0.03380582164973021	3.9506172839506166e-05	0.1901528388261795
126120	-2.954427	-1.794352	-1.275001	0.052108	0.190235	0.279431	0.03378666844218969	3.9506172839506166e-05	0.19023388624191284
126240	-2.954850	-1.794347	-1.273919	0.052086	0.190291	0.279733	0.03378989957273006	3.9506172839506166e-05	0.19029006361961365
126360	-2.954590	-1.794544	-1.273165	0.052100	0.190272	0.279944	0.03380739558488131	3.9506172839506166e-05	0.19027136266231537
126480	-2.954426	-1.794245	-1.272693	0.052109	0.190344	0.280077	0.033775949850678444	3.9506172839506166e-05	0.19034454226493835
126600	-2.954059	-1.793829	-1.272633	0.052128	0.190433	0.280093	0.033745094388723376	2.6337448559670777e-05	0.1904323250055313
126720	-2.954304	-1.793556	-1.270422	0.052115	0.190511	0.280713	0.033716766908764836	2.6337448559670777e-05	0.190510556101799
126840	-2.953060	-1.793443	-1.269978	0.052180	0.190533	0.280838	0.03371061384677887	3.9506172839506166e-05	0.1905309557914734
126960	-2.952864	-1.793172	-1.269257	0.052190	0.190624	0.281040	0.033681366965174674	2.6337448559670777e-05	0.19062379002571106
127080	-2.952865	-1.792590	-1.269019	0.052190	0.190770	0.281107	0.033630060777068135	3.9506172839506166e-05	0.19076886773109436
127200	-2.954488	-1.792372	-1.269267	0.052105	0.190842	0.281038	0.03361144922673702	3.9506172839506166e-05	0.1908404529094696
127320	-2.955782	-1.792079	-1.267093	0.052038	0.190973	0.281649	0.033586589992046355	1.7558299039780518e-05	0.19097158312797546
127440	-2.956014	-1.792337	-1.267245	0.052026	0.190948	0.281606	0.0336036553606391	3.9506172839506166e-05	0.19094809889793396
127560	-2.955442	-1.792233	-1.266839	0.052056	0.190999	0.281721	0.03360067196190357	3.9506172839506166e-05	0.19099834561347961
127680	-2.956110	-1.792119	-1.266615	0.052021	0.191036	0.281784	0.033587738126516345	3.9506172839506166e-05	0.19103528559207916
127800	-2.956791	-1.792045	-1.266370	0.051985	0.191095	0.281853	0.03357902392745018	3.9506172839506166e-05	0.19109483063220978
127920	-2.956586	-1.792066	-1.266625	0.051996	0.191108	0.281781	0.03358200173825025	3.9506172839506166e-05	0.19110777974128723
128040	-2.956494	-1.791765	-1.264989	0.052001	0.191186	0.282242	0.03355806954205036	3.9506172839506166e-05	0.19118496775627136
128160	-2.957453	-1.791645	-1.264426	0.051951	0.191255	0.282401	0.033542816527187824	3.9506172839506166e-05	0.19125479459762573
128280	-2.958086	-1.791375	-1.264087	0.051918	0.191323	0.282497	0.03352006934583187	2.6337448559670777e-05	0.19132272899150848
128400	-2.958299	-1.790867	-1.263740	0.051907	0.191448	0.282595	0.033474377170205113	3.9506172839506166e-05	0.1914483904838562
128520	-2.958571	-1.790596	-1.264038	0.051893	0.191525	0.282511	0.03345467727631331	3.9506172839506166e-05	0.19152410328388214
128640	-2.958807	-1.790247	-1.263613	0.051881	0.191600	0.282631	0.03342364635318518	2.6337448559670777e-05	0.1915987730026245
128760	-2.959923	-1.790124	-1.262347	0.051823	0.191647	0.282989	0.03340536244213581	3.9506172839506166e-05	0.19164758920669556
128880	-2.960339	-1.789823	-1.260300	0.051801	0.191743	0.283569	0.03338187076151371	2.6337448559670777e-05	0.19174252450466156
129000	-2.960778	-1.789824	-1.260404	0.051779	0.191765	0.283540	0.03337914608418942	2.6337448559670777e-05	0.1917649358510971
129120	-2.961624	-1.789219	-1.258010	0.051735	0.191937	0.284219	0.03332880344241858	2.6337448559670777e-05	0.19193622469902039
129240	-2.963326	-1.789130	-1.256298	0.051647	0.191998	0.284706	0.03330890405923128	5.925925925925925e-05	0.19199997186660767
129360	-2.963269	-1.788879	-1.256459	0.051650	0.192058	0.284660	0.033299189247190955	2.6337448559670777e-05	0.19205613434314728
129480	-2.963760	-1.788761	-1.254520	0.051624	0.192111	0.285213	0.03329102303832769	3.9506172839506166e-05	0.19210948050022125
129600	-2.963815	-1.788434	-1.254502	0.051622	0.192172	0.285218	0.03325873222202062	2.6337448559670777e-05	0.19217152893543243
129720	-2.964422	-1.788153	-1.253128	0.051590	0.192267	0.285610	0.03323565926402807	2.6337448559670777e-05	0.19226518273353577
129840	-2.964945	-1.787796	-1.252701	0.051563	0.192358	0.285732	0.033201939240098	3.9506172839506166e-05	0.19235798716545105
129960	-2.964670	-1.787853	-1.253021	0.051577	0.192367	0.285641	0.03320318590849638	2.6337448559670777e-05	0.19236630201339722
130080	-2.965472	-1.787988	-1.253015	0.051536	0.192384	0.285642	0.033214610628783704	3.9506172839506166e-05	0.1923828274011612
130200	-2.965432	-1.787836	-1.253559	0.051538	0.192417	0.285487	0.033201837725937364	3.9506172839506166e-05	0.19241657853126526
130320	-2.966240	-1.787533	-1.252644	0.051497	0.192523	0.285748	0.03317673932760954	3.9506172839506166e-05	0.192520871758461
130440	-2.965575	-1.787268	-1.252152	0.051531	0.192620	0.285889	0.03315236046910286	3.9506172839506166e-05	0.19261987507343292
130560	-2.965553	-1.787139	-1.251716	0.051532	0.192661	0.286014	0.03314014859497547	3.9506172839506166e-05	0.19265982508659363
130680	-2.965103	-1.787034	-1.251611	0.051555	0.192710	0.286044	0.03312793094664812	3.9506172839506166e-05	0.19270987808704376
130800	-2.964112	-1.786802	-1.250996	0.051606	0.192779	0.286220	0.03310989812016487	3.9506172839506166e-05	0.19277790188789368
130920	-2.964715	-1.786702	-1.251040	0.051575	0.192816	0.286207	0.033098580315709114	3.9506172839506166e-05	0.19281673431396484
131040	-2.964105	-1.786427	-1.250759	0.051607	0.192890	0.286287	0.0330712566152215	3.9506172839506166e-05	0.19289065897464752
131160	-2.964091	-1.785990	-1.250506	0.051607	0.192980	0.286360	0.03303619492799044	3.9506172839506166e-05	0.19297873973846436
131280	-2.962986	-1.785919	-1.249190	0.051664	0.193014	0.286737	0.033026801981031896	2.6337448559670777e-05	0.1930137574672699
131400	-2.964054	-1.786051	-1.250663	0.051609	0.193019	0.286315	0.033039695024490355	3.9506172839506166e-05	0.1930188089609146
131520	-2.964037	-1.785745	-1.250526	0.051610	0.193088	0.286354	0.033013750612735746	3.9506172839506166e-05	0.19308678805828094
131640	-2.964111	-1.785521	-1.250876	0.051606	0.193152	0.286254	0.032995876111090186	2.6337448559670777e-05	0.19315162301063538
131760	-2.963537	-1.785114	-1.250197	0.051636	0.193226	0.286448	0.032959293387830255	3.9506172839506166e-05	0.1932254582643509
131880	-2.963520	-1.784636	-1.249147	0.051637	0.193324	0.286749	0.032919183000922204	3.9506172839506166e-05	0.1933220475912094
132000	-2.964042	-1.784376	-1.249242	0.051610	0.193393	0.286722	0.03289100248366594	2.6337448559670777e-05	0.19339293241500854
132120	-2.963489	-1.784128	-1.247917	0.051638	0.193465	0.287102	0.03286856561899185	3.9506172839506166e-05	0.19346453249454498
132240	-2.963144	-1.784103	-1.247857	0.051656	0.193464	0.287119	0.03286255765706301	3.9506172839506166e-05	0.19346433877944946
132360	-2.964083	-1.783810	-1.246149	0.051608	0.193556	0.287610	0.03283823225647211	3.9506172839506166e-05	0.19355598092079163
132480	-2.963449	-1.783643	-1.245878	0.051641	0.193607	0.287688	0.03282558340579271	2.6337448559670777e-05	0.19360657036304474
132600	-2.963574	-1.783412	-1.245561	0.051634	0.193677	0.287779	0.03280183523893356	2.6337448559670777e-05	0.19367648661136627
132720	-2.963399	-1.783616	-1.245484	0.051643	0.193653	0.287802	0.03281908128410578	3.9506172839506166e-05	0.19365298748016357
132840	-2.963695	-1.783313	-1.244084	0.051628	0.193731	0.288205	0.0327942106872797	2.6337448559670777e-05	0.19373106956481934
132960	-2.962836	-1.783135	-1.243383	0.051672	0.193789	0.288407	0.032783206179738046	3.9506172839506166e-05	0.19378778338432312
133080	-2.963769	-1.782849	-1.243815	0.051624	0.193859	0.288282	0.032756301946938036	3.9506172839506166e-05	0.1938581019639969
133200	-2.964881	-1.782364	-1.243888	0.051567	0.193980	0.288261	0.03271056097000837	1.7558299039780518e-05	0.1939798891544342
133320	-2.965483	-1.782209	-1.244355	0.051536	0.194032	0.288127	0.032697093673050404	3.9506172839506166e-05	0.19403144717216492
133440	-2.966015	-1.782222	-1.243151	0.051508	0.194051	0.288474	0.03269355837255716	3.9506172839506166e-05	0.19405077397823334
133560	-2.966424	-1.782071	-1.242591	0.051487	0.194122	0.288635	0.03268200661987066	2.6337448559670777e-05	0.19412164390087128
133680	-2.966663	-1.782005	-1.242118	0.051475	0.194148	0.288772	0.03267819881439209	3.9506172839506166e-05	0.19414827227592468
133800	-2.967102	-1.781509	-1.242249	0.051452	0.194250	0.288734	0.03263934552669525	3.9506172839506166e-05	0.194248765707016
133920	-2.966405	-1.781339	-1.240905	0.051488	0.194275	0.289123	0.0326168280094862	3.9506172839506166e-05	0.1942746639251709
134040	-2.966610	-1.780819	-1.240231	0.051478	0.194411	0.289317	0.032576271891593934	2.6337448559670777e-05	0.19440968334674835
134160	-2.965910	-1.780527	-1.239774	0.051514	0.194509	0.289450	0.03254432827234268	1.7558299039780518e-05	0.19450928270816803
134280	-2.966304	-1.780410	-1.239121	0.051493	0.194557	0.289639	0.03253428060561418	3.9506172839506166e-05	0.1945560723543167
134400	-2.965277	-1.780125	-1.237849	0.051546	0.194616	0.290007	0.032506035454571244	3.9506172839506166e-05	0.19461610913276672
134520	-2.964530	-1.779679	-1.237110	0.051585	0.194732	0.290222	0.03246949557214975	3.9506172839506166e-05	0.19473065435886383
134640	-2.963426	-1.779340	-1.236708	0.051642	0.194783	0.290338	0.032435452379286286	2.6337448559670777e-05	0.19478332996368408
134760	-2.963575	-1.778934	-1.236711	0.051634	0.194884	0.290338	0.03240947797894478	3.9506172839506166e-05	0.1948820948600769
134880	-2.962997	-1.778358	-1.234884	0.051664	0.195017	0.290869	0.03235222864896059	3.9506172839506166e-05	0.1950160562992096
135000	-2.962742	-1.778037	-1.233318	0.051677	0.195110	0.291324	0.03232165593653917	3.9506172839506166e-05	0.1951090544462204
135120	-2.963260	-1.777780	-1.233592	0.051650	0.195181	0.291245	0.03229974564164877	2.6337448559670777e-05	0.19517947733402252
135240	-2.963462	-1.777676	-1.233175	0.051640	0.195222	0.291366	0.032295658625662325	3.9506172839506166e-05	0.1952192485332489
135360	-2.962379	-1.777436	-1.233031	0.051696	0.195288	0.291408	0.03226565904915333	3.9506172839506166e-05	0.19528821110725403
135480	-2.961388	-1.777180	-1.233288	0.051747	0.195354	0.291333	0.032245018146932126	3.9506172839506166e-05	0.1953529566526413
135600	-2.961743	-1.777080	-1.233179	0.051729	0.195413	0.291365	0.03223425075411797	2.6337448559670777e-05	0.19541291892528534
135720	-2.963012	-1.777022	-1.231803	0.051663	0.195473	0.291766	0.032224174775183204	3.9506172839506166e-05	0.19547387957572937
135840	-2.962926	-1.776973	-1.232705	0.051668	0.195489	0.291503	0.032220043055713174	3.9506172839506166e-05	0.19548949599266052
135960	-2.962693	-1.776715	-1.231056	0.051680	0.195565	0.291984	0.03220425229519606	3.9506172839506166e-05	0.1955639123916626
136080	-2.962768	-1.776437	-1.230747	0.051676	0.195645	0.292074	0.032181669399142264	2.6337448559670777e-05	0.1956433206796646
136200	-2.962625	-1.776009	-1.230882	0.051683	0.195742	0.292035	0.03214011732488871	3.9506172839506166e-05	0.1957404762506485
136320	-2.961707	-1.775761	-1.230029	0.051731	0.195797	0.292284	0.03211663439869881	3.9506172839506166e-05	0.19579680263996124
136440	-2.961021	-1.775490	-1.227845	0.051766	0.195864	0.292923	0.03209352307021618	2.6337448559670777e-05	0.19586268067359924
136560	-2.961179	-1.775007	-1.226648	0.051758	0.196001	0.293274	0.03204372655600309	3.9506172839506166e-05	0.19600161910057068
136680	-2.961222	-1.774865	-1.226371	0.051756	0.196056	0.293355	0.03203512374311686	3.9506172839506166e-05	0.19605505466461182
136800	-2.961075	-1.774258	-1.226056	0.051763	0.196201	0.293448	0.03198474962264299	3.9506172839506166e-05	0.1961994171142578
136920	-2.960629	-1.773442	-1.225446	0.051786	0.196390	0.293627	0.03190990760922432	3.9506172839506166e-05	0.19638915359973907
137040	-2.960597	-1.772974	-1.225566	0.051788	0.196512	0.293591	0.03186556492000818	2.6337448559670777e-05	0.19651098549365997
137160	-2.960483	-1.772291	-1.223945	0.051794	0.196676	0.294068	0.03180891629308462	3.9506172839506166e-05	0.19667376577854156
137280	-2.960148	-1.771817	-1.222935	0.051811	0.196783	0.294365	0.03175948485732079	3.9506172839506166e-05	0.19678282737731934
137400	-2.960504	-1.771652	-1.222524	0.051793	0.196849	0.294486	0.031747519969940186	3.9506172839506166e-05	0.19684778153896332
137520	-2.961284	-1.771511	-1.222108	0.051752	0.196918	0.294608	0.031729193218052384	3.9506172839506166e-05	0.1969182789325714
137640	-2.961552	-1.771328	-1.222321	0.051739	0.196970	0.294546	0.031719984114170076	3.9506172839506166e-05	0.19696882367134094
137760	-2.961735	-1.771402	-1.222700	0.051729	0.196973	0.294434	0.03172045275568962	3.9506172839506166e-05	0.196973517537117
137880	-2.962649	-1.771231	-1.222348	0.051682	0.197041	0.294538	0.03170877769589424	2.6337448559670777e-05	0.1970403492450714
138000	-2.963691	-1.771029	-1.221929	0.051628	0.197113	0.294661	0.03169057238847017	2.6337448559670777e-05	0.19711239635944366
138120	-2.964969	-1.770721	-1.221701	0.051562	0.197205	0.294728	0.03165730182081461	3.9506172839506166e-05	0.19720542430877686
138240	-2.965355	-1.770493	-1.220929	0.051542	0.197273	0.294956	0.03164776116609573	2.6337448559670777e-05	0.1972719132900238
138360	-2.964194	-1.770116	-1.221509	0.051602	0.197354	0.294785	0.0316063579171896	2.6337448559670777e-05	0.1973535120487213
138480	-2.965580	-1.769694	-1.223135	0.051531	0.197458	0.294306	0.03157100491225719	3.9506172839506166e-05	0.19745689630508423
138600	-2.965975	-1.769182	-1.222821	0.051510	0.197597	0.294398	0.03152498658746481	3.9506172839506166e-05	0.19759464263916016
138720	-2.966232	-1.769129	-1.221759	0.051497	0.197649	0.294711	0.03151903171092272	3.9506172839506166e-05	0.19764921069145203
138840	-2.966314	-1.768659	-1.220646	0.051493	0.197754	0.295039	0.03147390931844711	1.7558299039780518e-05	0.19775390625
138960	-2.966850	-1.768303	-1.220962	0.051465	0.197857	0.294946	0.031447476148605345	2.6337448559670777e-05	0.19785593450069427
139080	-2.965590	-1.767780	-1.220166	0.051530	0.197974	0.295181	0.03140426874160766	3.9506172839506166e-05	0.19797202944755554
139200	-2.966279	-1.767458	-1.220587	0.051495	0.198087	0.295057	0.03136840928345919	2.6337448559670777e-05	0.1980859935283661
139320	-2.966557	-1.767034	-1.220691	0.051480	0.198188	0.295026	0.0313342047855258	3.9506172839506166e-05	0.19818636775016785
139440	-2.967789	-1.766920	-1.220334	0.051417	0.198258	0.295132	0.03132276590913534	2.6337448559670777e-05	0.19825683534145355
139560	-2.968130	-1.766743	-1.219711	0.051399	0.198329	0.295316	0.03130585942417383	2.6337448559670777e-05	0.19832763075828552
139680	-2.969450	-1.766585	-1.219791	0.051332	0.198368	0.295292	0.031290759332478046	3.9506172839506166e-05	0.19836708903312683
139800	-2.970053	-1.766206	-1.220644	0.051301	0.198462	0.295040	0.03125068806111812	3.9506172839506166e-05	0.19846227765083313
139920	-2.971066	-1.766432	-1.220859	0.051249	0.198452	0.294977	0.03127253837883472	3.9506172839506166e-05	0.1984514743089676
140040	-2.969288	-1.765993	-1.220836	0.051340	0.198550	0.294984	0.031238270364701747	3.9506172839506166e-05	0.1985490322113037
140160	-2.969998	-1.765763	-1.220777	0.051303	0.198643	0.295001	0.031214396096765996	3.9506172839506166e-05	0.19864335656166077
140280	-2.969215	-1.765718	-1.221317	0.051344	0.198695	0.294842	0.031207865197211505	2.6337448559670777e-05	0.19869497418403625
140400	-2.968892	-1.765762	-1.219861	0.051360	0.198700	0.295271	0.03121982691809535	3.9506172839506166e-05	0.19869820773601532
140520	-2.968685	-1.765542	-1.219061	0.051371	0.198771	0.295507	0.03119598925113678	2.6337448559670777e-05	0.1987711638212204
140640	-2.968629	-1.765243	-1.217586	0.051374	0.198885	0.295944	0.031167169474065302	2.6337448559670777e-05	0.1988842487335205
140760	-2.968724	-1.764911	-1.217041	0.051369	0.198973	0.296105	0.031135203782469034	2.6337448559670777e-05	0.19897297024726868
140880	-2.968373	-1.764581	-1.216004	0.051387	0.199073	0.296412	0.03111089300364256	3.9506172839506166e-05	0.19907146692276
141000	-2.968456	-1.764473	-1.216148	0.051383	0.199122	0.296370	0.03109504794701934	3.9506172839506166e-05	0.19912229478359222
141120	-2.969831	-1.764338	-1.215311	0.051312	0.199192	0.296618	0.031089190673083068	3.9506172839506166e-05	0.1991914063692093
141240	-2.970328	-1.764058	-1.214927	0.051286	0.199289	0.296732	0.03105925153940916	3.9506172839506166e-05	0.19928939640522003
141360	-2.970797	-1.764021	-1.215109	0.051262	0.199330	0.296678	0.03105906778946519	3.9506172839506166e-05	0.19932954013347626
141480	-2.970977	-1.764020	-1.214730	0.051253	0.199358	0.296790	0.03105647340416908	3.9506172839506166e-05	0.19935762882232666
141600	-2.972324	-1.763715	-1.214003	0.051184	0.199447	0.297006	0.031036335788667203	3.9506172839506166e-05	0.1994452178478241
141720	-2.973186	-1.763809	-1.213608	0.051140	0.199430	0.297123	0.031039289105683564	3.9506172839506166e-05	0.1994294971227646
141840	-2.973133	-1.763435	-1.212757	0.051143	0.199542	0.297376	0.031009944435209037	3.9506172839506166e-05	0.19954077899456024
141960	-2.974497	-1.763304	-1.213173	0.051073	0.199567	0.297253	0.030990211199969052	2.6337448559670777e-05	0.1995670050382614
142080	-2.975717	-1.762995	-1.212677	0.051011	0.199665	0.297400	0.030971636809408665	2.6337448559670777e-05	0.19966381788253784
142200	-2.976483	-1.762756	-1.211677	0.050972	0.199725	0.297697	0.03094508731737733	2.6337448559670777e-05	0.19972437620162964
142320	-2.977541	-1.762426	-1.211746	0.050918	0.199838	0.297677	0.030915434006601572	3.9506172839506166e-05	0.19983674585819244
142440	-2.976382	-1.762192	-1.210885	0.050977	0.199889	0.297934	0.030896231438964604	3.9506172839506166e-05	0.19988815486431122
142560	-2.977754	-1.762009	-1.210612	0.050907	0.199977	0.298015	0.03087873002514243	3.9506172839506166e-05	0.19997556507587433
142680	-2.978132	-1.761908	-1.210019	0.050888	0.200026	0.298192	0.030868882220238446	3.9506172839506166e-05	0.20002542436122894
142800	-2.978576	-1.761883	-1.209615	0.050865	0.200063	0.298312	0.03086330071091652	3.9506172839506166e-05	0.20006252825260162
142920	-2.979370	-1.761617	-1.208801	0.050825	0.200153	0.298555	0.03084283461794257	3.9506172839506166e-05	0.20015230774879456
143040	-2.980019	-1.761365	-1.209312	0.050792	0.200219	0.298402	0.030827139876782893	3.9506172839506166e-05	0.2002168595790863
143160	-2.981334	-1.761260	-1.208665	0.050725	0.200283	0.298596	0.03080982631072402	3.9506172839506166e-05	0.20028217136859894
143280	-2.982114	-1.761257	-1.208260	0.050686	0.200301	0.298717	0.030805872473865747	3.9506172839506166e-05	0.200301855802536
143400	-2.981676	-1.761143	-1.209551	0.050708	0.200320	0.298331	0.03080202704295516	1.7558299039780518e-05	0.20032042264938354
143520	-2.982911	-1.761024	-1.208881	0.050645	0.200365	0.298531	0.03078869143500924	3.9506172839506166e-05	0.20036417245864868
143640	-2.981616	-1.760598	-1.209320	0.050711	0.200468	0.298400	0.030753204505890606	3.9506172839506166e-05	0.20046700537204742
143760	-2.981954	-1.760287	-1.209721	0.050694	0.200534	0.298281	0.0307267258875072	1.7558299039780518e-05	0.2005326896905899
143880	-2.982709	-1.759995	-1.209415	0.050655	0.200608	0.298372	0.030699892528355123	3.9506172839506166e-05	0.20060701668262482
144000	-2.982947	-1.759785	-1.209644	0.050643	0.200646	0.298303	0.03067609891295433	2.6337448559670777e-05	0.2006462663412094
144120	-2.983083	-1.759523	-1.209042	0.050636	0.200732	0.298483	0.03065789779648185	3.9506172839506166e-05	0.2007308304309845
144240	-2.983418	-1.759163	-1.207950	0.050619	0.200826	0.298809	0.0306219432502985	3.9506172839506166e-05	0.20082522928714752
144360	-2.984353	-1.759054	-1.208622	0.050572	0.200866	0.298609	0.030611537396907806	3.9506172839506166e-05	0.20086562633514404
144480	-2.985363	-1.758891	-1.208741	0.050521	0.200915	0.298573	0.030599288549274205	2.6337448559670777e-05	0.2009136974811554
144600	-2.986151	-1.758392	-1.208234	0.050481	0.201046	0.298724	0.030556910019367934	2.6337448559670777e-05	0.20104479789733887
144720	-2.986313	-1.758387	-1.207542	0.050473	0.201080	0.298931	0.030555147118866442	3.9506172839506166e-05	0.20107783377170563
144840	-2.986391	-1.758134	-1.207436	0.050469	0.201135	0.298963	0.030530753638595344	2.6337448559670777e-05	0.20113463699817657
144960	-2.985201	-1.757747	-1.207725	0.050529	0.201190	0.298877	0.030497368331998585	2.6337448559670777e-05	0.20118935406208038
145080	-2.986133	-1.757634	-1.207108	0.050482	0.201221	0.299061	0.030482605658471586	3.9506172839506166e-05	0.20122089982032776
145200	-2.987617	-1.757551	-1.205244	0.050407	0.201272	0.299619	0.030472178384661673	3.9506172839506166e-05	0.20127201080322266
145320	-2.987475	-1.757196	-1.204834	0.050415	0.201365	0.299742	0.03044605702161789	3.9506172839506166e-05	0.20136411488056183
145440	-2.987101	-1.756616	-1.204000	0.050433	0.201505	0.299992	0.030397747457027436	3.9506172839506166e-05	0.20150403678417206
145560	-2.988265	-1.756030	-1.201948	0.050375	0.201670	0.300608	0.030344164092093708	3.9506172839506166e-05	0.20166780054569244
145680	-2.989541	-1.756055	-1.200950	0.050311	0.201683	0.300908	0.030342726036906242	3.9506172839506166e-05	0.2016822099685669
145800	-2.989709	-1.756026	-1.200704	0.050302	0.201712	0.300982	0.03033995982259512	2.6337448559670777e-05	0.20171108841896057
145920	-2.988764	-1.755511	-1.199640	0.050350	0.201833	0.301303	0.03029089868068695	3.9506172839506166e-05	0.20183297991752625
146040	-2.989681	-1.755361	-1.199081	0.050303	0.201899	0.301471	0.03027957445010543	3.9506172839506166e-05	0.20189833641052246
146160	-2.990677	-1.755210	-1.197865	0.050253	0.201956	0.301838	0.030266390088945626	3.9506172839506166e-05	0.20195479691028595
146280	-2.991186	-1.755014	-1.197662	0.050228	0.202009	0.301899	0.03024600613862276	3.9506172839506166e-05	0.20200945436954498
146400	-2.992044	-1.755145	-1.198541	0.050185	0.201985	0.301634	0.030253682285547256	3.9506172839506166e-05	0.20198538899421692
146520	-2.991019	-1.754869	-1.197799	0.050236	0.202051	0.301858	0.030235115252435208	2.6337448559670777e-05	0.2020508348941803
146640	-2.991280	-1.754593	-1.197681	0.050223	0.202104	0.301893	0.030214254464954137	2.6337448559670777e-05	0.20210273563861847
146760	-2.991512	-1.754350	-1.197625	0.050211	0.202164	0.301910	0.030191233847290277	3.9506172839506166e-05	0.2021624594926834
146880	-2.992617	-1.753967	-1.197717	0.050156	0.202282	0.301883	0.030161783564835787	2.6337448559670777e-05	0.20227940380573273
147000	-2.994178	-1.753872	-1.197765	0.050078	0.202316	0.301868	0.030142568983137608	3.9506172839506166e-05	0.20231643319129944
147120	-2.994693	-1.753682	-1.196938	0.050052	0.202359	0.302118	0.03012996446341276	3.9506172839506166e-05	0.20235806703567505
147240	-2.994340	-1.753315	-1.196213	0.050070	0.202445	0.302337	0.030095567088574172	3.9506172839506166e-05	0.20244455337524414
147360	-2.994691	-1.753097	-1.195045	0.050052	0.202523	0.302690	0.030073142051696776	3.9506172839506166e-05	0.20252296328544617
147480	-2.995554	-1.753121	-1.194633	0.050009	0.202567	0.302815	0.030077766068279742	2.6337448559670777e-05	0.20256644487380981
147600	-2.995859	-1.753128	-1.193892	0.049994	0.202587	0.303040	0.030078015569597483	3.9506172839506166e-05	0.20258623361587524
147720	-2.995908	-1.752899	-1.192301	0.049991	0.202676	0.303522	0.03005542028695345	2.6337448559670777e-05	0.20267678797245026
147840	-2.996757	-1.752942	-1.192086	0.049949	0.202691	0.303587	0.03006329443305731	2.6337448559670777e-05	0.20269039273262024
147960	-2.997556	-1.752828	-1.191619	0.049909	0.202723	0.303729	0.030047355964779855	2.6337448559670777e-05	0.20272403955459595
148080	-2.998867	-1.752699	-1.190092	0.049844	0.202803	0.304193	0.030040800105780363	2.6337448559670777e-05	0.20280219614505768
148200	-2.998441	-1.752369	-1.189779	0.049865	0.202887	0.304289	0.030014320742338896	3.9506172839506166e-05	0.20288629829883575
148320	-2.998745	-1.752272	-1.190140	0.049850	0.202927	0.304179	0.029998784698545933	3.9506172839506166e-05	0.20292727649211884
148440	-2.998793	-1.752109	-1.190821	0.049847	0.203004	0.303971	0.029990593437105417	3.9506172839506166e-05	0.20300254225730896
148560	-3.000484	-1.751886	-1.190868	0.049763	0.203095	0.303957	0.029969034623354672	2.6337448559670777e-05	0.20309384167194366
148680	-3.001325	-1.751820	-1.189814	0.049721	0.203137	0.304278	0.029958256520330906	2.6337448559670777e-05	0.20313726365566254
148800	-3.001530	-1.751563	-1.189399	0.049711	0.203225	0.304404	0.029937397129833697	3.9506172839506166e-05	0.20322513580322266
148920	-3.001219	-1.751166	-1.188814	0.049726	0.203317	0.304582	0.0299021789804101	2.6337448559670777e-05	0.20331700146198273
149040	-3.000669	-1.751078	-1.188197	0.049754	0.203353	0.304770	0.0298936378210783	3.9506172839506166e-05	0.20335224270820618
149160	-3.000047	-1.750556	-1.188548	0.049785	0.203474	0.304663	0.02985398955643177	2.6337448559670777e-05	0.203471377491951
149280	-3.001587	-1.750558	-1.188305	0.049708	0.203515	0.304737	0.029841240029782057	3.9506172839506166e-05	0.2035149186849594
149400	-3.002832	-1.750496	-1.187010	0.049646	0.203571	0.305132	0.02983022006228566	2.6337448559670777e-05	0.203572615981102
149520	-3.003579	-1.750436	-1.187100	0.049609	0.203607	0.305105	0.029836679622530938	3.9506172839506166e-05	0.20360620319843292
149640	-3.003647	-1.750586	-1.186197	0.049606	0.203581	0.305380	0.02984812865033746	3.9506172839506166e-05	0.20357969403266907
149760	-3.004041	-1.750373	-1.184790	0.049586	0.203653	0.305810	0.02982700541615486	3.9506172839506166e-05	0.2036541849374771
149880	-3.004759	-1.750537	-1.185328	0.049551	0.203646	0.305646	0.029840686172246934	2.6337448559670777e-05	0.2036474049091339
150000	-3.004490	-1.750441	-1.185325	0.049564	0.203685	0.305647	0.029835656657814978	3.9506172839506166e-05	0.20368441939353943
150120	-3.004595	-1.750463	-1.185530	0.049559	0.203712	0.305584	0.029837823007255793	3.9506172839506166e-05	0.2037113755941391
150240	-3.005783	-1.750187	-1.185139	0.049500	0.203814	0.305704	0.029814287088811398	3.9506172839506166e-05	0.20381298661231995
150360	-3.005723	-1.749818	-1.185291	0.049503	0.203913	0.305657	0.029786119237542152	3.9506172839506166e-05	0.20391154289245605
150480	-3.005644	-1.749256	-1.183813	0.049507	0.204060	0.306109	0.029732167907059192	2.6337448559670777e-05	0.20405928790569305
150600	-3.006542	-1.748915	-1.183969	0.049462	0.204176	0.306061	0.029700550250709057	3.9506172839506166e-05	0.20417489111423492
150720	-3.006604	-1.748838	-1.183769	0.049459	0.204214	0.306123	0.02969206403940916	2.6337448559670777e-05	0.20421361923217773
150840	-3.007708	-1.748349	-1.182287	0.049405	0.204350	0.306577	0.029650875367224216	2.6337448559670777e-05	0.20434880256652832
150960	-3.007305	-1.748089	-1.182279	0.049425	0.204423	0.306579	0.02962497901171446	2.6337448559670777e-05	0.20442292094230652
151080	-3.008596	-1.747614	-1.182094	0.049361	0.204565	0.306636	0.029583126492798328	3.9506172839506166e-05	0.20456476509571075
151200	-3.009686	-1.747510	-1.182040	0.049307	0.204583	0.306652	0.029573063552379607	2.6337448559670777e-05	0.2045828104019165
151320	-3.010014	-1.747371	-1.180905	0.049291	0.204619	0.307001	0.029564425442367794	2.6337448559670777e-05	0.20461805164813995
151440	-3.011163	-1.747008	-1.178495	0.049234	0.204743	0.307741	0.0295270218513906	2.6337448559670777e-05	0.2047429084777832
151560	-3.012109	-1.746688	-1.178299	0.049188	0.204834	0.307802	0.029503899160772562	3.9506172839506166e-05	0.20483218133449554
151680	-3.013293	-1.746565	-1.176960	0.049130	0.204905	0.308214	0.02948646591976285	3.9506172839506166e-05	0.2049039751291275
151800	-3.012614	-1.746364	-1.175956	0.049163	0.204968	0.308524	0.029464831203222276	2.6337448559670777e-05	0.2049693763256073
151920	-3.012830	-1.746290	-1.175165	0.049152	0.204983	0.308768	0.029464574810117484	3.9506172839506166e-05	0.20498330891132355
152040	-3.014054	-1.746432	-1.174790	0.049092	0.204980	0.308884	0.029473203513771296	3.9506172839506166e-05	0.20497949421405792
152160	-3.014516	-1.745954	-1.173961	0.049070	0.205114	0.309140	0.02943742787465453	2.6337448559670777e-05	0.20511262118816376
152280	-3.015805	-1.745624	-1.173078	0.049006	0.205226	0.309413	0.02940726950764656	3.9506172839506166e-05	0.2052244246006012
152400	-3.015693	-1.745073	-1.172665	0.049012	0.205358	0.309541	0.029356577433645725	2.6337448559670777e-05	0.20535705983638763
152520	-3.014305	-1.744616	-1.171479	0.049080	0.205460	0.309908	0.02931581633165479	3.9506172839506166e-05	0.2054591178894043
152640	-3.014229	-1.744419	-1.170622	0.049084	0.205524	0.310174	0.029292381927371026	3.9506172839506166e-05	0.20552337169647217
152760	-3.014593	-1.744239	-1.169877	0.049066	0.205605	0.310405	0.029278814420104028	3.9506172839506166e-05	0.20560453832149506
152880	-3.015065	-1.743964	-1.170125	0.049043	0.205686	0.310328	0.029251785948872566	3.9506172839506166e-05	0.20568585395812988
153000	-3.014568	-1.743643	-1.169579	0.049067	0.205783	0.310498	0.029229549784213306	3.9506172839506166e-05	0.20578166842460632
153120	-3.014072	-1.743251	-1.169092	0.049091	0.205861	0.310649	0.029188254661858083	3.9506172839506166e-05	0.20586039125919342
153240	-3.014329	-1.743058	-1.169199	0.049079	0.205925	0.310616	0.029172814078629018	3.9506172839506166e-05	0.20592468976974487
153360	-3.016545	-1.742664	-1.168664	0.048970	0.206040	0.310782	0.029134998470544814	3.9506172839506166e-05	0.2060396671295166
153480	-3.017761	-1.742188	-1.167539	0.048911	0.206158	0.311132	0.029098496306687593	1.7558299039780518e-05	0.20615680515766144
153600	-3.017797	-1.741826	-1.167740	0.048909	0.206243	0.311069	0.02906500957906246	3.9506172839506166e-05	0.206241637468338
153720	-3.016940	-1.741465	-1.166860	0.048951	0.206327	0.311343	0.02902867030352354	2.6337448559670777e-05	0.2063262015581131
153840	-3.016736	-1.741308	-1.166161	0.048961	0.206386	0.311561	0.029014734923839568	3.9506172839506166e-05	0.20638467371463776
153960	-3.017482	-1.741186	-1.165473	0.048924	0.206420	0.311775	0.029002370964735746	2.6337448559670777e-05	0.20642106235027313
154080	-3.017895	-1.740783	-1.165591	0.048904	0.206519	0.311738	0.028968766517937183	3.9506172839506166e-05	0.20651882886886597
154200	-3.017744	-1.740632	-1.165779	0.048911	0.206557	0.311680	0.028956175222992896	3.9506172839506166e-05	0.20655561983585358
154320	-3.018113	-1.740212	-1.165736	0.048893	0.206653	0.311693	0.028918315749615432	3.9506172839506166e-05	0.20665161311626434
154440	-3.017384	-1.739749	-1.165547	0.048929	0.206773	0.311752	0.02887898301705718	2.6337448559670777e-05	0.20677100121974945
154560	-3.017803	-1.739447	-1.164685	0.048909	0.206835	0.312021	0.02885273527354002	3.9506172839506166e-05	0.20683318376541138
154680	-3.017838	-1.738947	-1.163488	0.048907	0.206962	0.312395	0.028807195834815502	3.9506172839506166e-05	0.20696063339710236
154800	-3.017553	-1.738737	-1.164439	0.048921	0.207016	0.312098	0.028790865372866393	3.9506172839506166e-05	0.20701296627521515
154920	-3.017313	-1.738177	-1.164292	0.048933	0.207155	0.312144	0.02874019742012024	2.6337448559670777e-05	0.2071532905101776
155040	-3.017397	-1.737920	-1.162019	0.048928	0.207230	0.312854	0.02870993595570326	3.9506172839506166e-05	0.2072296142578125
155160	-3.016942	-1.737580	-1.161000	0.048951	0.207336	0.313173	0.028679223358631135	2.6337448559670777e-05	0.20733632147312164
155280	-3.016208	-1.737258	-1.161859	0.048987	0.207400	0.312904	0.02865544715896249	3.9506172839506166e-05	0.2073986977338791
155400	-3.015167	-1.736617	-1.161397	0.049038	0.207558	0.313049	0.028597293980419637	2.6337448559670777e-05	0.20755650103092194
155520	-3.015122	-1.736285	-1.161899	0.049040	0.207649	0.312891	0.02856597173959017	3.9506172839506166e-05	0.20764780044555664
155640	-3.014223	-1.735815	-1.161957	0.049084	0.207768	0.312873	0.028522833343595268	3.9506172839506166e-05	0.207766592502594
155760	-3.014492	-1.735487	-1.161726	0.049071	0.207852	0.312946	0.028487662505358457	3.9506172839506166e-05	0.20785216987133026
155880	-3.013548	-1.735435	-1.163265	0.049117	0.207860	0.312464	0.02849004026502371	2.6337448559670777e-05	0.20785938203334808
156000	-3.012879	-1.735006	-1.162673	0.049150	0.207956	0.312649	0.028452480863779783	3.9506172839506166e-05	0.20795370638370514
156120	-3.013588	-1.734956	-1.162861	0.049115	0.208001	0.312591	0.02843909664079547	2.6337448559670777e-05	0.20800144970417023
156240	-3.014390	-1.734949	-1.162504	0.049076	0.208015	0.312702	0.028439486864954233	3.9506172839506166e-05	0.20801496505737305
156360	-3.015566	-1.734807	-1.162487	0.049018	0.208062	0.312707	0.02843123720958829	2.6337448559670777e-05	0.20806103944778442
156480	-3.015783	-1.734439	-1.162880	0.049007	0.208155	0.312585	0.028398557286709546	3.9506172839506166e-05	0.2081538438796997
156600	-3.015392	-1.733785	-1.162131	0.049027	0.208306	0.312819	0.028337609954178333	2.6337448559670777e-05	0.2083057016134262
156720	-3.014093	-1.733394	-1.162657	0.049090	0.208388	0.312654	0.02830358035862446	3.9506172839506166e-05	0.20838800072669983
156840	-3.014482	-1.732965	-1.162538	0.049071	0.208484	0.312692	0.028271288331598043	5.925925925925925e-05	0.20848050713539124
156960	-3.014457	-1.732695	-1.162116	0.049073	0.208567	0.312823	0.028236995078623296	3.9506172839506166e-05	0.2085668444633484
157080	-3.013888	-1.731941	-1.160050	0.049100	0.208748	0.313470	0.028174171037971974	2.6337448559670777e-05	0.2087472677230835
157200	-3.013977	-1.731797	-1.160307	0.049096	0.208775	0.313390	0.028160187415778637	2.6337448559670777e-05	0.20877373218536377
157320	-3.015302	-1.731427	-1.159912	0.049031	0.208849	0.313514	0.028132370579987763	2.6337448559670777e-05	0.2088479995727539
157440	-3.015146	-1.731171	-1.159335	0.049039	0.208904	0.313695	0.028104209620505572	2.6337448559670777e-05	0.20890295505523682
157560	-3.015106	-1.730974	-1.158677	0.049041	0.208952	0.313901	0.028083880431950092	2.6337448559670777e-05	0.20895187556743622
157680	-3.014856	-1.730656	-1.158590	0.049053	0.209057	0.313928	0.028058904502540827	2.6337448559670777e-05	0.20905576646327972
157800	-3.013997	-1.730193	-1.158670	0.049095	0.209172	0.313903	0.028020531870424747	3.9506172839506166e-05	0.20916996896266937
157920	-3.012938	-1.729710	-1.158049	0.049147	0.209298	0.314098	0.02797471610829234	2.6337448559670777e-05	0.2092967927455902
158040	-3.012410	-1.729193	-1.157919	0.049173	0.209414	0.314139	0.027925295941531657	3.9506172839506166e-05	0.20941388607025146
158160	-3.011859	-1.728660	-1.157929	0.049200	0.209552	0.314136	0.02787961233407259	2.6337448559670777e-05	0.20955133438110352
158280	-3.011807	-1.728631	-1.157949	0.049203	0.209548	0.314130	0.027874618768692017	3.9506172839506166e-05	0.20954786241054535
158400	-3.011649	-1.728296	-1.157119	0.049210	0.209641	0.314391	0.027845227904617787	3.9506172839506166e-05	0.2096405327320099
158520	-3.010391	-1.727931	-1.156870	0.049272	0.209716	0.314469	0.02781158508732915	1.7558299039780518e-05	0.20971539616584778
158640	-3.010360	-1.727926	-1.156904	0.049274	0.209722	0.314458	0.02781030097976327	2.6337448559670777e-05	0.20972149074077606
158760	-3.010589	-1.727829	-1.157590	0.049263	0.209749	0.314243	0.027799243200570346	2.6337448559670777e-05	0.20974931120872498
158880	-3.010987	-1.727929	-1.156396	0.049243	0.209761	0.314618	0.027807968202978373	3.9506172839506166e-05	0.20976097881793976
159000	-3.011940	-1.727933	-1.155698	0.049196	0.209786	0.314838	0.027812258526682853	2.6337448559670777e-05	0.20978565514087677
159120	-3.011860	-1.727691	-1.156138	0.049200	0.209834	0.314699	0.027789734955877065	1.7558299039780518e-05	0.20983360707759857
159240	-3.012013	-1.727424	-1.155495	0.049193	0.209901	0.314901	0.027768140099942683	1.7558299039780518e-05	0.209899440407753
159360	-3.011217	-1.727100	-1.154966	0.049232	0.209985	0.315068	0.02773484792560339	1.1705532693187011e-05	0.20998483896255493
159480	-3.011030	-1.727099	-1.155271	0.049241	0.209991	0.314972	0.027736552618443967	3.9506172839506166e-05	0.20999003946781158
159600	-3.011656	-1.726998	-1.154668	0.049210	0.210017	0.315162	0.0277315110899508	2.6337448559670777e-05	0.21001598238945007
159720	-3.011938	-1.726690	-1.153833	0.049196	0.210100	0.315425	0.027699953503906728	2.6337448559670777e-05	0.21009919047355652
159840	-3.011956	-1.726442	-1.153634	0.049195	0.210157	0.315488	0.027676507830619812	2.6337448559670777e-05	0.21015672385692596
159960	-3.012804	-1.726300	-1.153649	0.049154	0.210197	0.315484	0.027667537238448857	3.9506172839506166e-05	0.21019534766674042
160080	-3.012343	-1.725736	-1.153498	0.049176	0.210338	0.315531	0.02761966288089752	3.9506172839506166e-05	0.21033622324466705
160200	-3.011571	-1.725101	-1.153671	0.049214	0.210483	0.315477	0.02755887946113944	2.6337448559670777e-05	0.21048252284526825
160320	-3.011090	-1.724726	-1.153887	0.049238	0.210591	0.315408	0.027521399036049842	2.6337448559670777e-05	0.21059037744998932
160440	-3.011415	-1.724397	-1.153134	0.049222	0.210690	0.315646	0.0274950098246336	2.6337448559670777e-05	0.21068930625915527
160560	-3.012905	-1.723982	-1.151281	0.049149	0.210820	0.316232	0.027460150700062514	2.6337448559670777e-05	0.21081846952438354
160680	-3.012771	-1.723656	-1.150477	0.049155	0.210920	0.316486	0.027428361866623164	2.6337448559670777e-05	0.2109191119670868
160800	-3.012117	-1.723495	-1.150117	0.049187	0.210978	0.316600	0.027412921749055387	2.6337448559670777e-05	0.21097725629806519
160920	-3.011353	-1.723187	-1.149540	0.049225	0.211056	0.316782	0.027385648991912603	2.6337448559670777e-05	0.21105606853961945
161040	-3.011001	-1.722878	-1.149008	0.049242	0.211135	0.316951	0.027356598246842622	2.6337448559670777e-05	0.2111348956823349
161160	-3.010591	-1.722551	-1.148897	0.049263	0.211202	0.316986	0.027326224837452173	1.7558299039780518e-05	0.21120190620422363
161280	-3.009736	-1.722254	-1.148564	0.049305	0.211277	0.317092	0.02730050729587674	2.6337448559670777e-05	0.21127603948116302
161400	-3.009393	-1.721803	-1.146813	0.049322	0.211395	0.317647	0.02726297648623586	2.6337448559670777e-05	0.211394265294075
161520	-3.009592	-1.721368	-1.147178	0.049312	0.211494	0.317532	0.027223824337124825	2.6337448559670777e-05	0.21149277687072754
161640	-3.009113	-1.720879	-1.147042	0.049335	0.211604	0.317575	0.027178021520376204	2.6337448559670777e-05	0.21160317957401276
161760	-3.009496	-1.720496	-1.146028	0.049317	0.211699	0.317897	0.027145892195403577	3.9506172839506166e-05	0.21169734001159668
161880	-3.009300	-1.719968	-1.145617	0.049326	0.211819	0.318028	0.027093677408993246	3.9506172839506166e-05	0.21181906759738922
162000	-3.008735	-1.719533	-1.145647	0.049354	0.211917	0.318018	0.02705993186682463	2.6337448559670777e-05	0.21191522479057312
162120	-3.007827	-1.719241	-1.145522	0.049399	0.211989	0.318058	0.02702553989365697	3.9506172839506166e-05	0.21198919415473938
162240	-3.007844	-1.718746	-1.145108	0.049398	0.212126	0.318190	0.026985871884971858	2.6337448559670777e-05	0.2121249884366989
162360	-3.007242	-1.718274	-1.143739	0.049428	0.212246	0.318625	0.026942096836864948	3.9506172839506166e-05	0.21224500238895416
162480	-3.006619	-1.717544	-1.143054	0.049459	0.212420	0.318844	0.026886758115142583	3.9506172839506166e-05	0.2124170958995819
162600	-3.006921	-1.717124	-1.142590	0.049444	0.212510	0.318992	0.02683878634124994	2.6337448559670777e-05	0.21250982582569122
162720	-3.007406	-1.716806	-1.141951	0.049420	0.212596	0.319196	0.026811772026121616	2.6337448559670777e-05	0.2125956118106842
162840	-3.008162	-1.716475	-1.140973	0.049382	0.212689	0.319508	0.026780754048377275	3.9506172839506166e-05	0.2126888483762741
162960	-3.008497	-1.716027	-1.140083	0.049366	0.212782	0.319792	0.0267476056702435	3.9506172839506166e-05	0.2127791941165924
163080	-3.008045	-1.715488	-1.140150	0.049388	0.212898	0.319771	0.026696464885026215	3.9506172839506166e-05	0.21289584040641785
163200	-3.007726	-1.715150	-1.140743	0.049404	0.212978	0.319581	0.026663136575371026	2.6337448559670777e-05	0.21297717094421387
163320	-3.007833	-1.714688	-1.140072	0.049399	0.213068	0.319796	0.026622200291603802	2.6337448559670777e-05	0.21306708455085754
163440	-3.006699	-1.714314	-1.138443	0.049455	0.213167	0.320317	0.026582306530326606	3.9506172839506166e-05	0.21316632628440857
163560	-3.005685	-1.713824	-1.136683	0.049505	0.213300	0.320882	0.026544758956879376	3.9506172839506166e-05	0.21329835057258606
163680	-3.004807	-1.713501	-1.136633	0.049548	0.213381	0.320898	0.02651551915332675	1.7558299039780518e-05	0.21337948739528656
163800	-3.004727	-1.713082	-1.135541	0.049552	0.213491	0.321248	0.026476453896611928	2.6337448559670777e-05	0.21349060535430908
163920	-3.005009	-1.712456	-1.133631	0.049538	0.213643	0.321862	0.02642180398106575	3.9506172839506166e-05	0.21364250779151917
164040	-3.005675	-1.712178	-1.132612	0.049505	0.213734	0.322191	0.026393807120621206	3.9506172839506166e-05	0.21373270452022552
164160	-3.005305	-1.711952	-1.132958	0.049524	0.213782	0.322079	0.02637456264346838	2.6337448559670777e-05	0.2137812376022339
164280	-3.004646	-1.711560	-1.132128	0.049556	0.213877	0.322347	0.02633710028603673	3.9506172839506166e-05	0.21387650072574615
164400	-3.005331	-1.711142	-1.130720	0.049522	0.214007	0.322801	0.026303041167557238	1.7558299039780518e-05	0.2140064239501953
164520	-3.004908	-1.710932	-1.130418	0.049543	0.214074	0.322898	0.0262835037894547	3.9506172839506166e-05	0.21407262980937958
164640	-3.004583	-1.710407	-1.129496	0.049559	0.214217	0.323196	0.026236425340175628	2.6337448559670777e-05	0.21421602368354797
164760	-3.003619	-1.709482	-1.128340	0.049607	0.214438	0.323570	0.02615611832588911	3.9506172839506166e-05	0.21443672478199005
164880	-3.004705	-1.709505	-1.127771	0.049553	0.214443	0.323754	0.02615267364308238	3.9506172839506166e-05	0.21444348990917206
165000	-3.003774	-1.708871	-1.128068	0.049600	0.214588	0.323658	0.026095739752054214	2.6337448559670777e-05	0.21458864212036133
165120	-3.004245	-1.708742	-1.126899	0.049576	0.214639	0.324037	0.02608123207464814	3.9506172839506166e-05	0.21463952958583832
165240	-3.004039	-1.708400	-1.125963	0.049586	0.214721	0.324340	0.026054573897272348	3.9506172839506166e-05	0.21472106873989105
165360	-3.003047	-1.707677	-1.124193	0.049636	0.214889	0.324914	0.025990368612110615	2.6337448559670777e-05	0.214887335896492
165480	-3.002502	-1.707167	-1.123680	0.049663	0.215005	0.325081	0.02594949323683977	2.6337448559670777e-05	0.2150028944015503
165600	-3.002702	-1.706737	-1.122198	0.049653	0.215111	0.325563	0.025904900580644607	3.9506172839506166e-05	0.21511051058769226
165720	-3.002372	-1.706466	-1.121346	0.049669	0.215183	0.325841	0.025880121160298586	2.6337448559670777e-05	0.21518239378929138
165840	-3.002492	-1.706281	-1.120371	0.049663	0.215229	0.326159	0.02586157703772187	3.9506172839506166e-05	0.21522873640060425
165960	-3.000770	-1.705729	-1.120588	0.049749	0.215363	0.326088	0.025813387986272574	2.6337448559670777e-05	0.21536286175251007
166080	-3.001440	-1.705390	-1.119751	0.049715	0.215456	0.326361	0.02578441482037306	2.6337448559670777e-05	0.21545568108558655
166200	-3.001037	-1.705130	-1.119992	0.049735	0.215538	0.326283	0.025756991934031248	3.9506172839506166e-05	0.21553772687911987
166320	-3.001379	-1.704691	-1.119090	0.049718	0.215672	0.326577	0.025721332617104055	3.9506172839506166e-05	0.21567115187644958
166440	-3.001451	-1.704295	-1.116954	0.049715	0.215775	0.327275	0.025684350356459617	2.6337448559670777e-05	0.2157750129699707
166560	-3.001032	-1.704159	-1.116569	0.049736	0.215806	0.327401	0.02567160865291953	2.6337448559670777e-05	0.2158050239086151
166680	-3.000440	-1.703752	-1.116127	0.049765	0.215914	0.327546	0.02564384965226054	3.9506172839506166e-05	0.21591077744960785
166800	-2.999421	-1.702989	-1.115294	0.049816	0.216073	0.327819	0.025569962430745365	3.9506172839506166e-05	0.21607153117656708
166920	-2.999571	-1.702683	-1.114746	0.049808	0.216154	0.327999	0.02554334979504347	2.6337448559670777e-05	0.21615292131900787
167040	-2.999888	-1.702098	-1.114699	0.049793	0.216317	0.328014	0.02548799943178892	2.6337448559670777e-05	0.21631598472595215
167160	-3.000008	-1.701722	-1.113978	0.049787	0.216394	0.328251	0.025450460240244867	3.9506172839506166e-05	0.2163940966129303
167280	-2.999674	-1.701455	-1.113092	0.049803	0.216457	0.328542	0.025429291650652885	2.6337448559670777e-05	0.2164563685655594
167400	-3.000043	-1.701384	-1.112430	0.049785	0.216472	0.328759	0.025417781062424184	2.6337448559670777e-05	0.21647286415100098
167520	-3.000241	-1.701147	-1.112260	0.049775	0.216558	0.328815	0.025402712915092707	1.7558299039780518e-05	0.21655689179897308
167640	-2.999553	-1.700798	-1.111327	0.049809	0.216651	0.329122	0.025370224379003048	2.6337448559670777e-05	0.21665020287036896
167760	-2.998929	-1.700295	-1.109717	0.049840	0.216778	0.329652	0.025327280350029468	3.9506172839506166e-05	0.21677637100219727
167880	-2.998329	-1.699835	-1.109923	0.049870	0.216900	0.329584	0.02527775811031461	3.9506172839506166e-05	0.21690090000629425
168000	-2.998598	-1.699563	-1.109196	0.049857	0.216959	0.329824	0.025258563552051784	2.6337448559670777e-05	0.21695910394191742
168120	-2.999602	-1.699372	-1.108197	0.049807	0.217022	0.330154	0.02524569444358349	3.9506172839506166e-05	0.21701963245868683
168240	-2.999754	-1.698942	-1.107360	0.049799	0.217125	0.330430	0.025203732680529355	3.9506172839506166e-05	0.21712398529052734
168360	-3.001246	-1.698676	-1.105835	0.049725	0.217213	0.330934	0.02518009291961789	3.9506172839506166e-05	0.21721161901950836
168480	-3.001106	-1.698101	-1.105135	0.049732	0.217360	0.331166	0.025127439945936202	2.6337448559670777e-05	0.21735936403274536
168600	-3.000783	-1.697936	-1.104666	0.049748	0.217396	0.331322	0.025110383983701468	2.6337448559670777e-05	0.21739575266838074
168720	-3.000754	-1.697443	-1.103587	0.049750	0.217549	0.331679	0.025068805646151306	3.9506172839506166e-05	0.21754902601242065
168840	-3.000991	-1.697045	-1.103527	0.049738	0.217666	0.331699	0.025035540387034417	2.6337448559670777e-05	0.21766498684883118
168960	-3.000510	-1.696682	-1.102703	0.049762	0.217755	0.331973	0.02500344589352608	3.9506172839506166e-05	0.21775321662425995
169080	-2.998951	-1.696143	-1.102046	0.049839	0.217882	0.332191	0.024955174885690212	2.6337448559670777e-05	0.21788005530834198
169200	-2.998831	-1.695601	-1.101553	0.049845	0.218034	0.332354	0.024906511325389145	2.6337448559670777e-05	0.218032568693161
169320	-2.998612	-1.695051	-1.100660	0.049856	0.218186	0.332651	0.024850742891430855	3.9506172839506166e-05	0.21818558871746063
169440	-2.997097	-1.694732	-1.100755	0.049932	0.218285	0.332620	0.02482094122096896	3.9506172839506166e-05	0.21828524768352509
169560	-2.996944	-1.694495	-1.099729	0.049939	0.218351	0.332961	0.024803015869110823	2.6337448559670777e-05	0.21834929287433624
169680	-2.996249	-1.694040	-1.097800	0.049974	0.218510	0.333604	0.024761735741049052	3.9506172839506166e-05	0.21850870549678802
169800	-2.995853	-1.693765	-1.098425	0.049994	0.218564	0.333396	0.024735578056424855	3.9506172839506166e-05	0.21856370568275452
169920	-2.994771	-1.693392	-1.096859	0.050048	0.218668	0.333918	0.024696312565356492	3.9506172839506166e-05	0.21866923570632935
170040	-2.994126	-1.693259	-1.096925	0.050080	0.218719	0.333896	0.024691510666161775	2.6337448559670777e-05	0.2187182903289795
170160	-2.994599	-1.692694	-1.096335	0.050057	0.218855	0.334093	0.024642508290708066	3.9506172839506166e-05	0.2188543975353241
170280	-2.994691	-1.692311	-1.095295	0.050052	0.218983	0.334441	0.024607119895517827	2.6337448559670777e-05	0.21898218989372253
170400	-2.993322	-1.691970	-1.096066	0.050121	0.219056	0.334183	0.024576995894312857	3.9506172839506166e-05	0.21905434131622314
170520	-2.994197	-1.691410	-1.096954	0.050077	0.219199	0.333887	0.02453168937936425	2.6337448559670777e-05	0.21919700503349304
170640	-2.993196	-1.691297	-1.096702	0.050127	0.219248	0.333971	0.02451180024072528	2.6337448559670777e-05	0.21924789249897003
170760	-2.993209	-1.690999	-1.096816	0.050126	0.219342	0.333933	0.024483288824558257	3.9506172839506166e-05	0.21934294700622559
170880	-2.992828	-1.690498	-1.095773	0.050145	0.219469	0.334281	0.024445490352809428	2.6337448559670777e-05	0.21946865320205688
171000	-2.993069	-1.690161	-1.095007	0.050133	0.219582	0.334537	0.02441369220614433	2.6337448559670777e-05	0.2195810228586197
171120	-2.994244	-1.689903	-1.093801	0.050074	0.219691	0.334941	0.024385956954210995	2.6337448559670777e-05	0.21969085931777954
171240	-2.993457	-1.689503	-1.093038	0.050114	0.219811	0.335197	0.02435555197298527	2.6337448559670777e-05	0.21980981528759003
171360	-2.994340	-1.689140	-1.092078	0.050070	0.219925	0.335519	0.024318492319434882	2.6337448559670777e-05	0.21992407739162445
171480	-2.993834	-1.688788	-1.092042	0.050095	0.220039	0.335531	0.02429385045543313	2.6337448559670777e-05	0.2200368195772171
171600	-2.994902	-1.688576	-1.091323	0.050042	0.220125	0.335772	0.0242650824598968	3.9506172839506166e-05	0.22012516856193542
171720	-2.995645	-1.688308	-1.091236	0.050004	0.220187	0.335801	0.024248335883021353	2.6337448559670777e-05	0.22018630802631378
171840	-2.995356	-1.687865	-1.090159	0.050019	0.220317	0.336163	0.024208303727209567	3.9506172839506166e-05	0.2203153371810913
171960	-2.996444	-1.687247	-1.088334	0.049964	0.220505	0.336777	0.024154560174793005	3.9506172839506166e-05	0.22050322592258453
172080	-2.997138	-1.687039	-1.087696	0.049930	0.220598	0.336992	0.02412926061078906	3.9506172839506166e-05	0.2205977737903595
172200	-2.996789	-1.686721	-1.086816	0.049947	0.220707	0.337289	0.024100975878536702	2.6337448559670777e-05	0.22070714831352234
172320	-2.995480	-1.686301	-1.086556	0.050013	0.220779	0.337377	0.02406711308285594	2.6337448559670777e-05	0.22077828645706177
172440	-2.995047	-1.686285	-1.085978	0.050034	0.220806	0.337572	0.024060149397701024	2.6337448559670777e-05	0.22080548107624054
172560	-2.995481	-1.686184	-1.087167	0.050013	0.220820	0.337170	0.024047755729407073	3.9506172839506166e-05	0.2208206057548523
172680	-2.995091	-1.685932	-1.087221	0.050032	0.220894	0.337152	0.024038067366927863	2.6337448559670777e-05	0.22089172899723053
172800	-2.994688	-1.685742	-1.087799	0.050052	0.220959	0.336957	0.024014887027442457	3.9506172839506166e-05	0.22095796465873718
172920	-2.994034	-1.685600	-1.086711	0.050085	0.221001	0.337324	0.023996214382350445	3.9506172839506166e-05	0.22100208699703217
173040	-2.992715	-1.685247	-1.086301	0.050151	0.221097	0.337463	0.02396941352635622	2.6337448559670777e-05	0.2210969626903534
173160	-2.993047	-1.685336	-1.086933	0.050134	0.221131	0.337249	0.02397871036082506	3.9506172839506166e-05	0.22113008797168732
173280	-2.993238	-1.685149	-1.086666	0.050125	0.221195	0.337339	0.0239572043530643	3.9506172839506166e-05	0.22119511663913727
173400	-2.992481	-1.685090	-1.085038	0.050163	0.221237	0.337889	0.023954114597290754	2.6337448559670777e-05	0.22123585641384125
173520	-2.993818	-1.684880	-1.084684	0.050096	0.221323	0.338009	0.023938268516212703	3.9506172839506166e-05	0.2213209718465805
173640	-2.995342	-1.684864	-1.083754	0.050020	0.221400	0.338323	0.02393336333334446	3.9506172839506166e-05	0.22139912843704224
173760	-2.994352	-1.684623	-1.083245	0.050069	0.221507	0.338495	0.02391614867374301	2.6337448559670777e-05	0.22150519490242004
173880	-2.995029	-1.684371	-1.081693	0.050035	0.221595	0.339021	0.02389762494713068	3.9506172839506166e-05	0.22159311175346375
174000	-2.996866	-1.684422	-1.081879	0.049943	0.221615	0.338958	0.02389093255624175	3.9506172839506166e-05	0.22161522507667542
174120	-2.998602	-1.684241	-1.081966	0.049857	0.221711	0.338928	0.02387754013761878	2.6337448559670777e-05	0.221710667014122
174240	-2.997070	-1.683822	-1.081310	0.049933	0.221809	0.339151	0.023844998516142368	3.9506172839506166e-05	0.2218087911605835
174360	-2.996231	-1.683780	-1.080224	0.049975	0.221842	0.339519	0.02383572794497013	3.9506172839506166e-05	0.22184158861637115
174480	-2.996034	-1.683702	-1.079724	0.049985	0.221910	0.339689	0.023834170680493115	3.9506172839506166e-05	0.2219083309173584
174600	-2.996581	-1.683640	-1.079159	0.049958	0.221973	0.339881	0.023820605129003525	2.6337448559670777e-05	0.22197404503822327
174720	-2.997244	-1.683407	-1.077718	0.049924	0.222102	0.340371	0.023804275784641504	3.9506172839506166e-05	0.22210091352462769
174840	-2.997436	-1.683233	-1.076691	0.049915	0.222192	0.340721	0.023786591086536645	3.9506172839506166e-05	0.2221912294626236
174960	-2.998245	-1.682959	-1.075266	0.049875	0.222291	0.341207	0.02376310285180807	3.9506172839506166e-05	0.22229032218456268
175080	-2.998221	-1.682913	-1.074410	0.049876	0.222355	0.341499	0.02375887017697096	3.9506172839506166e-05	0.22235484421253204
175200	-2.999078	-1.682887	-1.072950	0.049833	0.222433	0.341998	0.023757071048021317	3.9506172839506166e-05	0.22243216633796692
175320	-2.998557	-1.682740	-1.071734	0.049859	0.222517	0.342414	0.02374462801963091	2.6337448559670777e-05	0.222516730427742
175440	-2.997988	-1.682892	-1.072460	0.049887	0.222547	0.342166	0.023755111359059812	3.9506172839506166e-05	0.2225462943315506
175560	-2.997825	-1.682656	-1.072721	0.049895	0.222647	0.342077	0.023740428686141967	1.7558299039780518e-05	0.222645565867424
175680	-2.997885	-1.682456	-1.071399	0.049892	0.222764	0.342529	0.023721261695027352	3.9506172839506166e-05	0.22276239097118378
175800	-2.998406	-1.682316	-1.071730	0.049866	0.222849	0.342416	0.02370559060946107	2.6337448559670777e-05	0.22284814715385437
175920	-2.999175	-1.682205	-1.071307	0.049828	0.222924	0.342560	0.0236970329657197	3.9506172839506166e-05	0.22292311489582062
176040	-2.999587	-1.681770	-1.071533	0.049808	0.223046	0.342483	0.023657387867569924	2.6337448559670777e-05	0.22304555773735046
176160	-3.000155	-1.681509	-1.071991	0.049779	0.223154	0.342326	0.02363024903461337	3.9506172839506166e-05	0.2231539487838745
176280	-3.001105	-1.681324	-1.069903	0.049732	0.223244	0.343042	0.02362117813900113	3.9506172839506166e-05	0.22324120998382568
176400	-3.001574	-1.680995	-1.069438	0.049709	0.223384	0.343201	0.02359021995216608	3.9506172839506166e-05	0.2233823984861374
176520	-3.001125	-1.680581	-1.069331	0.049731	0.223499	0.343238	0.023553056921809912	3.9506172839506166e-05	0.22349794209003448
176640	-3.002271	-1.680548	-1.069310	0.049674	0.223569	0.343245	0.023547925613820554	2.6337448559670777e-05	0.22356748580932617
176760	-3.001205	-1.680210	-1.068481	0.049727	0.223662	0.343530	0.023517105914652347	3.9506172839506166e-05	0.2236609011888504
176880	-3.001005	-1.679869	-1.067107	0.049737	0.223773	0.344002	0.023485054448246955	3.9506172839506166e-05	0.223772332072258
177000	-3.000368	-1.679497	-1.066825	0.049769	0.223854	0.344099	0.023449236620217563	3.9506172839506166e-05	0.22385430335998535
177120	-3.001035	-1.679128	-1.066220	0.049736	0.223995	0.344308	0.023422788362950087	3.9506172839506166e-05	0.22399389743804932
177240	-2.999398	-1.678918	-1.065251	0.049817	0.224035	0.344642	0.02340649487450719	2.6337448559670777e-05	0.22403302788734436
177360	-3.000464	-1.678622	-1.064031	0.049764	0.224163	0.345062	0.02337377406656742	3.9506172839506166e-05	0.2241610437631607
177480	-2.999764	-1.678420	-1.062379	0.049799	0.224263	0.345633	0.023358477186411618	3.9506172839506166e-05	0.22426123917102814
177600	-2.998886	-1.678135	-1.061680	0.049843	0.224364	0.345874	0.023333357740193607	2.6337448559670777e-05	0.22436243295669556
177720	-2.998819	-1.677655	-1.061015	0.049846	0.224491	0.346104	0.02328707054257393	3.9506172839506166e-05	0.22448980808258057
177840	-2.999150	-1.677513	-1.058544	0.049829	0.224588	0.346961	0.023276695050299168	3.9506172839506166e-05	0.22458645701408386
177960	-2.998898	-1.677159	-1.058092	0.049842	0.224707	0.347117	0.02324699331074953	3.9506172839506166e-05	0.22470508515834808
178080	-2.999305	-1.676832	-1.059446	0.049822	0.224813	0.346648	0.023213584162294864	3.9506172839506166e-05	0.22481116652488708
178200	-2.999576	-1.676793	-1.060387	0.049808	0.224848	0.346322	0.02320613944903016	1.7558299039780518e-05	0.2248474806547165
178320	-3.000230	-1.676676	-1.059170	0.049776	0.224903	0.346744	0.023197590187191964	3.9506172839506166e-05	0.22490264475345612
178440	-3.000260	-1.676468	-1.059092	0.049774	0.224981	0.346770	0.023180133011192084	3.9506172839506166e-05	0.22498047351837158
178560	-3.000513	-1.676015	-1.056578	0.049762	0.225131	0.347644	0.02313828645274043	1.7558299039780518e-05	0.2251308709383011
178680	-3.000237	-1.676024	-1.056762	0.049775	0.225147	0.347580	0.023144627828150986	3.9506172839506166e-05	0.2251451313495636
178800	-3.000733	-1.675566	-1.056504	0.049751	0.225297	0.347669	0.023102472815662623	1.7558299039780518e-05	0.2252955436706543
178920	-3.000402	-1.675405	-1.055879	0.049767	0.225359	0.347886	0.02308214260265231	3.9506172839506166e-05	0.22535806894302368
179040	-3.000205	-1.675102	-1.055338	0.049777	0.225438	0.348075	0.023049716651439667	3.9506172839506166e-05	0.22543886303901672
179160	-3.000311	-1.675053	-1.055112	0.049772	0.225431	0.348153	0.023056172486394643	3.9506172839506166e-05	0.22542965412139893
179280	-3.000530	-1.674781	-1.054772	0.049761	0.225525	0.348272	0.02302985340356827	2.6337448559670777e-05	0.22552324831485748
179400	-3.000920	-1.674494	-1.053825	0.049741	0.225619	0.348602	0.023002237360924483	3.9506172839506166e-05	0.2256186604499817
179520	-3.000232	-1.673960	-1.052721	0.049776	0.225736	0.348987	0.022955947648733856	2.6337448559670777e-05	0.22573576867580414
179640	-2.998465	-1.673411	-1.052119	0.049864	0.225858	0.349197	0.022907115612179042	3.9506172839506166e-05	0.2258567363023758
179760	-2.998313	-1.672907	-1.050299	0.049871	0.226016	0.349833	0.022861763276159762	1.7558299039780518e-05	0.22601479291915894
179880	-2.998198	-1.672673	-1.048813	0.049877	0.226094	0.350353	0.02283800421282649	3.9506172839506166e-05	0.22609317302703857
180000	-2.997430	-1.672337	-1.049128	0.049915	0.226177	0.350243	0.022809475474059582	3.9506172839506166e-05	0.2261764109134674
180120	-2.996893	-1.672134	-1.048192	0.049942	0.226259	0.350571	0.022789144702255727	3.9506172839506166e-05	0.22625882923603058
180240	-2.995453	-1.671757	-1.047576	0.050014	0.226356	0.350787	0.022758113313466312	2.6337448559670777e-05	0.22635552287101746
180360	-2.996514	-1.671448	-1.046893	0.049961	0.226466	0.351027	0.02272533280774951	1.7558299039780518e-05	0.22646580636501312
180480	-2.996930	-1.671400	-1.047148	0.049940	0.226487	0.350937	0.022724090609699488	2.6337448559670777e-05	0.22648660838603973
180600	-2.997531	-1.671546	-1.047810	0.049910	0.226464	0.350705	0.022737823892384768	3.9506172839506166e-05	0.2264629602432251
180720	-2.997154	-1.671452	-1.046375	0.049929	0.226512	0.351208	0.022725670039653777	3.9506172839506166e-05	0.22651274502277374
180840	-2.996877	-1.671328	-1.046826	0.049943	0.226525	0.351050	0.02271155724301934	3.9506172839506166e-05	0.22652556002140045
180960	-2.997506	-1.670917	-1.046265	0.049911	0.226647	0.351247	0.02268272275105119	2.6337448559670777e-05	0.226645827293396
181080	-2.996430	-1.670313	-1.046483	0.049965	0.226810	0.351171	0.022629504278302192	3.9506172839506166e-05	0.22680778801441193
181200	-2.996755	-1.670302	-1.044850	0.049949	0.226840	0.351744	0.022620393708348275	3.9506172839506166e-05	0.22684037685394287
181320	-2.996340	-1.669948	-1.044186	0.049970	0.226922	0.351978	0.022589331865310668	3.9506172839506166e-05	0.22692246735095978
181440	-2.996022	-1.669741	-1.044414	0.049986	0.226971	0.351898	0.022575739957392215	3.9506172839506166e-05	0.22697007656097412
181560	-2.995389	-1.669680	-1.042833	0.050017	0.226990	0.352455	0.022570812981575726	3.9506172839506166e-05	0.22698867321014404
181680	-2.994629	-1.669072	-1.042099	0.050055	0.227130	0.352714	0.022512536961585283	3.9506172839506166e-05	0.2271295189857483
181800	-2.994831	-1.668724	-1.041587	0.050045	0.227239	0.352894	0.022479475289583207	2.6337448559670777e-05	0.22723916172981262
181920	-2.994500	-1.668413	-1.040391	0.050062	0.227343	0.353317	0.022454788070172073	3.9506172839506166e-05	0.22734230756759644
182040	-2.995834	-1.668070	-1.039760	0.049995	0.227469	0.353540	0.022425758466124535	3.9506172839506166e-05	0.22746770083904266
182160	-2.996476	-1.667579	-1.039025	0.049963	0.227598	0.353799	0.022380929719656707	3.9506172839506166e-05	0.22759655117988586
182280	-2.997424	-1.667533	-1.039196	0.049915	0.227639	0.353739	0.02237156918272376	3.9506172839506166e-05	0.2276386171579361
182400	-2.997633	-1.667186	-1.038503	0.049905	0.227754	0.353984	0.022347304783761502	2.6337448559670777e-05	0.22775182127952576
182520	-2.997548	-1.667130	-1.038493	0.049909	0.227792	0.353988	0.022335731144994497	2.6337448559670777e-05	0.22779281437397003
182640	-2.997566	-1.667107	-1.037317	0.049908	0.227847	0.354404	0.022338601388037206	2.6337448559670777e-05	0.2278459668159485
182760	-2.997492	-1.666790	-1.036330	0.049912	0.227962	0.354754	0.02230872418731451	3.9506172839506166e-05	0.22796133160591125
182880	-2.997282	-1.666364	-1.035206	0.049923	0.228062	0.355153	0.02227362897247076	3.9506172839506166e-05	0.2280609905719757
183000	-2.996111	-1.665963	-1.034261	0.049981	0.228167	0.355489	0.0222346980124712	3.9506172839506166e-05	0.22816619277000427
183120	-2.995045	-1.665599	-1.034169	0.050034	0.228254	0.355522	0.022202145867049695	2.6337448559670777e-05	0.22825393080711365
183240	-2.995366	-1.665425	-1.033837	0.050018	0.228319	0.355640	0.022185697872191667	3.9506172839506166e-05	0.22831827402114868
183360	-2.995747	-1.665025	-1.034008	0.049999	0.228414	0.355579	0.0221454038284719	3.9506172839506166e-05	0.22841456532478333
183480	-2.995274	-1.664730	-1.031825	0.050023	0.228498	0.356356	0.022122463304549457	5.925925925925925e-05	0.22849689424037933
183600	-2.996131	-1.664295	-1.030425	0.049980	0.228653	0.356855	0.022085243184119464	3.9506172839506166e-05	0.22865214943885803
183720	-2.995389	-1.664183	-1.029769	0.050017	0.228690	0.357089	0.022071922104805707	2.6337448559670777e-05	0.2286892682313919
183840	-2.995238	-1.663823	-1.029249	0.050025	0.228784	0.357275	0.0220470922999084	1.7558299039780518e-05	0.22878213226795197
183960	-2.994251	-1.663497	-1.027698	0.050074	0.228864	0.357830	0.022014069091528653	2.6337448559670777e-05	0.22886253893375397
184080	-2.993793	-1.663158	-1.027040	0.050097	0.228959	0.358065	0.021979370899498463	3.9506172839506166e-05	0.22895878553390503
184200	-2.994004	-1.662778	-1.026541	0.050086	0.229082	0.358244	0.021946860756725074	2.6337448559670777e-05	0.2290821075439453
184320	-2.994395	-1.662441	-1.025118	0.050067	0.229180	0.358754	0.021917683724313974	3.9506172839506166e-05	0.22917957603931427
184440	-2.993579	-1.661970	-1.024267	0.050108	0.229311	0.359060	0.021877205371856688	3.9506172839506166e-05	0.22930914163589478
184560	-2.993210	-1.661724	-1.023831	0.050126	0.229378	0.359216	0.02185017876327038	3.9506172839506166e-05	0.22937814891338348
184680	-2.993561	-1.661249	-1.022280	0.050109	0.229541	0.359774	0.021815852168947457	3.9506172839506166e-05	0.22953911125659943
184800	-2.993681	-1.661087	-1.021288	0.050103	0.229591	0.360131	0.021798130590468645	1.7558299039780518e-05	0.2295900583267212
184920	-2.994135	-1.660792	-1.020436	0.050080	0.229682	0.360438	0.02176762968301773	2.6337448559670777e-05	0.2296816110610962
185040	-2.993665	-1.660588	-1.019458	0.050103	0.229738	0.360790	0.021749772038310765	3.9506172839506166e-05	0.22973771393299103
185160	-2.994391	-1.660220	-1.019488	0.050067	0.229873	0.360779	0.02171802567318082	2.6337448559670777e-05	0.2298721820116043
185280	-2.994101	-1.660029	-1.018321	0.050082	0.229947	0.361201	0.02169957524165511	2.6337448559670777e-05	0.22994659841060638
185400	-2.994849	-1.659684	-1.015977	0.050044	0.230053	0.362048	0.021668594516813754	3.9506172839506166e-05	0.23005202412605286
185520	-2.994977	-1.659639	-1.015838	0.050038	0.230102	0.362099	0.021660085394978525	2.6337448559670777e-05	0.2301027774810791
185640	-2.995043	-1.659342	-1.014347	0.050034	0.230222	0.362639	0.021646162681281566	3.9506172839506166e-05	0.23021858930587769
185760	-2.994514	-1.658843	-1.015094	0.050061	0.230338	0.362368	0.02159751020371914	2.6337448559670777e-05	0.2303360551595688
185880	-2.993418	-1.658306	-1.013833	0.050116	0.230503	0.362826	0.0215505194850266	3.9506172839506166e-05	0.23050148785114288
186000	-2.991951	-1.658142	-1.013786	0.050189	0.230558	0.362843	0.02153076510876417	2.6337448559670777e-05	0.2305576354265213
186120	-2.991918	-1.657574	-1.013943	0.050191	0.230743	0.362786	0.021482719480991362	3.9506172839506166e-05	0.23074141144752502
186240	-2.992127	-1.657499	-1.014169	0.050181	0.230757	0.362704	0.021470724325627088	3.9506172839506166e-05	0.2307564616203308
186360	-2.994154	-1.657410	-1.013818	0.050079	0.230834	0.362831	0.021464036777615547	3.9506172839506166e-05	0.23083272576332092
186480	-2.994436	-1.657105	-1.012793	0.050065	0.230917	0.363203	0.021441654302179813	2.6337448559670777e-05	0.23091496527194977
186600	-2.995164	-1.656399	-1.012328	0.050028	0.231094	0.363372	0.021377985645085574	2.6337448559670777e-05	0.23109209537506104
186720	-2.995492	-1.656044	-1.012127	0.050012	0.231175	0.363445	0.02134505482390523	3.9506172839506166e-05	0.23117360472679138
186840	-2.995256	-1.655779	-1.011623	0.050024	0.231249	0.363628	0.021316624619066714	2.6337448559670777e-05	0.23124876618385315
186960	-2.996523	-1.655584	-1.012444	0.049960	0.231305	0.363330	0.021302959602326154	3.9506172839506166e-05	0.2313031703233719
187080	-2.995152	-1.655389	-1.012741	0.050029	0.231362	0.363222	0.021283081639558075	2.6337448559670777e-05	0.23136140406131744
187200	-2.995774	-1.655046	-1.012707	0.049998	0.231469	0.363234	0.02125101936981082	3.9506172839506166e-05	0.23146827518939972
187320	-2.996354	-1.654386	-1.011015	0.049969	0.231626	0.363849	0.021194097958505152	3.9506172839506166e-05	0.23162391781806946
187440	-2.997351	-1.654130	-1.010332	0.049919	0.231723	0.364098	0.02117179948836565	2.6337448559670777e-05	0.23172107338905334
187560	-2.997922	-1.653981	-1.010303	0.049891	0.231759	0.364109	0.02115581464022398	3.9506172839506166e-05	0.23175804316997528
187680	-2.997880	-1.653679	-1.009810	0.049893	0.231858	0.364288	0.021128000877797603	3.9506172839506166e-05	0.23185741901397705
187800	-2.997826	-1.653301	-1.009556	0.049895	0.231968	0.364381	0.021097247675061225	3.9506172839506166e-05	0.23196713626384735
187920	-2.998762	-1.652905	-1.008974	0.049849	0.232098	0.364593	0.021063430700451136	3.9506172839506166e-05	0.2320963591337204
188040	-2.999591	-1.652629	-1.008765	0.049807	0.232195	0.364669	0.021027639042586088	3.9506172839506166e-05	0.23219648003578186
188160	-2.999788	-1.652429	-1.008831	0.049798	0.232263	0.364645	0.021018195431679487	3.9506172839506166e-05	0.2322615683078766
188280	-2.999414	-1.652044	-1.008053	0.049816	0.232372	0.364929	0.020982991624623536	1.7558299039780518e-05	0.2323714941740036
188400	-3.000509	-1.651975	-1.007324	0.049762	0.232415	0.365195	0.02097061984241009	3.9506172839506166e-05	0.23241551220417023
188520	-2.999304	-1.651643	-1.006279	0.049822	0.232548	0.365577	0.02094419626519084	3.9506172839506166e-05	0.23254729807376862
188640	-2.998713	-1.651491	-1.005236	0.049851	0.232606	0.365958	0.02093202117830515	3.9506172839506166e-05	0.23260526359081268
188760	-2.998994	-1.651545	-1.004646	0.049837	0.232598	0.366174	0.020935098826885223	2.6337448559670777e-05	0.23259781301021576
188880	-2.999470	-1.651340	-1.004498	0.049813	0.232661	0.366228	0.020918671693652868	2.6337448559670777e-05	0.2326602190732956
189000	-2.999058	-1.651021	-1.003951	0.049834	0.232742	0.366429	0.020890421234071255	2.6337448559670777e-05	0.2327415645122528
189120	-2.999617	-1.650958	-1.003675	0.049806	0.232779	0.366530	0.020882110670208932	3.9506172839506166e-05	0.23277854919433594
189240	-3.000334	-1.650792	-1.003701	0.049770	0.232856	0.366520	0.020870648510754108	2.6337448559670777e-05	0.232854425907135
189360	-3.000769	-1.650646	-1.003303	0.049749	0.232906	0.366666	0.020855795498937367	3.9506172839506166e-05	0.23290584981441498
189480	-3.000852	-1.650361	-1.002560	0.049745	0.232968	0.366939	0.020831099804490806	3.9506172839506166e-05	0.23296746611595154
189600	-2.999311	-1.650054	-1.001978	0.049821	0.233044	0.367153	0.02080312045291066	3.9506172839506166e-05	0.23304356634616852
189720	-2.998486	-1.649702	-1.000581	0.049862	0.233108	0.367666	0.020772038400173186	2.6337448559670777e-05	0.23310744762420654
189840	-2.998530	-1.649453	-0.999707	0.049860	0.233168	0.367987	0.020746512245386838	3.9506172839506166e-05	0.23316867649555206
189960	-2.998770	-1.649288	-1.000132	0.049848	0.233213	0.367831	0.020732919871807098	3.9506172839506166e-05	0.23321257531642914
190080	-2.998845	-1.648717	-0.999938	0.049845	0.233375	0.367902	0.0206840512342751	1.1705532693187011e-05	0.2333739548921585
190200	-2.998219	-1.648383	-0.998262	0.049876	0.233471	0.368519	0.020655927062034608	3.9506172839506166e-05	0.23346926271915436
190320	-2.998356	-1.648041	-0.997846	0.049869	0.233557	0.368673	0.020620273146778344	3.9506172839506166e-05	0.2335573434829712
190440	-2.998794	-1.648115	-0.998678	0.049847	0.233564	0.368366	0.02062748521566391	2.6337448559670777e-05	0.23356331884860992
190560	-2.998954	-1.647859	-0.998264	0.049839	0.233634	0.368519	0.020606504380702974	3.9506172839506166e-05	0.23363327980041504
190680	-2.998489	-1.647826	-0.997911	0.049862	0.233649	0.368649	0.020602069795131683	2.6337448559670777e-05	0.2336481362581253
190800	-2.998477	-1.647592	-0.997221	0.049863	0.233716	0.368903	0.020578820910304784	2.6337448559670777e-05	0.23371531069278717
190920	-2.997980	-1.647254	-0.996267	0.049888	0.233810	0.369255	0.020550898928195237	2.6337448559670777e-05	0.23380962014198303
191040	-2.998320	-1.646892	-0.995788	0.049871	0.233921	0.369432	0.020513311214745044	2.6337448559670777e-05	0.23392170667648315
191160	-2.998453	-1.646819	-0.995780	0.049864	0.233949	0.369435	0.020507222693413495	3.9506172839506166e-05	0.2339504063129425
191280	-2.998774	-1.646695	-0.995301	0.049848	0.234005	0.369612	0.02049864726141095	2.6337448559670777e-05	0.23400525748729706
191400	-2.998088	-1.646164	-0.994351	0.049882	0.234154	0.369963	0.020450023375451563	3.9506172839506166e-05	0.2341541051864624
191520	-2.999274	-1.646005	-0.993531	0.049823	0.234203	0.370267	0.020441760215908288	3.9506172839506166e-05	0.23420153558254242
191640	-2.998634	-1.645519	-0.991801	0.049855	0.234328	0.370908	0.020396470464766024	2.6337448559670777e-05	0.23432657122612
191760	-2.999266	-1.645073	-0.990834	0.049824	0.234434	0.371267	0.020355999935418367	2.6337448559670777e-05	0.23443251848220825
191880	-2.998982	-1.644535	-0.989589	0.049838	0.234587	0.371730	0.02030630148947239	2.6337448559670777e-05	0.23458606004714966
192000	-2.998181	-1.644203	-0.989137	0.049878	0.234667	0.371897	0.020272861048579217	3.9506172839506166e-05	0.23466716706752777
192120	-2.999103	-1.643822	-0.988215	0.049832	0.234797	0.372240	0.02024369118735194	2.6337448559670777e-05	0.23479612171649933
192240	-2.999020	-1.643372	-0.986963	0.049836	0.234920	0.372707	0.02020492507144809	2.6337448559670777e-05	0.2349177598953247
192360	-2.998952	-1.643078	-0.986752	0.049839	0.235016	0.372786	0.020169807225465776	3.9506172839506166e-05	0.23501642048358917
192480	-2.999836	-1.642802	-0.986631	0.049795	0.235114	0.372831	0.02014898359775543	2.6337448559670777e-05	0.23511378467082977
192600	-3.001172	-1.642446	-0.986473	0.049729	0.235236	0.372890	0.020117443054914474	3.9506172839506166e-05	0.2352355718612671
192720	-3.000760	-1.642338	-0.985911	0.049749	0.235283	0.373099	0.020107277762144805	3.9506172839506166e-05	0.23528364300727844
192840	-3.000904	-1.641983	-0.985570	0.049742	0.235399	0.373226	0.020073700975626708	3.9506172839506166e-05	0.2353987842798233
192960	-3.001529	-1.641901	-0.984710	0.049711	0.235450	0.373547	0.020066992845386267	1.7558299039780518e-05	0.2354491800069809
193080	-3.001391	-1.641555	-0.984414	0.049718	0.235555	0.373658	0.020035978686064482	2.6337448559670777e-05	0.23555423319339752
193200	-3.001937	-1.641284	-0.983452	0.049691	0.235665	0.374018	0.0200145878829062	2.6337448559670777e-05	0.23566462099552155
193320	-3.001796	-1.640943	-0.982428	0.049698	0.235801	0.374401	0.019985566101968288	3.9506172839506166e-05	0.23579947650432587
193440	-3.001653	-1.640490	-0.981890	0.049705	0.235910	0.374602	0.019945526495575905	2.6337448559670777e-05	0.23590898513793945
193560	-3.002564	-1.640319	-0.982124	0.049660	0.235987	0.374515	0.01992584513500333	2.6337448559670777e-05	0.2359868735074997
193680	-3.003972	-1.640245	-0.981889	0.049590	0.236054	0.374603	0.019918285869061948	3.9506172839506166e-05	0.236053004860878
193800	-3.004832	-1.639857	-0.982216	0.049547	0.236132	0.374480	0.01988556245341897	2.6337448559670777e-05	0.2361314445734024
193920	-3.004881	-1.639588	-0.981740	0.049545	0.236215	0.374659	0.019862792640924453	3.9506172839506166e-05	0.2362132966518402
194040	-3.005496	-1.639529	-0.981311	0.049514	0.236258	0.374819	0.01984709519892931	3.9506172839506166e-05	0.23625943064689636
194160	-3.005073	-1.639313	-0.981528	0.049535	0.236319	0.374738	0.019837730377912522	1.7558299039780518e-05	0.2363177090883255
194280	-3.005807	-1.638728	-0.980230	0.049499	0.236482	0.375225	0.019787395372986794	3.9506172839506166e-05	0.23648029565811157
194400	-3.006685	-1.638511	-0.979831	0.049455	0.236564	0.375375	0.019760997872799634	3.9506172839506166e-05	0.23656459152698517
194520	-3.006699	-1.638404	-0.979228	0.049455	0.236594	0.375601	0.019745487440377473	3.9506172839506166e-05	0.23659582436084747
194640	-3.006175	-1.638246	-0.977646	0.049481	0.236666	0.376196	0.0197419467382133	3.9506172839506166e-05	0.2366643100976944
194760	-3.005920	-1.637915	-0.978302	0.049493	0.236739	0.375949	0.019711661152541637	2.6337448559670777e-05	0.2367384135723114
194880	-3.005373	-1.637548	-0.977647	0.049520	0.236854	0.376195	0.019680606946349145	3.9506172839506166e-05	0.23685243725776672
195000	-3.005410	-1.637070	-0.976951	0.049518	0.237015	0.376457	0.01963637312874198	3.9506172839506166e-05	0.23701293766498566
195120	-3.004921	-1.636562	-0.976191	0.049543	0.237161	0.376743	0.019593363907188178	3.9506172839506166e-05	0.2371583878993988
195240	-3.005100	-1.636456	-0.975915	0.049534	0.237213	0.376848	0.01957850595936179	3.9506172839506166e-05	0.23721158504486084
195360	-3.005361	-1.636053	-0.975293	0.049521	0.237334	0.377082	0.019543250370770694	2.6337448559670777e-05	0.23733337223529816
195480	-3.005909	-1.636011	-0.975485	0.049494	0.237364	0.377009	0.019536000024527312	1.7558299039780518e-05	0.2373632937669754
195600	-3.006119	-1.635960	-0.974474	0.049483	0.237390	0.377391	0.019533710461109875	2.6337448559670777e-05	0.23739001154899597
195720	-3.006697	-1.635970	-0.974449	0.049455	0.237426	0.377400	0.019532747752964496	3.9506172839506166e-05	0.23742510378360748
195840	-3.006764	-1.635666	-0.974736	0.049451	0.237538	0.377292	0.01950761741027236	3.9506172839506166e-05	0.23753681778907776
195960	-3.005708	-1.635356	-0.975408	0.049504	0.237644	0.377038	0.019478175230324267	2.6337448559670777e-05	0.23764362931251526
196080	-3.005548	-1.635238	-0.974807	0.049512	0.237695	0.377265	0.019468562211841345	3.9506172839506166e-05	0.23769450187683105
196200	-3.004701	-1.634551	-0.974237	0.049554	0.237869	0.377480	0.019412301667034625	2.6337448559670777e-05	0.23786763846874237
196320	-3.004650	-1.634312	-0.973704	0.049556	0.237957	0.377681	0.01939053712412715	2.6337448559670777e-05	0.2379544973373413
196440	-3.004569	-1.634310	-0.973251	0.049560	0.238001	0.377853	0.019380349293351175	2.6337448559670777e-05	0.23800116777420044
196560	-3.003792	-1.633963	-0.973155	0.049599	0.238133	0.377889	0.01935203094035387	2.6337448559670777e-05	0.2381330132484436
196680	-3.003778	-1.633907	-0.972605	0.049599	0.238174	0.378097	0.019350082147866488	3.9506172839506166e-05	0.23817265033721924
196800	-3.003970	-1.633936	-0.971893	0.049590	0.238215	0.378366	0.019349325075745584	3.9506172839506166e-05	0.2382139414548874
196920	-3.004367	-1.634024	-0.971885	0.049570	0.238218	0.378369	0.01935491245239973	2.6337448559670777e-05	0.23821820318698883
197040	-3.004918	-1.634091	-0.971204	0.049543	0.238246	0.378627	0.01936519667506218	3.9506172839506166e-05	0.23824605345726013
197160	-3.003487	-1.633556	-0.970369	0.049614	0.238379	0.378943	0.01931886952370405	3.9506172839506166e-05	0.23837901651859283
197280	-3.003378	-1.633144	-0.969792	0.049619	0.238534	0.379162	0.019280653540045024	3.9506172839506166e-05	0.23853199183940887
197400	-3.002298	-1.632745	-0.969309	0.049673	0.238646	0.379345	0.019243456330150364	2.6337448559670777e-05	0.2386462241411209
197520	-3.001689	-1.632267	-0.967695	0.049703	0.238795	0.379958	0.019205764681100846	3.9506172839506166e-05	0.23879234492778778
197640	-3.001790	-1.631888	-0.966259	0.049698	0.238930	0.380504	0.019169520866125823	3.9506172839506166e-05	0.23892894387245178
197760	-3.001287	-1.631823	-0.965503	0.049723	0.238960	0.380791	0.019161254074424504	2.6337448559670777e-05	0.23895908892154694
197880	-3.001406	-1.631720	-0.964815	0.049717	0.239018	0.381054	0.019151505175977947	2.6337448559670777e-05	0.2390175461769104
198000	-3.000834	-1.631369	-0.964550	0.049746	0.239141	0.381155	0.019119045324623586	3.9506172839506166e-05	0.23914068937301636
198120	-3.001493	-1.631080	-0.964448	0.049713	0.239275	0.381194	0.0190964930690825	3.9506172839506166e-05	0.23927399516105652
198240	-3.002413	-1.631062	-0.964430	0.049667	0.239304	0.381201	0.019088917318731545	2.6337448559670777e-05	0.23930521309375763
198360	-3.002268	-1.630977	-0.964778	0.049674	0.239324	0.381068	0.019085320457816125	1.1705532693187011e-05	0.23932376503944397
198480	-3.003065	-1.630901	-0.964800	0.049635	0.239361	0.381059	0.019077103491872548	2.6337448559670777e-05	0.23936039209365845
198600	-3.001695	-1.630891	-0.963657	0.049703	0.239375	0.381495	0.019075726438313723	3.9506172839506166e-05	0.23937460780143738
198720	-3.000755	-1.630316	-0.963729	0.049750	0.239537	0.381468	0.019026335515081882	2.6337448559670777e-05	0.23953674733638763
198840	-2.999403	-1.630029	-0.962026	0.049817	0.239649	0.382118	0.018997940048575402	1.7558299039780518e-05	0.23964987695217133
198960	-2.999346	-1.629764	-0.961980	0.049820	0.239745	0.382136	0.018976096343249083	3.9506172839506166e-05	0.2397438883781433
199080	-2.997204	-1.629125	-0.960909	0.049926	0.239884	0.382545	0.01892145937308669	2.6337448559670777e-05	0.23988328874111176
199200	-2.997253	-1.628805	-0.961171	0.049924	0.239972	0.382445	0.018886226881295442	3.9506172839506166e-05	0.23997202515602112
199320	-2.997375	-1.628782	-0.961033	0.049918	0.239997	0.382498	0.01888625053688884	3.9506172839506166e-05	0.23999643325805664
199440	-2.997097	-1.628600	-0.960046	0.049932	0.240040	0.382875	0.018868784233927727	2.6337448559670777e-05	0.2400394082069397
199560	-2.996048	-1.628377	-0.959636	0.049984	0.240105	0.383032	0.018853055220097302	1.7558299039780518e-05	0.2401043176651001
199680	-2.997043	-1.628115	-0.958251	0.049935	0.240237	0.383563	0.018829530011862515	3.9506172839506166e-05	0.2402356117963791
199800	-2.997471	-1.627749	-0.957018	0.049913	0.240396	0.384036	0.01879635127261281	3.9506172839506166e-05	0.24039430916309357
199920	-2.998102	-1.627439	-0.954768	0.049882	0.240539	0.384901	0.018767206463962793	1.7558299039780518e-05	0.2405383586883545
200040	-2.998300	-1.627270	-0.953755	0.049872	0.240621	0.385292	0.01875278102234006	3.9506172839506166e-05	0.24061928689479828
200160	-2.998961	-1.626754	-0.951943	0.049839	0.240795	0.385990	0.018708973098546265	3.9506172839506166e-05	0.2407926321029663
200280	-2.998150	-1.626389	-0.951777	0.049879	0.240890	0.386055	0.01867373874410987	3.9506172839506166e-05	0.24088817834854126
200400	-2.998823	-1.626249	-0.951654	0.049846	0.240904	0.386102	0.018662012368440627	3.9506172839506166e-05	0.2409028857946396
200520	-3.000475	-1.626220	-0.949844	0.049763	0.240956	0.386802	0.018652074784040452	3.9506172839506166e-05	0.24095602333545685
200640	-3.001734	-1.626011	-0.949755	0.049701	0.241049	0.386836	0.01863896306604147	2.6337448559670777e-05	0.2410479336977005
200760	-3.001550	-1.625912	-0.948452	0.049710	0.241091	0.387340	0.018631366733461618	2.6337448559670777e-05	0.2410908341407776
200880	-3.002741	-1.625913	-0.948464	0.049651	0.241133	0.387336	0.018627096060663463	3.9506172839506166e-05	0.241132915019989
201000	-3.002322	-1.625530	-0.948334	0.049672	0.241227	0.387386	0.01859920071437955	3.9506172839506166e-05	0.24122554063796997
201120	-3.002496	-1.625071	-0.947033	0.049663	0.241375	0.387890	0.018557699210941792	3.9506172839506166e-05	0.24137316644191742
201240	-3.003381	-1.624773	-0.946327	0.049619	0.241484	0.388164	0.018528455030173065	2.6337448559670777e-05	0.24148279428482056
201360	-3.004290	-1.624304	-0.945911	0.049574	0.241614	0.388326	0.018487641401588917	2.6337448559670777e-05	0.24161246418952942
201480	-3.005254	-1.624213	-0.946618	0.049526	0.241666	0.388051	0.018474752176553012	2.6337448559670777e-05	0.24166566133499146
201600	-3.004854	-1.623889	-0.946388	0.049546	0.241769	0.388141	0.018443384021520615	3.9506172839506166e-05	0.2417689859867096
201720	-3.005453	-1.623293	-0.945318	0.049516	0.241955	0.388556	0.018398291990160943	1.7558299039780518e-05	0.24195323884487152
201840	-3.005454	-1.622723	-0.944179	0.049516	0.242128	0.388999	0.018346886336803436	3.9506172839506166e-05	0.2421257495880127
201960	-3.006190	-1.622198	-0.943562	0.049480	0.242275	0.389239	0.018298348877578974	2.6337448559670777e-05	0.24227343499660492
202080	-3.006342	-1.621872	-0.943049	0.049472	0.242356	0.389439	0.018266012798994778	2.6337448559670777e-05	0.24235470592975616
202200	-3.006539	-1.621600	-0.942516	0.049463	0.242436	0.389646	0.018242299370467664	2.6337448559670777e-05	0.24243493378162384
202320	-3.006608	-1.621166	-0.942116	0.049459	0.242549	0.389802	0.018205378856509923	3.9506172839506166e-05	0.24254776537418365
202440	-3.006564	-1.621087	-0.941845	0.049461	0.242593	0.389908	0.01819095863029361	2.6337448559670777e-05	0.24259363114833832
202560	-3.007705	-1.620787	-0.941120	0.049405	0.242703	0.390190	0.018172973580658437	3.9506172839506166e-05	0.24270135164260864
202680	-3.007048	-1.620268	-0.940453	0.049437	0.242825	0.390451	0.01812278926372528	2.6337448559670777e-05	0.24282394349575043
202800	-3.007944	-1.620115	-0.939583	0.049393	0.242907	0.390791	0.018108879402279853	2.6337448559670777e-05	0.2429056167602539
202920	-3.007400	-1.619910	-0.938804	0.049420	0.242971	0.391095	0.018085413426160813	3.9506172839506166e-05	0.2429717779159546
203040	-3.007874	-1.619761	-0.938444	0.049397	0.243051	0.391236	0.018074802961200474	3.9506172839506166e-05	0.2430502474308014
203160	-3.008448	-1.619237	-0.937757	0.049368	0.243230	0.391505	0.018028918839991092	3.9506172839506166e-05	0.24322892725467682
203280	-3.008519	-1.618992	-0.936905	0.049365	0.243312	0.391839	0.01801005657762289	3.9506172839506166e-05	0.2433093786239624
203400	-3.008827	-1.618621	-0.935963	0.049350	0.243431	0.392208	0.017976082488894464	2.6337448559670777e-05	0.24343006312847137
203520	-3.008374	-1.618048	-0.934481	0.049372	0.243614	0.392790	0.01792336842045188	3.9506172839506166e-05	0.24361300468444824
203640	-3.008396	-1.617898	-0.935679	0.049371	0.243659	0.392319	0.017909748665988445	3.9506172839506166e-05	0.24365806579589844
203760	-3.007079	-1.617632	-0.936333	0.049436	0.243737	0.392063	0.017884968686848877	2.6337448559670777e-05	0.24373580515384674
203880	-3.007164	-1.617317	-0.936025	0.049432	0.243830	0.392184	0.017858382035046815	3.9506172839506166e-05	0.24382828176021576
204000	-3.006658	-1.616877	-0.934753	0.049457	0.243961	0.392683	0.01781922671943903	3.9506172839506166e-05	0.24396014213562012
204120	-3.006993	-1.616531	-0.933095	0.049440	0.244106	0.393334	0.0177890507504344	2.6337448559670777e-05	0.24410440027713776
204240	-3.006387	-1.616542	-0.933040	0.049470	0.244140	0.393356	0.01778714982792735	3.9506172839506166e-05	0.24413831532001495
204360	-3.007208	-1.616384	-0.932798	0.049429	0.244217	0.393451	0.017773569095879793	2.6337448559670777e-05	0.2442162185907364
204480	-3.005991	-1.615822	-0.931284	0.049490	0.244345	0.394047	0.017725034430623055	2.6337448559670777e-05	0.24434426426887512
204600	-3.005552	-1.615710	-0.930725	0.049511	0.244385	0.394268	0.017710867896676065	3.9506172839506166e-05	0.24438409507274628
204720	-3.005968	-1.615501	-0.929564	0.049491	0.244476	0.394726	0.0176928186789155	2.6337448559670777e-05	0.244475319981575
204840	-3.005611	-1.615279	-0.928670	0.049508	0.244549	0.395079	0.01767985923215747	3.9506172839506166e-05	0.244547039270401
204960	-3.005989	-1.615134	-0.927952	0.049490	0.244608	0.395362	0.017661198694258928	2.6337448559670777e-05	0.24460649490356445
205080	-3.005617	-1.614796	-0.927241	0.049508	0.244716	0.395644	0.017633024230599405	3.9506172839506166e-05	0.24471358954906464
205200	-3.005077	-1.614517	-0.926005	0.049535	0.244811	0.396133	0.017601120006293058	2.6337448559670777e-05	0.24481169879436493
205320	-3.004602	-1.614350	-0.924249	0.049558	0.244856	0.396829	0.017584883701056243	3.9506172839506166e-05	0.2448567897081375
205440	-3.004717	-1.614041	-0.923580	0.049553	0.244964	0.397095	0.017560534365475177	3.9506172839506166e-05	0.24496442079544067
205560	-3.003825	-1.613732	-0.923415	0.049597	0.245063	0.397161	0.017534084804356097	2.6337448559670777e-05	0.2450624704360962
205680	-3.004112	-1.613583	-0.921643	0.049583	0.245129	0.397865	0.01752251461148262	3.9506172839506166e-05	0.24512743949890137
205800	-3.004677	-1.613445	-0.921269	0.049555	0.245199	0.398014	0.017508519068360328	3.9506172839506166e-05	0.24519792199134827
205920	-3.004260	-1.613036	-0.921220	0.049575	0.245355	0.398033	0.017472012899816036	3.9506172839506166e-05	0.2453540712594986
206040	-3.003516	-1.612827	-0.921437	0.049612	0.245404	0.397947	0.017451859451830386	2.6337448559670777e-05	0.24540336430072784
206160	-3.002673	-1.612702	-0.920445	0.049654	0.245455	0.398342	0.01744345361366868	3.9506172839506166e-05	0.24545276165008545
206280	-3.003099	-1.612273	-0.919445	0.049633	0.245615	0.398740	0.01740565523505211	3.9506172839506166e-05	0.24561338126659393
206400	-3.002875	-1.611831	-0.918764	0.049644	0.245775	0.399012	0.017362525593489407	3.9506172839506166e-05	0.24577464163303375
206520	-3.001541	-1.611491	-0.919083	0.049710	0.245839	0.398885	0.01733802044764161	3.9506172839506166e-05	0.24583618342876434
206640	-3.001401	-1.610960	-0.918450	0.049717	0.246044	0.399137	0.017288462724536657	2.6337448559670777e-05	0.24604275822639465
206760	-3.000510	-1.610393	-0.917611	0.049762	0.246254	0.399472	0.01723204627633095	2.6337448559670777e-05	0.24625322222709656
206880	-3.000454	-1.610252	-0.916763	0.049764	0.246312	0.399811	0.017219922598451377	3.9506172839506166e-05	0.24631111323833466
207000	-3.000078	-1.610085	-0.915786	0.049783	0.246361	0.400202	0.017201811354607344	3.9506172839506166e-05	0.24636134505271912
207120	-3.000862	-1.609989	-0.915252	0.049744	0.246430	0.400416	0.01719673043116927	2.6337448559670777e-05	0.24642902612686157
207240	-2.999973	-1.609417	-0.913270	0.049788	0.246595	0.401210	0.017144326120615005	3.9506172839506166e-05	0.24659496545791626
207360	-2.999824	-1.609399	-0.912922	0.049796	0.246628	0.401350	0.017142479959875345	3.9506172839506166e-05	0.2466268092393875
207480	-3.000799	-1.609516	-0.912127	0.049747	0.246655	0.401669	0.017149088066071273	3.9506172839506166e-05	0.2466554343700409
207600	-3.001414	-1.609322	-0.911436	0.049717	0.246750	0.401947	0.017130837496370076	3.9506172839506166e-05	0.24675080180168152
207720	-3.002385	-1.609059	-0.909998	0.049668	0.246842	0.402525	0.017114345636218786	3.9506172839506166e-05	0.2468412071466446
207840	-3.002680	-1.608818	-0.911010	0.049654	0.246901	0.402118	0.01709139198064804	2.6337448559670777e-05	0.2469000369310379
207960	-3.002734	-1.608435	-0.909747	0.049651	0.247007	0.402626	0.017059106100350618	3.9506172839506166e-05	0.24700602889060974
208080	-3.002303	-1.608131	-0.909451	0.049673	0.247102	0.402745	0.017026978172361852	2.6337448559670777e-05	0.24710145592689514
208200	-3.002627	-1.607997	-0.908416	0.049656	0.247182	0.403163	0.017018765583634375	3.9506172839506166e-05	0.24718016386032104
208320	-3.003725	-1.607678	-0.908636	0.049602	0.247325	0.403074	0.016988989431411028	1.7558299039780518e-05	0.2473241537809372
208440	-3.003680	-1.607474	-0.908884	0.049604	0.247391	0.402974	0.016972281225025653	3.9506172839506166e-05	0.2473895102739334
208560	-3.004023	-1.607217	-0.909158	0.049587	0.247507	0.402863	0.016943386290222406	2.6337448559670777e-05	0.24750745296478271
208680	-3.001913	-1.606680	-0.907725	0.049692	0.247617	0.403441	0.01690599098801613	3.9506172839506166e-05	0.2476142793893814
208800	-3.002317	-1.606249	-0.906286	0.049672	0.247745	0.404022	0.016859683394432067	3.9506172839506166e-05	0.2477458268404007
208920	-3.001626	-1.605833	-0.905084	0.049706	0.247891	0.404508	0.016822326369583605	3.9506172839506166e-05	0.24789027869701385
209040	-3.000644	-1.605995	-0.905228	0.049755	0.247897	0.404450	0.016831578593701123	3.9506172839506166e-05	0.2478976845741272
209160	-3.001396	-1.605592	-0.904082	0.049718	0.248024	0.404914	0.01680276431143284	3.9506172839506166e-05	0.2480233907699585
209280	-3.001676	-1.605313	-0.902578	0.049704	0.248138	0.405523	0.016776119731366633	2.6337448559670777e-05	0.248137429356575
209400	-3.001341	-1.605153	-0.902283	0.049720	0.248192	0.405643	0.01676193727180362	3.9506172839506166e-05	0.24819108843803406
209520	-3.002243	-1.604985	-0.901084	0.049676	0.248255	0.406129	0.01674604518339038	2.6337448559670777e-05	0.2482542246580124
209640	-3.001925	-1.604761	-0.899997	0.049691	0.248366	0.406571	0.016723881103098394	3.9506172839506166e-05	0.24836568534374237
209760	-3.001723	-1.604739	-0.900277	0.049701	0.248390	0.406457	0.01672273762524128	2.6337448559670777e-05	0.24838927388191223
209880	-3.001863	-1.604553	-0.899359	0.049694	0.248466	0.406830	0.016706301271915434	2.6337448559670777e-05	0.24846501648426056
210000	-3.001926	-1.604371	-0.898483	0.049691	0.248586	0.407187	0.01669164365157485	3.9506172839506166e-05	0.24858370423316956
210120	-3.002200	-1.604096	-0.898037	0.049678	0.248700	0.407369	0.016667138133198024	3.9506172839506166e-05	0.24869926273822784
210240	-3.002534	-1.603909	-0.898386	0.049661	0.248798	0.407226	0.016652540303766727	2.6337448559670777e-05	0.248795747756958
210360	-3.002844	-1.603871	-0.898091	0.049646	0.248854	0.407346	0.016645016614347696	2.6337448559670777e-05	0.24885287880897522
210480	-3.003627	-1.603786	-0.898178	0.049607	0.248895	0.407311	0.016638961993157862	2.6337448559670777e-05	0.2488936334848404
210600	-3.003528	-1.603698	-0.897763	0.049612	0.248956	0.407480	0.01662832489237189	2.6337448559670777e-05	0.24895621836185455
210720	-3.003123	-1.603590	-0.897605	0.049632	0.248998	0.407545	0.016621348075568677	1.7558299039780518e-05	0.24899709224700928
210840	-3.003422	-1.603195	-0.896715	0.049617	0.249145	0.407907	0.016586667858064175	3.9506172839506166e-05	0.24914264678955078
210960	-3.003536	-1.602797	-0.895424	0.049611	0.249274	0.408434	0.01654668999835849	2.6337448559670777e-05	0.24927374720573425
211080	-3.003854	-1.602545	-0.894494	0.049596	0.249416	0.408814	0.016525790840387345	3.9506172839506166e-05	0.24941453337669373
211200	-3.004560	-1.602273	-0.893643	0.049561	0.249493	0.409162	0.016503787226974966	2.6337448559670777e-05	0.24949213862419128
211320	-3.004453	-1.602012	-0.891846	0.049566	0.249598	0.409899	0.01647347891703248	2.6337448559670777e-05	0.24959897994995117
211440	-3.004866	-1.602035	-0.891004	0.049545	0.249616	0.410244	0.016482516564428805	2.6337448559670777e-05	0.24961453676223755
211560	-3.004883	-1.601750	-0.890858	0.049545	0.249704	0.410304	0.01645469684153795	2.6337448559670777e-05	0.24970340728759766
211680	-3.004773	-1.601509	-0.890438	0.049550	0.249800	0.410476	0.016434975899755955	3.9506172839506166e-05	0.249798983335495
211800	-3.004355	-1.601286	-0.890447	0.049571	0.249892	0.410472	0.016410806309431793	2.6337448559670777e-05	0.2498912364244461
211920	-3.003823	-1.601258	-0.889948	0.049597	0.249932	0.410677	0.0164091931656003	3.9506172839506166e-05	0.24993231892585754
212040	-3.004067	-1.600788	-0.888782	0.049585	0.250106	0.411156	0.01636702409014106	2.6337448559670777e-05	0.2501048445701599
212160	-3.004586	-1.600471	-0.888512	0.049559	0.250201	0.411267	0.016340250987559556	2.6337448559670777e-05	0.2502001225948334
212280	-3.003731	-1.600165	-0.886754	0.049602	0.250276	0.411991	0.016317741572856904	3.9506172839506166e-05	0.2502734363079071
212400	-3.002911	-1.599823	-0.887486	0.049642	0.250370	0.411690	0.016282341443002224	3.9506172839506166e-05	0.25036919116973877
212520	-3.003273	-1.599683	-0.886769	0.049624	0.250453	0.411985	0.016260566469281913	3.9506172839506166e-05	0.2504534125328064
212640	-3.002706	-1.599769	-0.886858	0.049653	0.250448	0.411948	0.016273453086614608	2.6337448559670777e-05	0.25044819712638855
212760	-3.003497	-1.599612	-0.885789	0.049613	0.250534	0.412389	0.016262146085500716	3.9506172839506166e-05	0.2505323886871338
212880	-3.004107	-1.599344	-0.885836	0.049583	0.250617	0.412369	0.01624083798378706	2.6337448559670777e-05	0.2506154477596283
213000	-3.004583	-1.599154	-0.883610	0.049559	0.250742	0.413288	0.016221188753843308	2.6337448559670777e-05	0.25074049830436707
213120	-3.004429	-1.599024	-0.882113	0.049567	0.250832	0.413907	0.016209628153592347	2.6337448559670777e-05	0.2508314847946167
213240	-3.005046	-1.598841	-0.881501	0.049536	0.250933	0.414161	0.016190507728606463	2.6337448559670777e-05	0.25093263387680054
213360	-3.006823	-1.598862	-0.881408	0.049449	0.250977	0.414199	0.016195955220609903	3.9506172839506166e-05	0.2509756088256836
213480	-3.008072	-1.598881	-0.882478	0.049387	0.251001	0.413756	0.01619555465877056	2.6337448559670777e-05	0.25100013613700867
213600	-3.008681	-1.598770	-0.882077	0.049357	0.251077	0.413922	0.016186524741351606	2.6337448559670777e-05	0.2510765492916107
213720	-3.008574	-1.598525	-0.881151	0.049362	0.251199	0.414306	0.016167903319001198	3.9506172839506166e-05	0.2511971890926361
213840	-3.008834	-1.598377	-0.879565	0.049349	0.251273	0.414963	0.016150622442364693	1.7558299039780518e-05	0.25127148628234863
213960	-3.009208	-1.598047	-0.879468	0.049331	0.251373	0.415004	0.016123939119279385	2.6337448559670777e-05	0.2513722777366638
214080	-3.010003	-1.598171	-0.878565	0.049292	0.251386	0.415379	0.016128762718290092	3.9506172839506166e-05	0.25138548016548157
214200	-3.008423	-1.597748	-0.877666	0.049369	0.251499	0.415752	0.01609361171722412	2.6337448559670777e-05	0.25149887800216675
214320	-3.008145	-1.597778	-0.877087	0.049383	0.251541	0.415993	0.01609445344656706	1.7558299039780518e-05	0.25154027342796326
214440	-3.007058	-1.597446	-0.876268	0.049437	0.251648	0.416334	0.016070648469030856	2.6337448559670777e-05	0.2516464591026306
214560	-3.006384	-1.596986	-0.876098	0.049470	0.251773	0.416404	0.016027514077723026	1.7558299039780518e-05	0.25177180767059326
214680	-3.006643	-1.596986	-0.874781	0.049457	0.251797	0.416953	0.016022819094359875	2.6337448559670777e-05	0.2517967224121094
214800	-3.006555	-1.596762	-0.873157	0.049462	0.251901	0.417631	0.01600856417790055	2.6337448559670777e-05	0.25189924240112305
214920	-3.005711	-1.596496	-0.873113	0.049504	0.251989	0.417649	0.015979019179940223	2.6337448559670777e-05	0.2519896626472473
215040	-3.004963	-1.596192	-0.872772	0.049541	0.252103	0.417792	0.015952323097735643	2.6337448559670777e-05	0.25210243463516235
215160	-3.005854	-1.596064	-0.871381	0.049496	0.252204	0.418374	0.01594369290396571	1.7558299039780518e-05	0.2522028982639313
215280	-3.006225	-1.595861	-0.871200	0.049478	0.252307	0.418449	0.015926840621978043	2.6337448559670777e-05	0.2523060142993927
215400	-3.006224	-1.595374	-0.870853	0.049478	0.252442	0.418594	0.015888316463679074	3.9506172839506166e-05	0.2524391710758209
215520	-3.005065	-1.594815	-0.870025	0.049536	0.252602	0.418941	0.01583742452785373	2.6337448559670777e-05	0.25259846448898315
215640	-3.003744	-1.594384	-0.869462	0.049601	0.252715	0.419177	0.015794047620147467	3.9506172839506166e-05	0.2527141273021698
215760	-3.004138	-1.594168	-0.868763	0.049581	0.252820	0.419470	0.015773929283022882	1.7558299039780518e-05	0.25281912088394165
215880	-3.003678	-1.594193	-0.868125	0.049604	0.252848	0.419738	0.015776458941400052	3.9506172839506166e-05	0.25284528732299805
216000	-3.002642	-1.593872	-0.867150	0.049656	0.252964	0.420147	0.015746932476758957	2.6337448559670777e-05	0.2529635727405548
216120	-3.001473	-1.593412	-0.866026	0.049714	0.253099	0.420620	0.015706843230873346	2.6337448559670777e-05	0.25309744477272034
216240	-3.001153	-1.593366	-0.865465	0.049730	0.253161	0.420856	0.01569809829816222	1.7558299039780518e-05	0.25315991044044495
216360	-3.001692	-1.593204	-0.865154	0.049703	0.253225	0.420987	0.015684567298740147	3.9506172839506166e-05	0.2532244622707367
216480	-3.001713	-1.592928	-0.865257	0.049702	0.253327	0.420943	0.015661601908504963	3.9506172839506166e-05	0.25332555174827576
216600	-3.000687	-1.592754	-0.865089	0.049753	0.253391	0.421014	0.01564346794039011	2.6337448559670777e-05	0.2533915936946869
216720	-3.000609	-1.592628	-0.865041	0.049757	0.253436	0.421034	0.015639578644186258	2.6337448559670777e-05	0.2534339129924774
216840	-3.000330	-1.592146	-0.864724	0.049771	0.253562	0.421168	0.01559446039609611	3.9506172839506166e-05	0.2535609304904938
216960	-3.000496	-1.591979	-0.864497	0.049762	0.253625	0.421263	0.01557704908773303	2.6337448559670777e-05	0.2536229193210602
217080	-3.000813	-1.591620	-0.863010	0.049747	0.253751	0.421890	0.015548830106854438	3.9506172839506166e-05	0.25374874472618103
217200	-3.000195	-1.591055	-0.861451	0.049777	0.253964	0.422548	0.015494781360030175	2.6337448559670777e-05	0.2539618909358978
217320	-3.000272	-1.591057	-0.861344	0.049774	0.254029	0.422594	0.015489337965846062	3.9506172839506166e-05	0.25402912497520447
217440	-3.001333	-1.591016	-0.860596	0.049721	0.254076	0.422910	0.01548645393922925	2.6337448559670777e-05	0.25407522916793823
217560	-3.000955	-1.590599	-0.859841	0.049740	0.254193	0.423229	0.01545067667029798	2.6337448559670777e-05	0.2541920244693756
217680	-3.001094	-1.590434	-0.860457	0.049733	0.254228	0.422969	0.015436445083469152	2.6337448559670777e-05	0.25422748923301697
217800	-3.000847	-1.590263	-0.858811	0.049745	0.254299	0.423665	0.015422901371493936	2.6337448559670777e-05	0.25429755449295044
217920	-3.000344	-1.590049	-0.858644	0.049770	0.254361	0.423736	0.015400643507018686	2.6337448559670777e-05	0.2543613612651825
218040	-2.999909	-1.589843	-0.859517	0.049792	0.254431	0.423366	0.01538167274557054	3.9506172839506166e-05	0.25443121790885925
218160	-2.999447	-1.589717	-0.859456	0.049815	0.254478	0.423392	0.015368771227076649	2.6337448559670777e-05	0.2544780373573303
218280	-2.999385	-1.589492	-0.859447	0.049818	0.254593	0.423396	0.015352771105244755	3.9506172839506166e-05	0.25459253787994385
218400	-2.999666	-1.589408	-0.858191	0.049804	0.254643	0.423928	0.015342764696106315	2.6337448559670777e-05	0.25464290380477905
218520	-2.998610	-1.589041	-0.857208	0.049856	0.254746	0.424345	0.015311484830453992	2.6337448559670777e-05	0.2547447085380554
218640	-2.997994	-1.588790	-0.856435	0.049887	0.254847	0.424674	0.015290235029533505	3.9506172839506166e-05	0.2548452615737915
218760	-2.997693	-1.588654	-0.856184	0.049902	0.254912	0.424780	0.015275124786421656	2.6337448559670777e-05	0.2549116313457489
218880	-2.997621	-1.588287	-0.855388	0.049906	0.255063	0.425118	0.01524631674401462	2.6337448559670777e-05	0.25506147742271423
219000	-2.996868	-1.587783	-0.854542	0.049943	0.255236	0.425478	0.01520150383003056	3.9506172839506166e-05	0.2552340030670166
219120	-2.996874	-1.587439	-0.854171	0.049943	0.255365	0.425636	0.015168598899617792	2.6337448559670777e-05	0.25536322593688965
219240	-2.997194	-1.587554	-0.852104	0.049927	0.255390	0.426517	0.015172411734238268	2.6337448559670777e-05	0.2553902864456177
219360	-2.996885	-1.587470	-0.851155	0.049942	0.255468	0.426922	0.015168706374242901	3.9506172839506166e-05	0.25546708703041077
219480	-2.996881	-1.587392	-0.852169	0.049943	0.255484	0.426489	0.015161158982664347	3.9506172839506166e-05	0.255484402179718
219600	-2.996950	-1.587356	-0.851815	0.049939	0.255525	0.426640	0.01516078906133771	2.6337448559670777e-05	0.25552406907081604
219720	-2.997712	-1.587163	-0.850331	0.049901	0.255653	0.427274	0.015141365490853787	2.6337448559670777e-05	0.2556515038013458
219840	-2.998164	-1.586880	-0.850249	0.049879	0.255770	0.427309	0.015117357950657606	2.6337448559670777e-05	0.2557685971260071
219960	-2.999068	-1.586726	-0.850405	0.049833	0.255885	0.427242	0.015104465372860431	3.9506172839506166e-05	0.2558833658695221
220080	-2.999060	-1.586328	-0.849339	0.049834	0.256041	0.427698	0.015067236917093395	2.6337448559670777e-05	0.2560403347015381
220200	-2.997892	-1.586047	-0.849726	0.049892	0.256108	0.427532	0.015042287902906537	2.6337448559670777e-05	0.2561066150665283
220320	-2.997030	-1.585520	-0.848743	0.049935	0.256250	0.427952	0.014997538505122065	2.6337448559670777e-05	0.2562481164932251
220440	-2.997216	-1.585328	-0.847689	0.049926	0.256313	0.428404	0.014979446912184358	2.6337448559670777e-05	0.25631123781204224
220560	-2.996552	-1.585147	-0.848127	0.049959	0.256390	0.428216	0.014963019359856843	3.9506172839506166e-05	0.25638827681541443
220680	-2.997217	-1.584970	-0.848134	0.049926	0.256471	0.428213	0.01494615045376122	2.6337448559670777e-05	0.2564695179462433
220800	-2.996751	-1.584832	-0.848594	0.049949	0.256530	0.428016	0.014931911928579211	2.6337448559670777e-05	0.25652948021888733
220920	-2.996363	-1.584474	-0.847582	0.049968	0.256624	0.428450	0.014908169955015182	2.6337448559670777e-05	0.25662103295326233
221040	-2.995543	-1.584141	-0.846929	0.050009	0.256760	0.428729	0.014872581977397204	2.6337448559670777e-05	0.25675833225250244
221160	-2.995163	-1.584035	-0.845415	0.050028	0.256819	0.429379	0.014864270575344563	3.9506172839506166e-05	0.25681716203689575
221280	-2.995774	-1.583730	-0.844773	0.049998	0.256897	0.429655	0.01483039315789938	3.9506172839506166e-05	0.2568969130516052
221400	-2.994485	-1.583311	-0.843628	0.050062	0.257029	0.430147	0.014800090109929442	1.7558299039780518e-05	0.25702783465385437
221520	-2.994032	-1.582950	-0.842718	0.050085	0.257138	0.430539	0.014764737896621227	2.6337448559670777e-05	0.25713658332824707
221640	-2.993629	-1.582831	-0.842385	0.050105	0.257185	0.430682	0.014751070039346814	2.6337448559670777e-05	0.25718367099761963
221760	-2.993577	-1.582654	-0.842098	0.050108	0.257252	0.430806	0.014737517712637782	1.7558299039780518e-05	0.2572510242462158
221880	-2.993500	-1.582360	-0.841163	0.050112	0.257359	0.431209	0.01471199500374496	2.6337448559670777e-05	0.2573574185371399
222000	-2.993214	-1.582107	-0.841166	0.050126	0.257437	0.431207	0.014684911258518696	2.6337448559670777e-05	0.2574369013309479
222120	-2.992825	-1.581877	-0.840755	0.050146	0.257506	0.431385	0.014666416728869081	3.9506172839506166e-05	0.2575050890445709
222240	-2.992805	-1.581707	-0.840581	0.050147	0.257581	0.431460	0.014647724200040102	2.6337448559670777e-05	0.25758126378059387
222360	-2.992553	-1.581482	-0.839746	0.050159	0.257656	0.431820	0.0146317467559129	2.6337448559670777e-05	0.25765496492385864
222480	-2.992249	-1.581303	-0.840446	0.050174	0.257711	0.431518	0.014612847147509456	3.9506172839506166e-05	0.25771087408065796
222600	-2.992262	-1.581005	-0.840237	0.050174	0.257795	0.431608	0.01458939490839839	2.6337448559670777e-05	0.2577941119670868
222720	-2.991946	-1.580680	-0.839035	0.050190	0.257892	0.432127	0.014561702264472842	3.9506172839506166e-05	0.2578897476196289
222840	-2.992207	-1.580262	-0.838022	0.050177	0.257996	0.432565	0.014522828580811619	2.6337448559670777e-05	0.2579955458641052
222960	-2.991734	-1.579707	-0.836814	0.050200	0.258188	0.433088	0.014475277066230774	3.9506172839506166e-05	0.25818607211112976
223080	-2.990648	-1.579538	-0.836620	0.050255	0.258229	0.433172	0.014457435347139835	2.6337448559670777e-05	0.25822773575782776
223200	-2.990109	-1.579207	-0.836468	0.050282	0.258331	0.433238	0.014428229676559568	1.7558299039780518e-05	0.25832992792129517
223320	-2.989901	-1.578995	-0.836181	0.050292	0.258406	0.433362	0.01440859311260283	2.6337448559670777e-05	0.258404940366745
223440	-2.989748	-1.578780	-0.835639	0.050300	0.258476	0.433597	0.014389150124043227	2.6337448559670777e-05	0.2584742605686188
223560	-2.990235	-1.578359	-0.836100	0.050276	0.258602	0.433398	0.014351110393181443	1.7558299039780518e-05	0.25860172510147095
223680	-2.990388	-1.578114	-0.836734	0.050268	0.258685	0.433123	0.014329993352293968	3.9506172839506166e-05	0.2586840093135834
223800	-2.990486	-1.577916	-0.836110	0.050263	0.258776	0.433393	0.014310779748484492	2.6337448559670777e-05	0.25877466797828674
223920	-2.990064	-1.577567	-0.834872	0.050284	0.258880	0.433930	0.014282544935122132	1.7558299039780518e-05	0.2588784992694855
224040	-2.989573	-1.577211	-0.834418	0.050309	0.259004	0.434127	0.014247938245534896	2.6337448559670777e-05	0.2590019106864929
224160	-2.990028	-1.576737	-0.833762	0.050286	0.259149	0.434412	0.01421062033623457	3.9506172839506166e-05	0.25914472341537476
224280	-2.990475	-1.576552	-0.832914	0.050264	0.259223	0.434781	0.01418659477494657	2.6337448559670777e-05	0.2592218816280365
224400	-2.989364	-1.576025	-0.832107	0.050319	0.259422	0.435132	0.014142188197001814	3.9506172839506166e-05	0.25942111015319824
224520	-2.989988	-1.575834	-0.831676	0.050288	0.259502	0.435319	0.01412164093926549	3.9506172839506166e-05	0.2595021724700928
224640	-2.989770	-1.575640	-0.831207	0.050299	0.259548	0.435523	0.014101413590833545	2.6337448559670777e-05	0.2595488727092743
224760	-2.988479	-1.575418	-0.831641	0.050364	0.259609	0.435334	0.014082996733486652	2.6337448559670777e-05	0.259609192609787
224880	-2.987780	-1.574988	-0.831221	0.050399	0.259733	0.435517	0.014048224408179521	3.9506172839506166e-05	0.25973159074783325
225000	-2.988353	-1.574554	-0.830288	0.050370	0.259893	0.435924	0.014006153121590615	2.6337448559670777e-05	0.2598929703235626
225120	-2.988149	-1.574348	-0.829581	0.050381	0.259965	0.436232	0.013987136865034699	2.6337448559670777e-05	0.25996434688568115
225240	-2.988384	-1.574139	-0.828894	0.050369	0.260041	0.436532	0.013971937540918588	2.6337448559670777e-05	0.2600401043891907
225360	-2.988997	-1.573953	-0.827918	0.050338	0.260107	0.436958	0.013956000842154027	2.6337448559670777e-05	0.26010581851005554
225480	-2.988050	-1.573714	-0.828308	0.050386	0.260183	0.436788	0.013930262345820666	2.6337448559670777e-05	0.26018279790878296
225600	-2.987464	-1.573425	-0.828523	0.050415	0.260265	0.436694	0.01390910241752863	2.6337448559670777e-05	0.260263592004776
225720	-2.987590	-1.573193	-0.827767	0.050409	0.260379	0.437024	0.01388625749386847	3.9506172839506166e-05	0.2603777348995209
225840	-2.988364	-1.573249	-0.827646	0.050370	0.260421	0.437077	0.01389091033488512	2.6337448559670777e-05	0.26041948795318604
225960	-2.988313	-1.573164	-0.826402	0.050372	0.260510	0.437621	0.013883008901029826	3.9506172839506166e-05	0.26050838828086853
226080	-2.988212	-1.572696	-0.825136	0.050377	0.260679	0.438175	0.01383965346030891	3.9506172839506166e-05	0.2606779932975769
226200	-2.987863	-1.572403	-0.825130	0.050395	0.260782	0.438178	0.013812143448740244	2.6337448559670777e-05	0.26078179478645325
226320	-2.987258	-1.572003	-0.825083	0.050425	0.260890	0.438199	0.013779884716495872	3.9506172839506166e-05	0.26088809967041016
226440	-2.986227	-1.571612	-0.823454	0.050478	0.261031	0.438913	0.013739694468677044	2.6337448559670777e-05	0.26103153824806213
226560	-2.986367	-1.571393	-0.822076	0.050470	0.261135	0.439518	0.013725257199257612	2.6337448559670777e-05	0.2611335813999176
226680	-2.986717	-1.571115	-0.822093	0.050453	0.261248	0.439511	0.013700839504599572	1.7558299039780518e-05	0.26124659180641174
226800	-2.986327	-1.570800	-0.821252	0.050472	0.261347	0.439880	0.013671010686084627	3.9506172839506166e-05	0.2613466680049896
226920	-2.985826	-1.570433	-0.820309	0.050498	0.261467	0.440296	0.013633632566779852	2.6337448559670777e-05	0.26146647334098816
227040	-2.985105	-1.569928	-0.819164	0.050534	0.261634	0.440800	0.013592225406318903	2.6337448559670777e-05	0.2616339921951294
227160	-2.985149	-1.569912	-0.819327	0.050532	0.261651	0.440728	0.013591176178306342	2.6337448559670777e-05	0.26165080070495605
227280	-2.984555	-1.569580	-0.819045	0.050562	0.261743	0.440852	0.013563840743154287	1.7558299039780518e-05	0.26174184679985046
227400	-2.983143	-1.569110	-0.818124	0.050633	0.261875	0.441259	0.01351758074015379	3.9506172839506166e-05	0.2618746757507324
227520	-2.982748	-1.568621	-0.817153	0.050653	0.262041	0.441687	0.013474330352619291	2.6337448559670777e-05	0.26204001903533936
227640	-2.982578	-1.568412	-0.817077	0.050662	0.262098	0.441721	0.013451984943822026	2.6337448559670777e-05	0.26209789514541626
227760	-2.982251	-1.568199	-0.816217	0.050679	0.262144	0.442101	0.013434086600318551	2.6337448559670777e-05	0.2621435821056366
227880	-2.981976	-1.567733	-0.815105	0.050693	0.262296	0.442593	0.01339900828897953	3.9506172839506166e-05	0.2622939646244049
228000	-2.981690	-1.567413	-0.814474	0.050707	0.262390	0.442872	0.013361658481881023	2.6337448559670777e-05	0.26239097118377686
228120	-2.981661	-1.567160	-0.813888	0.050709	0.262497	0.443132	0.013342030765488743	1.7558299039780518e-05	0.2624966502189636
228240	-2.981409	-1.566789	-0.814087	0.050721	0.262615	0.443044	0.013309527561068535	2.6337448559670777e-05	0.2626137435436249
228360	-2.980747	-1.566561	-0.813716	0.050755	0.262684	0.443208	0.01328530297614634	3.9506172839506166e-05	0.26268404722213745
228480	-2.980186	-1.566234	-0.813340	0.050783	0.262781	0.443375	0.013260831497609616	2.6337448559670777e-05	0.2627796232700348
228600	-2.979428	-1.565989	-0.812759	0.050822	0.262862	0.443632	0.013233446283265948	2.6337448559670777e-05	0.26286226511001587
228720	-2.978766	-1.565894	-0.812591	0.050856	0.262917	0.443707	0.013226584903895855	3.9506172839506166e-05	0.2629164457321167
228840	-2.978817	-1.565469	-0.810649	0.050853	0.263070	0.444570	0.013192317262291909	3.9506172839506166e-05	0.2630676031112671
228960	-2.979071	-1.565090	-0.809259	0.050840	0.263197	0.445188	0.01315428027883172	3.9506172839506166e-05	0.26319628953933716
229080	-2.979204	-1.564814	-0.808492	0.050833	0.263312	0.445529	0.013132509915158153	2.6337448559670777e-05	0.26331040263175964
229200	-2.978179	-1.564628	-0.808696	0.050885	0.263342	0.445438	0.013113586371764541	2.6337448559670777e-05	0.26334184408187866
229320	-2.978382	-1.564302	-0.808281	0.050875	0.263463	0.445624	0.013082986325025558	3.9506172839506166e-05	0.26346224546432495
229440	-2.978386	-1.563936	-0.807272	0.050875	0.263620	0.446073	0.013051182590425014	2.6337448559670777e-05	0.26362043619155884
229560	-2.978393	-1.563814	-0.806522	0.050875	0.263647	0.446408	0.013038682658225298	2.6337448559670777e-05	0.26364731788635254
229680	-2.977591	-1.563282	-0.805749	0.050915	0.263818	0.446753	0.012995409825816751	3.9506172839506166e-05	0.2638174295425415
229800	-2.977170	-1.562841	-0.805104	0.050937	0.263943	0.447042	0.01295468844473362	2.6337448559670777e-05	0.26394110918045044
229920	-2.977300	-1.562393	-0.803994	0.050930	0.264072	0.447538	0.012913930416107177	3.9506172839506166e-05	0.26407158374786377
230040	-2.977176	-1.562153	-0.802688	0.050936	0.264151	0.448123	0.012891287868842482	2.6337448559670777e-05	0.2641499936580658
230160	-2.976660	-1.561904	-0.802701	0.050963	0.264256	0.448117	0.01286551491357386	2.6337448559670777e-05	0.2642568051815033
230280	-2.975641	-1.561484	-0.801871	0.051015	0.264375	0.448489	0.012835245160385967	3.9506172839506166e-05	0.26437273621559143
230400	-2.975188	-1.561248	-0.801620	0.051038	0.264456	0.448602	0.012809108477085829	1.7558299039780518e-05	0.2644554674625397
230520	-2.974900	-1.560829	-0.800835	0.051053	0.264594	0.448954	0.01277168421074748	3.9506172839506166e-05	0.2645941376686096
230640	-2.974658	-1.560530	-0.799463	0.051065	0.264689	0.449570	0.012744287541136146	2.6337448559670777e-05	0.264687716960907
230760	-2.973855	-1.560280	-0.799277	0.051106	0.264777	0.449654	0.012722398433834315	2.6337448559670777e-05	0.26477622985839844
230880	-2.973788	-1.559896	-0.798832	0.051109	0.264946	0.449854	0.012689724331721663	2.6337448559670777e-05	0.264943391084671
231000	-2.974204	-1.559603	-0.797991	0.051088	0.265059	0.450233	0.012662742147222161	1.7558299039780518e-05	0.26505717635154724
231120	-2.973064	-1.559104	-0.796982	0.051146	0.265221	0.450687	0.012619578838348388	2.6337448559670777e-05	0.26522016525268555
231240	-2.972442	-1.558872	-0.796405	0.051178	0.265325	0.450947	0.012594266096130013	2.6337448559670777e-05	0.265325129032135
231360	-2.972540	-1.558668	-0.796495	0.051173	0.265398	0.450907	0.012578704068437219	2.6337448559670777e-05	0.26539650559425354
231480	-2.971534	-1.558476	-0.795664	0.051225	0.265489	0.451282	0.012562486622482539	2.6337448559670777e-05	0.2654874920845032
231600	-2.969754	-1.558492	-0.795651	0.051316	0.265544	0.451287	0.012563794665038586	2.6337448559670777e-05	0.2655426561832428
231720	-2.969531	-1.558070	-0.794079	0.051327	0.265691	0.451997	0.012522744527086616	1.7558299039780518e-05	0.2656911015510559
231840	-2.969107	-1.557900	-0.793468	0.051349	0.265778	0.452274	0.012506038928404451	1.7558299039780518e-05	0.26577797532081604
231960	-2.968370	-1.557662	-0.794057	0.051387	0.265892	0.452007	0.012490506330505014	3.9506172839506166e-05	0.265890896320343
232080	-2.968669	-1.557339	-0.791783	0.051372	0.266028	0.453036	0.012459040572866797	2.6337448559670777e-05	0.26602739095687866
232200	-2.968336	-1.557195	-0.790734	0.051389	0.266075	0.453512	0.012445945991203189	2.6337448559670777e-05	0.2660742402076721
232320	-2.967477	-1.557106	-0.791247	0.051433	0.266130	0.453279	0.01243428410962224	2.6337448559670777e-05	0.26613035798072815
232440	-2.966767	-1.556752	-0.790943	0.051469	0.266181	0.453417	0.012403833726421	2.6337448559670777e-05	0.2661810517311096
232560	-2.967577	-1.556373	-0.790163	0.051428	0.266309	0.453771	0.01237552659586072	2.6337448559670777e-05	0.26630714535713196
232680	-2.966300	-1.555843	-0.788970	0.051493	0.266468	0.454313	0.012329928204417228	3.9506172839506166e-05	0.26646533608436584
232800	-2.965359	-1.555375	-0.787803	0.051542	0.266653	0.454843	0.012286179093644023	2.6337448559670777e-05	0.2666507363319397
232920	-2.964812	-1.555205	-0.786677	0.051570	0.266742	0.455356	0.012263665162026881	2.6337448559670777e-05	0.2667419910430908
233040	-2.965049	-1.555000	-0.784923	0.051558	0.266849	0.456155	0.01224690694361925	2.6337448559670777e-05	0.26684868335723877
233160	-2.965528	-1.554904	-0.784262	0.051533	0.266895	0.456456	0.012238208390772342	3.9506172839506166e-05	0.266893208026886
233280	-2.965011	-1.554633	-0.784294	0.051560	0.266996	0.456442	0.012216101260855794	3.9506172839506166e-05	0.26699498295783997
233400	-2.965083	-1.554381	-0.784505	0.051556	0.267084	0.456345	0.012193921348080039	2.6337448559670777e-05	0.26708340644836426
233520	-2.964073	-1.553902	-0.782920	0.051608	0.267219	0.457069	0.012146785762161017	2.6337448559670777e-05	0.267219603061676
233640	-2.963818	-1.553563	-0.782647	0.051621	0.267305	0.457194	0.012117787264287472	1.7558299039780518e-05	0.2673041522502899
233760	-2.962841	-1.553375	-0.782672	0.051672	0.267350	0.457183	0.012102705985307693	2.6337448559670777e-05	0.26734837889671326
233880	-2.962425	-1.553097	-0.783043	0.051693	0.267422	0.457013	0.01207433589734137	1.7558299039780518e-05	0.2674223482608795
234000	-2.961019	-1.552635	-0.782193	0.051766	0.267553	0.457402	0.012036311812698841	2.6337448559670777e-05	0.2675522565841675
234120	-2.960879	-1.552080	-0.781544	0.051773	0.267724	0.457699	0.011988869262859225	2.6337448559670777e-05	0.26772254705429077
234240	-2.961297	-1.551745	-0.779614	0.051752	0.267871	0.458583	0.01195197612978518	2.6337448559670777e-05	0.2678709626197815
234360	-2.961082	-1.551562	-0.779590	0.051763	0.267941	0.458594	0.011940439557656645	1.7558299039780518e-05	0.26793983578681946
234480	-2.961089	-1.550827	-0.778166	0.051762	0.268200	0.459247	0.011879742005839944	2.6337448559670777e-05	0.2681969106197357
234600	-2.960714	-1.550367	-0.777239	0.051782	0.268392	0.459673	0.011835169233381748	3.9506172839506166e-05	0.2683895528316498
234720	-2.960660	-1.550051	-0.776408	0.051785	0.268506	0.460056	0.011802276223897934	1.7558299039780518e-05	0.26850539445877075
234840	-2.960618	-1.549678	-0.774717	0.051787	0.268647	0.460834	0.011769992671906948	2.6337448559670777e-05	0.26864492893218994
234960	-2.960313	-1.549529	-0.773909	0.051803	0.268695	0.461207	0.011756721558049322	2.6337448559670777e-05	0.2686939835548401
235080	-2.959980	-1.549278	-0.773781	0.051820	0.268783	0.461266	0.011734440736472607	2.6337448559670777e-05	0.26878172159194946
235200	-2.959115	-1.548931	-0.772919	0.051865	0.268880	0.461663	0.011703141313046218	2.6337448559670777e-05	0.268878698348999
235320	-2.958618	-1.548473	-0.771676	0.051891	0.269080	0.462238	0.011660559428855776	3.9506172839506166e-05	0.2690785527229309
235440	-2.958991	-1.548512	-0.770938	0.051871	0.269116	0.462579	0.011662629013881088	2.6337448559670777e-05	0.2691158354282379
235560	-2.959157	-1.548387	-0.770438	0.051863	0.269175	0.462810	0.01165299564599991	3.9506172839506166e-05	0.269173264503479
235680	-2.959727	-1.547997	-0.770285	0.051833	0.269335	0.462881	0.011617651348933578	2.6337448559670777e-05	0.2693333029747009
235800	-2.959377	-1.547499	-0.770181	0.051851	0.269457	0.462929	0.011572875222191215	2.6337448559670777e-05	0.2694567143917084
235920	-2.958787	-1.547069	-0.769393	0.051882	0.269613	0.463294	0.011532464763149619	1.1705532693187011e-05	0.2696124017238617
236040	-2.959543	-1.546999	-0.769292	0.051843	0.269659	0.463341	0.011527412896975875	3.9506172839506166e-05	0.26965856552124023
236160	-2.957950	-1.546819	-0.768494	0.051925	0.269738	0.463711	0.011510499473661184	2.6337448559670777e-05	0.2697374224662781
236280	-2.956944	-1.546468	-0.768567	0.051977	0.269810	0.463677	0.0114803793374449	2.6337448559670777e-05	0.26980993151664734
236400	-2.957106	-1.546388	-0.768756	0.051969	0.269857	0.463589	0.011469940934330226	2.6337448559670777e-05	0.26985764503479004
236520	-2.956733	-1.546080	-0.767637	0.051988	0.269983	0.464109	0.011445155087858438	2.6337448559670777e-05	0.26998215913772583
236640	-2.956437	-1.545811	-0.767105	0.052004	0.270061	0.464356	0.011420970084145665	2.6337448559670777e-05	0.27006077766418457
236760	-2.956246	-1.545478	-0.766956	0.052014	0.270174	0.464424	0.011391204874962568	2.6337448559670777e-05	0.2701728343963623
236880	-2.955869	-1.545078	-0.765987	0.052033	0.270314	0.464875	0.01135837291367352	1.7558299039780518e-05	0.270313024520874
237000	-2.956296	-1.544817	-0.765376	0.052011	0.270416	0.465159	0.011332132061943412	2.6337448559670777e-05	0.27041468024253845
237120	-2.956095	-1.544262	-0.764931	0.052022	0.270603	0.465366	0.011279340367764235	2.6337448559670777e-05	0.27060309052467346
237240	-2.955193	-1.544021	-0.764822	0.052069	0.270698	0.465417	0.011261378787457943	3.9506172839506166e-05	0.2706957757472992
237360	-2.955282	-1.543737	-0.764369	0.052064	0.270838	0.465627	0.011231899401172996	2.6337448559670777e-05	0.2708371579647064
237480	-2.955423	-1.543658	-0.763894	0.052057	0.270909	0.465849	0.011229892866685987	2.6337448559670777e-05	0.27090713381767273
237600	-2.956435	-1.543539	-0.764125	0.052004	0.270979	0.465741	0.011213867319747805	3.9506172839506166e-05	0.27097856998443604
237720	-2.956414	-1.543298	-0.764783	0.052005	0.271082	0.465435	0.011195148341357708	2.6337448559670777e-05	0.27108103036880493
237840	-2.955290	-1.542813	-0.764238	0.052064	0.271231	0.465689	0.011157209658995271	3.9506172839506166e-05	0.2712293267250061
237960	-2.955531	-1.542393	-0.763241	0.052051	0.271386	0.466153	0.011112528899684549	2.6337448559670777e-05	0.27138468623161316
238080	-2.955550	-1.542079	-0.763701	0.052050	0.271495	0.465939	0.011088712513446808	3.9506172839506166e-05	0.2714941203594208
238200	-2.955446	-1.541323	-0.762131	0.052055	0.271755	0.466671	0.011016481462866068	2.6337448559670777e-05	0.27175402641296387
238320	-2.954632	-1.541157	-0.762179	0.052098	0.271807	0.466649	0.011003782646730543	2.6337448559670777e-05	0.2718054950237274
238440	-2.954825	-1.540914	-0.762541	0.052088	0.271894	0.466480	0.010980169055983424	2.6337448559670777e-05	0.2718932628631592
238560	-2.954134	-1.540601	-0.761844	0.052124	0.271992	0.466805	0.010953844198957086	1.7558299039780518e-05	0.2719919681549072
238680	-2.953785	-1.540219	-0.761054	0.052142	0.272115	0.467174	0.01091913809068501	2.6337448559670777e-05	0.272113174200058
238800	-2.953028	-1.539849	-0.760497	0.052181	0.272224	0.467434	0.0108811825979501	2.6337448559670777e-05	0.2722237706184387
238920	-2.953314	-1.539725	-0.759619	0.052167	0.272275	0.467845	0.01087072780355811	2.6337448559670777e-05	0.27227503061294556
239040	-2.953481	-1.539460	-0.758895	0.052158	0.272389	0.468183	0.010851800255477429	2.6337448559670777e-05	0.27238771319389343
239160	-2.952512	-1.539082	-0.759066	0.052208	0.272489	0.468103	0.010815213667228818	2.6337448559670777e-05	0.2724876403808594
239280	-2.952999	-1.538955	-0.758163	0.052183	0.272573	0.468526	0.010802288400009274	3.9506172839506166e-05	0.27257272601127625
239400	-2.952242	-1.538599	-0.757423	0.052222	0.272694	0.468873	0.01077405079267919	2.6337448559670777e-05	0.27269211411476135
239520	-2.951600	-1.538241	-0.756490	0.052256	0.272788	0.469311	0.010737174516543746	2.6337448559670777e-05	0.27278876304626465
239640	-2.950658	-1.538250	-0.755419	0.052305	0.272789	0.469814	0.010738600883632899	2.6337448559670777e-05	0.2727884352207184
239760	-2.950713	-1.537907	-0.755243	0.052302	0.272900	0.469897	0.010711154015734792	3.9506172839506166e-05	0.27289795875549316
239880	-2.951204	-1.537547	-0.754372	0.052277	0.273067	0.470306	0.010676418663933873	2.6337448559670777e-05	0.2730672061443329
240000	-2.951580	-1.537339	-0.754104	0.052257	0.273179	0.470432	0.010655432567000389	2.6337448559670777e-05	0.27317872643470764
240120	-2.951431	-1.537163	-0.754273	0.052265	0.273268	0.470353	0.010642242711037397	1.7558299039780518e-05	0.27326709032058716
240240	-2.951675	-1.536965	-0.754210	0.052252	0.273344	0.470382	0.010623095650225877	2.6337448559670777e-05	0.27334314584732056
240360	-2.950381	-1.536646	-0.754048	0.052320	0.273437	0.470458	0.010598147613927722	2.6337448559670777e-05	0.27343565225601196
240480	-2.949825	-1.536304	-0.753063	0.052349	0.273597	0.470922	0.010561308078467845	2.6337448559670777e-05	0.2735964357852936
240600	-2.949465	-1.536212	-0.752607	0.052368	0.273657	0.471137	0.010553677240386606	2.6337448559670777e-05	0.273656964302063
240720	-2.948779	-1.535728	-0.751302	0.052404	0.273823	0.471752	0.010514044482260943	2.6337448559670777e-05	0.27382180094718933
240840	-2.948735	-1.535570	-0.751188	0.052406	0.273882	0.471806	0.010495501616969705	2.6337448559670777e-05	0.2738819420337677
240960	-2.948220	-1.535142	-0.751145	0.052433	0.274042	0.471826	0.01046405998058617	2.6337448559670777e-05	0.274039089679718
241080	-2.947443	-1.534840	-0.750304	0.052474	0.274142	0.472223	0.010438150307163597	3.9506172839506166e-05	0.2741403877735138
241200	-2.946514	-1.534322	-0.748897	0.052522	0.274301	0.472888	0.01039383583702147	3.9506172839506166e-05	0.27429723739624023
241320	-2.947433	-1.533907	-0.748779	0.052474	0.274449	0.472944	0.010355748701840639	2.6337448559670777e-05	0.27444568276405334
241440	-2.947615	-1.533530	-0.748252	0.052465	0.274591	0.473193	0.010314929764717817	2.6337448559670777e-05	0.27458974719047546
241560	-2.948068	-1.533488	-0.747381	0.052441	0.274682	0.473605	0.010309253726154566	3.9506172839506166e-05	0.2746809720993042
241680	-2.947003	-1.533106	-0.746205	0.052497	0.274861	0.474163	0.0102796062361449	2.6337448559670777e-05	0.274859219789505
241800	-2.946986	-1.532904	-0.746200	0.052498	0.274945	0.474165	0.01025954750366509	2.6337448559670777e-05	0.27494388818740845
241920	-2.946875	-1.532617	-0.744616	0.052504	0.275089	0.474917	0.010235184151679278	3.9506172839506166e-05	0.27508655190467834
242040	-2.946659	-1.532436	-0.743781	0.052515	0.275193	0.475313	0.010216312110424041	3.9506172839506166e-05	0.2751926779747009
242160	-2.946761	-1.532142	-0.742927	0.052510	0.275282	0.475719	0.01019388735294342	3.9506172839506166e-05	0.2752803862094879
242280	-2.946486	-1.531924	-0.742010	0.052524	0.275407	0.476156	0.010169868357479572	3.9506172839506166e-05	0.2754077911376953
242400	-2.946335	-1.531549	-0.740772	0.052532	0.275556	0.476746	0.010133914323523641	2.6337448559670777e-05	0.27555572986602783
242520	-2.946896	-1.531301	-0.739718	0.052502	0.275669	0.477249	0.01011464288458228	2.6337448559670777e-05	0.27566808462142944
242640	-2.945596	-1.530909	-0.738445	0.052571	0.275813	0.477857	0.010078767500817775	2.6337448559670777e-05	0.27581241726875305
242760	-2.944882	-1.530571	-0.737787	0.052608	0.275925	0.478171	0.01005000718869269	2.6337448559670777e-05	0.2759246230125427
242880	-2.944846	-1.530132	-0.736891	0.052610	0.276082	0.478600	0.010012197494506835	3.9506172839506166e-05	0.2760813236236572
243000	-2.945171	-1.529492	-0.735535	0.052593	0.276327	0.479249	0.009952786471694708	2.6337448559670777e-05	0.276326447725296
243120	-2.944776	-1.529159	-0.734984	0.052614	0.276447	0.479513	0.009922644821926951	2.6337448559670777e-05	0.27644601464271545
243240	-2.944636	-1.528792	-0.734857	0.052621	0.276567	0.479574	0.009890013374388218	1.7558299039780518e-05	0.2765657901763916
243360	-2.944146	-1.528658	-0.734035	0.052647	0.276642	0.479969	0.009875204088166356	1.7558299039780518e-05	0.27664217352867126
243480	-2.944442	-1.528577	-0.733438	0.052631	0.276677	0.480255	0.00986985363997519	2.6337448559670777e-05	0.276676207780838
243600	-2.944851	-1.528317	-0.733561	0.052610	0.276780	0.480196	0.009846703428775073	2.6337448559670777e-05	0.2767792046070099
243720	-2.944239	-1.528147	-0.733123	0.052642	0.276882	0.480407	0.009828553581610323	2.6337448559670777e-05	0.27688178420066833
243840	-2.943540	-1.527534	-0.732181	0.052679	0.277057	0.480859	0.00977860689163208	3.9506172839506166e-05	0.27705657482147217
243960	-2.943088	-1.527048	-0.731643	0.052703	0.277218	0.481118	0.009737218776717783	2.6337448559670777e-05	0.27721482515335083
244080	-2.942802	-1.526960	-0.731813	0.052718	0.277278	0.481036	0.009722561063244938	2.6337448559670777e-05	0.2772780656814575
244200	-2.942270	-1.526697	-0.731326	0.052746	0.277369	0.481270	0.009701517829671501	2.6337448559670777e-05	0.27736803889274597
244320	-2.941943	-1.526548	-0.731237	0.052763	0.277410	0.481313	0.009685913380235434	2.6337448559670777e-05	0.27740877866744995
244440	-2.942075	-1.526462	-0.730706	0.052756	0.277476	0.481569	0.009678362216800452	2.6337448559670777e-05	0.27747514843940735
244560	-2.941185	-1.526466	-0.729675	0.052803	0.277542	0.482065	0.009676046157255768	2.6337448559670777e-05	0.277541846036911
244680	-2.940849	-1.526182	-0.729020	0.052821	0.277689	0.482381	0.009653351083397866	2.6337448559670777e-05	0.27768775820732117
244800	-2.940889	-1.526201	-0.729165	0.052819	0.277738	0.482312	0.009656557999551296	3.9506172839506166e-05	0.2777371108531952
244920	-2.940589	-1.526038	-0.728177	0.052835	0.277808	0.482788	0.009644863568246365	2.6337448559670777e-05	0.2778056263923645
245040	-2.941013	-1.525864	-0.729232	0.052812	0.277883	0.482279	0.009627018589526415	1.7558299039780518e-05	0.2778821885585785
245160	-2.940836	-1.525647	-0.729274	0.052822	0.277973	0.482259	0.009604294272139668	2.6337448559670777e-05	0.2779717445373535
245280	-2.940070	-1.525199	-0.728774	0.052862	0.278139	0.482500	0.009568872768431902	3.9506172839506166e-05	0.2781361937522888
245400	-2.940221	-1.524912	-0.728229	0.052854	0.278249	0.482763	0.009541522385552526	2.6337448559670777e-05	0.27824661135673523
245520	-2.940091	-1.524482	-0.726484	0.052861	0.278382	0.483607	0.009499840158969163	2.6337448559670777e-05	0.27838194370269775
245640	-2.940393	-1.524097	-0.726538	0.052845	0.278503	0.483580	0.009466469846665859	2.6337448559670777e-05	0.27850204706192017
245760	-2.941197	-1.523449	-0.726033	0.052803	0.278716	0.483825	0.009411296667531132	3.9506172839506166e-05	0.27871543169021606
245880	-2.940781	-1.523273	-0.724989	0.052824	0.278816	0.484330	0.009391725063323975	2.6337448559670777e-05	0.27881449460983276
246000	-2.941272	-1.523038	-0.723856	0.052799	0.278914	0.484879	0.00936805377714336	2.6337448559670777e-05	0.2789138853549957
246120	-2.941101	-1.522785	-0.724487	0.052808	0.278983	0.484573	0.0093475844245404	2.6337448559670777e-05	0.2789822220802307
246240	-2.941066	-1.522677	-0.724410	0.052809	0.279033	0.484611	0.00933466195128858	2.6337448559670777e-05	0.2790341079235077
246360	-2.940712	-1.522509	-0.724444	0.052828	0.279114	0.484594	0.009325926331803203	2.6337448559670777e-05	0.27911219000816345
246480	-2.939145	-1.521991	-0.724012	0.052911	0.279261	0.484803	0.00928543945774436	3.9506172839506166e-05	0.27925753593444824
246600	-2.938918	-1.521962	-0.725503	0.052923	0.279248	0.484081	0.009272501897066831	2.6337448559670777e-05	0.27924731373786926
246720	-2.938639	-1.521614	-0.724634	0.052938	0.279338	0.484502	0.009241296676918864	2.6337448559670777e-05	0.2793383002281189
246840	-2.937631	-1.521149	-0.723649	0.052991	0.279478	0.484979	0.009203904727473854	2.6337448559670777e-05	0.2794763445854187
246960	-2.936364	-1.520716	-0.722566	0.053058	0.279624	0.485505	0.009163332777097822	2.6337448559670777e-05	0.27962231636047363
247080	-2.935863	-1.520481	-0.722249	0.053085	0.279709	0.485659	0.009140237979590893	3.9506172839506166e-05	0.2797083854675293
247200	-2.934840	-1.520045	-0.721110	0.053139	0.279852	0.486212	0.0091021079570055	3.9506172839506166e-05	0.279850572347641
247320	-2.933930	-1.519564	-0.719827	0.053188	0.280038	0.486837	0.009059874247759581	3.9506172839506166e-05	0.2800363302230835
247440	-2.933877	-1.519347	-0.720302	0.053190	0.280093	0.486605	0.009041810501366853	2.6337448559670777e-05	0.280091792345047
247560	-2.933429	-1.518899	-0.720039	0.053214	0.280230	0.486733	0.009000935591757298	2.6337448559670777e-05	0.2802289128303528
247680	-2.933231	-1.518240	-0.719276	0.053225	0.280456	0.487105	0.008944526687264443	2.6337448559670777e-05	0.2804538607597351
247800	-2.932647	-1.517770	-0.718912	0.053256	0.280602	0.487282	0.008897889126092195	1.7558299039780518e-05	0.280600905418396
247920	-2.932495	-1.517490	-0.718669	0.053264	0.280720	0.487400	0.008873899653553962	2.6337448559670777e-05	0.28071829676628113
248040	-2.931272	-1.517151	-0.718063	0.053329	0.280815	0.487696	0.008842650381848217	2.6337448559670777e-05	0.28081393241882324
248160	-2.931391	-1.516817	-0.717615	0.053323	0.280920	0.487915	0.008812658535316587	2.6337448559670777e-05	0.2809180021286011
248280	-2.930943	-1.516435	-0.717569	0.053347	0.281041	0.487937	0.008784546284005046	3.9506172839506166e-05	0.281037837266922
248400	-2.930935	-1.516005	-0.717155	0.053347	0.281205	0.488139	0.008734821248799563	2.6337448559670777e-05	0.2812059223651886
248520	-2.931392	-1.516025	-0.717336	0.053323	0.281222	0.488051	0.008738807495683431	3.9506172839506166e-05	0.28122106194496155
248640	-2.932276	-1.516004	-0.717383	0.053276	0.281252	0.488028	0.008738330705091358	2.6337448559670777e-05	0.2812505066394806
248760	-2.932391	-1.515725	-0.717332	0.053270	0.281370	0.488053	0.008712159516289831	2.6337448559670777e-05	0.28136932849884033
248880	-2.932455	-1.515360	-0.717123	0.053266	0.281493	0.488154	0.008677269844338299	2.6337448559670777e-05	0.28149348497390747
249000	-2.932276	-1.515183	-0.717330	0.053276	0.281563	0.488054	0.008667872380465269	3.9506172839506166e-05	0.2815611958503723
249120	-2.932558	-1.514957	-0.716947	0.053261	0.281672	0.488240	0.008644237834960222	2.6337448559670777e-05	0.28167134523391724
249240	-2.932389	-1.514868	-0.715582	0.053270	0.281735	0.488907	0.008633915660902857	2.6337448559670777e-05	0.2817347049713135
249360	-2.931868	-1.514542	-0.715389	0.053297	0.281866	0.489002	0.008607024420052766	2.6337448559670777e-05	0.28186482191085815
249480	-2.931247	-1.514085	-0.713647	0.053331	0.282049	0.489855	0.008564133476465941	2.6337448559670777e-05	0.2820478081703186
249600	-2.931475	-1.514163	-0.713571	0.053318	0.282049	0.489892	0.008570971945300699	3.9506172839506166e-05	0.28204816579818726
249720	-2.931330	-1.514014	-0.712500	0.053326	0.282125	0.490417	0.008562796609476208	2.6337448559670777e-05	0.2821229100227356
249840	-2.932020	-1.513890	-0.712250	0.053289	0.282174	0.490539	0.008545478247106076	3.9506172839506166e-05	0.2821749150753021
249960	-2.932196	-1.513595	-0.712097	0.053280	0.282319	0.490614	0.008520127600058913	3.9506172839506166e-05	0.28231796622276306
250080	-2.930966	-1.513104	-0.710929	0.053346	0.282476	0.491188	0.008485145634040236	3.9506172839506166e-05	0.28247377276420593
250200	-2.930359	-1.512786	-0.710226	0.053378	0.282592	0.491533	0.008447564858943223	2.6337448559670777e-05	0.28259119391441345
250320	-2.930057	-1.512406	-0.709382	0.053394	0.282762	0.491948	0.008411966450512409	2.6337448559670777e-05	0.2827611565589905
250440	-2.929706	-1.512158	-0.708422	0.053413	0.282878	0.492421	0.008392395172268152	2.6337448559670777e-05	0.2828761339187622
250560	-2.929275	-1.512006	-0.708249	0.053436	0.282939	0.492506	0.008375015854835511	2.6337448559670777e-05	0.2829391062259674
250680	-2.928654	-1.511787	-0.708139	0.053469	0.283008	0.492560	0.008361686579883098	2.6337448559670777e-05	0.2830067276954651
250800	-2.928453	-1.511554	-0.707018	0.053480	0.283083	0.493112	0.00833810525946319	2.6337448559670777e-05	0.2830810248851776
250920	-2.928399	-1.511226	-0.706434	0.053483	0.283242	0.493401	0.008310133498162032	2.6337448559670777e-05	0.2832412123680115
251040	-2.928128	-1.510820	-0.706052	0.053497	0.283379	0.493589	0.008276750054210424	2.6337448559670777e-05	0.28337743878364563
251160	-2.927758	-1.510610	-0.705033	0.053517	0.283481	0.494092	0.008250037115067244	2.6337448559670777e-05	0.28348028659820557
251280	-2.926413	-1.510274	-0.704497	0.053589	0.283611	0.494357	0.008224439807236195	2.6337448559670777e-05	0.28360870480537415
251400	-2.925546	-1.509971	-0.704373	0.053635	0.283708	0.494419	0.008194853318855166	2.6337448559670777e-05	0.28370726108551025
251520	-2.924359	-1.509559	-0.703228	0.053699	0.283802	0.494985	0.008160263439640403	3.9506172839506166e-05	0.2838008403778076
251640	-2.924194	-1.509281	-0.702674	0.053708	0.283927	0.495259	0.008139012614265084	2.6337448559670777e-05	0.28392326831817627
251760	-2.924369	-1.508869	-0.701171	0.053699	0.284093	0.496004	0.008095918176695704	2.6337448559670777e-05	0.28409168124198914
251880	-2.924187	-1.508740	-0.700376	0.053708	0.284145	0.496399	0.008085061889141798	3.9506172839506166e-05	0.2841438055038452
252000	-2.924917	-1.508501	-0.700468	0.053669	0.284262	0.496353	0.008062849380075931	2.6337448559670777e-05	0.2842615246772766
252120	-2.923715	-1.508096	-0.699986	0.053734	0.284388	0.496592	0.008026920398697257	2.6337448559670777e-05	0.2843865752220154
252240	-2.922898	-1.508046	-0.700214	0.053778	0.284425	0.496479	0.008017610991373658	2.6337448559670777e-05	0.28442633152008057
252360	-2.922417	-1.507740	-0.700173	0.053803	0.284531	0.496499	0.007993294438347221	3.9506172839506166e-05	0.2845301330089569
252480	-2.921943	-1.507373	-0.699597	0.053829	0.284640	0.496786	0.007960670813918113	2.6337448559670777e-05	0.28463998436927795
252600	-2.921020	-1.507231	-0.698872	0.053879	0.284704	0.497146	0.007948986534029246	1.7558299039780518e-05	0.28470340371131897
252720	-2.920852	-1.507082	-0.698357	0.053888	0.284766	0.497402	0.007935975445434451	2.6337448559670777e-05	0.28476521372795105
252840	-2.920790	-1.506789	-0.698377	0.053891	0.284867	0.497392	0.007909872941672802	3.9506172839506166e-05	0.2848658263683319
252960	-2.921263	-1.506536	-0.698294	0.053866	0.284989	0.497433	0.007885517459362746	2.6337448559670777e-05	0.2849881947040558
253080	-2.920923	-1.506146	-0.697796	0.053884	0.285097	0.497681	0.007851292844861746	2.6337448559670777e-05	0.2850967049598694
253200	-2.920165	-1.506008	-0.697249	0.053925	0.285150	0.497954	0.00783892795443535	2.6337448559670777e-05	0.2851479649543762
253320	-2.919781	-1.505922	-0.697155	0.053945	0.285181	0.498000	0.007831883290782571	2.6337448559670777e-05	0.28518033027648926
253440	-2.919262	-1.505523	-0.696101	0.053973	0.285317	0.498525	0.007800647662952543	2.6337448559670777e-05	0.28531414270401
253560	-2.918995	-1.505173	-0.695897	0.053988	0.285452	0.498627	0.007763278298079967	2.6337448559670777e-05	0.28545132279396057
253680	-2.918020	-1.504950	-0.695723	0.054041	0.285500	0.498714	0.007742418511770666	3.9506172839506166e-05	0.28549936413764954
253800	-2.916718	-1.504549	-0.695243	0.054111	0.285632	0.498953	0.007708801794797182	3.9506172839506166e-05	0.28563109040260315
253920	-2.915561	-1.504375	-0.694310	0.054174	0.285740	0.499419	0.007690199231728911	2.6337448559670777e-05	0.2857401371002197
254040	-2.914405	-1.504064	-0.693800	0.054236	0.285858	0.499674	0.007661677966825664	2.6337448559670777e-05	0.2858586013317108
254160	-2.914454	-1.503691	-0.693830	0.054234	0.286003	0.499659	0.00762880991678685	3.9506172839506166e-05	0.2860018014907837
254280	-2.912961	-1.503319	-0.693599	0.054315	0.286109	0.499774	0.007596906553953886	1.7558299039780518e-05	0.28610947728157043
254400	-2.912998	-1.503108	-0.692808	0.054313	0.286194	0.500170	0.007576982327736914	2.6337448559670777e-05	0.28619229793548584
254520	-2.912336	-1.502769	-0.690548	0.054349	0.286317	0.501302	0.007548713218420744	3.9506172839506166e-05	0.2863158881664276
254640	-2.911869	-1.502346	-0.690384	0.054374	0.286463	0.501383	0.007507880870252848	3.9506172839506166e-05	0.286462664604187
