step	log_std_min	log_std_mean	log_std_max	std_min	std_mean	std_max	entropy_loss	learning_rate	tensorboard_std_mean
120	-2.000096	-1.998160	-1.996012	0.135322	0.135585	0.135876	0.05213476922363043	2.6337448559670777e-05	0.1355840563774109
240	-2.000311	-1.997881	-1.994600	0.135293	0.135622	0.136068	0.05210594926029444	2.6337448559670777e-05	0.13562238216400146
360	-2.000508	-1.997558	-1.993991	0.135267	0.135666	0.136151	0.052083780989050865	3.9506172839506166e-05	0.1356649249792099
480	-2.000049	-1.996807	-1.992618	0.135329	0.135768	0.136338	0.052010229974985125	3.9506172839506166e-05	0.13576871156692505
600	-2.000276	-1.996459	-1.991417	0.135298	0.135816	0.136502	0.051975129172205925	2.6337448559670777e-05	0.13581588864326477
720	-2.001229	-1.995965	-1.990708	0.135169	0.135883	0.136599	0.0519402040168643	2.6337448559670777e-05	0.13588197529315948
840	-2.002194	-1.995695	-1.989282	0.135039	0.135920	0.136794	0.0519102806225419	2.6337448559670777e-05	0.13591943681240082
960	-2.003101	-1.995297	-1.988449	0.134916	0.135974	0.136908	0.05187513306736946	3.9506172839506166e-05	0.13597354292869568
1080	-2.003801	-1.994927	-1.988391	0.134822	0.136025	0.136916	0.05184379871934652	2.6337448559670777e-05	0.13602373003959656
1200	-2.005147	-1.994647	-1.988879	0.134641	0.136063	0.136849	0.05181274022907019	3.9506172839506166e-05	0.1360626071691513
1320	-2.005593	-1.994540	-1.987511	0.134580	0.136078	0.137036	0.051807491667568685	3.9506172839506166e-05	0.136077418923378
1440	-2.006673	-1.994097	-1.987746	0.134435	0.136138	0.137004	0.051768725737929344	3.9506172839506166e-05	0.13613757491111755
1560	-2.008578	-1.994143	-1.987222	0.134179	0.136132	0.137076	0.05177010670304298	3.9506172839506166e-05	0.13613195717334747
1680	-2.010445	-1.993965	-1.985556	0.133929	0.136157	0.137304	0.051752335578203204	5.925925925925925e-05	0.1361573040485382
1800	-2.012689	-1.994280	-1.984574	0.133629	0.136115	0.137439	0.05178180020302534	3.9506172839506166e-05	0.13611486554145813
1920	-2.014419	-1.994195	-1.983255	0.133398	0.136128	0.137621	0.051773549616336824	5.925925925925925e-05	0.13612763583660126
2040	-2.014427	-1.994007	-1.981791	0.133397	0.136154	0.137822	0.051756713539361954	5.925925925925925e-05	0.1361534595489502
2160	-2.018038	-1.994151	-1.981328	0.132916	0.136135	0.137886	0.05176742784678936	5.925925925925925e-05	0.1361359804868698
2280	-2.020614	-1.994244	-1.981301	0.132574	0.136124	0.137890	0.05177410878241062	3.9506172839506166e-05	0.13612507283687592
2400	-2.023268	-1.994615	-1.979854	0.132223	0.136075	0.138089	0.05180330686271191	5.925925925925925e-05	0.13607573509216309
2520	-2.025608	-1.995089	-1.979359	0.131914	0.136012	0.138158	0.05185162853449583	3.9506172839506166e-05	0.13601233065128326
2640	-2.026271	-1.995025	-1.979329	0.131826	0.136022	0.138162	0.051851412281394005	5.925925925925925e-05	0.13602173328399658
2760	-2.027661	-1.995290	-1.978352	0.131643	0.135989	0.138297	0.05187028311192989	3.9506172839506166e-05	0.13598859310150146
2880	-2.029727	-1.995562	-1.975169	0.131371	0.135954	0.138738	0.051896379329264164	5.925925925925925e-05	0.1359536051750183
3000	-2.033066	-1.995368	-1.974065	0.130933	0.135982	0.138891	0.051883223839104174	3.9506172839506166e-05	0.1359809935092926
3120	-2.035126	-1.995475	-1.973314	0.130664	0.135969	0.138995	0.05188527032732963	5.925925925925925e-05	0.1359689086675644
3240	-2.037926	-1.995903	-1.973742	0.130299	0.135913	0.138936	0.05192665345966816	3.9506172839506166e-05	0.13591240346431732
3360	-2.039170	-1.995485	-1.974107	0.130137	0.135971	0.138885	0.05188918709754944	3.9506172839506166e-05	0.13597117364406586
3480	-2.040720	-1.995433	-1.973981	0.129935	0.135980	0.138903	0.05188774075359106	5.925925925925925e-05	0.1359790861606598
3600	-2.041526	-1.995086	-1.973151	0.129830	0.136029	0.139018	0.05186270382255316	5.925925925925925e-05	0.13602720201015472
3720	-2.042686	-1.995260	-1.971642	0.129680	0.136007	0.139228	0.05187000464648008	2.6337448559670777e-05	0.13600637018680573
3840	-2.042246	-1.995081	-1.971583	0.129737	0.136031	0.139236	0.051854815892875196	2.6337448559670777e-05	0.13603058457374573
3960	-2.042707	-1.994859	-1.970266	0.129677	0.136062	0.139420	0.051835553161799906	3.9506172839506166e-05	0.13606145977973938
4080	-2.042342	-1.994589	-1.968493	0.129725	0.136100	0.139667	0.0518065432086587	3.9506172839506166e-05	0.13609983026981354
4200	-2.043326	-1.994463	-1.969280	0.129597	0.136118	0.139557	0.05179926622658968	3.9506172839506166e-05	0.1361171454191208
4320	-2.044254	-1.994211	-1.968487	0.129477	0.136153	0.139668	0.051778297685086724	2.6337448559670777e-05	0.13615204393863678
4440	-2.044392	-1.993953	-1.966951	0.129459	0.136189	0.139883	0.051753437519073485	2.6337448559670777e-05	0.13618819415569305
4560	-2.044683	-1.993397	-1.966886	0.129421	0.136266	0.139892	0.05170090571045875	3.9506172839506166e-05	0.13626590371131897
4680	-2.044429	-1.993067	-1.966187	0.129454	0.136311	0.139990	0.05167466048151255	3.9506172839506166e-05	0.13631057739257812
4800	-2.043533	-1.992747	-1.965176	0.129570	0.136355	0.140131	0.05164898373186588	3.9506172839506166e-05	0.13635417819023132
4920	-2.043360	-1.992328	-1.964566	0.129592	0.136413	0.140217	0.051608245447278024	2.6337448559670777e-05	0.1364126354455948
5040	-2.043041	-1.992122	-1.963941	0.129634	0.136442	0.140304	0.05158595144748688	2.6337448559670777e-05	0.13644219934940338
5160	-2.042843	-1.992215	-1.963546	0.129660	0.136430	0.140360	0.051595110446214676	3.9506172839506166e-05	0.136429563164711
5280	-2.041321	-1.991983	-1.964560	0.129857	0.136462	0.140218	0.051577286794781685	2.6337448559670777e-05	0.13646109402179718
5400	-2.039422	-1.991490	-1.963853	0.130104	0.136529	0.140317	0.05153021812438965	3.9506172839506166e-05	0.13652943074703217
5520	-2.040033	-1.991252	-1.963192	0.130024	0.136563	0.140410	0.05151072479784489	3.9506172839506166e-05	0.13656316697597504
5640	-2.040791	-1.990985	-1.963120	0.129926	0.136601	0.140420	0.05148694701492786	3.9506172839506166e-05	0.13660076260566711
5760	-2.042515	-1.990378	-1.962728	0.129702	0.136686	0.140475	0.05143699795007706	5.925925925925925e-05	0.13668499886989594
5880	-2.043046	-1.990087	-1.962166	0.129633	0.136729	0.140554	0.05140213500708342	5.925925925925925e-05	0.1367289125919342
6000	-2.043394	-1.989422	-1.960167	0.129588	0.136822	0.140835	0.051348527893424034	5.925925925925925e-05	0.13682137429714203
6120	-2.043946	-1.989139	-1.958649	0.129517	0.136863	0.141049	0.051325667090713976	3.9506172839506166e-05	0.1368618607521057
6240	-2.044092	-1.988818	-1.957957	0.129498	0.136911	0.141146	0.05129162576049566	5.925925925925925e-05	0.13691020011901855
6360	-2.044046	-1.988259	-1.958210	0.129504	0.136988	0.141111	0.05124189555644989	5.925925925925925e-05	0.1369880884885788
6480	-2.046847	-1.987862	-1.956767	0.129141	0.137047	0.141314	0.05121326632797718	5.925925925925925e-05	0.1370447874069214
6600	-2.048272	-1.987459	-1.957262	0.128958	0.137105	0.141245	0.05116670522838831	5.925925925925925e-05	0.1371045708656311
6720	-2.047084	-1.986973	-1.955765	0.129111	0.137174	0.141456	0.05112778972834349	3.9506172839506166e-05	0.13717329502105713
6840	-2.046758	-1.986717	-1.954163	0.129153	0.137213	0.141683	0.051107675209641455	5.925925925925925e-05	0.1372113823890686
6960	-2.047396	-1.986084	-1.953429	0.129071	0.137304	0.141787	0.05105011500418186	5.925925925925925e-05	0.13730302453041077
7080	-2.049444	-1.985776	-1.954022	0.128807	0.137352	0.141703	0.05102422293275595	5.925925925925925e-05	0.13735038042068481
7200	-2.051091	-1.985445	-1.952666	0.128595	0.137401	0.141895	0.05098409056663513	5.925925925925925e-05	0.13740143179893494
7320	-2.054405	-1.984921	-1.951255	0.128169	0.137479	0.142096	0.0509464705362916	5.925925925925925e-05	0.13747790455818176
7440	-2.056247	-1.984323	-1.949636	0.127933	0.137568	0.142326	0.05088174529373646	5.925925925925925e-05	0.13756848871707916
7560	-2.056059	-1.984296	-1.947549	0.127957	0.137579	0.142623	0.05087723881006241	5.925925925925925e-05	0.13758006691932678
7680	-2.059434	-1.984123	-1.946103	0.127526	0.137609	0.142830	0.05086736604571342	3.9506172839506166e-05	0.13760961592197418
7800	-2.061322	-1.983758	-1.944878	0.127286	0.137665	0.143005	0.050833044946193694	5.925925925925925e-05	0.13766537606716156
7920	-2.063568	-1.983904	-1.943844	0.127000	0.137650	0.143153	0.05084356684237719	3.9506172839506166e-05	0.1376505196094513
8040	-2.065328	-1.983868	-1.944354	0.126777	0.137661	0.143080	0.05084184017032385	5.925925925925925e-05	0.1376606822013855
8160	-2.067415	-1.983691	-1.942108	0.126512	0.137693	0.143401	0.05082904174923897	5.925925925925925e-05	0.13769268989562988
8280	-2.068723	-1.983395	-1.940144	0.126347	0.137739	0.143683	0.05081170834600925	5.925925925925925e-05	0.137736976146698
8400	-2.070117	-1.982893	-1.938018	0.126171	0.137816	0.143989	0.05076587088406086	3.9506172839506166e-05	0.13781410455703735
8520	-2.071587	-1.982413	-1.936029	0.125986	0.137890	0.144276	0.05072334762662649	5.925925925925925e-05	0.1378878802061081
8640	-2.074124	-1.982092	-1.935887	0.125666	0.137941	0.144296	0.050684834457933904	5.925925925925925e-05	0.13794127106666565
8760	-2.075987	-1.982318	-1.935872	0.125433	0.137915	0.144298	0.05070349778980017	5.925925925925925e-05	0.13791435956954956
8880	-2.076217	-1.982216	-1.935382	0.125404	0.137934	0.144369	0.05069246459752321	5.925925925925925e-05	0.13793475925922394
9000	-2.078609	-1.981926	-1.933010	0.125104	0.137984	0.144712	0.05067257955670357	3.9506172839506166e-05	0.1379835307598114
9120	-2.081168	-1.982172	-1.932996	0.124784	0.137958	0.144714	0.05069174356758595	3.9506172839506166e-05	0.13795778155326843
9240	-2.082160	-1.981925	-1.931801	0.124661	0.138000	0.144887	0.05067148841917515	3.9506172839506166e-05	0.1379995048046112
9360	-2.083252	-1.982222	-1.931203	0.124525	0.137966	0.144974	0.05069209244102239	5.925925925925925e-05	0.13796590268611908
9480	-2.084155	-1.981978	-1.929154	0.124412	0.138006	0.145271	0.05067402757704258	5.925925925925925e-05	0.1380062997341156
9600	-2.085460	-1.981853	-1.926765	0.124250	0.138031	0.145618	0.05066139008849859	5.925925925925925e-05	0.138031005859375
9720	-2.089290	-1.982012	-1.926260	0.123775	0.138021	0.145692	0.050676229596138	5.925925925925925e-05	0.1380210667848587
9840	-2.091292	-1.981511	-1.925835	0.123527	0.138097	0.145754	0.05064312070608139	3.9506172839506166e-05	0.13809534907341003
9960	-2.092144	-1.981220	-1.924052	0.123422	0.138146	0.146014	0.05059980247169733	5.925925925925925e-05	0.13814638555049896
10080	-2.093106	-1.981016	-1.921429	0.123304	0.138182	0.146398	0.05059260968118906	5.925925925925925e-05	0.13818113505840302
10200	-2.094774	-1.980436	-1.921325	0.123098	0.138273	0.146413	0.05054140575230122	3.9506172839506166e-05	0.13827168941497803
10320	-2.097292	-1.980577	-1.920202	0.122788	0.138264	0.146577	0.050546027906239036	3.9506172839506166e-05	0.13826408982276917
10440	-2.098494	-1.980625	-1.919909	0.122641	0.138263	0.146620	0.05054246075451374	5.925925925925925e-05	0.13826480507850647
10560	-2.101961	-1.981199	-1.919581	0.122216	0.138193	0.146668	0.050604352913796904	3.9506172839506166e-05	0.13819248974323273
10680	-2.104794	-1.981417	-1.918191	0.121871	0.138173	0.146872	0.05062310490757227	3.9506172839506166e-05	0.13817214965820312
10800	-2.106206	-1.981434	-1.916238	0.121699	0.138179	0.147160	0.050629273243248465	5.925925925925925e-05	0.1381777971982956
10920	-2.106986	-1.981341	-1.917008	0.121604	0.138200	0.147046	0.05061750654131174	5.925925925925925e-05	0.13819968700408936
11040	-2.109286	-1.981130	-1.916619	0.121325	0.138243	0.147104	0.05059722643345595	3.9506172839506166e-05	0.13824249804019928
11160	-2.109759	-1.980823	-1.916242	0.121267	0.138291	0.147159	0.05057092159986496	3.9506172839506166e-05	0.1382904201745987
11280	-2.112534	-1.980523	-1.914384	0.120931	0.138342	0.147433	0.0505452387034893	5.925925925925925e-05	0.13834190368652344
11400	-2.113701	-1.980678	-1.915684	0.120790	0.138327	0.147241	0.050561034306883815	5.925925925925925e-05	0.13832589983940125
11520	-2.116058	-1.980578	-1.914658	0.120506	0.138349	0.147392	0.050546171888709066	5.925925925925925e-05	0.13834859430789948
11640	-2.116874	-1.980569	-1.913747	0.120407	0.138360	0.147527	0.05055084489285946	5.925925925925925e-05	0.1383589208126068
11760	-2.119365	-1.980507	-1.911351	0.120108	0.138379	0.147881	0.05053770449012518	3.9506172839506166e-05	0.13837923109531403
11880	-2.119671	-1.980874	-1.911627	0.120071	0.138335	0.147840	0.050576340220868585	3.9506172839506166e-05	0.13833390176296234
12000	-2.122461	-1.980880	-1.909965	0.119737	0.138346	0.148086	0.05057147853076458	2.6337448559670777e-05	0.1383463442325592
12120	-2.124664	-1.980794	-1.908624	0.119473	0.138366	0.148284	0.0505751958116889	5.925925925925925e-05	0.1383647322654724
12240	-2.125777	-1.980957	-1.908162	0.119340	0.138352	0.148353	0.05057160221040249	5.925925925925925e-05	0.13835357129573822
12360	-2.125085	-1.980938	-1.907843	0.119423	0.138358	0.148400	0.05057834517210722	3.9506172839506166e-05	0.13835850358009338
12480	-2.125981	-1.980870	-1.907051	0.119316	0.138375	0.148518	0.05057062637060881	3.9506172839506166e-05	0.1383751779794693
12600	-2.125983	-1.980347	-1.904191	0.119316	0.138454	0.148943	0.05052875857800245	3.9506172839506166e-05	0.13845326006412506
12720	-2.126540	-1.980071	-1.903716	0.119249	0.138499	0.149014	0.05050563998520374	3.9506172839506166e-05	0.13849829137325287
12840	-2.128834	-1.980272	-1.903231	0.118976	0.138481	0.149086	0.05052038598805666	3.9506172839506166e-05	0.13848091661930084
12960	-2.131090	-1.979733	-1.901510	0.118708	0.138569	0.149343	0.05047225188463926	5.925925925925925e-05	0.13856863975524902
13080	-2.131937	-1.979840	-1.902649	0.118607	0.138566	0.149173	0.0504816522821784	3.9506172839506166e-05	0.1385652720928192
13200	-2.134893	-1.979824	-1.901674	0.118257	0.138582	0.149318	0.050475812144577505	5.925925925925925e-05	0.13858214020729065
13320	-2.135531	-1.979936	-1.899821	0.118182	0.138578	0.149595	0.05048470441251993	5.925925925925925e-05	0.1385786235332489
13440	-2.137728	-1.979505	-1.898875	0.117922	0.138648	0.149737	0.05045870169997215	3.9506172839506166e-05	0.13864682614803314
13560	-2.136541	-1.979261	-1.897397	0.118062	0.138692	0.149958	0.05042816624045372	2.6337448559670777e-05	0.13869228959083557
13680	-2.138175	-1.979461	-1.895439	0.117870	0.138676	0.150252	0.05045470856130123	3.9506172839506166e-05	0.13867494463920593
13800	-2.138105	-1.979043	-1.893433	0.117878	0.138743	0.150554	0.050416086055338385	3.9506172839506166e-05	0.1387423872947693
13920	-2.139644	-1.979115	-1.891928	0.117697	0.138746	0.150781	0.05041758082807064	3.9506172839506166e-05	0.13874486088752747
14040	-2.139100	-1.978891	-1.890000	0.117761	0.138785	0.151072	0.05039191525429487	5.925925925925925e-05	0.13878558576107025
14160	-2.139150	-1.978516	-1.890200	0.117755	0.138846	0.151042	0.05036969166249037	5.925925925925925e-05	0.1388440728187561
14280	-2.137315	-1.978172	-1.891663	0.117971	0.138901	0.150821	0.0503285201266408	3.9506172839506166e-05	0.13890105485916138
14400	-2.138042	-1.978225	-1.892420	0.117885	0.138898	0.150707	0.050340627878904344	3.9506172839506166e-05	0.13889747858047485
14520	-2.138283	-1.977646	-1.891503	0.117857	0.138991	0.150845	0.05029263142496347	5.925925925925925e-05	0.1389891356229782
14640	-2.140850	-1.977544	-1.889486	0.117555	0.139018	0.151150	0.05027466099709273	5.925925925925925e-05	0.1390182375907898
14760	-2.142672	-1.977001	-1.886610	0.117341	0.139109	0.151585	0.05023054871708155	5.925925925925925e-05	0.13910864293575287
14880	-2.145257	-1.976825	-1.885310	0.117038	0.139144	0.151782	0.050210736133158206	3.9506172839506166e-05	0.13914424180984497
15000	-2.147096	-1.976587	-1.883908	0.116823	0.139191	0.151995	0.050189701840281487	5.925925925925925e-05	0.1391904503107071
15120	-2.149901	-1.976385	-1.882749	0.116496	0.139230	0.152171	0.050166196562349795	5.925925925925925e-05	0.13923020660877228
15240	-2.153438	-1.976536	-1.883299	0.116084	0.139222	0.152088	0.050183911435306074	3.9506172839506166e-05	0.1392221450805664
15360	-2.153866	-1.976115	-1.881991	0.116035	0.139293	0.152287	0.05014427434653044	5.925925925925925e-05	0.13929305970668793
15480	-2.155394	-1.975867	-1.880727	0.115858	0.139337	0.152479	0.05011883247643709	3.9506172839506166e-05	0.1393374651670456
15600	-2.158577	-1.975853	-1.881603	0.115489	0.139354	0.152346	0.05012680795043707	5.925925925925925e-05	0.13935302197933197
15720	-2.158635	-1.975885	-1.880896	0.115483	0.139358	0.152453	0.05011913627386093	5.925925925925925e-05	0.13935887813568115
15840	-2.161046	-1.975819	-1.880378	0.115205	0.139380	0.152532	0.05011231899261474	3.9506172839506166e-05	0.13938075304031372
15960	-2.163363	-1.975979	-1.879549	0.114938	0.139373	0.152659	0.050136377476155757	5.925925925925925e-05	0.13937251269817352
16080	-2.165852	-1.975797	-1.877315	0.114652	0.139418	0.153000	0.050118073262274264	3.9506172839506166e-05	0.1394178718328476
16200	-2.168453	-1.975829	-1.875944	0.114354	0.139428	0.153210	0.0501247501000762	5.925925925925925e-05	0.13942642509937286
16320	-2.170016	-1.975525	-1.875069	0.114176	0.139485	0.153344	0.050094996206462385	3.9506172839506166e-05	0.13948479294776917
16440	-2.171587	-1.975346	-1.873374	0.113997	0.139531	0.153604	0.050074678100645545	5.925925925925925e-05	0.13953140377998352
16560	-2.174744	-1.975584	-1.872560	0.113637	0.139519	0.153730	0.05009915549308062	5.925925925925925e-05	0.1395178586244583
16680	-2.176487	-1.975437	-1.872812	0.113439	0.139549	0.153691	0.05008302107453346	2.6337448559670777e-05	0.13954947888851166
16800	-2.178326	-1.975441	-1.871888	0.113231	0.139565	0.153833	0.05008830670267343	3.9506172839506166e-05	0.13956499099731445
16920	-2.180856	-1.975433	-1.871207	0.112945	0.139583	0.153938	0.05008937437087298	3.9506172839506166e-05	0.13958175480365753
17040	-2.182668	-1.975285	-1.870955	0.112740	0.139619	0.153977	0.05007176660001278	5.925925925925925e-05	0.13961899280548096
17160	-2.184439	-1.974839	-1.869745	0.112541	0.139696	0.154163	0.05002749878913164	5.925925925925925e-05	0.13969704508781433
17280	-2.186526	-1.975178	-1.867343	0.112306	0.139662	0.154534	0.05006517693400383	3.9506172839506166e-05	0.13966138660907745
17400	-2.188236	-1.974848	-1.866943	0.112114	0.139727	0.154596	0.05003452245146036	3.9506172839506166e-05	0.13972632586956024
17520	-2.190413	-1.974379	-1.865260	0.111871	0.139809	0.154856	0.049993084743618965	3.9506172839506166e-05	0.1398085057735443
17640	-2.194121	-1.974106	-1.863460	0.111457	0.139864	0.155135	0.049966965802013874	5.925925925925925e-05	0.1398637443780899
17760	-2.198621	-1.973541	-1.863116	0.110956	0.139964	0.155188	0.04992111697793007	5.925925925925925e-05	0.13996341824531555
17880	-2.201651	-1.973515	-1.865935	0.110620	0.139978	0.154751	0.04991203714162111	5.925925925925925e-05	0.13997747004032135
18000	-2.205768	-1.973728	-1.865058	0.110166	0.139961	0.154887	0.04992370121181011	5.925925925925925e-05	0.13996179401874542
18120	-2.207451	-1.973675	-1.864655	0.109981	0.139977	0.154950	0.04993120711296797	5.925925925925925e-05	0.13997621834278107
18240	-2.208944	-1.973620	-1.864104	0.109817	0.139993	0.155035	0.04992024898529053	5.925925925925925e-05	0.1399928331375122
18360	-2.212099	-1.973436	-1.863768	0.109471	0.140035	0.155087	0.04991078767925501	5.925925925925925e-05	0.14003372192382812
18480	-2.215073	-1.972663	-1.861414	0.109146	0.140163	0.155453	0.049834420531988145	5.925925925925925e-05	0.14016367495059967
18600	-2.217008	-1.972227	-1.858178	0.108935	0.140244	0.155957	0.04979540165513754	5.925925925925925e-05	0.14024391770362854
18720	-2.219514	-1.972476	-1.858145	0.108662	0.140222	0.155962	0.04982862528413534	5.925925925925925e-05	0.14021968841552734
18840	-2.222767	-1.972363	-1.856521	0.108309	0.140262	0.156215	0.049805638194084165	5.925925925925925e-05	0.14026224613189697
18960	-2.226073	-1.972094	-1.855307	0.107951	0.140316	0.156405	0.049790716357529165	5.925925925925925e-05	0.1403150111436844
19080	-2.227395	-1.971771	-1.852608	0.107809	0.140368	0.156828	0.049754214100539686	3.9506172839506166e-05	0.14036774635314941
19200	-2.229425	-1.972136	-1.851763	0.107590	0.140332	0.156960	0.04978556651622057	3.9506172839506166e-05	0.14033183455467224
19320	-2.233603	-1.972151	-1.851846	0.107142	0.140345	0.156947	0.04978556986898184	3.9506172839506166e-05	0.14034594595432281
19440	-2.235411	-1.971603	-1.851498	0.106948	0.140436	0.157002	0.04974271897226572	5.925925925925925e-05	0.14043499529361725
19560	-2.238487	-1.971494	-1.850918	0.106620	0.140471	0.157093	0.04973285421729088	5.925925925925925e-05	0.14046965539455414
19680	-2.240910	-1.971446	-1.849528	0.106362	0.140490	0.157311	0.049722643382847306	5.925925925925925e-05	0.1404896080493927
19800	-2.243600	-1.971120	-1.847408	0.106076	0.140552	0.157645	0.049699475057423115	3.9506172839506166e-05	0.14055179059505463
19920	-2.246096	-1.970862	-1.848709	0.105811	0.140603	0.157440	0.04967402052134275	3.9506172839506166e-05	0.14060303568840027
20040	-2.246642	-1.970202	-1.847455	0.105754	0.140708	0.157638	0.04961682073771954	5.925925925925925e-05	0.14070773124694824
20160	-2.249789	-1.970276	-1.847638	0.105421	0.140710	0.157609	0.04961555488407612	3.9506172839506166e-05	0.14071032404899597
20280	-2.252396	-1.969891	-1.848127	0.105147	0.140769	0.157532	0.049599604681134224	3.9506172839506166e-05	0.14076672494411469
20400	-2.254276	-1.969218	-1.847545	0.104949	0.140878	0.157624	0.04953246247023344	2.6337448559670777e-05	0.14087718725204468
20520	-2.255975	-1.969113	-1.846616	0.104771	0.140906	0.157770	0.049520109221339224	5.925925925925925e-05	0.14090539515018463
20640	-2.259473	-1.969059	-1.845112	0.104405	0.140931	0.158008	0.04951290227472782	2.6337448559670777e-05	0.1409301608800888
20760	-2.261216	-1.969043	-1.845793	0.104224	0.140947	0.157900	0.04950917195528746	5.925925925925925e-05	0.14094629883766174
20880	-2.265310	-1.968905	-1.844809	0.103798	0.140985	0.158055	0.049500043876469134	3.9506172839506166e-05	0.14098478853702545
21000	-2.269233	-1.968999	-1.843961	0.103391	0.140989	0.158190	0.04950418211519718	5.925925925925925e-05	0.14098912477493286
21120	-2.271116	-1.968813	-1.841725	0.103197	0.141039	0.158544	0.04948745258152485	5.925925925925925e-05	0.14103828370571136
21240	-2.274481	-1.968547	-1.840498	0.102850	0.141102	0.158738	0.04946211073547602	5.925925925925925e-05	0.14110209047794342
21360	-2.278970	-1.968683	-1.840952	0.102390	0.141100	0.158666	0.04947193302214146	5.925925925925925e-05	0.14110037684440613
21480	-2.281730	-1.967925	-1.838112	0.102107	0.141230	0.159117	0.049411354959011076	3.9506172839506166e-05	0.14122943580150604
21600	-2.283744	-1.967714	-1.837474	0.101902	0.141278	0.159219	0.04939044676721096	3.9506172839506166e-05	0.14127741754055023
21720	-2.286358	-1.967294	-1.836835	0.101636	0.141361	0.159321	0.04935809746384621	5.925925925925925e-05	0.14135995507240295
21840	-2.288080	-1.966958	-1.835648	0.101461	0.141424	0.159510	0.04932652954012155	3.9506172839506166e-05	0.14142249524593353
21960	-2.292565	-1.966640	-1.834723	0.101007	0.141485	0.159658	0.04929099678993225	5.925925925925925e-05	0.1414855569601059
22080	-2.296530	-1.966411	-1.833632	0.100607	0.141540	0.159832	0.04927670285105705	5.925925925925925e-05	0.14153926074504852
22200	-2.298968	-1.966207	-1.832463	0.100362	0.141588	0.160019	0.049261062406003475	3.9506172839506166e-05	0.14158684015274048
22320	-2.301796	-1.965289	-1.832106	0.100079	0.141735	0.160076	0.04917971212416887	3.9506172839506166e-05	0.14173497259616852
22440	-2.305463	-1.964905	-1.831031	0.099713	0.141808	0.160248	0.04914260283112526	5.925925925925925e-05	0.14180722832679749
22560	-2.306494	-1.964164	-1.829444	0.099610	0.141927	0.160503	0.049074493534863	5.925925925925925e-05	0.14192651212215424
22680	-2.308392	-1.963110	-1.827332	0.099421	0.142099	0.160842	0.048996413312852385	5.925925925925925e-05	0.14209571480751038
22800	-2.310136	-1.962575	-1.826481	0.099248	0.142191	0.160979	0.048927734605968	3.9506172839506166e-05	0.14219065010547638
22920	-2.311077	-1.962136	-1.825318	0.099154	0.142274	0.161166	0.04889747239649296	5.925925925925925e-05	0.1422717124223709
23040	-2.313191	-1.961488	-1.824681	0.098945	0.142380	0.161269	0.04883979801088571	3.9506172839506166e-05	0.1423782855272293
23160	-2.315502	-1.960409	-1.822454	0.098717	0.142550	0.161629	0.04873796328902245	5.925925925925925e-05	0.14254941046237946
23280	-2.317715	-1.960202	-1.822158	0.098498	0.142596	0.161677	0.04871974978595972	3.9506172839506166e-05	0.14259523153305054
23400	-2.320528	-1.960116	-1.820656	0.098222	0.142631	0.161919	0.04870246537029743	3.9506172839506166e-05	0.14263159036636353
23520	-2.320567	-1.959157	-1.818743	0.098218	0.142785	0.162230	0.04862942341715097	5.925925925925925e-05	0.14278317987918854
23640	-2.322874	-1.958985	-1.819103	0.097992	0.142826	0.162171	0.0486097626388073	2.6337448559670777e-05	0.14282523095607758
23760	-2.324713	-1.958625	-1.819029	0.097811	0.142894	0.162183	0.04857533723115921	5.925925925925925e-05	0.14289328455924988
23880	-2.325145	-1.958103	-1.817533	0.097769	0.142980	0.162426	0.04853174053132534	5.925925925925925e-05	0.14297910034656525
24000	-2.328851	-1.957971	-1.815920	0.097408	0.143025	0.162688	0.04851542543619871	5.925925925925925e-05	0.14302483201026917
24120	-2.330916	-1.957630	-1.815031	0.097207	0.143091	0.162833	0.04848534818738699	5.925925925925925e-05	0.14309020340442657
24240	-2.334298	-1.957261	-1.814831	0.096878	0.143163	0.162865	0.04844517260789871	3.9506172839506166e-05	0.14316341280937195
24360	-2.338153	-1.957195	-1.814875	0.096506	0.143191	0.162858	0.04844949338585138	3.9506172839506166e-05	0.14318954944610596
24480	-2.340407	-1.956417	-1.813504	0.096288	0.143321	0.163082	0.048380591161549094	5.925925925925925e-05	0.14332015812397003
24600	-2.342856	-1.955906	-1.812165	0.096053	0.143407	0.163300	0.048331772349774836	2.6337448559670777e-05	0.1434067040681839
24720	-2.344693	-1.955629	-1.810161	0.095877	0.143466	0.163628	0.0483111385256052	3.9506172839506166e-05	0.1434648483991623
24840	-2.347795	-1.955581	-1.808845	0.095580	0.143495	0.163843	0.04830113276839256	5.925925925925925e-05	0.14349351823329926
24960	-2.351749	-1.955212	-1.808844	0.095202	0.143566	0.163843	0.048269675485789774	5.925925925925925e-05	0.14356516301631927
25080	-2.353392	-1.955181	-1.806442	0.095046	0.143583	0.164237	0.04826019499450922	5.925925925925925e-05	0.14358346164226532
25200	-2.355843	-1.954690	-1.806767	0.094814	0.143664	0.164184	0.04823167975991964	5.925925925925925e-05	0.14366182684898376
25320	-2.358316	-1.954243	-1.805148	0.094579	0.143735	0.164450	0.04817572422325611	3.9506172839506166e-05	0.1437348574399948
25440	-2.359491	-1.953651	-1.805060	0.094468	0.143834	0.164465	0.04812292084097862	3.9506172839506166e-05	0.14383378624916077
25560	-2.361905	-1.953584	-1.804871	0.094241	0.143858	0.164496	0.04811698142439127	5.925925925925925e-05	0.1438583880662918
25680	-2.365341	-1.953393	-1.804836	0.093917	0.143906	0.164502	0.04810718446969986	5.925925925925925e-05	0.14390474557876587
25800	-2.367171	-1.952868	-1.803841	0.093746	0.143994	0.164665	0.048059743642807004	3.9506172839506166e-05	0.14399287104606628
25920	-2.368798	-1.951964	-1.803705	0.093593	0.144138	0.164688	0.047980469092726706	3.9506172839506166e-05	0.1441362202167511
26040	-2.370005	-1.951502	-1.802489	0.093480	0.144215	0.164888	0.04793544095009565	3.9506172839506166e-05	0.14421454071998596
26160	-2.371830	-1.950837	-1.801359	0.093310	0.144318	0.165074	0.04787311777472496	5.925925925925925e-05	0.1443173736333847
26280	-2.374822	-1.950359	-1.799640	0.093031	0.144412	0.165358	0.04783512447029352	5.925925925925925e-05	0.14441049098968506
26400	-2.377880	-1.950007	-1.797253	0.092747	0.144488	0.165754	0.047793169505894184	3.9506172839506166e-05	0.14448831975460052
26520	-2.379858	-1.949455	-1.795627	0.092564	0.144586	0.166023	0.047754107229411605	3.9506172839506166e-05	0.14458467066287994
26640	-2.380024	-1.948551	-1.793629	0.092548	0.144724	0.166355	0.04766891170293093	3.9506172839506166e-05	0.1447233110666275
26760	-2.381732	-1.948046	-1.792172	0.092390	0.144817	0.166598	0.04762017093598843	5.925925925925925e-05	0.1448163539171219
26880	-2.383106	-1.947635	-1.790713	0.092264	0.144882	0.166841	0.04758934732526541	3.9506172839506166e-05	0.14488108456134796
27000	-2.384068	-1.946718	-1.789762	0.092175	0.145019	0.167000	0.04750599097460508	5.925925925925925e-05	0.145018070936203
27120	-2.386317	-1.946531	-1.789305	0.091968	0.145070	0.167076	0.04748603031039238	3.9506172839506166e-05	0.1450689435005188
27240	-2.390012	-1.945954	-1.787455	0.091629	0.145172	0.167386	0.04744070097804069	5.925925925925925e-05	0.14517071843147278
27360	-2.390962	-1.945567	-1.786723	0.091542	0.145241	0.167508	0.04739811550825834	3.9506172839506166e-05	0.14524097740650177
27480	-2.392236	-1.945058	-1.785183	0.091425	0.145332	0.167766	0.047355486825108525	5.925925925925925e-05	0.14533045887947083
27600	-2.394113	-1.944849	-1.784714	0.091254	0.145380	0.167845	0.04733737800270319	5.925925925925925e-05	0.14537937939167023
27720	-2.396681	-1.944414	-1.783710	0.091020	0.145463	0.168014	0.04729600939899683	5.925925925925925e-05	0.1454622745513916
27840	-2.399534	-1.944198	-1.783617	0.090760	0.145513	0.168029	0.047278222627937794	5.925925925925925e-05	0.14551199972629547
27960	-2.403274	-1.943888	-1.783599	0.090421	0.145584	0.168032	0.04724714513868093	5.925925925925925e-05	0.14558270573616028
28080	-2.405432	-1.943460	-1.783476	0.090227	0.145661	0.168053	0.04721165522933006	3.9506172839506166e-05	0.14566023647785187
28200	-2.406190	-1.942777	-1.783137	0.090158	0.145770	0.168110	0.04714946858584881	5.925925925925925e-05	0.1457694172859192
28320	-2.405276	-1.942399	-1.783214	0.090241	0.145834	0.168097	0.04711443074047565	5.925925925925925e-05	0.14583352208137512
28440	-2.408183	-1.941903	-1.782079	0.089979	0.145917	0.168288	0.047065387666225436	3.9506172839506166e-05	0.14591749012470245
28560	-2.410973	-1.941391	-1.779955	0.089728	0.146014	0.168646	0.04702209439128637	3.9506172839506166e-05	0.1460135281085968
28680	-2.410609	-1.940553	-1.780105	0.089761	0.146149	0.168620	0.04695355128496885	5.925925925925925e-05	0.146148219704628
28800	-2.414486	-1.939951	-1.779772	0.089413	0.146275	0.168677	0.046889784000813964	3.9506172839506166e-05	0.14627514779567719
28920	-2.416560	-1.939588	-1.778121	0.089228	0.146347	0.168955	0.04686342868953943	5.925925925925925e-05	0.14634615182876587
29040	-2.416905	-1.938525	-1.777229	0.089197	0.146513	0.169106	0.04677150044590235	5.925925925925925e-05	0.146511048078537
29160	-2.420146	-1.937814	-1.776713	0.088909	0.146639	0.169193	0.04670432545244694	3.9506172839506166e-05	0.14663849771022797
29280	-2.421276	-1.937436	-1.775341	0.088808	0.146707	0.169426	0.046666442416608334	5.925925925925925e-05	0.14670665562152863
29400	-2.422206	-1.936686	-1.772805	0.088726	0.146834	0.169856	0.046601233445107935	3.9506172839506166e-05	0.1468329280614853
29520	-2.424409	-1.936559	-1.771216	0.088530	0.146880	0.170126	0.04658828992396593	5.925925925925925e-05	0.1468796283006668
29640	-2.423460	-1.936260	-1.769949	0.088615	0.146936	0.170342	0.046569699235260484	3.9506172839506166e-05	0.14693371951580048
29760	-2.424986	-1.935980	-1.768359	0.088479	0.146996	0.170613	0.04653073363006115	5.925925925925925e-05	0.14699648320674896
29880	-2.427301	-1.935946	-1.768476	0.088275	0.147028	0.170593	0.046533649787306786	2.6337448559670777e-05	0.14702728390693665
30000	-2.429250	-1.935236	-1.766582	0.088103	0.147151	0.170916	0.04647242929786444	5.925925925925925e-05	0.14715038239955902
30120	-2.431881	-1.934628	-1.765717	0.087871	0.147263	0.171064	0.04640977531671524	5.925925925925925e-05	0.147263303399086
30240	-2.436605	-1.934778	-1.764569	0.087457	0.147277	0.171261	0.04642674550414085	5.925925925925925e-05	0.1472765952348709
30360	-2.438710	-1.934448	-1.764772	0.087273	0.147335	0.171226	0.046400046534836294	2.6337448559670777e-05	0.14733414351940155
30480	-2.440977	-1.934210	-1.763598	0.087076	0.147386	0.171427	0.04636921305209398	5.925925925925925e-05	0.14738696813583374
30600	-2.444813	-1.934135	-1.762548	0.086742	0.147428	0.171607	0.046371426060795785	5.925925925925925e-05	0.14742694795131683
30720	-2.446653	-1.933820	-1.762209	0.086583	0.147493	0.171665	0.04634163957089186	5.925925925925925e-05	0.14749225974082947
30840	-2.448510	-1.933246	-1.760691	0.086422	0.147608	0.171926	0.046295523270964624	5.925925925925925e-05	0.14760665595531464
30960	-2.450544	-1.932587	-1.758293	0.086247	0.147734	0.172339	0.046226566284894945	5.925925925925925e-05	0.1477348357439041
31080	-2.452351	-1.932429	-1.756776	0.086091	0.147773	0.172600	0.046218224614858625	3.9506172839506166e-05	0.14777180552482605
31200	-2.454769	-1.932665	-1.756462	0.085883	0.147755	0.172655	0.046233837865293025	3.9506172839506166e-05	0.1477544754743576
31320	-2.457743	-1.932337	-1.756170	0.085628	0.147826	0.172705	0.046208017878234385	3.9506172839506166e-05	0.14782515168190002
31440	-2.459695	-1.931820	-1.754221	0.085461	0.147922	0.173042	0.04616277869790793	5.925925925925925e-05	0.14792075753211975
31560	-2.462095	-1.931849	-1.753447	0.085256	0.147940	0.173176	0.04616835135966539	5.925925925925925e-05	0.14793837070465088
31680	-2.464937	-1.931323	-1.751221	0.085014	0.148037	0.173562	0.04612545128911734	3.9506172839506166e-05	0.14803436398506165
31800	-2.466172	-1.930548	-1.749037	0.084909	0.148172	0.173941	0.04605187084525823	3.9506172839506166e-05	0.148171067237854
31920	-2.468482	-1.930404	-1.746484	0.084713	0.148212	0.174386	0.04603854026645422	5.925925925925925e-05	0.14821073412895203
32040	-2.469559	-1.929787	-1.743462	0.084622	0.148324	0.174914	0.04598237369209528	3.9506172839506166e-05	0.14832334220409393
32160	-2.470780	-1.929622	-1.742182	0.084519	0.148363	0.175138	0.04596486762166023	3.9506172839506166e-05	0.14836251735687256
32280	-2.474094	-1.929322	-1.740297	0.084239	0.148436	0.175468	0.045937801152467726	2.6337448559670777e-05	0.14843621850013733
32400	-2.476282	-1.928627	-1.737943	0.084055	0.148563	0.175882	0.045879588834941386	1.7558299039780518e-05	0.14856241643428802
32520	-2.478173	-1.928195	-1.737200	0.083896	0.148644	0.176013	0.04583778567612171	3.9506172839506166e-05	0.1486433744430542
32640	-2.479693	-1.928003	-1.736856	0.083769	0.148683	0.176073	0.04581783507019281	5.925925925925925e-05	0.14868256449699402
32760	-2.482390	-1.927454	-1.736745	0.083543	0.148784	0.176093	0.045768903382122514	3.9506172839506166e-05	0.1487833708524704
32880	-2.484361	-1.926921	-1.735782	0.083379	0.148876	0.176262	0.045720900781452654	3.9506172839506166e-05	0.1488754153251648
33000	-2.487438	-1.926465	-1.733912	0.083123	0.148963	0.176592	0.04568821787834167	5.925925925925925e-05	0.14896106719970703
33120	-2.487896	-1.925787	-1.734428	0.083085	0.149081	0.176501	0.04562351144850254	5.925925925925925e-05	0.14907966554164886
33240	-2.488506	-1.925414	-1.734121	0.083034	0.149148	0.176555	0.04558249823749065	5.925925925925925e-05	0.14914806187152863
33360	-2.490154	-1.924820	-1.733511	0.082897	0.149244	0.176663	0.04553170967847109	3.9506172839506166e-05	0.1492433249950409
33480	-2.491408	-1.924028	-1.732213	0.082793	0.149379	0.176892	0.04546479396522045	2.6337448559670777e-05	0.14937818050384521
33600	-2.493218	-1.923399	-1.731310	0.082644	0.149491	0.177052	0.04540535621345043	3.9506172839506166e-05	0.1494903266429901
33720	-2.494438	-1.922995	-1.731350	0.082543	0.149560	0.177045	0.04536944292485714	3.9506172839506166e-05	0.14955894649028778
33840	-2.494421	-1.922537	-1.730903	0.082544	0.149644	0.177124	0.045332078263163565	5.925925925925925e-05	0.14964206516742706
33960	-2.495160	-1.922065	-1.729767	0.082483	0.149732	0.177326	0.04527968373149634	5.925925925925925e-05	0.1497320979833603
34080	-2.498558	-1.922215	-1.727569	0.082203	0.149730	0.177716	0.04530381988734007	5.925925925925925e-05	0.1497281789779663
34200	-2.500087	-1.921454	-1.727744	0.082078	0.149864	0.177685	0.04522894639521837	3.9506172839506166e-05	0.14986345171928406
34320	-2.502223	-1.921034	-1.726596	0.081903	0.149940	0.177889	0.045198318734765056	5.925925925925925e-05	0.14993850886821747
34440	-2.503572	-1.920322	-1.725825	0.081792	0.150064	0.178026	0.04512801505625248	3.9506172839506166e-05	0.15006330609321594
34560	-2.506801	-1.919972	-1.726331	0.081529	0.150139	0.177936	0.045096369460225105	3.9506172839506166e-05	0.1501387357711792
34680	-2.510536	-1.919218	-1.724055	0.081225	0.150281	0.178342	0.04503726344555616	5.925925925925925e-05	0.15027830004692078
34800	-2.512935	-1.918504	-1.721909	0.081030	0.150409	0.178725	0.044962518662214276	3.9506172839506166e-05	0.1504087746143341
34920	-2.513784	-1.918011	-1.720291	0.080961	0.150503	0.179014	0.04491961225867271	5.925925925925925e-05	0.1505030244588852
35040	-2.516493	-1.917792	-1.718615	0.080742	0.150554	0.179314	0.044894611649215224	3.9506172839506166e-05	0.15055426955223083
35160	-2.517749	-1.917206	-1.716622	0.080641	0.150657	0.179672	0.0448472797870636	5.925925925925925e-05	0.1506568044424057
35280	-2.521200	-1.917148	-1.715789	0.080363	0.150685	0.179822	0.04483802542090416	3.9506172839506166e-05	0.15068519115447998
35400	-2.522286	-1.916649	-1.715705	0.080276	0.150769	0.179837	0.044803427159786226	5.925925925925925e-05	0.15076713263988495
35520	-2.523408	-1.916096	-1.715952	0.080186	0.150868	0.179792	0.044750878028571604	3.9506172839506166e-05	0.15086732804775238
35640	-2.523939	-1.916043	-1.714362	0.080143	0.150896	0.180079	0.04474281389266253	5.925925925925925e-05	0.15089456737041473
35760	-2.526365	-1.915705	-1.713337	0.079949	0.150965	0.180263	0.044710435159504416	3.9506172839506166e-05	0.15096484124660492
35880	-2.525826	-1.915539	-1.712394	0.079992	0.151000	0.180433	0.044697330333292484	3.9506172839506166e-05	0.15099972486495972
36000	-2.526552	-1.915465	-1.711944	0.079934	0.151024	0.180514	0.04469060990959406	3.9506172839506166e-05	0.1510234773159027
36120	-2.528064	-1.915480	-1.711416	0.079813	0.151033	0.180610	0.0446927459910512	5.925925925925925e-05	0.15103161334991455
36240	-2.529303	-1.915002	-1.709611	0.079715	0.151119	0.180936	0.044652550294995305	3.9506172839506166e-05	0.15111738443374634
36360	-2.528914	-1.914470	-1.710181	0.079746	0.151203	0.180833	0.04460130408406258	3.9506172839506166e-05	0.1512022614479065
36480	-2.529956	-1.914293	-1.707207	0.079663	0.151245	0.181372	0.044586014747619626	3.9506172839506166e-05	0.15124426782131195
36600	-2.530347	-1.913639	-1.706000	0.079631	0.151369	0.181591	0.044525745883584024	3.9506172839506166e-05	0.15136870741844177
36720	-2.531810	-1.913139	-1.704649	0.079515	0.151468	0.181836	0.044479014351964	2.6337448559670777e-05	0.15146729350090027
36840	-2.532143	-1.913072	-1.704605	0.079488	0.151492	0.181844	0.04446918722242117	3.9506172839506166e-05	0.15149229764938354
36960	-2.534965	-1.913266	-1.704807	0.079264	0.151490	0.181808	0.0444881871342659	2.6337448559670777e-05	0.15149033069610596
37080	-2.536433	-1.912804	-1.702963	0.079148	0.151569	0.182143	0.04444913938641548	3.9506172839506166e-05	0.1515684425830841
37200	-2.538438	-1.912506	-1.702006	0.078990	0.151630	0.182317	0.044422734342515466	3.9506172839506166e-05	0.1516299843788147
37320	-2.539706	-1.912245	-1.701817	0.078890	0.151690	0.182352	0.044400330260396005	3.9506172839506166e-05	0.15168949961662292
37440	-2.541072	-1.912236	-1.700734	0.078782	0.151712	0.182549	0.044395004771649836	3.9506172839506166e-05	0.15171203017234802
37560	-2.542034	-1.911786	-1.700012	0.078706	0.151795	0.182681	0.04435933493077755	3.9506172839506166e-05	0.1517939418554306
37680	-2.543769	-1.911347	-1.699637	0.078570	0.151877	0.182750	0.04432319849729538	5.925925925925925e-05	0.1518763154745102
37800	-2.544676	-1.910754	-1.698854	0.078498	0.151979	0.182893	0.04426454734057188	3.9506172839506166e-05	0.15197911858558655
37920	-2.545909	-1.910237	-1.697342	0.078402	0.152072	0.183170	0.04422514531761408	5.925925925925925e-05	0.15207062661647797
38040	-2.547423	-1.909671	-1.694916	0.078283	0.152182	0.183615	0.0441700704395771	3.9506172839506166e-05	0.1521816849708557
38160	-2.546777	-1.908880	-1.691992	0.078334	0.152315	0.184152	0.04410160668194294	2.6337448559670777e-05	0.1523139625787735
38280	-2.548523	-1.908846	-1.690363	0.078197	0.152338	0.184453	0.04409679714590311	3.9506172839506166e-05	0.15233734250068665
38400	-2.549211	-1.908530	-1.689371	0.078143	0.152401	0.184636	0.04406664837151766	3.9506172839506166e-05	0.1524001657962799
38520	-2.550453	-1.908034	-1.687315	0.078046	0.152495	0.185016	0.04401847030967474	3.9506172839506166e-05	0.1524949073791504
38640	-2.552051	-1.908016	-1.688259	0.077922	0.152517	0.184841	0.04401904679834843	3.9506172839506166e-05	0.15251657366752625
38760	-2.553699	-1.908117	-1.688870	0.077793	0.152506	0.184728	0.04402685817331076	3.9506172839506166e-05	0.1525062769651413
38880	-2.554410	-1.908062	-1.688869	0.077738	0.152520	0.184728	0.04402515403926373	3.9506172839506166e-05	0.15251976251602173
39000	-2.556284	-1.907639	-1.688149	0.077593	0.152596	0.184861	0.04398383181542158	3.9506172839506166e-05	0.15259581804275513
39120	-2.557925	-1.906775	-1.685529	0.077465	0.152748	0.185346	0.04391715228557587	2.6337448559670777e-05	0.1527460813522339
39240	-2.558698	-1.906645	-1.684719	0.077405	0.152777	0.185497	0.04389443695545196	3.9506172839506166e-05	0.15277701616287231
39360	-2.560535	-1.906627	-1.682760	0.077263	0.152794	0.185860	0.04389483798295259	2.6337448559670777e-05	0.15279404819011688
39480	-2.563817	-1.906630	-1.681497	0.077010	0.152811	0.186095	0.043888002447783944	3.9506172839506166e-05	0.15281087160110474
39600	-2.565248	-1.906284	-1.679949	0.076900	0.152883	0.186383	0.04385996535420418	3.9506172839506166e-05	0.15288278460502625
39720	-2.567749	-1.905800	-1.680204	0.076708	0.152975	0.186336	0.04381610881537199	3.9506172839506166e-05	0.1529746800661087
39840	-2.568562	-1.905628	-1.680544	0.076646	0.153012	0.186273	0.043804587237536906	3.9506172839506166e-05	0.15301139652729034
39960	-2.570415	-1.905532	-1.681190	0.076504	0.153048	0.186152	0.043799595162272456	5.925925925925925e-05	0.1530463993549347
40080	-2.572458	-1.905206	-1.679515	0.076348	0.153122	0.186464	0.04376042541116476	5.925925925925925e-05	0.15312260389328003
40200	-2.574284	-1.904966	-1.678630	0.076208	0.153183	0.186629	0.043744686618447305	3.9506172839506166e-05	0.15318305790424347
40320	-2.576636	-1.904707	-1.677767	0.076029	0.153241	0.186791	0.043724828585982325	3.9506172839506166e-05	0.15323999524116516
40440	-2.577966	-1.904096	-1.674657	0.075928	0.153352	0.187372	0.04367131609469652	3.9506172839506166e-05	0.15335023403167725
40560	-2.579191	-1.903584	-1.674067	0.075835	0.153450	0.187483	0.04362399894744158	5.925925925925925e-05	0.1534489542245865
40680	-2.582066	-1.903096	-1.672500	0.075618	0.153563	0.187777	0.04357689451426268	3.9506172839506166e-05	0.15356209874153137
40800	-2.583983	-1.902735	-1.672906	0.075473	0.153641	0.187701	0.04354401733726263	2.6337448559670777e-05	0.15364037454128265
40920	-2.586236	-1.902488	-1.672655	0.075303	0.153709	0.187748	0.043518142960965636	5.925925925925925e-05	0.15370874106884003
41040	-2.587440	-1.902001	-1.671867	0.075212	0.153809	0.187896	0.04348096586763859	3.9506172839506166e-05	0.15380828082561493
41160	-2.589023	-1.901584	-1.672118	0.075093	0.153905	0.187849	0.043441702239215375	3.9506172839506166e-05	0.15390470623970032
41280	-2.590792	-1.901318	-1.671663	0.074961	0.153958	0.187934	0.043419072031974794	5.925925925925925e-05	0.15395602583885193
41400	-2.590034	-1.900978	-1.671956	0.075017	0.154015	0.187879	0.04338644910603762	5.925925925925925e-05	0.1540142297744751
41520	-2.591512	-1.901064	-1.672416	0.074907	0.154031	0.187793	0.043391726724803445	3.9506172839506166e-05	0.1540309488773346
41640	-2.592991	-1.900756	-1.670394	0.074796	0.154112	0.188173	0.043369980342686174	3.9506172839506166e-05	0.1541111320257187
41760	-2.595326	-1.900351	-1.670447	0.074622	0.154195	0.188163	0.04333287682384253	3.9506172839506166e-05	0.1541939079761505
41880	-2.594539	-1.899815	-1.670378	0.074680	0.154288	0.188176	0.043283462338149545	2.6337448559670777e-05	0.15428774058818817
42000	-2.593440	-1.899287	-1.670184	0.074762	0.154375	0.188212	0.043238382413983346	5.925925925925925e-05	0.15437357127666473
42120	-2.595185	-1.898950	-1.669701	0.074632	0.154460	0.188303	0.04321115389466286	5.925925925925925e-05	0.15445804595947266
42240	-2.596381	-1.898219	-1.668610	0.074543	0.154599	0.188509	0.043140961416065694	5.925925925925925e-05	0.15459725260734558
42360	-2.598227	-1.897759	-1.669394	0.074405	0.154686	0.188361	0.04309981968253851	3.9506172839506166e-05	0.1546856015920639
42480	-2.599720	-1.897411	-1.667196	0.074294	0.154759	0.188776	0.04306448511779308	3.9506172839506166e-05	0.1547590047121048
42600	-2.601407	-1.896843	-1.666068	0.074169	0.154870	0.188989	0.04301664587110281	3.9506172839506166e-05	0.154868945479393
42720	-2.605011	-1.896399	-1.665515	0.073902	0.154966	0.189093	0.04297704380005598	3.9506172839506166e-05	0.1549653857946396
42840	-2.608640	-1.896157	-1.664149	0.073635	0.155044	0.189352	0.04294954314827919	3.9506172839506166e-05	0.15504395961761475
42960	-2.609295	-1.896064	-1.664958	0.073586	0.155075	0.189199	0.042940040677785875	3.9506172839506166e-05	0.1550752818584442
43080	-2.610121	-1.895905	-1.664039	0.073526	0.155108	0.189373	0.04292673021554947	3.9506172839506166e-05	0.155107781291008
43200	-2.611285	-1.895447	-1.663574	0.073440	0.155197	0.189461	0.04289143029600382	5.925925925925925e-05	0.15519563853740692
43320	-2.612157	-1.895489	-1.662478	0.073376	0.155202	0.189668	0.042890187539160254	5.925925925925925e-05	0.15520131587982178
43440	-2.613243	-1.894788	-1.661193	0.073296	0.155325	0.189912	0.042835718020796776	5.925925925925925e-05	0.15532352030277252
43560	-2.613714	-1.894730	-1.660449	0.073262	0.155352	0.190054	0.042821270786225794	5.925925925925925e-05	0.1553511917591095
43680	-2.614407	-1.894340	-1.660553	0.073211	0.155427	0.190034	0.04278834369033575	3.9506172839506166e-05	0.1554262340068817
43800	-2.615174	-1.894112	-1.661386	0.073155	0.155467	0.189876	0.04276575427502394	3.9506172839506166e-05	0.15546686947345734
43920	-2.616655	-1.894119	-1.662996	0.073047	0.155474	0.189570	0.04276661556214094	3.9506172839506166e-05	0.1554737091064453
44040	-2.617978	-1.894034	-1.662631	0.072950	0.155498	0.189639	0.04276215080171823	3.9506172839506166e-05	0.15549732744693756
44160	-2.619228	-1.893439	-1.661176	0.072859	0.155605	0.189916	0.04271365515887737	3.9506172839506166e-05	0.15560290217399597
44280	-2.619829	-1.893128	-1.660571	0.072815	0.155658	0.190030	0.042683147452771665	5.925925925925925e-05	0.15565671026706696
44400	-2.619671	-1.892404	-1.660343	0.072827	0.155779	0.190074	0.04261462949216366	3.9506172839506166e-05	0.15577831864356995
44520	-2.619630	-1.891891	-1.660232	0.072830	0.155878	0.190095	0.042568964511156084	3.9506172839506166e-05	0.1558769941329956
44640	-2.618803	-1.891395	-1.658470	0.072890	0.155966	0.190430	0.04252678956836462	3.9506172839506166e-05	0.15596513450145721
44760	-2.618027	-1.891056	-1.658883	0.072947	0.156026	0.190351	0.042495834082365035	3.9506172839506166e-05	0.1560250222682953
44880	-2.618677	-1.890634	-1.659721	0.072899	0.156108	0.190192	0.042453926615417005	2.6337448559670777e-05	0.1561076045036316
45000	-2.619061	-1.890334	-1.658220	0.072871	0.156170	0.190478	0.04242915399372578	3.9506172839506166e-05	0.1561693251132965
45120	-2.620524	-1.889921	-1.657122	0.072765	0.156255	0.190687	0.04239213429391384	3.9506172839506166e-05	0.15625451505184174
45240	-2.621244	-1.889307	-1.655935	0.072712	0.156364	0.190913	0.0423395873978734	3.9506172839506166e-05	0.15636302530765533
45360	-2.621964	-1.889198	-1.655002	0.072660	0.156394	0.191092	0.04231943916529417	2.6337448559670777e-05	0.1563943773508072
45480	-2.622160	-1.888789	-1.655975	0.072646	0.156476	0.190906	0.042284277454018596	3.9506172839506166e-05	0.15647657215595245
45600	-2.622534	-1.888644	-1.654244	0.072619	0.156512	0.191237	0.042279358766973016	3.9506172839506166e-05	0.15651044249534607
45720	-2.623653	-1.888194	-1.653752	0.072537	0.156615	0.191331	0.04222759902477265	5.925925925925925e-05	0.15661515295505524
45840	-2.624429	-1.887930	-1.650040	0.072481	0.156676	0.192042	0.04221085924655199	3.9506172839506166e-05	0.15667513012886047
45960	-2.624980	-1.887557	-1.650262	0.072441	0.156746	0.192000	0.04217673409730196	3.9506172839506166e-05	0.15674646198749542
46080	-2.625713	-1.886962	-1.649049	0.072388	0.156862	0.192233	0.04212600719183683	3.9506172839506166e-05	0.1568615734577179
46200	-2.627441	-1.886836	-1.648555	0.072263	0.156899	0.192328	0.04211458694189787	2.6337448559670777e-05	0.1568984091281891
46320	-2.628396	-1.886613	-1.647718	0.072194	0.156948	0.192489	0.04209052547812462	3.9506172839506166e-05	0.1569480448961258
46440	-2.631183	-1.886339	-1.647550	0.071993	0.157011	0.192521	0.04206924717873335	5.925925925925925e-05	0.15700998902320862
46560	-2.633815	-1.886102	-1.646747	0.071804	0.157074	0.192676	0.042047560401260856	2.6337448559670777e-05	0.1570732295513153
46680	-2.634470	-1.885582	-1.646544	0.071757	0.157165	0.192715	0.04200613554567099	5.925925925925925e-05	0.1571631282567978
46800	-2.636008	-1.885429	-1.646607	0.071647	0.157212	0.192703	0.04198731165379286	3.9506172839506166e-05	0.15721066296100616
46920	-2.637472	-1.885345	-1.646570	0.071542	0.157247	0.192710	0.04197610560804606	3.9506172839506166e-05	0.15724655985832214
47040	-2.639228	-1.884950	-1.645634	0.071416	0.157337	0.192890	0.0419429175555706	3.9506172839506166e-05	0.15733633935451508
47160	-2.640801	-1.884308	-1.645599	0.071304	0.157456	0.192897	0.04188688807189465	5.925925925925925e-05	0.1574542075395584
47280	-2.642152	-1.883899	-1.644755	0.071208	0.157539	0.193060	0.04184542838484049	3.9506172839506166e-05	0.15753860771656036
47400	-2.644168	-1.883386	-1.643870	0.071064	0.157643	0.193231	0.041802999563515186	3.9506172839506166e-05	0.15764226019382477
47520	-2.645297	-1.882839	-1.643939	0.070984	0.157761	0.193217	0.04175773523747921	2.6337448559670777e-05	0.15775975584983826
47640	-2.648749	-1.882602	-1.644221	0.070740	0.157818	0.193163	0.04173131659626961	3.9506172839506166e-05	0.15781772136688232
47760	-2.650610	-1.882366	-1.644692	0.070608	0.157882	0.193072	0.041707126796245574	3.9506172839506166e-05	0.15788207948207855
47880	-2.652088	-1.881880	-1.643894	0.070504	0.157982	0.193226	0.0416714608669281	5.925925925925925e-05	0.15798044204711914
48000	-2.653306	-1.881418	-1.643554	0.070418	0.158076	0.193292	0.04162938054651022	5.925925925925925e-05	0.15807485580444336
48120	-2.654619	-1.881236	-1.643131	0.070326	0.158123	0.193374	0.0416122991591692	3.9506172839506166e-05	0.1581217497587204
48240	-2.654141	-1.880420	-1.640902	0.070359	0.158269	0.193805	0.04153672307729721	2.6337448559670777e-05	0.15826836228370667
48360	-2.655115	-1.880195	-1.638863	0.070291	0.158329	0.194201	0.041510829515755174	2.6337448559670777e-05	0.15832851827144623
48480	-2.656732	-1.879937	-1.637704	0.070177	0.158398	0.194426	0.04149410482496023	2.6337448559670777e-05	0.15839697420597076
48600	-2.658707	-1.879665	-1.637488	0.070039	0.158469	0.194468	0.04147220235317946	2.6337448559670777e-05	0.15846805274486542
48720	-2.658573	-1.879150	-1.636939	0.070048	0.158573	0.194575	0.04142825230956078	3.9506172839506166e-05	0.15857170522212982
48840	-2.660310	-1.878748	-1.635643	0.069927	0.158654	0.194827	0.0413832088932395	3.9506172839506166e-05	0.1586536020040512
48960	-2.662226	-1.878298	-1.635114	0.069793	0.158746	0.194930	0.04134691059589386	3.9506172839506166e-05	0.15874502062797546
49080	-2.664031	-1.877761	-1.633648	0.069667	0.158856	0.195216	0.04130238182842731	3.9506172839506166e-05	0.1588551253080368
49200	-2.664628	-1.877814	-1.632201	0.069625	0.158864	0.195499	0.041299868002533914	3.9506172839506166e-05	0.15886394679546356
49320	-2.665805	-1.877475	-1.631033	0.069543	0.158925	0.195727	0.04127015750855208	5.925925925925925e-05	0.15892469882965088
49440	-2.666902	-1.876987	-1.629936	0.069467	0.159020	0.195942	0.04123121257871389	3.9506172839506166e-05	0.1590193808078766
49560	-2.667625	-1.876805	-1.629511	0.069417	0.159055	0.196025	0.041208014264702796	5.925925925925925e-05	0.15905439853668213
49680	-2.668005	-1.876602	-1.628062	0.069391	0.159099	0.196310	0.04118833336979151	3.9506172839506166e-05	0.15909859538078308
49800	-2.669974	-1.876398	-1.628035	0.069254	0.159154	0.196315	0.04117374122142792	3.9506172839506166e-05	0.15915295481681824
49920	-2.670501	-1.876127	-1.626507	0.069218	0.159208	0.196615	0.0411470353603363	5.925925925925925e-05	0.15920808911323547
50040	-2.669852	-1.875712	-1.626422	0.069262	0.159280	0.196632	0.041110601648688315	5.925925925925925e-05	0.1592792272567749
50160	-2.670630	-1.875378	-1.626522	0.069209	0.159334	0.196612	0.04108281172811985	3.9506172839506166e-05	0.15933410823345184
50280	-2.671537	-1.875209	-1.627236	0.069146	0.159371	0.196472	0.04106860216706991	3.9506172839506166e-05	0.15936967730522156
50400	-2.672339	-1.874746	-1.625837	0.069090	0.159471	0.196747	0.04102530796080828	2.6337448559670777e-05	0.15946972370147705
50520	-2.674890	-1.874359	-1.625282	0.068914	0.159553	0.196856	0.040990611724555495	3.9506172839506166e-05	0.15955263376235962
50640	-2.676412	-1.874275	-1.625609	0.068810	0.159584	0.196792	0.04098223932087421	3.9506172839506166e-05	0.1595836877822876
50760	-2.678127	-1.874168	-1.625111	0.068692	0.159615	0.196890	0.04097406305372715	3.9506172839506166e-05	0.15961405634880066
50880	-2.678429	-1.873967	-1.625328	0.068671	0.159652	0.196847	0.04095230046659708	5.925925925925925e-05	0.15965145826339722
51000	-2.680022	-1.873456	-1.625414	0.068562	0.159751	0.196830	0.040911922417581084	2.6337448559670777e-05	0.15975041687488556
51120	-2.680423	-1.873010	-1.623238	0.068534	0.159853	0.197259	0.040873730182647706	3.9506172839506166e-05	0.15985198318958282
51240	-2.680973	-1.872429	-1.621831	0.068496	0.159964	0.197537	0.040814383700489995	2.6337448559670777e-05	0.1599636822938919
51360	-2.681387	-1.871858	-1.620227	0.068468	0.160084	0.197854	0.04077159743756056	3.9506172839506166e-05	0.160082146525383
51480	-2.683950	-1.871190	-1.619750	0.068293	0.160207	0.197948	0.040703707933425905	5.925925925925925e-05	0.1602066606283188
51600	-2.684505	-1.870675	-1.617402	0.068255	0.160299	0.198413	0.04065843168646097	5.925925925925925e-05	0.16029834747314453
51720	-2.684541	-1.870372	-1.618191	0.068253	0.160365	0.198257	0.040626750141382215	3.9506172839506166e-05	0.1603657752275467
51840	-2.686623	-1.870163	-1.616948	0.068111	0.160422	0.198504	0.04061563890427351	3.9506172839506166e-05	0.160420760512352
51960	-2.687699	-1.869362	-1.614612	0.068037	0.160570	0.198968	0.04055272936820984	5.925925925925925e-05	0.16056746244430542
52080	-2.689276	-1.868833	-1.614286	0.067930	0.160678	0.199033	0.04049176163971424	3.9506172839506166e-05	0.16067790985107422
52200	-2.689952	-1.868194	-1.612928	0.067884	0.160794	0.199303	0.04043298214673996	3.9506172839506166e-05	0.1607942283153534
52320	-2.692069	-1.868131	-1.611192	0.067741	0.160824	0.199649	0.04043277502059937	3.9506172839506166e-05	0.16082312166690826
52440	-2.692836	-1.867788	-1.609801	0.067689	0.160897	0.199927	0.040395659022033216	3.9506172839506166e-05	0.16089673340320587
52560	-2.693671	-1.867233	-1.607785	0.067632	0.161015	0.200331	0.04034903459250927	3.9506172839506166e-05	0.16101397573947906
52680	-2.693989	-1.866820	-1.606710	0.067611	0.161094	0.200546	0.04030859023332596	5.925925925925925e-05	0.16109438240528107
52800	-2.694239	-1.866528	-1.607014	0.067594	0.161161	0.200485	0.040285789594054225	5.925925925925925e-05	0.16116072237491608
52920	-2.695876	-1.866111	-1.605705	0.067483	0.161253	0.200748	0.04025194775313139	3.9506172839506166e-05	0.1612512618303299
53040	-2.697040	-1.866114	-1.605896	0.067405	0.161270	0.200710	0.04024450462311506	3.9506172839506166e-05	0.16126936674118042
53160	-2.698206	-1.865963	-1.605440	0.067326	0.161320	0.200801	0.040229100920259955	2.6337448559670777e-05	0.16132019460201263
53280	-2.699845	-1.865526	-1.606544	0.067216	0.161401	0.200580	0.040199972316622735	3.9506172839506166e-05	0.16140009462833405
53400	-2.701484	-1.865280	-1.605307	0.067106	0.161457	0.200828	0.04017092194408178	3.9506172839506166e-05	0.16145657002925873
53520	-2.703334	-1.864911	-1.603287	0.066982	0.161526	0.201234	0.040139373019337656	3.9506172839506166e-05	0.1615249663591385
53640	-2.703812	-1.864626	-1.602897	0.066950	0.161593	0.201312	0.04011235181242227	2.6337448559670777e-05	0.1615929901599884
53760	-2.706079	-1.864253	-1.600969	0.066798	0.161677	0.201701	0.04008115269243717	2.6337448559670777e-05	0.16167698800563812
53880	-2.706385	-1.863822	-1.598828	0.066778	0.161760	0.202133	0.040042745508253576	3.9506172839506166e-05	0.1617598682641983
54000	-2.706026	-1.863666	-1.598310	0.066802	0.161790	0.202238	0.04002565965056419	5.925925925925925e-05	0.16179005801677704
54120	-2.706144	-1.863561	-1.598262	0.066794	0.161821	0.202248	0.040022559463977814	5.925925925925925e-05	0.16181938350200653
54240	-2.706126	-1.863329	-1.596308	0.066795	0.161870	0.202643	0.03999328594654798	5.925925925925925e-05	0.16187039017677307
54360	-2.705472	-1.863103	-1.594617	0.066839	0.161914	0.202986	0.0399734441190958	3.9506172839506166e-05	0.16191509366035461
54480	-2.705057	-1.862787	-1.592759	0.066867	0.161986	0.203364	0.0399484246969223	5.925925925925925e-05	0.1619858294725418
54600	-2.703381	-1.862771	-1.591548	0.066979	0.161989	0.203610	0.0399464687332511	5.925925925925925e-05	0.1619889885187149
54720	-2.703554	-1.862834	-1.590901	0.066967	0.161995	0.203742	0.039948533102869985	3.9506172839506166e-05	0.1619945466518402
54840	-2.701962	-1.861972	-1.588152	0.067074	0.162156	0.204303	0.03988581579178572	3.9506172839506166e-05	0.16215330362319946
54960	-2.702434	-1.861538	-1.587169	0.067042	0.162248	0.204504	0.039843552932143214	5.925925925925925e-05	0.16224606335163116
55080	-2.702542	-1.861136	-1.588217	0.067035	0.162319	0.204289	0.03980261404067278	3.9506172839506166e-05	0.16231834888458252
55200	-2.703320	-1.860761	-1.587852	0.066983	0.162395	0.204364	0.03977000005543232	5.925925925925925e-05	0.16239280998706818
55320	-2.702961	-1.860425	-1.588437	0.067007	0.162464	0.204244	0.03973052054643631	5.925925925925925e-05	0.16246403753757477
55440	-2.703033	-1.859976	-1.588991	0.067002	0.162548	0.204132	0.039703360944986346	5.925925925925925e-05	0.16254596412181854
55560	-2.703479	-1.859433	-1.589172	0.066972	0.162654	0.204094	0.03964386489242315	2.6337448559670777e-05	0.1626543253660202
55680	-2.702914	-1.859203	-1.588246	0.067010	0.162697	0.204284	0.03962479401379824	5.925925925925925e-05	0.1626964509487152
55800	-2.703240	-1.859222	-1.587333	0.066988	0.162714	0.204470	0.03962726965546608	3.9506172839506166e-05	0.16271302103996277
55920	-2.703230	-1.858815	-1.585971	0.066989	0.162788	0.204749	0.039591628685593606	3.9506172839506166e-05	0.16278725862503052
56040	-2.703690	-1.858427	-1.586283	0.066958	0.162859	0.204685	0.039555218629539014	2.6337448559670777e-05	0.16285884380340576
56160	-2.703879	-1.858425	-1.585054	0.066945	0.162872	0.204937	0.03955733198672533	3.9506172839506166e-05	0.1628715693950653
56280	-2.703672	-1.857920	-1.583124	0.066959	0.162961	0.205333	0.03951865043491125	3.9506172839506166e-05	0.16295985877513885
56400	-2.702365	-1.857120	-1.582175	0.067047	0.163093	0.205528	0.0394431633874774	2.6337448559670777e-05	0.16309264302253723
56520	-2.702433	-1.856930	-1.581547	0.067042	0.163137	0.205657	0.03942331820726395	5.925925925925925e-05	0.1631355881690979
56640	-2.702502	-1.856711	-1.581453	0.067038	0.163176	0.205676	0.03940039351582527	2.6337448559670777e-05	0.1631765216588974
56760	-2.704503	-1.856694	-1.581004	0.066904	0.163180	0.205768	0.03939985502511263	2.6337448559670777e-05	0.16317929327487946
56880	-2.705489	-1.856298	-1.580962	0.066838	0.163252	0.205777	0.03937010820955038	3.9506172839506166e-05	0.163251593708992
57000	-2.706034	-1.855681	-1.578515	0.066801	0.163365	0.206281	0.03930715788155794	3.9506172839506166e-05	0.16336455941200256
57120	-2.707069	-1.855621	-1.578772	0.066732	0.163386	0.206228	0.03930416069924832	5.925925925925925e-05	0.16338464617729187
57240	-2.708204	-1.855366	-1.578018	0.066656	0.163438	0.206384	0.039282617159187794	3.9506172839506166e-05	0.16343647241592407
57360	-2.708959	-1.854813	-1.575162	0.066606	0.163552	0.206974	0.03923134151846171	5.925925925925925e-05	0.16355106234550476
57480	-2.711464	-1.854546	-1.574921	0.066439	0.163614	0.207024	0.039210269786417486	5.925925925925925e-05	0.1636127382516861
57600	-2.711715	-1.854226	-1.575665	0.066423	0.163665	0.206870	0.03917820565402508	3.9506172839506166e-05	0.1636640876531601
57720	-2.712478	-1.853980	-1.576314	0.066372	0.163716	0.206736	0.039160157181322576	3.9506172839506166e-05	0.1637144684791565
57840	-2.713459	-1.853323	-1.575948	0.066307	0.163836	0.206811	0.039098518714308736	5.925925925925925e-05	0.163835346698761
57960	-2.714913	-1.853093	-1.574561	0.066211	0.163889	0.207098	0.0390784977003932	3.9506172839506166e-05	0.16388799250125885
58080	-2.715795	-1.852651	-1.573852	0.066152	0.163986	0.207245	0.03903958909213543	3.9506172839506166e-05	0.1639849692583084
58200	-2.716725	-1.852071	-1.574291	0.066091	0.164090	0.207154	0.03899255525320768	5.925925925925925e-05	0.16408821940422058
58320	-2.718092	-1.851752	-1.573717	0.066001	0.164160	0.207273	0.0389567743986845	3.9506172839506166e-05	0.1641589254140854
58440	-2.719306	-1.851564	-1.574770	0.065921	0.164200	0.207055	0.03894074913114309	3.9506172839506166e-05	0.1641991287469864
58560	-2.721964	-1.851322	-1.573639	0.065745	0.164277	0.207290	0.038916736468672754	3.9506172839506166e-05	0.1642761081457138
58680	-2.723912	-1.850361	-1.573220	0.065618	0.164461	0.207376	0.03883086126297712	5.925925925925925e-05	0.16445985436439514
58800	-2.723400	-1.849959	-1.571916	0.065651	0.164528	0.207647	0.03879330568015575	3.9506172839506166e-05	0.16452787816524506
58920	-2.722880	-1.849532	-1.572361	0.065685	0.164601	0.207555	0.03875497132539749	3.9506172839506166e-05	0.1646001785993576
59040	-2.723038	-1.848659	-1.570266	0.065675	0.164755	0.207990	0.038680590130388735	3.9506172839506166e-05	0.16475434601306915
59160	-2.724107	-1.848053	-1.570530	0.065605	0.164875	0.207935	0.03862428143620491	3.9506172839506166e-05	0.16487477719783783
59280	-2.724054	-1.847485	-1.570374	0.065608	0.164984	0.207967	0.03857155684381723	3.9506172839506166e-05	0.16498354077339172
59400	-2.725135	-1.846996	-1.568880	0.065537	0.165083	0.208278	0.038526852428913114	5.925925925925925e-05	0.1650821715593338
59520	-2.726792	-1.846786	-1.567570	0.065429	0.165133	0.208551	0.038504114374518394	3.9506172839506166e-05	0.1651334911584854
59640	-2.727538	-1.846439	-1.567088	0.065380	0.165204	0.208652	0.03847307898104191	5.925925925925925e-05	0.16520483791828156
59760	-2.728431	-1.845865	-1.565997	0.065322	0.165304	0.208880	0.03842556569725275	5.925925925925925e-05	0.1653033345937729
59880	-2.729459	-1.845382	-1.565963	0.065255	0.165407	0.208887	0.03838409800082445	3.9506172839506166e-05	0.16540618240833282
60000	-2.730630	-1.844706	-1.564816	0.065178	0.165556	0.209127	0.038322529010474685	3.9506172839506166e-05	0.1655547022819519
60120	-2.730189	-1.844367	-1.563718	0.065207	0.165618	0.209356	0.038289612904191014	3.9506172839506166e-05	0.1656174212694168
60240	-2.730200	-1.843732	-1.561653	0.065206	0.165737	0.209789	0.03823437280952931	2.6337448559670777e-05	0.1657368689775467
60360	-2.732022	-1.843216	-1.559450	0.065088	0.165842	0.210252	0.03819034155458212	3.9506172839506166e-05	0.1658412218093872
60480	-2.732386	-1.842481	-1.557504	0.065064	0.165975	0.210661	0.03812379278242588	3.9506172839506166e-05	0.16597388684749603
60600	-2.732866	-1.842085	-1.556981	0.065033	0.166052	0.210772	0.03808592241257429	3.9506172839506166e-05	0.16605211794376373
60720	-2.734061	-1.841865	-1.555713	0.064955	0.166097	0.211039	0.0380649397149682	2.6337448559670777e-05	0.1660970002412796
60840	-2.734993	-1.841756	-1.554896	0.064894	0.166129	0.211211	0.03805517312139273	3.9506172839506166e-05	0.1661287099123001
60960	-2.735953	-1.841077	-1.553863	0.064832	0.166263	0.211430	0.03799889907240868	3.9506172839506166e-05	0.16626179218292236
61080	-2.736813	-1.840951	-1.553140	0.064776	0.166295	0.211583	0.03797924518585205	3.9506172839506166e-05	0.16629478335380554
61200	-2.737798	-1.840353	-1.552045	0.064713	0.166408	0.211814	0.0379358159378171	3.9506172839506166e-05	0.16640625894069672
61320	-2.738378	-1.840121	-1.551662	0.064675	0.166448	0.211895	0.03791480176150799	5.925925925925925e-05	0.1664457619190216
61440	-2.738991	-1.839735	-1.551040	0.064636	0.166533	0.212027	0.03787822294980288	5.925925925925925e-05	0.166531041264534
61560	-2.739404	-1.839239	-1.550801	0.064609	0.166642	0.212078	0.03783044312149286	3.9506172839506166e-05	0.16664142906665802
61680	-2.740444	-1.838868	-1.549644	0.064542	0.166717	0.212323	0.037789590284228326	3.9506172839506166e-05	0.1667177379131317
61800	-2.740368	-1.838561	-1.548849	0.064547	0.166788	0.212492	0.0377706466242671	2.6337448559670777e-05	0.16678689420223236
61920	-2.740712	-1.838098	-1.548393	0.064524	0.166887	0.212589	0.03772517330944538	3.9506172839506166e-05	0.16688711941242218
62040	-2.742746	-1.837738	-1.546411	0.064393	0.166963	0.213011	0.03769538532942533	3.9506172839506166e-05	0.16696186363697052
62160	-2.742773	-1.837589	-1.547351	0.064392	0.166990	0.212811	0.03767985180020332	3.9506172839506166e-05	0.16698992252349854
62280	-2.743516	-1.837104	-1.547062	0.064344	0.167106	0.212873	0.03764810431748629	2.6337448559670777e-05	0.16710412502288818
62400	-2.744432	-1.836850	-1.546846	0.064285	0.167171	0.212919	0.037612419575452805	3.9506172839506166e-05	0.16717052459716797
62520	-2.745647	-1.836505	-1.546173	0.064207	0.167244	0.213062	0.03759590368717909	3.9506172839506166e-05	0.16724172234535217
62640	-2.747319	-1.835989	-1.545953	0.064099	0.167349	0.213109	0.037540888600051406	3.9506172839506166e-05	0.16734790802001953
62760	-2.748757	-1.835848	-1.543466	0.064007	0.167407	0.213639	0.0375276455655694	5.925925925925925e-05	0.16740502417087555
62880	-2.749505	-1.835687	-1.542012	0.063960	0.167453	0.213950	0.037508793734014036	5.925925925925925e-05	0.16745327413082123
63000	-2.749290	-1.835246	-1.540797	0.063973	0.167526	0.214210	0.03746945858001709	2.6337448559670777e-05	0.1675255447626114
63120	-2.749230	-1.834610	-1.540099	0.063977	0.167646	0.214360	0.03741755988448858	1.7558299039780518e-05	0.1676454395055771
63240	-2.748778	-1.834308	-1.538247	0.064006	0.167703	0.214757	0.03738232385367155	2.6337448559670777e-05	0.16770289838314056
63360	-2.749129	-1.834015	-1.538193	0.063984	0.167762	0.214769	0.03735708557069302	3.9506172839506166e-05	0.1677616834640503
63480	-2.749767	-1.833833	-1.537868	0.063943	0.167806	0.214839	0.037343479506671426	3.9506172839506166e-05	0.1678047925233841
63600	-2.750015	-1.833558	-1.536868	0.063927	0.167867	0.215054	0.037313245423138144	3.9506172839506166e-05	0.1678680032491684
63720	-2.749636	-1.833455	-1.537535	0.063951	0.167894	0.214910	0.037308205291628836	3.9506172839506166e-05	0.16789370775222778
63840	-2.751222	-1.833083	-1.536347	0.063850	0.167963	0.215166	0.03727351669222116	3.9506172839506166e-05	0.16796253621578217
63960	-2.751732	-1.832445	-1.535832	0.063817	0.168090	0.215277	0.0372246615588665	3.9506172839506166e-05	0.16808782517910004
64080	-2.753689	-1.832125	-1.535215	0.063692	0.168171	0.215409	0.03718933928757906	2.6337448559670777e-05	0.16817107796669006
64200	-2.754440	-1.831591	-1.534525	0.063645	0.168272	0.215558	0.03714653141796589	2.6337448559670777e-05	0.16827046871185303
64320	-2.755053	-1.830869	-1.533412	0.063606	0.168413	0.215798	0.037077287398278716	2.6337448559670777e-05	0.16841283440589905
64440	-2.755700	-1.830853	-1.533027	0.063565	0.168419	0.215881	0.03707675971090794	2.6337448559670777e-05	0.16841883957386017
64560	-2.757889	-1.831015	-1.531335	0.063426	0.168413	0.216247	0.037088187783956526	3.9506172839506166e-05	0.1684126853942871
64680	-2.758458	-1.830834	-1.531075	0.063389	0.168455	0.216303	0.037077205069363114	3.9506172839506166e-05	0.16845309734344482
64800	-2.758713	-1.830041	-1.529706	0.063373	0.168613	0.216599	0.03700511790812015	3.9506172839506166e-05	0.16861210763454437
64920	-2.758587	-1.829813	-1.529464	0.063381	0.168661	0.216652	0.03697741441428661	2.6337448559670777e-05	0.1686612069606781
65040	-2.759884	-1.829587	-1.529046	0.063299	0.168714	0.216742	0.036962511204183104	3.9506172839506166e-05	0.1687125861644745
65160	-2.760060	-1.829358	-1.529488	0.063288	0.168783	0.216647	0.03693860918283463	3.9506172839506166e-05	0.1687830090522766
65280	-2.761281	-1.829041	-1.529244	0.063211	0.168860	0.216699	0.03691090010106564	3.9506172839506166e-05	0.16885890066623688
65400	-2.762096	-1.828897	-1.528961	0.063159	0.168898	0.216761	0.036895692348480225	2.6337448559670777e-05	0.16889791190624237
65520	-2.762961	-1.828658	-1.528273	0.063105	0.168953	0.216910	0.03687494453042746	2.6337448559670777e-05	0.1689530313014984
65640	-2.764056	-1.828247	-1.529826	0.063036	0.169051	0.216573	0.036842357739806174	5.925925925925925e-05	0.16905030608177185
65760	-2.763966	-1.827590	-1.529357	0.063041	0.169182	0.216675	0.036789595149457455	3.9506172839506166e-05	0.16918011009693146
65880	-2.764771	-1.827559	-1.528438	0.062991	0.169196	0.216874	0.03677057139575481	3.9506172839506166e-05	0.16919705271720886
66000	-2.765530	-1.827680	-1.528812	0.062943	0.169202	0.216793	0.036786637641489504	3.9506172839506166e-05	0.16920192539691925
66120	-2.766685	-1.827367	-1.527940	0.062870	0.169277	0.216982	0.03676359411329031	2.6337448559670777e-05	0.1692766398191452
66240	-2.767935	-1.827059	-1.527226	0.062792	0.169349	0.217137	0.03673154804855585	2.6337448559670777e-05	0.1693488210439682
66360	-2.770320	-1.826810	-1.527436	0.062642	0.169407	0.217092	0.03670250531286001	3.9506172839506166e-05	0.1694076508283615
66480	-2.770287	-1.826476	-1.526809	0.062644	0.169476	0.217228	0.036686388589441774	3.9506172839506166e-05	0.1694745272397995
66600	-2.770035	-1.826327	-1.526335	0.062660	0.169513	0.217331	0.036665472015738484	3.9506172839506166e-05	0.1695130169391632
66720	-2.770553	-1.826359	-1.524687	0.062627	0.169527	0.217689	0.03666363880038261	1.7558299039780518e-05	0.16952790319919586
66840	-2.771301	-1.826158	-1.524911	0.062581	0.169573	0.217640	0.036651911586523055	3.9506172839506166e-05	0.16957199573516846
66960	-2.770893	-1.825951	-1.527792	0.062606	0.169607	0.217014	0.03663310948759317	1.7558299039780518e-05	0.16960635781288147
67080	-2.771369	-1.825983	-1.527875	0.062576	0.169615	0.216996	0.0366330886259675	2.6337448559670777e-05	0.16961504518985748
67200	-2.771938	-1.825881	-1.528481	0.062541	0.169647	0.216865	0.03662427458912134	3.9506172839506166e-05	0.16964662075042725
67320	-2.770863	-1.825444	-1.527187	0.062608	0.169738	0.217146	0.03658367190510035	3.9506172839506166e-05	0.1697380244731903
67440	-2.771394	-1.825392	-1.526607	0.062575	0.169764	0.217272	0.03658393304795027	3.9506172839506166e-05	0.16976329684257507
67560	-2.772762	-1.825176	-1.526842	0.062489	0.169817	0.217221	0.03656626809388399	3.9506172839506166e-05	0.1698163002729416
67680	-2.775112	-1.824936	-1.526406	0.062343	0.169873	0.217315	0.03654170949012041	3.9506172839506166e-05	0.16987265646457672
67800	-2.774804	-1.824417	-1.526528	0.062362	0.169972	0.217289	0.03649886734783649	1.7558299039780518e-05	0.16997118294239044
67920	-2.773185	-1.824390	-1.526461	0.062463	0.169964	0.217303	0.0364873893558979	3.9506172839506166e-05	0.16996487975120544
68040	-2.773763	-1.824174	-1.525717	0.062427	0.170028	0.217465	0.03647095020860434	3.9506172839506166e-05	0.17002828419208527
68160	-2.773878	-1.823988	-1.526200	0.062419	0.170056	0.217360	0.03646013867110014	3.9506172839506166e-05	0.17005443572998047
68280	-2.774886	-1.823660	-1.525787	0.062357	0.170130	0.217450	0.036424989067018035	3.9506172839506166e-05	0.17013011872768402
68400	-2.775756	-1.823431	-1.524986	0.062302	0.170188	0.217624	0.03641476836055517	3.9506172839506166e-05	0.17018596827983856
68520	-2.776025	-1.823026	-1.522563	0.062286	0.170268	0.218152	0.03637332785874605	2.6337448559670777e-05	0.17026717960834503
68640	-2.775882	-1.822590	-1.521872	0.062294	0.170339	0.218303	0.03633236642926931	3.9506172839506166e-05	0.17033758759498596
68760	-2.775894	-1.822514	-1.521030	0.062294	0.170359	0.218487	0.036330022662878034	3.9506172839506166e-05	0.17035718262195587
68880	-2.777847	-1.822343	-1.521886	0.062172	0.170410	0.218300	0.036309408396482466	3.9506172839506166e-05	0.17040963470935822
69000	-2.776813	-1.821738	-1.521664	0.062237	0.170524	0.218348	0.03625481817871332	1.7558299039780518e-05	0.17052356898784637
69120	-2.776294	-1.821026	-1.520897	0.062269	0.170654	0.218516	0.03619822338223457	3.9506172839506166e-05	0.17065218091011047
69240	-2.775682	-1.820630	-1.521219	0.062307	0.170721	0.218445	0.03615408185869455	3.9506172839506166e-05	0.1707208752632141
69360	-2.776065	-1.820022	-1.522597	0.062283	0.170823	0.218145	0.03610331006348133	5.925925925925925e-05	0.17082229256629944
69480	-2.777175	-1.820031	-1.523452	0.062214	0.170820	0.217958	0.036103703267872336	3.9506172839506166e-05	0.1708192080259323
69600	-2.777841	-1.819877	-1.523299	0.062173	0.170846	0.217992	0.03608754426240921	5.925925925925925e-05	0.17084546387195587
69720	-2.777755	-1.819823	-1.523293	0.062178	0.170867	0.217993	0.03607738818973303	2.6337448559670777e-05	0.17086784541606903
69840	-2.777488	-1.819235	-1.522776	0.062195	0.170976	0.218106	0.03602666761726141	3.9506172839506166e-05	0.17097637057304382
69960	-2.778423	-1.818608	-1.522258	0.062136	0.171094	0.218219	0.035971127636730674	2.6337448559670777e-05	0.1710931807756424
70080	-2.778262	-1.818323	-1.519998	0.062146	0.171170	0.218712	0.035947166942059995	3.9506172839506166e-05	0.17116889357566833
70200	-2.779414	-1.818223	-1.518545	0.062075	0.171193	0.219030	0.03593840207904577	3.9506172839506166e-05	0.17119261622428894
70320	-2.779863	-1.817616	-1.517520	0.062047	0.171312	0.219255	0.035885977745056155	3.9506172839506166e-05	0.17131108045578003
70440	-2.779321	-1.817168	-1.516503	0.062081	0.171399	0.219478	0.03584307339042425	3.9506172839506166e-05	0.17139886319637299
70560	-2.781108	-1.816958	-1.516722	0.061970	0.171465	0.219430	0.03582164905965328	3.9506172839506166e-05	0.17146465182304382
70680	-2.781321	-1.817243	-1.516708	0.061957	0.171425	0.219433	0.03585301414132118	3.9506172839506166e-05	0.17142438888549805
70800	-2.781818	-1.817136	-1.517621	0.061926	0.171447	0.219233	0.03583825249224901	3.9506172839506166e-05	0.17144621908664703
70920	-2.781589	-1.817099	-1.517732	0.061940	0.171452	0.219208	0.035832037776708604	3.9506172839506166e-05	0.17145253717899323
71040	-2.781538	-1.816939	-1.517791	0.061943	0.171485	0.219196	0.035825384221971034	3.9506172839506166e-05	0.17148394882678986
71160	-2.780155	-1.816492	-1.516604	0.062029	0.171574	0.219456	0.03578527569770813	2.6337448559670777e-05	0.1715731918811798
71280	-2.778410	-1.816751	-1.517074	0.062137	0.171514	0.219353	0.03579958528280258	5.925925925925925e-05	0.17151501774787903
71400	-2.777763	-1.816567	-1.515972	0.062177	0.171551	0.219595	0.03578762169927359	3.9506172839506166e-05	0.1715506613254547
71520	-2.778199	-1.816272	-1.513371	0.062150	0.171618	0.220167	0.035762461461126806	2.6337448559670777e-05	0.17161749303340912
71640	-2.779033	-1.816251	-1.513280	0.062099	0.171638	0.220186	0.03575619608163834	3.9506172839506166e-05	0.17163832485675812
71760	-2.779103	-1.816378	-1.513574	0.062094	0.171619	0.220122	0.0357687970623374	3.9506172839506166e-05	0.17161868512630463
71880	-2.779023	-1.816136	-1.511991	0.062099	0.171676	0.220471	0.0357503829523921	3.9506172839506166e-05	0.17167504131793976
72000	-2.780375	-1.815686	-1.511168	0.062015	0.171767	0.220652	0.03571232259273529	3.9506172839506166e-05	0.17176569998264313
72120	-2.779351	-1.815232	-1.510870	0.062079	0.171848	0.220718	0.03567156158387661	3.9506172839506166e-05	0.17184750735759735
72240	-2.779063	-1.815007	-1.510292	0.062097	0.171884	0.220846	0.03564751483500004	5.925925925925925e-05	0.1718829870223999
72360	-2.778206	-1.814350	-1.508427	0.062150	0.172020	0.221258	0.03558762352913618	3.9506172839506166e-05	0.17201969027519226
72480	-2.778229	-1.814032	-1.507989	0.062148	0.172086	0.221355	0.035564199276268485	2.6337448559670777e-05	0.17208489775657654
72600	-2.778368	-1.813809	-1.507303	0.062140	0.172131	0.221507	0.03554227612912655	3.9506172839506166e-05	0.1721302717924118
72720	-2.778744	-1.813470	-1.506454	0.062116	0.172196	0.221695	0.03551311567425728	3.9506172839506166e-05	0.17219501733779907
72840	-2.778283	-1.812709	-1.505150	0.062145	0.172323	0.221984	0.035447502695024016	3.9506172839506166e-05	0.17232206463813782
72960	-2.778976	-1.812433	-1.504609	0.062102	0.172393	0.222104	0.03542186357080936	3.9506172839506166e-05	0.17239168286323547
73080	-2.777911	-1.811956	-1.502765	0.062168	0.172488	0.222514	0.03537658154964447	2.6337448559670777e-05	0.1724870651960373
73200	-2.777653	-1.811736	-1.500534	0.062184	0.172538	0.223011	0.03535282015800476	3.9506172839506166e-05	0.17253823578357697
73320	-2.778336	-1.811788	-1.500634	0.062142	0.172529	0.222989	0.035361065343022344	3.9506172839506166e-05	0.17252856492996216
73440	-2.779495	-1.811424	-1.498797	0.062070	0.172627	0.223399	0.03532745558768511	3.9506172839506166e-05	0.1726258546113968
73560	-2.779814	-1.811186	-1.498543	0.062050	0.172675	0.223456	0.03530681971460581	3.9506172839506166e-05	0.17267446219921112
73680	-2.780436	-1.810816	-1.497701	0.062011	0.172750	0.223644	0.035270691476762296	3.9506172839506166e-05	0.17274919152259827
73800	-2.780150	-1.810348	-1.497971	0.062029	0.172863	0.223583	0.035230797715485096	2.6337448559670777e-05	0.17286258935928345
73920	-2.780302	-1.810398	-1.497193	0.062020	0.172871	0.223757	0.035240338370203975	3.9506172839506166e-05	0.17286936938762665
74040	-2.780256	-1.809943	-1.498261	0.062023	0.172950	0.223519	0.035195677541196346	2.6337448559670777e-05	0.1729489415884018
74160	-2.779398	-1.809316	-1.496088	0.062076	0.173080	0.224005	0.03514122925698757	2.6337448559670777e-05	0.17307856678962708
74280	-2.778689	-1.808798	-1.495254	0.062120	0.173177	0.224192	0.03509408365935087	2.6337448559670777e-05	0.17317578196525574
74400	-2.777050	-1.808346	-1.493573	0.062222	0.173257	0.224569	0.03505358975380659	2.6337448559670777e-05	0.17325608432292938
74520	-2.777158	-1.807945	-1.491636	0.062215	0.173348	0.225004	0.03501529023051262	3.9506172839506166e-05	0.17334753274917603
74640	-2.777644	-1.807557	-1.489920	0.062185	0.173437	0.225391	0.03498098645359278	3.9506172839506166e-05	0.17343580722808838
74760	-2.776629	-1.807020	-1.487720	0.062248	0.173542	0.225887	0.03493206035345793	3.9506172839506166e-05	0.17354126274585724
74880	-2.776028	-1.806656	-1.486128	0.062285	0.173618	0.226247	0.034897819720208646	2.6337448559670777e-05	0.17361684143543243
75000	-2.775134	-1.806348	-1.484478	0.062341	0.173669	0.226621	0.0348740803077817	3.9506172839506166e-05	0.17366710305213928
75120	-2.774565	-1.806057	-1.483066	0.062377	0.173729	0.226941	0.03484380878508091	2.6337448559670777e-05	0.17372854053974152
75240	-2.773569	-1.805727	-1.482124	0.062439	0.173795	0.227155	0.03481907229870558	3.9506172839506166e-05	0.17379312217235565
75360	-2.772761	-1.805377	-1.481802	0.062489	0.173857	0.227228	0.034784363396465776	1.7558299039780518e-05	0.17385616898536682
75480	-2.773828	-1.805146	-1.481677	0.062423	0.173901	0.227256	0.0347591096535325	3.9506172839506166e-05	0.17390049993991852
75600	-2.773671	-1.804504	-1.479266	0.062432	0.174028	0.227805	0.03470930550247431	3.9506172839506166e-05	0.17402686178684235
75720	-2.773139	-1.804165	-1.477762	0.062466	0.174094	0.228148	0.034673080779612064	3.9506172839506166e-05	0.17409352958202362
75840	-2.772394	-1.803721	-1.477109	0.062512	0.174172	0.228297	0.03463121224194765	3.9506172839506166e-05	0.17417210340499878
75960	-2.772141	-1.803450	-1.476154	0.062528	0.174219	0.228515	0.034610215201973916	1.7558299039780518e-05	0.17421899735927582
76080	-2.772325	-1.803245	-1.475484	0.062516	0.174268	0.228668	0.034587939828634263	2.6337448559670777e-05	0.17426712810993195
76200	-2.770942	-1.802776	-1.476174	0.062603	0.174337	0.228510	0.03455404322594404	5.925925925925925e-05	0.17433534562587738
76320	-2.771802	-1.802650	-1.476114	0.062549	0.174379	0.228524	0.03453953228890896	3.9506172839506166e-05	0.1743774116039276
76440	-2.772796	-1.802408	-1.476429	0.062487	0.174433	0.228452	0.03451134227216244	2.6337448559670777e-05	0.1744333952665329
76560	-2.771114	-1.802115	-1.475289	0.062592	0.174486	0.228713	0.03448599595576525	3.9506172839506166e-05	0.17448635399341583
76680	-2.769753	-1.801630	-1.474111	0.062677	0.174585	0.228982	0.03444310426712036	3.9506172839506166e-05	0.17458535730838776
76800	-2.768794	-1.801426	-1.473574	0.062738	0.174633	0.229105	0.03442607969045639	3.9506172839506166e-05	0.1746319830417633
76920	-2.769395	-1.801086	-1.472809	0.062700	0.174707	0.229281	0.03439485318958759	3.9506172839506166e-05	0.17470701038837433
77040	-2.768828	-1.800870	-1.471937	0.062735	0.174743	0.229480	0.03437438458204269	3.9506172839506166e-05	0.17474225163459778
77160	-2.768621	-1.800637	-1.470586	0.062748	0.174775	0.229791	0.034358341619372366	3.9506172839506166e-05	0.1747741848230362
77280	-2.767525	-1.800522	-1.469752	0.062817	0.174800	0.229982	0.034340417198836806	3.9506172839506166e-05	0.17480045557022095
77400	-2.765948	-1.800120	-1.469272	0.062916	0.174869	0.230093	0.034309956803917886	2.6337448559670777e-05	0.17486877739429474
77520	-2.764174	-1.799785	-1.467868	0.063028	0.174933	0.230416	0.03427938278764486	2.6337448559670777e-05	0.17493273317813873
77640	-2.764491	-1.799448	-1.467365	0.063008	0.174991	0.230532	0.03425115626305342	3.9506172839506166e-05	0.1749899834394455
77760	-2.764217	-1.798923	-1.466085	0.063025	0.175087	0.230827	0.03420535139739513	3.9506172839506166e-05	0.17508584260940552
77880	-2.762808	-1.798507	-1.466232	0.063114	0.175158	0.230794	0.034167464822530746	3.9506172839506166e-05	0.17515690624713898
78000	-2.762136	-1.798188	-1.464892	0.063157	0.175218	0.231103	0.03413727805018425	2.6337448559670777e-05	0.17521749436855316
78120	-2.761794	-1.797944	-1.463983	0.063178	0.175263	0.231313	0.0341108312830329	2.6337448559670777e-05	0.17526304721832275
78240	-2.762255	-1.797642	-1.462358	0.063149	0.175343	0.231689	0.03408354446291924	3.9506172839506166e-05	0.175343319773674
78360	-2.763150	-1.797068	-1.460525	0.063093	0.175453	0.232114	0.03403310962021351	5.925925925925925e-05	0.17545244097709656
78480	-2.762014	-1.796390	-1.458599	0.063164	0.175577	0.232562	0.03397344686090946	2.6337448559670777e-05	0.17557667195796967
78600	-2.761950	-1.796311	-1.457908	0.063168	0.175593	0.232723	0.03396155666559934	2.6337448559670777e-05	0.17559319734573364
78720	-2.762756	-1.796270	-1.458047	0.063118	0.175617	0.232690	0.03396343570202589	3.9506172839506166e-05	0.17561566829681396
78840	-2.762349	-1.795846	-1.457769	0.063143	0.175688	0.232755	0.033924482949078086	2.6337448559670777e-05	0.1756872832775116
78960	-2.761374	-1.795164	-1.456991	0.063205	0.175819	0.232936	0.033867128379642966	2.6337448559670777e-05	0.17581792175769806
79080	-2.761210	-1.794715	-1.457236	0.063215	0.175913	0.232879	0.03381739389151335	2.6337448559670777e-05	0.1759134829044342
79200	-2.760965	-1.794335	-1.456777	0.063231	0.175983	0.232986	0.033789556473493576	3.9506172839506166e-05	0.17598247528076172
79320	-2.761658	-1.794187	-1.456772	0.063187	0.176022	0.232987	0.03377600107342005	3.9506172839506166e-05	0.17602087557315826
79440	-2.762238	-1.793567	-1.455534	0.063150	0.176141	0.233276	0.03372173234820366	3.9506172839506166e-05	0.17614039778709412
79560	-2.761081	-1.793141	-1.454041	0.063223	0.176215	0.233624	0.03368121553212404	3.9506172839506166e-05	0.17621412873268127
79680	-2.760157	-1.792779	-1.453799	0.063282	0.176271	0.233681	0.03364860285073519	3.9506172839506166e-05	0.1762702763080597
79800	-2.759871	-1.792425	-1.453240	0.063300	0.176334	0.233812	0.03361661434173584	2.6337448559670777e-05	0.17633360624313354
79920	-2.759302	-1.792135	-1.451859	0.063336	0.176393	0.234135	0.03358877319842577	2.6337448559670777e-05	0.17639294266700745
80040	-2.758217	-1.792026	-1.451378	0.063405	0.176408	0.234247	0.03358093798160553	2.6337448559670777e-05	0.17640729248523712
80160	-2.758459	-1.791754	-1.451796	0.063389	0.176454	0.234149	0.033559749089181426	3.9506172839506166e-05	0.1764526218175888
80280	-2.756833	-1.791381	-1.450215	0.063493	0.176528	0.234520	0.03352337814867497	3.9506172839506166e-05	0.17652682960033417
80400	-2.756476	-1.791243	-1.449109	0.063515	0.176581	0.234779	0.03351099044084549	3.9506172839506166e-05	0.1765800565481186
80520	-2.755644	-1.791278	-1.447792	0.063568	0.176581	0.235089	0.03351232688874006	3.9506172839506166e-05	0.1765805333852768
80640	-2.756496	-1.791138	-1.447954	0.063514	0.176624	0.235051	0.03350045531988144	3.9506172839506166e-05	0.1766238510608673
80760	-2.756709	-1.790974	-1.447871	0.063500	0.176654	0.235070	0.03348714951425791	2.6337448559670777e-05	0.17665278911590576
80880	-2.757000	-1.790661	-1.449016	0.063482	0.176720	0.234801	0.033455700241029264	3.9506172839506166e-05	0.17671984434127808
81000	-2.757614	-1.790272	-1.448618	0.063443	0.176810	0.234895	0.0334232097491622	2.6337448559670777e-05	0.17680910229682922
81120	-2.756820	-1.789928	-1.448076	0.063493	0.176876	0.235022	0.03339053895324469	2.6337448559670777e-05	0.17687536776065826
81240	-2.757064	-1.789999	-1.446821	0.063478	0.176871	0.235317	0.033393984846770766	3.9506172839506166e-05	0.17687100172042847
81360	-2.756983	-1.789687	-1.446351	0.063483	0.176945	0.235428	0.03336975686252117	3.9506172839506166e-05	0.1769445240497589
81480	-2.755876	-1.789308	-1.446874	0.063553	0.177007	0.235305	0.0333340410143137	3.9506172839506166e-05	0.1770065575838089
81600	-2.755517	-1.788764	-1.446082	0.063576	0.177114	0.235491	0.03328839428722859	3.9506172839506166e-05	0.1771126687526703
81720	-2.756017	-1.788355	-1.445412	0.063544	0.177198	0.235649	0.03325301241129637	2.6337448559670777e-05	0.1771971732378006
81840	-2.754020	-1.788011	-1.445180	0.063671	0.177265	0.235704	0.03321969546377659	1.7558299039780518e-05	0.1772642880678177
81960	-2.754524	-1.787629	-1.444474	0.063639	0.177342	0.235870	0.033188012056052686	3.9506172839506166e-05	0.1773410141468048
82080	-2.753673	-1.787022	-1.443284	0.063693	0.177455	0.236151	0.03313373569399118	3.9506172839506166e-05	0.1774534434080124
82200	-2.753363	-1.786663	-1.442395	0.063713	0.177545	0.236361	0.03309544902294874	2.6337448559670777e-05	0.17754505574703217
82320	-2.753214	-1.786274	-1.442105	0.063723	0.177641	0.236430	0.033068683370947836	3.9506172839506166e-05	0.1776396632194519
82440	-2.752980	-1.785797	-1.442334	0.063738	0.177728	0.236375	0.03301807194948196	2.6337448559670777e-05	0.1777278631925583
82560	-2.752460	-1.785499	-1.441473	0.063771	0.177792	0.236579	0.03299206718802452	3.9506172839506166e-05	0.1777915209531784
82680	-2.751498	-1.784935	-1.441394	0.063832	0.177898	0.236598	0.03294145055115223	2.6337448559670777e-05	0.17789731919765472
82800	-2.751149	-1.784675	-1.440734	0.063854	0.177957	0.236754	0.03291807398200035	3.9506172839506166e-05	0.17795605957508087
82920	-2.751602	-1.784478	-1.439251	0.063826	0.178002	0.237105	0.032901053130626676	2.6337448559670777e-05	0.17800138890743256
83040	-2.750825	-1.784007	-1.438070	0.063875	0.178082	0.237385	0.03286200612783432	2.6337448559670777e-05	0.17808081209659576
83160	-2.750614	-1.783822	-1.437895	0.063889	0.178124	0.237427	0.03284030873328447	3.9506172839506166e-05	0.17812392115592957
83280	-2.749160	-1.783516	-1.437368	0.063982	0.178171	0.237552	0.03281759768724442	3.9506172839506166e-05	0.1781701147556305
83400	-2.747769	-1.783156	-1.437241	0.064071	0.178234	0.237582	0.03278185185045004	3.9506172839506166e-05	0.17823399603366852
83520	-2.746835	-1.782788	-1.436668	0.064131	0.178299	0.237718	0.0327498072758317	3.9506172839506166e-05	0.17829835414886475
83640	-2.746308	-1.782686	-1.437147	0.064164	0.178329	0.237605	0.032740555703639984	3.9506172839506166e-05	0.17832794785499573
83760	-2.745446	-1.782648	-1.437733	0.064220	0.178346	0.237465	0.032730826549232005	3.9506172839506166e-05	0.17834684252738953
83880	-2.743779	-1.781896	-1.436178	0.064327	0.178494	0.237835	0.03267053011804819	3.9506172839506166e-05	0.1784936785697937
84000	-2.743291	-1.781425	-1.434381	0.064358	0.178617	0.238263	0.032625090517103675	2.6337448559670777e-05	0.17861708998680115
84120	-2.743876	-1.781163	-1.432135	0.064321	0.178690	0.238798	0.03260595723986626	3.9506172839506166e-05	0.17868822813034058
84240	-2.742499	-1.780847	-1.430925	0.064409	0.178746	0.239088	0.032580018043518066	1.7558299039780518e-05	0.1787445992231369
84360	-2.741585	-1.780631	-1.430694	0.064468	0.178791	0.239143	0.03255236446857453	3.9506172839506166e-05	0.17879131436347961
84480	-2.740630	-1.780720	-1.430455	0.064530	0.178777	0.239200	0.0325629722326994	1.7558299039780518e-05	0.1787758469581604
84600	-2.740569	-1.780655	-1.429452	0.064534	0.178799	0.239440	0.03255846574902534	3.9506172839506166e-05	0.1787976771593094
84720	-2.740611	-1.780571	-1.428401	0.064531	0.178832	0.239692	0.032544374279677865	3.9506172839506166e-05	0.17883183062076569
84840	-2.739913	-1.780073	-1.426862	0.064576	0.178928	0.240061	0.032505762204527854	3.9506172839506166e-05	0.17892733216285706
84960	-2.740232	-1.779656	-1.425783	0.064555	0.179029	0.240320	0.03246585316956043	1.7558299039780518e-05	0.17902839183807373
85080	-2.739918	-1.779505	-1.425012	0.064576	0.179089	0.240506	0.03245499785989523	3.9506172839506166e-05	0.17908750474452972
85200	-2.740074	-1.779275	-1.424138	0.064566	0.179141	0.240716	0.032434895634651184	3.9506172839506166e-05	0.17914043366909027
85320	-2.739500	-1.778918	-1.423192	0.064603	0.179208	0.240944	0.03240451384335756	3.9506172839506166e-05	0.17920659482479095
85440	-2.738173	-1.778688	-1.422350	0.064688	0.179262	0.241147	0.0323847834020853	3.9506172839506166e-05	0.17926035821437836
85560	-2.737220	-1.778656	-1.421879	0.064750	0.179274	0.241260	0.03237619120627642	2.6337448559670777e-05	0.17927363514900208
85680	-2.736363	-1.778233	-1.421498	0.064806	0.179365	0.241352	0.03234134074300528	3.9506172839506166e-05	0.17936408519744873
85800	-2.735838	-1.777832	-1.420355	0.064840	0.179440	0.241628	0.03230714499950409	3.9506172839506166e-05	0.17943842709064484
85920	-2.735684	-1.777533	-1.419916	0.064850	0.179503	0.241734	0.032274875231087206	3.9506172839506166e-05	0.17950201034545898
86040	-2.734902	-1.777372	-1.420636	0.064900	0.179533	0.241560	0.032259727269411086	2.6337448559670777e-05	0.1795325130224228
86160	-2.734157	-1.777200	-1.419087	0.064949	0.179581	0.241935	0.032240304723382	3.9506172839506166e-05	0.17958123981952667
86280	-2.733087	-1.777052	-1.417606	0.065018	0.179626	0.242293	0.032232632674276826	1.7558299039780518e-05	0.17962560057640076
86400	-2.732363	-1.776734	-1.417200	0.065065	0.179691	0.242392	0.032202092558145524	3.9506172839506166e-05	0.17969118058681488
86520	-2.731233	-1.776122	-1.415438	0.065139	0.179832	0.242819	0.032149385660886765	3.9506172839506166e-05	0.17983125150203705
86640	-2.730370	-1.776024	-1.415474	0.065195	0.179863	0.242810	0.032140491716563704	3.9506172839506166e-05	0.1798626035451889
86760	-2.730097	-1.776008	-1.415807	0.065213	0.179894	0.242730	0.032138703018426897	3.9506172839506166e-05	0.17989319562911987
86880	-2.729295	-1.775796	-1.414827	0.065265	0.179940	0.242968	0.032118570804595944	1.7558299039780518e-05	0.17993992567062378
87000	-2.728528	-1.775530	-1.413787	0.065315	0.180012	0.243220	0.03209862746298313	3.9506172839506166e-05	0.18001043796539307
87120	-2.729045	-1.775295	-1.412479	0.065282	0.180077	0.243539	0.03207453638315201	3.9506172839506166e-05	0.18007633090019226
87240	-2.729217	-1.775112	-1.411033	0.065270	0.180123	0.243891	0.032056618481874466	3.9506172839506166e-05	0.18012265861034393
87360	-2.727651	-1.774670	-1.410185	0.065373	0.180218	0.244098	0.03201808128505945	2.6337448559670777e-05	0.1802177131175995
87480	-2.727370	-1.774770	-1.409604	0.065391	0.180214	0.244240	0.03202268686145544	3.9506172839506166e-05	0.18021395802497864
87600	-2.727015	-1.774600	-1.408818	0.065414	0.180277	0.244432	0.03200780544430017	3.9506172839506166e-05	0.18027609586715698
87720	-2.725893	-1.774365	-1.407441	0.065488	0.180344	0.244769	0.03199344780296087	3.9506172839506166e-05	0.18034277856349945
87840	-2.726382	-1.774666	-1.406094	0.065456	0.180319	0.245099	0.03201289065182209	3.9506172839506166e-05	0.18031911551952362
87960	-2.726751	-1.774463	-1.404411	0.065432	0.180380	0.245512	0.0319958545267582	2.6337448559670777e-05	0.18038001656532288
88080	-2.726063	-1.774483	-1.403401	0.065477	0.180403	0.245760	0.032000471651554105	3.9506172839506166e-05	0.1804022341966629
88200	-2.725648	-1.774215	-1.400752	0.065504	0.180494	0.246412	0.03197433222085237	3.9506172839506166e-05	0.18049374222755432
88320	-2.725564	-1.774317	-1.400407	0.065509	0.180505	0.246497	0.031992099992930886	3.9506172839506166e-05	0.18050356209278107
88440	-2.727258	-1.774306	-1.400180	0.065398	0.180547	0.246553	0.031987372972071174	3.9506172839506166e-05	0.1805453896522522
88560	-2.726568	-1.774303	-1.399818	0.065444	0.180567	0.246642	0.03198573011904955	3.9506172839506166e-05	0.18056674301624298
88680	-2.724970	-1.774371	-1.400597	0.065548	0.180574	0.246450	0.03198220189660787	5.925925925925925e-05	0.18057526648044586
88800	-2.726252	-1.774584	-1.400429	0.065464	0.180571	0.246491	0.03200738374143839	3.9506172839506166e-05	0.18057124316692352
88920	-2.726144	-1.774400	-1.398628	0.065471	0.180628	0.246936	0.031991994753479955	3.9506172839506166e-05	0.1806270182132721
89040	-2.724346	-1.774364	-1.396734	0.065589	0.180649	0.247404	0.0319826589897275	5.925925925925925e-05	0.18065030872821808
89160	-2.724624	-1.774274	-1.395522	0.065571	0.180709	0.247704	0.03198181502521038	5.925925925925925e-05	0.18070870637893677
89280	-2.722622	-1.774080	-1.396250	0.065702	0.180750	0.247523	0.0319611931219697	3.9506172839506166e-05	0.1807497888803482
89400	-2.723489	-1.774115	-1.395361	0.065645	0.180761	0.247744	0.03196537662297487	3.9506172839506166e-05	0.18076123297214508
89520	-2.724250	-1.774025	-1.393920	0.065595	0.180808	0.248101	0.031958194077014924	5.925925925925925e-05	0.18080708384513855
89640	-2.723339	-1.773593	-1.393316	0.065655	0.180909	0.248251	0.031918977946043016	2.6337448559670777e-05	0.1809096485376358
89760	-2.723850	-1.773714	-1.392201	0.065622	0.180913	0.248528	0.031934871524572375	3.9506172839506166e-05	0.18091164529323578
89880	-2.724521	-1.773874	-1.391719	0.065578	0.180904	0.248648	0.031942561455070975	3.9506172839506166e-05	0.18090350925922394
90000	-2.723535	-1.773913	-1.390984	0.065642	0.180917	0.248830	0.031948023848235606	3.9506172839506166e-05	0.18091632425785065
90120	-2.725880	-1.773940	-1.390402	0.065489	0.180955	0.248975	0.03195002041757107	3.9506172839506166e-05	0.1809544712305069
90240	-2.725523	-1.774320	-1.389220	0.065512	0.180916	0.249270	0.031977474503219125	5.925925925925925e-05	0.18091660737991333
90360	-2.726811	-1.774563	-1.389720	0.065428	0.180895	0.249145	0.03200229741632939	3.9506172839506166e-05	0.1808956116437912
90480	-2.726199	-1.774897	-1.387932	0.065468	0.180859	0.249591	0.032036605291068554	5.925925925925925e-05	0.18085889518260956
90600	-2.726441	-1.774921	-1.386552	0.065452	0.180881	0.249936	0.032035356387495995	3.9506172839506166e-05	0.18088071048259735
90720	-2.726749	-1.774956	-1.385195	0.065432	0.180916	0.250275	0.032044546119868754	3.9506172839506166e-05	0.18091446161270142
90840	-2.726561	-1.774698	-1.384652	0.065444	0.180992	0.250411	0.032019415870308876	3.9506172839506166e-05	0.18099184334278107
90960	-2.726538	-1.774485	-1.384704	0.065445	0.181052	0.250398	0.03200296107679605	3.9506172839506166e-05	0.18105117976665497
91080	-2.727100	-1.774501	-1.384300	0.065409	0.181075	0.250499	0.03200133051723242	3.9506172839506166e-05	0.18107439577579498
91200	-2.726185	-1.774449	-1.381672	0.065469	0.181089	0.251158	0.0320056963711977	3.9506172839506166e-05	0.1810864955186844
91320	-2.726730	-1.774244	-1.380403	0.065433	0.181160	0.251477	0.031984416767954826	5.925925925925925e-05	0.18115852773189545
91440	-2.726768	-1.774181	-1.378678	0.065430	0.181198	0.251911	0.03197016231715679	3.9506172839506166e-05	0.18119770288467407
91560	-2.726115	-1.774424	-1.377859	0.065473	0.181156	0.252118	0.031989960372447966	3.9506172839506166e-05	0.18115708231925964
91680	-2.726329	-1.774693	-1.377434	0.065459	0.181114	0.252225	0.03201742600649595	3.9506172839506166e-05	0.18111340701580048
91800	-2.725924	-1.774561	-1.376730	0.065486	0.181159	0.252403	0.03200602754950523	3.9506172839506166e-05	0.18115851283073425
91920	-2.726255	-1.774725	-1.377265	0.065464	0.181148	0.252267	0.032022063992917536	3.9506172839506166e-05	0.18114785850048065
92040	-2.726339	-1.774432	-1.376970	0.065459	0.181239	0.252342	0.031998888589441776	2.6337448559670777e-05	0.18123812973499298
92160	-2.725934	-1.774408	-1.375861	0.065485	0.181267	0.252622	0.03199106138199568	3.9506172839506166e-05	0.1812669038772583
92280	-2.726265	-1.774434	-1.375154	0.065463	0.181282	0.252801	0.03199685961008072	3.9506172839506166e-05	0.18128077685832977
92400	-2.727090	-1.774079	-1.373492	0.065409	0.181379	0.253221	0.03196740727871657	3.9506172839506166e-05	0.18137779831886292
92520	-2.726926	-1.773696	-1.372569	0.065420	0.181471	0.253455	0.031931173615157606	3.9506172839506166e-05	0.18147030472755432
92640	-2.726775	-1.773723	-1.372369	0.065430	0.181483	0.253506	0.03193529695272446	3.9506172839506166e-05	0.1814812272787094
92760	-2.726604	-1.773603	-1.371896	0.065441	0.181520	0.253626	0.03191880118101835	3.9506172839506166e-05	0.18151986598968506
92880	-2.727248	-1.773728	-1.371189	0.065399	0.181511	0.253805	0.0319319074973464	3.9506172839506166e-05	0.1815100908279419
93000	-2.727402	-1.773641	-1.370154	0.065389	0.181563	0.254068	0.031923770904541016	3.9506172839506166e-05	0.18156248331069946
93120	-2.727241	-1.773414	-1.368321	0.065399	0.181625	0.254534	0.03190987259149551	3.9506172839506166e-05	0.18162372708320618
93240	-2.726295	-1.772820	-1.367802	0.065461	0.181723	0.254666	0.03185155689716339	3.9506172839506166e-05	0.18172280490398407
93360	-2.725014	-1.772331	-1.366938	0.065545	0.181822	0.254886	0.03181169182062149	2.6337448559670777e-05	0.18182125687599182
93480	-2.724488	-1.771801	-1.366120	0.065580	0.181934	0.255095	0.03176239188760519	3.9506172839506166e-05	0.18193304538726807
93600	-2.724078	-1.771363	-1.363683	0.065607	0.182038	0.255717	0.031728034280240534	3.9506172839506166e-05	0.18203584849834442
93720	-2.724099	-1.770777	-1.362605	0.065605	0.182179	0.255993	0.03166994135826826	3.9506172839506166e-05	0.18217742443084717
93840	-2.724144	-1.770314	-1.361391	0.065602	0.182295	0.256304	0.03162540085613728	3.9506172839506166e-05	0.18229499459266663
93960	-2.723253	-1.770224	-1.360003	0.065661	0.182329	0.256660	0.0316145172342658	3.9506172839506166e-05	0.1823296844959259
94080	-2.722166	-1.770288	-1.359230	0.065732	0.182339	0.256859	0.03162229377776384	3.9506172839506166e-05	0.1823379248380661
94200	-2.721573	-1.770384	-1.357579	0.065771	0.182353	0.257283	0.03162805177271366	3.9506172839506166e-05	0.1823531985282898
94320	-2.720627	-1.770361	-1.355923	0.065833	0.182384	0.257709	0.03162944484502077	3.9506172839506166e-05	0.18238335847854614
94440	-2.719665	-1.770372	-1.354915	0.065897	0.182400	0.257969	0.031627949327230453	3.9506172839506166e-05	0.18239948153495789
94560	-2.719343	-1.770315	-1.354737	0.065918	0.182442	0.258015	0.03162310048937798	3.9506172839506166e-05	0.1824418157339096
94680	-2.719674	-1.770237	-1.352916	0.065896	0.182476	0.258485	0.031616990268230435	3.9506172839506166e-05	0.1824759542942047
94800	-2.720398	-1.770408	-1.352898	0.065849	0.182461	0.258490	0.03163100630044937	3.9506172839506166e-05	0.18246057629585266
94920	-2.719808	-1.770193	-1.351987	0.065887	0.182506	0.258726	0.031614020094275476	3.9506172839506166e-05	0.1825052946805954
95040	-2.719440	-1.770043	-1.351351	0.065912	0.182540	0.258890	0.03160293269902468	3.9506172839506166e-05	0.18253938853740692
95160	-2.719260	-1.769805	-1.349733	0.065923	0.182621	0.259309	0.03157896511256695	3.9506172839506166e-05	0.182620108127594
95280	-2.719031	-1.769764	-1.347942	0.065939	0.182645	0.259774	0.03157502338290215	3.9506172839506166e-05	0.1826438158750534
95400	-2.719388	-1.769681	-1.345665	0.065915	0.182702	0.260366	0.03157134242355823	3.9506172839506166e-05	0.18270082771778107
95520	-2.719699	-1.769396	-1.345138	0.065895	0.182759	0.260504	0.03153908029198647	5.925925925925925e-05	0.18275955319404602
95640	-2.719724	-1.768965	-1.344388	0.065893	0.182867	0.260699	0.03150891680270433	3.9506172839506166e-05	0.18286587297916412
95760	-2.719823	-1.768693	-1.343136	0.065886	0.182957	0.261026	0.031482255272567275	3.9506172839506166e-05	0.18295596539974213
95880	-2.720822	-1.768308	-1.342274	0.065821	0.183061	0.261251	0.031451412849128245	3.9506172839506166e-05	0.18305855989456177
96000	-2.720805	-1.768053	-1.341124	0.065822	0.183138	0.261552	0.031421379186213017	3.9506172839506166e-05	0.18313778936862946
96120	-2.720169	-1.767774	-1.339659	0.065864	0.183223	0.261935	0.03139890022575855	2.6337448559670777e-05	0.18322251737117767
96240	-2.721061	-1.767872	-1.338150	0.065805	0.183236	0.262331	0.031401764042675494	2.6337448559670777e-05	0.1832362711429596
96360	-2.720724	-1.767743	-1.336211	0.065827	0.183280	0.262840	0.031392449885606764	3.9506172839506166e-05	0.18328002095222473
96480	-2.720840	-1.767261	-1.334483	0.065819	0.183405	0.263294	0.03135277684777975	3.9506172839506166e-05	0.18340419232845306
96600	-2.720856	-1.766914	-1.332992	0.065818	0.183492	0.263687	0.031314289383590224	3.9506172839506166e-05	0.1834920197725296
96720	-2.719220	-1.766912	-1.333021	0.065926	0.183511	0.263679	0.03131015207618475	5.925925925925925e-05	0.18351198732852936
96840	-2.718791	-1.766644	-1.332576	0.065954	0.183570	0.263797	0.031296801008284095	2.6337448559670777e-05	0.18356917798519135
96960	-2.717997	-1.766057	-1.332906	0.066007	0.183685	0.263710	0.031248263269662856	2.6337448559670777e-05	0.1836831271648407
97080	-2.716884	-1.765651	-1.332559	0.066080	0.183766	0.263801	0.031209123972803354	3.9506172839506166e-05	0.18376488983631134
97200	-2.716531	-1.764911	-1.330431	0.066104	0.183928	0.264363	0.0311454257927835	2.6337448559670777e-05	0.18392594158649445
97320	-2.716707	-1.764593	-1.330512	0.066092	0.183995	0.264342	0.031117216031998397	2.6337448559670777e-05	0.18399323523044586
97440	-2.716765	-1.763951	-1.329657	0.066088	0.184128	0.264568	0.031055327598005535	3.9506172839506166e-05	0.1841268241405487
97560	-2.716544	-1.763257	-1.328021	0.066103	0.184276	0.265001	0.03099173316732049	2.6337448559670777e-05	0.1842755377292633
97680	-2.715954	-1.762980	-1.327383	0.066142	0.184340	0.265170	0.030964205600321294	1.7558299039780518e-05	0.18433986604213715
97800	-2.716033	-1.762593	-1.325080	0.066137	0.184433	0.265782	0.03093112464994192	2.6337448559670777e-05	0.18443253636360168
97920	-2.715320	-1.762113	-1.324446	0.066184	0.184540	0.265950	0.030889451503753662	2.6337448559670777e-05	0.18453966081142426
98040	-2.713980	-1.761609	-1.323236	0.066273	0.184649	0.266272	0.03084506643936038	3.9506172839506166e-05	0.18464867770671844
98160	-2.713016	-1.761531	-1.321994	0.066336	0.184673	0.266603	0.030838888604193926	3.9506172839506166e-05	0.18467114865779877
98280	-2.712842	-1.761244	-1.321380	0.066348	0.184750	0.266767	0.03081434341147542	3.9506172839506166e-05	0.18474921584129333
98400	-2.711343	-1.761114	-1.321851	0.066448	0.184790	0.266641	0.03079777453094721	3.9506172839506166e-05	0.18478934466838837
98520	-2.712115	-1.760759	-1.320696	0.066396	0.184884	0.266949	0.030769397784024478	3.9506172839506166e-05	0.18488280475139618
98640	-2.711457	-1.760318	-1.320186	0.066440	0.184981	0.267086	0.030731961876153947	3.9506172839506166e-05	0.18497921526432037
98760	-2.711909	-1.759934	-1.318502	0.066410	0.185095	0.267536	0.03069432908669114	3.9506172839506166e-05	0.18509303033351898
98880	-2.712773	-1.759746	-1.318720	0.066353	0.185159	0.267477	0.030673290975391863	3.9506172839506166e-05	0.1851585954427719
99000	-2.713329	-1.760000	-1.318481	0.066316	0.185126	0.267541	0.030690358392894267	3.9506172839506166e-05	0.18512748181819916
99120	-2.713501	-1.759491	-1.317684	0.066304	0.185248	0.267755	0.030655594170093538	3.9506172839506166e-05	0.18524689972400665
99240	-2.713194	-1.758886	-1.315711	0.066325	0.185399	0.268283	0.03060128279030323	3.9506172839506166e-05	0.1853964924812317
99360	-2.713001	-1.758400	-1.314231	0.066337	0.185524	0.268681	0.0305545162409544	3.9506172839506166e-05	0.1855231374502182
99480	-2.713050	-1.758008	-1.313037	0.066334	0.185620	0.269002	0.030522005259990694	1.7558299039780518e-05	0.18561886250972748
99600	-2.712502	-1.757543	-1.312000	0.066371	0.185722	0.269281	0.03047796580940485	3.9506172839506166e-05	0.18572111427783966
99720	-2.712109	-1.757060	-1.310208	0.066397	0.185840	0.269764	0.030430350545793773	3.9506172839506166e-05	0.18584033846855164
99840	-2.711148	-1.756849	-1.309109	0.066460	0.185901	0.270061	0.0304130706936121	3.9506172839506166e-05	0.1859010010957718
99960	-2.711356	-1.756719	-1.308391	0.066447	0.185948	0.270255	0.03039475791156292	3.9506172839506166e-05	0.18594890832901
100080	-2.710782	-1.756508	-1.307842	0.066485	0.185996	0.270403	0.030386696662753822	2.6337448559670777e-05	0.18599490821361542
100200	-2.711508	-1.756103	-1.307829	0.066437	0.186089	0.270406	0.030344291869550944	3.9506172839506166e-05	0.18608906865119934
100320	-2.711030	-1.755475	-1.306413	0.066468	0.186224	0.270790	0.03029578048735857	2.6337448559670777e-05	0.18622246384620667
100440	-2.711161	-1.755139	-1.306967	0.066460	0.186301	0.270640	0.030259974487125873	2.6337448559670777e-05	0.1863003373146057
100560	-2.710855	-1.754716	-1.307013	0.066480	0.186389	0.270627	0.030222068168222906	2.6337448559670777e-05	0.18638893961906433
100680	-2.711409	-1.754369	-1.306439	0.066443	0.186450	0.270783	0.03019307255744934	1.7558299039780518e-05	0.18644891679286957
100800	-2.710799	-1.754054	-1.306115	0.066484	0.186505	0.270870	0.030165497213602066	2.6337448559670777e-05	0.18650369346141815
100920	-2.710379	-1.753837	-1.306312	0.066512	0.186535	0.270817	0.030143808200955392	2.6337448559670777e-05	0.18653486669063568
101040	-2.709869	-1.753234	-1.305250	0.066546	0.186653	0.271105	0.03009401299059391	2.6337448559670777e-05	0.18665196001529694
101160	-2.710647	-1.752841	-1.305040	0.066494	0.186729	0.271162	0.030057065095752476	2.6337448559670777e-05	0.18672749400138855
101280	-2.710704	-1.752598	-1.304887	0.066490	0.186772	0.271203	0.03003319213166833	1.7558299039780518e-05	0.18677139282226562
101400	-2.709962	-1.751832	-1.304417	0.066539	0.186911	0.271331	0.029973747953772546	3.9506172839506166e-05	0.18690860271453857
101520	-2.709859	-1.751297	-1.304267	0.066546	0.187013	0.271371	0.029915003292262553	1.7558299039780518e-05	0.18701288104057312
101640	-2.711308	-1.750807	-1.304059	0.066450	0.187125	0.271428	0.02987478198483586	2.6337448559670777e-05	0.18712322413921356
101760	-2.711137	-1.750261	-1.303869	0.066461	0.187225	0.271479	0.029826320055872203	3.9506172839506166e-05	0.1872231513261795
101880	-2.710913	-1.749514	-1.303089	0.066476	0.187372	0.271691	0.029757238551974298	2.6337448559670777e-05	0.18737046420574188
102000	-2.710977	-1.748925	-1.302526	0.066472	0.187482	0.271844	0.029704947397112845	2.6337448559670777e-05	0.1874801516532898
102120	-2.711002	-1.748469	-1.301450	0.066470	0.187573	0.272137	0.02966529382392764	3.9506172839506166e-05	0.18757206201553345
102240	-2.709410	-1.748069	-1.300975	0.066576	0.187644	0.272266	0.029625511541962624	3.9506172839506166e-05	0.1876431405544281
102360	-2.708444	-1.747552	-1.299657	0.066640	0.187749	0.272625	0.029583900701254606	2.6337448559670777e-05	0.18774724006652832
102480	-2.707936	-1.746950	-1.299457	0.066674	0.187873	0.272680	0.029528308380395173	2.6337448559670777e-05	0.18787196278572083
102600	-2.707946	-1.746251	-1.299035	0.066674	0.188009	0.272795	0.0294624425470829	2.6337448559670777e-05	0.18800851702690125
102720	-2.707228	-1.745820	-1.299211	0.066721	0.188097	0.272747	0.029424672294408084	3.9506172839506166e-05	0.18809545040130615
102840	-2.707233	-1.745046	-1.298559	0.066721	0.188253	0.272925	0.02935109306126833	2.6337448559670777e-05	0.18825273215770721
102960	-2.707223	-1.744484	-1.298192	0.066722	0.188368	0.273025	0.029302180372178556	2.6337448559670777e-05	0.18836745619773865
103080	-2.705922	-1.744205	-1.297769	0.066809	0.188424	0.273141	0.029280339274555443	2.6337448559670777e-05	0.18842267990112305
103200	-2.706696	-1.744007	-1.297140	0.066757	0.188471	0.273312	0.02925631497055292	2.6337448559670777e-05	0.18847085535526276
103320	-2.706887	-1.743755	-1.295578	0.066744	0.188537	0.273740	0.029235266149044037	3.9506172839506166e-05	0.1885358989238739
103440	-2.706723	-1.743632	-1.294389	0.066755	0.188583	0.274065	0.029225869011133908	3.9506172839506166e-05	0.18858161568641663
103560	-2.705403	-1.743185	-1.293472	0.066843	0.188671	0.274317	0.02918475093320012	2.6337448559670777e-05	0.18866987526416779
103680	-2.704974	-1.743245	-1.293230	0.066872	0.188673	0.274383	0.02918367777019739	2.6337448559670777e-05	0.18867388367652893
103800	-2.705817	-1.743125	-1.292892	0.066816	0.188705	0.274476	0.02917492464184761	3.9506172839506166e-05	0.18870562314987183
103920	-2.705800	-1.742659	-1.292446	0.066817	0.188805	0.274598	0.029135596938431263	3.9506172839506166e-05	0.1888049840927124
104040	-2.705925	-1.742552	-1.291901	0.066808	0.188849	0.274748	0.029126414470374583	2.6337448559670777e-05	0.18884898722171783
104160	-2.705873	-1.742320	-1.290536	0.066812	0.188919	0.275123	0.02910698428750038	2.6337448559670777e-05	0.18891893327236176
104280	-2.705862	-1.742511	-1.290772	0.066813	0.188896	0.275058	0.029123709164559843	2.6337448559670777e-05	0.18889522552490234
104400	-2.705964	-1.742322	-1.290811	0.066806	0.188949	0.275048	0.029103333596140146	3.9506172839506166e-05	0.1889488399028778
104520	-2.706640	-1.742120	-1.289812	0.066761	0.189015	0.275322	0.029091199301183222	3.9506172839506166e-05	0.18901316821575165
104640	-2.705889	-1.741617	-1.288880	0.066811	0.189128	0.275579	0.029042392410337924	2.6337448559670777e-05	0.18912816047668457
104760	-2.706667	-1.741197	-1.288262	0.066759	0.189237	0.275749	0.02900544460862875	2.6337448559670777e-05	0.18923622369766235
104880	-2.707076	-1.741229	-1.287153	0.066732	0.189242	0.276056	0.029003815073519946	2.6337448559670777e-05	0.18924248218536377
105000	-2.707774	-1.741036	-1.287479	0.066685	0.189309	0.275966	0.028993232734501363	3.9506172839506166e-05	0.18930797278881073
105120	-2.707972	-1.740761	-1.286471	0.066672	0.189393	0.276244	0.0289650353603065	2.6337448559670777e-05	0.18939220905303955
105240	-2.707583	-1.740771	-1.285735	0.066698	0.189406	0.276447	0.02896972307935357	3.9506172839506166e-05	0.18940457701683044
105360	-2.708292	-1.741051	-1.284993	0.066651	0.189357	0.276652	0.028983761183917524	3.9506172839506166e-05	0.18935900926589966
105480	-2.707849	-1.740637	-1.283481	0.066680	0.189465	0.277071	0.028958591911941767	3.9506172839506166e-05	0.18946312367916107
105600	-2.706855	-1.740448	-1.283817	0.066746	0.189499	0.276978	0.028935483284294607	2.6337448559670777e-05	0.1894989162683487
105720	-2.706239	-1.740091	-1.282533	0.066788	0.189587	0.277334	0.028903171233832837	3.9506172839506166e-05	0.18958671391010284
105840	-2.706139	-1.740134	-1.281622	0.066794	0.189594	0.277587	0.028908640798181295	3.9506172839506166e-05	0.18959370255470276
105960	-2.705362	-1.739987	-1.281462	0.066846	0.189636	0.277631	0.028898005560040473	3.9506172839506166e-05	0.18963520228862762
106080	-2.706021	-1.739895	-1.280517	0.066802	0.189680	0.277893	0.0288910617120564	3.9506172839506166e-05	0.18967920541763306
106200	-2.706292	-1.740005	-1.280406	0.066784	0.189672	0.277924	0.028892923146486282	3.9506172839506166e-05	0.18967318534851074
106320	-2.706419	-1.740167	-1.279569	0.066776	0.189668	0.278157	0.028915637265890838	3.9506172839506166e-05	0.18966643512248993
106440	-2.706850	-1.739963	-1.278936	0.066747	0.189748	0.278333	0.028893989510834217	3.9506172839506166e-05	0.18974663317203522
106560	-2.707299	-1.739946	-1.278345	0.066717	0.189757	0.278498	0.028891655895859004	3.9506172839506166e-05	0.18975697457790375
106680	-2.705747	-1.739571	-1.278715	0.066820	0.189844	0.278395	0.028862371854484082	3.9506172839506166e-05	0.18984177708625793
106800	-2.705569	-1.739167	-1.278146	0.066832	0.189949	0.278553	0.028820292092859745	3.9506172839506166e-05	0.18994885683059692
106920	-2.705046	-1.738799	-1.277437	0.066867	0.190027	0.278751	0.02878876505419612	2.6337448559670777e-05	0.19002710282802582
107040	-2.704083	-1.738630	-1.277035	0.066932	0.190079	0.278863	0.02877769377082586	3.9506172839506166e-05	0.19007693231105804
107160	-2.702858	-1.738207	-1.274642	0.067014	0.190188	0.279531	0.02874595643952489	5.925925925925925e-05	0.19018541276454926
107280	-2.702981	-1.737642	-1.273295	0.067005	0.190319	0.279908	0.028686406649649145	2.6337448559670777e-05	0.19031842052936554
107400	-2.701759	-1.737309	-1.271923	0.067087	0.190400	0.280292	0.028656120877712965	2.6337448559670777e-05	0.1903991401195526
107520	-2.701128	-1.736666	-1.271469	0.067130	0.190523	0.280419	0.02860073568299413	3.9506172839506166e-05	0.1905229389667511
107640	-2.701051	-1.736507	-1.271127	0.067135	0.190565	0.280515	0.02858154019340873	3.9506172839506166e-05	0.19056425988674164
107760	-2.701654	-1.736332	-1.269631	0.067094	0.190622	0.280935	0.028567747492343188	3.9506172839506166e-05	0.19062185287475586
107880	-2.701027	-1.735985	-1.268948	0.067137	0.190694	0.281127	0.02852991232648492	3.9506172839506166e-05	0.19069500267505646
108000	-2.700345	-1.735937	-1.268496	0.067182	0.190732	0.281254	0.028529199492186307	3.9506172839506166e-05	0.19073237478733063
108120	-2.699180	-1.735436	-1.268162	0.067261	0.190840	0.281348	0.02849606303498149	5.925925925925925e-05	0.1908370852470398
108240	-2.699155	-1.735509	-1.268436	0.067262	0.190838	0.281271	0.028492193017154933	5.925925925925925e-05	0.19083748757839203
108360	-2.699136	-1.734969	-1.267031	0.067264	0.190971	0.281667	0.028445296548306943	3.9506172839506166e-05	0.19097019731998444
108480	-2.698867	-1.734452	-1.265675	0.067282	0.191094	0.282049	0.028404358960688113	3.9506172839506166e-05	0.19109156727790833
108600	-2.698652	-1.734246	-1.264790	0.067296	0.191157	0.282298	0.028380112256854773	2.6337448559670777e-05	0.19115616381168365
108720	-2.698424	-1.733815	-1.262745	0.067311	0.191276	0.282876	0.028346084523946047	3.9506172839506166e-05	0.19127467274665833
108840	-2.698493	-1.733757	-1.262332	0.067307	0.191313	0.282993	0.028329405188560485	3.9506172839506166e-05	0.1913127899169922
108960	-2.698499	-1.733146	-1.260563	0.067306	0.191465	0.283494	0.028278051782399415	3.9506172839506166e-05	0.19146496057510376
109080	-2.697642	-1.732916	-1.259882	0.067364	0.191533	0.283687	0.028260793536901474	3.9506172839506166e-05	0.19153209030628204
109200	-2.697998	-1.732799	-1.259707	0.067340	0.191596	0.283737	0.028249107394367458	3.9506172839506166e-05	0.19159547984600067
109320	-2.696055	-1.732196	-1.258455	0.067471	0.191731	0.284093	0.028199664875864984	3.9506172839506166e-05	0.1917290836572647
109440	-2.694566	-1.732340	-1.257300	0.067572	0.191712	0.284421	0.028206811659038065	2.6337448559670777e-05	0.19171153008937836
109560	-2.694220	-1.731927	-1.255525	0.067595	0.191816	0.284926	0.02817012695595622	3.9506172839506166e-05	0.19181525707244873
109680	-2.694709	-1.731834	-1.256063	0.067562	0.191859	0.284773	0.028165636770427226	3.9506172839506166e-05	0.19185782968997955
109800	-2.693954	-1.731489	-1.254832	0.067613	0.191939	0.285124	0.02813633643090725	3.9506172839506166e-05	0.19193735718727112
109920	-2.693437	-1.731181	-1.252782	0.067648	0.192023	0.285709	0.028104458283632994	5.925925925925925e-05	0.1920223832130432
110040	-2.693200	-1.730886	-1.252804	0.067664	0.192086	0.285703	0.028073958400636912	3.9506172839506166e-05	0.1920860856771469
110160	-2.692152	-1.730614	-1.250268	0.067735	0.192163	0.286428	0.028054452128708364	5.925925925925925e-05	0.19216139614582062
110280	-2.690687	-1.730212	-1.248407	0.067834	0.192254	0.286961	0.028018447570502758	3.9506172839506166e-05	0.19225332140922546
110400	-2.689599	-1.729883	-1.247542	0.067908	0.192338	0.287210	0.027986985631287098	3.9506172839506166e-05	0.19233757257461548
110520	-2.688082	-1.729254	-1.245261	0.068011	0.192508	0.287866	0.0279338832013309	3.9506172839506166e-05	0.19250619411468506
110640	-2.686693	-1.728431	-1.244161	0.068106	0.192676	0.288183	0.027859013900160788	3.9506172839506166e-05	0.19267545640468597
110760	-2.687003	-1.727994	-1.242810	0.068085	0.192795	0.288572	0.0278131159953773	3.9506172839506166e-05	0.1927953064441681
110880	-2.686739	-1.727479	-1.241937	0.068103	0.192929	0.288824	0.027773645427078008	3.9506172839506166e-05	0.19292764365673065
111000	-2.686589	-1.727018	-1.241601	0.068113	0.193035	0.288921	0.02773024281486869	3.9506172839506166e-05	0.1930345743894577
111120	-2.686628	-1.727018	-1.241043	0.068110	0.193059	0.289083	0.027720131911337376	3.9506172839506166e-05	0.19305990636348724
111240	-2.686410	-1.726548	-1.240464	0.068125	0.193177	0.289250	0.027685218770056964	2.6337448559670777e-05	0.19317658245563507
111360	-2.686033	-1.726393	-1.239300	0.068151	0.193238	0.289587	0.027673777472227813	2.6337448559670777e-05	0.19323675334453583
111480	-2.684939	-1.725904	-1.238392	0.068225	0.193343	0.289850	0.027627162169665098	2.6337448559670777e-05	0.1933426707983017
111600	-2.685132	-1.725374	-1.237562	0.068212	0.193469	0.290091	0.027587338443845512	2.6337448559670777e-05	0.19346767663955688
111720	-2.684492	-1.724961	-1.237150	0.068256	0.193561	0.290210	0.02754709543660283	3.9506172839506166e-05	0.1935598999261856
111840	-2.684180	-1.724860	-1.236152	0.068277	0.193624	0.290500	0.02753261271864176	2.6337448559670777e-05	0.19362448155879974
111960	-2.684893	-1.724627	-1.234439	0.068228	0.193703	0.290998	0.027509726863354445	3.9506172839506166e-05	0.1937025636434555
112080	-2.684420	-1.724528	-1.233882	0.068261	0.193740	0.291160	0.027504004910588263	3.9506172839506166e-05	0.1937400847673416
112200	-2.683169	-1.724234	-1.234053	0.068346	0.193803	0.291110	0.027479727938771247	2.6337448559670777e-05	0.1938018947839737
112320	-2.681872	-1.724008	-1.233633	0.068435	0.193871	0.291233	0.027452465239912273	3.9506172839506166e-05	0.19387128949165344
112440	-2.681692	-1.723967	-1.233492	0.068447	0.193890	0.291274	0.027454969007521868	3.9506172839506166e-05	0.1938886195421219
112560	-2.680711	-1.723580	-1.232044	0.068514	0.193988	0.291696	0.027426732424646615	2.6337448559670777e-05	0.1939859390258789
112680	-2.678681	-1.723074	-1.230413	0.068654	0.194091	0.292172	0.02737647034227848	3.9506172839506166e-05	0.19408990442752838
112800	-2.676990	-1.722463	-1.229188	0.068770	0.194219	0.292530	0.027320933435112237	3.9506172839506166e-05	0.19421879947185516
112920	-2.676432	-1.722387	-1.230047	0.068808	0.194229	0.292279	0.027308756485581398	3.9506172839506166e-05	0.1942296028137207
113040	-2.676700	-1.722112	-1.229366	0.068790	0.194310	0.292478	0.027286493126302956	1.7558299039780518e-05	0.19430957734584808
113160	-2.675912	-1.721908	-1.228585	0.068844	0.194346	0.292707	0.027271513268351553	1.7558299039780518e-05	0.19434568285942078
113280	-2.675388	-1.721588	-1.227462	0.068880	0.194414	0.293035	0.027240667305886746	3.9506172839506166e-05	0.19441400468349457
113400	-2.674702	-1.721323	-1.226823	0.068927	0.194482	0.293223	0.027217159140855075	2.6337448559670777e-05	0.19448113441467285
113520	-2.673873	-1.721037	-1.226065	0.068985	0.194541	0.293445	0.027193326316773892	2.6337448559670777e-05	0.19454064965248108
113640	-2.673015	-1.720592	-1.224816	0.069044	0.194638	0.293812	0.027156187873333692	2.6337448559670777e-05	0.19463595747947693
113760	-2.672491	-1.720363	-1.224324	0.069080	0.194695	0.293956	0.027130996249616145	3.9506172839506166e-05	0.19469395279884338
113880	-2.671222	-1.720010	-1.224249	0.069168	0.194762	0.293978	0.027099465671926736	3.9506172839506166e-05	0.19476155936717987
114000	-2.670359	-1.719581	-1.223942	0.069227	0.194864	0.294069	0.027056415844708682	3.9506172839506166e-05	0.1948641836643219
114120	-2.670303	-1.719046	-1.223075	0.069231	0.194987	0.294324	0.027016767486929893	3.9506172839506166e-05	0.19498518109321594
114240	-2.668992	-1.718663	-1.222210	0.069322	0.195081	0.294579	0.02698246967047453	2.6337448559670777e-05	0.19507910311222076
114360	-2.667980	-1.718269	-1.221807	0.069392	0.195162	0.294697	0.02694759601727128	3.9506172839506166e-05	0.1951601505279541
114480	-2.667750	-1.717779	-1.220699	0.069408	0.195274	0.295024	0.026899288687855006	1.1705532693187011e-05	0.19527345895767212
114600	-2.667225	-1.717465	-1.220159	0.069445	0.195341	0.295183	0.026870000641793013	1.7558299039780518e-05	0.19534024596214294
114720	-2.665873	-1.716804	-1.219152	0.069539	0.195466	0.295480	0.026814353093504904	2.6337448559670777e-05	0.1954653263092041
114840	-2.664103	-1.716434	-1.218216	0.069662	0.195544	0.295757	0.02677578367292881	3.9506172839506166e-05	0.19554387032985687
114960	-2.663266	-1.716175	-1.217877	0.069720	0.195575	0.295858	0.02675041100010276	3.9506172839506166e-05	0.19557522237300873
115080	-2.662950	-1.715723	-1.217260	0.069742	0.195664	0.296040	0.02671597506850958	1.7558299039780518e-05	0.1956624537706375
115200	-2.661577	-1.715404	-1.215582	0.069838	0.195721	0.296537	0.026686231046915053	3.9506172839506166e-05	0.1957201063632965
115320	-2.660644	-1.714761	-1.214558	0.069903	0.195856	0.296841	0.026627547200769187	2.6337448559670777e-05	0.19585542380809784
115440	-2.660213	-1.714362	-1.214918	0.069933	0.195953	0.296734	0.026596157252788542	2.6337448559670777e-05	0.1959509700536728
115560	-2.659093	-1.713926	-1.214521	0.070012	0.196037	0.296852	0.026551467180252076	1.7558299039780518e-05	0.19603610038757324
115680	-2.657841	-1.713392	-1.213391	0.070099	0.196151	0.297188	0.026508747786283492	3.9506172839506166e-05	0.19614994525909424
115800	-2.656550	-1.712855	-1.212949	0.070190	0.196252	0.297319	0.026462400518357753	3.9506172839506166e-05	0.19624987244606018
115920	-2.655972	-1.712307	-1.211342	0.070231	0.196364	0.297797	0.02641154071316123	2.6337448559670777e-05	0.19636231660842896
116040	-2.655418	-1.711983	-1.211012	0.070269	0.196424	0.297896	0.026371923834085466	1.7558299039780518e-05	0.19642488658428192
116160	-2.654530	-1.711576	-1.210577	0.070332	0.196504	0.298025	0.02634468851611018	2.6337448559670777e-05	0.19650235772132874
116280	-2.653912	-1.711296	-1.209596	0.070375	0.196570	0.298318	0.026315023843199014	2.6337448559670777e-05	0.19656912982463837
116400	-2.652558	-1.710862	-1.208807	0.070471	0.196658	0.298553	0.026274545583873987	1.7558299039780518e-05	0.1966577172279358
116520	-2.651229	-1.710549	-1.208278	0.070564	0.196720	0.298711	0.026250774133950473	2.6337448559670777e-05	0.19671836495399475
116640	-2.650348	-1.710107	-1.207496	0.070627	0.196808	0.298945	0.02620786977931857	1.1705532693187011e-05	0.19680792093276978
116760	-2.650205	-1.709698	-1.206990	0.070637	0.196898	0.299096	0.02617224296554923	2.6337448559670777e-05	0.19689711928367615
116880	-2.649707	-1.709329	-1.205492	0.070672	0.196990	0.299545	0.02614015098661184	1.7558299039780518e-05	0.19698908925056458
117000	-2.649616	-1.709094	-1.204858	0.070678	0.197038	0.299735	0.026115048304200174	1.1705532693187011e-05	0.19703787565231323
117120	-2.648268	-1.708490	-1.204954	0.070774	0.197125	0.299706	0.02606729241088033	3.9506172839506166e-05	0.19712409377098083
117240	-2.647982	-1.708231	-1.204510	0.070794	0.197176	0.299839	0.02603883733972907	2.6337448559670777e-05	0.19717518985271454
117360	-2.647553	-1.707758	-1.203793	0.070824	0.197274	0.300054	0.02599751725792885	1.1705532693187011e-05	0.19727344810962677
117480	-2.647097	-1.707140	-1.201458	0.070857	0.197414	0.300755	0.025946088321506976	3.9506172839506166e-05	0.19741187989711761
117600	-2.646668	-1.706419	-1.199899	0.070887	0.197567	0.301225	0.02587726740166545	3.9506172839506166e-05	0.19756652414798737
117720	-2.646453	-1.705952	-1.198770	0.070902	0.197667	0.301565	0.02583244340494275	2.6337448559670777e-05	0.1976669877767563
117840	-2.645892	-1.705356	-1.197792	0.070942	0.197789	0.301860	0.025784070231020452	2.6337448559670777e-05	0.19778716564178467
117960	-2.645268	-1.704599	-1.196206	0.070986	0.197941	0.302339	0.02571284770965576	1.7558299039780518e-05	0.19793999195098877
118080	-2.644191	-1.704057	-1.196162	0.071063	0.198068	0.302352	0.02567099705338478	3.9506172839506166e-05	0.19806629419326782
118200	-2.643412	-1.703386	-1.195012	0.071118	0.198212	0.302700	0.0256027621217072	3.9506172839506166e-05	0.1982114315032959
118320	-2.643059	-1.702756	-1.193930	0.071143	0.198359	0.303028	0.02555012423545122	1.7558299039780518e-05	0.19835788011550903
118440	-2.643064	-1.702305	-1.193476	0.071143	0.198461	0.303166	0.025505517330020665	1.7558299039780518e-05	0.19846069812774658
118560	-2.642858	-1.702036	-1.192948	0.071158	0.198526	0.303326	0.025477396231144665	2.6337448559670777e-05	0.1985265612602234
118680	-2.642337	-1.701529	-1.192086	0.071195	0.198629	0.303587	0.025442174822092056	3.9506172839506166e-05	0.19862700998783112
118800	-2.641298	-1.701022	-1.191676	0.071269	0.198731	0.303712	0.02538635628297925	3.9506172839506166e-05	0.19873179495334625
118920	-2.639747	-1.700516	-1.191602	0.071379	0.198823	0.303734	0.0253458296880126	3.9506172839506166e-05	0.19882279634475708
119040	-2.639359	-1.700297	-1.190851	0.071407	0.198881	0.303963	0.02532304748892784	3.9506172839506166e-05	0.19888073205947876
119160	-2.638263	-1.700030	-1.190987	0.071485	0.198921	0.303921	0.02529936730861664	3.9506172839506166e-05	0.1989213228225708
119280	-2.638047	-1.699562	-1.190066	0.071501	0.199022	0.304201	0.02526358561590314	3.9506172839506166e-05	0.19901998341083527
119400	-2.637709	-1.699128	-1.189559	0.071525	0.199105	0.304356	0.025221738778054715	2.6337448559670777e-05	0.19910430908203125
119520	-2.636741	-1.698889	-1.189855	0.071594	0.199150	0.304265	0.02519700126722455	3.9506172839506166e-05	0.19915008544921875
119640	-2.635538	-1.698622	-1.189634	0.071680	0.199206	0.304333	0.025175292510539293	3.9506172839506166e-05	0.1992051899433136
119760	-2.635588	-1.698291	-1.189117	0.071677	0.199282	0.304490	0.02514173835515976	3.9506172839506166e-05	0.1992824375629425
119880	-2.635616	-1.698375	-1.188677	0.071675	0.199282	0.304624	0.025150413066148757	2.6337448559670777e-05	0.1992816925048828
120000	-2.634531	-1.698092	-1.186585	0.071753	0.199351	0.305262	0.025125476717948913	2.6337448559670777e-05	0.19935080409049988
120120	-2.633860	-1.697841	-1.185939	0.071801	0.199405	0.305459	0.025103979185223578	3.9506172839506166e-05	0.19940419495105743
120240	-2.632624	-1.697273	-1.185802	0.071890	0.199522	0.305501	0.02505308771505952	5.925925925925925e-05	0.19952155649662018
120360	-2.631414	-1.696716	-1.185012	0.071977	0.199638	0.305742	0.025004146993160246	3.9506172839506166e-05	0.19963718950748444
120480	-2.631472	-1.696658	-1.184416	0.071972	0.199668	0.305925	0.02499164007604122	3.9506172839506166e-05	0.19966791570186615
120600	-2.630139	-1.696335	-1.184074	0.072068	0.199722	0.306029	0.024965308606624603	3.9506172839506166e-05	0.19972164928913116
120720	-2.629664	-1.696162	-1.183756	0.072103	0.199754	0.306127	0.024953934829682112	2.6337448559670777e-05	0.19975337386131287
120840	-2.629614	-1.695819	-1.182939	0.072106	0.199835	0.306377	0.02492268243804574	3.9506172839506166e-05	0.19983379542827606
120960	-2.629160	-1.695369	-1.182377	0.072139	0.199934	0.306549	0.024882118776440622	2.6337448559670777e-05	0.19993367791175842
121080	-2.628285	-1.694950	-1.182685	0.072202	0.200013	0.306455	0.024844957608729602	3.9506172839506166e-05	0.20001180469989777
121200	-2.629234	-1.694758	-1.181713	0.072134	0.200075	0.306753	0.024831770174205302	3.9506172839506166e-05	0.200072780251503
121320	-2.629057	-1.694323	-1.180379	0.072146	0.200181	0.307162	0.024786150362342597	3.9506172839506166e-05	0.20018023252487183
121440	-2.629257	-1.694149	-1.179659	0.072132	0.200234	0.307384	0.02477080412209034	2.6337448559670777e-05	0.2002335786819458
121560	-2.628650	-1.693781	-1.179153	0.072176	0.200310	0.307539	0.024741745740175246	5.925925925925925e-05	0.20030933618545532
121680	-2.627429	-1.693372	-1.177212	0.072264	0.200397	0.308136	0.02470943722873926	3.9506172839506166e-05	0.2003943920135498
121800	-2.626972	-1.692887	-1.176318	0.072297	0.200504	0.308412	0.024662220012396575	3.9506172839506166e-05	0.20050273835659027
121920	-2.626819	-1.692729	-1.175776	0.072308	0.200551	0.308580	0.02464272575452924	2.6337448559670777e-05	0.20055070519447327
122040	-2.625898	-1.692333	-1.175278	0.072375	0.200647	0.308733	0.024605443887412547	2.6337448559670777e-05	0.20064666867256165
122160	-2.624990	-1.691840	-1.173639	0.072440	0.200768	0.309240	0.02456181524321437	3.9506172839506166e-05	0.2007688730955124
122280	-2.623885	-1.691467	-1.173414	0.072521	0.200853	0.309309	0.02453026855364442	2.6337448559670777e-05	0.2008526772260666
122400	-2.623915	-1.691042	-1.172937	0.072518	0.200963	0.309457	0.0244948691688478	3.9506172839506166e-05	0.20096194744110107
122520	-2.622740	-1.690396	-1.172642	0.072604	0.201102	0.309548	0.024437498301267624	2.6337448559670777e-05	0.2011004090309143
122640	-2.623239	-1.689937	-1.170987	0.072567	0.201227	0.310061	0.0243953469209373	3.9506172839506166e-05	0.20122462511062622
122760	-2.623381	-1.689315	-1.169333	0.072557	0.201374	0.310574	0.0243413002230227	2.6337448559670777e-05	0.20137251913547516
122880	-2.623428	-1.688886	-1.169731	0.072554	0.201468	0.310451	0.02429929282516241	1.1705532693187011e-05	0.201466903090477
123000	-2.622651	-1.688533	-1.168668	0.072610	0.201563	0.310781	0.024267079308629036	3.9506172839506166e-05	0.20156188309192657
123120	-2.621848	-1.688094	-1.167287	0.072668	0.201671	0.311210	0.024231387581676245	2.6337448559670777e-05	0.2016698122024536
123240	-2.621584	-1.687603	-1.166875	0.072688	0.201778	0.311338	0.024181210808455943	2.6337448559670777e-05	0.20177747309207916
123360	-2.621919	-1.687305	-1.166669	0.072663	0.201844	0.311403	0.02415730766952038	3.9506172839506166e-05	0.2018425017595291
123480	-2.621617	-1.686943	-1.166714	0.072685	0.201920	0.311389	0.024127744883298875	2.6337448559670777e-05	0.20191867649555206
123600	-2.620617	-1.686280	-1.165505	0.072758	0.202069	0.311765	0.024066924583166838	3.9506172839506166e-05	0.2020680010318756
123720	-2.618937	-1.685624	-1.164523	0.072880	0.202217	0.312072	0.024008858017623425	3.9506172839506166e-05	0.20221491158008575
123840	-2.617960	-1.685327	-1.165508	0.072951	0.202265	0.311764	0.023975675366818903	3.9506172839506166e-05	0.2022646814584732
123960	-2.617336	-1.684752	-1.164718	0.072997	0.202403	0.312010	0.02392773050814867	3.9506172839506166e-05	0.20240193605422974
124080	-2.616656	-1.684487	-1.164035	0.073047	0.202479	0.312224	0.02390172015875578	1.7558299039780518e-05	0.2024785727262497
124200	-2.615824	-1.683985	-1.163199	0.073108	0.202579	0.312485	0.02385641047731042	1.7558299039780518e-05	0.20257864892482758
124320	-2.614195	-1.683455	-1.161928	0.073227	0.202699	0.312882	0.02381922574713826	3.9506172839506166e-05	0.20269621908664703
124440	-2.612882	-1.682484	-1.160753	0.073323	0.202891	0.313250	0.023723097704350948	1.1705532693187011e-05	0.20289050042629242
124560	-2.612149	-1.681945	-1.159527	0.073377	0.203004	0.313634	0.02367705525830388	2.6337448559670777e-05	0.20300200581550598
124680	-2.611948	-1.681433	-1.158756	0.073391	0.203134	0.313876	0.023627476673573254	3.9506172839506166e-05	0.20313364267349243
124800	-2.611561	-1.680973	-1.157592	0.073420	0.203225	0.314242	0.023588328808546066	1.1705532693187011e-05	0.2032233476638794
124920	-2.611241	-1.680504	-1.156148	0.073443	0.203327	0.314696	0.023543666861951352	2.6337448559670777e-05	0.20332716405391693
125040	-2.609981	-1.679743	-1.154841	0.073536	0.203477	0.315108	0.023479339294135572	1.7558299039780518e-05	0.2034752368927002
125160	-2.609591	-1.679388	-1.154929	0.073565	0.203545	0.315080	0.023441772907972336	1.1705532693187011e-05	0.2035442590713501
125280	-2.608520	-1.678523	-1.153708	0.073643	0.203731	0.315465	0.023367837723344564	3.9506172839506166e-05	0.20372989773750305
125400	-2.608298	-1.678365	-1.154385	0.073660	0.203760	0.315251	0.023349796049296857	3.9506172839506166e-05	0.2037593424320221
125520	-2.606894	-1.677793	-1.153817	0.073763	0.203879	0.315430	0.023299075197428465	2.6337448559670777e-05	0.20387838780879974
125640	-2.606093	-1.677517	-1.153608	0.073822	0.203943	0.315496	0.023277088161557914	2.6337448559670777e-05	0.20394198596477509
125760	-2.605841	-1.677217	-1.152646	0.073841	0.204025	0.315800	0.02324760043993592	1.7558299039780518e-05	0.20402424037456512
125880	-2.605675	-1.676711	-1.151719	0.073853	0.204147	0.316093	0.023203712049871685	1.7558299039780518e-05	0.20414602756500244
126000	-2.604797	-1.676156	-1.151363	0.073918	0.204276	0.316206	0.023150770366191863	3.9506172839506166e-05	0.20427580177783966
126120	-2.604692	-1.676008	-1.150536	0.073926	0.204320	0.316467	0.023137683980166912	3.9506172839506166e-05	0.20431900024414062
126240	-2.603762	-1.675568	-1.150113	0.073995	0.204423	0.316601	0.023100982792675494	3.9506172839506166e-05	0.20442163944244385
126360	-2.603154	-1.675217	-1.148301	0.074040	0.204506	0.317175	0.02307026507332921	3.9506172839506166e-05	0.20450468361377716
126480	-2.601991	-1.674661	-1.147285	0.074126	0.204622	0.317498	0.0230235168710351	1.7558299039780518e-05	0.20462076365947723
126600	-2.601427	-1.674002	-1.146507	0.074168	0.204767	0.317745	0.022963264398276804	3.9506172839506166e-05	0.2047659158706665
126720	-2.599842	-1.673371	-1.145382	0.074285	0.204891	0.318102	0.022905180230736732	7.803688462124674e-06	0.20489028096199036
126840	-2.599018	-1.672930	-1.144803	0.074347	0.204982	0.318287	0.022864522505551578	1.7558299039780518e-05	0.20498152077198029
126960	-2.597563	-1.672382	-1.143786	0.074455	0.205097	0.318611	0.022818649746477605	2.6337448559670777e-05	0.20509500801563263
127080	-2.597512	-1.671674	-1.143055	0.074459	0.205241	0.318843	0.022751649376004934	1.7558299039780518e-05	0.20523983240127563
127200	-2.597303	-1.671227	-1.142550	0.074474	0.205330	0.319004	0.022710180561989545	1.1705532693187011e-05	0.20532912015914917
127320	-2.597079	-1.671026	-1.142160	0.074491	0.205376	0.319129	0.02268941318616271	2.6337448559670777e-05	0.20537520945072174
127440	-2.595557	-1.670503	-1.141416	0.074604	0.205497	0.319367	0.022651568334549666	3.9506172839506166e-05	0.20549382269382477
127560	-2.593667	-1.670102	-1.142016	0.074745	0.205583	0.319175	0.02260812008753419	2.6337448559670777e-05	0.20558278262615204
127680	-2.593269	-1.669545	-1.139839	0.074775	0.205725	0.319871	0.02256137700751424	3.9506172839506166e-05	0.20572401583194733
127800	-2.591788	-1.669131	-1.139514	0.074886	0.205806	0.319975	0.022518815100193025	2.6337448559670777e-05	0.20580551028251648
127920	-2.590937	-1.668641	-1.138913	0.074950	0.205910	0.320167	0.022479316964745522	3.9506172839506166e-05	0.2059091180562973
128040	-2.589792	-1.668090	-1.138503	0.075036	0.206040	0.320298	0.02242625979706645	3.9506172839506166e-05	0.2060392051935196
128160	-2.589598	-1.667885	-1.137870	0.075050	0.206109	0.320501	0.02240316728129983	3.9506172839506166e-05	0.20611025393009186
128280	-2.588516	-1.667430	-1.137275	0.075131	0.206202	0.320692	0.022371733840554953	7.803688462124674e-06	0.20620116591453552
128400	-2.587805	-1.667078	-1.136798	0.075185	0.206280	0.320845	0.022334427013993262	1.7558299039780518e-05	0.20627905428409576
128520	-2.587190	-1.666597	-1.135810	0.075231	0.206385	0.321162	0.022293950244784356	1.1705532693187011e-05	0.20638416707515717
128640	-2.586722	-1.666300	-1.134801	0.075266	0.206443	0.321486	0.02226426936686039	1.7558299039780518e-05	0.20644275844097137
128760	-2.586250	-1.666284	-1.133852	0.075302	0.206459	0.321791	0.022258887719362973	3.9506172839506166e-05	0.20645855367183685
128880	-2.585540	-1.665967	-1.132679	0.075355	0.206530	0.322169	0.022239834535866976	1.7558299039780518e-05	0.20652911067008972
129000	-2.584544	-1.665540	-1.132073	0.075430	0.206614	0.322364	0.02219857946038246	1.1705532693187011e-05	0.20661336183547974
129120	-2.583883	-1.665326	-1.132256	0.075480	0.206658	0.322305	0.02217864543199539	2.6337448559670777e-05	0.20665746927261353
129240	-2.583496	-1.664712	-1.131753	0.075510	0.206795	0.322468	0.02212471729144454	2.6337448559670777e-05	0.20679378509521484
129360	-2.583276	-1.664323	-1.130900	0.075526	0.206885	0.322743	0.02208962617442012	1.7558299039780518e-05	0.20688408613204956
129480	-2.582661	-1.663851	-1.128918	0.075573	0.206994	0.323383	0.02204442573711276	2.6337448559670777e-05	0.20699334144592285
129600	-2.582091	-1.663477	-1.128167	0.075616	0.207084	0.323626	0.02201014421880245	1.7558299039780518e-05	0.20708324015140533
129720	-2.580874	-1.662837	-1.127259	0.075708	0.207214	0.323920	0.021961960196495055	3.9506172839506166e-05	0.20721189677715302
129840	-2.579624	-1.662180	-1.126613	0.075803	0.207356	0.324129	0.021894480753690004	1.7558299039780518e-05	0.20735573768615723
129960	-2.579045	-1.661922	-1.126860	0.075846	0.207420	0.324049	0.02187104318290949	7.803688462124674e-06	0.20741945505142212
130080	-2.578297	-1.661643	-1.126286	0.075903	0.207471	0.324235	0.021845379658043385	1.1705532693187011e-05	0.20747020840644836
130200	-2.578183	-1.661235	-1.125313	0.075912	0.207548	0.324551	0.02181016029790044	1.7558299039780518e-05	0.20754791796207428
130320	-2.577381	-1.660985	-1.124675	0.075973	0.207600	0.324758	0.02178561082109809	2.6337448559670777e-05	0.20759902894496918
130440	-2.576607	-1.660430	-1.123698	0.076032	0.207727	0.325075	0.02174179209396243	3.9506172839506166e-05	0.20772472023963928
130560	-2.575818	-1.659824	-1.122212	0.076092	0.207864	0.325559	0.021686868462711572	3.9506172839506166e-05	0.2078620046377182
130680	-2.575213	-1.659464	-1.121379	0.076138	0.207939	0.325830	0.021650503296405076	1.7558299039780518e-05	0.20793816447257996
130800	-2.575127	-1.659070	-1.121337	0.076144	0.208037	0.325844	0.021618077345192433	3.9506172839506166e-05	0.20803581178188324
130920	-2.575480	-1.658695	-1.120469	0.076117	0.208130	0.326127	0.02158169662579894	7.803688462124674e-06	0.20812922716140747
131040	-2.575032	-1.658379	-1.119902	0.076151	0.208198	0.326312	0.021550976391881704	1.7558299039780518e-05	0.2081979364156723
131160	-2.574644	-1.658053	-1.119876	0.076181	0.208283	0.326320	0.021525934990495443	2.6337448559670777e-05	0.20828191936016083
131280	-2.574719	-1.657789	-1.119301	0.076175	0.208347	0.326508	0.02149703549221158	2.6337448559670777e-05	0.2083466798067093
131400	-2.574933	-1.657565	-1.119092	0.076159	0.208402	0.326576	0.021480745635926723	2.6337448559670777e-05	0.20840054750442505
131520	-2.573846	-1.657077	-1.118353	0.076242	0.208518	0.326818	0.02143870769068599	2.6337448559670777e-05	0.20851671695709229
131640	-2.573016	-1.656641	-1.118139	0.076305	0.208602	0.326888	0.02139867851510644	1.7558299039780518e-05	0.20860092341899872
131760	-2.572152	-1.655853	-1.117522	0.076371	0.208769	0.327089	0.021327909734100103	1.1705532693187011e-05	0.20876803994178772
131880	-2.572071	-1.655530	-1.116835	0.076377	0.208841	0.327314	0.021297179535031317	1.7558299039780518e-05	0.2088402956724167
132000	-2.571654	-1.655314	-1.116610	0.076409	0.208893	0.327388	0.021273942105472086	3.9506172839506166e-05	0.20889347791671753
132120	-2.570986	-1.655022	-1.115437	0.076460	0.208957	0.327772	0.021250714641064407	2.6337448559670777e-05	0.20895639061927795
132240	-2.570351	-1.654547	-1.114745	0.076509	0.209068	0.327999	0.021209374815225602	2.6337448559670777e-05	0.20906688272953033
132360	-2.569680	-1.653929	-1.113895	0.076560	0.209202	0.328278	0.021156788058578967	2.6337448559670777e-05	0.20920027792453766
132480	-2.569011	-1.653379	-1.113482	0.076611	0.209321	0.328413	0.021106879506260157	2.6337448559670777e-05	0.20931902527809143
132600	-2.568648	-1.652906	-1.112971	0.076639	0.209424	0.328581	0.021059219632297753	2.6337448559670777e-05	0.20942357182502747
132720	-2.567288	-1.652305	-1.111692	0.076743	0.209564	0.329002	0.02100632069632411	3.9506172839506166e-05	0.20956364274024963
132840	-2.566420	-1.651858	-1.110245	0.076810	0.209685	0.329478	0.020970073342323304	3.9506172839506166e-05	0.20968303084373474
132960	-2.564859	-1.651350	-1.109368	0.076930	0.209775	0.329767	0.02092016264796257	3.9506172839506166e-05	0.209773987531662
133080	-2.564744	-1.650716	-1.108014	0.076939	0.209923	0.330214	0.020865105744451284	1.7558299039780518e-05	0.2099219411611557
133200	-2.563769	-1.650156	-1.107976	0.077014	0.210042	0.330227	0.020813936833292246	3.9506172839506166e-05	0.21004100143909454
133320	-2.562256	-1.649883	-1.107528	0.077131	0.210075	0.330375	0.02078739823773503	3.9506172839506166e-05	0.21007414162158966
133440	-2.560876	-1.649311	-1.106624	0.077237	0.210189	0.330673	0.02073884578421712	2.6337448559670777e-05	0.21018849313259125
133560	-2.559892	-1.648869	-1.105862	0.077313	0.210304	0.330926	0.020695562846958636	3.9506172839506166e-05	0.2103039026260376
133680	-2.559906	-1.648622	-1.105442	0.077312	0.210408	0.331064	0.02067387755960226	1.1705532693187011e-05	0.2104073464870453
133800	-2.559431	-1.648039	-1.104099	0.077349	0.210536	0.331510	0.020626164320856333	2.6337448559670777e-05	0.21053475141525269
133920	-2.559037	-1.647796	-1.103186	0.077379	0.210603	0.331812	0.020595171488821507	2.6337448559670777e-05	0.2106030285358429
134040	-2.558372	-1.647648	-1.102702	0.077431	0.210640	0.331973	0.020586435124278067	1.7558299039780518e-05	0.2106390744447708
134160	-2.557123	-1.647072	-1.101796	0.077527	0.210755	0.332274	0.020541533175855876	3.9506172839506166e-05	0.2107526808977127
134280	-2.556679	-1.646805	-1.101170	0.077562	0.210813	0.332482	0.020511075388640165	1.7558299039780518e-05	0.2108122557401657
134400	-2.555653	-1.646294	-1.100354	0.077641	0.210922	0.332753	0.020468423143029213	1.1705532693187011e-05	0.21092137694358826
134520	-2.555053	-1.646116	-1.100114	0.077688	0.210965	0.332833	0.02044562706723809	3.9506172839506166e-05	0.2109653502702713
134640	-2.554338	-1.645559	-1.099435	0.077744	0.211110	0.333059	0.02039795685559511	3.9506172839506166e-05	0.21111012995243073
134760	-2.554156	-1.645162	-1.099128	0.077758	0.211209	0.333162	0.020364694017916917	2.6337448559670777e-05	0.2112077921628952
134880	-2.552277	-1.644436	-1.098313	0.077904	0.211369	0.333433	0.02030146811157465	2.6337448559670777e-05	0.2113678902387619
135000	-2.551126	-1.644163	-1.097731	0.077994	0.211411	0.333627	0.020279409270733594	2.6337448559670777e-05	0.21140849590301514
135120	-2.551110	-1.643289	-1.097120	0.077995	0.211596	0.333831	0.020198192354291676	2.6337448559670777e-05	0.2115948349237442
135240	-2.549436	-1.642588	-1.096451	0.078126	0.211741	0.334055	0.02013812428340316	2.6337448559670777e-05	0.21173904836177826
135360	-2.548482	-1.642287	-1.097192	0.078200	0.211806	0.333807	0.02010210566222668	1.7558299039780518e-05	0.21180647611618042
135480	-2.547497	-1.641756	-1.096267	0.078277	0.211928	0.334116	0.020057400036603213	2.6337448559670777e-05	0.21192747354507446
135600	-2.546774	-1.641220	-1.095241	0.078334	0.212055	0.334459	0.02000788291916251	3.9506172839506166e-05	0.21205388009548187
135720	-2.546668	-1.640803	-1.094889	0.078342	0.212142	0.334577	0.019969035964459182	2.6337448559670777e-05	0.2121421992778778
135840	-2.546286	-1.640246	-1.094316	0.078372	0.212257	0.334769	0.01992524340748787	3.9506172839506166e-05	0.21225546300411224
135960	-2.544558	-1.639496	-1.093644	0.078508	0.212414	0.334994	0.019855496753007174	1.7558299039780518e-05	0.2124135047197342
136080	-2.544179	-1.638923	-1.092159	0.078537	0.212555	0.335491	0.019803880900144576	2.6337448559670777e-05	0.21255414187908173
136200	-2.543032	-1.638372	-1.090076	0.078628	0.212695	0.336191	0.019754513446241618	1.7558299039780518e-05	0.21269388496875763
136320	-2.542708	-1.637778	-1.088921	0.078653	0.212819	0.336580	0.019701452646404504	1.7558299039780518e-05	0.21281813085079193
136440	-2.543274	-1.637564	-1.087373	0.078609	0.212897	0.337101	0.019679343327879906	1.7558299039780518e-05	0.21289588510990143
136560	-2.541667	-1.636952	-1.085125	0.078735	0.213043	0.337860	0.019626496732234953	3.9506172839506166e-05	0.21304187178611755
136680	-2.540940	-1.636266	-1.084211	0.078792	0.213192	0.338169	0.019562707003206014	3.9506172839506166e-05	0.2131907194852829
136800	-2.540495	-1.635629	-1.083481	0.078827	0.213337	0.338416	0.01950637772679329	3.9506172839506166e-05	0.21333597600460052
136920	-2.540294	-1.635251	-1.082749	0.078843	0.213445	0.338663	0.019471427239477635	3.9506172839506166e-05	0.2134445756673813
137040	-2.539950	-1.634593	-1.081664	0.078870	0.213606	0.339031	0.019417110737413167	3.9506172839506166e-05	0.21360346674919128
137160	-2.539916	-1.634218	-1.081213	0.078873	0.213692	0.339184	0.019377909321337938	3.9506172839506166e-05	0.21369104087352753
137280	-2.540527	-1.633685	-1.081181	0.078825	0.213822	0.339195	0.019332634378224613	3.9506172839506166e-05	0.21382099390029907
137400	-2.540846	-1.633433	-1.079827	0.078800	0.213892	0.339654	0.019308360759168863	3.9506172839506166e-05	0.2138911336660385
137520	-2.539715	-1.632897	-1.078821	0.078889	0.214018	0.339996	0.019265711773186922	3.9506172839506166e-05	0.21401487290859222
137640	-2.540153	-1.632738	-1.077394	0.078854	0.214060	0.340482	0.019245144072920085	2.6337448559670777e-05	0.21405941247940063
137760	-2.539937	-1.632113	-1.076165	0.078871	0.214209	0.340900	0.019187649246305227	3.9506172839506166e-05	0.21420927345752716
137880	-2.539118	-1.631523	-1.075076	0.078936	0.214346	0.341272	0.019144598860293627	3.9506172839506166e-05	0.21434316039085388
138000	-2.538728	-1.630993	-1.074802	0.078967	0.214466	0.341365	0.019089364912360907	3.9506172839506166e-05	0.21446490287780762
138120	-2.538140	-1.630424	-1.074391	0.079013	0.214579	0.341506	0.019038103986531496	2.6337448559670777e-05	0.2145785242319107
138240	-2.536592	-1.630125	-1.073445	0.079136	0.214622	0.341829	0.019009703118354083	3.9506172839506166e-05	0.2146216481924057
138360	-2.536888	-1.629904	-1.073469	0.079112	0.214685	0.341821	0.018988062907010318	3.9506172839506166e-05	0.21468502283096313
138480	-2.535444	-1.629529	-1.073587	0.079227	0.214758	0.341781	0.018956344854086638	2.6337448559670777e-05	0.21475745737552643
138600	-2.534055	-1.629363	-1.071871	0.079337	0.214819	0.342367	0.018938182946294548	2.6337448559670777e-05	0.21481864154338837
138720	-2.533586	-1.628822	-1.071408	0.079374	0.214940	0.342526	0.018892775755375624	2.6337448559670777e-05	0.2149394303560257
138840	-2.533159	-1.628277	-1.072688	0.079408	0.215059	0.342088	0.018841939885169266	3.9506172839506166e-05	0.21505898237228394
138960	-2.531876	-1.627796	-1.073752	0.079510	0.215149	0.341724	0.01880114320665598	3.9506172839506166e-05	0.21514853835105896
139080	-2.532278	-1.627506	-1.073710	0.079478	0.215222	0.341738	0.018774773459881544	2.6337448559670777e-05	0.2152203470468521
139200	-2.532579	-1.627274	-1.073526	0.079454	0.215277	0.341801	0.018753482028841972	3.9506172839506166e-05	0.21527616679668427
139320	-2.531846	-1.626869	-1.072673	0.079512	0.215371	0.342093	0.018714615795761346	3.9506172839506166e-05	0.2153703272342682
139440	-2.530819	-1.626122	-1.071305	0.079594	0.215550	0.342561	0.01865123212337494	3.9506172839506166e-05	0.2155482918024063
139560	-2.530656	-1.625378	-1.070475	0.079607	0.215725	0.342845	0.018588491436094045	2.6337448559670777e-05	0.21572338044643402
139680	-2.531110	-1.624589	-1.070240	0.079571	0.215914	0.342926	0.018515841010957955	2.6337448559670777e-05	0.21591216325759888
139800	-2.531032	-1.624205	-1.068321	0.079577	0.216013	0.343585	0.018477431684732436	3.9506172839506166e-05	0.21601234376430511
139920	-2.530651	-1.623759	-1.068123	0.079607	0.216115	0.343653	0.018440877739340066	3.9506172839506166e-05	0.2161129266023636
140040	-2.529751	-1.623159	-1.067912	0.079679	0.216251	0.343725	0.018387146387249233	3.9506172839506166e-05	0.21624992787837982
140160	-2.530406	-1.623092	-1.067471	0.079627	0.216288	0.343877	0.018375773355364798	2.6337448559670777e-05	0.21628756821155548
140280	-2.530370	-1.622506	-1.065875	0.079630	0.216450	0.344426	0.01832699291408062	2.6337448559670777e-05	0.2164490818977356
140400	-2.530352	-1.621935	-1.063993	0.079631	0.216600	0.345075	0.018274232279509306	3.9506172839506166e-05	0.21659865975379944
140520	-2.529382	-1.621380	-1.063398	0.079708	0.216728	0.345280	0.01822938723489642	3.9506172839506166e-05	0.2167249321937561
140640	-2.529125	-1.620466	-1.062587	0.079729	0.216964	0.345561	0.018139833956956862	2.6337448559670777e-05	0.216963529586792
140760	-2.528870	-1.619774	-1.062390	0.079749	0.217116	0.345629	0.018083317391574382	2.6337448559670777e-05	0.21711400151252747
140880	-2.528716	-1.619020	-1.060712	0.079761	0.217290	0.346209	0.0180144895799458	5.925925925925925e-05	0.21728835999965668
141000	-2.528718	-1.618463	-1.059272	0.079761	0.217428	0.346708	0.017958905454725026	2.6337448559670777e-05	0.21742799878120422
141120	-2.529120	-1.618187	-1.059635	0.079729	0.217494	0.346582	0.017929166741669177	3.9506172839506166e-05	0.21749497950077057
141240	-2.529650	-1.618039	-1.061057	0.079687	0.217528	0.346090	0.01792063657194376	3.9506172839506166e-05	0.21752701699733734
141360	-2.529568	-1.617618	-1.058828	0.079693	0.217663	0.346862	0.017886620480567217	3.9506172839506166e-05	0.21766100823879242
141480	-2.530031	-1.617001	-1.058365	0.079657	0.217811	0.347023	0.01782897040247917	5.925925925925925e-05	0.21781021356582642
141600	-2.530245	-1.616478	-1.058269	0.079640	0.217938	0.347056	0.017778706457465886	3.9506172839506166e-05	0.21793800592422485
141720	-2.530874	-1.616572	-1.058455	0.079589	0.217928	0.346991	0.01779188634827733	2.6337448559670777e-05	0.2179272323846817
141840	-2.529996	-1.616305	-1.057978	0.079659	0.217975	0.347157	0.01776710506528616	3.9506172839506166e-05	0.2179742008447647
141960	-2.530222	-1.616003	-1.057126	0.079641	0.218069	0.347453	0.01773825753480196	3.9506172839506166e-05	0.21806836128234863
142080	-2.529690	-1.615642	-1.057287	0.079684	0.218142	0.347397	0.017715136986225843	5.925925925925925e-05	0.21813857555389404
142200	-2.529461	-1.615030	-1.056844	0.079702	0.218291	0.347551	0.01765095638111234	3.9506172839506166e-05	0.21828962862491608
142320	-2.528417	-1.614529	-1.055431	0.079785	0.218410	0.348042	0.01760683823376894	3.9506172839506166e-05	0.21840839087963104
142440	-2.528323	-1.613957	-1.053917	0.079793	0.218564	0.348570	0.01756182312965393	3.9506172839506166e-05	0.21856160461902618
142560	-2.527905	-1.613598	-1.052953	0.079826	0.218678	0.348906	0.017526267282664775	3.9506172839506166e-05	0.21867619454860687
142680	-2.527904	-1.613021	-1.051264	0.079826	0.218840	0.349496	0.01747218081727624	3.9506172839506166e-05	0.21883900463581085
142800	-2.526405	-1.612109	-1.050188	0.079946	0.219054	0.349872	0.01738865254446864	2.6337448559670777e-05	0.2190532386302948
142920	-2.524670	-1.611266	-1.049554	0.080085	0.219242	0.350094	0.017313576489686965	3.9506172839506166e-05	0.2192412167787552
143040	-2.522981	-1.610693	-1.049124	0.080220	0.219376	0.350245	0.017256601713597775	3.9506172839506166e-05	0.21937651932239532
143160	-2.523695	-1.610149	-1.046731	0.080163	0.219542	0.351083	0.017203273624181746	5.925925925925925e-05	0.21954303979873657
143280	-2.523476	-1.609571	-1.045447	0.080180	0.219726	0.351535	0.017165469564497472	2.6337448559670777e-05	0.21972393989562988
143400	-2.523336	-1.609254	-1.044821	0.080192	0.219830	0.351755	0.01713516190648079	3.9506172839506166e-05	0.21982869505882263
143520	-2.523339	-1.608485	-1.043325	0.080191	0.220022	0.352282	0.017066549882292746	3.9506172839506166e-05	0.22002026438713074
143640	-2.523637	-1.607958	-1.042217	0.080167	0.220178	0.352672	0.0170182085596025	1.7558299039780518e-05	0.22017672657966614
143760	-2.524812	-1.607683	-1.042419	0.080073	0.220261	0.352601	0.01699744462966919	3.9506172839506166e-05	0.220258429646492
143880	-2.524704	-1.607115	-1.041596	0.080082	0.220423	0.352891	0.016937838401645422	3.9506172839506166e-05	0.22042198479175568
144000	-2.525632	-1.606704	-1.039908	0.080008	0.220560	0.353487	0.01690406268462539	3.9506172839506166e-05	0.22055856883525848
144120	-2.525452	-1.605940	-1.038340	0.080022	0.220756	0.354042	0.01683801682665944	3.9506172839506166e-05	0.22075335681438446
144240	-2.525487	-1.605351	-1.036522	0.080019	0.220915	0.354686	0.016783107165247203	2.6337448559670777e-05	0.22091300785541534
144360	-2.526103	-1.605101	-1.035639	0.079970	0.220994	0.355000	0.016753941681236027	2.6337448559670777e-05	0.22099418938159943
144480	-2.524913	-1.604447	-1.035536	0.080065	0.221130	0.355036	0.016706262528896332	3.9506172839506166e-05	0.22112740576267242
144600	-2.525103	-1.603978	-1.034643	0.080050	0.221264	0.355353	0.01665419675409794	2.6337448559670777e-05	0.2212643325328827
144720	-2.524429	-1.603447	-1.034393	0.080104	0.221374	0.355442	0.01661216840147972	3.9506172839506166e-05	0.22137296199798584
144840	-2.524641	-1.603002	-1.033283	0.080087	0.221516	0.355837	0.016569085139781236	2.6337448559670777e-05	0.22151541709899902
144960	-2.523920	-1.601998	-1.032791	0.080145	0.221733	0.356012	0.016482277028262615	3.9506172839506166e-05	0.22173121571540833
145080	-2.524064	-1.601656	-1.032021	0.080133	0.221846	0.356286	0.016447636298835278	3.9506172839506166e-05	0.22184374928474426
145200	-2.524753	-1.601268	-1.032071	0.080078	0.221953	0.356268	0.01640867730602622	2.6337448559670777e-05	0.22195357084274292
145320	-2.524575	-1.600537	-1.031795	0.080092	0.222156	0.356367	0.01634722212329507	3.9506172839506166e-05	0.22215536236763
145440	-2.524577	-1.599900	-1.030108	0.080092	0.222342	0.356968	0.016288399789482357	2.6337448559670777e-05	0.22234182059764862
145560	-2.524716	-1.599428	-1.028882	0.080081	0.222494	0.357406	0.01624598177149892	3.9506172839506166e-05	0.22249267995357513
145680	-2.524783	-1.599076	-1.027866	0.080076	0.222595	0.357770	0.01621588785201311	2.6337448559670777e-05	0.2225942760705948
145800	-2.524899	-1.598392	-1.027146	0.080066	0.222763	0.358027	0.016154752857983113	3.9506172839506166e-05	0.22276228666305542
145920	-2.524250	-1.597768	-1.025955	0.080118	0.222912	0.358454	0.016098611429333685	3.9506172839506166e-05	0.222911536693573
146040	-2.524915	-1.597367	-1.024664	0.080065	0.223017	0.358917	0.016067666374146937	2.6337448559670777e-05	0.22301438450813293
146160	-2.525819	-1.596862	-1.022758	0.079993	0.223149	0.359602	0.016021320316940545	3.9506172839506166e-05	0.22314707934856415
146280	-2.527418	-1.596339	-1.022341	0.079865	0.223301	0.359752	0.015966912358999254	2.6337448559670777e-05	0.22330091893672943
146400	-2.526508	-1.595652	-1.021145	0.079938	0.223486	0.360182	0.015912409406155348	3.9506172839506166e-05	0.22348399460315704
146520	-2.527068	-1.595353	-1.019876	0.079893	0.223567	0.360640	0.015887343790382147	3.9506172839506166e-05	0.2235649973154068
146640	-2.525592	-1.594671	-1.018814	0.080011	0.223734	0.361023	0.0158144511282444	2.6337448559670777e-05	0.2237345278263092
146760	-2.523984	-1.594048	-1.018435	0.080140	0.223877	0.361160	0.015763577818870545	2.6337448559670777e-05	0.223876491189003
146880	-2.523635	-1.593373	-1.016911	0.080168	0.224043	0.361711	0.01570340795442462	3.9506172839506166e-05	0.22404128313064575
147000	-2.523932	-1.592638	-1.016509	0.080144	0.224231	0.361856	0.015637963358312846	2.6337448559670777e-05	0.22422988712787628
147120	-2.522927	-1.591806	-1.015534	0.080224	0.224432	0.362209	0.015562475426122546	2.6337448559670777e-05	0.22443076968193054
147240	-2.522711	-1.590918	-1.014388	0.080242	0.224666	0.362624	0.015480098081752658	3.9506172839506166e-05	0.22466498613357544
147360	-2.522381	-1.590479	-1.012852	0.080268	0.224795	0.363182	0.015443181805312633	3.9506172839506166e-05	0.22479254007339478
147480	-2.522477	-1.590222	-1.011851	0.080261	0.224869	0.363545	0.01541332327760756	5.925925925925925e-05	0.22486993670463562
147600	-2.523818	-1.589927	-1.011058	0.080153	0.224950	0.363834	0.015389705169945955	3.9506172839506166e-05	0.22495004534721375
147720	-2.524209	-1.589549	-1.010167	0.080122	0.225055	0.364158	0.015356838330626487	3.9506172839506166e-05	0.22505444288253784
147840	-2.524220	-1.589025	-1.009142	0.080121	0.225174	0.364531	0.015311427041888237	2.6337448559670777e-05	0.22517353296279907
147960	-2.524360	-1.588525	-1.007544	0.080110	0.225314	0.365115	0.015268533118069172	3.9506172839506166e-05	0.22531281411647797
148080	-2.524575	-1.588020	-1.006813	0.080092	0.225451	0.365382	0.01521943206898868	5.925925925925925e-05	0.22544939815998077
148200	-2.524669	-1.587350	-1.005900	0.080085	0.225629	0.365715	0.015167450811713935	3.9506172839506166e-05	0.22562682628631592
148320	-2.523524	-1.586763	-1.004072	0.080177	0.225767	0.366384	0.015108528919517994	3.9506172839506166e-05	0.225765660405159
148440	-2.522271	-1.586438	-1.003445	0.080277	0.225854	0.366614	0.015076076053082943	3.9506172839506166e-05	0.2258535623550415
148560	-2.522380	-1.586113	-1.003164	0.080268	0.225939	0.366717	0.015048654843121767	3.9506172839506166e-05	0.22593842446804047
148680	-2.522865	-1.585801	-1.002349	0.080229	0.226044	0.367016	0.01502154190093279	3.9506172839506166e-05	0.22604301571846008
148800	-2.522939	-1.585294	-1.000842	0.080223	0.226185	0.367570	0.01498409928753972	3.9506172839506166e-05	0.22618180513381958
148920	-2.523417	-1.584646	-1.000905	0.080185	0.226327	0.367547	0.014920643530786037	3.9506172839506166e-05	0.22632533311843872
149040	-2.522437	-1.584490	-1.000132	0.080264	0.226389	0.367831	0.014903799025341868	3.9506172839506166e-05	0.22638753056526184
149160	-2.522999	-1.584197	-0.998873	0.080219	0.226446	0.368294	0.014878694619983434	5.925925925925925e-05	0.2264443188905716
149280	-2.522274	-1.583504	-0.998113	0.080277	0.226605	0.368574	0.014821013621985912	3.9506172839506166e-05	0.22660239040851593
149400	-2.522053	-1.582893	-0.997089	0.080295	0.226757	0.368952	0.014765510242432356	2.6337448559670777e-05	0.2267553061246872
149520	-2.521441	-1.582183	-0.994978	0.080344	0.226963	0.369731	0.01469161519780755	3.9506172839506166e-05	0.22696331143379211
149640	-2.520716	-1.581528	-0.993566	0.080402	0.227107	0.370254	0.014646372105926276	5.925925925925925e-05	0.22710385918617249
149760	-2.519382	-1.581264	-0.992561	0.080509	0.227185	0.370626	0.014610162703320384	2.6337448559670777e-05	0.2271844893693924
149880	-2.519413	-1.580510	-0.991691	0.080507	0.227386	0.370949	0.014547478780150414	5.925925925925925e-05	0.22738409042358398
150000	-2.518717	-1.579860	-0.990048	0.080563	0.227542	0.371559	0.014486814057454467	3.9506172839506166e-05	0.22754168510437012
150120	-2.519074	-1.579285	-0.987669	0.080534	0.227680	0.372444	0.014434804627671837	3.9506172839506166e-05	0.22767841815948486
150240	-2.519364	-1.579098	-0.987435	0.080511	0.227770	0.372531	0.01441557970829308	3.9506172839506166e-05	0.22776944935321808
150360	-2.520753	-1.578754	-0.986710	0.080399	0.227873	0.372801	0.014385435450822114	3.9506172839506166e-05	0.22787204384803772
150480	-2.521128	-1.578235	-0.985800	0.080369	0.228012	0.373141	0.014341755723580717	3.9506172839506166e-05	0.22800993919372559
150600	-2.522250	-1.578016	-0.984774	0.080279	0.228096	0.373524	0.014319889666512608	3.9506172839506166e-05	0.2280944138765335
150720	-2.523603	-1.577229	-0.984620	0.080170	0.228280	0.373581	0.014249545661732555	3.9506172839506166e-05	0.22827847301959991
150840	-2.524402	-1.576967	-0.985191	0.080106	0.228367	0.373368	0.014228037372231484	5.925925925925925e-05	0.22836515307426453
150960	-2.524781	-1.576615	-0.985213	0.080076	0.228488	0.373360	0.014194636233150959	2.6337448559670777e-05	0.2284868359565735
151080	-2.523531	-1.575990	-0.984456	0.080176	0.228647	0.373642	0.014142783265560866	3.9506172839506166e-05	0.2286452054977417
151200	-2.523547	-1.575401	-0.982368	0.080175	0.228786	0.374423	0.014079310046508909	3.9506172839506166e-05	0.22878700494766235
151320	-2.523811	-1.575166	-0.981451	0.080154	0.228847	0.374767	0.01406265185214579	3.9506172839506166e-05	0.22884683310985565
151440	-2.524285	-1.574599	-0.980195	0.080116	0.228999	0.375238	0.014010246051475406	5.925925925925925e-05	0.22899828851222992
151560	-2.523965	-1.574028	-0.979527	0.080141	0.229121	0.375489	0.013961362652480602	3.9506172839506166e-05	0.2291199415922165
151680	-2.524062	-1.573655	-0.979237	0.080133	0.229239	0.375598	0.013921418134123087	5.925925925925925e-05	0.22924008965492249
151800	-2.524190	-1.573126	-0.977873	0.080123	0.229393	0.376110	0.013883944600820541	3.9506172839506166e-05	0.22939090430736542
151920	-2.524952	-1.572582	-0.977577	0.080062	0.229537	0.376222	0.013833428360521793	3.9506172839506166e-05	0.2295352816581726
152040	-2.525401	-1.572207	-0.976383	0.080026	0.229652	0.376671	0.013798594567924738	5.925925925925925e-05	0.22964952886104584
152160	-2.526247	-1.572030	-0.975184	0.079959	0.229729	0.377123	0.013783159572631121	5.925925925925925e-05	0.22972792387008667
152280	-2.527562	-1.571597	-0.975893	0.079853	0.229844	0.376856	0.01374472021125257	5.925925925925925e-05	0.22984234988689423
152400	-2.527856	-1.571077	-0.974572	0.079830	0.229973	0.377354	0.01370085827074945	3.9506172839506166e-05	0.22997042536735535
152520	-2.527594	-1.570581	-0.974016	0.079851	0.230101	0.377564	0.01364907380193472	3.9506172839506166e-05	0.2301003336906433
152640	-2.528331	-1.570533	-0.974499	0.079792	0.230116	0.377381	0.013642536383122206	5.925925925925925e-05	0.23011617362499237
152760	-2.529379	-1.569733	-0.973862	0.079709	0.230335	0.377622	0.013581662438809872	3.9506172839506166e-05	0.2303321808576584
152880	-2.530006	-1.568837	-0.972699	0.079659	0.230565	0.378061	0.013501157891005278	3.9506172839506166e-05	0.23056185245513916
153000	-2.531359	-1.568426	-0.971878	0.079551	0.230679	0.378372	0.013452978897839784	5.925925925925925e-05	0.23067863285541534
153120	-2.531523	-1.568157	-0.972030	0.079538	0.230761	0.378314	0.013428332610055804	3.9506172839506166e-05	0.23076145350933075
153240	-2.530571	-1.567559	-0.969796	0.079614	0.230931	0.379161	0.013387698074802756	5.925925925925925e-05	0.23092928528785706
153360	-2.529724	-1.567481	-0.968639	0.079681	0.230955	0.379599	0.013364726025611163	3.9506172839506166e-05	0.2309556007385254
153480	-2.529558	-1.567268	-0.968059	0.079694	0.231005	0.379820	0.013356238370761275	5.925925925925925e-05	0.23100382089614868
153600	-2.528868	-1.567637	-0.968251	0.079749	0.230935	0.379747	0.0133835154119879	5.925925925925925e-05	0.2309342324733734
153720	-2.526922	-1.567318	-0.967463	0.079905	0.231012	0.380046	0.013350772997364401	5.925925925925925e-05	0.23101337254047394
153840	-2.526337	-1.567272	-0.965200	0.079951	0.231047	0.380907	0.01334403371438384	5.925925925925925e-05	0.2310483604669571
153960	-2.526574	-1.567011	-0.965277	0.079932	0.231130	0.380878	0.013330416241660713	3.9506172839506166e-05	0.23112884163856506
154080	-2.526620	-1.566581	-0.963452	0.079929	0.231294	0.381573	0.013287213072180748	3.9506172839506166e-05	0.2312944382429123
154200	-2.525889	-1.566519	-0.961328	0.079987	0.231334	0.382385	0.013280715234577656	3.9506172839506166e-05	0.231333926320076
154320	-2.526586	-1.566066	-0.960429	0.079931	0.231440	0.382729	0.013243080303072929	3.9506172839506166e-05	0.23143984377384186
154440	-2.528024	-1.566164	-0.959194	0.079817	0.231458	0.383202	0.013246387569233775	5.925925925925925e-05	0.2314581573009491
154560	-2.527370	-1.565654	-0.957681	0.079869	0.231598	0.383782	0.01320665143430233	5.925925925925925e-05	0.23159711062908173
154680	-2.528010	-1.565838	-0.958629	0.079818	0.231577	0.383418	0.013218955602496862	3.9506172839506166e-05	0.23157751560211182
154800	-2.527744	-1.565474	-0.958212	0.079839	0.231665	0.383578	0.013192076003178954	3.9506172839506166e-05	0.2316642850637436
154920	-2.527595	-1.565748	-0.957696	0.079851	0.231594	0.383776	0.013218762120231986	5.925925925925925e-05	0.23159289360046387
155040	-2.526622	-1.565442	-0.957607	0.079929	0.231683	0.383810	0.013186128158122302	3.9506172839506166e-05	0.23168222606182098
155160	-2.526435	-1.565423	-0.956028	0.079944	0.231730	0.384417	0.013182710437104107	3.9506172839506166e-05	0.23172970116138458
155280	-2.526866	-1.565298	-0.953897	0.079909	0.231774	0.385237	0.013169291196390986	5.925925925925925e-05	0.23177403211593628
155400	-2.526871	-1.565430	-0.951931	0.079909	0.231774	0.385995	0.013185547012835742	5.925925925925925e-05	0.23177306354045868
155520	-2.526141	-1.565290	-0.950297	0.079967	0.231826	0.386626	0.0131780659314245	3.9506172839506166e-05	0.23182514309883118
155640	-2.527685	-1.565462	-0.948163	0.079844	0.231811	0.387452	0.01318556210026145	5.925925925925925e-05	0.23181094229221344
155760	-2.529666	-1.565652	-0.948957	0.079686	0.231815	0.387145	0.013208207907155156	5.925925925925925e-05	0.2318137288093567
155880	-2.530044	-1.565652	-0.950079	0.079656	0.231851	0.386710	0.013201590767130256	5.925925925925925e-05	0.23185092210769653
156000	-2.529563	-1.565510	-0.947942	0.079694	0.231912	0.387538	0.013196761067956687	3.9506172839506166e-05	0.23191054165363312
156120	-2.528741	-1.565623	-0.949356	0.079759	0.231902	0.386990	0.013208597013726831	2.6337448559670777e-05	0.2319004237651825
156240	-2.530484	-1.565635	-0.949512	0.079620	0.231892	0.386930	0.013201869698241353	3.9506172839506166e-05	0.2318917065858841
156360	-2.530761	-1.565057	-0.948595	0.079598	0.232038	0.387285	0.013151845382526516	5.925925925925925e-05	0.23203825950622559
156480	-2.529045	-1.564566	-0.946815	0.079735	0.232180	0.387975	0.013113478757441044	3.9506172839506166e-05	0.23217780888080597
156600	-2.530198	-1.564568	-0.945663	0.079643	0.232221	0.388422	0.013096072059124709	5.925925925925925e-05	0.23222263157367706
156720	-2.531108	-1.564259	-0.944494	0.079571	0.232332	0.388876	0.013080154592171312	3.9506172839506166e-05	0.23233187198638916
156840	-2.532638	-1.564293	-0.943760	0.079449	0.232375	0.389162	0.013079377729445696	3.9506172839506166e-05	0.23237472772598267
156960	-2.532196	-1.564331	-0.943180	0.079484	0.232420	0.389388	0.013086421741172671	2.6337448559670777e-05	0.2324189394712448
157080	-2.532816	-1.563867	-0.942030	0.079435	0.232543	0.389836	0.013051578868180513	3.9506172839506166e-05	0.2325407713651657
157200	-2.533493	-1.563907	-0.940276	0.079381	0.232561	0.390520	0.013044606428593397	5.925925925925925e-05	0.23256118595600128
157320	-2.533369	-1.563835	-0.939700	0.079391	0.232609	0.390745	0.013047894602641464	3.9506172839506166e-05	0.23260676860809326
157440	-2.533589	-1.563766	-0.940020	0.079374	0.232649	0.390620	0.013034802628681064	3.9506172839506166e-05	0.23264825344085693
157560	-2.534072	-1.563965	-0.938994	0.079335	0.232634	0.391021	0.013042412139475346	5.925925925925925e-05	0.23263627290725708
157680	-2.533028	-1.563751	-0.937691	0.079418	0.232707	0.391531	0.01303487755358219	3.9506172839506166e-05	0.23270617425441742
157800	-2.533553	-1.564066	-0.936961	0.079377	0.232670	0.391817	0.01306485184468329	5.925925925925925e-05	0.23266789317131042
157920	-2.534573	-1.563181	-0.935545	0.079296	0.232938	0.392372	0.012986660934984684	2.6337448559670777e-05	0.2329363077878952
158040	-2.533256	-1.562492	-0.934090	0.079400	0.233094	0.392943	0.012923321779817342	3.9506172839506166e-05	0.23309266567230225
158160	-2.531551	-1.561845	-0.933498	0.079536	0.233258	0.393176	0.012864244868978858	3.9506172839506166e-05	0.23325756192207336
158280	-2.530815	-1.561267	-0.932545	0.079594	0.233419	0.393551	0.01281827394850552	5.925925925925925e-05	0.23341800272464752
158400	-2.531137	-1.560996	-0.931172	0.079569	0.233509	0.394092	0.01278925184160471	3.9506172839506166e-05	0.23350727558135986
158520	-2.531032	-1.560840	-0.930438	0.079577	0.233582	0.394381	0.012770457705482841	3.9506172839506166e-05	0.23358218371868134
158640	-2.531176	-1.560699	-0.929658	0.079565	0.233643	0.394689	0.01275703525170684	2.6337448559670777e-05	0.23364275693893433
158760	-2.531367	-1.560302	-0.928754	0.079550	0.233769	0.395046	0.01273006908595562	3.9506172839506166e-05	0.23376689851284027
158880	-2.530948	-1.559908	-0.927529	0.079584	0.233865	0.395530	0.012687983876094221	3.9506172839506166e-05	0.233864426612854
159000	-2.530974	-1.559654	-0.925246	0.079581	0.233946	0.396434	0.012676982488483191	2.6337448559670777e-05	0.23394279181957245
159120	-2.529872	-1.559241	-0.924388	0.079669	0.234054	0.396774	0.012630842579528689	3.9506172839506166e-05	0.23405343294143677
159240	-2.529011	-1.559008	-0.923962	0.079738	0.234111	0.396943	0.012610866967588664	5.925925925925925e-05	0.23411071300506592
159360	-2.529282	-1.558734	-0.923065	0.079716	0.234192	0.397300	0.012588644120842218	3.9506172839506166e-05	0.23418977856636047
159480	-2.528797	-1.558406	-0.922296	0.079755	0.234276	0.397605	0.01256179455667734	3.9506172839506166e-05	0.23427297174930573
159600	-2.527642	-1.558374	-0.920065	0.079847	0.234305	0.398493	0.01254701493307948	5.925925925925925e-05	0.2343054711818695
159720	-2.528451	-1.557968	-0.919001	0.079783	0.234437	0.398917	0.01251282012090087	3.9506172839506166e-05	0.23443646728992462
159840	-2.529466	-1.558195	-0.918501	0.079702	0.234403	0.399117	0.012531839264556765	5.925925925925925e-05	0.23440328240394592
159960	-2.529342	-1.558104	-0.916986	0.079711	0.234472	0.399722	0.01252566445618868	3.9506172839506166e-05	0.23447181284427643
160080	-2.529130	-1.557602	-0.916511	0.079728	0.234614	0.399912	0.012488277815282344	3.9506172839506166e-05	0.23461204767227173
160200	-2.528235	-1.556934	-0.914583	0.079800	0.234821	0.400684	0.012427863012999297	3.9506172839506166e-05	0.23481793701648712
160320	-2.528968	-1.556658	-0.913303	0.079741	0.234947	0.401197	0.01239270786754787	3.9506172839506166e-05	0.23494653403759003
160440	-2.529571	-1.556517	-0.912997	0.079693	0.234981	0.401320	0.012384954048320651	3.9506172839506166e-05	0.23497970402240753
160560	-2.529539	-1.556032	-0.912336	0.079696	0.235108	0.401585	0.012348423153162003	3.9506172839506166e-05	0.23510506749153137
160680	-2.528860	-1.555497	-0.911478	0.079750	0.235252	0.401930	0.012299964437261224	3.9506172839506166e-05	0.23524953424930573
160800	-2.527964	-1.555124	-0.911368	0.079821	0.235322	0.401974	0.012260237243026495	2.6337448559670777e-05	0.23532143235206604
160920	-2.528890	-1.554983	-0.910099	0.079747	0.235397	0.402484	0.012246481655165554	3.9506172839506166e-05	0.23539549112319946
161040	-2.527789	-1.554518	-0.909289	0.079835	0.235537	0.402811	0.012208380177617073	3.9506172839506166e-05	0.2355344295501709
161160	-2.527124	-1.554377	-0.909301	0.079888	0.235557	0.402806	0.012192385457456111	3.9506172839506166e-05	0.23555579781532288
161280	-2.526344	-1.554112	-0.909951	0.079951	0.235633	0.402544	0.012165705021470786	3.9506172839506166e-05	0.23563306033611298
161400	-2.527429	-1.553760	-0.909500	0.079864	0.235750	0.402725	0.012137143267318606	3.9506172839506166e-05	0.23574931919574738
161520	-2.527525	-1.553161	-0.908385	0.079856	0.235902	0.403175	0.012088765064254403	2.6337448559670777e-05	0.2359003722667694
161640	-2.527169	-1.552516	-0.906467	0.079885	0.236099	0.403949	0.012025342229753733	2.6337448559670777e-05	0.23609764873981476
161760	-2.526768	-1.552171	-0.904238	0.079917	0.236236	0.404850	0.012001966591924429	3.9506172839506166e-05	0.23623275756835938
161880	-2.527127	-1.552049	-0.903872	0.079888	0.236302	0.404999	0.01197977471165359	5.925925925925925e-05	0.23630143702030182
162000	-2.525947	-1.551541	-0.901999	0.079983	0.236429	0.405758	0.01194444578140974	2.6337448559670777e-05	0.23642656207084656
162120	-2.525773	-1.551158	-0.900111	0.079996	0.236556	0.406525	0.011903214501217008	3.9506172839506166e-05	0.2365541011095047
162240	-2.525924	-1.550832	-0.898652	0.079984	0.236666	0.407118	0.011875080922618509	3.9506172839506166e-05	0.23666535317897797
162360	-2.525361	-1.550641	-0.897842	0.080029	0.236763	0.407448	0.011852803779765964	5.925925925925925e-05	0.23676249384880066
162480	-2.524187	-1.549863	-0.897267	0.080123	0.237004	0.407682	0.01178668518550694	3.9506172839506166e-05	0.23700304329395294
162600	-2.524994	-1.549583	-0.897425	0.080059	0.237097	0.407618	0.01175898634828627	3.9506172839506166e-05	0.2370961308479309
162720	-2.524085	-1.549050	-0.896240	0.080132	0.237235	0.408101	0.01171712246723473	3.9506172839506166e-05	0.2372325211763382
162840	-2.522366	-1.548333	-0.895472	0.080269	0.237417	0.408415	0.011654910305514932	3.9506172839506166e-05	0.2374146729707718
162960	-2.521911	-1.548004	-0.894708	0.080306	0.237525	0.408727	0.011623666621744633	3.9506172839506166e-05	0.23752251267433167
163080	-2.521585	-1.547111	-0.892251	0.080332	0.237771	0.409733	0.011542540229856967	1.1705532693187011e-05	0.2377699464559555
163200	-2.521907	-1.546556	-0.891628	0.080306	0.237905	0.409988	0.011493252869695426	3.9506172839506166e-05	0.23790393769741058
163320	-2.521517	-1.545700	-0.890130	0.080338	0.238157	0.410603	0.011410644836723804	3.9506172839506166e-05	0.2381557673215866
163440	-2.521952	-1.545413	-0.889607	0.080303	0.238237	0.410817	0.011391050973907113	3.9506172839506166e-05	0.2382345050573349
163560	-2.522224	-1.544690	-0.887272	0.080281	0.238450	0.411778	0.011320306779816746	5.925925925925925e-05	0.23844873905181885
163680	-2.522508	-1.544247	-0.885856	0.080258	0.238567	0.412361	0.011282793711870909	2.6337448559670777e-05	0.2385653555393219
163800	-2.521849	-1.543761	-0.884646	0.080311	0.238715	0.412860	0.011237112618982793	3.9506172839506166e-05	0.2387135773897171
163920	-2.520645	-1.543177	-0.882837	0.080408	0.238894	0.413608	0.01118712816387415	5.925925925925925e-05	0.23889172077178955
164040	-2.520710	-1.542541	-0.882476	0.080403	0.239070	0.413757	0.011128501361235976	2.6337448559670777e-05	0.23906826972961426
164160	-2.520821	-1.542006	-0.881373	0.080394	0.239223	0.414214	0.011078838864341379	2.6337448559670777e-05	0.23922193050384521
164280	-2.520323	-1.541694	-0.880157	0.080434	0.239313	0.414718	0.011053206259384751	3.9506172839506166e-05	0.23931270837783813
164400	-2.520091	-1.541012	-0.878601	0.080452	0.239500	0.415363	0.010993954073637725	2.6337448559670777e-05	0.2394985407590866
164520	-2.519479	-1.540479	-0.877986	0.080502	0.239636	0.415619	0.010935900872573257	2.6337448559670777e-05	0.23963771760463715
164640	-2.519040	-1.540224	-0.877867	0.080537	0.239707	0.415668	0.010919475741684437	2.6337448559670777e-05	0.23970575630664825
164760	-2.519394	-1.539731	-0.876294	0.080508	0.239867	0.416323	0.010871605761349202	3.9506172839506166e-05	0.23986661434173584
164880	-2.519305	-1.539262	-0.874901	0.080516	0.239995	0.416903	0.010831582173705102	3.9506172839506166e-05	0.23999473452568054
165000	-2.520183	-1.538871	-0.873989	0.080445	0.240120	0.417284	0.010799543187022208	1.7558299039780518e-05	0.24011904001235962
165120	-2.521237	-1.538622	-0.873372	0.080360	0.240221	0.417541	0.010775166843086482	3.9506172839506166e-05	0.24021950364112854
165240	-2.522069	-1.537852	-0.871622	0.080293	0.240465	0.418273	0.01070705489255488	2.6337448559670777e-05	0.24046336114406586
165360	-2.521708	-1.537085	-0.869135	0.080322	0.240691	0.419314	0.010641119070351123	5.925925925925925e-05	0.24068816006183624
165480	-2.521666	-1.536544	-0.867503	0.080326	0.240868	0.419999	0.010591578716412187	3.9506172839506166e-05	0.2408660650253296
165600	-2.522464	-1.535682	-0.866090	0.080262	0.241106	0.420593	0.010511184902861714	2.6337448559670777e-05	0.24110503494739532
165720	-2.522696	-1.535209	-0.864841	0.080243	0.241236	0.421119	0.010467554675415158	2.6337448559670777e-05	0.24123534560203552
165840	-2.522921	-1.534854	-0.864033	0.080225	0.241342	0.421459	0.010434915497899055	3.9506172839506166e-05	0.24134039878845215
165960	-2.525784	-1.534254	-0.862504	0.079996	0.241540	0.422104	0.010385211929678917	3.9506172839506166e-05	0.24153843522071838
166080	-2.527554	-1.533802	-0.862074	0.079854	0.241669	0.422286	0.010342812025919556	3.9506172839506166e-05	0.2416667640209198
166200	-2.528593	-1.533366	-0.861125	0.079771	0.241806	0.422686	0.010299592930823564	2.6337448559670777e-05	0.2418053299188614
166320	-2.530427	-1.533232	-0.860524	0.079625	0.241867	0.422941	0.010287333559244872	3.9506172839506166e-05	0.24186581373214722
166440	-2.532224	-1.532911	-0.860498	0.079482	0.241974	0.422951	0.010263132071122527	1.7558299039780518e-05	0.2419731318950653
166560	-2.532857	-1.532409	-0.858199	0.079432	0.242148	0.423925	0.010218341927975416	3.9506172839506166e-05	0.24214601516723633
166680	-2.532467	-1.531708	-0.857256	0.079463	0.242334	0.424325	0.010153414029628039	3.9506172839506166e-05	0.24233272671699524
166800	-2.532392	-1.531134	-0.856024	0.079469	0.242507	0.424848	0.010102375224232674	3.9506172839506166e-05	0.24250628054141998
166920	-2.532694	-1.530891	-0.855350	0.079445	0.242590	0.425134	0.010080192843452096	2.6337448559670777e-05	0.24258780479431152
167040	-2.533615	-1.530415	-0.854024	0.079372	0.242731	0.425698	0.010031587025150657	2.6337448559670777e-05	0.2427317500114441
167160	-2.532966	-1.529518	-0.851883	0.079423	0.242981	0.426611	0.009958505211398006	2.6337448559670777e-05	0.24297867715358734
167280	-2.532773	-1.528775	-0.850546	0.079438	0.243198	0.427182	0.009896162012591959	3.9506172839506166e-05	0.2431953400373459
167400	-2.532759	-1.528274	-0.849822	0.079440	0.243342	0.427491	0.009842830803245306	2.6337448559670777e-05	0.2433408796787262
167520	-2.533007	-1.527830	-0.848146	0.079420	0.243489	0.428208	0.009803328569978476	1.7558299039780518e-05	0.24348774552345276
167640	-2.533341	-1.527566	-0.846836	0.079393	0.243559	0.428769	0.009779963921755553	2.6337448559670777e-05	0.2435578852891922
167760	-2.533450	-1.527260	-0.845640	0.079385	0.243657	0.429282	0.009756313869729638	5.925925925925925e-05	0.2436542809009552
167880	-2.533859	-1.526514	-0.844284	0.079352	0.243903	0.429865	0.00968418112024665	2.6337448559670777e-05	0.24390126764774323
168000	-2.534333	-1.525990	-0.843268	0.079315	0.244060	0.430302	0.009640838392078877	1.7558299039780518e-05	0.24405880272388458
168120	-2.534254	-1.525509	-0.842335	0.079321	0.244175	0.430704	0.009599432814866304	3.9506172839506166e-05	0.24417293071746826
168240	-2.534559	-1.524845	-0.841171	0.079297	0.244365	0.431205	0.00953466952778399	3.9506172839506166e-05	0.2443636804819107
168360	-2.535817	-1.524667	-0.840603	0.079197	0.244446	0.431450	0.009515225561335683	3.9506172839506166e-05	0.2444457858800888
168480	-2.535625	-1.524202	-0.839813	0.079212	0.244553	0.431791	0.009480263059958815	2.6337448559670777e-05	0.24455197155475616
168600	-2.534524	-1.523715	-0.838346	0.079299	0.244682	0.432425	0.009434929210692644	3.9506172839506166e-05	0.24468089640140533
168720	-2.533512	-1.522854	-0.837702	0.079380	0.244900	0.432704	0.00936117242090404	2.6337448559670777e-05	0.24489761888980865
168840	-2.533231	-1.522184	-0.835386	0.079402	0.245130	0.433707	0.009304680256173014	5.925925925925925e-05	0.24512512981891632
168960	-2.532653	-1.521657	-0.835412	0.079448	0.245287	0.433696	0.00924777239561081	1.7558299039780518e-05	0.24528589844703674
169080	-2.532133	-1.521233	-0.834608	0.079489	0.245410	0.434044	0.009212729707360267	1.7558299039780518e-05	0.2454092800617218
169200	-2.531543	-1.520778	-0.833960	0.079536	0.245540	0.434326	0.009167833160609007	3.9506172839506166e-05	0.2455390840768814
169320	-2.532009	-1.520531	-0.833056	0.079499	0.245637	0.434719	0.00914588118903339	3.9506172839506166e-05	0.24563562870025635
169440	-2.532380	-1.519949	-0.832372	0.079470	0.245794	0.435016	0.00909859505482018	1.7558299039780518e-05	0.24579192698001862
169560	-2.532002	-1.519394	-0.831448	0.079500	0.245943	0.435418	0.00904533858411014	2.6337448559670777e-05	0.2459416389465332
169680	-2.532097	-1.519457	-0.831016	0.079492	0.245964	0.435607	0.00905120763927698	3.9506172839506166e-05	0.24596263468265533
169800	-2.532311	-1.519290	-0.829269	0.079475	0.246047	0.436368	0.00903422087430954	3.9506172839506166e-05	0.24604541063308716
169920	-2.530678	-1.518577	-0.828105	0.079605	0.246215	0.436877	0.008972071716561914	2.6337448559670777e-05	0.2462138831615448
170040	-2.530119	-1.518109	-0.828793	0.079650	0.246332	0.436576	0.008935195673257113	3.9506172839506166e-05	0.24632959067821503
170160	-2.530712	-1.517498	-0.828453	0.079602	0.246512	0.436724	0.008873656671494246	2.6337448559670777e-05	0.24651101231575012
170280	-2.530493	-1.516883	-0.828299	0.079620	0.246649	0.436792	0.008820873918011785	2.6337448559670777e-05	0.2466471940279007
170400	-2.530939	-1.516143	-0.827542	0.079584	0.246828	0.437122	0.008759852917864918	3.9506172839506166e-05	0.2468246966600418
170520	-2.530952	-1.515657	-0.827382	0.079583	0.246964	0.437192	0.008710038894787431	2.6337448559670777e-05	0.24696221947669983
170640	-2.531406	-1.515565	-0.826892	0.079547	0.247005	0.437407	0.008696621051058173	2.6337448559670777e-05	0.24700507521629333
170760	-2.529989	-1.514890	-0.824662	0.079660	0.247188	0.438383	0.008644424472004175	1.1705532693187011e-05	0.24718591570854187
170880	-2.530518	-1.514365	-0.823524	0.079618	0.247352	0.438882	0.008589315507560969	3.9506172839506166e-05	0.24735188484191895
171000	-2.530599	-1.514177	-0.822843	0.079611	0.247410	0.439181	0.008571121655404568	3.9506172839506166e-05	0.2474096566438675
171120	-2.529848	-1.513702	-0.821754	0.079671	0.247543	0.439660	0.00854004374705255	2.6337448559670777e-05	0.2475391924381256
171240	-2.530132	-1.513111	-0.819576	0.079649	0.247718	0.440618	0.008478609379380941	3.9506172839506166e-05	0.24771644175052643
171360	-2.531342	-1.512683	-0.819665	0.079552	0.247858	0.440579	0.008443218702450395	3.9506172839506166e-05	0.24785657227039337
171480	-2.532071	-1.512366	-0.819378	0.079494	0.247939	0.440706	0.008412999799475074	3.9506172839506166e-05	0.24793791770935059
171600	-2.532220	-1.512037	-0.819457	0.079482	0.248025	0.440671	0.008384741703048348	2.6337448559670777e-05	0.24802333116531372
171720	-2.532187	-1.511866	-0.818440	0.079485	0.248079	0.441119	0.008366570202633738	2.6337448559670777e-05	0.2480781227350235
171840	-2.532037	-1.511034	-0.817547	0.079497	0.248287	0.441513	0.008293919917196035	3.9506172839506166e-05	0.2482859343290329
171960	-2.531770	-1.510672	-0.816699	0.079518	0.248408	0.441888	0.008259565848857165	1.7558299039780518e-05	0.24840661883354187
172080	-2.531162	-1.510132	-0.814038	0.079566	0.248561	0.443065	0.008209861442446708	3.9506172839506166e-05	0.24856090545654297
172200	-2.531587	-1.509791	-0.813639	0.079533	0.248641	0.443242	0.008182654064148665	2.6337448559670777e-05	0.24863997101783752
172320	-2.531369	-1.509501	-0.812471	0.079550	0.248720	0.443760	0.008153548929840326	1.1705532693187011e-05	0.2487196922302246
172440	-2.531719	-1.508834	-0.811893	0.079522	0.248905	0.444017	0.008094404451549053	2.6337448559670777e-05	0.2489040046930313
172560	-2.533525	-1.508265	-0.810381	0.079379	0.249094	0.444689	0.00804891875013709	3.9506172839506166e-05	0.24909009039402008
172680	-2.534207	-1.507891	-0.810058	0.079325	0.249199	0.444832	0.008011457230895757	2.6337448559670777e-05	0.24919670820236206
172800	-2.534186	-1.507357	-0.808751	0.079326	0.249351	0.445414	0.007960974983870984	3.9506172839506166e-05	0.2493501454591751
172920	-2.535012	-1.507185	-0.807111	0.079261	0.249437	0.446145	0.007941194158047438	2.6337448559670777e-05	0.2494363933801651
173040	-2.534887	-1.506515	-0.805473	0.079271	0.249590	0.446876	0.007882386492565275	3.9506172839506166e-05	0.24958981573581696
173160	-2.535188	-1.506158	-0.804146	0.079247	0.249692	0.447470	0.007852941052988172	2.6337448559670777e-05	0.2496907263994217
173280	-2.534594	-1.505917	-0.803988	0.079294	0.249765	0.447540	0.007829135330393911	5.925925925925925e-05	0.24976330995559692
173400	-2.534250	-1.505589	-0.802758	0.079321	0.249889	0.448092	0.0077974229585379366	3.9506172839506166e-05	0.2498892843723297
173520	-2.533640	-1.505181	-0.802992	0.079370	0.249982	0.447987	0.007768871216103435	2.6337448559670777e-05	0.2499799281358719
173640	-2.533864	-1.504767	-0.802749	0.079352	0.250072	0.448095	0.007726029376499355	3.9506172839506166e-05	0.25007131695747375
173760	-2.534858	-1.504412	-0.801035	0.079273	0.250221	0.448864	0.00769655555486679	3.9506172839506166e-05	0.25021979212760925
173880	-2.534599	-1.503992	-0.800394	0.079293	0.250333	0.449152	0.007652703486382961	3.9506172839506166e-05	0.2503342926502228
174000	-2.534525	-1.503594	-0.798777	0.079299	0.250485	0.449879	0.007622502581216395	3.9506172839506166e-05	0.25048375129699707
174120	-2.534871	-1.502934	-0.798301	0.079272	0.250664	0.450093	0.007567949406802654	3.9506172839506166e-05	0.25066110491752625
174240	-2.534876	-1.502610	-0.797302	0.079272	0.250759	0.450543	0.007531103701330722	2.6337448559670777e-05	0.2507586181163788
174360	-2.535338	-1.502001	-0.795489	0.079235	0.250960	0.451360	0.0074798076180741194	3.9506172839506166e-05	0.2509595453739166
174480	-2.534985	-1.501449	-0.794666	0.079263	0.251131	0.451732	0.007432521833106875	3.9506172839506166e-05	0.2511284351348877
174600	-2.533396	-1.501091	-0.794233	0.079389	0.251197	0.451928	0.007396641885861754	2.6337448559670777e-05	0.2511964440345764
174720	-2.532249	-1.500515	-0.793201	0.079480	0.251355	0.452394	0.00734269714448601	2.6337448559670777e-05	0.2513546645641327
174840	-2.530910	-1.500168	-0.792298	0.079587	0.251453	0.452803	0.007317702705040574	3.9506172839506166e-05	0.25145068764686584
174960	-2.530449	-1.499606	-0.789912	0.079623	0.251626	0.453885	0.007268064003437757	2.6337448559670777e-05	0.2516244053840637
175080	-2.529361	-1.498948	-0.789253	0.079710	0.251798	0.454184	0.0072071720380336044	3.9506172839506166e-05	0.2517964839935303
175200	-2.529047	-1.498481	-0.789283	0.079735	0.251880	0.454171	0.00715698441490531	2.6337448559670777e-05	0.25188058614730835
175320	-2.529402	-1.498645	-0.788353	0.079707	0.251858	0.454593	0.00717550958506763	3.9506172839506166e-05	0.25185656547546387
175440	-2.531109	-1.498047	-0.786106	0.079571	0.252068	0.455616	0.007129791146144271	5.925925925925925e-05	0.25206491351127625
175560	-2.528997	-1.497287	-0.785270	0.079739	0.252276	0.455997	0.007052775798365473	3.9506172839506166e-05	0.25227633118629456
175680	-2.529740	-1.497064	-0.783481	0.079680	0.252356	0.456813	0.007041204022243619	3.9506172839506166e-05	0.2523520588874817
175800	-2.530510	-1.496585	-0.782525	0.079618	0.252505	0.457250	0.006990892742760479	2.6337448559670777e-05	0.25250351428985596
175920	-2.530163	-1.496291	-0.781761	0.079646	0.252600	0.457600	0.006962206261232495	3.9506172839506166e-05	0.25259897112846375
176040	-2.529962	-1.495701	-0.781349	0.079662	0.252737	0.457788	0.006915784138254821	3.9506172839506166e-05	0.25273582339286804
176160	-2.529597	-1.494800	-0.780939	0.079691	0.252972	0.457976	0.006834951345808804	2.6337448559670777e-05	0.252970814704895
176280	-2.529424	-1.494217	-0.779378	0.079705	0.253165	0.458691	0.006779483193531633	2.6337448559670777e-05	0.25316357612609863
176400	-2.529359	-1.493502	-0.779702	0.079710	0.253368	0.458543	0.006715257721953094	3.9506172839506166e-05	0.2533649802207947
176520	-2.530429	-1.493079	-0.778913	0.079625	0.253509	0.458904	0.006677386467345059	3.9506172839506166e-05	0.25350648164749146
176640	-2.529653	-1.492395	-0.778061	0.079687	0.253685	0.459296	0.006615705182775855	3.9506172839506166e-05	0.2536841332912445
176760	-2.528611	-1.491853	-0.778881	0.079770	0.253807	0.458919	0.006566815846599639	2.6337448559670777e-05	0.25380584597587585
176880	-2.528254	-1.491634	-0.778149	0.079798	0.253881	0.459255	0.006544025824405253	3.9506172839506166e-05	0.25387999415397644
177000	-2.528442	-1.491358	-0.777137	0.079783	0.253971	0.459720	0.006521232193335891	2.6337448559670777e-05	0.2539696991443634
177120	-2.528416	-1.491033	-0.776674	0.079785	0.254065	0.459933	0.00648677684366703	3.9506172839506166e-05	0.25406545400619507
177240	-2.529124	-1.491004	-0.776892	0.079729	0.254076	0.459833	0.006485611130483448	3.9506172839506166e-05	0.25407615303993225
177360	-2.529692	-1.490597	-0.775863	0.079684	0.254182	0.460306	0.006449460866861045	2.6337448559670777e-05	0.25418224930763245
177480	-2.530786	-1.490378	-0.775145	0.079596	0.254267	0.460637	0.006429720157757402	3.9506172839506166e-05	0.2542669177055359
177600	-2.530644	-1.490294	-0.774522	0.079608	0.254320	0.460924	0.0064234842080622915	3.9506172839506166e-05	0.25431907176971436
177720	-2.530326	-1.489649	-0.773163	0.079633	0.254513	0.461551	0.006365341856144369	3.9506172839506166e-05	0.2545131742954254
177840	-2.531524	-1.489202	-0.771670	0.079538	0.254657	0.462240	0.006330960593186319	3.9506172839506166e-05	0.2546553313732147
177960	-2.532824	-1.489107	-0.770286	0.079434	0.254698	0.462881	0.006318065105006099	5.925925925925925e-05	0.25469648838043213
178080	-2.532774	-1.488704	-0.769782	0.079438	0.254843	0.463114	0.006282272655516863	3.9506172839506166e-05	0.25484126806259155
178200	-2.533095	-1.488524	-0.768902	0.079413	0.254947	0.463522	0.0062634724657982584	3.9506172839506166e-05	0.25494638085365295
178320	-2.534861	-1.488575	-0.768647	0.079273	0.254978	0.463640	0.006270528165623545	3.9506172839506166e-05	0.25497692823410034
178440	-2.536473	-1.488116	-0.767902	0.079145	0.255138	0.463986	0.0062301140278577805	5.925925925925925e-05	0.2551354765892029
178560	-2.536960	-1.487950	-0.766122	0.079107	0.255223	0.464812	0.006209868798032403	3.9506172839506166e-05	0.25522348284721375
178680	-2.537057	-1.487648	-0.765858	0.079099	0.255308	0.464935	0.006189306895248592	3.9506172839506166e-05	0.2553060054779053
178800	-2.536723	-1.487179	-0.764577	0.079125	0.255431	0.465531	0.006144574168138206	3.9506172839506166e-05	0.2554306387901306
178920	-2.536358	-1.487042	-0.763865	0.079154	0.255513	0.465862	0.006135543948039413	3.9506172839506166e-05	0.255511075258255
179040	-2.536705	-1.486646	-0.762835	0.079127	0.255655	0.466343	0.006096089933998882	3.9506172839506166e-05	0.2556539475917816
179160	-2.536824	-1.486153	-0.761763	0.079117	0.255780	0.466843	0.006054236670024693	3.9506172839506166e-05	0.2557789087295532
179280	-2.538452	-1.486071	-0.761302	0.078989	0.255827	0.467058	0.0060436954256147144	5.925925925925925e-05	0.2558259963989258
179400	-2.539659	-1.485797	-0.760974	0.078893	0.255946	0.467211	0.0060226795030757785	3.9506172839506166e-05	0.255943238735199
179520	-2.541786	-1.485784	-0.760457	0.078726	0.255997	0.467453	0.0060165261151269075	3.9506172839506166e-05	0.25599637627601624
179640	-2.543090	-1.485809	-0.759540	0.078623	0.256021	0.467882	0.006020832969807088	3.9506172839506166e-05	0.2560194730758667
179760	-2.544332	-1.485154	-0.757135	0.078525	0.256246	0.469008	0.005964971659705043	5.925925925925925e-05	0.2562429904937744
179880	-2.545444	-1.484578	-0.755243	0.078438	0.256417	0.469896	0.0059097572462633256	3.9506172839506166e-05	0.2564161717891693
180000	-2.546118	-1.484466	-0.755132	0.078385	0.256448	0.469949	0.0058967700693756345	3.9506172839506166e-05	0.2564476728439331
180120	-2.544636	-1.484004	-0.754972	0.078502	0.256565	0.470024	0.005860774451866746	5.925925925925925e-05	0.25656405091285706
180240	-2.545778	-1.483639	-0.754444	0.078412	0.256717	0.470272	0.005819496954791248	5.925925925925925e-05	0.25671687722206116
180360	-2.545848	-1.483322	-0.752412	0.078407	0.256848	0.471229	0.005795916821807623	5.925925925925925e-05	0.2568467855453491
180480	-2.545665	-1.482896	-0.751119	0.078421	0.256982	0.471838	0.0057515466120094064	3.9506172839506166e-05	0.2569844722747803
180600	-2.544629	-1.482242	-0.751130	0.078502	0.257170	0.471833	0.005714273708872497	3.9506172839506166e-05	0.2571659982204437
180720	-2.545140	-1.481578	-0.749312	0.078462	0.257365	0.472692	0.005642520380206406	3.9506172839506166e-05	0.25736358761787415
180840	-2.543250	-1.481062	-0.748329	0.078611	0.257489	0.473156	0.005595565983094275	3.9506172839506166e-05	0.25748637318611145
180960	-2.543157	-1.480743	-0.746289	0.078618	0.257611	0.474123	0.0055664726067334415	3.9506172839506166e-05	0.2576099634170532
181080	-2.545231	-1.480475	-0.745616	0.078455	0.257742	0.474442	0.005535344313830137	3.9506172839506166e-05	0.2577424645423889
181200	-2.545614	-1.480098	-0.743049	0.078425	0.257879	0.475661	0.005505452770739794	3.9506172839506166e-05	0.25787898898124695
181320	-2.546413	-1.479801	-0.741369	0.078362	0.257993	0.476461	0.0054759071208536625	5.925925925925925e-05	0.25799381732940674
181440	-2.547677	-1.479951	-0.740717	0.078263	0.258005	0.476772	0.00548660047352314	3.9506172839506166e-05	0.25800567865371704
181560	-2.548485	-1.479402	-0.741359	0.078200	0.258180	0.476466	0.005447207298129797	5.925925925925925e-05	0.2581780254840851
181680	-2.549316	-1.479030	-0.741319	0.078135	0.258327	0.476485	0.005414198897778988	3.9506172839506166e-05	0.25832632184028625
181800	-2.549332	-1.478755	-0.739186	0.078134	0.258445	0.477502	0.005386328208260238	3.9506172839506166e-05	0.2584434449672699
181920	-2.550337	-1.478362	-0.738419	0.078055	0.258598	0.477869	0.005348742729984224	3.9506172839506166e-05	0.2585986256599426
182040	-2.550257	-1.478079	-0.738805	0.078062	0.258679	0.477684	0.005321766389533878	3.9506172839506166e-05	0.2586793899536133
182160	-2.550663	-1.477971	-0.737248	0.078030	0.258740	0.478429	0.005311892274767161	2.6337448559670777e-05	0.2587396502494812
182280	-2.551087	-1.477340	-0.735825	0.077997	0.258928	0.479110	0.005260816868394613	2.6337448559670777e-05	0.25892800092697144
182400	-2.551943	-1.477225	-0.735732	0.077930	0.258955	0.479154	0.0052477232413366435	3.9506172839506166e-05	0.2589558959007263
182520	-2.552401	-1.476732	-0.735151	0.077894	0.259096	0.479433	0.005204851785674691	3.9506172839506166e-05	0.25909513235092163
182640	-2.553014	-1.476172	-0.733857	0.077847	0.259283	0.480054	0.005152250383980572	3.9506172839506166e-05	0.2592821717262268
182760	-2.553599	-1.475950	-0.733939	0.077801	0.259379	0.480014	0.005134249245747924	3.9506172839506166e-05	0.2593767046928406
182880	-2.553510	-1.475803	-0.733786	0.077808	0.259405	0.480088	0.005124259833246469	5.925925925925925e-05	0.25940385460853577
183000	-2.554105	-1.475520	-0.732793	0.077762	0.259490	0.480565	0.005095157725736499	3.9506172839506166e-05	0.25948917865753174
183120	-2.556305	-1.475435	-0.733638	0.077591	0.259521	0.480159	0.005090857739560306	5.925925925925925e-05	0.2595188617706299
183240	-2.557434	-1.474758	-0.732753	0.077503	0.259698	0.480584	0.0050310768419876695	3.9506172839506166e-05	0.2596968412399292
183360	-2.558627	-1.474143	-0.732420	0.077411	0.259897	0.480744	0.004974086442962289	5.925925925925925e-05	0.2598946690559387
183480	-2.560314	-1.473822	-0.731733	0.077280	0.260022	0.481075	0.004937873035669327	3.9506172839506166e-05	0.260021835565567
183600	-2.560671	-1.473786	-0.731412	0.077253	0.260057	0.481229	0.004938288242556155	5.925925925925925e-05	0.2600559592247009
183720	-2.560498	-1.473129	-0.731042	0.077266	0.260231	0.481407	0.004885478853248059	3.9506172839506166e-05	0.2602291405200958
183840	-2.559755	-1.473338	-0.731414	0.077324	0.260167	0.481228	0.004896706552244723	3.9506172839506166e-05	0.26016610860824585
183960	-2.560519	-1.472869	-0.730104	0.077265	0.260353	0.481859	0.0048548011807724835	5.925925925925925e-05	0.26035311818122864
184080	-2.560919	-1.472333	-0.729342	0.077234	0.260537	0.482226	0.004811692936345935	3.9506172839506166e-05	0.260536253452301
184200	-2.560905	-1.471445	-0.728765	0.077235	0.260783	0.482504	0.00473455146420747	2.6337448559670777e-05	0.26078134775161743
184320	-2.560922	-1.471194	-0.728127	0.077234	0.260848	0.482813	0.004702631128020584	3.9506172839506166e-05	0.2608477771282196
184440	-2.560661	-1.470431	-0.725857	0.077254	0.261055	0.483909	0.004643774963915348	5.925925925925925e-05	0.26105305552482605
184560	-2.559750	-1.470353	-0.724294	0.077324	0.261085	0.484667	0.0046236926689744	5.925925925925925e-05	0.2610864043235779
184680	-2.558718	-1.470029	-0.722506	0.077404	0.261156	0.485534	0.004606890468858182	2.6337448559670777e-05	0.261153906583786
184800	-2.557082	-1.469574	-0.721361	0.077531	0.261305	0.486090	0.0045597620075568555	3.9506172839506166e-05	0.26130393147468567
184920	-2.556463	-1.469824	-0.720999	0.077579	0.261273	0.486266	0.004569558636285364	5.925925925925925e-05	0.2612747848033905
185040	-2.556142	-1.469728	-0.719055	0.077604	0.261320	0.487212	0.004571775463409722	3.9506172839506166e-05	0.26131975650787354
185160	-2.557231	-1.469666	-0.718067	0.077519	0.261361	0.487694	0.004568225098773837	5.925925925925925e-05	0.2613595426082611
185280	-2.558491	-1.469288	-0.718281	0.077421	0.261513	0.487589	0.004542227508500219	3.9506172839506166e-05	0.2615080177783966
185400	-2.559300	-1.468893	-0.718340	0.077359	0.261646	0.487561	0.004491582349874079	5.925925925925925e-05	0.2616472840309143
185520	-2.559520	-1.468864	-0.718481	0.077342	0.261666	0.487492	0.004494793037883938	5.925925925925925e-05	0.2616659700870514
185640	-2.561797	-1.468316	-0.718739	0.077166	0.261841	0.487367	0.0044521917821839455	1.7558299039780518e-05	0.2618386447429657
185760	-2.561699	-1.468021	-0.718641	0.077174	0.261921	0.487414	0.004418515856377781	3.9506172839506166e-05	0.26192066073417664
185880	-2.562575	-1.467400	-0.718529	0.077106	0.262113	0.487469	0.004371878085657954	3.9506172839506166e-05	0.2621098756790161
186000	-2.562071	-1.466952	-0.717631	0.077145	0.262237	0.487907	0.004325815080665052	3.9506172839506166e-05	0.26223674416542053
186120	-2.562418	-1.467009	-0.715195	0.077118	0.262278	0.489097	0.004329058527946472	2.6337448559670777e-05	0.26227644085884094
186240	-2.562437	-1.466830	-0.713758	0.077117	0.262372	0.489800	0.004313863720744849	5.925925925925925e-05	0.26237186789512634
186360	-2.561390	-1.466653	-0.714587	0.077197	0.262402	0.489394	0.004303316096775233	1.7558299039780518e-05	0.2623993456363678
186480	-2.561131	-1.466468	-0.714670	0.077217	0.262431	0.489353	0.004273277916945517	5.925925925925925e-05	0.2624330520629883
186600	-2.562539	-1.466425	-0.714174	0.077109	0.262469	0.489596	0.004273938783444464	2.6337448559670777e-05	0.26246893405914307
186720	-2.561865	-1.465626	-0.713515	0.077161	0.262709	0.489919	0.00420948511455208	5.925925925925925e-05	0.2627065181732178
186840	-2.560815	-1.465261	-0.713089	0.077242	0.262837	0.490128	0.004169169976375997	3.9506172839506166e-05	0.2628367245197296
186960	-2.561824	-1.464705	-0.712151	0.077164	0.263002	0.490588	0.004126909654587507	3.9506172839506166e-05	0.263001024723053
187080	-2.561839	-1.464540	-0.711085	0.077163	0.263090	0.491111	0.004104989557527005	2.6337448559670777e-05	0.26308873295783997
187200	-2.561190	-1.464475	-0.711666	0.077213	0.263098	0.490826	0.004100691014900804	3.9506172839506166e-05	0.26309797167778015
187320	-2.560699	-1.463884	-0.710995	0.077251	0.263243	0.491155	0.004050916782580316	5.925925925925925e-05	0.263240784406662
187440	-2.562034	-1.463729	-0.710227	0.077148	0.263316	0.491533	0.004037257004529238	3.9506172839506166e-05	0.2633134126663208
187560	-2.562917	-1.463840	-0.710478	0.077080	0.263304	0.491409	0.004038477619178593	5.925925925925925e-05	0.2633066475391388
187680	-2.563686	-1.463339	-0.710610	0.077020	0.263476	0.491345	0.004001734917983413	5.925925925925925e-05	0.2634736895561218
187800	-2.563262	-1.463353	-0.710394	0.077053	0.263498	0.491451	0.004001676011830569	3.9506172839506166e-05	0.2634967267513275
187920	-2.564524	-1.463331	-0.709912	0.076956	0.263553	0.491688	0.003993097832426429	5.925925925925925e-05	0.2635532319545746
188040	-2.564644	-1.462857	-0.710441	0.076947	0.263697	0.491427	0.003957263706251979	2.6337448559670777e-05	0.26369497179985046
188160	-2.566338	-1.462641	-0.710298	0.076816	0.263790	0.491498	0.003937523323111236	3.9506172839506166e-05	0.2637883424758911
188280	-2.567383	-1.462036	-0.709837	0.076736	0.263977	0.491724	0.003881324653048068	3.9506172839506166e-05	0.26397672295570374
188400	-2.566935	-1.461704	-0.708161	0.076770	0.264095	0.492549	0.0038483452051877977	3.9506172839506166e-05	0.264093816280365
188520	-2.566546	-1.461591	-0.707538	0.076800	0.264118	0.492856	0.0038389112567529084	5.925925925925925e-05	0.26411744952201843
188640	-2.566182	-1.461155	-0.705395	0.076828	0.264283	0.493914	0.003802595613524318	3.9506172839506166e-05	0.2642804682254791
188760	-2.567717	-1.460873	-0.703978	0.076710	0.264405	0.494614	0.0037846590508706867	5.925925925925925e-05	0.26440197229385376
188880	-2.568421	-1.460505	-0.701874	0.076656	0.264550	0.495656	0.0037392194964922963	5.925925925925925e-05	0.2645494341850281
189000	-2.569577	-1.460477	-0.700925	0.076568	0.264609	0.496126	0.003736219007987529	5.925925925925925e-05	0.26460888981819153
189120	-2.569044	-1.460344	-0.701370	0.076609	0.264642	0.495905	0.0037226095097139477	3.9506172839506166e-05	0.26464295387268066
189240	-2.569579	-1.460261	-0.698803	0.076568	0.264701	0.497180	0.0037176920217461885	3.9506172839506166e-05	0.26470136642456055
189360	-2.569966	-1.460042	-0.699877	0.076538	0.264757	0.496646	0.0037058435147628186	1.7558299039780518e-05	0.26475584506988525
189480	-2.571451	-1.459728	-0.700085	0.076425	0.264840	0.496543	0.0036704062833450733	3.9506172839506166e-05	0.264839768409729
189600	-2.571924	-1.458920	-0.698667	0.076388	0.265117	0.497248	0.0036084430990740656	3.9506172839506166e-05	0.26511329412460327
189720	-2.571276	-1.458090	-0.695686	0.076438	0.265398	0.498732	0.0035256608040072023	3.9506172839506166e-05	0.26539725065231323
189840	-2.572901	-1.458193	-0.696405	0.076314	0.265374	0.498374	0.003532107174396515	3.9506172839506166e-05	0.2653736472129822
189960	-2.574000	-1.457649	-0.697448	0.076230	0.265537	0.497854	0.003488749300595373	2.6337448559670777e-05	0.26553577184677124
190080	-2.573318	-1.456933	-0.696899	0.076282	0.265742	0.498128	0.003432683693245053	2.6337448559670777e-05	0.2657372057437897
190200	-2.572830	-1.456227	-0.695796	0.076319	0.265948	0.498677	0.003360143268946558	1.7558299039780518e-05	0.26594698429107666
190320	-2.572914	-1.455455	-0.696096	0.076313	0.266159	0.498528	0.0032952811918221412	3.9506172839506166e-05	0.26615673303604126
190440	-2.572948	-1.455177	-0.694605	0.076310	0.266288	0.499272	0.0032623978098854423	3.9506172839506166e-05	0.26628682017326355
190560	-2.572606	-1.454868	-0.693516	0.076336	0.266401	0.499816	0.0032375585520640015	3.9506172839506166e-05	0.26639991998672485
190680	-2.571684	-1.453992	-0.691175	0.076407	0.266660	0.500987	0.00315877937246114	3.9506172839506166e-05	0.2666601240634918
190800	-2.572300	-1.453575	-0.689922	0.076360	0.266812	0.501615	0.003119726397562772	3.9506172839506166e-05	0.2668118476867676
190920	-2.572389	-1.453298	-0.688799	0.076353	0.266892	0.502179	0.0030992622138001024	1.7558299039780518e-05	0.2668905258178711
191040	-2.573521	-1.453236	-0.688257	0.076267	0.266947	0.502451	0.0030926613602787257	2.6337448559670777e-05	0.2669447362422943
191160	-2.573386	-1.452605	-0.688493	0.076277	0.267133	0.502332	0.003035408305004239	3.9506172839506166e-05	0.2671312689781189
191280	-2.572434	-1.452169	-0.687468	0.076350	0.267266	0.502847	0.002995113783981651	2.6337448559670777e-05	0.26726487278938293
191400	-2.572360	-1.451632	-0.686800	0.076355	0.267429	0.503183	0.0029456141288392245	3.9506172839506166e-05	0.26742860674858093
191520	-2.571945	-1.451057	-0.685280	0.076387	0.267608	0.503949	0.0028924896498210726	3.9506172839506166e-05	0.267607718706131
191640	-2.571380	-1.450688	-0.685737	0.076430	0.267682	0.503719	0.0028602108010090887	3.9506172839506166e-05	0.2676815986633301
191760	-2.571616	-1.450503	-0.686219	0.076412	0.267744	0.503476	0.002848994394298643	3.9506172839506166e-05	0.26774176955223083
191880	-2.571784	-1.449891	-0.686531	0.076399	0.267920	0.503319	0.0027932351804338396	5.925925925925925e-05	0.2679169774055481
192000	-2.571581	-1.449365	-0.685822	0.076415	0.268075	0.503676	0.0027402214356698094	3.9506172839506166e-05	0.2680743336677551
192120	-2.571672	-1.449315	-0.684768	0.076408	0.268103	0.504207	0.002737823431380093	5.925925925925925e-05	0.2681018114089966
192240	-2.571170	-1.448802	-0.683120	0.076446	0.268259	0.505039	0.002694072003941983	5.925925925925925e-05	0.26825621724128723
192360	-2.570567	-1.448092	-0.681642	0.076492	0.268482	0.505786	0.0026319327182136474	2.6337448559670777e-05	0.26848074793815613
192480	-2.571698	-1.447463	-0.680835	0.076406	0.268671	0.506194	0.0025729328976012767	3.9506172839506166e-05	0.268667995929718
192600	-2.571674	-1.446898	-0.679401	0.076408	0.268824	0.506920	0.002519114571623504	5.925925925925925e-05	0.26882320642471313
192720	-2.570557	-1.446243	-0.678593	0.076493	0.269007	0.507330	0.0024578114389441907	3.9506172839506166e-05	0.2690066993236542
192840	-2.571190	-1.446166	-0.678539	0.076445	0.269053	0.507358	0.002452361141331494	2.6337448559670777e-05	0.2690524756908417
192960	-2.570774	-1.445398	-0.678099	0.076476	0.269265	0.507581	0.002390816365368664	3.9506172839506166e-05	0.2692622244358063
193080	-2.570473	-1.444924	-0.677311	0.076499	0.269413	0.507981	0.002344179805368185	2.6337448559670777e-05	0.26941120624542236
193200	-2.570374	-1.444668	-0.677120	0.076507	0.269483	0.508078	0.002313864231109619	2.6337448559670777e-05	0.2694833278656006
193320	-2.570263	-1.444590	-0.676671	0.076515	0.269513	0.508306	0.002307499130256474	3.9506172839506166e-05	0.2695123553276062
193440	-2.570824	-1.444627	-0.676672	0.076472	0.269524	0.508306	0.0023104948573745786	1.7558299039780518e-05	0.26952430605888367
193560	-2.571404	-1.444425	-0.677689	0.076428	0.269569	0.507789	0.0022948235156945882	3.9506172839506166e-05	0.26956892013549805
193680	-2.571470	-1.444081	-0.676540	0.076423	0.269691	0.508373	0.0022663312032818795	3.9506172839506166e-05	0.2696898579597473
193800	-2.571057	-1.443609	-0.675925	0.076455	0.269831	0.508686	0.0022247379994951187	3.9506172839506166e-05	0.2698304057121277
193920	-2.571167	-1.443203	-0.676454	0.076446	0.269948	0.508416	0.002183026459533721	3.9506172839506166e-05	0.2699488699436188
194040	-2.572704	-1.442804	-0.675745	0.076329	0.270106	0.508777	0.002153765456750989	1.7558299039780518e-05	0.27010390162467957
194160	-2.572054	-1.442491	-0.675500	0.076378	0.270215	0.508902	0.0021240643342025577	3.9506172839506166e-05	0.27021345496177673
194280	-2.571922	-1.442170	-0.674670	0.076389	0.270304	0.509325	0.002088770328555256	5.925925925925925e-05	0.27030426263809204
194400	-2.571551	-1.441711	-0.673916	0.076417	0.270461	0.509708	0.002059565612580627	2.6337448559670777e-05	0.2704576551914215
194520	-2.569730	-1.440729	-0.672553	0.076556	0.270729	0.510404	0.001966783031821251	1.7558299039780518e-05	0.2707282602787018
194640	-2.569037	-1.440410	-0.671691	0.076609	0.270817	0.510844	0.0019350262416992336	3.9506172839506166e-05	0.2708166539669037
194760	-2.569277	-1.440230	-0.671055	0.076591	0.270885	0.511169	0.0019125957682263107	5.925925925925925e-05	0.27088651061058044
194880	-2.569304	-1.439955	-0.670705	0.076589	0.270979	0.511348	0.0018904541211668402	3.9506172839506166e-05	0.2709793746471405
195000	-2.568841	-1.439757	-0.669306	0.076624	0.271079	0.512064	0.0018728277878835796	3.9506172839506166e-05	0.27107909321784973
195120	-2.569568	-1.439312	-0.668430	0.076569	0.271239	0.512512	0.0018361348658800126	3.9506172839506166e-05	0.2712385058403015
195240	-2.570062	-1.439004	-0.668553	0.076531	0.271327	0.512450	0.0018052483908832073	2.6337448559670777e-05	0.27132660150527954
195360	-2.570639	-1.439069	-0.669225	0.076487	0.271335	0.512105	0.001815758360316977	3.9506172839506166e-05	0.2713329493999481
195480	-2.570439	-1.439068	-0.668735	0.076502	0.271385	0.512357	0.0018121529428754002	5.925925925925925e-05	0.271383672952652
195600	-2.569461	-1.438825	-0.667785	0.076577	0.271447	0.512843	0.0017910237424075604	3.9506172839506166e-05	0.2714464068412781
195720	-2.570184	-1.438466	-0.667356	0.076521	0.271591	0.513063	0.001765807473566383	3.9506172839506166e-05	0.2715877890586853
195840	-2.570605	-1.438352	-0.665952	0.076489	0.271655	0.513784	0.0017436598078347742	3.9506172839506166e-05	0.27165576815605164
195960	-2.570309	-1.437690	-0.664463	0.076512	0.271863	0.514550	0.0016979528882075101	3.9506172839506166e-05	0.271860271692276
196080	-2.570825	-1.436903	-0.664117	0.076472	0.272087	0.514728	0.001624094572616741	3.9506172839506166e-05	0.2720857560634613
196200	-2.572053	-1.436903	-0.664956	0.076379	0.272100	0.514296	0.0016182450286578386	3.9506172839506166e-05	0.2720988392829895
196320	-2.571311	-1.436818	-0.663752	0.076435	0.272152	0.514916	0.0016070604557171463	5.925925925925925e-05	0.2721514403820038
196440	-2.571558	-1.436584	-0.663015	0.076416	0.272219	0.515295	0.0015845144051127135	5.925925925925925e-05	0.2722206711769104
196560	-2.571417	-1.436130	-0.662502	0.076427	0.272360	0.515560	0.0015514813421759754	2.6337448559670777e-05	0.27235865592956543
196680	-2.572020	-1.435664	-0.660678	0.076381	0.272563	0.516501	0.0015114046691451222	3.9506172839506166e-05	0.272561252117157
196800	-2.571298	-1.434983	-0.659525	0.076436	0.272774	0.517097	0.0014553652028553188	3.9506172839506166e-05	0.2727723717689514
196920	-2.569984	-1.434593	-0.658257	0.076537	0.272918	0.517753	0.0014125105983112008	2.6337448559670777e-05	0.2729172110557556
197040	-2.569649	-1.433874	-0.657544	0.076562	0.273132	0.518122	0.0013521544577088207	2.6337448559670777e-05	0.2731291651725769
197160	-2.570082	-1.433546	-0.656938	0.076529	0.273258	0.518436	0.001321376662235707	3.9506172839506166e-05	0.27325454354286194
197280	-2.570387	-1.432950	-0.656365	0.076506	0.273429	0.518734	0.0012640034838113934	5.925925925925925e-05	0.27342846989631653
197400	-2.571646	-1.432943	-0.656917	0.076410	0.273442	0.518447	0.001257766567869112	5.925925925925925e-05	0.27344220876693726
197520	-2.571579	-1.432689	-0.657849	0.076415	0.273489	0.517964	0.0012448944209609181	3.9506172839506166e-05	0.27348706126213074
197640	-2.572452	-1.432139	-0.657399	0.076348	0.273657	0.518197	0.001192611118312925	1.7558299039780518e-05	0.2736559212207794
197760	-2.572964	-1.431634	-0.658437	0.076309	0.273815	0.517660	0.001148253952851519	5.925925925925925e-05	0.27381405234336853
197880	-2.572428	-1.431348	-0.658642	0.076350	0.273896	0.517554	0.0011204129259567708	1.7558299039780518e-05	0.2738949656486511
198000	-2.571765	-1.431013	-0.658550	0.076401	0.273980	0.517601	0.0010869887191802263	3.9506172839506166e-05	0.27397996187210083
198120	-2.572027	-1.430851	-0.657542	0.076381	0.274087	0.518124	0.0010775871691294015	1.7558299039780518e-05	0.2740844190120697
198240	-2.571897	-1.430504	-0.656909	0.076390	0.274209	0.518452	0.0010486978106200695	3.9506172839506166e-05	0.27420735359191895
198360	-2.570293	-1.429678	-0.656487	0.076513	0.274412	0.518670	0.0009708407305879518	1.7558299039780518e-05	0.27441084384918213
198480	-2.571414	-1.429531	-0.655839	0.076427	0.274457	0.519007	0.0009493527788436041	3.9506172839506166e-05	0.27445805072784424
198600	-2.572694	-1.429379	-0.655244	0.076330	0.274515	0.519315	0.0009445373230846599	3.9506172839506166e-05	0.2745140492916107
198720	-2.572504	-1.428790	-0.654732	0.076344	0.274669	0.519581	0.0008915861631976441	2.6337448559670777e-05	0.2746675908565521
198840	-2.573071	-1.428308	-0.653390	0.076301	0.274853	0.520279	0.0008471204462694004	3.9506172839506166e-05	0.27485185861587524
198960	-2.572747	-1.427832	-0.653592	0.076326	0.274987	0.520174	0.0008020932495128363	5.925925925925925e-05	0.2749861180782318
199080	-2.572854	-1.427313	-0.652321	0.076317	0.275170	0.520835	0.0007638042356120422	2.6337448559670777e-05	0.2751657962799072
199200	-2.571561	-1.426640	-0.651855	0.076416	0.275372	0.521078	0.000698017404647544	3.9506172839506166e-05	0.27537035942077637
199320	-2.571802	-1.426344	-0.651408	0.076398	0.275505	0.521311	0.0006658053840510547	2.6337448559670777e-05	0.2755049169063568
199440	-2.571147	-1.425911	-0.650024	0.076448	0.275637	0.522033	0.0006316208717180416	1.7558299039780518e-05	0.27563586831092834
199560	-2.570497	-1.425276	-0.649373	0.076497	0.275821	0.522373	0.0005794056516606361	1.7558299039780518e-05	0.2758185863494873
199680	-2.570670	-1.424899	-0.648493	0.076484	0.275941	0.522833	0.0005341689422493801	3.9506172839506166e-05	0.2759409546852112
199800	-2.570570	-1.424388	-0.648040	0.076492	0.276125	0.523070	0.0004968450492015108	3.9506172839506166e-05	0.2761228680610657
199920	-2.570582	-1.424291	-0.648250	0.076491	0.276146	0.522960	0.0004821905997232534	5.925925925925925e-05	0.2761455476284027
200040	-2.572587	-1.424050	-0.647366	0.076338	0.276252	0.523423	0.00046387301845243203	2.6337448559670777e-05	0.27624979615211487
200160	-2.573631	-1.423712	-0.647303	0.076258	0.276382	0.523456	0.00043756215454777704	1.7558299039780518e-05	0.27638009190559387
200280	-2.573706	-1.423647	-0.646580	0.076252	0.276395	0.523834	0.00042430900648469103	3.9506172839506166e-05	0.27639448642730713
200400	-2.573897	-1.422959	-0.647297	0.076238	0.276563	0.523459	0.00037296300288289783	3.9506172839506166e-05	0.2765596807003021
200520	-2.576387	-1.422866	-0.647020	0.076048	0.276644	0.523604	0.0003499253303743899	8.888888888888888e-05	0.2766450047492981
200640	-2.577074	-1.422686	-0.645273	0.075996	0.276741	0.524520	0.00034093945432687176	3.9506172839506166e-05	0.27674028277397156
200760	-2.577640	-1.422300	-0.645607	0.075953	0.276842	0.524344	0.0002995669172378257	5.925925925925925e-05	0.2768436074256897
200880	-2.577830	-1.422169	-0.646072	0.075939	0.276883	0.524100	0.0002909115486545488	5.925925925925925e-05	0.27688196301460266
201000	-2.578173	-1.422100	-0.644875	0.075913	0.276951	0.524728	0.00028133844607509674	2.6337448559670777e-05	0.2769506573677063
201120	-2.577530	-1.421337	-0.645547	0.075961	0.277139	0.524376	0.00022261696503846906	3.9506172839506166e-05	0.2771368622779846
201240	-2.576748	-1.421071	-0.645611	0.076021	0.277232	0.524342	0.00019341670922585764	3.9506172839506166e-05	0.27723228931427
201360	-2.577356	-1.420811	-0.645189	0.075975	0.277322	0.524563	0.0001708537878585048	3.9506172839506166e-05	0.2773210108280182
201480	-2.577404	-1.420368	-0.644946	0.075971	0.277468	0.524691	0.00013746106196776964	5.925925925925925e-05	0.27746522426605225
201600	-2.578089	-1.419930	-0.644446	0.075919	0.277626	0.524953	8.968835863925051e-05	3.9506172839506166e-05	0.2776262164115906
201720	-2.577573	-1.418940	-0.643058	0.075958	0.277960	0.525682	1.9673704347411556e-06	3.9506172839506166e-05	0.27795976400375366
201840	-2.577610	-1.418426	-0.642632	0.075955	0.278141	0.525906	-3.551578456608695e-05	3.9506172839506166e-05	0.2781381905078888
201960	-2.579125	-1.418704	-0.641926	0.075840	0.278095	0.526278	-2.4738430420256917e-05	3.9506172839506166e-05	0.2780950963497162
202080	-2.579893	-1.418611	-0.641287	0.075782	0.278175	0.526614	-3.144061483908445e-05	3.9506172839506166e-05	0.27817538380622864
202200	-2.578780	-1.418212	-0.640994	0.075866	0.278262	0.526769	-5.936765555816237e-05	1.7558299039780518e-05	0.2782602608203888
202320	-2.578672	-1.417692	-0.639374	0.075875	0.278443	0.527623	-0.00011116695131931919	3.9506172839506166e-05	0.27844294905662537
202440	-2.577258	-1.416867	-0.638726	0.075982	0.278695	0.527965	-0.0001845838371082209	3.9506172839506166e-05	0.27869442105293274
202560	-2.577715	-1.416427	-0.638632	0.075947	0.278823	0.528014	-0.00022613572582486086	3.9506172839506166e-05	0.27882301807403564
202680	-2.577941	-1.416000	-0.637985	0.075930	0.278986	0.528356	-0.0002649561094585806	2.6337448559670777e-05	0.2789863348007202
202800	-2.577072	-1.415592	-0.637406	0.075996	0.279104	0.528662	-0.0002929973532445729	3.9506172839506166e-05	0.2791007161140442
202920	-2.577768	-1.415343	-0.636980	0.075943	0.279215	0.528887	-0.00032072871254058556	5.925925925925925e-05	0.279213547706604
203040	-2.577511	-1.414623	-0.635415	0.075963	0.279457	0.529715	-0.00038499420043081045	3.9506172839506166e-05	0.27945661544799805
203160	-2.576535	-1.413998	-0.636089	0.076037	0.279606	0.529359	-0.0004443380734301172	3.9506172839506166e-05	0.27960678935050964
203280	-2.575783	-1.413302	-0.635340	0.076094	0.279799	0.529755	-0.0004995846626115963	2.6337448559670777e-05	0.27979615330696106
203400	-2.576481	-1.412714	-0.633692	0.076041	0.280007	0.530629	-0.0005557454103836789	1.7558299039780518e-05	0.28000521659851074
203520	-2.577258	-1.412215	-0.632076	0.075982	0.280180	0.531487	-0.0005946345219854266	3.9506172839506166e-05	0.2801773250102997
203640	-2.577354	-1.411572	-0.632080	0.075975	0.280368	0.531485	-0.0006559349742019549	1.7558299039780518e-05	0.2803663909435272
203760	-2.577076	-1.411179	-0.632102	0.075996	0.280483	0.531473	-0.0006936077930731699	3.9506172839506166e-05	0.2804814875125885
203880	-2.576751	-1.410531	-0.630715	0.076021	0.280667	0.532211	-0.0007532269810326397	3.9506172839506166e-05	0.28066614270210266
204000	-2.577210	-1.409988	-0.629172	0.075986	0.280838	0.533033	-0.0008016671927180141	1.7558299039780518e-05	0.2808372974395752
204120	-2.576953	-1.409207	-0.628158	0.076005	0.281080	0.533574	-0.0008714828261872753	1.7558299039780518e-05	0.2810787260532379
204240	-2.577030	-1.408707	-0.627045	0.075999	0.281251	0.534168	-0.0009143569885054603	3.9506172839506166e-05	0.28124845027923584
204360	-2.577921	-1.408394	-0.626610	0.075932	0.281382	0.534400	-0.0009487749106483534	2.6337448559670777e-05	0.2813818156719208
204480	-2.578007	-1.407738	-0.625823	0.075925	0.281575	0.534821	-0.0010013177816290408	2.6337448559670777e-05	0.2815726399421692
204600	-2.578017	-1.406912	-0.625084	0.075924	0.281803	0.535216	-0.0010757604031823575	2.6337448559670777e-05	0.28180089592933655
204720	-2.578158	-1.406345	-0.625100	0.075914	0.281954	0.535208	-0.0011255786288529635	2.6337448559670777e-05	0.28195104002952576
204840	-2.577860	-1.405715	-0.624028	0.075936	0.282134	0.535782	-0.0011846878274809568	2.6337448559670777e-05	0.28213226795196533
204960	-2.577942	-1.405080	-0.622883	0.075930	0.282332	0.536396	-0.0012394817837048321	2.6337448559670777e-05	0.28232985734939575
205080	-2.576786	-1.404526	-0.622416	0.076018	0.282479	0.536647	-0.0012937207415234298	2.6337448559670777e-05	0.28247764706611633
205200	-2.577101	-1.404028	-0.621403	0.075994	0.282622	0.537190	-0.0013374896137975157	3.9506172839506166e-05	0.28262123465538025
205320	-2.577882	-1.403345	-0.620206	0.075935	0.282839	0.537834	-0.0013975718291476368	2.6337448559670777e-05	0.2828373312950134
205440	-2.578055	-1.402925	-0.619441	0.075922	0.282999	0.538245	-0.0014379019383341074	3.9506172839506166e-05	0.28299787640571594
205560	-2.577496	-1.402322	-0.619025	0.075964	0.283158	0.538469	-0.0014881148526910692	2.6337448559670777e-05	0.28315573930740356
205680	-2.579405	-1.402329	-0.619405	0.075819	0.283184	0.538265	-0.0014940752706024795	5.925925925925925e-05	0.2831830680370331
205800	-2.578602	-1.401638	-0.618520	0.075880	0.283415	0.538741	-0.0015460937400348484	3.9506172839506166e-05	0.28341278433799744
205920	-2.578674	-1.401185	-0.617710	0.075875	0.283550	0.539178	-0.0015923206403385848	2.6337448559670777e-05	0.2835482954978943
206040	-2.579135	-1.400364	-0.616286	0.075840	0.283812	0.539946	-0.001665062754182145	3.9506172839506166e-05	0.2838095724582672
206160	-2.579360	-1.399857	-0.614565	0.075822	0.283983	0.540876	-0.001709301379742101	3.9506172839506166e-05	0.2839823067188263
206280	-2.578083	-1.399345	-0.614360	0.075919	0.284123	0.540987	-0.0017568261944688856	2.6337448559670777e-05	0.28412070870399475
206400	-2.577674	-1.398660	-0.612774	0.075950	0.284346	0.541846	-0.0018199659825768322	1.7558299039780518e-05	0.2843444347381592
206520	-2.577610	-1.398061	-0.611715	0.075955	0.284531	0.542420	-0.0018722428299952298	3.9506172839506166e-05	0.2845292389392853
206640	-2.577611	-1.397296	-0.611462	0.075955	0.284769	0.542557	-0.0019420136406552047	3.9506172839506166e-05	0.2847677767276764
206760	-2.576911	-1.396599	-0.609597	0.076008	0.285024	0.543570	-0.002007023594342172	3.9506172839506166e-05	0.28502294421195984
206880	-2.575635	-1.395932	-0.609913	0.076105	0.285184	0.543398	-0.0020671599777415395	5.925925925925925e-05	0.285183846950531
207000	-2.574521	-1.395231	-0.609170	0.076190	0.285403	0.543802	-0.0021296968567185103	2.6337448559670777e-05	0.2854018807411194
207120	-2.574590	-1.394743	-0.608416	0.076185	0.285540	0.544212	-0.002173447492532432	2.6337448559670777e-05	0.2855387330055237
207240	-2.572989	-1.394089	-0.608075	0.076307	0.285694	0.544398	-0.0022393004153855147	5.925925925925925e-05	0.2856946587562561
207360	-2.572319	-1.393145	-0.606290	0.076358	0.286002	0.545371	-0.002314998197834939	1.7558299039780518e-05	0.28600063920021057
207480	-2.571830	-1.392605	-0.606141	0.076396	0.286164	0.545452	-0.0023687238106504084	1.7558299039780518e-05	0.286163866519928
207600	-2.571518	-1.391917	-0.604614	0.076419	0.286385	0.546285	-0.0024273362825624643	3.9506172839506166e-05	0.2863828241825104
207720	-2.570460	-1.391519	-0.604484	0.076500	0.286493	0.546356	-0.002463045378681272	2.6337448559670777e-05	0.28649193048477173
207840	-2.569790	-1.391016	-0.604665	0.076552	0.286630	0.546258	-0.0025083219865337015	1.7558299039780518e-05	0.2866281569004059
207960	-2.569182	-1.390064	-0.603503	0.076598	0.286927	0.546892	-0.002590543800033629	1.1705532693187011e-05	0.2869260609149933
208080	-2.569480	-1.389409	-0.602875	0.076575	0.287127	0.547236	-0.0026462292880751193	3.9506172839506166e-05	0.2871244549751282
208200	-2.568661	-1.388733	-0.602310	0.076638	0.287330	0.547545	-0.002719378122128546	3.9506172839506166e-05	0.287330687046051
208320	-2.568794	-1.388456	-0.601994	0.076628	0.287427	0.547718	-0.0027441496727988123	3.9506172839506166e-05	0.28742659091949463
208440	-2.568165	-1.387952	-0.600903	0.076676	0.287603	0.548316	-0.0027796236681751907	1.1705532693187011e-05	0.2876006066799164
208560	-2.568431	-1.387912	-0.601276	0.076656	0.287607	0.548112	-0.002794035675469786	5.925925925925925e-05	0.2876073122024536
208680	-2.566516	-1.387559	-0.600938	0.076803	0.287710	0.548297	-0.002813622821122408	3.9506172839506166e-05	0.28770676255226135
208800	-2.565612	-1.386815	-0.599837	0.076872	0.287955	0.548901	-0.0028847036650404335	1.7558299039780518e-05	0.28795325756073
208920	-2.565255	-1.386404	-0.599520	0.076900	0.288085	0.549075	-0.0029219566960819064	3.9506172839506166e-05	0.2880827784538269
209040	-2.565593	-1.385949	-0.600131	0.076874	0.288218	0.548740	-0.0029670810443349184	1.7558299039780518e-05	0.2882176339626312
209160	-2.565545	-1.385403	-0.599859	0.076877	0.288381	0.548889	-0.0030136613291688263	2.6337448559670777e-05	0.28837886452674866
209280	-2.565695	-1.384781	-0.599045	0.076866	0.288560	0.549336	-0.0030698216520249843	1.7558299039780518e-05	0.28855884075164795
209400	-2.564825	-1.383850	-0.598028	0.076933	0.288824	0.549895	-0.0031480057165026664	3.9506172839506166e-05	0.28882116079330444
209520	-2.564569	-1.383012	-0.598688	0.076952	0.289043	0.549532	-0.0032284136861562727	1.7558299039780518e-05	0.289041668176651
209640	-2.563781	-1.382632	-0.599228	0.077013	0.289142	0.549236	-0.003259972168598324	2.6337448559670777e-05	0.28913936018943787
209760	-2.564484	-1.382504	-0.598134	0.076959	0.289217	0.549837	-0.0032744930707849563	5.925925925925925e-05	0.2892155349254608
209880	-2.563477	-1.381861	-0.598387	0.077036	0.289395	0.549697	-0.003334899805486202	1.7558299039780518e-05	0.28939491510391235
210000	-2.563548	-1.381407	-0.598867	0.077031	0.289534	0.549434	-0.0033742219558916984	7.803688462124674e-06	0.2895328104496002
210120	-2.562925	-1.381097	-0.598654	0.077079	0.289626	0.549551	-0.00340243837563321	1.1705532693187011e-05	0.2896253764629364
210240	-2.561853	-1.380342	-0.597279	0.077162	0.289862	0.550307	-0.0034652004251256585	2.6337448559670777e-05	0.2898595333099365
210360	-2.561363	-1.380037	-0.596600	0.077199	0.289968	0.550681	-0.003502065478824079	5.925925925925925e-05	0.28996849060058594
210480	-2.561898	-1.379749	-0.595935	0.077158	0.290077	0.551047	-0.0035248676780611277	1.7558299039780518e-05	0.29007628560066223
210600	-2.561071	-1.379069	-0.595037	0.077222	0.290273	0.551542	-0.0035787649336270987	2.6337448559670777e-05	0.2902703583240509
210720	-2.561754	-1.378316	-0.594249	0.077169	0.290511	0.551977	-0.003649627009872347	3.9506172839506166e-05	0.29050859808921814
210840	-2.561029	-1.377793	-0.593998	0.077225	0.290656	0.552115	-0.0036963939084671436	1.1705532693187011e-05	0.29065462946891785
210960	-2.560138	-1.377226	-0.593579	0.077294	0.290815	0.552347	-0.003748701582662761	2.6337448559670777e-05	0.2908131182193756
211080	-2.559860	-1.376773	-0.592690	0.077316	0.290954	0.552838	-0.003795055055525154	2.6337448559670777e-05	0.29095372557640076
211200	-2.559684	-1.376355	-0.592502	0.077329	0.291067	0.552942	-0.00382387803401798	3.9506172839506166e-05	0.29106399416923523
211320	-2.558597	-1.375746	-0.591317	0.077413	0.291217	0.553598	-0.0038806575001217427	3.9506172839506166e-05	0.2912154495716095
211440	-2.558477	-1.375006	-0.589882	0.077423	0.291466	0.554393	-0.003949177078902721	1.1705532693187011e-05	0.29146426916122437
211560	-2.559056	-1.374748	-0.589675	0.077378	0.291559	0.554507	-0.003975580655969679	3.9506172839506166e-05	0.29155799746513367
211680	-2.559597	-1.374504	-0.588862	0.077336	0.291672	0.554959	-0.003997182589955628	1.7558299039780518e-05	0.2916715145111084
211800	-2.559223	-1.373841	-0.587283	0.077365	0.291887	0.555836	-0.004049143800511956	3.9506172839506166e-05	0.2918844521045685
211920	-2.559234	-1.373442	-0.586227	0.077364	0.292023	0.556423	-0.004089691862463951	1.7558299039780518e-05	0.2920209467411041
212040	-2.558767	-1.372992	-0.585556	0.077400	0.292193	0.556796	-0.004130130284465849	3.9506172839506166e-05	0.2921905219554901
212160	-2.557560	-1.372700	-0.585912	0.077494	0.292267	0.556598	-0.004152638302184641	3.9506172839506166e-05	0.2922646999359131
212280	-2.557168	-1.371890	-0.583676	0.077524	0.292555	0.557844	-0.004225131752900779	3.9506172839506166e-05	0.29255154728889465
212400	-2.558628	-1.371377	-0.582517	0.077411	0.292737	0.558491	-0.004276327346451581	1.7558299039780518e-05	0.29273542761802673
212520	-2.557983	-1.370594	-0.581192	0.077461	0.292989	0.559231	-0.0043373409193009135	2.6337448559670777e-05	0.29298558831214905
212640	-2.557253	-1.370164	-0.580455	0.077517	0.293120	0.559644	-0.004386543552391231	1.7558299039780518e-05	0.29311978816986084
212760	-2.557999	-1.369513	-0.579847	0.077460	0.293328	0.559984	-0.004439213662408292	2.6337448559670777e-05	0.29332470893859863
212880	-2.557362	-1.368958	-0.579194	0.077509	0.293505	0.560350	-0.004492127383127808	1.7558299039780518e-05	0.29350295662879944
213000	-2.557586	-1.368344	-0.577257	0.077492	0.293708	0.561437	-0.004548594052903354	2.6337448559670777e-05	0.2937072813510895
213120	-2.556979	-1.367781	-0.576687	0.077539	0.293873	0.561756	-0.004598578182049095	7.803688462124674e-06	0.29387137293815613
213240	-2.556449	-1.367345	-0.576746	0.077580	0.293986	0.561723	-0.004641151218675077	1.7558299039780518e-05	0.29398542642593384
213360	-2.555880	-1.366803	-0.575922	0.077624	0.294135	0.562186	-0.004688263009302318	1.1705532693187011e-05	0.2941344976425171
213480	-2.555528	-1.366250	-0.574920	0.077651	0.294322	0.562750	-0.004729533987119794	1.1705532693187011e-05	0.294318825006485
213600	-2.555136	-1.365548	-0.574268	0.077682	0.294541	0.563117	-0.004798442963510752	2.6337448559670777e-05	0.2945384383201599
213720	-2.554422	-1.365078	-0.573371	0.077737	0.294710	0.563623	-0.004843401233665645	3.9506172839506166e-05	0.2947087287902832
213840	-2.554765	-1.364680	-0.573190	0.077711	0.294834	0.563724	-0.004881044244393706	2.6337448559670777e-05	0.2948330342769623
213960	-2.555174	-1.364589	-0.572062	0.077679	0.294917	0.564361	-0.00488920952193439	3.9506172839506166e-05	0.29491567611694336
214080	-2.555541	-1.364221	-0.572181	0.077650	0.295031	0.564294	-0.004919249773956835	2.6337448559670777e-05	0.29502978920936584
214200	-2.555228	-1.363371	-0.571734	0.077675	0.295310	0.564546	-0.004997299471870065	1.1705532693187011e-05	0.2953093349933624
214320	-2.554871	-1.362997	-0.571202	0.077702	0.295417	0.564846	-0.005030475533567369	2.6337448559670777e-05	0.29541531205177307
214440	-2.555031	-1.362598	-0.570222	0.077690	0.295581	0.565400	-0.005066439043730497	2.6337448559670777e-05	0.2955790162086487
214560	-2.555395	-1.362384	-0.569950	0.077662	0.295645	0.565554	-0.005089832423254848	1.1705532693187011e-05	0.29564452171325684
214680	-2.555421	-1.361956	-0.569519	0.077660	0.295786	0.565798	-0.005124486796557903	2.6337448559670777e-05	0.29578477144241333
214800	-2.554996	-1.361827	-0.569889	0.077693	0.295821	0.565588	-0.005136898392811418	5.925925925925925e-05	0.29581931233406067
214920	-2.554563	-1.361441	-0.569856	0.077726	0.295900	0.565607	-0.005173374223522842	3.9506172839506166e-05	0.2958996891975403
215040	-2.554931	-1.360993	-0.568730	0.077698	0.296050	0.566244	-0.005208203196525573	5.925925925925925e-05	0.2960476875305176
215160	-2.555126	-1.360331	-0.566676	0.077682	0.296314	0.567409	-0.005269671976566315	2.6337448559670777e-05	0.296312153339386
215280	-2.554784	-1.359554	-0.566211	0.077709	0.296552	0.567672	-0.005331677990034223	3.9506172839506166e-05	0.2965473532676697
215400	-2.553989	-1.359025	-0.565371	0.077771	0.296717	0.568150	-0.005388466245494783	3.9506172839506166e-05	0.29671603441238403
215520	-2.552971	-1.358210	-0.564576	0.077850	0.296971	0.568601	-0.005458814185112714	7.803688462124674e-06	0.2969692647457123
215640	-2.552901	-1.357953	-0.564316	0.077855	0.297027	0.568749	-0.005481030023656785	3.9506172839506166e-05	0.29702427983283997
215760	-2.553675	-1.357376	-0.563102	0.077795	0.297220	0.569440	-0.005531134107150138	1.7558299039780518e-05	0.2972182631492615
215880	-2.554473	-1.356520	-0.562321	0.077733	0.297516	0.569885	-0.005615937267430126	3.9506172839506166e-05	0.2975160777568817
216000	-2.555085	-1.356077	-0.561551	0.077686	0.297696	0.570324	-0.005648452276363969	2.6337448559670777e-05	0.29769381880760193
216120	-2.553685	-1.355373	-0.560548	0.077794	0.297928	0.570896	-0.005715749110095203	2.6337448559670777e-05	0.297926664352417
216240	-2.554008	-1.354928	-0.560249	0.077769	0.298068	0.571067	-0.0057562500005587935	3.9506172839506166e-05	0.2980668246746063
216360	-2.553746	-1.354082	-0.559023	0.077790	0.298341	0.571767	-0.005829924833960831	2.6337448559670777e-05	0.29833853244781494
216480	-2.553447	-1.353469	-0.558013	0.077813	0.298555	0.572345	-0.0058858163421973584	3.9506172839506166e-05	0.29855257272720337
216600	-2.553956	-1.353504	-0.556896	0.077773	0.298596	0.572985	-0.005887213465757668	3.9506172839506166e-05	0.2985943853855133
216720	-2.553177	-1.353038	-0.556884	0.077834	0.298737	0.572992	-0.005929823312908411	3.9506172839506166e-05	0.2987368106842041
216840	-2.553612	-1.352617	-0.556443	0.077800	0.298917	0.573244	-0.005967015074566007	5.925925925925925e-05	0.2989155352115631
216960	-2.555116	-1.352273	-0.555744	0.077683	0.299061	0.573645	-0.005985801224596798	3.9506172839506166e-05	0.2990577518939972
217080	-2.555127	-1.351717	-0.555026	0.077682	0.299213	0.574057	-0.00605556967202574	5.925925925925925e-05	0.299215167760849
217200	-2.554721	-1.351102	-0.554071	0.077714	0.299385	0.574606	-0.006093693012371659	3.9506172839506166e-05	0.29938146471977234
217320	-2.554534	-1.350568	-0.553744	0.077728	0.299535	0.574793	-0.006144817685708404	3.9506172839506166e-05	0.2995322346687317
217440	-2.553662	-1.349106	-0.551772	0.077796	0.300010	0.575928	-0.006271490640938282	3.9506172839506166e-05	0.3000052571296692
217560	-2.553221	-1.348695	-0.551581	0.077831	0.300147	0.576038	-0.006315485993400216	2.6337448559670777e-05	0.30014434456825256
217680	-2.551955	-1.348185	-0.550848	0.077929	0.300304	0.576461	-0.006362057011574507	1.7558299039780518e-05	0.3003019392490387
217800	-2.551296	-1.347823	-0.551132	0.077981	0.300383	0.576297	-0.006400151457637548	5.925925925925925e-05	0.30038371682167053
217920	-2.551893	-1.347210	-0.550690	0.077934	0.300548	0.576552	-0.006449075741693377	3.9506172839506166e-05	0.30054545402526855
218040	-2.552365	-1.346911	-0.549855	0.077897	0.300645	0.577034	-0.006487540691159666	5.925925925925925e-05	0.3006468117237091
218160	-2.552834	-1.346784	-0.549808	0.077861	0.300706	0.577060	-0.006496124505065382	5.925925925925925e-05	0.300706148147583
218280	-2.553135	-1.346219	-0.550161	0.077837	0.300874	0.576857	-0.0065355638042092325	2.6337448559670777e-05	0.3008728325366974
218400	-2.553617	-1.345764	-0.550200	0.077800	0.301012	0.576834	-0.0065819054376333955	2.6337448559670777e-05	0.30101028084754944
218520	-2.553327	-1.345113	-0.549633	0.077822	0.301223	0.577162	-0.00663984059356153	2.6337448559670777e-05	0.30122125148773193
218640	-2.554146	-1.344751	-0.548800	0.077759	0.301380	0.577642	-0.0066732511622831225	2.6337448559670777e-05	0.30137932300567627
218760	-2.554088	-1.344255	-0.548174	0.077763	0.301572	0.578004	-0.006715943105518818	1.7558299039780518e-05	0.3015699088573456
218880	-2.553520	-1.343725	-0.547643	0.077807	0.301723	0.578311	-0.006769623584114015	2.6337448559670777e-05	0.3017226755619049
219000	-2.552912	-1.342890	-0.546818	0.077855	0.301944	0.578789	-0.006836287141777575	2.6337448559670777e-05	0.30194091796875
219120	-2.553396	-1.342497	-0.545620	0.077817	0.302093	0.579482	-0.006876375596038997	1.7558299039780518e-05	0.30209097266197205
219240	-2.553007	-1.341679	-0.544241	0.077847	0.302379	0.580282	-0.00694044497795403	3.9506172839506166e-05	0.302375853061676
219360	-2.552989	-1.341365	-0.544352	0.077849	0.302494	0.580218	-0.0069871710147708654	3.9506172839506166e-05	0.30249568819999695
219480	-2.551646	-1.340547	-0.543254	0.077953	0.302759	0.580855	-0.007050371053628624	1.7558299039780518e-05	0.302757203578949
219600	-2.552611	-1.340183	-0.542671	0.077878	0.302897	0.581194	-0.007090093218721449	2.6337448559670777e-05	0.3028976321220398
219720	-2.554053	-1.339932	-0.541521	0.077766	0.302996	0.581863	-0.007110256468877196	2.6337448559670777e-05	0.3029951751232147
219840	-2.554651	-1.339778	-0.541290	0.077719	0.303051	0.581997	-0.0071231874637305735	3.9506172839506166e-05	0.30305105447769165
219960	-2.554476	-1.339739	-0.541614	0.077733	0.303064	0.581808	-0.007125514722429216	2.6337448559670777e-05	0.30306321382522583
220080	-2.556377	-1.339478	-0.542128	0.077585	0.303136	0.581509	-0.007151070679537952	3.9506172839506166e-05	0.30313578248023987
220200	-2.556171	-1.338838	-0.542097	0.077601	0.303306	0.581527	-0.00720231921877712	2.6337448559670777e-05	0.3033038377761841
220320	-2.555768	-1.338330	-0.540258	0.077633	0.303483	0.582598	-0.00724456780590117	3.9506172839506166e-05	0.3034793734550476
220440	-2.556337	-1.338109	-0.539866	0.077588	0.303543	0.582826	-0.007272086152806878	3.9506172839506166e-05	0.3035413324832916
220560	-2.556492	-1.337872	-0.540598	0.077576	0.303634	0.582400	-0.007295181672088802	3.9506172839506166e-05	0.30363360047340393
220680	-2.558664	-1.337840	-0.541127	0.077408	0.303698	0.582092	-0.007293202984146774	1.1705532693187011e-05	0.30369624495506287
220800	-2.558740	-1.337429	-0.540232	0.077402	0.303834	0.582613	-0.0073321828385815024	3.9506172839506166e-05	0.30383336544036865
220920	-2.559028	-1.337096	-0.539286	0.077380	0.303953	0.583164	-0.007363932020962238	3.9506172839506166e-05	0.30395233631134033
221040	-2.558796	-1.336686	-0.538897	0.077398	0.304103	0.583391	-0.007397054112516344	3.9506172839506166e-05	0.30410024523735046
221160	-2.558828	-1.336118	-0.537231	0.077395	0.304313	0.584364	-0.007448109844699502	1.7558299039780518e-05	0.30431070923805237
221280	-2.558846	-1.335288	-0.536068	0.077394	0.304627	0.585044	-0.007515704678371549	5.925925925925925e-05	0.3046219050884247
221400	-2.558016	-1.334637	-0.537146	0.077458	0.304818	0.584414	-0.007579659693874419	2.6337448559670777e-05	0.3048166036605835
221520	-2.558157	-1.333809	-0.537372	0.077447	0.305088	0.584282	-0.007651395676657557	3.9506172839506166e-05	0.3050850033760071
221640	-2.558712	-1.333299	-0.537146	0.077404	0.305286	0.584414	-0.007702919538132846	5.925925925925925e-05	0.30528485774993896
221760	-2.559533	-1.332790	-0.535098	0.077341	0.305506	0.585612	-0.00775228391867131	5.925925925925925e-05	0.3055049479007721
221880	-2.560251	-1.332274	-0.533515	0.077285	0.305704	0.586540	-0.007794004585593939	3.9506172839506166e-05	0.30570149421691895
222000	-2.561407	-1.332158	-0.533424	0.077196	0.305740	0.586593	-0.007802648982033133	3.9506172839506166e-05	0.3057365417480469
222120	-2.562097	-1.331380	-0.531986	0.077143	0.306011	0.587437	-0.007875673985108734	3.9506172839506166e-05	0.3060091435909271
222240	-2.563143	-1.330794	-0.531501	0.077062	0.306209	0.587722	-0.007930980762466788	2.6337448559670777e-05	0.3062095046043396
222360	-2.564802	-1.331092	-0.530402	0.076934	0.306146	0.588368	-0.007902722992002963	7.803688462124674e-06	0.30614450573921204
222480	-2.564995	-1.330852	-0.529648	0.076920	0.306239	0.588812	-0.007924753287807108	7.803688462124674e-06	0.30623742938041687
222600	-2.565034	-1.330528	-0.528513	0.076917	0.306360	0.589481	-0.007952821580693126	1.7558299039780518e-05	0.3063586354255676
222720	-2.564998	-1.329925	-0.526869	0.076919	0.306621	0.590451	-0.008009302988648414	3.9506172839506166e-05	0.30662021040916443
222840	-2.566254	-1.329524	-0.527206	0.076823	0.306744	0.590252	-0.008042735885828734	1.1705532693187011e-05	0.3067433536052704
222960	-2.566973	-1.329310	-0.526337	0.076768	0.306843	0.590765	-0.008063395461067557	5.925925925925925e-05	0.3068409562110901
223080	-2.565481	-1.328897	-0.525528	0.076882	0.306964	0.591243	-0.008094967855140568	5.925925925925925e-05	0.3069608509540558
223200	-2.564810	-1.328286	-0.525225	0.076934	0.307160	0.591422	-0.008154124580323696	1.7558299039780518e-05	0.30715829133987427
223320	-2.563803	-1.327810	-0.524764	0.077011	0.307298	0.591695	-0.008192513696849346	2.6337448559670777e-05	0.30729609727859497
223440	-2.563570	-1.326753	-0.523110	0.077029	0.307657	0.592674	-0.00828253086656332	5.925925925925925e-05	0.30765146017074585
223560	-2.563091	-1.325994	-0.521846	0.077066	0.307927	0.593424	-0.008354835910722613	2.6337448559670777e-05	0.3079228699207306
223680	-2.562920	-1.325450	-0.521672	0.077079	0.308108	0.593527	-0.008412934327498078	3.9506172839506166e-05	0.30810800194740295
223800	-2.563205	-1.324739	-0.520703	0.077057	0.308365	0.594103	-0.00847443942911923	2.6337448559670777e-05	0.3083646893501282
223920	-2.562896	-1.324414	-0.519325	0.077081	0.308508	0.594922	-0.008501945761963725	1.1705532693187011e-05	0.30850663781166077
224040	-2.562579	-1.323895	-0.519042	0.077106	0.308674	0.595091	-0.008549009077250957	1.1705532693187011e-05	0.308672696352005
224160	-2.562299	-1.323670	-0.518735	0.077127	0.308743	0.595273	-0.008576519368216396	3.9506172839506166e-05	0.3087437152862549
224280	-2.563938	-1.323728	-0.519474	0.077001	0.308743	0.594833	-0.0085651651956141	5.925925925925925e-05	0.30874118208885193
224400	-2.564034	-1.323431	-0.518607	0.076994	0.308840	0.595349	-0.008593302220106125	2.6337448559670777e-05	0.3088386356830597
224520	-2.563386	-1.322866	-0.518078	0.077043	0.309025	0.595665	-0.008642337610945105	1.1705532693187011e-05	0.30902326107025146
224640	-2.562699	-1.322337	-0.516804	0.077096	0.309197	0.596424	-0.008689321111887693	3.9506172839506166e-05	0.30919507145881653
224760	-2.562389	-1.321672	-0.516524	0.077120	0.309409	0.596590	-0.008749359427019954	3.9506172839506166e-05	0.3094079792499542
224880	-2.563419	-1.321391	-0.516797	0.077041	0.309513	0.596428	-0.008776418073102832	1.7558299039780518e-05	0.3095127046108246
225000	-2.564762	-1.321388	-0.517305	0.076938	0.309555	0.596125	-0.008779620798304678	5.925925925925925e-05	0.30955350399017334
225120	-2.565947	-1.321050	-0.516191	0.076846	0.309687	0.596789	-0.008806839864701033	2.6337448559670777e-05	0.3096858859062195
225240	-2.566001	-1.320538	-0.515386	0.076842	0.309890	0.597270	-0.00885546305216849	2.6337448559670777e-05	0.3098906874656677
225360	-2.566384	-1.320131	-0.514349	0.076813	0.310043	0.597889	-0.008889777911826968	1.7558299039780518e-05	0.3100424110889435
225480	-2.566559	-1.319619	-0.513380	0.076799	0.310194	0.598469	-0.008935224683955311	5.925925925925925e-05	0.310192734003067
225600	-2.566402	-1.319104	-0.511339	0.076811	0.310376	0.599692	-0.008980550896376371	1.7558299039780518e-05	0.31037503480911255
225720	-2.566044	-1.318632	-0.510679	0.076839	0.310533	0.600088	-0.009024574514478445	3.9506172839506166e-05	0.31053173542022705
225840	-2.567791	-1.318339	-0.511398	0.076705	0.310655	0.599657	-0.009050285629928111	5.925925925925925e-05	0.31065231561660767
225960	-2.566545	-1.317620	-0.510555	0.076800	0.310887	0.600162	-0.009107595076784492	2.6337448559670777e-05	0.3108837306499481
226080	-2.566133	-1.317307	-0.509662	0.076832	0.311026	0.600698	-0.00914208828471601	5.925925925925925e-05	0.3110233247280121
226200	-2.566670	-1.316691	-0.507958	0.076791	0.311268	0.601723	-0.009200568543747067	3.9506172839506166e-05	0.3112667202949524
226320	-2.567044	-1.316259	-0.507346	0.076762	0.311416	0.602091	-0.009240081207826734	1.7558299039780518e-05	0.3114154040813446
226440	-2.567137	-1.315878	-0.506958	0.076755	0.311557	0.602325	-0.009266681829467415	1.7558299039780518e-05	0.3115543723106384
226560	-2.566324	-1.315102	-0.505894	0.076817	0.311804	0.602966	-0.009341172408312559	1.7558299039780518e-05	0.31180253624916077
226680	-2.566675	-1.314544	-0.504803	0.076790	0.312006	0.603625	-0.009387470176443457	3.9506172839506166e-05	0.31200388073921204
226800	-2.566732	-1.314311	-0.504997	0.076786	0.312083	0.603507	-0.009419080941006542	5.925925925925925e-05	0.31208282709121704
226920	-2.567008	-1.313994	-0.504182	0.076765	0.312235	0.603999	-0.009441825235262514	2.6337448559670777e-05	0.31223395466804504
227040	-2.565705	-1.313444	-0.503259	0.076865	0.312411	0.604557	-0.00947663364931941	3.9506172839506166e-05	0.3124047815799713
227160	-2.564679	-1.312662	-0.501049	0.076944	0.312725	0.605895	-0.009558012569323182	3.9506172839506166e-05	0.312721312046051
227280	-2.564870	-1.311865	-0.498420	0.076929	0.313050	0.607490	-0.009632662450894714	3.9506172839506166e-05	0.3130476176738739
227400	-2.563549	-1.311177	-0.497776	0.077031	0.313282	0.607881	-0.00969291445799172	3.9506172839506166e-05	0.31328052282333374
227520	-2.564027	-1.310745	-0.496963	0.076994	0.313431	0.608376	-0.009731836197897793	2.6337448559670777e-05	0.31342899799346924
227640	-2.563832	-1.310261	-0.497303	0.077009	0.313585	0.608169	-0.00977086196653545	3.9506172839506166e-05	0.313580185174942
227760	-2.563622	-1.309741	-0.496633	0.077025	0.313773	0.608576	-0.009816320380195975	5.925925925925925e-05	0.3137664198875427
227880	-2.563641	-1.309230	-0.495995	0.077024	0.313955	0.608965	-0.009873249754309654	1.7558299039780518e-05	0.3139546811580658
228000	-2.563915	-1.308970	-0.496166	0.077003	0.314073	0.608860	-0.009893873520195485	5.925925925925925e-05	0.3140717148780823
228120	-2.563804	-1.308583	-0.494814	0.077011	0.314262	0.609684	-0.009928625309839845	5.925925925925925e-05	0.31425926089286804
228240	-2.563149	-1.307893	-0.492213	0.077062	0.314528	0.611272	-0.00998839563690126	5.925925925925925e-05	0.31452676653862
228360	-2.563142	-1.307221	-0.490593	0.077062	0.314795	0.612263	-0.010039066104218364	3.9506172839506166e-05	0.3147895336151123
228480	-2.562501	-1.306609	-0.489414	0.077112	0.315002	0.612985	-0.010105299996212125	2.6337448559670777e-05	0.3150010406970978
228600	-2.563965	-1.306246	-0.487711	0.076999	0.315172	0.614030	-0.01014436138793826	5.925925925925925e-05	0.3151722550392151
228720	-2.562374	-1.305375	-0.485994	0.077121	0.315466	0.615086	-0.010211911890655756	3.9506172839506166e-05	0.31546324491500854
228840	-2.561144	-1.305002	-0.485361	0.077216	0.315586	0.615475	-0.01025385488756001	5.925925925925925e-05	0.31558549404144287
228960	-2.561973	-1.304997	-0.484423	0.077152	0.315666	0.616052	-0.010253022843971848	2.6337448559670777e-05	0.31566542387008667
229080	-2.563051	-1.304815	-0.483297	0.077069	0.315776	0.616747	-0.010269192513078451	2.6337448559670777e-05	0.3157758414745331
229200	-2.564132	-1.304459	-0.483183	0.076986	0.316008	0.616817	-0.010297929495573043	3.9506172839506166e-05	0.31600508093833923
229320	-2.564426	-1.304255	-0.483481	0.076963	0.316124	0.616633	-0.010316253220662475	1.7558299039780518e-05	0.3161223530769348
229440	-2.563768	-1.303501	-0.482011	0.077014	0.316389	0.617540	-0.010378049267455936	2.6337448559670777e-05	0.31638434529304504
229560	-2.563754	-1.303025	-0.481564	0.077015	0.316563	0.617816	-0.010430218279361725	5.925925925925925e-05	0.31656119227409363
229680	-2.564433	-1.302302	-0.483280	0.076963	0.316777	0.616757	-0.010483731888234616	3.9506172839506166e-05	0.3167731761932373
229800	-2.564141	-1.301332	-0.481996	0.076985	0.317097	0.617550	-0.01057347389869392	3.9506172839506166e-05	0.3170924484729767
229920	-2.562742	-1.300401	-0.481627	0.077093	0.317390	0.617777	-0.010664656199514866	2.6337448559670777e-05	0.31738895177841187
230040	-2.561899	-1.299925	-0.481296	0.077158	0.317557	0.617982	-0.010708283958956599	1.7558299039780518e-05	0.31755581498146057
230160	-2.560493	-1.298944	-0.480267	0.077267	0.317862	0.618618	-0.010787306074053048	2.6337448559670777e-05	0.31785956025123596
230280	-2.559831	-1.298064	-0.478387	0.077318	0.318189	0.619782	-0.01087469095364213	2.6337448559670777e-05	0.31818699836730957
230400	-2.560381	-1.297529	-0.476117	0.077275	0.318373	0.621191	-0.010925928177312017	2.6337448559670777e-05	0.3183724582195282
230520	-2.559975	-1.297003	-0.475568	0.077307	0.318575	0.621532	-0.010970304161310196	5.925925925925925e-05	0.3185729384422302
230640	-2.561199	-1.297053	-0.476419	0.077212	0.318559	0.621004	-0.010972911957651377	3.9506172839506166e-05	0.31856128573417664
230760	-2.560829	-1.296130	-0.476378	0.077241	0.318849	0.621029	-0.01105103879235685	3.9506172839506166e-05	0.31884777545928955
230880	-2.562122	-1.295576	-0.475383	0.077141	0.319065	0.621647	-0.011102069541811943	3.9506172839506166e-05	0.3190641701221466
231000	-2.562656	-1.294958	-0.475186	0.077100	0.319305	0.621769	-0.011147508351132273	2.6337448559670777e-05	0.3193001449108124
231120	-2.562881	-1.294718	-0.475035	0.077082	0.319405	0.621863	-0.011180445225909353	2.6337448559670777e-05	0.3194051682949066
231240	-2.564111	-1.294551	-0.474851	0.076988	0.319517	0.621978	-0.01118504167534411	3.9506172839506166e-05	0.31951311230659485
231360	-2.564968	-1.294155	-0.474338	0.076922	0.319692	0.622297	-0.011237063258886338	5.925925925925925e-05	0.31969380378723145
231480	-2.565254	-1.293875	-0.474982	0.076900	0.319763	0.621896	-0.011250694748014212	1.7558299039780518e-05	0.31976133584976196
231600	-2.565606	-1.293203	-0.474510	0.076873	0.320025	0.622190	-0.01130904839374125	3.9506172839506166e-05	0.3200226128101349
231720	-2.565285	-1.292527	-0.472972	0.076897	0.320232	0.623148	-0.011376866977661848	5.925925925925925e-05	0.320231169462204
231840	-2.566283	-1.291944	-0.471901	0.076821	0.320442	0.623815	-0.011425129091367125	3.9506172839506166e-05	0.3204404413700104
231960	-2.566828	-1.291513	-0.470844	0.076779	0.320631	0.624475	-0.011465545231476425	3.9506172839506166e-05	0.3206298351287842
232080	-2.567368	-1.290782	-0.468949	0.076737	0.320920	0.625660	-0.01152857905253768	5.925925925925925e-05	0.3209174871444702
232200	-2.568517	-1.290561	-0.468267	0.076649	0.321030	0.626086	-0.011550779081881046	3.9506172839506166e-05	0.3210286498069763
232320	-2.568480	-1.290133	-0.467575	0.076652	0.321184	0.626520	-0.011595133040100337	3.9506172839506166e-05	0.3211853504180908
232440	-2.568740	-1.289543	-0.466364	0.076632	0.321393	0.627279	-0.011637992179021239	3.9506172839506166e-05	0.32138943672180176
232560	-2.569344	-1.289107	-0.464347	0.076586	0.321592	0.628545	-0.011678306851536036	2.6337448559670777e-05	0.3215908408164978
232680	-2.568696	-1.288415	-0.462991	0.076635	0.321858	0.629399	-0.011739369528368116	3.9506172839506166e-05	0.32185399532318115
232800	-2.568341	-1.287655	-0.462646	0.076663	0.322107	0.629615	-0.01181207955814898	2.6337448559670777e-05	0.3221052289009094
232920	-2.568866	-1.286953	-0.461684	0.076622	0.322329	0.630221	-0.011872424790635706	1.7558299039780518e-05	0.3223271667957306
233040	-2.569631	-1.286499	-0.460590	0.076564	0.322518	0.630912	-0.011912008607760071	1.7558299039780518e-05	0.32251644134521484
233160	-2.569214	-1.285922	-0.460353	0.076596	0.322722	0.631061	-0.011966202640905976	2.6337448559670777e-05	0.32272011041641235
233280	-2.567851	-1.285125	-0.458480	0.076700	0.323018	0.632244	-0.012039638264104724	2.6337448559670777e-05	0.32301726937294006
233400	-2.568248	-1.284663	-0.458144	0.076670	0.323220	0.632457	-0.012082089623436331	3.9506172839506166e-05	0.3232187032699585
233520	-2.568166	-1.284091	-0.457122	0.076676	0.323429	0.633103	-0.012137129064649343	3.9506172839506166e-05	0.3234298527240753
233640	-2.568884	-1.283442	-0.456368	0.076621	0.323658	0.633581	-0.012190843932330608	3.9506172839506166e-05	0.32365700602531433
233760	-2.568203	-1.282972	-0.455592	0.076673	0.323813	0.634072	-0.012227955274283886	3.9506172839506166e-05	0.32381030917167664
233880	-2.568025	-1.282480	-0.454175	0.076687	0.323990	0.634972	-0.012277555000036956	1.7558299039780518e-05	0.32398828864097595
234000	-2.569214	-1.282087	-0.453708	0.076596	0.324160	0.635268	-0.012310254340991377	1.7558299039780518e-05	0.32415878772735596
234120	-2.570496	-1.281975	-0.453662	0.076498	0.324268	0.635297	-0.012324859853833914	5.925925925925925e-05	0.3242666721343994
234240	-2.570246	-1.281286	-0.450944	0.076517	0.324548	0.637027	-0.012377866636961698	3.9506172839506166e-05	0.32454589009284973
234360	-2.570606	-1.280638	-0.450198	0.076489	0.324824	0.637502	-0.012445640470832586	5.925925925925925e-05	0.3248228430747986
234480	-2.570110	-1.279513	-0.449337	0.076527	0.325185	0.638051	-0.012533124722540378	1.7558299039780518e-05	0.32518160343170166
234600	-2.570811	-1.279014	-0.449063	0.076474	0.325385	0.638226	-0.01259339894168079	3.9506172839506166e-05	0.3253845274448395
234720	-2.569734	-1.278471	-0.447861	0.076556	0.325559	0.638994	-0.012637007469311356	1.7558299039780518e-05	0.325557678937912
234840	-2.567878	-1.277488	-0.447146	0.076698	0.325909	0.639450	-0.012724375585094094	3.9506172839506166e-05	0.325907826423645
234960	-2.568298	-1.276888	-0.446850	0.076666	0.326137	0.639640	-0.012778135528787971	1.7558299039780518e-05	0.32613474130630493
235080	-2.568701	-1.276398	-0.446108	0.076635	0.326347	0.640115	-0.012823812989518046	1.7558299039780518e-05	0.3263448178768158
235200	-2.568398	-1.275598	-0.445250	0.076658	0.326608	0.640664	-0.01289142556488514	2.6337448559670777e-05	0.3266044855117798
235320	-2.567654	-1.275159	-0.445653	0.076715	0.326751	0.640406	-0.012936667120084167	3.9506172839506166e-05	0.32675009965896606
235440	-2.567109	-1.274728	-0.444969	0.076757	0.326877	0.640844	-0.012974221352487802	3.9506172839506166e-05	0.3268741965293884
235560	-2.568317	-1.274265	-0.443742	0.076664	0.327112	0.641631	-0.013018580432981253	3.9506172839506166e-05	0.3271128237247467
235680	-2.570098	-1.273996	-0.443043	0.076528	0.327228	0.642079	-0.013041432294994593	1.7558299039780518e-05	0.3272263705730438
235800	-2.570366	-1.273348	-0.442173	0.076508	0.327493	0.642638	-0.013093862310051918	3.9506172839506166e-05	0.32748931646347046
235920	-2.571148	-1.272715	-0.439489	0.076448	0.327734	0.644366	-0.013155392557382583	5.925925925925925e-05	0.3277319371700287
236040	-2.571672	-1.272288	-0.438266	0.076408	0.327882	0.645154	-0.01319556925445795	2.6337448559670777e-05	0.3278806209564209
236160	-2.570338	-1.271733	-0.437385	0.076510	0.328041	0.645723	-0.013240727689117193	3.9506172839506166e-05	0.32803794741630554
236280	-2.569619	-1.271332	-0.437079	0.076565	0.328199	0.645921	-0.013278758153319359	3.9506172839506166e-05	0.3281974196434021
236400	-2.568490	-1.270638	-0.435782	0.076651	0.328408	0.646759	-0.013340612035244703	3.9506172839506166e-05	0.32840579748153687
236520	-2.568602	-1.270002	-0.433049	0.076643	0.328659	0.648529	-0.013402203936129809	3.9506172839506166e-05	0.3286590278148651
236640	-2.569161	-1.269299	-0.432192	0.076600	0.328921	0.649085	-0.013459865190088748	3.9506172839506166e-05	0.32891544699668884
236760	-2.569030	-1.268771	-0.430903	0.076610	0.329145	0.649922	-0.013512335298582912	1.7558299039780518e-05	0.3291444778442383
236880	-2.569066	-1.268415	-0.429751	0.076607	0.329282	0.650671	-0.013536618975922465	1.7558299039780518e-05	0.3292785584926605
237000	-2.569788	-1.268234	-0.428423	0.076552	0.329379	0.651536	-0.013557845866307617	3.9506172839506166e-05	0.32937607169151306
237120	-2.570881	-1.267598	-0.426237	0.076468	0.329686	0.652961	-0.013614625437185168	2.6337448559670777e-05	0.3296828866004944
237240	-2.570300	-1.266882	-0.424591	0.076513	0.329975	0.654037	-0.013681208761408926	2.6337448559670777e-05	0.32997384667396545
237360	-2.571793	-1.266618	-0.423315	0.076398	0.330082	0.654872	-0.013705912651494146	3.9506172839506166e-05	0.33008304238319397
237480	-2.571992	-1.266207	-0.422420	0.076383	0.330260	0.655459	-0.01374435368925333	3.9506172839506166e-05	0.33025866746902466
237600	-2.571097	-1.265505	-0.421266	0.076452	0.330499	0.656216	-0.013802920887246727	2.6337448559670777e-05	0.33049681782722473
237720	-2.570166	-1.264548	-0.420021	0.076523	0.330794	0.657033	-0.01388641595840454	1.7558299039780518e-05	0.3307931125164032
237840	-2.570717	-1.264251	-0.419112	0.076481	0.330893	0.657631	-0.013918558461591601	7.803688462124674e-06	0.3308916389942169
237960	-2.569849	-1.263602	-0.417970	0.076547	0.331091	0.658382	-0.013971530925482511	1.7558299039780518e-05	0.3310893476009369
238080	-2.569897	-1.262986	-0.416821	0.076543	0.331324	0.659139	-0.014034818438813091	2.6337448559670777e-05	0.33132386207580566
238200	-2.568437	-1.262684	-0.415954	0.076655	0.331422	0.659711	-0.014063973259180785	5.925925925925925e-05	0.3314216732978821
238320	-2.568568	-1.262344	-0.416125	0.076645	0.331554	0.659598	-0.014094193652272224	5.925925925925925e-05	0.3315544128417969
238440	-2.569360	-1.261892	-0.415090	0.076585	0.331702	0.660281	-0.014128165226429701	3.9506172839506166e-05	0.33170145750045776
238560	-2.569963	-1.261514	-0.414229	0.076538	0.331887	0.660850	-0.014158259425312281	5.925925925925925e-05	0.33188220858573914
238680	-2.572143	-1.261107	-0.413992	0.076372	0.332051	0.661006	-0.01419965149834752	3.9506172839506166e-05	0.33204835653305054
238800	-2.572686	-1.260513	-0.412268	0.076330	0.332301	0.662147	-0.014249682798981667	3.9506172839506166e-05	0.33229777216911316
238920	-2.572840	-1.260276	-0.411036	0.076319	0.332425	0.662963	-0.01427847295999527	3.9506172839506166e-05	0.3324245810508728
239040	-2.572379	-1.259770	-0.410072	0.076354	0.332612	0.663602	-0.014317442337051034	2.6337448559670777e-05	0.33261004090309143
239160	-2.572236	-1.259005	-0.409398	0.076365	0.332863	0.664050	-0.014384021889418364	2.6337448559670777e-05	0.3328591585159302
239280	-2.571776	-1.258347	-0.408799	0.076400	0.333110	0.664448	-0.014448564127087593	1.7558299039780518e-05	0.3331078886985779
239400	-2.572253	-1.257793	-0.407077	0.076363	0.333370	0.665593	-0.014499203767627478	5.925925925925925e-05	0.33336809277534485
239520	-2.572029	-1.257313	-0.405750	0.076380	0.333553	0.666477	-0.014548523304983973	3.9506172839506166e-05	0.33355316519737244
239640	-2.570855	-1.256807	-0.405912	0.076470	0.333681	0.666369	-0.01458488442003727	3.9506172839506166e-05	0.33367815613746643
239760	-2.570296	-1.256480	-0.405934	0.076513	0.333767	0.666354	-0.014617943484336138	5.925925925925925e-05	0.33376631140708923
239880	-2.569434	-1.255714	-0.405987	0.076579	0.334036	0.666319	-0.01468852856196463	5.925925925925925e-05	0.33403608202934265
240000	-2.568770	-1.255511	-0.405885	0.076630	0.334070	0.666386	-0.014704700652509927	2.6337448559670777e-05	0.33406883478164673
240120	-2.569139	-1.255046	-0.404922	0.076601	0.334239	0.667029	-0.014740672474727035	1.7558299039780518e-05	0.3342353403568268
240240	-2.569257	-1.254260	-0.403800	0.076592	0.334532	0.667777	-0.014810156729072332	3.9506172839506166e-05	0.3345280885696411
240360	-2.569667	-1.253850	-0.402792	0.076561	0.334704	0.668451	-0.014855761406943202	3.9506172839506166e-05	0.33470287919044495
240480	-2.569854	-1.253151	-0.400443	0.076547	0.334969	0.670023	-0.014917311584576964	5.925925925925925e-05	0.3349672257900238
240600	-2.571252	-1.252819	-0.400101	0.076440	0.335082	0.670252	-0.014956320961937308	5.925925925925925e-05	0.3350837528705597
240720	-2.572006	-1.252277	-0.398823	0.076382	0.335337	0.671109	-0.014992802776396275	5.925925925925925e-05	0.3353341221809387
240840	-2.572866	-1.251765	-0.396351	0.076317	0.335585	0.672770	-0.01504317121580243	5.925925925925925e-05	0.33558252453804016
240960	-2.574471	-1.252053	-0.395770	0.076194	0.335541	0.673162	-0.015019831852987409	3.9506172839506166e-05	0.33554062247276306
241080	-2.573974	-1.251533	-0.394910	0.076232	0.335704	0.673741	-0.015059500373899937	3.9506172839506166e-05	0.335701048374176
241200	-2.574450	-1.251355	-0.393064	0.076196	0.335812	0.674986	-0.015081091923639179	3.9506172839506166e-05	0.3358100652694702
241320	-2.575282	-1.251133	-0.392343	0.076132	0.335940	0.675472	-0.015101466374471784	3.9506172839506166e-05	0.33593955636024475
241440	-2.574581	-1.250883	-0.391889	0.076186	0.336024	0.675779	-0.015123878233134746	3.9506172839506166e-05	0.33602482080459595
241560	-2.576553	-1.250451	-0.389281	0.076036	0.336253	0.677544	-0.01515999692492187	3.9506172839506166e-05	0.3362511992454529
241680	-2.577290	-1.250030	-0.389303	0.075980	0.336424	0.677529	-0.015195935452356934	1.7558299039780518e-05	0.3364226818084717
241800	-2.576596	-1.249008	-0.387535	0.076032	0.336752	0.678728	-0.015286108804866671	2.6337448559670777e-05	0.33674952387809753
241920	-2.576515	-1.248644	-0.387661	0.076039	0.336888	0.678642	-0.015326652256771923	3.9506172839506166e-05	0.336887001991272
242040	-2.577221	-1.248247	-0.387305	0.075985	0.337048	0.678884	-0.015356677165254951	3.9506172839506166e-05	0.3370458781719208
242160	-2.578114	-1.247712	-0.386112	0.075917	0.337283	0.679695	-0.015406135562807321	1.7558299039780518e-05	0.3372810482978821
242280	-2.578118	-1.247347	-0.386146	0.075917	0.337438	0.679671	-0.015439233696088194	5.925925925925925e-05	0.33743539452552795
242400	-2.577440	-1.247037	-0.383893	0.075968	0.337553	0.681205	-0.01547692553140223	5.925925925925925e-05	0.33755505084991455
242520	-2.577238	-1.246602	-0.384325	0.075984	0.337656	0.680910	-0.01550467498600483	2.6337448559670777e-05	0.33765360713005066
242640	-2.577738	-1.246099	-0.383476	0.075946	0.337837	0.681488	-0.015552842803299428	3.9506172839506166e-05	0.337834894657135
242760	-2.578016	-1.245425	-0.382459	0.075925	0.338095	0.682182	-0.015611283760517836	3.9506172839506166e-05	0.3380934000015259
242880	-2.579055	-1.244889	-0.381460	0.075846	0.338311	0.682863	-0.015664336550980807	3.9506172839506166e-05	0.33831077814102173
243000	-2.581613	-1.244457	-0.380497	0.075652	0.338515	0.683522	-0.015700974222272634	3.9506172839506166e-05	0.338513046503067
243120	-2.582756	-1.244306	-0.381043	0.075565	0.338561	0.683148	-0.01571413204073906	3.9506172839506166e-05	0.33855968713760376
243240	-2.582757	-1.243854	-0.380962	0.075565	0.338712	0.683204	-0.01575588807463646	2.6337448559670777e-05	0.338711142539978
243360	-2.582534	-1.243423	-0.379694	0.075582	0.338886	0.684071	-0.015790618024766445	2.6337448559670777e-05	0.33888331055641174
243480	-2.582961	-1.242515	-0.378932	0.075550	0.339227	0.684592	-0.015865389350801708	3.9506172839506166e-05	0.33922237157821655
243600	-2.584261	-1.242186	-0.377164	0.075452	0.339395	0.685804	-0.015903709176927804	2.6337448559670777e-05	0.3393948972225189
243720	-2.584894	-1.241652	-0.376246	0.075404	0.339569	0.686433	-0.01595228901132941	2.6337448559670777e-05	0.33956634998321533
243840	-2.584033	-1.241189	-0.373941	0.075469	0.339761	0.688017	-0.0159920921549201	2.6337448559670777e-05	0.33975961804389954
243960	-2.583829	-1.240583	-0.372094	0.075484	0.339957	0.689290	-0.016046536900103093	1.7558299039780518e-05	0.3399561941623688
244080	-2.584028	-1.240112	-0.370046	0.075469	0.340160	0.690702	-0.016085947025567295	2.6337448559670777e-05	0.34015652537345886
244200	-2.584351	-1.239781	-0.368874	0.075445	0.340337	0.691512	-0.01612444706261158	5.925925925925925e-05	0.3403365910053253
244320	-2.584722	-1.239338	-0.367529	0.075417	0.340530	0.692443	-0.016159096639603375	3.9506172839506166e-05	0.3405269980430603
244440	-2.583417	-1.238712	-0.366100	0.075516	0.340755	0.693434	-0.016217466536909343	1.7558299039780518e-05	0.34075456857681274
244560	-2.583599	-1.238241	-0.363697	0.075502	0.340940	0.695101	-0.01625160751864314	5.925925925925925e-05	0.3409350514411926
244680	-2.584275	-1.237308	-0.362596	0.075451	0.341336	0.695868	-0.016336124669760466	3.9506172839506166e-05	0.3413310945034027
244800	-2.586110	-1.236789	-0.362082	0.075312	0.341544	0.696225	-0.016394408978521825	5.925925925925925e-05	0.34154412150382996
244920	-2.588064	-1.236749	-0.362573	0.075165	0.341585	0.695884	-0.016396435815840958	5.925925925925925e-05	0.34158527851104736
245040	-2.586860	-1.235957	-0.360565	0.075256	0.341879	0.697282	-0.01646086648106575	3.9506172839506166e-05	0.3418779969215393
245160	-2.587665	-1.235734	-0.360469	0.075195	0.341912	0.697349	-0.01649487866088748	3.9506172839506166e-05	0.34191322326660156
245280	-2.587532	-1.235774	-0.360917	0.075205	0.341927	0.697037	-0.016482689417898655	5.925925925925925e-05	0.3419244885444641
245400	-2.587221	-1.235338	-0.360559	0.075229	0.342079	0.697286	-0.016518402937799694	2.6337448559670777e-05	0.34207725524902344
245520	-2.586400	-1.234854	-0.361064	0.075291	0.342271	0.696935	-0.016564884595572947	2.6337448559670777e-05	0.34226900339126587
245640	-2.584852	-1.234746	-0.360752	0.075407	0.342308	0.697152	-0.01657389672473073	5.925925925925925e-05	0.3423055112361908
245760	-2.584210	-1.234428	-0.359489	0.075456	0.342449	0.698033	-0.016606523003429175	3.9506172839506166e-05	0.3424489498138428
245880	-2.582719	-1.233239	-0.358342	0.075568	0.342910	0.698834	-0.01670272881165147	2.6337448559670777e-05	0.3429076373577118
246000	-2.582521	-1.232819	-0.356762	0.075583	0.343073	0.699939	-0.016739826835691928	3.9506172839506166e-05	0.34306949377059937
246120	-2.582441	-1.232422	-0.355693	0.075589	0.343212	0.700688	-0.016782891191542148	1.1705532693187011e-05	0.34321027994155884
246240	-2.581299	-1.231745	-0.353500	0.075676	0.343489	0.702226	-0.016839869413524867	3.9506172839506166e-05	0.3434860110282898
246360	-2.580795	-1.231131	-0.352892	0.075714	0.343693	0.702653	-0.016899785958230495	5.925925925925925e-05	0.343691885471344
246480	-2.581594	-1.230669	-0.350550	0.075653	0.343990	0.704301	-0.016945528611540795	3.9506172839506166e-05	0.34398847818374634
246600	-2.580402	-1.230087	-0.350163	0.075744	0.344192	0.704573	-0.01699004229158163	2.6337448559670777e-05	0.3441900908946991
246720	-2.579382	-1.229107	-0.350325	0.075821	0.344549	0.704459	-0.017074074316769838	2.6337448559670777e-05	0.34454578161239624
246840	-2.579037	-1.228749	-0.349344	0.075847	0.344716	0.705150	-0.01710950108245015	3.9506172839506166e-05	0.344712495803833
246960	-2.577631	-1.227706	-0.346987	0.075954	0.345086	0.706814	-0.01720761964097619	1.7558299039780518e-05	0.3450845777988434
247080	-2.577380	-1.226635	-0.346310	0.075973	0.345444	0.707293	-0.017306741792708635	3.9506172839506166e-05	0.3454433083534241
247200	-2.578829	-1.226720	-0.344015	0.075863	0.345506	0.708919	-0.01730067012831569	5.925925925925925e-05	0.3455055058002472
247320	-2.578989	-1.226167	-0.341672	0.075851	0.345752	0.710581	-0.017347339447587727	3.9506172839506166e-05	0.34575167298316956
247440	-2.579773	-1.225822	-0.341170	0.075791	0.345950	0.710938	-0.017373256012797357	3.9506172839506166e-05	0.3459470570087433
247560	-2.580074	-1.225436	-0.340458	0.075768	0.346072	0.711444	-0.017410465329885483	3.9506172839506166e-05	0.3460697531700134
247680	-2.580645	-1.224890	-0.338563	0.075725	0.346316	0.712794	-0.017459048237651587	5.925925925925925e-05	0.34631529450416565
247800	-2.580197	-1.224067	-0.338911	0.075759	0.346572	0.712546	-0.01752939149737358	5.925925925925925e-05	0.34656983613967896
247920	-2.579868	-1.223401	-0.338526	0.075784	0.346775	0.712820	-0.017596627958118914	3.9506172839506166e-05	0.3467738628387451
248040	-2.580523	-1.222957	-0.338153	0.075734	0.346946	0.713086	-0.01763342758640647	3.9506172839506166e-05	0.34694409370422363
248160	-2.580593	-1.221876	-0.337485	0.075729	0.347376	0.713563	-0.017728956043720247	3.9506172839506166e-05	0.3473730683326721
248280	-2.580333	-1.221219	-0.336484	0.075749	0.347622	0.714277	-0.017787548527121545	3.9506172839506166e-05	0.34761902689933777
248400	-2.580855	-1.220987	-0.336233	0.075709	0.347732	0.714457	-0.01781292920932174	3.9506172839506166e-05	0.3477308452129364
248520	-2.581272	-1.220659	-0.334987	0.075678	0.347922	0.715347	-0.017838650569319724	3.9506172839506166e-05	0.3479183316230774
248640	-2.581074	-1.220088	-0.333750	0.075693	0.348126	0.716233	-0.017889788653701545	3.9506172839506166e-05	0.3481235206127167
248760	-2.580173	-1.219541	-0.331468	0.075761	0.348341	0.717869	-0.017937670927494764	2.6337448559670777e-05	0.348337322473526
248880	-2.580369	-1.218977	-0.331273	0.075746	0.348584	0.718009	-0.017989230528473853	2.6337448559670777e-05	0.348580539226532
249000	-2.580930	-1.218225	-0.330977	0.075704	0.348881	0.718222	-0.018058296013623475	5.925925925925925e-05	0.3488794267177582
249120	-2.581013	-1.217463	-0.332367	0.075697	0.349131	0.717224	-0.018124509789049625	3.9506172839506166e-05	0.34912779927253723
249240	-2.581868	-1.217022	-0.331626	0.075633	0.349339	0.717756	-0.018170829582959413	5.925925925925925e-05	0.3493373990058899
249360	-2.580422	-1.216610	-0.330916	0.075742	0.349438	0.718266	-0.01820454718545079	3.9506172839506166e-05	0.3494356572628021
249480	-2.580018	-1.216478	-0.331230	0.075773	0.349472	0.718040	-0.018220584839582443	2.6337448559670777e-05	0.34947237372398376
249600	-2.582225	-1.216437	-0.329826	0.075606	0.349554	0.719049	-0.01822731625288725	5.925925925925925e-05	0.3495526611804962
249720	-2.582103	-1.215891	-0.328597	0.075615	0.349806	0.719933	-0.018265803065150975	2.6337448559670777e-05	0.3498019874095917
249840	-2.582825	-1.215124	-0.326752	0.075560	0.350080	0.721262	-0.01833504904061556	3.9506172839506166e-05	0.3500768542289734
249960	-2.583642	-1.214448	-0.325368	0.075499	0.350397	0.722262	-0.018397278804332017	2.6337448559670777e-05	0.3503932058811188
250080	-2.582927	-1.213649	-0.323893	0.075553	0.350701	0.723327	-0.018471489194780588	2.6337448559670777e-05	0.35069775581359863
250200	-2.582528	-1.212751	-0.321781	0.075583	0.351030	0.724857	-0.018554181791841984	3.9506172839506166e-05	0.3510288596153259
250320	-2.582189	-1.212022	-0.319332	0.075608	0.351334	0.726634	-0.018617646396160127	3.9506172839506166e-05	0.3513330817222595
250440	-2.582324	-1.211818	-0.318461	0.075598	0.351483	0.727267	-0.018642390333116054	3.9506172839506166e-05	0.351483017206192
250560	-2.582481	-1.211734	-0.317041	0.075586	0.351584	0.728301	-0.01864702785387635	3.9506172839506166e-05	0.3515830338001251
250680	-2.582363	-1.211124	-0.315793	0.075595	0.351828	0.729210	-0.01869875555858016	1.1705532693187011e-05	0.35182711482048035
250800	-2.581844	-1.210688	-0.314585	0.075634	0.352016	0.730092	-0.018744523450732232	2.6337448559670777e-05	0.35201674699783325
250920	-2.580728	-1.210230	-0.314736	0.075719	0.352160	0.729982	-0.01878207316622138	5.925925925925925e-05	0.3521592617034912
251040	-2.580146	-1.209789	-0.314197	0.075763	0.352351	0.730375	-0.018816471099853516	3.9506172839506166e-05	0.3523462116718292
251160	-2.580853	-1.209232	-0.312189	0.075709	0.352621	0.731843	-0.01887242691591382	1.7558299039780518e-05	0.352619469165802
251280	-2.580700	-1.209023	-0.311588	0.075721	0.352725	0.732283	-0.018887889571487904	2.6337448559670777e-05	0.3527229130268097
251400	-2.580500	-1.208291	-0.311207	0.075736	0.353026	0.732562	-0.01895493930205703	3.9506172839506166e-05	0.35302290320396423
251520	-2.580481	-1.207990	-0.310439	0.075738	0.353155	0.733125	-0.018980998359620572	1.7558299039780518e-05	0.35315296053886414
251640	-2.580397	-1.207341	-0.309770	0.075744	0.353399	0.733616	-0.019032561499625445	3.9506172839506166e-05	0.35339483618736267
251760	-2.579005	-1.206934	-0.309080	0.075849	0.353555	0.734122	-0.019085175450891258	5.925925925925925e-05	0.3535568118095398
251880	-2.578930	-1.206262	-0.307428	0.075855	0.353827	0.735336	-0.01913710981607437	3.9506172839506166e-05	0.3538249731063843
252000	-2.579920	-1.206226	-0.306456	0.075780	0.353915	0.736051	-0.019142814539372922	3.9506172839506166e-05	0.35391464829444885
252120	-2.581437	-1.205997	-0.304874	0.075665	0.354004	0.737216	-0.019160326197743417	3.9506172839506166e-05	0.3540021777153015
252240	-2.582487	-1.205258	-0.300249	0.075586	0.354424	0.740634	-0.019219347927719354	2.6337448559670777e-05	0.3544193506240845
252360	-2.583783	-1.204713	-0.298837	0.075488	0.354666	0.741680	-0.0192802619189024	3.9506172839506166e-05	0.35466548800468445
252480	-2.584959	-1.204535	-0.297548	0.075399	0.354761	0.742637	-0.01929911496117711	3.9506172839506166e-05	0.35476091504096985
252600	-2.586442	-1.204096	-0.297360	0.075287	0.354932	0.742776	-0.019329873844981194	2.6337448559670777e-05	0.35492920875549316
252720	-2.588278	-1.203648	-0.296323	0.075149	0.355185	0.743547	-0.019374832790344954	2.6337448559670777e-05	0.3551839590072632
252840	-2.588851	-1.203498	-0.295181	0.075106	0.355315	0.744397	-0.019387551117688417	3.9506172839506166e-05	0.3553134799003601
252960	-2.589569	-1.203157	-0.294283	0.075052	0.355466	0.745066	-0.01941714407876134	3.9506172839506166e-05	0.3554653525352478
253080	-2.588398	-1.202611	-0.293708	0.075140	0.355672	0.745494	-0.01946591353043914	3.9506172839506166e-05	0.35567107796669006
253200	-2.589161	-1.202054	-0.291583	0.075083	0.355922	0.747080	-0.01950693055987358	5.925925925925925e-05	0.35591673851013184
253320	-2.589128	-1.201371	-0.291329	0.075085	0.356159	0.747270	-0.01957690715789795	1.7558299039780518e-05	0.35615798830986023
253440	-2.589129	-1.201056	-0.290640	0.075085	0.356287	0.747785	-0.019608466140925884	1.7558299039780518e-05	0.35628601908683777
253560	-2.588745	-1.200598	-0.289193	0.075114	0.356482	0.748868	-0.019646852649748324	2.6337448559670777e-05	0.35647937655448914
253680	-2.588515	-1.200058	-0.289182	0.075132	0.356677	0.748876	-0.019693525973707438	3.9506172839506166e-05	0.3566747307777405
253800	-2.589912	-1.199322	-0.286793	0.075027	0.357014	0.750667	-0.019747652392834426	5.925925925925925e-05	0.35700371861457825
253920	-2.591881	-1.198654	-0.284893	0.074879	0.357308	0.752095	-0.019818514864891768	2.6337448559670777e-05	0.35730478167533875
254040	-2.593735	-1.198305	-0.283388	0.074740	0.357493	0.753228	-0.019862135499715806	8.888888888888888e-05	0.3574937880039215
254160	-2.593087	-1.197257	-0.281741	0.074789	0.357931	0.754469	-0.019940879382193088	5.925925925925925e-05	0.35792773962020874
254280	-2.594323	-1.196958	-0.281779	0.074696	0.358075	0.754440	-0.019977946393191816	3.9506172839506166e-05	0.358076274394989
254400	-2.594551	-1.196536	-0.280628	0.074679	0.358270	0.755309	-0.020012401696294545	2.6337448559670777e-05	0.3582686483860016
254520	-2.594316	-1.195910	-0.280272	0.074697	0.358502	0.755578	-0.020068982150405645	5.925925925925925e-05	0.35850051045417786
254640	-2.594881	-1.195627	-0.278662	0.074655	0.358695	0.756795	-0.020093949791043998	3.9506172839506166e-05	0.35869425535202026
254760	-2.594256	-1.194832	-0.275065	0.074701	0.359072	0.759523	-0.020157214999198914	5.925925925925925e-05	0.35906776785850525
254880	-2.594163	-1.194314	-0.274336	0.074708	0.359265	0.760077	-0.020209012553095818	5.925925925925925e-05	0.3592630922794342
255000	-2.594598	-1.194150	-0.272878	0.074676	0.359393	0.761186	-0.02023044377565384	2.6337448559670777e-05	0.35939255356788635
255120	-2.594681	-1.193812	-0.271542	0.074670	0.359579	0.762203	-0.020260206330567597	3.9506172839506166e-05	0.3595772385597229
255240	-2.594124	-1.193024	-0.270667	0.074711	0.359883	0.762871	-0.020318990293890237	5.925925925925925e-05	0.3598797023296356
255360	-2.594150	-1.192310	-0.268436	0.074709	0.360158	0.764575	-0.02038995726034045	3.9506172839506166e-05	0.36015376448631287
255480	-2.594972	-1.192340	-0.269208	0.074648	0.360146	0.763985	-0.020396943669766188	3.9506172839506166e-05	0.3601479232311249
255600	-2.595743	-1.192302	-0.268452	0.074590	0.360270	0.764562	-0.020397461578249933	5.925925925925925e-05	0.36026933789253235
255720	-2.596706	-1.191607	-0.267143	0.074519	0.360571	0.765563	-0.020457179937511682	2.6337448559670777e-05	0.3605712354183197
255840	-2.597571	-1.190822	-0.265377	0.074454	0.360890	0.766917	-0.02052402086555958	3.9506172839506166e-05	0.3608871102333069
255960	-2.598006	-1.190276	-0.262956	0.074422	0.361151	0.768776	-0.020575444772839548	3.9506172839506166e-05	0.3611496090888977
256080	-2.598753	-1.189991	-0.262810	0.074366	0.361325	0.768888	-0.020600521564483644	5.925925925925925e-05	0.36132243275642395
256200	-2.599557	-1.189790	-0.261923	0.074306	0.361460	0.769570	-0.020619654562324286	7.803688462124674e-06	0.3614587187767029
256320	-2.600181	-1.189192	-0.261011	0.074260	0.361722	0.770273	-0.02066540401428938	2.6337448559670777e-05	0.36171868443489075
256440	-2.599872	-1.188486	-0.260063	0.074283	0.361989	0.771003	-0.02072839243337512	5.925925925925925e-05	0.3619840741157532
256560	-2.600661	-1.187756	-0.257942	0.074225	0.362286	0.772640	-0.02079356713220477	5.925925925925925e-05	0.36227911710739136
256680	-2.599963	-1.187290	-0.256820	0.074276	0.362482	0.773507	-0.020846596732735635	5.925925925925925e-05	0.36248037219047546
256800	-2.600798	-1.186697	-0.255595	0.074214	0.362736	0.774456	-0.02089666239917278	5.925925925925925e-05	0.3627351224422455
256920	-2.601554	-1.186234	-0.255119	0.074158	0.362897	0.774825	-0.02093927823007107	5.925925925925925e-05	0.36289435625076294
257040	-2.601575	-1.186015	-0.254442	0.074157	0.363031	0.775349	-0.020965244621038437	3.9506172839506166e-05	0.36303094029426575
257160	-2.601431	-1.185341	-0.253056	0.074167	0.363341	0.776424	-0.021012103371322154	2.6337448559670777e-05	0.3633361756801605
257280	-2.601024	-1.184308	-0.251857	0.074198	0.363690	0.777356	-0.021113901678472758	2.6337448559670777e-05	0.3636890649795532
257400	-2.601047	-1.183782	-0.250930	0.074196	0.363934	0.778077	-0.021160169038921595	2.6337448559670777e-05	0.3639321029186249
257520	-2.600282	-1.183221	-0.250222	0.074253	0.364182	0.778628	-0.021213225927203892	2.6337448559670777e-05	0.36418119072914124
257640	-2.600376	-1.182662	-0.249204	0.074246	0.364448	0.779421	-0.021258673444390298	3.9506172839506166e-05	0.36444416642189026
257760	-2.600554	-1.182189	-0.247791	0.074232	0.364694	0.780523	-0.02129788212478161	1.7558299039780518e-05	0.3646906912326813
257880	-2.601032	-1.181592	-0.247583	0.074197	0.364908	0.780686	-0.021355340909212827	5.925925925925925e-05	0.36490684747695923
258000	-2.600881	-1.180600	-0.246785	0.074208	0.365306	0.781308	-0.0214405482634902	5.925925925925925e-05	0.36529961228370667
258120	-2.599946	-1.180069	-0.245673	0.074278	0.365522	0.782178	-0.02149727437645197	2.6337448559670777e-05	0.3655214011669159
258240	-2.601057	-1.179760	-0.245112	0.074195	0.365691	0.782617	-0.021524207107722758	3.9506172839506166e-05	0.3656906485557556
258360	-2.601667	-1.179123	-0.244712	0.074150	0.365927	0.782930	-0.02158056003972888	3.9506172839506166e-05	0.36592748761177063
258480	-2.600476	-1.178587	-0.244859	0.074238	0.366070	0.782815	-0.021631736401468517	3.9506172839506166e-05	0.3660711944103241
258600	-2.601931	-1.177877	-0.244265	0.074130	0.366396	0.783280	-0.021686594001948833	3.9506172839506166e-05	0.366390585899353
258720	-2.603803	-1.177253	-0.243433	0.073992	0.366716	0.783932	-0.021751461457461117	3.9506172839506166e-05	0.3667148947715759
258840	-2.603780	-1.176674	-0.241158	0.073993	0.366993	0.785717	-0.021803936827927826	3.9506172839506166e-05	0.3669922947883606
258960	-2.605726	-1.176113	-0.240376	0.073849	0.367288	0.786332	-0.021853033639490604	5.925925925925925e-05	0.3672889769077301
259080	-2.606793	-1.175824	-0.239229	0.073771	0.367377	0.787235	-0.02186983050778508	3.9506172839506166e-05	0.36737415194511414
259200	-2.607017	-1.175081	-0.238299	0.073754	0.367699	0.787967	-0.021939666382968424	5.925925925925925e-05	0.36769548058509827
259320	-2.608090	-1.174613	-0.236346	0.073675	0.367956	0.789507	-0.02198722381144762	1.7558299039780518e-05	0.3679548501968384
259440	-2.607408	-1.173759	-0.235894	0.073725	0.368245	0.789864	-0.022054700832813978	3.9506172839506166e-05	0.36824095249176025
259560	-2.606378	-1.173078	-0.233701	0.073801	0.368489	0.791598	-0.02212424771860242	3.9506172839506166e-05	0.36848869919776917
259680	-2.605212	-1.172265	-0.233403	0.073887	0.368764	0.791834	-0.02219262011349201	3.9506172839506166e-05	0.3687615990638733
259800	-2.605578	-1.171768	-0.231383	0.073860	0.368968	0.793436	-0.02223271019756794	5.925925925925925e-05	0.3689626157283783
259920	-2.605704	-1.171201	-0.230750	0.073851	0.369166	0.793938	-0.022291753254830838	2.6337448559670777e-05	0.36916300654411316
260040	-2.608571	-1.171350	-0.230468	0.073640	0.369213	0.794162	-0.022285554744303226	5.925925925925925e-05	0.36921295523643494
260160	-2.608889	-1.170950	-0.230211	0.073616	0.369346	0.794366	-0.022313466109335423	2.6337448559670777e-05	0.36934351921081543
260280	-2.610472	-1.170771	-0.228519	0.073500	0.369482	0.795711	-0.022327458951622248	5.925925925925925e-05	0.3694784641265869
260400	-2.611515	-1.169875	-0.226166	0.073423	0.369910	0.797586	-0.022404152620583772	5.925925925925925e-05	0.36990660429000854
260520	-2.611987	-1.169260	-0.224944	0.073389	0.370171	0.798561	-0.022465543169528247	3.9506172839506166e-05	0.37016817927360535
260640	-2.612741	-1.169112	-0.223702	0.073333	0.370299	0.799554	-0.022485216055065392	3.9506172839506166e-05	0.37029725313186646
260760	-2.614040	-1.168871	-0.223301	0.073238	0.370400	0.799874	-0.022506269812583923	5.925925925925925e-05	0.37039920687675476
260880	-2.615674	-1.168640	-0.221746	0.073119	0.370528	0.801119	-0.022516132798045874	5.925925925925925e-05	0.37052133679389954
261000	-2.616227	-1.168404	-0.221255	0.073078	0.370648	0.801512	-0.022551737260073423	5.925925925925925e-05	0.37064704298973083
261120	-2.618629	-1.167964	-0.219693	0.072903	0.370825	0.802766	-0.022587533108890057	5.925925925925925e-05	0.3708241581916809
261240	-2.620954	-1.167247	-0.218309	0.072733	0.371147	0.803877	-0.022643097210675478	5.925925925925925e-05	0.37114325165748596
261360	-2.620885	-1.167015	-0.216319	0.072738	0.371287	0.805479	-0.022672181576490404	3.9506172839506166e-05	0.3712861239910126
261480	-2.621374	-1.166347	-0.214005	0.072703	0.371602	0.807345	-0.022736523766070604	5.925925925925925e-05	0.37160393595695496
261600	-2.621960	-1.165870	-0.213425	0.072660	0.371782	0.807813	-0.02276997109875083	1.7558299039780518e-05	0.37177976965904236
261720	-2.621073	-1.165201	-0.211635	0.072725	0.372075	0.809260	-0.0228366301394999	5.925925925925925e-05	0.37207522988319397
261840	-2.621145	-1.164926	-0.211569	0.072720	0.372181	0.809314	-0.02285798666998744	3.9506172839506166e-05	0.3721790909767151
261960	-2.622023	-1.164577	-0.210061	0.072656	0.372364	0.810534	-0.022890965081751348	1.7558299039780518e-05	0.37236326932907104
262080	-2.623431	-1.164524	-0.209417	0.072553	0.372477	0.811057	-0.022898224648088217	5.925925925925925e-05	0.37247705459594727
262200	-2.623966	-1.164595	-0.207262	0.072515	0.372481	0.812806	-0.02288331910967827	3.9506172839506166e-05	0.37247759103775024
262320	-2.625654	-1.164414	-0.205082	0.072392	0.372597	0.814581	-0.022906174510717393	3.9506172839506166e-05	0.37259578704833984
262440	-2.625216	-1.163857	-0.203972	0.072424	0.372827	0.815485	-0.02294995468109846	5.925925925925925e-05	0.37282371520996094
262560	-2.625698	-1.163274	-0.203238	0.072389	0.373058	0.816084	-0.02300499426200986	5.925925925925925e-05	0.3730567693710327
262680	-2.627412	-1.162915	-0.202457	0.072265	0.373246	0.816722	-0.023029567394405603	3.9506172839506166e-05	0.3732404112815857
262800	-2.628137	-1.162123	-0.200979	0.072213	0.373617	0.817930	-0.023100440111011266	3.9506172839506166e-05	0.3736100196838379
262920	-2.628359	-1.161600	-0.200085	0.072197	0.373840	0.818661	-0.02315867692232132	3.9506172839506166e-05	0.3738396167755127
263040	-2.629366	-1.160726	-0.198995	0.072124	0.374224	0.819554	-0.02322196802124381	5.925925925925925e-05	0.37421610951423645
263160	-2.629398	-1.159808	-0.197270	0.072122	0.374580	0.820969	-0.023315872997045517	5.925925925925925e-05	0.3745790421962738
263280	-2.628771	-1.159507	-0.197069	0.072167	0.374679	0.821134	-0.023346215952187777	5.925925925925925e-05	0.37468016147613525
263400	-2.628449	-1.159112	-0.196435	0.072190	0.374804	0.821655	-0.023383089620620013	3.9506172839506166e-05	0.3748040199279785
263520	-2.628727	-1.158546	-0.195858	0.072170	0.375015	0.822129	-0.02342736702412367	5.925925925925925e-05	0.37501078844070435
263640	-2.629724	-1.157900	-0.195252	0.072098	0.375279	0.822627	-0.023483394365757703	3.9506172839506166e-05	0.37527480721473694
263760	-2.630393	-1.157549	-0.196822	0.072050	0.375429	0.821337	-0.023521135840564967	1.7558299039780518e-05	0.37542715668678284
263880	-2.630678	-1.157518	-0.197055	0.072030	0.375448	0.821145	-0.023525004368275405	2.6337448559670777e-05	0.37544578313827515
264000	-2.631588	-1.156808	-0.196841	0.071964	0.375729	0.821321	-0.023584064934402703	3.9506172839506166e-05	0.37572479248046875
264120	-2.631105	-1.156576	-0.196509	0.071999	0.375850	0.821594	-0.02361842542886734	3.9506172839506166e-05	0.375852108001709
264240	-2.630171	-1.156265	-0.194607	0.072066	0.376040	0.823158	-0.02363296030089259	5.925925925925925e-05	0.37603631615638733
264360	-2.631521	-1.155751	-0.193481	0.071969	0.376291	0.824085	-0.023683281056582926	3.9506172839506166e-05	0.37628957629203796
264480	-2.631951	-1.155029	-0.191402	0.071938	0.376690	0.825801	-0.023748445603996516	3.9506172839506166e-05	0.3766881823539734
264600	-2.631876	-1.154467	-0.189668	0.071943	0.376997	0.827233	-0.023795565869659186	1.7558299039780518e-05	0.37699490785598755
264720	-2.633227	-1.154292	-0.188978	0.071846	0.377161	0.827805	-0.02381372284144163	3.9506172839506166e-05	0.37715834379196167
264840	-2.632195	-1.153521	-0.188420	0.071920	0.377439	0.828267	-0.02387981368228793	3.9506172839506166e-05	0.3774367570877075
264960	-2.633282	-1.153163	-0.187786	0.071842	0.377595	0.828792	-0.023921877983957528	5.925925925925925e-05	0.37759506702423096
265080	-2.633848	-1.152969	-0.188124	0.071802	0.377657	0.828512	-0.023941031098365782	3.9506172839506166e-05	0.377657949924469
265200	-2.634799	-1.152905	-0.186367	0.071733	0.377780	0.829969	-0.023946670070290565	5.925925925925925e-05	0.3777821958065033
265320	-2.635729	-1.152551	-0.187220	0.071667	0.377959	0.829262	-0.023968349676579237	3.9506172839506166e-05	0.3779563903808594
265440	-2.636428	-1.152071	-0.187663	0.071617	0.378113	0.828894	-0.02401710906997323	3.9506172839506166e-05	0.3781137764453888
265560	-2.636523	-1.151766	-0.185962	0.071610	0.378281	0.830305	-0.024035441502928735	3.9506172839506166e-05	0.3782741129398346
265680	-2.639141	-1.151373	-0.184444	0.071423	0.378466	0.831567	-0.02407233268022537	5.925925925925925e-05	0.3784618377685547
265800	-2.639947	-1.151021	-0.182886	0.071365	0.378664	0.832863	-0.024112036637961864	5.925925925925925e-05	0.3786619007587433
265920	-2.640872	-1.150570	-0.180956	0.071299	0.378906	0.834472	-0.024148224294185637	5.925925925925925e-05	0.37890195846557617
266040	-2.643135	-1.150295	-0.179826	0.071138	0.379101	0.835416	-0.024174530711025	3.9506172839506166e-05	0.37910008430480957
266160	-2.643627	-1.149674	-0.177768	0.071103	0.379418	0.837136	-0.024225714337080716	3.9506172839506166e-05	0.3794119954109192
266280	-2.644099	-1.149194	-0.177687	0.071069	0.379661	0.837204	-0.024268468469381334	2.6337448559670777e-05	0.3796578645706177
266400	-2.644292	-1.148401	-0.176432	0.071056	0.379995	0.838256	-0.02434163438156247	3.9506172839506166e-05	0.37999215722084045
266520	-2.645588	-1.147612	-0.175399	0.070964	0.380350	0.839122	-0.024415474385023117	1.7558299039780518e-05	0.38034787774086
266640	-2.644968	-1.147078	-0.173842	0.071008	0.380564	0.840430	-0.02447308776900172	3.9506172839506166e-05	0.3805648684501648
266760	-2.645922	-1.146848	-0.173529	0.070940	0.380687	0.840693	-0.02448442140594125	2.6337448559670777e-05	0.3806854486465454
266880	-2.647897	-1.146899	-0.173738	0.070800	0.380715	0.840517	-0.024478640779852866	5.925925925925925e-05	0.3807128369808197
267000	-2.647745	-1.146630	-0.172824	0.070811	0.380876	0.841286	-0.02450779527425766	3.9506172839506166e-05	0.38087600469589233
267120	-2.648114	-1.146124	-0.171977	0.070785	0.381084	0.841998	-0.024555772170424463	5.925925925925925e-05	0.3810857832431793
267240	-2.648655	-1.145821	-0.170066	0.070746	0.381293	0.843609	-0.02457296270877123	3.9506172839506166e-05	0.381289005279541
267360	-2.648893	-1.145657	-0.169163	0.070729	0.381425	0.844371	-0.024592602346092462	5.925925925925925e-05	0.3814232051372528
267480	-2.649256	-1.145282	-0.168494	0.070704	0.381605	0.844936	-0.02462468044832349	5.925925925925925e-05	0.38160115480422974
267600	-2.649962	-1.145039	-0.166359	0.070654	0.381794	0.846743	-0.02465200899168849	5.925925925925925e-05	0.38179343938827515
267720	-2.650068	-1.144466	-0.163966	0.070646	0.382097	0.848771	-0.02469908380880952	3.9506172839506166e-05	0.38209569454193115
267840	-2.649697	-1.143819	-0.161776	0.070673	0.382440	0.850632	-0.024757912568747997	5.925925925925925e-05	0.38243716955184937
267960	-2.648199	-1.143168	-0.161654	0.070779	0.382699	0.850736	-0.02481791451573372	5.925925925925925e-05	0.38270020484924316
268080	-2.647338	-1.142918	-0.159964	0.070840	0.382851	0.852174	-0.02484692893922329	5.925925925925925e-05	0.38285231590270996
268200	-2.647663	-1.142545	-0.159725	0.070817	0.383018	0.852378	-0.024874762818217277	5.925925925925925e-05	0.38301727175712585
268320	-2.646992	-1.142096	-0.160760	0.070864	0.383186	0.851496	-0.024908103886991738	3.9506172839506166e-05	0.38318344950675964
268440	-2.646996	-1.142033	-0.160015	0.070864	0.383208	0.852131	-0.024925091955810785	5.925925925925925e-05	0.38320860266685486
268560	-2.646886	-1.141511	-0.158809	0.070872	0.383441	0.853160	-0.024969701748341323	3.9506172839506166e-05	0.3834417462348938
268680	-2.647275	-1.141012	-0.159250	0.070844	0.383649	0.852783	-0.025008062925189735	5.925925925925925e-05	0.3836464285850525
268800	-2.647578	-1.140672	-0.157916	0.070823	0.383835	0.853921	-0.02503652460873127	5.925925925925925e-05	0.3838309347629547
268920	-2.647727	-1.140351	-0.156186	0.070812	0.384035	0.855400	-0.025066829193383454	3.9506172839506166e-05	0.38403236865997314
269040	-2.648719	-1.139714	-0.153735	0.070742	0.384371	0.857500	-0.025125326681882144	3.9506172839506166e-05	0.38436824083328247
269160	-2.649766	-1.139144	-0.151983	0.070668	0.384697	0.859003	-0.02517371354624629	5.925925925925925e-05	0.3846910297870636
269280	-2.653026	-1.138793	-0.150276	0.070438	0.385022	0.860471	-0.025204991176724433	5.925925925925925e-05	0.38501599431037903
269400	-2.653655	-1.138159	-0.151208	0.070393	0.385299	0.859669	-0.02526096971705556	2.6337448559670777e-05	0.38529735803604126
269520	-2.654288	-1.137800	-0.149639	0.070349	0.385504	0.861019	-0.025300995167344808	5.925925925925925e-05	0.3855029344558716
269640	-2.655364	-1.137798	-0.147950	0.070273	0.385652	0.862474	-0.02529502036049962	5.925925925925925e-05	0.3856460154056549
269760	-2.655466	-1.137603	-0.147425	0.070266	0.385762	0.862927	-0.025323355477303265	5.925925925925925e-05	0.38576221466064453
269880	-2.655070	-1.136814	-0.145248	0.070294	0.386185	0.864808	-0.02537917047739029	5.925925925925925e-05	0.38617953658103943
270000	-2.655469	-1.136170	-0.143780	0.070266	0.386499	0.866079	-0.02544871037825942	3.9506172839506166e-05	0.38649827241897583
270120	-2.657642	-1.135828	-0.142566	0.070113	0.386724	0.867130	-0.025482006650418044	3.9506172839506166e-05	0.38672661781311035
270240	-2.659379	-1.135551	-0.142507	0.069992	0.386866	0.867182	-0.025502844993025065	3.9506172839506166e-05	0.3868650496006012
270360	-2.659864	-1.135394	-0.143692	0.069958	0.386933	0.866154	-0.025520846340805294	3.9506172839506166e-05	0.38693347573280334
270480	-2.661118	-1.134892	-0.143392	0.069870	0.387149	0.866414	-0.025554625410586597	1.7558299039780518e-05	0.387146919965744
270600	-2.661816	-1.134328	-0.142932	0.069821	0.387358	0.866813	-0.025606859289109708	5.925925925925925e-05	0.3873536288738251
270720	-2.663651	-1.133863	-0.142124	0.069693	0.387597	0.867513	-0.025650785770267248	5.925925925925925e-05	0.3875938057899475
270840	-2.664931	-1.133396	-0.142086	0.069604	0.387842	0.867547	-0.025698994286358356	5.925925925925925e-05	0.3878420889377594
270960	-2.665977	-1.132944	-0.141408	0.069531	0.388058	0.868135	-0.025729513354599477	2.6337448559670777e-05	0.38805460929870605
271080	-2.668528	-1.133164	-0.142303	0.069354	0.388031	0.867359	-0.025722585897892714	5.925925925925925e-05	0.38803160190582275
271200	-2.669564	-1.133121	-0.140880	0.069282	0.388092	0.868594	-0.025713480450212954	2.6337448559670777e-05	0.38808634877204895
271320	-2.668410	-1.132150	-0.138792	0.069362	0.388543	0.870409	-0.02580863256007433	1.7558299039780518e-05	0.38854140043258667
271440	-2.668977	-1.131681	-0.137989	0.069323	0.388750	0.871108	-0.02585255689918995	3.9506172839506166e-05	0.38874876499176025
271560	-2.669641	-1.131283	-0.136172	0.069277	0.388935	0.872693	-0.025882754754275084	3.9506172839506166e-05	0.3889314532279968
271680	-2.671484	-1.130850	-0.135671	0.069150	0.389168	0.873130	-0.025918585248291492	2.6337448559670777e-05	0.38916465640068054
271800	-2.672977	-1.130362	-0.134222	0.069046	0.389423	0.874396	-0.025970323104411365	5.925925925925925e-05	0.3894217610359192
271920	-2.673075	-1.130027	-0.133482	0.069040	0.389544	0.875044	-0.025999635457992554	3.9506172839506166e-05	0.3895444869995117
272040	-2.672964	-1.129367	-0.132457	0.069047	0.389912	0.875941	-0.02605597609654069	5.925925925925925e-05	0.3899083137512207
272160	-2.673287	-1.128734	-0.131477	0.069025	0.390252	0.876800	-0.02610819451510906	2.6337448559670777e-05	0.39024847745895386
272280	-2.672977	-1.128018	-0.130294	0.069046	0.390592	0.877837	-0.026178008504211904	5.925925925925925e-05	0.39058831334114075
272400	-2.672276	-1.127072	-0.128267	0.069095	0.391048	0.879618	-0.026259928848594426	3.9506172839506166e-05	0.3910445272922516
272520	-2.669803	-1.126400	-0.127025	0.069266	0.391286	0.880711	-0.02632123725488782	3.9506172839506166e-05	0.3912828266620636
272640	-2.669739	-1.125310	-0.124893	0.069270	0.391803	0.882591	-0.026425894256681202	5.925925925925925e-05	0.3918013870716095
272760	-2.669720	-1.124525	-0.124497	0.069272	0.392188	0.882941	-0.02649050736799836	3.9506172839506166e-05	0.3921833634376526
272880	-2.669446	-1.124312	-0.123853	0.069291	0.392369	0.883510	-0.026518109999597073	5.925925925925925e-05	0.3923686146736145
273000	-2.669785	-1.123861	-0.123756	0.069267	0.392558	0.883595	-0.02654886059463024	3.9506172839506166e-05	0.3925522267818451
273120	-2.671710	-1.123711	-0.122995	0.069134	0.392751	0.884268	-0.026566763874143362	3.9506172839506166e-05	0.39274799823760986
273240	-2.672911	-1.123092	-0.121177	0.069051	0.393059	0.885877	-0.026619400642812253	3.9506172839506166e-05	0.3930536210536957
273360	-2.674821	-1.123397	-0.121342	0.068919	0.392949	0.885731	-0.026598226837813856	3.9506172839506166e-05	0.39294710755348206
273480	-2.675673	-1.122969	-0.120521	0.068860	0.393186	0.886459	-0.02662948714569211	3.9506172839506166e-05	0.39318305253982544
273600	-2.679358	-1.122496	-0.119748	0.068607	0.393482	0.887144	-0.02667805356904864	3.9506172839506166e-05	0.39348188042640686
273720	-2.679616	-1.121898	-0.119546	0.068589	0.393725	0.887323	-0.02672068979591131	2.6337448559670777e-05	0.3937210440635681
273840	-2.678811	-1.121026	-0.118279	0.068645	0.394118	0.888448	-0.02680362043902278	3.9506172839506166e-05	0.3941134810447693
273960	-2.678502	-1.120467	-0.117847	0.068666	0.394338	0.888832	-0.026863122172653676	3.9506172839506166e-05	0.3943382501602173
274080	-2.679028	-1.120088	-0.116851	0.068630	0.394550	0.889718	-0.02689116569235921	5.925925925925925e-05	0.3945484757423401
274200	-2.680514	-1.120197	-0.116436	0.068528	0.394543	0.890087	-0.026890036184340715	5.925925925925925e-05	0.3945445716381073
274320	-2.682844	-1.120362	-0.115611	0.068368	0.394629	0.890822	-0.026866351068019868	3.9506172839506166e-05	0.3946264088153839
274440	-2.683783	-1.119639	-0.116843	0.068304	0.394842	0.889725	-0.0269336118362844	5.925925925925925e-05	0.39484286308288574
274560	-2.683580	-1.118536	-0.116203	0.068318	0.395255	0.890295	-0.02702981811016798	1.7558299039780518e-05	0.3952527940273285
274680	-2.685364	-1.117885	-0.113822	0.068196	0.395662	0.892417	-0.027091035060584544	3.9506172839506166e-05	0.39565855264663696
274800	-2.686172	-1.117659	-0.113638	0.068141	0.395742	0.892581	-0.02711767004802823	3.9506172839506166e-05	0.39574435353279114
274920	-2.688630	-1.117665	-0.112366	0.067974	0.395841	0.893717	-0.027117839176207782	5.925925925925925e-05	0.3958399295806885
275040	-2.689578	-1.117216	-0.110373	0.067910	0.396113	0.895500	-0.02715372359380126	5.925925925925925e-05	0.39611145853996277
275160	-2.691228	-1.116711	-0.108295	0.067798	0.396443	0.897363	-0.027197865955531596	2.6337448559670777e-05	0.3964417576789856
275280	-2.689502	-1.116062	-0.107446	0.067915	0.396682	0.898125	-0.027254603058099746	5.925925925925925e-05	0.39668089151382446
275400	-2.689868	-1.115364	-0.105365	0.067890	0.397088	0.899996	-0.02731113899499178	1.7558299039780518e-05	0.397085040807724
275520	-2.690784	-1.114726	-0.104331	0.067828	0.397376	0.900927	-0.027377612330019473	5.925925925925925e-05	0.3973744809627533
275640	-2.690984	-1.114160	-0.103185	0.067814	0.397628	0.901960	-0.0274258934892714	1.7558299039780518e-05	0.3976270258426666
275760	-2.692361	-1.113608	-0.103861	0.067721	0.397907	0.901351	-0.027469833381474018	2.6337448559670777e-05	0.3979027271270752
275880	-2.691498	-1.112889	-0.102879	0.067779	0.398227	0.902236	-0.027543229144066574	5.925925925925925e-05	0.39822426438331604
276000	-2.693495	-1.112377	-0.101234	0.067644	0.398556	0.903722	-0.02758663333952427	5.925925925925925e-05	0.3985528349876404
276120	-2.695962	-1.112103	-0.101163	0.067477	0.398693	0.903786	-0.027615110483020545	3.9506172839506166e-05	0.39869213104248047
276240	-2.697752	-1.111629	-0.099987	0.067357	0.399004	0.904849	-0.027649872191250324	3.9506172839506166e-05	0.399001806974411
276360	-2.698523	-1.110687	-0.097838	0.067305	0.399509	0.906796	-0.027738613076508045	3.9506172839506166e-05	0.3995077311992645
276480	-2.698537	-1.110381	-0.097908	0.067304	0.399637	0.906732	-0.027756879478693007	3.9506172839506166e-05	0.3996303975582123
276600	-2.697196	-1.109389	-0.095833	0.067394	0.400062	0.908616	-0.02785070361569524	3.9506172839506166e-05	0.4000571370124817
276720	-2.696841	-1.109067	-0.095095	0.067418	0.400225	0.909286	-0.027887876704335214	3.9506172839506166e-05	0.4002254605293274
276840	-2.696274	-1.109054	-0.094842	0.067456	0.400306	0.909517	-0.027891345880925657	3.9506172839506166e-05	0.4003070592880249
276960	-2.697039	-1.108685	-0.093404	0.067405	0.400494	0.910826	-0.027921405155211687	5.925925925925925e-05	0.4004943072795868
277080	-2.696979	-1.108416	-0.092462	0.067409	0.400628	0.911684	-0.027939367946237324	1.7558299039780518e-05	0.40062516927719116
277200	-2.697377	-1.108108	-0.090698	0.067382	0.400868	0.913294	-0.02797125540673733	5.925925925925925e-05	0.40086427330970764
277320	-2.698312	-1.107360	-0.089894	0.067319	0.401240	0.914028	-0.02803606363013387	3.9506172839506166e-05	0.4012387692928314
277440	-2.697016	-1.106743	-0.089300	0.067406	0.401438	0.914571	-0.02808708921074867	3.9506172839506166e-05	0.401433527469635
277560	-2.698140	-1.106255	-0.088108	0.067331	0.401694	0.915662	-0.028131268359720706	3.9506172839506166e-05	0.4016880393028259
277680	-2.699846	-1.105618	-0.087571	0.067216	0.402030	0.916154	-0.028193190228194	3.9506172839506166e-05	0.40202659368515015
277800	-2.701664	-1.105322	-0.087221	0.067094	0.402178	0.916475	-0.028221310582011938	3.9506172839506166e-05	0.40217551589012146
277920	-2.702399	-1.104735	-0.086855	0.067045	0.402472	0.916810	-0.028273638244718312	5.925925925925925e-05	0.4024718403816223
278040	-2.702776	-1.104307	-0.086116	0.067019	0.402724	0.917488	-0.028311080858111383	2.6337448559670777e-05	0.4027199149131775
278160	-2.704170	-1.104053	-0.084333	0.066926	0.402931	0.919125	-0.028335940837860108	5.925925925925925e-05	0.4029282033443451
278280	-2.704033	-1.103435	-0.083385	0.066935	0.403212	0.919997	-0.028389522340148687	3.9506172839506166e-05	0.40321120619773865
278400	-2.702941	-1.102692	-0.081892	0.067008	0.403567	0.921371	-0.028451474197208882	2.6337448559670777e-05	0.4035626947879791
278520	-2.703319	-1.102195	-0.080759	0.066983	0.403799	0.922416	-0.028495987877249718	2.6337448559670777e-05	0.40379348397254944
278640	-2.701271	-1.101015	-0.079151	0.067120	0.404284	0.923900	-0.028608811646699907	3.9506172839506166e-05	0.4042831063270569
278760	-2.701904	-1.100857	-0.077933	0.067078	0.404391	0.925027	-0.028626606706529854	5.925925925925925e-05	0.4043905735015869
278880	-2.703588	-1.100590	-0.078146	0.066965	0.404527	0.924829	-0.028654657769948244	3.9506172839506166e-05	0.40452733635902405
279000	-2.703884	-1.100012	-0.077734	0.066945	0.404775	0.925211	-0.02869027554988861	5.925925925925925e-05	0.4047674238681793
279120	-2.703224	-1.099149	-0.075616	0.066989	0.405127	0.927172	-0.02877327809110284	1.7558299039780518e-05	0.4051244556903839
279240	-2.703832	-1.098790	-0.075091	0.066948	0.405304	0.927659	-0.02880754228681326	5.925925925925925e-05	0.4053007662296295
279360	-2.704538	-1.098478	-0.074279	0.066901	0.405465	0.928413	-0.028829444851726293	5.925925925925925e-05	0.405462384223938
279480	-2.703893	-1.097932	-0.072855	0.066944	0.405702	0.929736	-0.0288931917399168	5.925925925925925e-05	0.40570351481437683
279600	-2.704070	-1.097435	-0.074034	0.066933	0.405911	0.928640	-0.02893968978896737	5.925925925925925e-05	0.40591225028038025
279720	-2.705371	-1.097230	-0.073383	0.066846	0.406052	0.929245	-0.028951283916831015	1.7558299039780518e-05	0.40605080127716064
279840	-2.705131	-1.097034	-0.072244	0.066862	0.406220	0.930304	-0.028966513369232415	1.1705532693187011e-05	0.40621858835220337
279960	-2.704916	-1.096429	-0.071157	0.066876	0.406513	0.931316	-0.02902292078360915	3.9506172839506166e-05	0.4065103232860565
280080	-2.706056	-1.095426	-0.068282	0.066800	0.407055	0.933997	-0.029108320642262698	5.925925925925925e-05	0.40705162286758423
280200	-2.705499	-1.095216	-0.067317	0.066837	0.407161	0.934899	-0.029133663792163134	3.9506172839506166e-05	0.40715762972831726
280320	-2.705494	-1.094683	-0.066306	0.066837	0.407420	0.935844	-0.029177973233163356	5.925925925925925e-05	0.4074184000492096
280440	-2.705591	-1.094091	-0.064250	0.066831	0.407716	0.937771	-0.029225386679172516	5.925925925925925e-05	0.40771135687828064
280560	-2.704841	-1.093906	-0.062724	0.066881	0.407919	0.939203	-0.029245761781930925	3.9506172839506166e-05	0.4079146981239319
280680	-2.704957	-1.093144	-0.061648	0.066873	0.408307	0.940214	-0.029316819738596678	5.925925925925925e-05	0.40830284357070923
280800	-2.705968	-1.092624	-0.059956	0.066806	0.408645	0.941806	-0.029360908549278975	5.925925925925925e-05	0.4086371958255768
280920	-2.707878	-1.091759	-0.056428	0.066678	0.409176	0.945135	-0.02944371197372675	3.9506172839506166e-05	0.4091724157333374
281040	-2.708594	-1.091427	-0.055553	0.066630	0.409386	0.945962	-0.02947084167972207	2.6337448559670777e-05	0.40938296914100647
281160	-2.708320	-1.091318	-0.054264	0.066649	0.409507	0.947182	-0.02948592007160187	5.925925925925925e-05	0.40950506925582886
281280	-2.708565	-1.090769	-0.054054	0.066632	0.409809	0.947381	-0.029528986755758525	5.925925925925925e-05	0.4098075330257416
281400	-2.707588	-1.090210	-0.053722	0.066698	0.410079	0.947695	-0.02957885954529047	2.6337448559670777e-05	0.41007402539253235
281520	-2.708416	-1.089980	-0.054086	0.066642	0.410219	0.947350	-0.029597341362386943	5.925925925925925e-05	0.4102138876914978
281640	-2.708186	-1.089438	-0.052240	0.066658	0.410511	0.949101	-0.029646705090999603	5.925925925925925e-05	0.41050466895103455
281760	-2.708464	-1.088556	-0.051373	0.066639	0.410896	0.949925	-0.029729171004146338	2.6337448559670777e-05	0.41089335083961487
281880	-2.709066	-1.088264	-0.051019	0.066599	0.411076	0.950261	-0.029756158590316772	2.6337448559670777e-05	0.4110727906227112
282000	-2.709185	-1.087443	-0.049735	0.066591	0.411462	0.951482	-0.02983263898640871	3.9506172839506166e-05	0.4114619493484497
282120	-2.708032	-1.086834	-0.048210	0.066668	0.411727	0.952934	-0.029885389283299445	2.6337448559670777e-05	0.41172516345977783
282240	-2.708123	-1.086746	-0.048169	0.066662	0.411762	0.952973	-0.029897014237940313	3.9506172839506166e-05	0.41176217794418335
282360	-2.708298	-1.086028	-0.048616	0.066650	0.412089	0.952547	-0.029957030434161425	2.6337448559670777e-05	0.41208791732788086
282480	-2.707704	-1.085681	-0.047620	0.066690	0.412292	0.953496	-0.029985255654901267	3.9506172839506166e-05	0.41228553652763367
282600	-2.706630	-1.084289	-0.045704	0.066761	0.412929	0.955324	-0.030112947523593902	3.9506172839506166e-05	0.41292691230773926
282720	-2.706355	-1.083759	-0.045823	0.066780	0.413146	0.955211	-0.030166318453848363	3.9506172839506166e-05	0.4131459593772888
282840	-2.706481	-1.083058	-0.045396	0.066771	0.413485	0.955619	-0.030232368782162667	3.9506172839506166e-05	0.41348493099212646
282960	-2.707942	-1.082468	-0.044981	0.066674	0.413869	0.956016	-0.030274772737175226	3.9506172839506166e-05	0.41386619210243225
283080	-2.707694	-1.082057	-0.044767	0.066690	0.413984	0.956220	-0.030310400947928428	5.925925925925925e-05	0.4139802157878876
283200	-2.708351	-1.081583	-0.043553	0.066647	0.414288	0.957382	-0.03035196801647544	5.925925925925925e-05	0.41428300738334656
283320	-2.710165	-1.080927	-0.040305	0.066526	0.414664	0.960497	-0.03042317498475313	5.925925925925925e-05	0.41466259956359863
283440	-2.711270	-1.080056	-0.040361	0.066452	0.415012	0.960443	-0.030484201852232218	5.925925925925925e-05	0.41500750184059143
283560	-2.713539	-1.080025	-0.038434	0.066302	0.415143	0.962296	-0.030504317581653596	3.9506172839506166e-05	0.4151442050933838
283680	-2.714911	-1.079380	-0.036751	0.066211	0.415535	0.963916	-0.030548486020416023	5.925925925925925e-05	0.41552987694740295
283800	-2.714194	-1.078540	-0.035949	0.066258	0.415899	0.964689	-0.03063597697764635	2.6337448559670777e-05	0.4158988296985626
283920	-2.714241	-1.078077	-0.034589	0.066255	0.416138	0.966002	-0.030666792858392	3.9506172839506166e-05	0.41613563895225525
284040	-2.714795	-1.077837	-0.034654	0.066219	0.416282	0.965939	-0.030698402412235738	5.925925925925925e-05	0.4162803888320923
284160	-2.714085	-1.077189	-0.033505	0.066266	0.416561	0.967050	-0.03074877178296447	5.925925925925925e-05	0.4165576994419098
284280	-2.716298	-1.077098	-0.032885	0.066119	0.416665	0.967650	-0.030765227694064378	3.9506172839506166e-05	0.4166644811630249
284400	-2.717191	-1.076624	-0.031947	0.066060	0.416894	0.968558	-0.030798090714961292	5.925925925925925e-05	0.4168887436389923
284520	-2.717039	-1.076307	-0.031474	0.066070	0.417037	0.969016	-0.030837809201329947	3.9506172839506166e-05	0.4170375466346741
284640	-2.719091	-1.075467	-0.029943	0.065935	0.417485	0.970501	-0.030909486580640078	5.925925925925925e-05	0.41748279333114624
284760	-2.720039	-1.075480	-0.029667	0.065872	0.417450	0.970768	-0.030909585207700728	3.9506172839506166e-05	0.4174492061138153
284880	-2.720389	-1.075521	-0.028671	0.065849	0.417497	0.971736	-0.0309050758369267	2.6337448559670777e-05	0.41749563813209534
285000	-2.722348	-1.075424	-0.027730	0.065720	0.417674	0.972651	-0.030915319081395866	5.925925925925925e-05	0.41767266392707825
285120	-2.721479	-1.074984	-0.026821	0.065777	0.417880	0.973535	-0.03095205770805478	3.9506172839506166e-05	0.41787979006767273
285240	-2.722764	-1.074793	-0.025002	0.065693	0.418085	0.975308	-0.030972559377551077	5.925925925925925e-05	0.4180818498134613
285360	-2.722791	-1.074297	-0.024252	0.065691	0.418304	0.976039	-0.031017283722758294	3.9506172839506166e-05	0.4183032214641571
285480	-2.723904	-1.073879	-0.023914	0.065618	0.418488	0.976370	-0.031047171633690595	5.925925925925925e-05	0.41848450899124146
285600	-2.724478	-1.072981	-0.021978	0.065580	0.418913	0.978262	-0.031127059366554022	5.925925925925925e-05	0.41890883445739746
285720	-2.724570	-1.071867	-0.021561	0.065574	0.419389	0.978670	-0.03123261472210288	5.925925925925925e-05	0.41938623785972595
285840	-2.723658	-1.071617	-0.020246	0.065634	0.419550	0.979958	-0.03125405423343182	5.925925925925925e-05	0.4195483922958374
285960	-2.723470	-1.071103	-0.019860	0.065647	0.419834	0.980335	-0.03130213227123022	3.9506172839506166e-05	0.4198305010795593
286080	-2.722329	-1.070709	-0.018232	0.065722	0.420049	0.981933	-0.031332704797387124	5.925925925925925e-05	0.4200444519519806
286200	-2.723806	-1.070324	-0.018750	0.065624	0.420361	0.981425	-0.03137672878801823	3.9506172839506166e-05	0.4203597605228424
286320	-2.722448	-1.069455	-0.017423	0.065714	0.420752	0.982728	-0.03144747503101826	1.1705532693187011e-05	0.4207492768764496
286440	-2.722566	-1.069224	-0.017822	0.065706	0.420824	0.982336	-0.031471913866698745	5.925925925925925e-05	0.4208238124847412
286560	-2.722558	-1.069026	-0.017313	0.065706	0.420884	0.982836	-0.03148874919861555	2.6337448559670777e-05	0.42088350653648376
286680	-2.722351	-1.068596	-0.017020	0.065720	0.421150	0.983124	-0.03152051251381636	3.9506172839506166e-05	0.421146035194397
286800	-2.719989	-1.067570	-0.016183	0.065875	0.421567	0.983948	-0.03161307144910097	2.6337448559670777e-05	0.42156490683555603
286920	-2.719858	-1.066827	-0.015056	0.065884	0.421965	0.985057	-0.03168227095156908	2.6337448559670777e-05	0.42196306586265564
287040	-2.718955	-1.065832	-0.012953	0.065944	0.422419	0.987131	-0.03176833391189575	5.925925925925925e-05	0.4224129021167755
287160	-2.720421	-1.065591	-0.013397	0.065847	0.422533	0.986693	-0.031792993657290936	5.925925925925925e-05	0.4225284159183502
287280	-2.718865	-1.065117	-0.013022	0.065950	0.422689	0.987062	-0.03183482699096203	5.925925925925925e-05	0.4226856231689453
287400	-2.720103	-1.065005	-0.013101	0.065868	0.422806	0.986984	-0.031849762238562104	3.9506172839506166e-05	0.4228038489818573
287520	-2.720730	-1.064693	-0.012154	0.065827	0.423007	0.987919	-0.03187525421380997	3.9506172839506166e-05	0.42300426959991455
287640	-2.719992	-1.064351	-0.010879	0.065875	0.423208	0.989179	-0.03191378954797983	5.925925925925925e-05	0.4232066571712494
287760	-2.720713	-1.064386	-0.011133	0.065828	0.423239	0.988929	-0.031910724379122256	5.925925925925925e-05	0.42323556542396545
287880	-2.719850	-1.063314	-0.009336	0.065885	0.423702	0.990707	-0.032004795782268045	3.9506172839506166e-05	0.423702597618103
288000	-2.718528	-1.062457	-0.008778	0.065972	0.424117	0.991260	-0.03207604847848415	5.925925925925925e-05	0.4241134226322174
288120	-2.719645	-1.062129	-0.008524	0.065898	0.424319	0.991512	-0.03210147600620985	5.925925925925925e-05	0.424312025308609
288240	-2.718475	-1.061515	-0.006591	0.065975	0.424648	0.993431	-0.03216562625020743	5.925925925925925e-05	0.4246457815170288
288360	-2.718596	-1.060508	-0.005364	0.065967	0.425171	0.994651	-0.032247192598879336	3.9506172839506166e-05	0.4251667261123657
288480	-2.718744	-1.059918	-0.004037	0.065958	0.425490	0.995971	-0.032304655946791175	3.9506172839506166e-05	0.4254865348339081
288600	-2.718083	-1.059567	-0.002917	0.066001	0.425659	0.997087	-0.03233613651245833	2.6337448559670777e-05	0.4256553053855896
288720	-2.717039	-1.058989	-0.001978	0.066070	0.425894	0.998024	-0.03239247761666775	3.9506172839506166e-05	0.42589128017425537
288840	-2.717040	-1.058861	-0.001138	0.066070	0.425996	0.998862	-0.03240215834230185	1.7558299039780518e-05	0.4259929060935974
288960	-2.717608	-1.058282	-0.000891	0.066033	0.426268	0.999109	-0.03245980478823185	5.925925925925925e-05	0.42626744508743286
289080	-2.718657	-1.057573	0.001697	0.065963	0.426586	1.001699	-0.03252145405858755	3.9506172839506166e-05	0.4265851080417633
289200	-2.717967	-1.057616	0.003698	0.066009	0.426623	1.003705	-0.03251511342823506	5.925925925925925e-05	0.4266188144683838
289320	-2.718512	-1.057297	0.003608	0.065973	0.426775	1.003614	-0.03254651241004467	3.9506172839506166e-05	0.42677533626556396
289440	-2.717988	-1.056798	0.003965	0.066007	0.426938	1.003973	-0.03259451687335968	5.925925925925925e-05	0.4269391894340515
289560	-2.717730	-1.056935	0.004299	0.066024	0.426875	1.004308	-0.0325805900618434	3.9506172839506166e-05	0.42687565088272095
289680	-2.717899	-1.057150	0.005766	0.066013	0.426844	1.005782	-0.03255931194871664	3.9506172839506166e-05	0.42684170603752136
289800	-2.719211	-1.056898	0.006260	0.065927	0.426964	1.006280	-0.03258564881980419	3.9506172839506166e-05	0.42696478962898254
289920	-2.719667	-1.056538	0.007334	0.065897	0.427221	1.007361	-0.032617565058171746	5.925925925925925e-05	0.42722246050834656
290040	-2.719503	-1.056563	0.008794	0.065907	0.427351	1.008833	-0.032607008889317515	5.925925925925925e-05	0.4273468554019928
290160	-2.721532	-1.056453	0.007680	0.065774	0.427474	1.007709	-0.03261906877160072	5.925925925925925e-05	0.42746853828430176
290280	-2.722700	-1.056127	0.008237	0.065697	0.427699	1.008272	-0.03264993280172348	5.925925925925925e-05	0.42769655585289
290400	-2.722821	-1.055540	0.009267	0.065689	0.428005	1.009310	-0.03270399700850248	3.9506172839506166e-05	0.42800450325012207
290520	-2.721933	-1.055115	0.008898	0.065748	0.428169	1.008938	-0.032736305706202985	3.9506172839506166e-05	0.42816391587257385
290640	-2.721056	-1.054816	0.009705	0.065805	0.428269	1.009752	-0.03277145307511091	5.925925925925925e-05	0.4282684326171875
290760	-2.721891	-1.054607	0.011665	0.065750	0.428424	1.011733	-0.03278795536607504	5.925925925925925e-05	0.42842286825180054
290880	-2.721647	-1.054578	0.013410	0.065766	0.428512	1.013500	-0.03278589658439159	5.925925925925925e-05	0.4285063147544861
291000	-2.721744	-1.054362	0.014465	0.065760	0.428740	1.014570	-0.032813061773777005	3.9506172839506166e-05	0.4287419319152832
291120	-2.721171	-1.053887	0.015938	0.065798	0.428981	1.016066	-0.03284501787275076	3.9506172839506166e-05	0.42897486686706543
291240	-2.720520	-1.053366	0.016312	0.065840	0.429210	1.016446	-0.03288858961313963	5.925925925925925e-05	0.4292018711566925
291360	-2.720299	-1.052420	0.017014	0.065855	0.429573	1.017160	-0.03297765851020813	3.9506172839506166e-05	0.42956677079200745
291480	-2.719650	-1.051514	0.016782	0.065898	0.429913	1.016924	-0.033048666454851626	3.9506172839506166e-05	0.42990678548812866
291600	-2.720213	-1.050962	0.015456	0.065861	0.430103	1.015576	-0.033114075660705566	1.7558299039780518e-05	0.4301019310951233
291720	-2.720241	-1.050472	0.016268	0.065859	0.430347	1.016401	-0.03315081428736448	2.6337448559670777e-05	0.4303416609764099
291840	-2.720810	-1.049820	0.017420	0.065821	0.430653	1.017572	-0.03322117887437344	3.9506172839506166e-05	0.4306531846523285
291960	-2.721447	-1.049625	0.019609	0.065779	0.430794	1.019802	-0.03323714137077331	3.9506172839506166e-05	0.43079444766044617
292080	-2.720988	-1.049278	0.019361	0.065810	0.430901	1.019550	-0.03326936885714531	3.9506172839506166e-05	0.43090251088142395
292200	-2.719757	-1.049045	0.020345	0.065891	0.431036	1.020553	-0.03328331094235182	3.9506172839506166e-05	0.43103304505348206
292320	-2.720248	-1.048590	0.020514	0.065858	0.431271	1.020726	-0.03332352787256241	3.9506172839506166e-05	0.4312680661678314
292440	-2.719825	-1.048145	0.021433	0.065886	0.431490	1.021664	-0.033365688659250735	3.9506172839506166e-05	0.4314863681793213
292560	-2.720906	-1.048134	0.021563	0.065815	0.431551	1.021798	-0.03336838241666555	2.6337448559670777e-05	0.43154892325401306
292680	-2.720999	-1.047453	0.021954	0.065809	0.431877	1.022197	-0.03342927377671003	3.9506172839506166e-05	0.43187597393989563
292800	-2.721967	-1.047212	0.021846	0.065745	0.432055	1.022087	-0.03345622383058071	5.925925925925925e-05	0.43205586075782776
292920	-2.721712	-1.046832	0.020645	0.065762	0.432205	1.020860	-0.03348840307444334	5.925925925925925e-05	0.4322042763233185
293040	-2.720080	-1.046012	0.020944	0.065869	0.432598	1.021165	-0.0335509330034256	5.925925925925925e-05	0.4325900673866272
293160	-2.720373	-1.045462	0.021264	0.065850	0.432952	1.021492	-0.0336131589487195	8.888888888888888e-05	0.43295183777809143
293280	-2.719851	-1.045029	0.020661	0.065885	0.433102	1.020875	-0.033647448569536206	3.9506172839506166e-05	0.4330993890762329
293400	-2.720054	-1.044591	0.021222	0.065871	0.433314	1.021449	-0.03368286732584238	2.6337448559670777e-05	0.4333094656467438
293520	-2.720802	-1.044088	0.022518	0.065822	0.433577	1.022774	-0.03373068086802959	5.925925925925925e-05	0.4335747957229614
293640	-2.722512	-1.043370	0.024838	0.065709	0.433935	1.025149	-0.03379495441913605	5.925925925925925e-05	0.43393057584762573
293760	-2.724211	-1.042978	0.025255	0.065598	0.434232	1.025577	-0.033833513595163824	3.9506172839506166e-05	0.43423035740852356
293880	-2.724366	-1.042335	0.025115	0.065588	0.434540	1.025433	-0.033883070573210716	3.9506172839506166e-05	0.43453502655029297
294000	-2.723664	-1.041801	0.026071	0.065634	0.434896	1.026413	-0.03393730036914348	3.9506172839506166e-05	0.43489131331443787
294120	-2.724701	-1.041382	0.027008	0.065566	0.435212	1.027376	-0.03397814780473709	5.925925925925925e-05	0.4352138638496399
294240	-2.725676	-1.040915	0.026679	0.065502	0.435476	1.027038	-0.034016839042305944	5.925925925925925e-05	0.4354725480079651
294360	-2.725575	-1.040664	0.024528	0.065508	0.435531	1.024831	-0.034046626463532445	5.925925925925925e-05	0.4355318546295166
294480	-2.725796	-1.040447	0.025186	0.065494	0.435674	1.025506	-0.03406647611409426	5.925925925925925e-05	0.43567293882369995
294600	-2.725866	-1.039971	0.024563	0.065489	0.435945	1.024867	-0.03410728015005589	5.925925925925925e-05	0.43594393134117126
294720	-2.727786	-1.039570	0.025386	0.065364	0.436218	1.025711	-0.034135697036981584	5.925925925925925e-05	0.4362117350101471
294840	-2.726517	-1.038810	0.029869	0.065447	0.436747	1.030320	-0.03420582879334688	3.9506172839506166e-05	0.4367438554763794
294960	-2.726934	-1.038098	0.032787	0.065420	0.437256	1.033330	-0.034271085448563096	3.9506172839506166e-05	0.43725189566612244
295080	-2.727334	-1.037761	0.033911	0.065393	0.437473	1.034492	-0.03430227655917406	5.925925925925925e-05	0.4374723434448242
295200	-2.727205	-1.037001	0.035604	0.065402	0.437916	1.036245	-0.03436963129788637	5.925925925925925e-05	0.43791577219963074
295320	-2.725770	-1.036485	0.037301	0.065496	0.438200	1.038005	-0.034415763802826405	5.925925925925925e-05	0.43819665908813477
295440	-2.726805	-1.036315	0.039272	0.065428	0.438393	1.040053	-0.034436325542628765	5.925925925925925e-05	0.4383908808231354
295560	-2.727316	-1.035753	0.040420	0.065395	0.438755	1.041248	-0.0344901978969574	3.9506172839506166e-05	0.4387553930282593
295680	-2.727380	-1.035365	0.042211	0.065390	0.439041	1.043114	-0.03452428802847862	5.925925925925925e-05	0.4390403628349304
295800	-2.727336	-1.035629	0.042707	0.065393	0.438971	1.043633	-0.03450048416852951	5.925925925925925e-05	0.4389701783657074
295920	-2.727035	-1.035193	0.042305	0.065413	0.439093	1.043213	-0.03453548140823841	3.9506172839506166e-05	0.4390926659107208
296040	-2.728059	-1.035070	0.042942	0.065346	0.439261	1.043877	-0.034543438255786894	3.9506172839506166e-05	0.4392574429512024
296160	-2.726712	-1.034774	0.043791	0.065434	0.439464	1.044764	-0.03457835335284472	5.925925925925925e-05	0.439465194940567
296280	-2.729084	-1.034671	0.045914	0.065279	0.439664	1.046985	-0.03458278737962246	3.9506172839506166e-05	0.4396620988845825
296400	-2.729599	-1.034402	0.047475	0.065245	0.439809	1.048620	-0.03460511285811663	5.925925925925925e-05	0.439805805683136
296520	-2.729824	-1.034108	0.049026	0.065231	0.440054	1.050248	-0.03463905658572912	5.925925925925925e-05	0.4400538504123688
296640	-2.728861	-1.033722	0.050076	0.065294	0.440295	1.051351	-0.03466871213167906	2.6337448559670777e-05	0.44029372930526733
296760	-2.730210	-1.033746	0.049793	0.065206	0.440404	1.051054	-0.03467331659048796	5.925925925925925e-05	0.4404037296772003
296880	-2.730949	-1.033508	0.051089	0.065157	0.440606	1.052417	-0.03469021525233984	3.9506172839506166e-05	0.440605103969574
297000	-2.730460	-1.033351	0.052517	0.065189	0.440845	1.053921	-0.034700752794742586	3.9506172839506166e-05	0.44084247946739197
297120	-2.729430	-1.032417	0.053299	0.065256	0.441200	1.054745	-0.03477496542036533	5.925925925925925e-05	0.4411959648132324
297240	-2.731085	-1.032537	0.052308	0.065149	0.441164	1.053700	-0.034773151949048044	5.925925925925925e-05	0.4411604106426239
297360	-2.729968	-1.031942	0.053512	0.065221	0.441531	1.054969	-0.03482528254389763	3.9506172839506166e-05	0.4415295124053955
297480	-2.730639	-1.031779	0.054202	0.065178	0.441554	1.055698	-0.03484685197472572	5.925925925925925e-05	0.4415540099143982
297600	-2.729650	-1.030970	0.055541	0.065242	0.441933	1.057112	-0.03490922916680574	5.925925925925925e-05	0.44193223118782043
297720	-2.729315	-1.030714	0.056396	0.065264	0.442131	1.058017	-0.03493635188788176	3.9506172839506166e-05	0.4421288073062897
297840	-2.729652	-1.030611	0.056060	0.065242	0.442217	1.057661	-0.034942454844713214	3.9506172839506166e-05	0.44221243262290955
297960	-2.730470	-1.030377	0.056862	0.065189	0.442392	1.058510	-0.03496651686728001	2.6337448559670777e-05	0.44239118695259094
298080	-2.731610	-1.029713	0.058186	0.065114	0.442726	1.059912	-0.035021811909973624	5.925925925925925e-05	0.442722886800766
298200	-2.731514	-1.029646	0.058526	0.065121	0.442823	1.060272	-0.03503733482211828	3.9506172839506166e-05	0.442823588848114
298320	-2.731130	-1.029377	0.059282	0.065146	0.442911	1.061075	-0.035056759230792524	2.6337448559670777e-05	0.4429112672805786
298440	-2.731257	-1.029297	0.060851	0.065137	0.442967	1.062741	-0.03506274335086346	5.925925925925925e-05	0.4429638385772705
298560	-2.730957	-1.028615	0.062429	0.065157	0.443342	1.064419	-0.03512510489672423	5.925925925925925e-05	0.4433370530605316
298680	-2.731359	-1.028272	0.063104	0.065131	0.443650	1.065138	-0.035154514200985434	5.925925925925925e-05	0.44364604353904724
298800	-2.731602	-1.027924	0.066779	0.065115	0.443943	1.069059	-0.03517843373119831	3.9506172839506166e-05	0.44393354654312134
298920	-2.732092	-1.027642	0.066602	0.065083	0.444111	1.068870	-0.035213110782206056	5.925925925925925e-05	0.4441065788269043
299040	-2.733106	-1.027216	0.067652	0.065017	0.444455	1.069993	-0.035256603918969634	5.925925925925925e-05	0.4444550573825836
299160	-2.735193	-1.027325	0.069529	0.064882	0.444658	1.072003	-0.03525888081640005	8.888888888888888e-05	0.44466230273246765
299280	-2.738387	-1.027217	0.069080	0.064675	0.444849	1.071522	-0.03525424487888813	5.925925925925925e-05	0.4448488652706146
299400	-2.739988	-1.027112	0.068826	0.064571	0.444947	1.071250	-0.0352594954892993	5.925925925925925e-05	0.44494134187698364
299520	-2.739400	-1.026203	0.070676	0.064609	0.445436	1.073234	-0.03533279374241829	2.6337448559670777e-05	0.4454309344291687
299640	-2.738818	-1.025481	0.071031	0.064647	0.445831	1.073614	-0.035401692427694795	3.9506172839506166e-05	0.4458262622356415
299760	-2.738713	-1.025186	0.071416	0.064653	0.446003	1.074028	-0.035438379645347594	5.925925925925925e-05	0.4460025727748871
299880	-2.739252	-1.025035	0.071437	0.064619	0.446132	1.074051	-0.035451626591384414	5.925925925925925e-05	0.44613027572631836
300000	-2.739377	-1.024639	0.073415	0.064611	0.446352	1.076177	-0.03548269458115101	5.925925925925925e-05	0.4463503360748291
300120	-2.739329	-1.023698	0.075323	0.064614	0.446911	1.078232	-0.03556699864566326	5.925925925925925e-05	0.44690966606140137
300240	-2.741324	-1.023816	0.075404	0.064485	0.446997	1.078320	-0.035561672411859035	3.9506172839506166e-05	0.44699615240097046
300360	-2.743032	-1.023912	0.076097	0.064375	0.447111	1.079067	-0.03555132020264864	5.925925925925925e-05	0.4471080005168915
300480	-2.743104	-1.023928	0.075368	0.064370	0.447016	1.078281	-0.03555715922266245	5.925925925925925e-05	0.4470186233520508
300600	-2.744449	-1.023939	0.076254	0.064284	0.447066	1.079236	-0.035553022660315035	5.925925925925925e-05	0.44706663489341736
300720	-2.744312	-1.023806	0.077893	0.064293	0.447241	1.081007	-0.035560103692114355	5.925925925925925e-05	0.4472406208515167
300840	-2.743691	-1.023696	0.080828	0.064332	0.447367	1.084185	-0.03557071220129728	5.925925925925925e-05	0.4473666846752167
300960	-2.743145	-1.023364	0.083208	0.064368	0.447569	1.086768	-0.03560070712119341	5.925925925925925e-05	0.4475671648979187
301080	-2.745606	-1.023164	0.085209	0.064209	0.447850	1.088944	-0.035616031102836135	5.925925925925925e-05	0.44784635305404663
301200	-2.744698	-1.023100	0.083250	0.064268	0.447894	1.086814	-0.035619455575942996	3.9506172839506166e-05	0.44789040088653564
301320	-2.744825	-1.022223	0.084341	0.064260	0.448314	1.088000	-0.035692263022065164	3.9506172839506166e-05	0.4483102858066559
301440	-2.745371	-1.021670	0.085998	0.064224	0.448651	1.089804	-0.0357499610632658	5.925925925925925e-05	0.4486500322818756
301560	-2.743737	-1.021706	0.085886	0.064329	0.448678	1.089682	-0.0357452355325222	2.6337448559670777e-05	0.4486740529537201
301680	-2.743046	-1.021320	0.085777	0.064374	0.448856	1.089563	-0.03578975088894367	3.9506172839506166e-05	0.4488576352596283
301800	-2.743418	-1.020854	0.086742	0.064350	0.449035	1.090615	-0.03582226391881704	1.7558299039780518e-05	0.44903141260147095
301920	-2.743642	-1.020417	0.088571	0.064336	0.449355	1.092612	-0.03585834447294474	1.7558299039780518e-05	0.44935205578804016
302040	-2.742979	-1.019958	0.090018	0.064378	0.449566	1.094194	-0.035904984921216965	2.6337448559670777e-05	0.4495641887187958
302160	-2.742974	-1.019877	0.089712	0.064379	0.449558	1.093859	-0.03591328673064709	3.9506172839506166e-05	0.44955646991729736
302280	-2.741521	-1.019061	0.092945	0.064472	0.450062	1.097401	-0.03598210327327252	5.925925925925925e-05	0.45005860924720764
302400	-2.739783	-1.018569	0.094487	0.064584	0.450342	1.099095	-0.036030237749218944	5.925925925925925e-05	0.4503423273563385
302520	-2.738270	-1.017881	0.096271	0.064682	0.450695	1.101058	-0.036090956255793574	5.925925925925925e-05	0.4506939947605133
302640	-2.737880	-1.017023	0.097758	0.064707	0.451161	1.102696	-0.03616041913628578	5.925925925925925e-05	0.4511565566062927
302760	-2.737573	-1.016165	0.100012	0.064727	0.451635	1.105184	-0.03624355755746365	3.9506172839506166e-05	0.4516317844390869
302880	-2.736835	-1.015519	0.099458	0.064775	0.451923	1.104572	-0.036303712800145146	2.6337448559670777e-05	0.45191994309425354
303000	-2.737443	-1.014808	0.099714	0.064736	0.452267	1.104855	-0.03636770490556955	2.6337448559670777e-05	0.4522664546966553
303120	-2.735747	-1.014291	0.101326	0.064846	0.452567	1.106638	-0.03641474917531014	2.6337448559670777e-05	0.45256465673446655
303240	-2.735424	-1.013687	0.101897	0.064866	0.452856	1.107270	-0.03646493405103683	3.9506172839506166e-05	0.45285412669181824
303360	-2.734756	-1.012917	0.103370	0.064910	0.453250	1.108902	-0.036537533067166804	3.9506172839506166e-05	0.45324763655662537
303480	-2.733907	-1.012534	0.104489	0.064965	0.453438	1.110143	-0.036572528257966044	3.9506172839506166e-05	0.4534354507923126
303600	-2.733831	-1.012173	0.104331	0.064970	0.453585	1.109968	-0.03661021813750267	3.9506172839506166e-05	0.45358744263648987
303720	-2.732941	-1.011852	0.105020	0.065028	0.453707	1.110733	-0.036629180796444415	3.9506172839506166e-05	0.45370203256607056
303840	-2.732274	-1.011073	0.106043	0.065071	0.454070	1.111870	-0.03670798446983099	2.6337448559670777e-05	0.45406991243362427
303960	-2.731699	-1.010476	0.106799	0.065109	0.454390	1.112711	-0.03674670606851578	3.9506172839506166e-05	0.4543806314468384
304080	-2.731692	-1.009924	0.108030	0.065109	0.454719	1.114082	-0.03680413383990526	5.925925925925925e-05	0.4547135531902313
304200	-2.732598	-1.009354	0.109761	0.065050	0.455135	1.116011	-0.0368593355640769	3.9506172839506166e-05	0.455132395029068
304320	-2.731909	-1.008720	0.111080	0.065095	0.455402	1.117484	-0.036916705593466756	2.6337448559670777e-05	0.455402135848999
304440	-2.729329	-1.008110	0.111230	0.065263	0.455600	1.117652	-0.03697107434272766	5.925925925925925e-05	0.45559778809547424
304560	-2.728392	-1.007636	0.111732	0.065324	0.455763	1.118213	-0.03701430130749941	3.9506172839506166e-05	0.45576125383377075
304680	-2.727432	-1.006484	0.113695	0.065387	0.456299	1.120410	-0.03710896484553814	3.9506172839506166e-05	0.4562917947769165
304800	-2.726828	-1.005911	0.113549	0.065427	0.456567	1.120247	-0.03716496918350458	2.6337448559670777e-05	0.4565633237361908
304920	-2.725808	-1.005470	0.115117	0.065493	0.456835	1.122004	-0.037211868725717065	3.9506172839506166e-05	0.45683610439300537
305040	-2.725390	-1.004512	0.116905	0.065521	0.457360	1.124013	-0.03729146830737591	3.9506172839506166e-05	0.4573570489883423
305160	-2.726008	-1.004283	0.117971	0.065480	0.457518	1.125211	-0.03731677792966366	8.888888888888888e-05	0.45751577615737915
305280	-2.726226	-1.003984	0.116912	0.065466	0.457695	1.124021	-0.03734167777001858	5.925925925925925e-05	0.4576902389526367
305400	-2.726433	-1.003659	0.118954	0.065452	0.457916	1.126318	-0.03737211246043444	1.7558299039780518e-05	0.45791491866111755
305520	-2.726320	-1.003195	0.120528	0.065460	0.458150	1.128093	-0.03741514924913645	3.9506172839506166e-05	0.45814862847328186
305640	-2.725681	-1.002478	0.122016	0.065502	0.458514	1.129772	-0.03747176229953766	2.6337448559670777e-05	0.45851221680641174
305760	-2.725212	-1.001810	0.122719	0.065532	0.458856	1.130566	-0.03753118794411421	5.925925925925925e-05	0.4588523805141449
305880	-2.724096	-1.001428	0.123689	0.065606	0.459054	1.131664	-0.037571229971945286	5.925925925925925e-05	0.4590485095977783
306000	-2.723750	-1.000220	0.125855	0.065628	0.459771	1.134118	-0.03767807595431805	5.925925925925925e-05	0.4597659111022949
306120	-2.723805	-0.999512	0.127345	0.065625	0.460189	1.135809	-0.03773961141705513	2.6337448559670777e-05	0.46018537878990173
306240	-2.723250	-0.999495	0.128980	0.065661	0.460288	1.137668	-0.037753679789602757	3.9506172839506166e-05	0.4602893888950348
306360	-2.723234	-0.998863	0.130060	0.065662	0.460569	1.138896	-0.03779284302145243	5.925925925925925e-05	0.460560142993927
306480	-2.722620	-0.998071	0.131456	0.065702	0.460989	1.140488	-0.03786992598325014	3.9506172839506166e-05	0.4609856605529785
306600	-2.722324	-0.997460	0.132267	0.065722	0.461276	1.141413	-0.03792583048343658	2.6337448559670777e-05	0.46127215027809143
306720	-2.721311	-0.996679	0.132277	0.065788	0.461586	1.141424	-0.038002283126115796	5.925925925925925e-05	0.461586594581604
306840	-2.719808	-0.996278	0.133127	0.065887	0.461727	1.142395	-0.03803618252277374	2.6337448559670777e-05	0.46172642707824707
306960	-2.718999	-0.995683	0.132305	0.065941	0.461996	1.141456	-0.03808140009641647	2.6337448559670777e-05	0.46199268102645874
307080	-2.716908	-0.995231	0.131856	0.066079	0.462147	1.140944	-0.03812638688832522	3.9506172839506166e-05	0.46214279532432556
307200	-2.717405	-0.995134	0.133002	0.066046	0.462326	1.142253	-0.038141151703894136	5.925925925925925e-05	0.46232444047927856
307320	-2.717949	-0.994808	0.134554	0.066010	0.462592	1.144027	-0.03817446380853653	5.925925925925925e-05	0.4625927209854126
307440	-2.718935	-0.994503	0.135596	0.065945	0.462890	1.145219	-0.03819490224123001	3.9506172839506166e-05	0.46288537979125977
307560	-2.718021	-0.993894	0.135748	0.066005	0.463172	1.145394	-0.03823618069291115	3.9506172839506166e-05	0.46316367387771606
307680	-2.718221	-0.993286	0.136794	0.065992	0.463465	1.146592	-0.03831261619925499	5.925925925925925e-05	0.4634654223918915
307800	-2.718729	-0.992613	0.136494	0.065959	0.463757	1.146248	-0.03836298994719982	2.6337448559670777e-05	0.46375522017478943
307920	-2.718108	-0.991785	0.138760	0.065999	0.464135	1.148849	-0.038438877649605276	2.6337448559670777e-05	0.46413421630859375
308040	-2.717742	-0.991122	0.139798	0.066024	0.464373	1.150042	-0.03849209453910589	2.6337448559670777e-05	0.46436846256256104
308160	-2.717978	-0.990403	0.140863	0.066008	0.464734	1.151267	-0.03856217488646507	1.7558299039780518e-05	0.4647311270236969
308280	-2.718397	-0.990200	0.142073	0.065980	0.464883	1.152661	-0.03858895860612392	3.9506172839506166e-05	0.464883953332901
308400	-2.717486	-0.989777	0.142964	0.066041	0.465096	1.153689	-0.03862421922385693	2.6337448559670777e-05	0.4650963246822357
308520	-2.716823	-0.989161	0.144467	0.066084	0.465431	1.155423	-0.038670389726758	3.9506172839506166e-05	0.4654253125190735
308640	-2.716073	-0.988045	0.145080	0.066134	0.465981	1.156132	-0.03876182120293379	3.9506172839506166e-05	0.4659692645072937
308760	-2.715439	-0.987102	0.145649	0.066176	0.466446	1.156790	-0.038860261999070646	2.6337448559670777e-05	0.4664444923400879
308880	-2.714621	-0.986475	0.146085	0.066230	0.466713	1.157295	-0.03891711477190256	3.9506172839506166e-05	0.4667092561721802
309000	-2.715927	-0.986211	0.145973	0.066144	0.466925	1.157165	-0.03893948048353195	3.9506172839506166e-05	0.4669211804866791
309120	-2.714947	-0.985575	0.145149	0.066208	0.467173	1.156212	-0.03899055439978838	5.925925925925925e-05	0.4671703279018402
309240	-2.714068	-0.985005	0.147490	0.066267	0.467502	1.158921	-0.03904867395758629	5.925925925925925e-05	0.46749985218048096
309360	-2.714280	-0.984473	0.148396	0.066253	0.467801	1.159973	-0.03909920491278172	2.6337448559670777e-05	0.4678003191947937
309480	-2.715405	-0.984084	0.149514	0.066178	0.468058	1.161270	-0.03913594000041485	2.6337448559670777e-05	0.46805670857429504
309600	-2.717543	-0.983911	0.151163	0.066037	0.468254	1.163186	-0.03914579022675753	5.925925925925925e-05	0.4682529866695404
309720	-2.718249	-0.983655	0.150454	0.065990	0.468433	1.162362	-0.039169201627373695	8.888888888888888e-05	0.4684314429759979
309840	-2.717869	-0.983000	0.152384	0.066015	0.468882	1.164607	-0.03923398554325104	3.9506172839506166e-05	0.46887925267219543
309960	-2.718242	-0.982760	0.154077	0.065991	0.469167	1.166580	-0.03925353456288576	3.9506172839506166e-05	0.46916526556015015
310080	-2.717500	-0.981959	0.154540	0.066040	0.469513	1.167121	-0.03932239450514317	1.7558299039780518e-05	0.4695117175579071
310200	-2.717363	-0.981471	0.155357	0.066049	0.469738	1.168075	-0.03936995416879654	3.9506172839506166e-05	0.4697376787662506
310320	-2.717554	-0.981300	0.155204	0.066036	0.469827	1.167897	-0.03938214648514986	5.925925925925925e-05	0.4698231816291809
310440	-2.719111	-0.981133	0.155404	0.065933	0.469914	1.168130	-0.03941190410405397	5.925925925925925e-05	0.4699186682701111
310560	-2.720252	-0.980813	0.156447	0.065858	0.470183	1.169349	-0.039416125044226646	5.925925925925925e-05	0.47017115354537964
310680	-2.719690	-0.980105	0.157873	0.065895	0.470592	1.171018	-0.03948647882789373	3.9506172839506166e-05	0.47058749198913574
310800	-2.718850	-0.979236	0.158222	0.065951	0.470976	1.171426	-0.03957017343491316	2.6337448559670777e-05	0.4709760248661041
310920	-2.718101	-0.978704	0.158010	0.066000	0.471183	1.171178	-0.03961353786289692	5.925925925925925e-05	0.47117817401885986
311040	-2.716868	-0.978516	0.160192	0.066081	0.471395	1.173736	-0.03963839374482632	5.925925925925925e-05	0.47139501571655273
311160	-2.717394	-0.978437	0.161743	0.066047	0.471593	1.175559	-0.039650529809296134	5.925925925925925e-05	0.47159767150878906
311280	-2.718202	-0.978324	0.162376	0.065993	0.471644	1.176302	-0.039658147096633914	5.925925925925925e-05	0.4716462790966034
311400	-2.717653	-0.978004	0.162951	0.066030	0.471776	1.176979	-0.03967578355222941	5.925925925925925e-05	0.4717720150947571
311520	-2.717052	-0.977270	0.163454	0.066069	0.472141	1.177571	-0.039745370484888555	5.925925925925925e-05	0.4721413850784302
311640	-2.717034	-0.976363	0.164463	0.066070	0.472588	1.178760	-0.03982451613992453	2.6337448559670777e-05	0.4725835621356964
311760	-2.716841	-0.975989	0.164074	0.066083	0.472842	1.178302	-0.03986488748341799	3.9506172839506166e-05	0.4728415608406067
311880	-2.717384	-0.975546	0.165761	0.066047	0.473141	1.180290	-0.03990468550473451	2.6337448559670777e-05	0.4731394350528717
312000	-2.716044	-0.974712	0.167606	0.066136	0.473607	1.182470	-0.039974352531135085	5.925925925925925e-05	0.4736028015613556
312120	-2.715174	-0.974097	0.168727	0.066193	0.473910	1.183797	-0.04003136176615953	2.6337448559670777e-05	0.4739067554473877
312240	-2.717240	-0.973892	0.170495	0.066057	0.474140	1.185891	-0.040054607577621935	5.925925925925925e-05	0.4741390347480774
312360	-2.716907	-0.973764	0.170887	0.066079	0.474272	1.186357	-0.040062344074249266	3.9506172839506166e-05	0.4742688238620758
312480	-2.716043	-0.972899	0.172088	0.066136	0.474676	1.187783	-0.04012780450284481	3.9506172839506166e-05	0.47466880083084106
312600	-2.717147	-0.972522	0.173117	0.066063	0.474892	1.189005	-0.04017353560775518	1.7558299039780518e-05	0.47489026188850403
312720	-2.715378	-0.971877	0.173616	0.066180	0.475176	1.189599	-0.04023094084113836	1.7558299039780518e-05	0.47517508268356323
312840	-2.715391	-0.971274	0.174713	0.066179	0.475526	1.190905	-0.040280704759061335	2.6337448559670777e-05	0.4755204916000366
312960	-2.714892	-0.970473	0.174690	0.066212	0.475919	1.190876	-0.04035796448588371	3.9506172839506166e-05	0.4759172797203064
313080	-2.714685	-0.969866	0.174264	0.066226	0.476246	1.190369	-0.04040740262717009	2.6337448559670777e-05	0.47624316811561584
313200	-2.716116	-0.969813	0.175154	0.066131	0.476391	1.191429	-0.04042179174721241	3.9506172839506166e-05	0.4763889014720917
313320	-2.716041	-0.969531	0.176275	0.066136	0.476518	1.192766	-0.04044362623244524	3.9506172839506166e-05	0.4765164852142334
313440	-2.717102	-0.969035	0.176875	0.066066	0.476908	1.193482	-0.040484345704317096	5.925925925925925e-05	0.4769017994403839
313560	-2.717082	-0.968406	0.177929	0.066067	0.477261	1.194741	-0.04055064395070076	3.9506172839506166e-05	0.4772643446922302
313680	-2.715642	-0.967535	0.177482	0.066162	0.477630	1.194207	-0.04062339700758457	3.9506172839506166e-05	0.4776291251182556
313800	-2.713643	-0.966654	0.178522	0.066295	0.478047	1.195449	-0.04069762621074915	3.9506172839506166e-05	0.4780427813529968
313920	-2.714750	-0.966160	0.179854	0.066222	0.478378	1.197043	-0.04074404034763575	2.6337448559670777e-05	0.47837337851524353
314040	-2.715722	-0.965591	0.181829	0.066157	0.478822	1.199409	-0.04079617988318205	3.9506172839506166e-05	0.4788190424442291
314160	-2.714551	-0.965143	0.182260	0.066235	0.479035	1.199926	-0.04083880800753832	3.9506172839506166e-05	0.4790356159210205
314280	-2.714565	-0.964421	0.182770	0.066234	0.479406	1.200538	-0.040902022086083886	3.9506172839506166e-05	0.47940346598625183
314400	-2.715523	-0.963793	0.184400	0.066170	0.479865	1.202497	-0.0409561537206173	5.925925925925925e-05	0.4798598289489746
314520	-2.716038	-0.963720	0.185021	0.066136	0.480035	1.203243	-0.0409669928252697	5.925925925925925e-05	0.4800301194190979
314640	-2.714979	-0.962658	0.185925	0.066206	0.480572	1.204332	-0.041060733050107955	3.9506172839506166e-05	0.4805709719657898
314760	-2.714961	-0.962003	0.186915	0.066208	0.480933	1.205525	-0.04112308360636234	2.6337448559670777e-05	0.48093196749687195
314880	-2.715206	-0.961219	0.188663	0.066191	0.481400	1.207634	-0.0411830510944128	5.925925925925925e-05	0.4813918471336365
315000	-2.714797	-0.960543	0.188967	0.066218	0.481779	1.208001	-0.04124819803982973	2.6337448559670777e-05	0.4817754626274109
315120	-2.714660	-0.959946	0.189735	0.066227	0.482131	1.208930	-0.041302000544965266	3.9506172839506166e-05	0.48212677240371704
315240	-2.713511	-0.959520	0.191068	0.066304	0.482350	1.210542	-0.04133628085255623	5.925925925925925e-05	0.4823445677757263
315360	-2.712982	-0.958912	0.191878	0.066339	0.482706	1.211523	-0.04139382094144821	3.9506172839506166e-05	0.48270106315612793
315480	-2.713890	-0.958483	0.194133	0.066278	0.483079	1.214257	-0.04142821654677391	5.925925925925925e-05	0.48306843638420105
315600	-2.713405	-0.957582	0.196825	0.066311	0.483631	1.217531	-0.041508841514587405	3.9506172839506166e-05	0.4836222231388092
315720	-2.714556	-0.956890	0.198461	0.066234	0.484141	1.219524	-0.04158104434609413	2.6337448559670777e-05	0.4841363728046417
315840	-2.714632	-0.956364	0.199142	0.066229	0.484451	1.220356	-0.04162726849317551	5.925925925925925e-05	0.48444804549217224
315960	-2.713725	-0.956026	0.200404	0.066289	0.484634	1.221896	-0.04165609143674374	3.9506172839506166e-05	0.4846297800540924
316080	-2.712956	-0.955289	0.200553	0.066340	0.485062	1.222079	-0.04171832613646984	5.925925925925925e-05	0.48505592346191406
316200	-2.713051	-0.954715	0.202980	0.066334	0.485425	1.225047	-0.041776873730123044	3.9506172839506166e-05	0.4854225516319275
316320	-2.712207	-0.953866	0.205768	0.066390	0.485935	1.228468	-0.04185654427856207	3.9506172839506166e-05	0.4859340786933899
316440	-2.713201	-0.953990	0.207068	0.066324	0.486045	1.230066	-0.04185001701116562	5.925925925925925e-05	0.4860457479953766
316560	-2.712912	-0.953792	0.207662	0.066343	0.486186	1.230797	-0.041857304610311986	3.9506172839506166e-05	0.4861831068992615
316680	-2.712788	-0.953332	0.207368	0.066352	0.486381	1.230435	-0.0418986963108182	5.925925925925925e-05	0.4863784611225128
316800	-2.712264	-0.952297	0.209239	0.066386	0.486922	1.232740	-0.04199080523103475	3.9506172839506166e-05	0.48691847920417786
316920	-2.712176	-0.951908	0.208047	0.066392	0.487137	1.231271	-0.042029953189194204	3.9506172839506166e-05	0.4871341288089752
317040	-2.712178	-0.951591	0.208906	0.066392	0.487380	1.232329	-0.04206363875418902	5.925925925925925e-05	0.48738229274749756
317160	-2.711512	-0.951076	0.210256	0.066436	0.487687	1.233994	-0.04211484044790268	3.9506172839506166e-05	0.4876914322376251
317280	-2.712824	-0.951266	0.211514	0.066349	0.487709	1.235547	-0.04208445120602846	5.925925925925925e-05	0.4877011775970459
317400	-2.713465	-0.950778	0.211193	0.066307	0.487975	1.235150	-0.04213191196322441	3.9506172839506166e-05	0.48797228932380676
317520	-2.713100	-0.950631	0.212386	0.066331	0.488144	1.236625	-0.04214658290147781	3.9506172839506166e-05	0.4881444573402405
317640	-2.713064	-0.950572	0.211101	0.066333	0.488163	1.235037	-0.04215138237923384	5.925925925925925e-05	0.48816031217575073
317760	-2.712775	-0.950084	0.212653	0.066352	0.488540	1.236955	-0.04219062775373459	5.925925925925925e-05	0.4885360896587372
317880	-2.713684	-0.949877	0.213351	0.066292	0.488658	1.237819	-0.042218759469687936	3.9506172839506166e-05	0.48866036534309387
318000	-2.713830	-0.949462	0.213374	0.066282	0.488846	1.237848	-0.042242220416665074	3.9506172839506166e-05	0.48884347081184387
318120	-2.711823	-0.948768	0.215013	0.066416	0.489186	1.239877	-0.04231539443135261	2.6337448559670777e-05	0.4891870319843292
318240	-2.713450	-0.948158	0.217018	0.066308	0.489641	1.242366	-0.04236443769186735	3.9506172839506166e-05	0.4896393418312073
318360	-2.712502	-0.947745	0.216687	0.066371	0.489842	1.241955	-0.04240307155996561	2.6337448559670777e-05	0.48984137177467346
318480	-2.712887	-0.947351	0.215445	0.066345	0.489987	1.240413	-0.042442408949136735	3.9506172839506166e-05	0.4899879992008209
318600	-2.713737	-0.947177	0.216232	0.066289	0.490183	1.241391	-0.04246248062700033	5.925925925925925e-05	0.49018654227256775
318720	-2.713214	-0.946789	0.216760	0.066323	0.490369	1.242046	-0.04248361624777317	5.925925925925925e-05	0.4903610646724701
318840	-2.712083	-0.946433	0.218107	0.066398	0.490677	1.243721	-0.04252494815737009	5.925925925925925e-05	0.49067726731300354
318960	-2.710920	-0.945175	0.220469	0.066476	0.491346	1.246661	-0.04262948017567396	2.6337448559670777e-05	0.491342693567276
319080	-2.710985	-0.944473	0.221396	0.066471	0.491764	1.247817	-0.0426968190819025	3.9506172839506166e-05	0.49176025390625
319200	-2.709634	-0.943720	0.221697	0.066561	0.492099	1.248193	-0.042760605178773406	5.925925925925925e-05	0.4920966923236847
319320	-2.708934	-0.943631	0.222623	0.066608	0.492086	1.249350	-0.042780118994414806	3.9506172839506166e-05	0.49208834767341614
319440	-2.708984	-0.943009	0.222655	0.066604	0.492465	1.249390	-0.04282542560249567	3.9506172839506166e-05	0.4924619495868683
319560	-2.707504	-0.942374	0.224721	0.066703	0.492832	1.251973	-0.042886788956820965	5.925925925925925e-05	0.4928307831287384
319680	-2.708611	-0.941822	0.226851	0.066629	0.493259	1.254643	-0.042942374385893343	5.925925925925925e-05	0.49326226115226746
319800	-2.709050	-0.941241	0.228099	0.066600	0.493498	1.256210	-0.0429909884929657	5.925925925925925e-05	0.4934989809989929
319920	-2.707460	-0.940503	0.228694	0.066706	0.493932	1.256958	-0.043056553788483144	5.925925925925925e-05	0.49393001198768616
320040	-2.707964	-0.940204	0.231252	0.066672	0.494307	1.260177	-0.04308268614113331	5.925925925925925e-05	0.49430134892463684
320160	-2.708083	-0.939826	0.233459	0.066665	0.494649	1.262962	-0.043113790825009345	3.9506172839506166e-05	0.494645893573761
320280	-2.709954	-0.939218	0.233646	0.066540	0.494982	1.263197	-0.04317155946046114	5.925925925925925e-05	0.4949812889099121
320400	-2.710144	-0.939155	0.234403	0.066527	0.494958	1.264154	-0.04317708052694798	5.925925925925925e-05	0.4949546456336975
320520	-2.711863	-0.939004	0.236620	0.066413	0.495232	1.266960	-0.04319378379732371	5.925925925925925e-05	0.4952285587787628
320640	-2.712334	-0.938883	0.238080	0.066382	0.495457	1.268811	-0.04320329669862986	3.9506172839506166e-05	0.49545547366142273
320760	-2.713359	-0.938415	0.239384	0.066314	0.495851	1.270467	-0.04324057828634977	5.925925925925925e-05	0.49584659934043884
320880	-2.713842	-0.938169	0.239537	0.066282	0.495984	1.270660	-0.04327163714915514	3.9506172839506166e-05	0.49598485231399536
321000	-2.713407	-0.937674	0.240575	0.066311	0.496151	1.271980	-0.043316055275499823	3.9506172839506166e-05	0.49615171551704407
321120	-2.713126	-0.937730	0.241011	0.066329	0.496108	1.272535	-0.04330456778407097	3.9506172839506166e-05	0.4961049258708954
321240	-2.712584	-0.937716	0.240612	0.066365	0.496175	1.272027	-0.04330861363559961	5.925925925925925e-05	0.49617502093315125
321360	-2.712168	-0.937660	0.240422	0.066393	0.496230	1.271785	-0.04331442527472973	5.925925925925925e-05	0.4962303340435028
321480	-2.711362	-0.937038	0.241114	0.066446	0.496532	1.272666	-0.04336690753698349	3.9506172839506166e-05	0.49653083086013794
321600	-2.711765	-0.936009	0.242149	0.066420	0.497086	1.273984	-0.043460545130074024	2.6337448559670777e-05	0.4970844089984894
321720	-2.711998	-0.935751	0.241689	0.066404	0.497274	1.273398	-0.043479120917618276	5.925925925925925e-05	0.49727246165275574
321840	-2.711132	-0.935265	0.242720	0.066462	0.497528	1.274712	-0.043530005030333996	3.9506172839506166e-05	0.4975278079509735
321960	-2.711680	-0.935025	0.243175	0.066425	0.497700	1.275292	-0.043551487103104594	3.9506172839506166e-05	0.49769535660743713
322080	-2.711863	-0.934328	0.244833	0.066413	0.498074	1.277408	-0.04360329266637564	1.7558299039780518e-05	0.49806857109069824
322200	-2.710905	-0.933777	0.246799	0.066477	0.498391	1.279922	-0.04365863334387541	3.9506172839506166e-05	0.49838870763778687
322320	-2.712175	-0.933242	0.247317	0.066392	0.498770	1.280585	-0.043710828945040706	3.9506172839506166e-05	0.49876827001571655
322440	-2.712914	-0.933148	0.247100	0.066343	0.498939	1.280307	-0.04371974729001522	3.9506172839506166e-05	0.4989338517189026
322560	-2.714575	-0.932663	0.248576	0.066233	0.499332	1.282198	-0.04375460669398308	5.925925925925925e-05	0.49932387471199036
322680	-2.713207	-0.931901	0.249710	0.066324	0.499695	1.283652	-0.04382796436548233	3.9506172839506166e-05	0.49969062209129333
322800	-2.711949	-0.930997	0.250123	0.066407	0.500083	1.284184	-0.04391193389892578	2.6337448559670777e-05	0.5000830888748169
322920	-2.711713	-0.930627	0.251520	0.066423	0.500264	1.285979	-0.043942369520664215	5.925925925925925e-05	0.5002620220184326
323040	-2.712200	-0.930056	0.252899	0.066391	0.500565	1.287753	-0.04399962443858385	5.925925925925925e-05	0.500566303730011
323160	-2.712094	-0.929560	0.253070	0.066398	0.500789	1.287973	-0.044045799784362315	5.925925925925925e-05	0.50078946352005
323280	-2.711959	-0.929085	0.256004	0.066407	0.501129	1.291757	-0.04408093336969614	5.925925925925925e-05	0.501125156879425
323400	-2.710642	-0.928503	0.256907	0.066494	0.501414	1.292925	-0.04413544666022062	1.7558299039780518e-05	0.5014126300811768
323520	-2.710729	-0.927810	0.256622	0.066488	0.501769	1.292556	-0.04418715424835682	3.9506172839506166e-05	0.5017596483230591
323640	-2.710888	-0.927582	0.257109	0.066478	0.501946	1.293186	-0.04422112125903368	3.9506172839506166e-05	0.5019440650939941
323760	-2.712935	-0.927568	0.258815	0.066342	0.502104	1.295394	-0.04421507623046637	5.925925925925925e-05	0.5020947456359863
323880	-2.712911	-0.927264	0.259109	0.066343	0.502322	1.295775	-0.04424479566514492	5.925925925925925e-05	0.5023195743560791
324000	-2.712873	-0.926395	0.261554	0.066346	0.502782	1.298947	-0.044321068190038206	5.925925925925925e-05	0.5027788281440735
324120	-2.713063	-0.925921	0.262471	0.066333	0.503015	1.300139	-0.04436835348606109	5.925925925925925e-05	0.5030121803283691
324240	-2.712233	-0.925617	0.262716	0.066388	0.503199	1.300457	-0.04439966604113579	3.9506172839506166e-05	0.5031999349594116
324360	-2.713037	-0.925345	0.264268	0.066335	0.503416	1.302478	-0.0444154167547822	2.6337448559670777e-05	0.5034134984016418
324480	-2.713398	-0.924861	0.267521	0.066311	0.503825	1.306721	-0.04446035102009773	5.925925925925925e-05	0.5038185715675354
324600	-2.715123	-0.924706	0.267374	0.066197	0.504018	1.306528	-0.04448407273739576	3.9506172839506166e-05	0.5040174722671509
324720	-2.718677	-0.924586	0.270546	0.065962	0.504350	1.310680	-0.04448945503681898	5.925925925925925e-05	0.5043469071388245
324840	-2.718737	-0.923941	0.272778	0.065958	0.504841	1.313608	-0.04453867580741644	3.9506172839506166e-05	0.5048344135284424
324960	-2.719166	-0.923326	0.275590	0.065930	0.505250	1.317308	-0.04460171367973089	3.9506172839506166e-05	0.5052469968795776
325080	-2.720714	-0.923000	0.274806	0.065828	0.505451	1.316276	-0.04462442565709353	5.925925925925925e-05	0.505443811416626
325200	-2.720768	-0.922558	0.276346	0.065824	0.505786	1.318304	-0.044677923619747165	5.925925925925925e-05	0.5057895183563232
325320	-2.720017	-0.921991	0.274933	0.065874	0.506154	1.316443	-0.04472456872463226	2.6337448559670777e-05	0.5061528086662292
325440	-2.719998	-0.921516	0.275125	0.065875	0.506419	1.316696	-0.04476571064442396	2.6337448559670777e-05	0.5064179301261902
325560	-2.718483	-0.920540	0.275052	0.065975	0.506906	1.316599	-0.044843499176204206	3.9506172839506166e-05	0.5069002509117126
325680	-2.719027	-0.920098	0.276569	0.065939	0.507281	1.318597	-0.044890419021248816	5.925925925925925e-05	0.5072726011276245
325800	-2.719630	-0.919957	0.278513	0.065899	0.507515	1.321163	-0.04490699265152216	5.925925925925925e-05	0.5075138807296753
325920	-2.719084	-0.919841	0.278716	0.065935	0.507578	1.321432	-0.04491409733891487	5.925925925925925e-05	0.5075768232345581
326040	-2.718962	-0.919061	0.279408	0.065943	0.507983	1.322347	-0.0449860131368041	5.925925925925925e-05	0.5079830884933472
326160	-2.719467	-0.918644	0.279572	0.065910	0.508188	1.322563	-0.04502658117562532	3.9506172839506166e-05	0.5081874132156372
326280	-2.720589	-0.918182	0.279988	0.065836	0.508455	1.323115	-0.04506211187690497	5.925925925925925e-05	0.5084497928619385
326400	-2.722538	-0.917554	0.282097	0.065708	0.508881	1.325908	-0.0451172960922122	5.925925925925925e-05	0.5088772773742676
326520	-2.723419	-0.917084	0.283907	0.065650	0.509229	1.328310	-0.045171677507460116	5.925925925925925e-05	0.5092290043830872
326640	-2.721688	-0.915823	0.286004	0.065764	0.509911	1.331097	-0.045274287834763526	5.925925925925925e-05	0.509905219078064
326760	-2.721862	-0.915492	0.287495	0.065752	0.510187	1.333084	-0.045307493582367894	3.9506172839506166e-05	0.5101838707923889
326880	-2.721472	-0.914292	0.290340	0.065778	0.510912	1.336882	-0.04541097097098827	3.9506172839506166e-05	0.5109075307846069
327000	-2.722389	-0.914207	0.290914	0.065718	0.511012	1.337650	-0.045420033670961854	5.925925925925925e-05	0.5110034942626953
327120	-2.722237	-0.913756	0.292496	0.065728	0.511331	1.339767	-0.0454613296315074	5.925925925925925e-05	0.5113264322280884
327240	-2.722910	-0.913663	0.292771	0.065683	0.511406	1.340136	-0.045476383715868	3.9506172839506166e-05	0.5114081501960754
327360	-2.724740	-0.913293	0.295046	0.065563	0.511792	1.343188	-0.04549794029444456	5.925925925925925e-05	0.5117830634117126
327480	-2.725266	-0.912913	0.294749	0.065529	0.511984	1.342789	-0.045525803416967395	2.6337448559670777e-05	0.5119761824607849
327600	-2.723621	-0.912028	0.295505	0.065637	0.512336	1.343805	-0.04560807794332504	5.925925925925925e-05	0.5123295187950134
327720	-2.724434	-0.911793	0.297032	0.065583	0.512525	1.345858	-0.04563382882624865	5.925925925925925e-05	0.5125219821929932
327840	-2.725705	-0.910979	0.298101	0.065500	0.513001	1.347299	-0.04570951350033283	2.6337448559670777e-05	0.5129977464675903
327960	-2.724416	-0.910239	0.297911	0.065584	0.513243	1.347041	-0.04577990807592869	3.9506172839506166e-05	0.5132430195808411
328080	-2.726772	-0.910138	0.298732	0.065430	0.513419	1.348148	-0.04578542504459619	5.925925925925925e-05	0.5134170651435852
328200	-2.726450	-0.909267	0.298392	0.065451	0.513888	1.347690	-0.045851006358861926	3.9506172839506166e-05	0.5138732194900513
328320	-2.725858	-0.908530	0.299565	0.065490	0.514396	1.349272	-0.04592810645699501	3.9506172839506166e-05	0.5143935680389404
328440	-2.726167	-0.908052	0.300681	0.065470	0.514761	1.350778	-0.04597732238471508	3.9506172839506166e-05	0.5147587060928345
328560	-2.727023	-0.907708	0.302527	0.065414	0.515113	1.353275	-0.04601013343781233	3.9506172839506166e-05	0.5151098370552063
328680	-2.728388	-0.907173	0.304253	0.065325	0.515489	1.355612	-0.04605060815811157	5.925925925925925e-05	0.5154844522476196
328800	-2.728131	-0.906346	0.306554	0.065341	0.516020	1.358735	-0.04611809365451336	3.9506172839506166e-05	0.5160086154937744
328920	-2.730187	-0.905975	0.305703	0.065207	0.516265	1.357579	-0.04616422150284052	1.7558299039780518e-05	0.5162634253501892
329040	-2.731353	-0.905722	0.307259	0.065131	0.516600	1.359693	-0.0461896413937211	3.9506172839506166e-05	0.5165979862213135
329160	-2.732801	-0.905519	0.308053	0.065037	0.516725	1.360773	-0.04620399754494429	5.925925925925925e-05	0.5167229771614075
329280	-2.735331	-0.905023	0.308591	0.064873	0.517073	1.361506	-0.046247455291450024	5.925925925925925e-05	0.517067015171051
329400	-2.736318	-0.904640	0.309832	0.064809	0.517394	1.363196	-0.046278554014861584	5.925925925925925e-05	0.5173845887184143
329520	-2.738852	-0.904529	0.310388	0.064645	0.517523	1.363954	-0.04629376661032438	5.925925925925925e-05	0.5175191164016724
329640	-2.739549	-0.904084	0.311231	0.064599	0.517813	1.365105	-0.046335556730628016	5.925925925925925e-05	0.5178130865097046
329760	-2.739349	-0.903654	0.310764	0.064612	0.517936	1.364467	-0.046375329978764056	5.925925925925925e-05	0.5179334878921509
329880	-2.740720	-0.903330	0.312593	0.064524	0.518258	1.366965	-0.04640360530465841	3.9506172839506166e-05	0.5182575583457947
330000	-2.739582	-0.902813	0.315029	0.064597	0.518633	1.370299	-0.04644967522472143	5.925925925925925e-05	0.5186297297477722
330120	-2.740094	-0.902617	0.315899	0.064564	0.518834	1.371492	-0.046468889340758324	5.925925925925925e-05	0.5188345313072205
330240	-2.739954	-0.902315	0.315877	0.064573	0.518980	1.371461	-0.046493328735232355	3.9506172839506166e-05	0.5189782977104187
330360	-2.741401	-0.902000	0.318321	0.064480	0.519368	1.374817	-0.046521625854074954	3.9506172839506166e-05	0.5193636417388916
330480	-2.741367	-0.901689	0.319994	0.064482	0.519604	1.377119	-0.046552656777203084	8.888888888888888e-05	0.5196016430854797
330600	-2.741776	-0.900948	0.321178	0.064456	0.520176	1.378751	-0.046609259955585	2.6337448559670777e-05	0.5201716423034668
330720	-2.741444	-0.900102	0.323083	0.064477	0.520749	1.381381	-0.046687570959329606	5.925925925925925e-05	0.5207451581954956
330840	-2.741512	-0.899731	0.325022	0.064473	0.521049	1.384061	-0.046720012277364734	5.925925925925925e-05	0.5210440754890442
330960	-2.741593	-0.899604	0.324970	0.064468	0.521069	1.383989	-0.04673788361251354	5.925925925925925e-05	0.5210691690444946
331080	-2.741001	-0.899131	0.326720	0.064506	0.521381	1.386414	-0.04677748307585716	3.9506172839506166e-05	0.5213781595230103
331200	-2.740616	-0.898063	0.328148	0.064531	0.522001	1.388394	-0.046862147748470306	5.925925925925925e-05	0.521988570690155
331320	-2.741871	-0.897863	0.327680	0.064450	0.522239	1.387744	-0.046895094029605386	5.925925925925925e-05	0.5222386121749878
331440	-2.740639	-0.897174	0.328726	0.064529	0.522588	1.389197	-0.04694787785410881	1.7558299039780518e-05	0.5225832462310791
331560	-2.740982	-0.897041	0.329962	0.064507	0.522718	1.390915	-0.04697037450969219	2.6337448559670777e-05	0.5227179527282715
331680	-2.741421	-0.896299	0.330682	0.064479	0.523076	1.391917	-0.047030295990407464	3.9506172839506166e-05	0.5230738520622253
331800	-2.741119	-0.895589	0.332925	0.064498	0.523594	1.395042	-0.047105273231863976	5.925925925925925e-05	0.5235971808433533
331920	-2.742181	-0.894725	0.334910	0.064430	0.524298	1.397815	-0.04717013146728277	5.925925925925925e-05	0.5242941379547119
332040	-2.742635	-0.894506	0.336319	0.064400	0.524403	1.399785	-0.04720394592732191	8.888888888888888e-05	0.5244052410125732
332160	-2.741918	-0.894129	0.336684	0.064447	0.524567	1.400297	-0.04723084550350905	5.925925925925925e-05	0.5245662927627563
332280	-2.744291	-0.893249	0.337924	0.064294	0.525075	1.402034	-0.04730863589793444	5.925925925925925e-05	0.5250709652900696
332400	-2.745515	-0.892684	0.337662	0.064215	0.525483	1.401667	-0.04736034665256739	5.925925925925925e-05	0.5254833698272705
332520	-2.746215	-0.892296	0.338494	0.064170	0.525765	1.402833	-0.04737841226160526	5.925925925925925e-05	0.5257518887519836
332640	-2.745705	-0.891376	0.340021	0.064203	0.526361	1.404977	-0.04748020246624947	2.6337448559670777e-05	0.5263583660125732
332760	-2.745213	-0.890613	0.338585	0.064235	0.526603	1.402960	-0.047542280331254	3.9506172839506166e-05	0.5266023874282837
332880	-2.746019	-0.890035	0.339774	0.064183	0.526973	1.404630	-0.04759721923619509	3.9506172839506166e-05	0.5269691944122314
333000	-2.746679	-0.890311	0.339495	0.064140	0.526925	1.404239	-0.04758251737803221	5.925925925925925e-05	0.5269283652305603
333120	-2.747903	-0.889861	0.340312	0.064062	0.527246	1.405387	-0.04761165715754032	5.925925925925925e-05	0.5272435545921326
333240	-2.747846	-0.889601	0.339630	0.064066	0.527370	1.404427	-0.04764333311468363	5.925925925925925e-05	0.5273728370666504
333360	-2.748215	-0.889158	0.341332	0.064042	0.527804	1.406820	-0.04768289607018232	5.925925925925925e-05	0.5278040170669556
333480	-2.748777	-0.888579	0.342584	0.064006	0.528143	1.408583	-0.04771870486438275	5.925925925925925e-05	0.5281338691711426
333600	-2.748816	-0.887708	0.343024	0.064004	0.528632	1.409203	-0.04781011734157801	3.9506172839506166e-05	0.5286295413970947
333720	-2.748393	-0.887180	0.343275	0.064031	0.528877	1.409556	-0.047851810418069365	3.9506172839506166e-05	0.5288732647895813
333840	-2.749577	-0.886767	0.344019	0.063955	0.529249	1.410606	-0.04789288956671953	5.925925925925925e-05	0.5292468667030334
333960	-2.750429	-0.886125	0.343621	0.063900	0.529648	1.410044	-0.047940711677074435	5.925925925925925e-05	0.529638409614563
334080	-2.751996	-0.885604	0.345686	0.063800	0.530148	1.412958	-0.04799486007541418	5.925925925925925e-05	0.5301433801651001
334200	-2.752624	-0.885514	0.346337	0.063760	0.530324	1.413878	-0.04800988640636206	3.9506172839506166e-05	0.5303252935409546
334320	-2.753685	-0.885426	0.346028	0.063693	0.530458	1.413442	-0.048017621785402295	5.925925925925925e-05	0.5304580926895142
334440	-2.756190	-0.884767	0.345197	0.063533	0.530694	1.412269	-0.04806051347404718	8.888888888888888e-05	0.5306880474090576
334560	-2.757033	-0.884054	0.345357	0.063480	0.531112	1.412494	-0.04814011305570602	3.9506172839506166e-05	0.5311123132705688
334680	-2.759564	-0.883715	0.346277	0.063319	0.531517	1.413794	-0.048170545138418674	5.925925925925925e-05	0.531514048576355
334800	-2.759698	-0.882652	0.347912	0.063311	0.532155	1.416107	-0.04826081357896328	2.6337448559670777e-05	0.5321526527404785
334920	-2.759933	-0.882301	0.349719	0.063296	0.532387	1.418669	-0.04829375743865967	2.6337448559670777e-05	0.5323846340179443
335040	-2.760750	-0.882285	0.349292	0.063244	0.532489	1.418064	-0.04829832799732685	3.9506172839506166e-05	0.5324850082397461
335160	-2.763278	-0.881958	0.349952	0.063085	0.532820	1.418999	-0.04832796826958656	5.925925925925925e-05	0.5328177809715271
335280	-2.765176	-0.882041	0.349188	0.062965	0.532695	1.417915	-0.048317072354257105	3.9506172839506166e-05	0.5326920747756958
335400	-2.767694	-0.881352	0.348588	0.062807	0.533173	1.417065	-0.04837811589241028	5.925925925925925e-05	0.5331709980964661
335520	-2.767168	-0.880615	0.348635	0.062840	0.533588	1.417132	-0.04844549149274826	2.6337448559670777e-05	0.5335871577262878
335640	-2.768531	-0.880202	0.349527	0.062754	0.533904	1.418397	-0.04848026670515537	5.925925925925925e-05	0.5338966846466064
335760	-2.769892	-0.879912	0.350031	0.062669	0.534038	1.419112	-0.04850268866866827	5.925925925925925e-05	0.5340315103530884
335880	-2.768827	-0.878880	0.351293	0.062736	0.534628	1.420904	-0.04859743732959032	3.9506172839506166e-05	0.5346212387084961
336000	-2.769541	-0.878358	0.352251	0.062691	0.534984	1.422265	-0.04864780306816101	3.9506172839506166e-05	0.5349785089492798
336120	-2.770132	-0.877860	0.353320	0.062654	0.535360	1.423786	-0.0486982399597764	5.925925925925925e-05	0.5353585481643677
336240	-2.771081	-0.877168	0.354342	0.062594	0.535873	1.425243	-0.04875881224870682	5.925925925925925e-05	0.5358691215515137
336360	-2.772628	-0.876947	0.355989	0.062498	0.536261	1.427592	-0.04877455104142427	2.6337448559670777e-05	0.5362582206726074
336480	-2.773590	-0.876541	0.356510	0.062437	0.536543	1.428336	-0.04881738722324371	3.9506172839506166e-05	0.5365433096885681
336600	-2.773191	-0.876012	0.356852	0.062462	0.536916	1.428824	-0.0488575778901577	3.9506172839506166e-05	0.5369121432304382
336720	-2.773255	-0.875906	0.357110	0.062458	0.536911	1.429192	-0.04886440522968769	3.9506172839506166e-05	0.5369074940681458
336840	-2.773973	-0.875544	0.360018	0.062414	0.537241	1.433356	-0.04890023451298475	5.925925925925925e-05	0.5372374653816223
336960	-2.773510	-0.875034	0.359472	0.062442	0.537468	1.432573	-0.048946892470121385	3.9506172839506166e-05	0.5374653339385986
337080	-2.772854	-0.874224	0.360718	0.062483	0.538034	1.434360	-0.049018181301653384	1.7558299039780518e-05	0.5380306839942932
337200	-2.772884	-0.873787	0.360801	0.062482	0.538316	1.434477	-0.049063696153461935	3.9506172839506166e-05	0.5383152365684509
337320	-2.773801	-0.873538	0.361183	0.062424	0.538597	1.435027	-0.049082329496741295	5.925925925925925e-05	0.5385922789573669
337440	-2.773407	-0.873245	0.361098	0.062449	0.538704	1.434904	-0.04910689853131771	3.9506172839506166e-05	0.5387001037597656
337560	-2.775433	-0.873052	0.362762	0.062322	0.538963	1.437293	-0.04912971239537001	5.925925925925925e-05	0.5389605164527893
337680	-2.775030	-0.872071	0.364043	0.062348	0.539631	1.439136	-0.04921102821826935	5.925925925925925e-05	0.5396256446838379
337800	-2.773632	-0.871112	0.367575	0.062435	0.540303	1.444228	-0.04930126145482063	3.9506172839506166e-05	0.5402990579605103
337920	-2.773149	-0.870542	0.367503	0.062465	0.540575	1.444124	-0.04935102704912424	5.925925925925925e-05	0.540570080280304
338040	-2.773609	-0.869615	0.370315	0.062436	0.541166	1.448190	-0.0494298554956913	2.6337448559670777e-05	0.5411601066589355
338160	-2.774027	-0.869284	0.372338	0.062410	0.541503	1.451124	-0.049462009035050866	3.9506172839506166e-05	0.5414968729019165
338280	-2.774556	-0.868700	0.373150	0.062377	0.541918	1.452302	-0.04951723720878363	2.6337448559670777e-05	0.5419164299964905
338400	-2.773280	-0.868130	0.373903	0.062457	0.542258	1.453396	-0.04957356229424477	5.925925925925925e-05	0.5422626733779907
338520	-2.772079	-0.867606	0.375266	0.062532	0.542739	1.455378	-0.049616118893027306	5.925925925925925e-05	0.5427361130714417
338640	-2.771422	-0.867077	0.376202	0.062573	0.543027	1.456741	-0.04966393876820803	3.9506172839506166e-05	0.5430222153663635
338760	-2.771320	-0.866504	0.378011	0.062579	0.543483	1.459379	-0.04971530884504318	5.925925925925925e-05	0.5434787273406982
338880	-2.770536	-0.865351	0.377885	0.062628	0.544032	1.459195	-0.04981162641197443	5.925925925925925e-05	0.5440244674682617
339000	-2.771429	-0.864655	0.378640	0.062573	0.544412	1.460297	-0.04988105054944754	3.9506172839506166e-05	0.5444114208221436
339120	-2.771999	-0.863777	0.378408	0.062537	0.544872	1.459959	-0.04995386861264706	3.9506172839506166e-05	0.5448630452156067
339240	-2.772718	-0.863049	0.379279	0.062492	0.545353	1.461230	-0.05002792254090309	3.9506172839506166e-05	0.5453510880470276
339360	-2.772564	-0.862447	0.380715	0.062502	0.545915	1.463330	-0.050077725946903226	5.925925925925925e-05	0.5459096431732178
339480	-2.772171	-0.861974	0.382232	0.062526	0.546226	1.465552	-0.05012600421905518	2.6337448559670777e-05	0.5462251305580139
339600	-2.771131	-0.861322	0.384148	0.062591	0.546661	1.468362	-0.050178397074341775	2.6337448559670777e-05	0.5466564893722534
339720	-2.771772	-0.861285	0.385667	0.062551	0.546888	1.470595	-0.05018567480146885	5.925925925925925e-05	0.5468822717666626
339840	-2.770510	-0.861046	0.386337	0.062630	0.547099	1.471580	-0.050215584598481654	8.888888888888888e-05	0.5471022129058838
339960	-2.770936	-0.860676	0.387444	0.062603	0.547411	1.473211	-0.05024147965013981	3.9506172839506166e-05	0.5474098324775696
340080	-2.770165	-0.859752	0.388907	0.062652	0.547854	1.475368	-0.05031620934605598	3.9506172839506166e-05	0.5478464961051941
340200	-2.770226	-0.859132	0.390391	0.062648	0.548300	1.477559	-0.0503663694486022	2.6337448559670777e-05	0.5482916235923767
340320	-2.769366	-0.858741	0.391855	0.062702	0.548642	1.479723	-0.05041345600038767	3.9506172839506166e-05	0.5486384034156799
340440	-2.768991	-0.857955	0.393106	0.062725	0.549120	1.481575	-0.05048176795244217	3.9506172839506166e-05	0.5491163730621338
340560	-2.767183	-0.857058	0.394222	0.062839	0.549614	1.483229	-0.05056347399950027	2.6337448559670777e-05	0.5496116280555725
340680	-2.768349	-0.856549	0.395859	0.062766	0.550013	1.485660	-0.05060685649514198	3.9506172839506166e-05	0.5500075221061707
340800	-2.768800	-0.855939	0.396273	0.062737	0.550376	1.486275	-0.050662695243954656	3.9506172839506166e-05	0.5503687262535095
340920	-2.769696	-0.855614	0.397029	0.062681	0.550744	1.487399	-0.05069500003010034	2.6337448559670777e-05	0.550740122795105
341040	-2.771047	-0.855268	0.399657	0.062596	0.551170	1.491313	-0.05072714053094387	3.9506172839506166e-05	0.5511683225631714
341160	-2.770011	-0.854584	0.400509	0.062661	0.551617	1.492584	-0.05077950321137905	3.9506172839506166e-05	0.5516078472137451
341280	-2.770357	-0.854159	0.400667	0.062640	0.551889	1.492819	-0.050834791734814644	3.9506172839506166e-05	0.5518892407417297
341400	-2.771272	-0.853650	0.401236	0.062582	0.552169	1.493670	-0.05087352804839611	5.925925925925925e-05	0.552166759967804
341520	-2.772691	-0.853092	0.403159	0.062494	0.552596	1.496545	-0.0509231211617589	2.6337448559670777e-05	0.5525957345962524
341640	-2.772017	-0.852340	0.403648	0.062536	0.552998	1.497277	-0.05099107082933187	3.9506172839506166e-05	0.5529949069023132
341760	-2.771930	-0.851989	0.404884	0.062541	0.553254	1.499129	-0.05102966949343681	5.925925925925925e-05	0.5532574653625488
341880	-2.770833	-0.851648	0.405087	0.062610	0.553433	1.499433	-0.051055635511875155	3.9506172839506166e-05	0.553432047367096
342000	-2.771091	-0.851180	0.404740	0.062594	0.553660	1.498913	-0.05109067559242249	5.925925925925925e-05	0.5536535978317261
342120	-2.771168	-0.850644	0.404930	0.062589	0.554000	1.499198	-0.05113942343741655	3.9506172839506166e-05	0.5539937615394592
342240	-2.771467	-0.850068	0.405751	0.062570	0.554517	1.500429	-0.05119607895612717	5.925925925925925e-05	0.5545133352279663
342360	-2.771588	-0.849692	0.405914	0.062563	0.554788	1.500674	-0.051220756210386756	5.925925925925925e-05	0.5547754764556885
342480	-2.771079	-0.848941	0.407707	0.062594	0.555425	1.503367	-0.051296407170593736	5.925925925925925e-05	0.5554207563400269
342600	-2.770214	-0.848305	0.408173	0.062649	0.555868	1.504067	-0.051351220719516276	3.9506172839506166e-05	0.5558637380599976
342720	-2.769238	-0.847728	0.408753	0.062710	0.556199	1.504940	-0.05141040626913309	1.7558299039780518e-05	0.5562000870704651
342840	-2.769652	-0.847290	0.410007	0.062684	0.556518	1.506828	-0.05143915880471468	3.9506172839506166e-05	0.5565113425254822
342960	-2.769396	-0.846814	0.412270	0.062700	0.556990	1.510241	-0.05148568637669086	3.9506172839506166e-05	0.5569857954978943
343080	-2.767323	-0.846389	0.412696	0.062830	0.557326	1.510885	-0.051525110751390456	3.9506172839506166e-05	0.5573214888572693
343200	-2.767371	-0.846173	0.414620	0.062827	0.557548	1.513795	-0.051548398286104205	5.925925925925925e-05	0.5575469136238098
343320	-2.766314	-0.845795	0.416212	0.062893	0.557760	1.516208	-0.05157828573137522	3.9506172839506166e-05	0.557755708694458
343440	-2.767690	-0.845153	0.417872	0.062807	0.558170	1.518726	-0.0516406511887908	5.925925925925925e-05	0.5581721067428589
343560	-2.768437	-0.844968	0.417435	0.062760	0.558340	1.518063	-0.0516602024435997	5.925925925925925e-05	0.5583428144454956
343680	-2.769056	-0.844277	0.418887	0.062721	0.558794	1.520268	-0.051712116599082945	5.925925925925925e-05	0.5587887167930603
343800	-2.769625	-0.843476	0.420268	0.062686	0.559297	1.522370	-0.05178157314658165	1.7558299039780518e-05	0.5592929124832153
343920	-2.768260	-0.843188	0.421212	0.062771	0.559493	1.523807	-0.051809278316795826	5.925925925925925e-05	0.5594877600669861
344040	-2.767653	-0.841964	0.423259	0.062809	0.560205	1.526930	-0.05191140994429588	3.9506172839506166e-05	0.5601944923400879
344160	-2.767642	-0.841021	0.425100	0.062810	0.560824	1.529744	-0.0520050385966897	3.9506172839506166e-05	0.5608192086219788
344280	-2.766244	-0.840395	0.426513	0.062898	0.561200	1.531906	-0.052064590901136396	2.6337448559670777e-05	0.5611959099769592
344400	-2.765647	-0.840431	0.425968	0.062935	0.561156	1.531071	-0.05206593237817288	3.9506172839506166e-05	0.5611589550971985
344520	-2.765261	-0.840257	0.426686	0.062960	0.561228	1.532171	-0.05207906886935234	5.925925925925925e-05	0.5612248182296753
344640	-2.765944	-0.839932	0.427495	0.062917	0.561567	1.533411	-0.052105797827243804	2.6337448559670777e-05	0.5615648627281189
344760	-2.766505	-0.839482	0.427591	0.062881	0.561868	1.533559	-0.05215182770043612	2.6337448559670777e-05	0.561866819858551
344880	-2.767065	-0.838924	0.429032	0.062846	0.562351	1.535770	-0.05218782443553209	3.9506172839506166e-05	0.5623424053192139
345000	-2.767305	-0.838062	0.429028	0.062831	0.562848	1.535764	-0.05227613840252161	3.9506172839506166e-05	0.5628504753112793
345120	-2.767124	-0.837702	0.428801	0.062842	0.563030	1.535416	-0.052307942882180214	5.925925925925925e-05	0.5630276203155518
345240	-2.767464	-0.837413	0.429641	0.062821	0.563155	1.536706	-0.052332786843180656	5.925925925925925e-05	0.5631518363952637
345360	-2.767617	-0.836957	0.430418	0.062812	0.563407	1.537901	-0.05237081218510866	1.7558299039780518e-05	0.5634025931358337
345480	-2.767215	-0.836503	0.430888	0.062837	0.563637	1.538623	-0.05242087803781033	3.9506172839506166e-05	0.5636389255523682
345600	-2.767054	-0.835951	0.431677	0.062847	0.563991	1.539838	-0.052462472766637805	5.925925925925925e-05	0.5639886260032654
345720	-2.766191	-0.834964	0.432840	0.062901	0.564609	1.541630	-0.0525531928986311	3.9506172839506166e-05	0.564605176448822
345840	-2.767806	-0.834256	0.433380	0.062800	0.565196	1.542463	-0.052627100609242916	5.925925925925925e-05	0.565197765827179
345960	-2.767792	-0.833720	0.435415	0.062801	0.565638	1.545604	-0.05266763530671596	5.925925925925925e-05	0.5656371116638184
346080	-2.767969	-0.833431	0.436542	0.062789	0.565939	1.547348	-0.05269077233970165	3.9506172839506166e-05	0.5659364461898804
346200	-2.767402	-0.832766	0.437462	0.062825	0.566379	1.548771	-0.05274716522544622	5.925925925925925e-05	0.5663739442825317
346320	-2.767392	-0.832299	0.437001	0.062826	0.566655	1.548058	-0.05278975386172533	5.925925925925925e-05	0.5666459202766418
346440	-2.768110	-0.831817	0.437595	0.062781	0.567042	1.548977	-0.05283745378255844	5.925925925925925e-05	0.567040741443634
346560	-2.769282	-0.831640	0.438135	0.062707	0.567389	1.549813	-0.052854199334979056	3.9506172839506166e-05	0.5673851370811462
346680	-2.769190	-0.830828	0.439378	0.062713	0.567910	1.551741	-0.05292398706078529	5.925925925925925e-05	0.5679078698158264
346800	-2.769185	-0.830051	0.439056	0.062713	0.568360	1.551243	-0.05299455411732197	2.6337448559670777e-05	0.568358838558197
346920	-2.769923	-0.829345	0.441102	0.062667	0.568897	1.554419	-0.05305910874158144	5.925925925925925e-05	0.5688953399658203
347040	-2.770120	-0.828878	0.441505	0.062655	0.569219	1.555046	-0.05310929827392101	5.925925925925925e-05	0.5692184567451477
347160	-2.771668	-0.828879	0.444463	0.062558	0.569474	1.559653	-0.05310526117682457	5.925925925925925e-05	0.5694705247879028
347280	-2.771137	-0.827790	0.445133	0.062591	0.570139	1.560698	-0.0531936401501298	2.6337448559670777e-05	0.5701359510421753
347400	-2.770239	-0.827252	0.445290	0.062647	0.570496	1.560943	-0.053248418122529985	1.7558299039780518e-05	0.570493757724762
347520	-2.771531	-0.826685	0.445680	0.062566	0.570843	1.561552	-0.05330103971064091	2.6337448559670777e-05	0.5708409547805786
347640	-2.771218	-0.826033	0.447195	0.062586	0.571320	1.563919	-0.05335180424153805	2.6337448559670777e-05	0.5713157653808594
347760	-2.772214	-0.825851	0.447634	0.062523	0.571573	1.564606	-0.05337399058043957	3.9506172839506166e-05	0.5715686082839966
347880	-2.772296	-0.825364	0.448887	0.062518	0.571993	1.566568	-0.05342160705476999	3.9506172839506166e-05	0.5719926953315735
348000	-2.771759	-0.825094	0.450078	0.062552	0.572237	1.568434	-0.053442873246967795	3.9506172839506166e-05	0.5722331404685974
348120	-2.771981	-0.824664	0.452280	0.062538	0.572829	1.571893	-0.05348119493573904	5.925925925925925e-05	0.5728245973587036
348240	-2.772661	-0.824125	0.453302	0.062495	0.573140	1.573500	-0.05353043507784605	3.9506172839506166e-05	0.5731390118598938
348360	-2.772654	-0.823332	0.453841	0.062496	0.573601	1.574348	-0.05359355639666319	5.925925925925925e-05	0.5735967755317688
348480	-2.773235	-0.822350	0.454547	0.062460	0.574211	1.575460	-0.05368445217609406	2.6337448559670777e-05	0.5742069482803345
348600	-2.772329	-0.821762	0.455024	0.062516	0.574542	1.576211	-0.05373731143772602	3.9506172839506166e-05	0.5745360851287842
348720	-2.772797	-0.821094	0.455827	0.062487	0.574925	1.577477	-0.05379962436854839	2.6337448559670777e-05	0.5749223232269287
348840	-2.773229	-0.820571	0.456739	0.062460	0.575294	1.578916	-0.05384604744613171	3.9506172839506166e-05	0.5752883553504944
348960	-2.773405	-0.819699	0.457276	0.062449	0.575903	1.579764	-0.05392295159399509	3.9506172839506166e-05	0.5758967399597168
349080	-2.774889	-0.819331	0.457236	0.062356	0.576188	1.579702	-0.053959951549768445	1.7558299039780518e-05	0.5761836171150208
349200	-2.775188	-0.818651	0.457336	0.062338	0.576620	1.579859	-0.054008555598556995	3.9506172839506166e-05	0.5766138434410095
349320	-2.775914	-0.817939	0.458785	0.062293	0.577106	1.582151	-0.054070604220032695	5.925925925925925e-05	0.5770881175994873
349440	-2.776938	-0.817844	0.459911	0.062229	0.577372	1.583934	-0.05409421101212501	5.925925925925925e-05	0.5773640871047974
349560	-2.776898	-0.817397	0.459770	0.062231	0.577662	1.583710	-0.054137980565428734	2.6337448559670777e-05	0.5776622891426086
349680	-2.776791	-0.816745	0.460821	0.062238	0.578139	1.585375	-0.05418526921421289	2.6337448559670777e-05	0.5781296491622925
349800	-2.775287	-0.816034	0.461892	0.062332	0.578556	1.587074	-0.05425659567117691	3.9506172839506166e-05	0.57855224609375
349920	-2.775217	-0.815347	0.462982	0.062336	0.579000	1.588804	-0.054305038042366506	5.925925925925925e-05	0.5789862275123596
350040	-2.775803	-0.814301	0.464400	0.062299	0.579792	1.591060	-0.05441496055573225	2.6337448559670777e-05	0.5797896981239319
350160	-2.774233	-0.813669	0.464324	0.062397	0.580046	1.590939	-0.05447123888880014	2.6337448559670777e-05	0.5800439119338989
350280	-2.774440	-0.812832	0.465451	0.062384	0.580573	1.592733	-0.05453361663967371	5.925925925925925e-05	0.5805633664131165
350400	-2.772553	-0.811565	0.468335	0.062502	0.581501	1.597332	-0.054661156795918944	3.9506172839506166e-05	0.5814993381500244
350520	-2.771618	-0.810819	0.469965	0.062561	0.582067	1.599938	-0.054716894216835496	5.925925925925925e-05	0.5820608139038086
350640	-2.772378	-0.809945	0.469242	0.062513	0.582650	1.598782	-0.05480453874915838	2.6337448559670777e-05	0.5826470255851746
350760	-2.771179	-0.809221	0.471121	0.062588	0.583194	1.601788	-0.05486857127398252	3.9506172839506166e-05	0.583187997341156
350880	-2.770875	-0.808661	0.470568	0.062607	0.583526	1.600903	-0.054920689947903154	2.6337448559670777e-05	0.5835244059562683
351000	-2.770076	-0.808020	0.470412	0.062657	0.584006	1.600654	-0.05497281588613987	3.9506172839506166e-05	0.5839968323707581
351120	-2.768775	-0.806986	0.471580	0.062739	0.584697	1.602525	-0.055062903650105	2.6337448559670777e-05	0.5846883058547974
351240	-2.767874	-0.806120	0.471542	0.062795	0.585256	1.602463	-0.055145181715488434	3.9506172839506166e-05	0.5852516293525696
351360	-2.766585	-0.805623	0.470348	0.062876	0.585551	1.600552	-0.055193332210183146	3.9506172839506166e-05	0.5855475068092346
351480	-2.766181	-0.805046	0.470105	0.062902	0.586006	1.600163	-0.055240215733647346	2.6337448559670777e-05	0.5859993100166321
351600	-2.765764	-0.804412	0.470620	0.062928	0.586487	1.600986	-0.055302738957107064	3.9506172839506166e-05	0.58648282289505
351720	-2.765933	-0.804006	0.470723	0.062917	0.586730	1.601151	-0.05534027609974146	3.9506172839506166e-05	0.5867266058921814
351840	-2.764814	-0.803503	0.471407	0.062988	0.587074	1.602247	-0.05538549590855837	2.6337448559670777e-05	0.5870726108551025
351960	-2.763588	-0.802624	0.472478	0.063065	0.587567	1.603964	-0.0554557166993618	3.9506172839506166e-05	0.5875598192214966
352080	-2.763974	-0.802253	0.472809	0.063041	0.587849	1.604494	-0.05549560151994228	3.9506172839506166e-05	0.58784419298172
352200	-2.763930	-0.801981	0.473682	0.063044	0.588039	1.605896	-0.05552660524845123	2.6337448559670777e-05	0.5880382657051086
352320	-2.764947	-0.801502	0.474695	0.062979	0.588402	1.607524	-0.05556036252528429	3.9506172839506166e-05	0.5883973836898804
352440	-2.765014	-0.801023	0.475110	0.062975	0.588665	1.608191	-0.055610306188464166	1.7558299039780518e-05	0.5886664390563965
352560	-2.764494	-0.800517	0.475714	0.063008	0.588979	1.609162	-0.05565247144550085	3.9506172839506166e-05	0.5889747738838196
352680	-2.765336	-0.799951	0.476797	0.062955	0.589299	1.610907	-0.05570658892393112	5.925925925925925e-05	0.5893001556396484
352800	-2.765006	-0.799192	0.477825	0.062976	0.589733	1.612563	-0.055773450434207915	1.7558299039780518e-05	0.5897319912910461
352920	-2.765929	-0.799037	0.478518	0.062918	0.589894	1.613681	-0.05578656829893589	5.925925925925925e-05	0.5898917317390442
353040	-2.766298	-0.798392	0.479810	0.062894	0.590342	1.615768	-0.055840620025992396	3.9506172839506166e-05	0.5903369188308716
353160	-2.766565	-0.798385	0.479921	0.062878	0.590397	1.615947	-0.055850077606737616	3.9506172839506166e-05	0.5903980731964111
353280	-2.765482	-0.797715	0.481035	0.062946	0.590797	1.617748	-0.0559047007933259	2.6337448559670777e-05	0.590793251991272
353400	-2.764007	-0.797095	0.480842	0.063039	0.591195	1.617436	-0.05595345851033926	5.925925925925925e-05	0.5911890268325806
353520	-2.763050	-0.796640	0.481734	0.063099	0.591478	1.618880	-0.05600254852324724	3.9506172839506166e-05	0.5914766788482666
353640	-2.761907	-0.796593	0.482160	0.063171	0.591448	1.619568	-0.05600666757673025	3.9506172839506166e-05	0.5914443731307983
353760	-2.761190	-0.796384	0.482243	0.063216	0.591663	1.619703	-0.05602587591856718	3.9506172839506166e-05	0.5916603207588196
353880	-2.759741	-0.795603	0.482299	0.063308	0.592123	1.619794	-0.05609927177429199	5.925925925925925e-05	0.5921236872673035
354000	-2.758313	-0.795532	0.482986	0.063399	0.592236	1.620907	-0.05610827766358852	5.925925925925925e-05	0.5922343134880066
354120	-2.757156	-0.795071	0.483628	0.063472	0.592451	1.621948	-0.05614040978252888	5.925925925925925e-05	0.5924458503723145
354240	-2.756493	-0.794438	0.484628	0.063514	0.592946	1.623570	-0.05620137583464384	3.9506172839506166e-05	0.5929400324821472
354360	-2.757178	-0.793980	0.484853	0.063471	0.593349	1.623936	-0.05624197702854872	1.7558299039780518e-05	0.5933464765548706
354480	-2.756997	-0.793542	0.486175	0.063482	0.593710	1.626084	-0.05628572553396225	5.925925925925925e-05	0.5937162637710571
354600	-2.756388	-0.793066	0.487404	0.063521	0.593993	1.628084	-0.05632809866219759	3.9506172839506166e-05	0.5939931273460388
354720	-2.752731	-0.792215	0.488702	0.063754	0.594491	1.630198	-0.05640052706003189	3.9506172839506166e-05	0.5944871306419373
354840	-2.752425	-0.791613	0.490199	0.063773	0.595007	1.632641	-0.05645046662539244	3.9506172839506166e-05	0.5949991345405579
354960	-2.752063	-0.790942	0.491936	0.063796	0.595435	1.635480	-0.05651406142860651	5.925925925925925e-05	0.5954326391220093
355080	-2.751830	-0.790186	0.492250	0.063811	0.595881	1.635993	-0.05658449828624725	3.9506172839506166e-05	0.5958787202835083
355200	-2.750149	-0.789437	0.494585	0.063918	0.596485	1.639817	-0.05664897430688143	3.9506172839506166e-05	0.5964783430099487
355320	-2.749439	-0.789162	0.496024	0.063964	0.596892	1.642179	-0.05668251849710941	3.9506172839506166e-05	0.5968915224075317
355440	-2.748853	-0.788659	0.496650	0.064001	0.597239	1.643208	-0.0567196661606431	3.9506172839506166e-05	0.5972367525100708
355560	-2.746133	-0.787891	0.497806	0.064176	0.597694	1.645107	-0.056784459948539735	3.9506172839506166e-05	0.5976901650428772
355680	-2.746183	-0.787105	0.499885	0.064172	0.598268	1.648531	-0.05685993693768978	3.9506172839506166e-05	0.5982630848884583
355800	-2.744983	-0.786431	0.500275	0.064249	0.598564	1.649176	-0.05691997967660427	3.9506172839506166e-05	0.598558783531189
355920	-2.745392	-0.785890	0.500889	0.064223	0.599002	1.650188	-0.05696682762354612	3.9506172839506166e-05	0.598997175693512
356040	-2.744704	-0.785224	0.502558	0.064267	0.599440	1.652945	-0.05703291315585375	5.925925925925925e-05	0.5994431376457214
356160	-2.746220	-0.784919	0.502346	0.064170	0.599633	1.652593	-0.05705810338258743	3.9506172839506166e-05	0.5996302962303162
356280	-2.745828	-0.784591	0.503811	0.064195	0.599864	1.655016	-0.057093024253845215	2.6337448559670777e-05	0.5998635292053223
356400	-2.745730	-0.784095	0.504449	0.064201	0.600266	1.656073	-0.057123061083257196	3.9506172839506166e-05	0.6002579927444458
356520	-2.745608	-0.783712	0.505199	0.064209	0.600522	1.657316	-0.05716573465615511	3.9506172839506166e-05	0.6005169749259949
356640	-2.745875	-0.783368	0.505565	0.064192	0.600815	1.657922	-0.05720018427819014	5.925925925925925e-05	0.6008136868476868
356760	-2.746093	-0.782749	0.507086	0.064178	0.601376	1.660445	-0.05725393276661635	2.6337448559670777e-05	0.6013737320899963
356880	-2.746077	-0.782472	0.507396	0.064179	0.601574	1.660961	-0.057275097072124484	3.9506172839506166e-05	0.6015688180923462
357000	-2.746384	-0.782171	0.508062	0.064159	0.601745	1.662067	-0.05730201452970505	5.925925925925925e-05	0.6017441749572754
357120	-2.746117	-0.781731	0.509224	0.064177	0.602023	1.664000	-0.05734440553933382	2.6337448559670777e-05	0.6020209789276123
357240	-2.744439	-0.781214	0.510912	0.064284	0.602441	1.666811	-0.05740036964416504	3.9506172839506166e-05	0.6024439930915833
357360	-2.743037	-0.780939	0.510923	0.064375	0.602604	1.666829	-0.05741546470671892	5.925925925925925e-05	0.602599561214447
357480	-2.743624	-0.780143	0.513129	0.064337	0.603315	1.670509	-0.05748493187129498	5.925925925925925e-05	0.6033095717430115
357600	-2.744813	-0.779524	0.513985	0.064260	0.603867	1.671941	-0.057540635392069814	3.9506172839506166e-05	0.6038614511489868
357720	-2.744539	-0.778908	0.513287	0.064278	0.604164	1.670774	-0.05759667716920376	3.9506172839506166e-05	0.6041635870933533
357840	-2.745303	-0.778612	0.514495	0.064229	0.604522	1.672793	-0.05762853845953941	8.888888888888888e-05	0.6045196056365967
357960	-2.744406	-0.778305	0.517401	0.064286	0.604925	1.677662	-0.057649201899766925	3.9506172839506166e-05	0.60491943359375
358080	-2.743664	-0.777803	0.518847	0.064334	0.605273	1.680089	-0.05770064741373062	3.9506172839506166e-05	0.6052718758583069
358200	-2.743520	-0.777164	0.520406	0.064343	0.605778	1.682710	-0.05775129310786724	3.9506172839506166e-05	0.6057724356651306
358320	-2.743012	-0.776676	0.521609	0.064376	0.606128	1.684736	-0.05779686197638512	1.7558299039780518e-05	0.6061214804649353
358440	-2.742427	-0.776165	0.522925	0.064414	0.606551	1.686954	-0.05784631446003914	3.9506172839506166e-05	0.606549859046936
358560	-2.742539	-0.775802	0.524150	0.064407	0.606852	1.689022	-0.057880524173378946	5.925925925925925e-05	0.6068493723869324
358680	-2.744267	-0.776083	0.524753	0.064295	0.606747	1.690042	-0.05785687100142241	2.6337448559670777e-05	0.6067458391189575
358800	-2.743179	-0.775436	0.525906	0.064365	0.607117	1.691992	-0.05791683867573738	3.9506172839506166e-05	0.6071199774742126
358920	-2.743258	-0.775117	0.526668	0.064360	0.607261	1.693282	-0.05794110894203186	3.9506172839506166e-05	0.6072598695755005
359040	-2.742915	-0.774686	0.527173	0.064382	0.607585	1.694137	-0.057982475869357585	5.925925925925925e-05	0.6075839400291443
359160	-2.743511	-0.774062	0.528014	0.064344	0.607998	1.695561	-0.058041317574679854	5.925925925925925e-05	0.6080009341239929
359280	-2.743356	-0.773311	0.528776	0.064354	0.608446	1.696854	-0.058106310106813906	5.925925925925925e-05	0.6084452867507935
359400	-2.744439	-0.772969	0.531493	0.064284	0.608949	1.701470	-0.05813574213534593	5.925925925925925e-05	0.6089481115341187
359520	-2.745254	-0.772865	0.531278	0.064232	0.609050	1.701105	-0.05814838651567698	5.925925925925925e-05	0.6090500950813293
359640	-2.745634	-0.772403	0.531467	0.064208	0.609328	1.701427	-0.05818521864712238	3.9506172839506166e-05	0.6093263030052185
359760	-2.745301	-0.771828	0.533830	0.064229	0.609803	1.705452	-0.05823694616556167	3.9506172839506166e-05	0.6097990274429321
359880	-2.744343	-0.771245	0.534634	0.064291	0.610198	1.706823	-0.05828807801008225	3.9506172839506166e-05	0.6101919412612915
360000	-2.743233	-0.770477	0.536244	0.064362	0.610718	1.709573	-0.05835409220308065	3.9506172839506166e-05	0.610713541507721
360120	-2.743225	-0.770142	0.537314	0.064362	0.611049	1.711404	-0.05838700421154499	3.9506172839506166e-05	0.6110467314720154
360240	-2.743865	-0.769453	0.537499	0.064321	0.611408	1.711721	-0.058446462452411654	2.6337448559670777e-05	0.6114031672477722
360360	-2.743364	-0.768739	0.539403	0.064353	0.611932	1.714983	-0.05851564854383469	3.9506172839506166e-05	0.6119310855865479
360480	-2.742932	-0.767915	0.540992	0.064381	0.612587	1.717710	-0.05858682207763195	1.7558299039780518e-05	0.6125834584236145
360600	-2.741217	-0.767178	0.541396	0.064492	0.613033	1.718405	-0.058652736619114874	3.9506172839506166e-05	0.6130295991897583
360720	-2.742712	-0.766472	0.541444	0.064395	0.613528	1.718487	-0.05871978476643562	5.925925925925925e-05	0.6135289072990417
360840	-2.741694	-0.766598	0.541148	0.064461	0.613505	1.717978	-0.05870884768664837	2.6337448559670777e-05	0.6134994029998779
360960	-2.742290	-0.766155	0.542489	0.064423	0.613933	1.720284	-0.05874678082764149	3.9506172839506166e-05	0.613929033279419
361080	-2.742636	-0.765830	0.543363	0.064400	0.614235	1.721787	-0.058772783167660235	3.9506172839506166e-05	0.6142261028289795
361200	-2.742268	-0.765090	0.544594	0.064424	0.614755	1.723909	-0.05883888863027096	3.9506172839506166e-05	0.6147477030754089
361320	-2.740137	-0.764332	0.544971	0.064561	0.615217	1.724558	-0.05891148392111063	1.7558299039780518e-05	0.615214467048645
361440	-2.740731	-0.764495	0.544821	0.064523	0.615171	1.724300	-0.05890363063663244	3.9506172839506166e-05	0.615172803401947
361560	-2.741171	-0.764311	0.545833	0.064495	0.615362	1.726046	-0.058908347599208356	2.6337448559670777e-05	0.6153574585914612
361680	-2.739933	-0.763468	0.545978	0.064575	0.615841	1.726295	-0.058985191956162454	5.925925925925925e-05	0.6158376932144165
361800	-2.740145	-0.763167	0.546908	0.064561	0.616107	1.727902	-0.05901463609188795	3.9506172839506166e-05	0.6161036491394043
361920	-2.739729	-0.762613	0.546274	0.064588	0.616328	1.726807	-0.05906100422143936	5.925925925925925e-05	0.6163210272789001
362040	-2.738735	-0.762025	0.546684	0.064652	0.616776	1.727515	-0.05911437887698412	3.9506172839506166e-05	0.6167710423469543
362160	-2.737337	-0.760865	0.548586	0.064743	0.617553	1.730804	-0.05921977572143078	2.6337448559670777e-05	0.6175495386123657
362280	-2.737228	-0.760069	0.547815	0.064750	0.617973	1.729469	-0.05928927902132273	2.6337448559670777e-05	0.6179683804512024
362400	-2.737740	-0.759178	0.548113	0.064716	0.618593	1.729985	-0.05937347002327442	3.9506172839506166e-05	0.6185896992683411
362520	-2.737734	-0.759041	0.548751	0.064717	0.618724	1.731089	-0.05938817597925663	2.6337448559670777e-05	0.6187229752540588
362640	-2.737205	-0.758792	0.549115	0.064751	0.618975	1.731720	-0.059413226507604125	3.9506172839506166e-05	0.618974506855011
362760	-2.736677	-0.758483	0.550103	0.064785	0.619274	1.733432	-0.05943759437650442	2.6337448559670777e-05	0.6192710399627686
362880	-2.736417	-0.758061	0.550730	0.064802	0.619617	1.734519	-0.05947408638894558	2.6337448559670777e-05	0.6196142435073853
363000	-2.736678	-0.757722	0.550891	0.064785	0.619842	1.734797	-0.05949643589556217	3.9506172839506166e-05	0.6198275089263916
363120	-2.735737	-0.756783	0.552522	0.064846	0.620486	1.737630	-0.05958739537745714	3.9506172839506166e-05	0.6204801797866821
363240	-2.737001	-0.756296	0.552458	0.064764	0.620847	1.737518	-0.05963194388896227	3.9506172839506166e-05	0.6208407878875732
363360	-2.736724	-0.755728	0.553982	0.064782	0.621224	1.740168	-0.05968338549137116	3.9506172839506166e-05	0.6212178468704224
363480	-2.735742	-0.754997	0.555915	0.064846	0.621705	1.743536	-0.059753008931875226	3.9506172839506166e-05	0.6217045783996582
363600	-2.735015	-0.754087	0.556628	0.064893	0.622380	1.744780	-0.05982600059360266	3.9506172839506166e-05	0.622371256351471
363720	-2.734069	-0.753279	0.557449	0.064954	0.623043	1.746213	-0.05990403033792972	5.925925925925925e-05	0.6230344176292419
363840	-2.733176	-0.752498	0.558864	0.065012	0.623663	1.748685	-0.059965955838561055	5.925925925925925e-05	0.6236496567726135
363960	-2.732703	-0.752366	0.558662	0.065043	0.623712	1.748332	-0.05998987779021263	2.6337448559670777e-05	0.6237095594406128
364080	-2.731608	-0.751907	0.559742	0.065115	0.624040	1.750221	-0.06002728920429945	3.9506172839506166e-05	0.6240350008010864
364200	-2.730201	-0.751237	0.560274	0.065206	0.624492	1.751153	-0.06008734498172998	2.6337448559670777e-05	0.6244869828224182
364320	-2.728665	-0.750674	0.561634	0.065306	0.624889	1.753535	-0.06013628132641315	3.9506172839506166e-05	0.6248815655708313
364440	-2.727535	-0.750145	0.562982	0.065380	0.625216	1.755901	-0.060188465565443036	5.925925925925925e-05	0.6252167224884033
364560	-2.728551	-0.749821	0.563274	0.065314	0.625444	1.756414	-0.0602243896573782	3.9506172839506166e-05	0.6254448294639587
364680	-2.727067	-0.749624	0.564869	0.065411	0.625614	1.759217	-0.06023235581815243	5.925925925925925e-05	0.6256109476089478
364800	-2.727016	-0.749152	0.565024	0.065414	0.626001	1.759490	-0.06027680691331625	3.9506172839506166e-05	0.6260005831718445
364920	-2.726531	-0.748795	0.567070	0.065446	0.626388	1.763094	-0.060312471352517605	3.9506172839506166e-05	0.6263863444328308
365040	-2.726614	-0.748762	0.565758	0.065441	0.626450	1.760781	-0.060310438834130765	3.9506172839506166e-05	0.6264472007751465
365160	-2.724756	-0.748280	0.566605	0.065562	0.626841	1.762274	-0.06035439185798168	3.9506172839506166e-05	0.6268382668495178
365280	-2.724056	-0.747398	0.567091	0.065608	0.627417	1.763131	-0.06043208595365286	2.6337448559670777e-05	0.627415120601654
365400	-2.723304	-0.746925	0.569156	0.065657	0.627815	1.766775	-0.06047863494604826	2.6337448559670777e-05	0.6278113722801208
365520	-2.722637	-0.746233	0.570655	0.065701	0.628319	1.769426	-0.06053608749061823	3.9506172839506166e-05	0.6283144950866699
365640	-2.722759	-0.745756	0.570674	0.065693	0.628678	1.769460	-0.060583573393523694	3.9506172839506166e-05	0.6286749839782715
365760	-2.723599	-0.745284	0.570817	0.065638	0.629053	1.769712	-0.06063271649181843	5.925925925925925e-05	0.6290570497512817
365880	-2.725044	-0.745050	0.572276	0.065543	0.629465	1.772297	-0.0606466006487608	1.7558299039780518e-05	0.6294636726379395
366000	-2.723213	-0.744575	0.573173	0.065663	0.629709	1.773887	-0.06068989485502243	3.9506172839506166e-05	0.6297072172164917
366120	-2.721083	-0.743446	0.573574	0.065803	0.630315	1.774598	-0.060785706527531146	5.925925925925925e-05	0.6303102970123291
366240	-2.719861	-0.742625	0.575770	0.065884	0.631000	1.778499	-0.0608578534796834	3.9506172839506166e-05	0.6309943199157715
366360	-2.718732	-0.741737	0.576773	0.065958	0.631532	1.780285	-0.06094334218651056	3.9506172839506166e-05	0.6315302848815918
366480	-2.718932	-0.741247	0.578717	0.065945	0.631972	1.783748	-0.06098484769463539	3.9506172839506166e-05	0.6319668889045715
366600	-2.718353	-0.740861	0.580988	0.065983	0.632360	1.787803	-0.06102612372487783	5.925925925925925e-05	0.6323558688163757
366720	-2.718441	-0.740993	0.581459	0.065978	0.632331	1.788647	-0.06101456433534622	3.9506172839506166e-05	0.6323292851448059
366840	-2.717934	-0.740411	0.582504	0.066011	0.632764	1.790516	-0.06106116492301226	2.6337448559670777e-05	0.6327574849128723
366960	-2.716948	-0.740206	0.582955	0.066076	0.632936	1.791325	-0.061081298626959324	3.9506172839506166e-05	0.6329342722892761
367080	-2.717245	-0.739694	0.583065	0.066056	0.633294	1.791521	-0.061130494624376294	3.9506172839506166e-05	0.6332941651344299
367200	-2.715715	-0.739226	0.583475	0.066158	0.633694	1.792256	-0.061171441525220874	3.9506172839506166e-05	0.6336905360221863
367320	-2.715519	-0.738557	0.583442	0.066171	0.634125	1.792197	-0.061228998377919196	3.9506172839506166e-05	0.6341216564178467
367440	-2.713865	-0.737835	0.583718	0.066280	0.634575	1.792692	-0.061289531737565996	5.925925925925925e-05	0.6345642805099487
367560	-2.712678	-0.737013	0.585103	0.066359	0.635159	1.795177	-0.061360655911266805	5.925925925925925e-05	0.6351496577262878
367680	-2.712161	-0.736329	0.586221	0.066393	0.635666	1.797185	-0.061428702995181085	3.9506172839506166e-05	0.6356605291366577
367800	-2.711704	-0.735222	0.588458	0.066424	0.636552	1.801208	-0.061524076387286186	5.925925925925925e-05	0.6365445256233215
367920	-2.711935	-0.734709	0.588840	0.066408	0.636973	1.801896	-0.061576401069760325	2.6337448559670777e-05	0.6369686722755432
368040	-2.711803	-0.733824	0.590362	0.066417	0.637651	1.804642	-0.06164632216095924	5.925925925925925e-05	0.6376398205757141
368160	-2.712800	-0.732935	0.589921	0.066351	0.638184	1.803847	-0.061737350560724734	3.9506172839506166e-05	0.6381790637969971
368280	-2.713233	-0.732197	0.591350	0.066322	0.638708	1.806426	-0.0617980470880866	5.925925925925925e-05	0.6387020945549011
368400	-2.712968	-0.731355	0.592432	0.066340	0.639258	1.808381	-0.06187609545886517	5.925925925925925e-05	0.6392523646354675
368520	-2.714306	-0.730998	0.593635	0.066251	0.639641	1.810557	-0.061911790445446965	3.9506172839506166e-05	0.6396382451057434
368640	-2.715816	-0.730661	0.595682	0.066151	0.640027	1.814267	-0.06193739268928766	3.9506172839506166e-05	0.6400203704833984
368760	-2.715643	-0.730261	0.596883	0.066162	0.640420	1.816447	-0.06197704523801804	1.7558299039780518e-05	0.6404179334640503
368880	-2.715605	-0.729547	0.598393	0.066165	0.641077	1.819193	-0.062032438814640045	3.9506172839506166e-05	0.6410690546035767
369000	-2.714530	-0.728836	0.598175	0.066236	0.641702	1.818797	-0.062109426595270634	5.925925925925925e-05	0.6416993141174316
369120	-2.713681	-0.728449	0.598791	0.066292	0.641945	1.819918	-0.062131797336041926	2.6337448559670777e-05	0.6419362425804138
369240	-2.713457	-0.727601	0.599290	0.066307	0.642574	1.820826	-0.06220479160547256	3.9506172839506166e-05	0.6425621509552002
369360	-2.713416	-0.726901	0.601038	0.066310	0.643148	1.824010	-0.062274891696870324	5.925925925925925e-05	0.6431423425674438
369480	-2.714648	-0.726155	0.602744	0.066228	0.643792	1.827125	-0.06233808659017086	1.7558299039780518e-05	0.6437848210334778
369600	-2.713931	-0.725222	0.603844	0.066276	0.644421	1.829136	-0.0624268414452672	3.9506172839506166e-05	0.6444169282913208
369720	-2.713399	-0.724299	0.605382	0.066311	0.645090	1.831951	-0.06250582356005907	3.9506172839506166e-05	0.6450801491737366
369840	-2.713280	-0.723764	0.605725	0.066319	0.645343	1.832580	-0.06255504749715328	2.6337448559670777e-05	0.6453330516815186
369960	-2.712669	-0.722910	0.606752	0.066359	0.646057	1.834464	-0.06263517811894417	2.6337448559670777e-05	0.6460534334182739
370080	-2.712132	-0.722186	0.608078	0.066395	0.646605	1.836898	-0.06270064003765582	3.9506172839506166e-05	0.6466009616851807
370200	-2.713568	-0.721698	0.609067	0.066300	0.647051	1.838716	-0.06274224258959293	3.9506172839506166e-05	0.6470450162887573
370320	-2.713253	-0.721063	0.609427	0.066321	0.647531	1.839377	-0.06280201487243176	2.6337448559670777e-05	0.6475273370742798
370440	-2.712118	-0.720340	0.608974	0.066396	0.647877	1.838545	-0.06286178529262543	2.6337448559670777e-05	0.6478727459907532
370560	-2.712780	-0.719791	0.610650	0.066352	0.648291	1.841628	-0.0629175316542387	3.9506172839506166e-05	0.6482886672019958
370680	-2.712343	-0.719739	0.613160	0.066381	0.648470	1.846256	-0.06292000971734524	5.925925925925925e-05	0.6484633684158325
370800	-2.711711	-0.719481	0.613811	0.066423	0.648682	1.847459	-0.06294670216739177	5.925925925925925e-05	0.6486769318580627
370920	-2.713134	-0.719368	0.614375	0.066329	0.649027	1.848501	-0.06295976713299752	3.9506172839506166e-05	0.6490258574485779
371040	-2.713866	-0.719255	0.616624	0.066280	0.649141	1.852662	-0.06296726353466511	5.925925925925925e-05	0.6491363644599915
371160	-2.713197	-0.718790	0.617384	0.066324	0.649499	1.854071	-0.06300746798515319	3.9506172839506166e-05	0.6494953036308289
371280	-2.714727	-0.718385	0.618252	0.066223	0.649919	1.855682	-0.06304246746003628	5.925925925925925e-05	0.6499127149581909
371400	-2.715654	-0.718144	0.619090	0.066162	0.650215	1.857237	-0.06306464076042176	3.9506172839506166e-05	0.6502100229263306
371520	-2.715867	-0.717477	0.619392	0.066148	0.650660	1.857798	-0.06311319880187512	5.925925925925925e-05	0.650645911693573
371640	-2.716763	-0.716310	0.621141	0.066088	0.651564	1.861051	-0.06322430782020091	5.925925925925925e-05	0.65155029296875
371760	-2.716820	-0.716033	0.623577	0.066085	0.652029	1.865590	-0.06325396969914436	2.6337448559670777e-05	0.6520252823829651
371880	-2.717500	-0.715318	0.624269	0.066040	0.652588	1.866880	-0.06331959255039692	3.9506172839506166e-05	0.6525841951370239
372000	-2.717952	-0.714498	0.623817	0.066010	0.653035	1.866037	-0.06339112818241119	5.925925925925925e-05	0.6530293226242065
372120	-2.718953	-0.714011	0.623128	0.065944	0.653374	1.864753	-0.06344212181866168	3.9506172839506166e-05	0.6533705592155457
372240	-2.719656	-0.713598	0.624665	0.065897	0.653817	1.867621	-0.06347545087337494	2.6337448559670777e-05	0.653812825679779
372360	-2.719123	-0.713303	0.626438	0.065933	0.654324	1.870934	-0.06350243799388408	2.6337448559670777e-05	0.6543194651603699
372480	-2.721785	-0.712758	0.627015	0.065757	0.654784	1.872015	-0.06355253346264363	5.925925925925925e-05	0.6547794342041016
372600	-2.722017	-0.712369	0.627100	0.065742	0.655084	1.872174	-0.06359523981809616	5.925925925925925e-05	0.655088484287262
372720	-2.723479	-0.712199	0.628552	0.065646	0.655418	1.874894	-0.06361277177929878	5.925925925925925e-05	0.6554195880889893
372840	-2.724027	-0.712280	0.629868	0.065610	0.655640	1.877362	-0.06359476558864116	5.925925925925925e-05	0.6556363105773926
372960	-2.724225	-0.711918	0.631890	0.065597	0.655905	1.881163	-0.06363056376576423	5.925925925925925e-05	0.6559029221534729
373080	-2.723937	-0.711491	0.632608	0.065616	0.656328	1.882514	-0.06366287171840668	2.6337448559670777e-05	0.6563224792480469
373200	-2.725026	-0.711374	0.632394	0.065544	0.656502	1.882111	-0.0636878527700901	5.925925925925925e-05	0.6565027832984924
373320	-2.725600	-0.710950	0.633306	0.065507	0.656833	1.883828	-0.06371235214173794	5.925925925925925e-05	0.656829833984375
373440	-2.727250	-0.710626	0.632645	0.065399	0.657074	1.882583	-0.06374168880283833	5.925925925925925e-05	0.6570696234703064
373560	-2.727776	-0.710156	0.632663	0.065365	0.657287	1.882618	-0.06378922797739506	5.925925925925925e-05	0.6572823524475098
373680	-2.726985	-0.709522	0.632401	0.065416	0.657576	1.882124	-0.06384210549294948	5.925925925925925e-05	0.6575747132301331
373800	-2.727990	-0.709321	0.635425	0.065351	0.657895	1.887825	-0.06386770233511925	5.925925925925925e-05	0.6578945517539978
373920	-2.729649	-0.708791	0.638248	0.065242	0.658506	1.893161	-0.0639033529907465	8.888888888888888e-05	0.6585003733634949
374040	-2.728954	-0.708204	0.638195	0.065288	0.658794	1.893060	-0.06396372318267822	5.925925925925925e-05	0.6587872505187988
374160	-2.727191	-0.707782	0.639528	0.065403	0.659059	1.895586	-0.06399633213877678	2.6337448559670777e-05	0.6590549349784851
374280	-2.727622	-0.707671	0.640292	0.065375	0.659201	1.897035	-0.06401087082922459	2.6337448559670777e-05	0.6591981053352356
374400	-2.727787	-0.706912	0.641220	0.065364	0.659815	1.898795	-0.06407727338373662	3.9506172839506166e-05	0.6598101854324341
374520	-2.727973	-0.706601	0.641856	0.065352	0.659957	1.900004	-0.06410440057516098	3.9506172839506166e-05	0.6599547863006592
374640	-2.730454	-0.705869	0.642174	0.065190	0.660574	1.900608	-0.06417546197772026	5.925925925925925e-05	0.6605680584907532
374760	-2.730155	-0.705242	0.643104	0.065209	0.661091	1.902377	-0.0642317347228527	3.9506172839506166e-05	0.6610897183418274
374880	-2.730064	-0.705183	0.644491	0.065215	0.661191	1.905017	-0.06423591561615467	3.9506172839506166e-05	0.6611874103546143
375000	-2.729931	-0.704689	0.645982	0.065224	0.661690	1.907860	-0.06426807008683681	5.925925925925925e-05	0.6616759300231934
375120	-2.730220	-0.703938	0.648918	0.065205	0.662386	1.913469	-0.06434812508523464	5.925925925925925e-05	0.6623847484588623
375240	-2.731095	-0.703527	0.650759	0.065148	0.662882	1.916995	-0.06438182890415192	3.9506172839506166e-05	0.6628778576850891
375360	-2.732051	-0.703259	0.650718	0.065086	0.663197	1.916917	-0.06440313011407853	3.9506172839506166e-05	0.6631946563720703
375480	-2.730883	-0.702991	0.651384	0.065162	0.663356	1.918193	-0.06442662365734578	3.9506172839506166e-05	0.6633506417274475
375600	-2.730008	-0.702340	0.652439	0.065219	0.663863	1.920219	-0.06448552012443542	5.925925925925925e-05	0.6638563871383667
375720	-2.729425	-0.701753	0.653703	0.065257	0.664230	1.922648	-0.06454483494162559	3.9506172839506166e-05	0.6642318367958069
375840	-2.730045	-0.701323	0.654335	0.065216	0.664467	1.923863	-0.06458709053695202	3.9506172839506166e-05	0.6644667387008667
375960	-2.729746	-0.700779	0.655440	0.065236	0.664924	1.925990	-0.06462574750185013	2.6337448559670777e-05	0.6649175882339478
376080	-2.730535	-0.700492	0.656049	0.065184	0.665196	1.927164	-0.06465457305312157	2.6337448559670777e-05	0.6651912331581116
376200	-2.731412	-0.699991	0.657707	0.065127	0.665618	1.930361	-0.06469342708587647	2.6337448559670777e-05	0.6656090617179871
376320	-2.732045	-0.699038	0.658848	0.065086	0.666382	1.932565	-0.06478333175182342	3.9506172839506166e-05	0.6663750410079956
376440	-2.731964	-0.698639	0.658942	0.065091	0.666705	1.932747	-0.06482451967895031	3.9506172839506166e-05	0.6667037606239319
376560	-2.733816	-0.697717	0.660433	0.064971	0.667448	1.935631	-0.06490803398191929	3.9506172839506166e-05	0.6674445867538452
376680	-2.733418	-0.696959	0.662530	0.064997	0.668181	1.939693	-0.06496802680194377	5.925925925925925e-05	0.6681737303733826
376800	-2.734440	-0.696326	0.664342	0.064930	0.668710	1.943210	-0.06502417996525764	5.925925925925925e-05	0.6687036752700806
376920	-2.734360	-0.695719	0.665505	0.064936	0.669225	1.945473	-0.06508107334375382	3.9506172839506166e-05	0.669215977191925
377040	-2.733425	-0.695341	0.668512	0.064996	0.669835	1.951332	-0.06511852331459522	5.925925925925925e-05	0.6698285341262817
377160	-2.733673	-0.695356	0.667539	0.064980	0.669900	1.949434	-0.06512783803045749	5.925925925925925e-05	0.6699017286300659
377280	-2.733120	-0.695011	0.668388	0.065016	0.670166	1.951089	-0.06514809764921665	5.925925925925925e-05	0.670165479183197
377400	-2.732459	-0.694701	0.669714	0.065059	0.670465	1.953678	-0.06517981812357902	3.9506172839506166e-05	0.6704633831977844
377520	-2.731971	-0.694324	0.670110	0.065091	0.670731	1.954453	-0.0652119543403387	5.925925925925925e-05	0.6707280278205872
377640	-2.730815	-0.693671	0.671121	0.065166	0.671232	1.956430	-0.06526653543114662	2.6337448559670777e-05	0.6712276935577393
377760	-2.731236	-0.693029	0.671674	0.065139	0.671808	1.957511	-0.06532002910971642	3.9506172839506166e-05	0.671795666217804
377880	-2.730596	-0.692502	0.671283	0.065180	0.672073	1.956745	-0.06537537872791291	3.9506172839506166e-05	0.6720716953277588
378000	-2.729902	-0.691678	0.673446	0.065226	0.672750	1.960984	-0.06544967517256736	5.925925925925925e-05	0.6727461814880371
378120	-2.731492	-0.691413	0.673302	0.065122	0.672977	1.960701	-0.0654712025076151	3.9506172839506166e-05	0.6729739308357239
378240	-2.730904	-0.690771	0.674617	0.065160	0.673433	1.963280	-0.06553087420761586	3.9506172839506166e-05	0.6734283566474915
378360	-2.731157	-0.689964	0.674952	0.065144	0.674001	1.963938	-0.06559386141598225	5.925925925925925e-05	0.6739926338195801
378480	-2.732059	-0.689665	0.675011	0.065085	0.674155	1.964054	-0.06563125438988208	2.6337448559670777e-05	0.6741518378257751
378600	-2.734380	-0.689247	0.676561	0.064934	0.674712	1.967101	-0.06566842831671238	3.9506172839506166e-05	0.6747071146965027
378720	-2.736218	-0.688958	0.677844	0.064815	0.675122	1.969627	-0.06569370292127133	3.9506172839506166e-05	0.6751177906990051
378840	-2.736655	-0.688601	0.677844	0.064787	0.675432	1.969626	-0.06572348289191723	5.925925925925925e-05	0.6754265427589417
378960	-2.736788	-0.687971	0.680185	0.064778	0.675986	1.974242	-0.06577271148562432	2.6337448559670777e-05	0.6759770512580872
379080	-2.736827	-0.687571	0.681742	0.064776	0.676487	1.977320	-0.06581888869404792	5.925925925925925e-05	0.676479160785675
379200	-2.737892	-0.687083	0.682296	0.064707	0.676962	1.978415	-0.0658578921109438	3.9506172839506166e-05	0.6769515872001648
379320	-2.738201	-0.686458	0.682865	0.064687	0.677427	1.979541	-0.06591908931732178	2.6337448559670777e-05	0.6774222254753113
379440	-2.739656	-0.686270	0.683613	0.064593	0.677635	1.981022	-0.06593407392501831	3.9506172839506166e-05	0.6776302456855774
379560	-2.738113	-0.685822	0.684740	0.064692	0.677996	1.983256	-0.06597477979958058	5.925925925925925e-05	0.6779929995536804
379680	-2.738313	-0.685503	0.685823	0.064679	0.678132	1.985404	-0.06600616574287414	5.925925925925925e-05	0.6781290173530579
379800	-2.737548	-0.685124	0.685615	0.064729	0.678234	1.984992	-0.06604384370148182	5.925925925925925e-05	0.678238570690155
379920	-2.737776	-0.684560	0.686770	0.064714	0.678741	1.987286	-0.06609017886221409	3.9506172839506166e-05	0.6787368059158325
380040	-2.737445	-0.684215	0.687767	0.064736	0.679012	1.989268	-0.06612010076642036	3.9506172839506166e-05	0.6790044903755188
380160	-2.737921	-0.683961	0.688746	0.064705	0.679330	1.991218	-0.06614585183560848	5.925925925925925e-05	0.679327130317688
380280	-2.737179	-0.683124	0.689249	0.064753	0.679867	1.992218	-0.06621350347995758	3.9506172839506166e-05	0.6798610091209412
380400	-2.736116	-0.682574	0.689237	0.064822	0.680196	1.992195	-0.06627373099327087	5.925925925925925e-05	0.6801948547363281
380520	-2.736441	-0.682152	0.691012	0.064801	0.680662	1.995734	-0.0662980169057846	5.925925925925925e-05	0.6806516051292419
380640	-2.735120	-0.681323	0.693071	0.064886	0.681357	1.999847	-0.06637582816183567	3.9506172839506166e-05	0.6813492774963379
380760	-2.734875	-0.680977	0.693615	0.064902	0.681573	2.000936	-0.066420404240489	3.9506172839506166e-05	0.681575357913971
380880	-2.735348	-0.680816	0.692695	0.064871	0.681588	1.999096	-0.06642067767679691	5.925925925925925e-05	0.6815845370292664
381000	-2.734906	-0.680159	0.693658	0.064900	0.682079	2.001022	-0.06648145467042924	3.9506172839506166e-05	0.6820740103721619
381120	-2.735643	-0.679389	0.693237	0.064852	0.682532	2.000179	-0.06655407249927521	3.9506172839506166e-05	0.6825270652770996
381240	-2.734991	-0.678820	0.693881	0.064895	0.682932	2.001468	-0.06660776101052761	2.6337448559670777e-05	0.6829310059547424
381360	-2.734277	-0.678241	0.694129	0.064941	0.683421	2.001964	-0.06666661724448204	3.9506172839506166e-05	0.6834223866462708
381480	-2.735593	-0.678177	0.694445	0.064856	0.683666	2.002598	-0.0666591614484787	3.9506172839506166e-05	0.6836562156677246
381600	-2.735200	-0.677669	0.695775	0.064881	0.684172	2.005262	-0.06670845448970794	5.925925925925925e-05	0.6841625571250916
381720	-2.735308	-0.676894	0.696234	0.064874	0.684754	2.006183	-0.066773072630167	5.925925925925925e-05	0.684744656085968
381840	-2.735062	-0.676065	0.696547	0.064890	0.685533	2.006812	-0.06685281507670879	2.6337448559670777e-05	0.6855295300483704
381960	-2.734767	-0.675139	0.698346	0.064909	0.686307	2.010424	-0.06692618876695633	5.925925925925925e-05	0.6862964034080505
382080	-2.732953	-0.674808	0.698714	0.065027	0.686499	2.011164	-0.06696489304304123	3.9506172839506166e-05	0.6864921450614929
382200	-2.732243	-0.674475	0.699789	0.065073	0.686763	2.013329	-0.06699706204235553	5.925925925925925e-05	0.686758816242218
382320	-2.732080	-0.673644	0.701643	0.065084	0.687498	2.017065	-0.0670725017786026	3.9506172839506166e-05	0.6874942183494568
382440	-2.732441	-0.672870	0.701523	0.065060	0.687997	2.016822	-0.06712967306375503	5.925925925925925e-05	0.6879867315292358
382560	-2.733516	-0.672196	0.702937	0.064990	0.688609	2.019676	-0.06719982884824276	5.925925925925925e-05	0.6885981559753418
382680	-2.734349	-0.671974	0.703374	0.064936	0.688910	2.020558	-0.06721910573542118	5.925925925925925e-05	0.6889015436172485
382800	-2.735324	-0.671253	0.704273	0.064873	0.689546	2.022377	-0.06727919355034828	5.925925925925925e-05	0.68953537940979
382920	-2.734640	-0.670651	0.705086	0.064917	0.690137	2.024020	-0.06734006330370904	3.9506172839506166e-05	0.6901360750198364
383040	-2.735619	-0.670283	0.705670	0.064854	0.690467	2.025203	-0.06737436391413212	2.6337448559670777e-05	0.6904625296592712
383160	-2.735628	-0.669952	0.705949	0.064853	0.690707	2.025767	-0.06740713901817799	3.9506172839506166e-05	0.6907040476799011
383280	-2.736036	-0.669672	0.706536	0.064827	0.690999	2.026958	-0.06742826141417027	5.925925925925925e-05	0.6909968852996826
383400	-2.737002	-0.669548	0.705194	0.064764	0.691075	2.024240	-0.06744360439479351	3.9506172839506166e-05	0.6910739541053772
383520	-2.737917	-0.669248	0.705933	0.064705	0.691441	2.025735	-0.06747046895325184	5.925925925925925e-05	0.6914383172988892
383640	-2.739104	-0.668843	0.707976	0.064628	0.691942	2.029878	-0.0675068136304617	5.925925925925925e-05	0.6919364929199219
383760	-2.740390	-0.668298	0.710098	0.064545	0.692603	2.034191	-0.06754898130893708	3.9506172839506166e-05	0.692595899105072
383880	-2.740727	-0.667809	0.711602	0.064523	0.693056	2.037252	-0.06759422346949577	3.9506172839506166e-05	0.6930521726608276
384000	-2.740335	-0.667031	0.712707	0.064549	0.693704	2.039505	-0.06765739805996418	2.6337448559670777e-05	0.6936931610107422
384120	-2.740307	-0.666332	0.713498	0.064551	0.694310	2.041119	-0.0677272655069828	3.9506172839506166e-05	0.6943026781082153
384240	-2.739399	-0.665685	0.715300	0.064609	0.694889	2.044800	-0.06778896935284137	1.7558299039780518e-05	0.6948847770690918
384360	-2.739155	-0.665114	0.716678	0.064625	0.695465	2.047620	-0.06784047149121761	2.6337448559670777e-05	0.6954611539840698
384480	-2.738794	-0.664563	0.717130	0.064648	0.695913	2.048544	-0.06788641177117824	3.9506172839506166e-05	0.6959089636802673
384600	-2.737493	-0.663698	0.717407	0.064732	0.696426	2.049113	-0.06796220354735852	5.925925925925925e-05	0.6964190006256104
384720	-2.737622	-0.663246	0.718208	0.064724	0.696852	2.050756	-0.06801101714372634	2.6337448559670777e-05	0.6968477368354797
384840	-2.738910	-0.662466	0.720191	0.064641	0.697657	2.054826	-0.06807553060352803	3.9506172839506166e-05	0.6976478099822998
384960	-2.739063	-0.661839	0.719659	0.064631	0.698258	2.053733	-0.06813541166484356	2.6337448559670777e-05	0.6982555985450745
385080	-2.738091	-0.661149	0.721102	0.064694	0.698818	2.056699	-0.06819984577596187	3.9506172839506166e-05	0.6988183259963989
385200	-2.739963	-0.660785	0.721592	0.064573	0.699193	2.057707	-0.0682268001139164	5.925925925925925e-05	0.6991860270500183
385320	-2.739504	-0.660551	0.721992	0.064602	0.699480	2.058530	-0.06825283952057362	3.9506172839506166e-05	0.69947749376297
385440	-2.739627	-0.660464	0.723716	0.064594	0.699790	2.062083	-0.06826726235449314	5.925925925925925e-05	0.6997935175895691
385560	-2.740652	-0.660084	0.725673	0.064528	0.700084	2.066121	-0.06829932145774364	3.9506172839506166e-05	0.7000805735588074
385680	-2.740728	-0.659818	0.726192	0.064523	0.700271	2.067194	-0.06831877566874027	2.6337448559670777e-05	0.7002704739570618
385800	-2.740000	-0.659156	0.727636	0.064570	0.700900	2.070180	-0.06837021782994271	2.6337448559670777e-05	0.7008885741233826
385920	-2.739184	-0.658488	0.728943	0.064623	0.701425	2.072889	-0.06843078210949897	3.9506172839506166e-05	0.701414167881012
386040	-2.739272	-0.657466	0.728916	0.064617	0.702222	2.072831	-0.06852158978581428	5.925925925925925e-05	0.702216386795044
386160	-2.738234	-0.657098	0.727524	0.064685	0.702382	2.069949	-0.06855820715427399	1.7558299039780518e-05	0.7023749351501465
386280	-2.737629	-0.656750	0.728662	0.064724	0.702703	2.072305	-0.06858828254044055	3.9506172839506166e-05	0.7026941776275635
386400	-2.736966	-0.655928	0.729683	0.064767	0.703320	2.074423	-0.06866704411804676	2.6337448559670777e-05	0.7033159732818604
386520	-2.737039	-0.655430	0.729570	0.064762	0.703729	2.074188	-0.06871656626462937	3.9506172839506166e-05	0.7037285566329956
386640	-2.736066	-0.654983	0.729725	0.064825	0.704057	2.074511	-0.06874792836606503	2.6337448559670777e-05	0.7040529847145081
386760	-2.735713	-0.654265	0.730283	0.064848	0.704709	2.075668	-0.06880321688950061	5.925925925925925e-05	0.7046917676925659
386880	-2.735213	-0.653545	0.730576	0.064880	0.705110	2.076276	-0.06887985058128834	3.9506172839506166e-05	0.7051066756248474
387000	-2.734792	-0.653111	0.731312	0.064908	0.705378	2.077806	-0.06892129741609096	3.9506172839506166e-05	0.7053772211074829
387120	-2.734603	-0.652392	0.731804	0.064920	0.705937	2.078828	-0.0689849853515625	5.925925925925925e-05	0.7059344053268433
387240	-2.734103	-0.651964	0.733466	0.064952	0.706451	2.082285	-0.06902738027274609	5.925925925925925e-05	0.7064526677131653
387360	-2.735260	-0.651698	0.736274	0.064877	0.706956	2.088141	-0.0690512027591467	3.9506172839506166e-05	0.7069548964500427
387480	-2.735501	-0.651060	0.738020	0.064862	0.707524	2.091789	-0.069108172878623	3.9506172839506166e-05	0.7075234055519104
387600	-2.736148	-0.650678	0.738447	0.064820	0.707840	2.092683	-0.06913881190121174	3.9506172839506166e-05	0.7078368067741394
387720	-2.736342	-0.650174	0.739918	0.064807	0.708295	2.095764	-0.06918252781033515	3.9506172839506166e-05	0.7082890272140503
387840	-2.738167	-0.649483	0.741177	0.064689	0.708872	2.098404	-0.0692400462925434	5.925925925925925e-05	0.7088593244552612
387960	-2.738559	-0.648771	0.741291	0.064663	0.709461	2.098643	-0.06930832788348198	2.6337448559670777e-05	0.7094562649726868
388080	-2.738651	-0.648184	0.741648	0.064658	0.709997	2.099393	-0.0693528950214386	1.7558299039780518e-05	0.7099882960319519
388200	-2.738968	-0.647418	0.742513	0.064637	0.710582	2.101208	-0.06943145953118801	3.9506172839506166e-05	0.7105755805969238
388320	-2.738287	-0.646408	0.743871	0.064681	0.711343	2.104064	-0.06951910369098187	2.6337448559670777e-05	0.7113364338874817
388440	-2.738257	-0.645826	0.743900	0.064683	0.711752	2.104126	-0.0695732805877924	3.9506172839506166e-05	0.7117499113082886
388560	-2.739509	-0.644882	0.744782	0.064602	0.712372	2.105982	-0.06965301968157292	3.9506172839506166e-05	0.7123649716377258
388680	-2.742761	-0.644685	0.745096	0.064392	0.712575	2.106643	-0.06968161575496197	2.6337448559670777e-05	0.7125737071037292
388800	-2.742653	-0.644115	0.744762	0.064399	0.712853	2.105941	-0.06972928568720818	5.925925925925925e-05	0.7128496766090393
388920	-2.743388	-0.643746	0.745454	0.064352	0.713291	2.107397	-0.06976551935076714	3.9506172839506166e-05	0.7132894992828369
389040	-2.743313	-0.643256	0.744149	0.064357	0.713452	2.104649	-0.06980626545846462	5.925925925925925e-05	0.7134482860565186
389160	-2.744477	-0.642593	0.744499	0.064282	0.714075	2.105386	-0.06986685283482075	5.925925925925925e-05	0.7140692472457886
389280	-2.744087	-0.641704	0.744991	0.064307	0.714808	2.106423	-0.06993591263890267	3.9506172839506166e-05	0.7147984504699707
389400	-2.744455	-0.641019	0.744406	0.064283	0.715220	2.105191	-0.07000662386417389	3.9506172839506166e-05	0.7152180075645447
389520	-2.742916	-0.639984	0.744982	0.064382	0.715948	2.106404	-0.07009583599865436	2.6337448559670777e-05	0.7159424424171448
389640	-2.742279	-0.638954	0.746593	0.064423	0.716824	2.109801	-0.07018217258155346	3.9506172839506166e-05	0.7168093323707581
389760	-2.742962	-0.638755	0.747522	0.064379	0.717112	2.111761	-0.07020953185856342	2.6337448559670777e-05	0.717105507850647
389880	-2.742038	-0.638049	0.747689	0.064439	0.717494	2.112113	-0.07027387842535973	2.6337448559670777e-05	0.7174910306930542
390000	-2.741558	-0.637463	0.746078	0.064470	0.717796	2.108714	-0.07032541409134865	3.9506172839506166e-05	0.7177910208702087
390120	-2.741285	-0.636850	0.747241	0.064487	0.718275	2.111167	-0.0703758154064417	5.925925925925925e-05	0.7182650566101074
390240	-2.741137	-0.635964	0.747270	0.064497	0.718818	2.111229	-0.0704594012349844	2.6337448559670777e-05	0.7188124060630798
390360	-2.741706	-0.635083	0.747355	0.064460	0.719503	2.111409	-0.07053902111947537	5.925925925925925e-05	0.7194991707801819
390480	-2.740576	-0.634488	0.747321	0.064533	0.719921	2.111337	-0.0705923542380333	3.9506172839506166e-05	0.7199153900146484
390600	-2.739439	-0.633937	0.748222	0.064607	0.720397	2.113240	-0.07064995877444744	3.9506172839506166e-05	0.7203925251960754
390720	-2.739463	-0.633609	0.748600	0.064605	0.720720	2.114037	-0.0706726636737585	3.9506172839506166e-05	0.7207169532775879
390840	-2.737996	-0.632854	0.748254	0.064700	0.721178	2.113307	-0.07074429504573346	2.6337448559670777e-05	0.7211757302284241
390960	-2.736970	-0.632404	0.748764	0.064766	0.721569	2.114386	-0.07077833563089371	3.9506172839506166e-05	0.721561074256897
391080	-2.736320	-0.632408	0.750405	0.064808	0.721712	2.117857	-0.07078316397964954	5.925925925925925e-05	0.7217090725898743
391200	-2.736879	-0.631564	0.753078	0.064772	0.722478	2.123527	-0.07085701376199723	3.9506172839506166e-05	0.7224739193916321
391320	-2.736397	-0.630851	0.753345	0.064803	0.723032	2.124094	-0.07091772109270096	2.6337448559670777e-05	0.7230225801467896
391440	-2.735536	-0.629862	0.754247	0.064859	0.723602	2.126009	-0.07100396007299423	3.9506172839506166e-05	0.7235926985740662
391560	-2.735183	-0.628836	0.756315	0.064882	0.724620	2.130411	-0.07109831161797046	3.9506172839506166e-05	0.724609375
391680	-2.734210	-0.628552	0.757058	0.064945	0.725094	2.131994	-0.07113050594925881	2.6337448559670777e-05	0.7250897288322449
391800	-2.733509	-0.627794	0.757893	0.064991	0.725603	2.133776	-0.07119942754507065	5.925925925925925e-05	0.7256020307540894
391920	-2.731697	-0.626863	0.759004	0.065109	0.726259	2.136148	-0.07127804942429065	2.6337448559670777e-05	0.7262520790100098
392040	-2.730402	-0.626331	0.760320	0.065193	0.726748	2.138962	-0.07133285440504551	3.9506172839506166e-05	0.7267493605613708
392160	-2.731680	-0.625907	0.761951	0.065110	0.727357	2.142452	-0.07137222178280353	3.9506172839506166e-05	0.72735595703125
392280	-2.731621	-0.625321	0.761787	0.065114	0.727784	2.142101	-0.07141338810324668	3.9506172839506166e-05	0.7277737259864807
392400	-2.731064	-0.624800	0.762481	0.065150	0.728281	2.143588	-0.07147044837474822	3.9506172839506166e-05	0.7282792329788208
392520	-2.732152	-0.624085	0.763633	0.065079	0.729005	2.146059	-0.07153917104005814	3.9506172839506166e-05	0.7290095686912537
392640	-2.733657	-0.624210	0.764414	0.064981	0.729277	2.147736	-0.0715320035815239	5.925925925925925e-05	0.7292770147323608
392760	-2.733663	-0.623511	0.765172	0.064981	0.729946	2.149365	-0.07157831117510796	5.925925925925925e-05	0.7299343943595886
392880	-2.734851	-0.622983	0.765096	0.064904	0.730464	2.149200	-0.07163168862462044	5.925925925925925e-05	0.7304614186286926
393000	-2.735569	-0.621906	0.765570	0.064857	0.731423	2.150219	-0.07172236293554306	3.9506172839506166e-05	0.7314155101776123
393120	-2.736123	-0.621216	0.766888	0.064821	0.732019	2.153055	-0.07179228365421295	1.7558299039780518e-05	0.7320178747177124
393240	-2.736242	-0.620618	0.768127	0.064813	0.732555	2.155725	-0.0718411911278963	2.6337448559670777e-05	0.7325496673583984
393360	-2.735650	-0.619726	0.769959	0.064852	0.733398	2.159678	-0.07192048616707325	5.925925925925925e-05	0.7333916425704956
393480	-2.735177	-0.619068	0.771912	0.064883	0.733978	2.163899	-0.0719833392649889	3.9506172839506166e-05	0.733976423740387
393600	-2.733829	-0.618286	0.773195	0.064970	0.734477	2.166679	-0.07205162644386291	5.925925925925925e-05	0.734468400478363
393720	-2.734257	-0.617457	0.774296	0.064942	0.735130	2.169064	-0.07212960943579674	3.9506172839506166e-05	0.7351260185241699
393840	-2.734865	-0.616855	0.774066	0.064903	0.735585	2.168567	-0.07218321934342384	3.9506172839506166e-05	0.7355804443359375
393960	-2.735750	-0.616305	0.774286	0.064845	0.736079	2.169043	-0.07223220579326153	5.925925925925925e-05	0.7360718846321106
394080	-2.737454	-0.615601	0.775255	0.064735	0.736840	2.171145	-0.0722844012081623	5.925925925925925e-05	0.7368233799934387
394200	-2.737680	-0.614859	0.775686	0.064720	0.737372	2.172081	-0.07236305586993694	2.6337448559670777e-05	0.7373697757720947
394320	-2.736623	-0.614247	0.777447	0.064789	0.737939	2.175909	-0.07242022678256035	2.6337448559670777e-05	0.7379375100135803
394440	-2.736123	-0.613914	0.778185	0.064821	0.738236	2.177516	-0.07245137840509415	5.925925925925925e-05	0.7382335662841797
394560	-2.738134	-0.613168	0.777980	0.064691	0.738879	2.177071	-0.0725059662014246	5.925925925925925e-05	0.7388736009597778
394680	-2.737230	-0.612783	0.779562	0.064749	0.739356	2.180517	-0.0725522842258215	5.925925925925925e-05	0.7393525242805481
394800	-2.737270	-0.611906	0.780761	0.064747	0.740224	2.183133	-0.07262937314808368	5.925925925925925e-05	0.740218460559845
394920	-2.738101	-0.611393	0.781129	0.064693	0.740815	2.183936	-0.07267513088881969	5.925925925925925e-05	0.7408083081245422
395040	-2.737774	-0.610740	0.782015	0.064714	0.741390	2.185871	-0.07273341193795205	3.9506172839506166e-05	0.7413858771324158
395160	-2.737099	-0.609908	0.781704	0.064758	0.741921	2.185192	-0.07281010635197163	2.6337448559670777e-05	0.7419201135635376
395280	-2.737606	-0.609423	0.781942	0.064725	0.742362	2.185713	-0.07284996137022973	1.7558299039780518e-05	0.7423580884933472
395400	-2.738212	-0.609153	0.782736	0.064686	0.742776	2.187449	-0.07288067676126957	3.9506172839506166e-05	0.742774248123169
395520	-2.739902	-0.608777	0.782987	0.064577	0.743243	2.187998	-0.07290835902094842	5.925925925925925e-05	0.7432395815849304
395640	-2.739461	-0.608636	0.783429	0.064605	0.743448	2.188966	-0.0729281984269619	3.9506172839506166e-05	0.7434471249580383
395760	-2.741202	-0.608117	0.783893	0.064493	0.743897	2.189980	-0.07296395227313042	3.9506172839506166e-05	0.7438911199569702
395880	-2.740940	-0.607439	0.785484	0.064510	0.744426	2.193469	-0.0730288453400135	5.925925925925925e-05	0.7444207072257996
396000	-2.740288	-0.606677	0.785658	0.064552	0.745086	2.193851	-0.07309913113713265	3.9506172839506166e-05	0.7450817227363586
396120	-2.741710	-0.606130	0.787287	0.064460	0.745580	2.197427	-0.07315302342176437	3.9506172839506166e-05	0.7455811500549316
396240	-2.741841	-0.605780	0.787513	0.064452	0.745856	2.197924	-0.07317870371043682	2.6337448559670777e-05	0.745851457118988
396360	-2.741646	-0.605082	0.788571	0.064464	0.746479	2.200251	-0.07323067039251327	5.925925925925925e-05	0.7464666962623596
396480	-2.741585	-0.604301	0.790349	0.064468	0.747371	2.204165	-0.07331420108675957	3.9506172839506166e-05	0.7473629117012024
396600	-2.743176	-0.603931	0.791921	0.064366	0.747944	2.207634	-0.07334329076111316	8.888888888888888e-05	0.7479373216629028
396720	-2.744509	-0.603284	0.793419	0.064280	0.748528	2.210943	-0.07339788638055325	3.9506172839506166e-05	0.748519778251648
396840	-2.745080	-0.602705	0.793419	0.064243	0.748936	2.210943	-0.07345896884799004	3.9506172839506166e-05	0.7489363551139832
396960	-2.744453	-0.602203	0.793788	0.064283	0.749384	2.211758	-0.07350811138749122	2.6337448559670777e-05	0.7493835091590881
397080	-2.743862	-0.601247	0.795903	0.064321	0.750195	2.216442	-0.0735783539712429	5.925925925925925e-05	0.7501837015151978
397200	-2.745070	-0.600620	0.796739	0.064244	0.750791	2.218295	-0.07364547699689865	5.925925925925925e-05	0.7507884502410889
397320	-2.746044	-0.600379	0.798182	0.064181	0.751187	2.221498	-0.07367172800004482	3.9506172839506166e-05	0.7511855959892273
397440	-2.746916	-0.600168	0.798133	0.064125	0.751499	2.221389	-0.07368843890726566	3.9506172839506166e-05	0.7514986395835876
397560	-2.747577	-0.600027	0.799389	0.064083	0.751675	2.224182	-0.07369657009840011	5.925925925925925e-05	0.7516654133796692
397680	-2.746274	-0.599344	0.799618	0.064167	0.752268	2.224691	-0.07375487014651298	3.9506172839506166e-05	0.7522592544555664
397800	-2.746825	-0.598374	0.800639	0.064131	0.753073	2.226964	-0.07384891025722026	5.925925925925925e-05	0.7530724406242371
397920	-2.747719	-0.597508	0.800023	0.064074	0.753599	2.225591	-0.0739214412868023	3.9506172839506166e-05	0.7535926103591919
398040	-2.748595	-0.597179	0.799680	0.064018	0.753946	2.224828	-0.07395838424563408	5.925925925925925e-05	0.7539466023445129
398160	-2.749888	-0.596806	0.799698	0.063935	0.754586	2.224868	-0.0739869486540556	5.925925925925925e-05	0.754573404788971
398280	-2.750941	-0.596033	0.799827	0.063868	0.755268	2.225155	-0.07404563613235951	5.925925925925925e-05	0.7552569508552551
398400	-2.751723	-0.595615	0.799783	0.063818	0.755544	2.225058	-0.07409556582570076	5.925925925925925e-05	0.755543053150177
398520	-2.752946	-0.595623	0.800222	0.063740	0.755852	2.226035	-0.07409359402954578	5.925925925925925e-05	0.7558449506759644
398640	-2.753441	-0.595288	0.801265	0.063708	0.756509	2.228359	-0.07413056269288062	8.888888888888888e-05	0.7565102577209473
398760	-2.754490	-0.595182	0.801871	0.063641	0.756756	2.229709	-0.07414279989898205	5.925925925925925e-05	0.7567551136016846
398880	-2.755985	-0.594549	0.803035	0.063546	0.757514	2.232305	-0.07418964840471745	3.9506172839506166e-05	0.7575103044509888
399000	-2.755836	-0.593755	0.804307	0.063556	0.758195	2.235146	-0.07425871528685093	5.925925925925925e-05	0.7581897974014282
399120	-2.756108	-0.592968	0.804517	0.063539	0.758786	2.235617	-0.0743289589881897	3.9506172839506166e-05	0.7587810754776001
399240	-2.756700	-0.592254	0.805909	0.063501	0.759557	2.238730	-0.07439244389533997	5.925925925925925e-05	0.7595411539077759
399360	-2.756960	-0.591696	0.806661	0.063484	0.760066	2.240414	-0.07444998659193516	5.925925925925925e-05	0.7600612044334412
399480	-2.758545	-0.590752	0.806812	0.063384	0.760803	2.240753	-0.07452124804258346	5.925925925925925e-05	0.7607961893081665
399600	-2.758077	-0.589997	0.806756	0.063414	0.761314	2.240628	-0.07459610737860203	5.925925925925925e-05	0.761307418346405
399720	-2.759406	-0.589504	0.809181	0.063329	0.762038	2.246068	-0.0746461410075426	3.9506172839506166e-05	0.762030839920044
399840	-2.758369	-0.589260	0.810381	0.063395	0.762473	2.248765	-0.07466847486793995	3.9506172839506166e-05	0.7624691724777222
399960	-2.758200	-0.588595	0.810987	0.063406	0.763027	2.250129	-0.07472670264542103	3.9506172839506166e-05	0.7630264759063721
400080	-2.758429	-0.588158	0.810098	0.063391	0.763298	2.248129	-0.07476459816098213	5.925925925925925e-05	0.7632936835289001
400200	-2.757451	-0.587442	0.811904	0.063453	0.764181	2.252192	-0.07482303082942962	5.925925925925925e-05	0.7641623616218567
400320	-2.756730	-0.586296	0.813668	0.063499	0.765282	2.256167	-0.0749360240995884	3.9506172839506166e-05	0.765274167060852
400440	-2.756728	-0.585761	0.814280	0.063499	0.765892	2.257549	-0.07497907541692257	3.9506172839506166e-05	0.7658846378326416
400560	-2.757139	-0.585312	0.815851	0.063473	0.766505	2.261099	-0.07502473816275597	3.9506172839506166e-05	0.7664992809295654
400680	-2.758297	-0.584900	0.816900	0.063400	0.767087	2.263471	-0.07505159303545952	1.7558299039780518e-05	0.7670764923095703
400800	-2.757498	-0.584268	0.818303	0.063450	0.767607	2.266650	-0.07511904872953892	5.925925925925925e-05	0.767604649066925
400920	-2.759124	-0.584158	0.820334	0.063347	0.768102	2.271258	-0.07512732297182083	2.6337448559670777e-05	0.7680980563163757
401040	-2.759719	-0.583564	0.823379	0.063310	0.768765	2.278185	-0.07517397850751877	5.925925925925925e-05	0.7687563896179199
401160	-2.760389	-0.583410	0.822999	0.063267	0.768846	2.277320	-0.07519805915653706	5.925925925925925e-05	0.7688472270965576
401280	-2.760407	-0.583294	0.824172	0.063266	0.769012	2.279992	-0.07521059773862362	3.9506172839506166e-05	0.7690162062644958
401400	-2.760388	-0.582977	0.823343	0.063267	0.769185	2.278102	-0.07523722015321255	3.9506172839506166e-05	0.769187867641449
401520	-2.760201	-0.582924	0.822461	0.063279	0.769103	2.276094	-0.07524019554257393	2.6337448559670777e-05	0.7691010236740112
401640	-2.759398	-0.582557	0.823234	0.063330	0.769484	2.277854	-0.07526506781578064	5.925925925925925e-05	0.7694737315177917
401760	-2.760612	-0.581483	0.825433	0.063253	0.770553	2.282868	-0.07536352090537549	5.925925925925925e-05	0.7705457806587219
401880	-2.761110	-0.581135	0.826318	0.063222	0.770882	2.284890	-0.07539684921503068	5.925925925925925e-05	0.7708738446235657
402000	-2.761161	-0.580302	0.827875	0.063218	0.771522	2.288452	-0.07547363080084324	3.9506172839506166e-05	0.7715168595314026
402120	-2.761978	-0.579900	0.828173	0.063167	0.772088	2.289133	-0.07550660036504268	5.925925925925925e-05	0.7720807194709778
402240	-2.763818	-0.579382	0.829016	0.063051	0.772572	2.291062	-0.07555276602506637	1.7558299039780518e-05	0.772567629814148
402360	-2.763688	-0.578645	0.829652	0.063059	0.773170	2.292521	-0.07562126778066158	3.9506172839506166e-05	0.7731659412384033
402480	-2.765074	-0.578141	0.829370	0.062971	0.773629	2.291873	-0.0756661456078291	5.925925925925925e-05	0.7736235857009888
402600	-2.764960	-0.577448	0.829078	0.062979	0.774173	2.291205	-0.07573306448757648	3.9506172839506166e-05	0.7741724252700806
402720	-2.764177	-0.577181	0.828848	0.063028	0.774368	2.290677	-0.07575114853680134	3.9506172839506166e-05	0.7743588089942932
402840	-2.764795	-0.576811	0.828240	0.062989	0.774577	2.289287	-0.07578804716467857	3.9506172839506166e-05	0.7745733261108398
402960	-2.763579	-0.576290	0.829874	0.063066	0.775072	2.293030	-0.07582773827016354	3.9506172839506166e-05	0.7750588655471802
403080	-2.763604	-0.576080	0.829974	0.063064	0.775364	2.293260	-0.07586506791412831	5.925925925925925e-05	0.7753726243972778
403200	-2.764264	-0.575721	0.830821	0.063022	0.775819	2.295203	-0.07588894367218017	3.9506172839506166e-05	0.775816798210144
403320	-2.763853	-0.575075	0.830054	0.063048	0.776375	2.293442	-0.07594300583004951	1.7558299039780518e-05	0.7763702273368835
403440	-2.764576	-0.574772	0.831339	0.063003	0.776848	2.296392	-0.0759748850017786	5.925925925925925e-05	0.7768445014953613
403560	-2.765686	-0.574330	0.832133	0.062933	0.777340	2.298215	-0.076008752733469	5.925925925925925e-05	0.7773353457450867
403680	-2.766559	-0.573520	0.833348	0.062878	0.778162	2.301011	-0.07607858665287495	3.9506172839506166e-05	0.77815181016922
403800	-2.766411	-0.572992	0.832810	0.062887	0.778544	2.299772	-0.0761313259601593	3.9506172839506166e-05	0.7785395979881287
403920	-2.766892	-0.572358	0.833630	0.062857	0.779100	2.301658	-0.0761896561831236	1.7558299039780518e-05	0.7790970802307129
404040	-2.766625	-0.571976	0.834633	0.062874	0.779571	2.303968	-0.07622316777706147	3.9506172839506166e-05	0.7795677781105042
404160	-2.765577	-0.571237	0.835577	0.062940	0.780218	2.306144	-0.0762878768146038	3.9506172839506166e-05	0.7802162170410156
404280	-2.764896	-0.570428	0.837191	0.062983	0.781067	2.309870	-0.07635671496391297	3.9506172839506166e-05	0.7810554504394531
404400	-2.764533	-0.569546	0.838440	0.063005	0.781743	2.312757	-0.07643238864839078	3.9506172839506166e-05	0.7817314863204956
404520	-2.764201	-0.569076	0.839039	0.063026	0.782131	2.314141	-0.07648734673857689	3.9506172839506166e-05	0.7821296453475952
404640	-2.763524	-0.568578	0.840991	0.063069	0.782646	2.318664	-0.07652510106563568	5.925925925925925e-05	0.7826385498046875
404760	-2.762774	-0.567990	0.841939	0.063116	0.783232	2.320863	-0.07658211626112461	2.6337448559670777e-05	0.7832275629043579
404880	-2.763472	-0.567564	0.843464	0.063072	0.783826	2.324404	-0.07662122473120689	5.925925925925925e-05	0.7838202118873596
405000	-2.763337	-0.566992	0.846003	0.063081	0.784573	2.330314	-0.07667031586170196	5.925925925925925e-05	0.7845717072486877
405120	-2.763827	-0.566387	0.846446	0.063050	0.785196	2.331347	-0.07672903127968311	5.925925925925925e-05	0.7851943373680115
405240	-2.764241	-0.566107	0.847996	0.063024	0.785638	2.334964	-0.07675370313227177	5.925925925925925e-05	0.7856353521347046
405360	-2.765342	-0.565515	0.848300	0.062955	0.786348	2.335674	-0.07679973505437374	5.925925925925925e-05	0.7863456010818481
405480	-2.766288	-0.564975	0.847658	0.062895	0.786776	2.334173	-0.07685214206576348	5.925925925925925e-05	0.7867741584777832
405600	-2.767634	-0.564174	0.849067	0.062810	0.787571	2.337465	-0.07692368924617768	3.9506172839506166e-05	0.7875648736953735
405720	-2.768442	-0.563616	0.849681	0.062760	0.788096	2.338901	-0.07697540447115898	3.9506172839506166e-05	0.7880911231040955
405840	-2.768834	-0.562725	0.849866	0.062735	0.788705	2.339333	-0.0770370040088892	5.925925925925925e-05	0.7886850833892822
405960	-2.768866	-0.561715	0.851196	0.062733	0.789724	2.342446	-0.07714371345937251	5.925925925925925e-05	0.7897154092788696
406080	-2.768784	-0.560564	0.852625	0.062738	0.790629	2.345797	-0.07725049927830696	5.925925925925925e-05	0.7906226515769958
406200	-2.768979	-0.560149	0.852607	0.062726	0.790976	2.345754	-0.07728755287826061	5.925925925925925e-05	0.7909756898880005
406320	-2.770383	-0.559879	0.852182	0.062638	0.791042	2.344758	-0.07731068953871727	2.6337448559670777e-05	0.7910377383232117
406440	-2.771588	-0.559359	0.852260	0.062563	0.791442	2.344939	-0.07735585905611515	5.925925925925925e-05	0.7914351224899292
406560	-2.770869	-0.558662	0.852972	0.062608	0.792117	2.346611	-0.07741619274020195	2.6337448559670777e-05	0.7921077013015747
406680	-2.770091	-0.558133	0.853169	0.062656	0.792505	2.347074	-0.07746916785836219	1.7558299039780518e-05	0.7925041317939758
406800	-2.769876	-0.557835	0.854829	0.062670	0.792831	2.350972	-0.07749576829373836	3.9506172839506166e-05	0.7928274869918823
406920	-2.771264	-0.557303	0.856502	0.062583	0.793440	2.354910	-0.07754121124744415	3.9506172839506166e-05	0.7934349775314331
407040	-2.770717	-0.556759	0.857425	0.062617	0.793825	2.357085	-0.07759414277970791	3.9506172839506166e-05	0.7938220500946045
407160	-2.770194	-0.556620	0.858414	0.062650	0.794041	2.359415	-0.07760828621685505	3.9506172839506166e-05	0.7940388321876526
407280	-2.769525	-0.556327	0.859256	0.062692	0.794376	2.361402	-0.077632262930274	2.6337448559670777e-05	0.7943758964538574
407400	-2.768112	-0.555670	0.860823	0.062780	0.795034	2.365107	-0.07769193090498447	3.9506172839506166e-05	0.7950310111045837
407520	-2.769200	-0.555221	0.861393	0.062712	0.795414	2.366455	-0.07773047648370265	3.9506172839506166e-05	0.7954121232032776
407640	-2.771945	-0.554681	0.862128	0.062540	0.795827	2.368195	-0.07777438275516033	3.9506172839506166e-05	0.7958229780197144
407760	-2.773162	-0.554578	0.862450	0.062464	0.795989	2.368958	-0.07779142260551453	3.9506172839506166e-05	0.795987606048584
407880	-2.773038	-0.553734	0.862803	0.062472	0.796371	2.369793	-0.0778536319732666	3.9506172839506166e-05	0.7963613867759705
408000	-2.771713	-0.552947	0.863330	0.062555	0.797014	2.371043	-0.07793411649763585	3.9506172839506166e-05	0.7970114350318909
408120	-2.771287	-0.551984	0.864608	0.062581	0.797874	2.374075	-0.0780172400176525	2.6337448559670777e-05	0.7978679537773132
408240	-2.771985	-0.551303	0.864157	0.062538	0.798407	2.373006	-0.07807964980602264	2.6337448559670777e-05	0.7984014749526978
408360	-2.772480	-0.550504	0.864132	0.062507	0.799003	2.372944	-0.07815477214753627	3.9506172839506166e-05	0.7990015149116516
408480	-2.771839	-0.549739	0.864474	0.062547	0.799680	2.373756	-0.07822599224746227	5.925925925925925e-05	0.799680233001709
408600	-2.773188	-0.549305	0.864417	0.062463	0.800022	2.373623	-0.07826397903263568	5.925925925925925e-05	0.8000202775001526
408720	-2.773223	-0.548793	0.865018	0.062460	0.800593	2.375048	-0.07831290140748023	3.9506172839506166e-05	0.8005901575088501
408840	-2.773524	-0.548243	0.866188	0.062442	0.801384	2.377830	-0.07835887633264065	5.925925925925925e-05	0.8013784885406494
408960	-2.773875	-0.547516	0.868113	0.062420	0.802119	2.382411	-0.07841306179761887	3.9506172839506166e-05	0.8021093606948853
409080	-2.774086	-0.546979	0.867765	0.062406	0.802469	2.381582	-0.07847874388098716	3.9506172839506166e-05	0.8024715185165405
409200	-2.774350	-0.546834	0.866743	0.062390	0.802456	2.379150	-0.0784945897758007	5.925925925925925e-05	0.8024604320526123
409320	-2.776088	-0.546320	0.867666	0.062282	0.802941	2.381346	-0.07853372544050216	3.9506172839506166e-05	0.8029379844665527
409440	-2.777875	-0.545974	0.867598	0.062170	0.803345	2.381185	-0.07856053188443184	5.925925925925925e-05	0.8033348917961121
409560	-2.777451	-0.545408	0.868700	0.062197	0.803960	2.383811	-0.07861125618219375	3.9506172839506166e-05	0.8039520382881165
409680	-2.776789	-0.544658	0.870031	0.062238	0.804556	2.386984	-0.07868482694029807	3.9506172839506166e-05	0.8045558333396912
409800	-2.778414	-0.543926	0.872967	0.062137	0.805317	2.394003	-0.07874316237866878	3.9506172839506166e-05	0.8053138256072998
409920	-2.777242	-0.543462	0.874234	0.062210	0.805861	2.397039	-0.0787861380726099	2.6337448559670777e-05	0.8058542609214783
410040	-2.777923	-0.543211	0.874883	0.062167	0.806238	2.398595	-0.07880702130496502	2.6337448559670777e-05	0.806229829788208
410160	-2.779035	-0.542772	0.877064	0.062098	0.806902	2.403831	-0.0788506243377924	2.6337448559670777e-05	0.8068966865539551
410280	-2.778934	-0.542005	0.878438	0.062105	0.807621	2.407137	-0.078911317512393	5.925925925925925e-05	0.807604968547821
410400	-2.777634	-0.541433	0.879179	0.062185	0.808189	2.408920	-0.07896467782557011	5.925925925925925e-05	0.8081755638122559
410520	-2.776753	-0.540523	0.879809	0.062240	0.808963	2.410439	-0.07905503697693347	2.6337448559670777e-05	0.8089613914489746
410640	-2.777615	-0.539945	0.879905	0.062187	0.809599	2.410671	-0.07909915745258331	1.7558299039780518e-05	0.8095888495445251
410760	-2.777503	-0.539701	0.880581	0.062194	0.809872	2.412302	-0.07912814952433109	3.9506172839506166e-05	0.8098652362823486
410880	-2.778667	-0.539436	0.880131	0.062121	0.810303	2.411216	-0.07915193177759647	5.925925925925925e-05	0.8102940320968628
411000	-2.779537	-0.539166	0.880220	0.062067	0.810517	2.411430	-0.07918078862130642	3.9506172839506166e-05	0.8105177879333496
411120	-2.781007	-0.538755	0.882221	0.061976	0.811187	2.416259	-0.07921506017446518	2.6337448559670777e-05	0.8111822605133057
411240	-2.782221	-0.538771	0.883652	0.061901	0.811423	2.419720	-0.07921576276421546	5.925925925925925e-05	0.8114233613014221
411360	-2.783388	-0.538452	0.885276	0.061829	0.811889	2.423654	-0.07924247309565544	5.925925925925925e-05	0.8118788003921509
411480	-2.784129	-0.537829	0.885160	0.061783	0.812454	2.423372	-0.0792935211211443	5.925925925925925e-05	0.8124485611915588
411600	-2.784898	-0.537364	0.887079	0.061735	0.813054	2.428027	-0.07933623902499676	3.9506172839506166e-05	0.8130494356155396
411720	-2.785401	-0.536806	0.888333	0.061704	0.813661	2.431074	-0.07939065732061863	5.925925925925925e-05	0.81365567445755
411840	-2.786319	-0.536374	0.889393	0.061648	0.814230	2.433652	-0.07942965552210808	3.9506172839506166e-05	0.8142273426055908
411960	-2.787143	-0.536187	0.889559	0.061597	0.814483	2.434057	-0.07944268248975277	2.6337448559670777e-05	0.8144790530204773
412080	-2.787750	-0.535311	0.892039	0.061560	0.815424	2.440099	-0.07952397875487804	3.9506172839506166e-05	0.8154178261756897
412200	-2.787745	-0.535187	0.892603	0.061560	0.815548	2.441478	-0.0795396763831377	3.9506172839506166e-05	0.8155483603477478
412320	-2.788835	-0.534581	0.893003	0.061493	0.816208	2.442454	-0.0795910432934761	3.9506172839506166e-05	0.8162078261375427
412440	-2.789422	-0.534150	0.893498	0.061457	0.816713	2.443662	-0.07962508015334606	5.925925925925925e-05	0.8167056441307068
412560	-2.790425	-0.533731	0.893737	0.061395	0.817143	2.444247	-0.07966958619654178	2.6337448559670777e-05	0.8171424269676208
412680	-2.790688	-0.533553	0.893171	0.061379	0.817215	2.442863	-0.07968204580247402	5.925925925925925e-05	0.8172063827514648
412800	-2.789486	-0.533070	0.893884	0.061453	0.817553	2.444607	-0.0797195665538311	5.925925925925925e-05	0.8175480365753174
412920	-2.790012	-0.532490	0.894315	0.061420	0.818117	2.445660	-0.0797757800668478	3.9506172839506166e-05	0.818114161491394
413040	-2.791931	-0.532112	0.894956	0.061303	0.818593	2.447228	-0.07981006279587746	5.925925925925925e-05	0.8185880780220032
413160	-2.792483	-0.531517	0.896251	0.061269	0.819173	2.450398	-0.07986770011484623	3.9506172839506166e-05	0.819171130657196
413280	-2.792291	-0.531172	0.898482	0.061281	0.819606	2.455872	-0.0798935528844595	1.1705532693187011e-05	0.8196016550064087
413400	-2.792718	-0.530869	0.897648	0.061254	0.819683	2.453825	-0.07992928475141525	3.9506172839506166e-05	0.8196865320205688
413520	-2.794593	-0.530406	0.898863	0.061140	0.820233	2.456808	-0.07997136525809764	5.925925925925925e-05	0.8202290534973145
413640	-2.794783	-0.529829	0.899538	0.061128	0.820797	2.458466	-0.08001796454191208	3.9506172839506166e-05	0.8207994699478149
413760	-2.795294	-0.529461	0.900421	0.061097	0.821251	2.460639	-0.08004735000431537	3.9506172839506166e-05	0.8212446570396423
413880	-2.794859	-0.528449	0.901084	0.061123	0.822129	2.462271	-0.08013660870492459	5.925925925925925e-05	0.8221247792243958
414000	-2.794943	-0.528051	0.901086	0.061118	0.822585	2.462277	-0.08017749898135662	3.9506172839506166e-05	0.8225806951522827
414120	-2.793823	-0.526947	0.902567	0.061187	0.823597	2.465925	-0.08026300296187401	3.9506172839506166e-05	0.8235784769058228
414240	-2.793962	-0.526251	0.903807	0.061178	0.824411	2.468983	-0.08032744452357292	3.9506172839506166e-05	0.8243958353996277
414360	-2.794026	-0.525551	0.904841	0.061174	0.825059	2.471538	-0.08039765208959579	3.9506172839506166e-05	0.8250525593757629
414480	-2.793013	-0.524896	0.905001	0.061236	0.825492	2.471933	-0.0804604109376669	2.6337448559670777e-05	0.8254905343055725
414600	-2.794173	-0.524772	0.905888	0.061165	0.825948	2.474129	-0.08047678656876087	5.925925925925925e-05	0.8259435892105103
414720	-2.793364	-0.524199	0.906415	0.061215	0.826393	2.475432	-0.08052157126367092	2.6337448559670777e-05	0.8263888359069824
414840	-2.793586	-0.523748	0.907203	0.061201	0.826787	2.477383	-0.08056245595216752	3.9506172839506166e-05	0.8267840147018433
414960	-2.793678	-0.523499	0.907207	0.061196	0.827163	2.477394	-0.08058470003306865	2.6337448559670777e-05	0.8271565437316895
415080	-2.792530	-0.522521	0.909130	0.061266	0.828058	2.482162	-0.08067018538713455	5.925925925925925e-05	0.8280498385429382
415200	-2.792163	-0.521991	0.909600	0.061289	0.828491	2.483330	-0.08071746565401554	2.6337448559670777e-05	0.8284860849380493
415320	-2.791673	-0.521512	0.911523	0.061319	0.828943	2.488108	-0.08076139315962791	3.9506172839506166e-05	0.8289400935173035
415440	-2.791240	-0.520835	0.912813	0.061345	0.829582	2.491322	-0.08082025870680809	3.9506172839506166e-05	0.8295748233795166
415560	-2.791188	-0.520154	0.913380	0.061348	0.830263	2.492733	-0.08087952174246311	3.9506172839506166e-05	0.8302522897720337
415680	-2.791009	-0.519263	0.914586	0.061359	0.831036	2.495742	-0.08096789941191673	3.9506172839506166e-05	0.8310284614562988
415800	-2.791856	-0.518407	0.914711	0.061307	0.831760	2.496055	-0.08104487359523774	3.9506172839506166e-05	0.831759512424469
415920	-2.793136	-0.517947	0.914213	0.061229	0.832159	2.494811	-0.08108446411788464	2.6337448559670777e-05	0.8321523666381836
416040	-2.793694	-0.517508	0.915108	0.061195	0.832663	2.497046	-0.08112221919000148	1.7558299039780518e-05	0.8326579928398132
416160	-2.793734	-0.516691	0.916498	0.061192	0.833526	2.500519	-0.08119208924472332	5.925925925925925e-05	0.8335182666778564
416280	-2.793650	-0.516366	0.917110	0.061197	0.833902	2.502048	-0.08122697919607162	2.6337448559670777e-05	0.8338986039161682
416400	-2.793181	-0.515714	0.917391	0.061226	0.834321	2.502753	-0.08128752633929252	5.925925925925925e-05	0.8343192934989929
416520	-2.794909	-0.515463	0.918568	0.061120	0.834687	2.505700	-0.08130944594740867	3.9506172839506166e-05	0.834682285785675
416640	-2.794545	-0.514850	0.918912	0.061143	0.835207	2.506561	-0.08136339336633683	3.9506172839506166e-05	0.8352012038230896
416760	-2.795291	-0.514285	0.919846	0.061097	0.835899	2.508903	-0.08141648545861244	5.925925925925925e-05	0.8358917832374573
416880	-2.796120	-0.513838	0.920349	0.061046	0.836547	2.510166	-0.08145949877798557	5.925925925925925e-05	0.8365488052368164
417000	-2.796894	-0.513554	0.922034	0.060999	0.836998	2.514400	-0.08148457892239094	5.925925925925925e-05	0.8369940519332886
417120	-2.796645	-0.513135	0.923144	0.061014	0.837570	2.517191	-0.08151709735393524	2.6337448559670777e-05	0.8375651836395264
417240	-2.797081	-0.512598	0.922302	0.060988	0.838117	2.515073	-0.0815674677491188	3.9506172839506166e-05	0.8381139039993286
417360	-2.797854	-0.512337	0.921924	0.060941	0.838477	2.514124	-0.08158742599189281	3.9506172839506166e-05	0.838472306728363
417480	-2.798905	-0.512313	0.920531	0.060877	0.838571	2.510623	-0.08159332536160946	5.925925925925925e-05	0.8385698795318604
417600	-2.798619	-0.511673	0.922447	0.060894	0.839221	2.515438	-0.08164716139435768	3.9506172839506166e-05	0.8392109870910645
417720	-2.799109	-0.511440	0.922822	0.060864	0.839360	2.516381	-0.08167758956551552	3.9506172839506166e-05	0.8393691182136536
417840	-2.798022	-0.511017	0.922133	0.060930	0.839721	2.514648	-0.08171375580132008	3.9506172839506166e-05	0.839719831943512
417960	-2.797756	-0.510417	0.922839	0.060947	0.840234	2.516425	-0.08176193088293075	3.9506172839506166e-05	0.8402312994003296
418080	-2.798493	-0.510190	0.923372	0.060902	0.840484	2.517765	-0.08178273290395736	5.925925925925925e-05	0.8404789566993713
418200	-2.798223	-0.509473	0.923463	0.060918	0.841116	2.517995	-0.08183838129043579	3.9506172839506166e-05	0.8411126136779785
418320	-2.798472	-0.508859	0.923604	0.060903	0.841746	2.518349	-0.08189975284039974	3.9506172839506166e-05	0.8417395353317261
418440	-2.799426	-0.507795	0.925255	0.060845	0.842918	2.522511	-0.08198572061955929	3.9506172839506166e-05	0.8429001569747925
418560	-2.799352	-0.507562	0.926008	0.060849	0.843123	2.524413	-0.08202314712107181	2.6337448559670777e-05	0.8431199193000793
418680	-2.800399	-0.507144	0.925008	0.060786	0.843438	2.521888	-0.08205414600670338	2.6337448559670777e-05	0.8434345722198486
418800	-2.800642	-0.506860	0.925480	0.060771	0.843677	2.523078	-0.08208625391125679	2.6337448559670777e-05	0.8436763882637024
418920	-2.800594	-0.506564	0.925472	0.060774	0.843944	2.523059	-0.08210247308015824	3.9506172839506166e-05	0.8439321517944336
419040	-2.799982	-0.505555	0.926698	0.060811	0.844798	2.526154	-0.08219868130981922	3.9506172839506166e-05	0.844793438911438
419160	-2.799708	-0.505220	0.926782	0.060828	0.845151	2.526366	-0.08223487287759781	3.9506172839506166e-05	0.8451518416404724
419280	-2.800168	-0.505228	0.926411	0.060800	0.845133	2.525430	-0.08223240785300731	3.9506172839506166e-05	0.8451262712478638
419400	-2.801086	-0.504602	0.926590	0.060744	0.845806	2.525881	-0.08228515014052391	3.9506172839506166e-05	0.8458003401756287
419520	-2.801705	-0.504033	0.927364	0.060706	0.846351	2.527838	-0.08233253248035907	3.9506172839506166e-05	0.8463444709777832
419640	-2.802342	-0.503003	0.928084	0.060668	0.847254	2.529658	-0.08242870718240738	1.7558299039780518e-05	0.8472456932067871
419760	-2.802432	-0.502238	0.930162	0.060662	0.848123	2.534920	-0.08249343857169152	5.925925925925925e-05	0.8481099009513855
419880	-2.802948	-0.501563	0.930317	0.060631	0.848870	2.535314	-0.08255841881036759	3.9506172839506166e-05	0.8488624691963196
420000	-2.803066	-0.500822	0.930195	0.060624	0.849621	2.535003	-0.08262572400271892	3.9506172839506166e-05	0.8496180772781372
420120	-2.802372	-0.500073	0.930525	0.060666	0.850205	2.535840	-0.08269404023885726	2.6337448559670777e-05	0.8502004742622375
420240	-2.801517	-0.499537	0.931011	0.060718	0.850672	2.537072	-0.08273796066641807	2.6337448559670777e-05	0.8506631851196289
420360	-2.801627	-0.498893	0.931882	0.060711	0.851331	2.539283	-0.08279180154204369	3.9506172839506166e-05	0.8513221144676208
420480	-2.799946	-0.498089	0.932339	0.060813	0.851804	2.540444	-0.08286999985575676	3.9506172839506166e-05	0.8518006205558777
420600	-2.800681	-0.497550	0.932735	0.060769	0.852538	2.541451	-0.08291765376925468	5.925925925925925e-05	0.8525328636169434
420720	-2.800372	-0.497063	0.933237	0.060787	0.852940	2.542728	-0.08296665214002133	3.9506172839506166e-05	0.8529360890388489
420840	-2.800439	-0.496352	0.934642	0.060783	0.853625	2.546301	-0.08302404694259166	3.9506172839506166e-05	0.8536133170127869
420960	-2.800574	-0.495942	0.936108	0.060775	0.854227	2.550038	-0.08306331634521484	2.6337448559670777e-05	0.8542184829711914
421080	-2.800807	-0.495093	0.936366	0.060761	0.855045	2.550695	-0.08313211612403393	3.9506172839506166e-05	0.8550283908843994
421200	-2.800087	-0.494737	0.936007	0.060805	0.855349	2.549781	-0.08317185007035732	3.9506172839506166e-05	0.8553396463394165
421320	-2.800248	-0.493884	0.936032	0.060795	0.856183	2.549845	-0.08324055559933186	3.9506172839506166e-05	0.8561676144599915
421440	-2.799078	-0.492946	0.937459	0.060866	0.857005	2.553484	-0.0833377879112959	2.6337448559670777e-05	0.857002854347229
421560	-2.800431	-0.492576	0.937986	0.060784	0.857548	2.554832	-0.08336525186896324	5.925925925925925e-05	0.8575342893600464
421680	-2.800648	-0.491907	0.939051	0.060771	0.858400	2.557554	-0.08342673033475875	5.925925925925925e-05	0.8583939075469971
421800	-2.800052	-0.491290	0.940641	0.060807	0.859159	2.561623	-0.08348432444036007	3.9506172839506166e-05	0.8591572046279907
421920	-2.799186	-0.490598	0.941224	0.060860	0.859767	2.563117	-0.08354381509125233	1.7558299039780518e-05	0.8597602248191833
422040	-2.798079	-0.490124	0.939392	0.060927	0.860060	2.558427	-0.0835877601057291	5.925925925925925e-05	0.860058069229126
422160	-2.796181	-0.489416	0.942740	0.061043	0.860869	2.567004	-0.0836464136838913	3.9506172839506166e-05	0.8608589768409729
422280	-2.794322	-0.488674	0.942319	0.061156	0.861502	2.565924	-0.08371753655374051	3.9506172839506166e-05	0.861497700214386
422400	-2.793295	-0.487976	0.942724	0.061219	0.862097	2.566964	-0.08378034979104995	2.6337448559670777e-05	0.8620887398719788
422520	-2.793201	-0.487606	0.943178	0.061225	0.862534	2.568129	-0.08382272124290466	3.9506172839506166e-05	0.8625392913818359
422640	-2.792107	-0.487174	0.945007	0.061292	0.863097	2.572831	-0.08385648056864739	5.925925925925925e-05	0.8630944490432739
422760	-2.792513	-0.486656	0.945886	0.061267	0.863711	2.575094	-0.08390283696353436	3.9506172839506166e-05	0.8637099862098694
422880	-2.793420	-0.485949	0.947188	0.061212	0.864507	2.578448	-0.08396909683942795	5.925925925925925e-05	0.8645098805427551
423000	-2.794579	-0.485717	0.948336	0.061141	0.864965	2.581410	-0.08398267850279809	2.6337448559670777e-05	0.8649584054946899
423120	-2.794646	-0.485087	0.948637	0.061136	0.865566	2.582188	-0.08404413312673568	3.9506172839506166e-05	0.8655609488487244
423240	-2.796222	-0.484857	0.949114	0.061040	0.865861	2.583421	-0.08406268991529942	5.925925925925925e-05	0.8658508062362671
423360	-2.795805	-0.484222	0.949887	0.061066	0.866566	2.585419	-0.08410867936909198	2.6337448559670777e-05	0.8665546178817749
423480	-2.795768	-0.483613	0.951540	0.061068	0.867247	2.589696	-0.08417772725224495	3.9506172839506166e-05	0.8672431111335754
423600	-2.795033	-0.483446	0.952556	0.061113	0.867596	2.592327	-0.08419620916247368	2.6337448559670777e-05	0.8675974011421204
423720	-2.795231	-0.482863	0.954242	0.061101	0.868140	2.596700	-0.08425025120377541	5.925925925925925e-05	0.8681442737579346
423840	-2.794228	-0.482475	0.954777	0.061162	0.868514	2.598091	-0.084278304874897	3.9506172839506166e-05	0.8685106635093689
423960	-2.793156	-0.481609	0.955447	0.061228	0.869266	2.599832	-0.08434980027377606	3.9506172839506166e-05	0.8692562580108643
424080	-2.793318	-0.480939	0.957156	0.061218	0.870036	2.604280	-0.08441580571234227	2.6337448559670777e-05	0.8700302243232727
424200	-2.793605	-0.480494	0.957123	0.061200	0.870450	2.604194	-0.0844512164592743	3.9506172839506166e-05	0.8704432845115662
424320	-2.793522	-0.479758	0.958413	0.061205	0.871128	2.607556	-0.08452221974730492	2.6337448559670777e-05	0.8711285591125488
424440	-2.793562	-0.479213	0.959080	0.061203	0.871690	2.609295	-0.08457383252680302	3.9506172839506166e-05	0.8716872930526733
424560	-2.793858	-0.478615	0.961135	0.061185	0.872416	2.614662	-0.08462477885186673	5.925925925925925e-05	0.8724124431610107
424680	-2.797248	-0.478357	0.961887	0.060978	0.873121	2.616630	-0.08464959412813186	3.9506172839506166e-05	0.8731158971786499
424800	-2.797872	-0.477981	0.961812	0.060940	0.873625	2.616434	-0.0846805538982153	3.9506172839506166e-05	0.8736171126365662
424920	-2.798103	-0.477522	0.962565	0.060926	0.874119	2.618404	-0.08472006358206272	5.925925925925925e-05	0.8741089701652527
425040	-2.799034	-0.477157	0.963929	0.060869	0.874610	2.621977	-0.08475783728063106	3.9506172839506166e-05	0.8746066689491272
425160	-2.799182	-0.476442	0.965540	0.060860	0.875358	2.626204	-0.08481849767267705	3.9506172839506166e-05	0.8753525018692017
425280	-2.800451	-0.476092	0.965925	0.060783	0.875775	2.627218	-0.08485376946628094	3.9506172839506166e-05	0.8757719993591309
425400	-2.801653	-0.475925	0.964556	0.060710	0.875962	2.623621	-0.08487379662692547	8.888888888888888e-05	0.8759657144546509
425520	-2.802083	-0.475428	0.963895	0.060684	0.876492	2.621888	-0.0849137119948864	3.9506172839506166e-05	0.8764916062355042
425640	-2.803018	-0.475220	0.965473	0.060627	0.876920	2.626029	-0.08493121080100537	3.9506172839506166e-05	0.8769112229347229
425760	-2.803097	-0.474655	0.966926	0.060622	0.877679	2.629847	-0.08498153574764729	2.6337448559670777e-05	0.8776766657829285
425880	-2.804018	-0.474081	0.968995	0.060566	0.878422	2.635295	-0.08502041921019554	5.925925925925925e-05	0.8784134387969971
426000	-2.802880	-0.473160	0.969451	0.060635	0.879149	2.636498	-0.08511691950261593	5.925925925925925e-05	0.8791420459747314
426120	-2.802649	-0.472554	0.968385	0.060649	0.879684	2.633687	-0.08517006747424602	5.925925925925925e-05	0.8796818852424622
426240	-2.801965	-0.471751	0.969727	0.060691	0.880567	2.637225	-0.08524035923182964	3.9506172839506166e-05	0.8805587291717529
426360	-2.801625	-0.471227	0.969623	0.060711	0.880984	2.636950	-0.08528858236968517	3.9506172839506166e-05	0.8809799551963806
426480	-2.802340	-0.470904	0.971030	0.060668	0.881565	2.640663	-0.08532211482524872	2.6337448559670777e-05	0.8815653324127197
426600	-2.801885	-0.470028	0.970282	0.060696	0.882343	2.638689	-0.08540453910827636	8.888888888888888e-05	0.8823448419570923
426720	-2.801994	-0.469566	0.971199	0.060689	0.883053	2.641108	-0.08544036448001861	3.9506172839506166e-05	0.8830505609512329
426840	-2.801637	-0.469443	0.970505	0.060711	0.883167	2.639278	-0.08545394577085971	3.9506172839506166e-05	0.8831686973571777
426960	-2.801022	-0.469179	0.971587	0.060748	0.883449	2.642134	-0.08547093383967877	2.6337448559670777e-05	0.8834413886070251
427080	-2.800607	-0.468503	0.972470	0.060773	0.884306	2.644469	-0.08553824201226234	3.9506172839506166e-05	0.884305477142334
427200	-2.801593	-0.468111	0.973221	0.060713	0.884928	2.646455	-0.08556843437254429	5.925925925925925e-05	0.8849146962165833
427320	-2.801698	-0.467803	0.973503	0.060707	0.885368	2.647202	-0.08559856601059437	3.9506172839506166e-05	0.8853633999824524
427440	-2.800893	-0.466982	0.974925	0.060756	0.886228	2.650969	-0.08566726632416248	5.925925925925925e-05	0.8862228393554688
427560	-2.800540	-0.466591	0.975833	0.060777	0.886788	2.653376	-0.08570677749812602	3.9506172839506166e-05	0.8867862224578857
427680	-2.800769	-0.465996	0.976072	0.060763	0.887312	2.654012	-0.08575517833232879	5.925925925925925e-05	0.887298583984375
427800	-2.803001	-0.465898	0.977362	0.060628	0.887824	2.657438	-0.08577099740505219	3.9506172839506166e-05	0.8878187537193298
427920	-2.803114	-0.465572	0.977937	0.060621	0.888170	2.658964	-0.0857997328042984	2.6337448559670777e-05	0.888164758682251
428040	-2.804145	-0.465385	0.978011	0.060559	0.888584	2.659163	-0.08581785634160041	3.9506172839506166e-05	0.8885816931724548
428160	-2.803239	-0.465038	0.977478	0.060613	0.888969	2.657746	-0.08585016764700412	3.9506172839506166e-05	0.8889644742012024
428280	-2.802287	-0.464074	0.978749	0.060671	0.889838	2.661124	-0.08593111298978329	2.6337448559670777e-05	0.889834463596344
428400	-2.802996	-0.463948	0.978641	0.060628	0.890137	2.660838	-0.08595084100961685	5.925925925925925e-05	0.8901348114013672
428520	-2.804278	-0.463761	0.978235	0.060550	0.890513	2.659758	-0.08596776463091374	1.7558299039780518e-05	0.8905125856399536
428640	-2.804567	-0.463455	0.979694	0.060533	0.891151	2.663640	-0.08599029779434204	5.925925925925925e-05	0.8911423683166504
428760	-2.806829	-0.462794	0.980557	0.060396	0.892191	2.665941	-0.08604969754815102	5.925925925925925e-05	0.8921822309494019
428880	-2.808809	-0.462699	0.981036	0.060277	0.892543	2.667219	-0.08606358356773854	3.9506172839506166e-05	0.892544150352478
429000	-2.808168	-0.462252	0.983494	0.060315	0.893101	2.673783	-0.08608541823923588	2.6337448559670777e-05	0.8930916786193848
429120	-2.808464	-0.461916	0.985011	0.060298	0.893623	2.677842	-0.08612928800284862	5.925925925925925e-05	0.8936172723770142
429240	-2.808377	-0.461379	0.985544	0.060303	0.894194	2.679269	-0.08617388680577279	3.9506172839506166e-05	0.8941869735717773
429360	-2.808142	-0.460890	0.987449	0.060317	0.894972	2.684376	-0.08622200079262257	3.9506172839506166e-05	0.8949687480926514
429480	-2.809475	-0.460765	0.987415	0.060237	0.895240	2.684287	-0.08623365759849548	5.925925925925925e-05	0.8952365517616272
429600	-2.810827	-0.460141	0.987923	0.060155	0.895906	2.685650	-0.08628167398273945	3.9506172839506166e-05	0.8958930373191833
429720	-2.810451	-0.459936	0.987876	0.060178	0.896130	2.685524	-0.08630945906043053	3.9506172839506166e-05	0.8961237072944641
429840	-2.809706	-0.458985	0.989985	0.060223	0.897110	2.691195	-0.08639247007668019	3.9506172839506166e-05	0.8971084952354431
429960	-2.809788	-0.458443	0.991383	0.060218	0.897638	2.694958	-0.08644240833818913	2.6337448559670777e-05	0.897635281085968
430080	-2.809642	-0.458095	0.991054	0.060227	0.897969	2.694073	-0.08647589571774006	3.9506172839506166e-05	0.8979711532592773
430200	-2.810746	-0.457790	0.991707	0.060160	0.898587	2.695832	-0.08650206364691257	5.925925925925925e-05	0.8985834717750549
430320	-2.808968	-0.457106	0.991982	0.060267	0.899271	2.696573	-0.08656233511865138	2.6337448559670777e-05	0.8992657661437988
430440	-2.809528	-0.456606	0.992017	0.060233	0.899851	2.696669	-0.08660314679145813	5.925925925925925e-05	0.8998408317565918
430560	-2.810219	-0.456535	0.991501	0.060192	0.900029	2.695276	-0.08661569096148014	3.9506172839506166e-05	0.9000290632247925
430680	-2.809546	-0.456042	0.992022	0.060232	0.900547	2.696682	-0.08665547333657742	2.6337448559670777e-05	0.9005433320999146
430800	-2.810249	-0.455535	0.992733	0.060190	0.901154	2.698599	-0.08669887334108353	3.9506172839506166e-05	0.9011373519897461
430920	-2.810709	-0.455147	0.994839	0.060162	0.901851	2.704288	-0.08674080967903137	5.925925925925925e-05	0.9018498063087463
431040	-2.809738	-0.454442	0.995008	0.060221	0.902460	2.704746	-0.08679876253008842	3.9506172839506166e-05	0.9024523496627808
431160	-2.808939	-0.453857	0.996816	0.060269	0.903184	2.709640	-0.08684629872441292	3.9506172839506166e-05	0.9031715393066406
431280	-2.809259	-0.453012	0.999261	0.060250	0.904238	2.716274	-0.08692744113504887	1.1705532693187011e-05	0.9042335152626038
431400	-2.809205	-0.452092	0.999701	0.060253	0.905048	2.717469	-0.08698648549616336	3.9506172839506166e-05	0.905015230178833
431520	-2.809755	-0.451348	0.999549	0.060220	0.906026	2.717057	-0.08707536235451699	3.9506172839506166e-05	0.906017005443573
431640	-2.809582	-0.451007	1.000430	0.060230	0.906490	2.719451	-0.08711052387952804	2.6337448559670777e-05	0.9064922332763672
431760	-2.810102	-0.450276	1.000745	0.060199	0.907156	2.720307	-0.08717372380197048	3.9506172839506166e-05	0.9071489572525024
431880	-2.809630	-0.449945	1.002038	0.060227	0.907602	2.723827	-0.08720493353903294	8.888888888888888e-05	0.9075884222984314
432000	-2.808901	-0.449241	1.003053	0.060271	0.908320	2.726594	-0.08726434744894504	2.6337448559670777e-05	0.908308744430542
432120	-2.808700	-0.448462	1.003489	0.060283	0.909243	2.727783	-0.08733446411788463	3.9506172839506166e-05	0.9092320203781128
432240	-2.808848	-0.448023	1.003901	0.060274	0.909692	2.728908	-0.08737793378531933	3.9506172839506166e-05	0.9096851348876953
432360	-2.807880	-0.447487	1.004522	0.060333	0.910142	2.730602	-0.08743336871266365	3.9506172839506166e-05	0.9101479053497314
432480	-2.808641	-0.447269	1.005454	0.060287	0.910514	2.733149	-0.08744369372725487	2.6337448559670777e-05	0.9105068445205688
432600	-2.808511	-0.446839	1.007068	0.060295	0.911100	2.737564	-0.08749121464788914	5.925925925925925e-05	0.9110979437828064
432720	-2.809117	-0.446472	1.007306	0.060258	0.911409	2.738214	-0.0875200279057026	5.925925925925925e-05	0.9114103317260742
432840	-2.808218	-0.446199	1.008541	0.060312	0.911696	2.741597	-0.08754741959273815	3.9506172839506166e-05	0.9116965532302856
432960	-2.810932	-0.446039	1.007652	0.060149	0.911850	2.739162	-0.08755653649568558	5.925925925925925e-05	0.9118478894233704
433080	-2.812605	-0.445708	1.008604	0.060048	0.912248	2.741771	-0.08758934065699578	5.925925925925925e-05	0.9122436046600342
433200	-2.815225	-0.445267	1.009411	0.059891	0.912875	2.743984	-0.08763008192181587	5.925925925925925e-05	0.9128754138946533
433320	-2.815784	-0.444811	1.008407	0.059858	0.913180	2.741232	-0.0876666147261858	5.925925925925925e-05	0.913171648979187
433440	-2.816140	-0.444476	1.009631	0.059836	0.913571	2.744587	-0.08770023696124554	5.925925925925925e-05	0.9135734438896179
433560	-2.816971	-0.443885	1.010861	0.059787	0.914225	2.747967	-0.08774198032915592	5.925925925925925e-05	0.9142085313796997
433680	-2.818475	-0.443169	1.012290	0.059697	0.915015	2.751897	-0.08781001828610897	5.925925925925925e-05	0.9150019884109497
433800	-2.819811	-0.442754	1.012345	0.059617	0.915576	2.752047	-0.08785419762134553	5.925925925925925e-05	0.9155760407447815
433920	-2.820296	-0.442698	1.012048	0.059588	0.915752	2.751230	-0.08786082938313484	3.9506172839506166e-05	0.9157465100288391
434040	-2.821180	-0.442157	1.013821	0.059536	0.916227	2.756111	-0.08790461011230946	3.9506172839506166e-05	0.9162234663963318
434160	-2.820005	-0.441799	1.012656	0.059606	0.916264	2.752903	-0.0879369955509901	2.6337448559670777e-05	0.9162616729736328
434280	-2.820196	-0.441223	1.012944	0.059594	0.916732	2.753696	-0.08798845745623111	3.9506172839506166e-05	0.9167267084121704
434400	-2.819807	-0.440713	1.011985	0.059617	0.916962	2.751057	-0.08803711533546447	3.9506172839506166e-05	0.9169626235961914
434520	-2.819407	-0.440559	1.012199	0.059641	0.916984	2.751647	-0.08804824165999889	3.9506172839506166e-05	0.9169790744781494
434640	-2.819037	-0.439895	1.012253	0.059663	0.917619	2.751794	-0.08811280243098736	3.9506172839506166e-05	0.9176195859909058
434760	-2.818256	-0.439258	1.012781	0.059710	0.918108	2.753247	-0.08816165179014206	2.6337448559670777e-05	0.9181018471717834
434880	-2.818372	-0.439069	1.012408	0.059703	0.918263	2.752222	-0.08818741962313652	3.9506172839506166e-05	0.9182631373405457
435000	-2.818776	-0.438930	1.013352	0.059679	0.918590	2.754821	-0.088198709115386	3.9506172839506166e-05	0.9185870885848999
435120	-2.819551	-0.438490	1.014877	0.059633	0.919141	2.759023	-0.08822514861822128	5.925925925925925e-05	0.9191238284111023
435240	-2.819616	-0.437945	1.016043	0.059629	0.919760	2.762242	-0.08828120194375515	2.6337448559670777e-05	0.9197525978088379
435360	-2.819306	-0.437356	1.016487	0.059647	0.920303	2.763469	-0.08832979761064053	2.6337448559670777e-05	0.9202885627746582
435480	-2.820146	-0.436593	1.017211	0.059597	0.921062	2.765471	-0.08839546889066696	5.925925925925925e-05	0.9210449457168579
435600	-2.820188	-0.436144	1.019138	0.059595	0.921559	2.770804	-0.08844424597918987	5.925925925925925e-05	0.9215500354766846
435720	-2.821099	-0.435715	1.019414	0.059540	0.922122	2.771569	-0.08848467245697975	3.9506172839506166e-05	0.922111451625824
435840	-2.820883	-0.435343	1.020724	0.059553	0.922514	2.775203	-0.08851760849356652	2.6337448559670777e-05	0.9225060343742371
435960	-2.823068	-0.434626	1.020817	0.059423	0.923366	2.775462	-0.08857487626373768	3.9506172839506166e-05	0.9233530163764954
436080	-2.823281	-0.434389	1.022363	0.059411	0.923765	2.779755	-0.08861149959266186	3.9506172839506166e-05	0.9237651228904724
436200	-2.823653	-0.433975	1.023130	0.059389	0.924311	2.781888	-0.0886412538588047	3.9506172839506166e-05	0.9243071675300598
436320	-2.823159	-0.432900	1.025726	0.059418	0.925512	2.789119	-0.08873277343809605	1.7558299039780518e-05	0.9255050420761108
436440	-2.822998	-0.432157	1.026472	0.059428	0.926245	2.791201	-0.08879956491291523	3.9506172839506166e-05	0.9262361526489258
436560	-2.822843	-0.431628	1.027719	0.059437	0.926853	2.794683	-0.08884771019220353	5.925925925925925e-05	0.9268388748168945
436680	-2.823343	-0.431015	1.027815	0.059407	0.927599	2.794951	-0.08890704959630966	3.9506172839506166e-05	0.9275885224342346
436800	-2.824308	-0.430770	1.029182	0.059350	0.928140	2.798776	-0.08893277272582054	3.9506172839506166e-05	0.9281359314918518
436920	-2.824894	-0.430153	1.030653	0.059315	0.929146	2.802896	-0.0889879759401083	2.6337448559670777e-05	0.9291424751281738
437040	-2.823229	-0.429015	1.031556	0.059414	0.930115	2.805426	-0.08908599987626076	2.6337448559670777e-05	0.9301092624664307
437160	-2.823121	-0.428352	1.032006	0.059420	0.930757	2.806691	-0.08914775401353836	2.6337448559670777e-05	0.9307515025138855
437280	-2.824143	-0.428112	1.032500	0.059359	0.931182	2.808078	-0.08916667811572551	2.6337448559670777e-05	0.931175172328949
437400	-2.823316	-0.427470	1.035585	0.059409	0.932215	2.816754	-0.08923354372382164	5.925925925925925e-05	0.9322134852409363
437520	-2.824293	-0.427155	1.036504	0.059351	0.932770	2.819343	-0.08925985582172871	3.9506172839506166e-05	0.9327640533447266
437640	-2.823517	-0.426315	1.038528	0.059397	0.933726	2.825055	-0.08932284489274026	2.6337448559670777e-05	0.933713972568512
437760	-2.824316	-0.425970	1.038835	0.059349	0.934269	2.825924	-0.08936215676367283	2.6337448559670777e-05	0.9342640042304993
437880	-2.823709	-0.425216	1.038247	0.059385	0.935009	2.824263	-0.08942313604056835	3.9506172839506166e-05	0.9349945783615112
438000	-2.824481	-0.424392	1.039824	0.059339	0.936033	2.828718	-0.08950172066688537	3.9506172839506166e-05	0.9360213875770569
438120	-2.825014	-0.424089	1.040370	0.059308	0.936454	2.830263	-0.08953283727169037	3.9506172839506166e-05	0.9364468455314636
438240	-2.824952	-0.423346	1.042030	0.059311	0.937207	2.834965	-0.08959525488317013	2.6337448559670777e-05	0.9372012615203857
438360	-2.824387	-0.422584	1.042401	0.059345	0.937936	2.836018	-0.08966638743877411	2.6337448559670777e-05	0.9379299283027649
438480	-2.825224	-0.422127	1.043707	0.059295	0.938462	2.839723	-0.08970639929175377	3.9506172839506166e-05	0.9384573698043823
438600	-2.825858	-0.421488	1.044402	0.059258	0.939127	2.841697	-0.08976584523916245	3.9506172839506166e-05	0.9391220211982727
438720	-2.826227	-0.420908	1.045117	0.059236	0.939641	2.843731	-0.08981736712157726	3.9506172839506166e-05	0.9396357536315918
438840	-2.826282	-0.420409	1.045397	0.059233	0.940219	2.844527	-0.08986743390560151	3.9506172839506166e-05	0.9402193427085876
438960	-2.826216	-0.419898	1.046043	0.059237	0.940747	2.846366	-0.08990582898259163	3.9506172839506166e-05	0.9407395124435425
439080	-2.826425	-0.419211	1.047477	0.059224	0.941501	2.850449	-0.08996632285416126	2.6337448559670777e-05	0.941491961479187
439200	-2.824720	-0.418207	1.048178	0.059325	0.942476	2.852448	-0.09006010815501213	3.9506172839506166e-05	0.942468523979187
439320	-2.825425	-0.418003	1.048015	0.059283	0.942916	2.851983	-0.0900807324796915	3.9506172839506166e-05	0.9429111480712891
439440	-2.826530	-0.417765	1.048116	0.059218	0.943286	2.852273	-0.09010617546737194	3.9506172839506166e-05	0.9432809948921204
439560	-2.827200	-0.417008	1.050251	0.059178	0.944271	2.858367	-0.0901691872626543	3.9506172839506166e-05	0.9442645907402039
439680	-2.826880	-0.416225	1.051274	0.059197	0.945077	2.861293	-0.09023357145488262	5.925925925925925e-05	0.945061981678009
439800	-2.827148	-0.415504	1.051705	0.059181	0.945907	2.862527	-0.09030406475067139	3.9506172839506166e-05	0.9459015727043152
439920	-2.827864	-0.414978	1.052244	0.059139	0.946622	2.864071	-0.0903496764600277	3.9506172839506166e-05	0.9466105103492737
440040	-2.828058	-0.413947	1.052785	0.059128	0.947849	2.865619	-0.0904411781579256	2.6337448559670777e-05	0.9478417634963989
440160	-2.828837	-0.413818	1.052632	0.059082	0.947938	2.865181	-0.09046517945826053	5.925925925925925e-05	0.9479386210441589
440280	-2.829623	-0.413264	1.053331	0.059035	0.948656	2.867185	-0.09050370194017887	3.9506172839506166e-05	0.9486496448516846
440400	-2.828797	-0.412258	1.055527	0.059084	0.949641	2.873489	-0.09059361219406128	2.6337448559670777e-05	0.9496352076530457
440520	-2.828149	-0.411148	1.056857	0.059122	0.950823	2.877314	-0.09069068357348442	3.9506172839506166e-05	0.9508156776428223
440640	-2.828341	-0.410789	1.056972	0.059111	0.951315	2.877643	-0.0907342467457056	3.9506172839506166e-05	0.9513156414031982
440760	-2.827788	-0.410059	1.059358	0.059144	0.952151	2.884519	-0.09077685326337814	5.925925925925925e-05	0.9521254301071167
440880	-2.827558	-0.409662	1.060174	0.059157	0.952506	2.886873	-0.09083287306129932	5.925925925925925e-05	0.9525004029273987
441000	-2.827050	-0.408857	1.061624	0.059187	0.953418	2.891062	-0.09090097174048424	3.9506172839506166e-05	0.9534110426902771
441120	-2.826146	-0.407961	1.062818	0.059241	0.954140	2.894517	-0.09098300449550152	3.9506172839506166e-05	0.9541370272636414
441240	-2.825145	-0.407193	1.063749	0.059300	0.955011	2.897213	-0.09104756861925126	2.6337448559670777e-05	0.9550002813339233
441360	-2.824974	-0.406867	1.064667	0.059310	0.955491	2.899874	-0.091081727668643	2.6337448559670777e-05	0.9554854035377502
441480	-2.825012	-0.406366	1.065279	0.059308	0.956156	2.901649	-0.09112228527665138	3.9506172839506166e-05	0.9561513066291809
441600	-2.824992	-0.405415	1.065093	0.059309	0.956993	2.901110	-0.09120845384895801	3.9506172839506166e-05	0.956981360912323
441720	-2.823577	-0.404709	1.064953	0.059393	0.957664	2.900704	-0.09127396307885646	1.1705532693187011e-05	0.957659900188446
441840	-2.823356	-0.404211	1.065784	0.059406	0.958175	2.903115	-0.09132467694580555	3.9506172839506166e-05	0.958173394203186
441960	-2.822662	-0.403326	1.067508	0.059447	0.959113	2.908123	-0.09139231815934182	2.6337448559670777e-05	0.9591031074523926
442080	-2.822742	-0.403006	1.068344	0.059443	0.959511	2.910556	-0.09143070727586747	3.9506172839506166e-05	0.9595083594322205
442200	-2.822037	-0.402239	1.068863	0.059485	0.960246	2.912067	-0.0914927564561367	2.6337448559670777e-05	0.9602378010749817
442320	-2.822681	-0.401560	1.069012	0.059446	0.960832	2.912500	-0.09155373945832253	3.9506172839506166e-05	0.9608238935470581
442440	-2.821253	-0.400601	1.069868	0.059531	0.961622	2.914995	-0.09163938164710998	3.9506172839506166e-05	0.9616137146949768
442560	-2.818882	-0.399807	1.069724	0.059673	0.962163	2.914575	-0.09171062409877777	2.6337448559670777e-05	0.9621512293815613
442680	-2.818843	-0.399473	1.071023	0.059675	0.962703	2.918365	-0.09174577966332435	5.925925925925925e-05	0.9626914858818054
442800	-2.818981	-0.399021	1.071489	0.059667	0.963331	2.919723	-0.09178957380354405	2.6337448559670777e-05	0.9633245468139648
442920	-2.817709	-0.398357	1.071375	0.059743	0.963798	2.919391	-0.09184872321784496	2.6337448559670777e-05	0.9637944102287292
443040	-2.816589	-0.397452	1.071900	0.059810	0.964715	2.920925	-0.0919184610247612	2.6337448559670777e-05	0.9646997451782227
443160	-2.816041	-0.397120	1.072508	0.059842	0.965086	2.922701	-0.0919589389115572	3.9506172839506166e-05	0.9650809168815613
443280	-2.815191	-0.396318	1.074541	0.059893	0.966040	2.928649	-0.0920228861272335	3.9506172839506166e-05	0.9660252332687378
443400	-2.815302	-0.395884	1.074579	0.059887	0.966452	2.928759	-0.09207075610756874	2.6337448559670777e-05	0.9664438366889954
443520	-2.816454	-0.395544	1.075816	0.059818	0.967218	2.932386	-0.09210234545171261	5.925925925925925e-05	0.9672077298164368
443640	-2.816828	-0.394738	1.075747	0.059795	0.967965	2.932183	-0.09217592105269432	2.6337448559670777e-05	0.9679672122001648
443760	-2.816119	-0.393853	1.076646	0.059838	0.968884	2.934819	-0.09224772825837135	3.9506172839506166e-05	0.968874990940094
443880	-2.818803	-0.393355	1.077649	0.059677	0.969697	2.937764	-0.09230263456702233	2.6337448559670777e-05	0.9696931838989258
444000	-2.818554	-0.393144	1.077376	0.059692	0.969769	2.936963	-0.09232112690806389	3.9506172839506166e-05	0.9697703123092651
444120	-2.818356	-0.392610	1.078524	0.059704	0.970491	2.940337	-0.09236965365707875	2.6337448559670777e-05	0.9704900979995728
444240	-2.818976	-0.392176	1.079021	0.059667	0.971200	2.941799	-0.09241044968366623	5.925925925925925e-05	0.9712074995040894
444360	-2.818279	-0.391586	1.079191	0.059709	0.971831	2.942298	-0.09245610795915127	3.9506172839506166e-05	0.9718233346939087
444480	-2.819234	-0.391014	1.079406	0.059652	0.972501	2.942930	-0.09250714220106601	3.9506172839506166e-05	0.9724932909011841
444600	-2.821482	-0.390919	1.078798	0.059518	0.972690	2.941142	-0.09252329617738723	3.9506172839506166e-05	0.9726900458335876
444720	-2.821769	-0.390039	1.081065	0.059501	0.973887	2.947819	-0.09259524717926979	3.9506172839506166e-05	0.9738784432411194
444840	-2.821769	-0.388859	1.083622	0.059501	0.975547	2.955365	-0.09269120320677757	3.9506172839506166e-05	0.9755291938781738
444960	-2.823045	-0.388539	1.083953	0.059425	0.976053	2.956343	-0.09273000955581664	1.7558299039780518e-05	0.9760487675666809
445080	-2.823108	-0.387850	1.086093	0.059421	0.976949	2.962677	-0.09279584921896458	2.6337448559670777e-05	0.9769454598426819
445200	-2.823822	-0.387368	1.086019	0.059379	0.977595	2.962457	-0.09283222779631614	5.925925925925925e-05	0.9775841236114502
445320	-2.822113	-0.386462	1.087533	0.059480	0.978660	2.966946	-0.0929152186959982	1.1705532693187011e-05	0.978651762008667
445440	-2.821693	-0.385794	1.088991	0.059505	0.979565	2.971275	-0.09297362864017486	5.925925925925925e-05	0.9795554280281067
445560	-2.822062	-0.385241	1.090058	0.059483	0.980209	2.974447	-0.09302926361560822	2.6337448559670777e-05	0.9802089929580688
445680	-2.822144	-0.384518	1.092396	0.059478	0.981208	2.981408	-0.09309148527681828	5.925925925925925e-05	0.9812002182006836
445800	-2.822829	-0.384060	1.094802	0.059438	0.982060	2.988592	-0.09313451237976551	3.9506172839506166e-05	0.9820560812950134
445920	-2.822132	-0.383135	1.094954	0.059479	0.983005	2.989046	-0.09321728646755219	2.6337448559670777e-05	0.982999861240387
446040	-2.823073	-0.382589	1.096105	0.059423	0.983811	2.992487	-0.09326477833092213	3.9506172839506166e-05	0.9838004112243652
446160	-2.824339	-0.381978	1.096781	0.059348	0.984683	2.994512	-0.09332037530839443	5.925925925925925e-05	0.984675407409668
446280	-2.825161	-0.381438	1.097730	0.059299	0.985360	2.997355	-0.09336936585605145	2.6337448559670777e-05	0.9853541254997253
446400	-2.826367	-0.380975	1.098480	0.059228	0.986031	2.999604	-0.09340976737439632	5.925925925925925e-05	0.9860222339630127
446520	-2.827027	-0.380319	1.099223	0.059189	0.986679	3.001832	-0.0934659194201231	2.6337448559670777e-05	0.9866703748703003
446640	-2.826607	-0.379338	1.099712	0.059213	0.987740	3.003301	-0.09355819411575794	3.9506172839506166e-05	0.9877337217330933
446760	-2.826079	-0.378336	1.100692	0.059245	0.988826	3.006245	-0.09364542737603188	3.9506172839506166e-05	0.9888139963150024
446880	-2.827299	-0.377701	1.101908	0.059172	0.989796	3.009903	-0.09370909705758095	3.9506172839506166e-05	0.9897913336753845
447000	-2.827957	-0.377167	1.101526	0.059134	0.990536	3.008755	-0.09375098459422589	5.925925925925925e-05	0.9905213117599487
447120	-2.829516	-0.376732	1.103728	0.059041	0.991446	3.015386	-0.0937951683998108	5.925925925925925e-05	0.9914355874061584
447240	-2.829052	-0.376169	1.104914	0.059069	0.992201	3.018966	-0.09383712522685528	3.9506172839506166e-05	0.9921882748603821
447360	-2.829564	-0.375802	1.105158	0.059039	0.992445	3.019702	-0.09387196153402329	5.925925925925925e-05	0.9924303293228149
447480	-2.828929	-0.375253	1.105728	0.059076	0.993079	3.021422	-0.09392228871583938	5.925925925925925e-05	0.9930766820907593
447600	-2.831086	-0.374956	1.106421	0.058949	0.993587	3.023517	-0.0939544603228569	3.9506172839506166e-05	0.9935817718505859
447720	-2.830702	-0.374033	1.108497	0.058971	0.994727	3.029800	-0.0940290167927742	3.9506172839506166e-05	0.9947121739387512
447840	-2.831231	-0.373355	1.111038	0.058940	0.995638	3.037509	-0.09410536289215088	2.6337448559670777e-05	0.9956396818161011
447960	-2.832022	-0.373100	1.111980	0.058894	0.995973	3.040372	-0.0941245786845684	3.9506172839506166e-05	0.9959728717803955
448080	-2.831830	-0.372410	1.111740	0.058905	0.996686	3.039643	-0.09418616704642772	5.925925925925925e-05	0.9966858625411987
448200	-2.830917	-0.371465	1.113183	0.058959	0.997854	3.044033	-0.09426565803587436	2.6337448559670777e-05	0.9978458881378174
448320	-2.831696	-0.371323	1.112875	0.058913	0.997911	3.043095	-0.09428245387971401	3.9506172839506166e-05	0.9979060292243958
448440	-2.832373	-0.370919	1.113126	0.058873	0.998312	3.043859	-0.09431740082800388	2.6337448559670777e-05	0.9983083009719849
448560	-2.831442	-0.370372	1.114389	0.058928	0.998905	3.047704	-0.09436582662165165	3.9506172839506166e-05	0.9989000558853149
448680	-2.832276	-0.369826	1.115450	0.058879	0.999643	3.050942	-0.09441498890519143	5.925925925925925e-05	0.9996368288993835
448800	-2.832052	-0.369285	1.116448	0.058892	1.000306	3.053988	-0.09446566924452782	3.9506172839506166e-05	1.0003037452697754
448920	-2.832311	-0.368867	1.118393	0.058877	1.000919	3.059933	-0.09449655078351497	3.9506172839506166e-05	1.0009053945541382
449040	-2.832399	-0.368330	1.118840	0.058871	1.001566	3.061302	-0.09455393590033054	3.9506172839506166e-05	1.0015681982040405
449160	-2.833182	-0.367646	1.120861	0.058825	1.002556	3.067495	-0.09461445398628712	5.925925925925925e-05	1.0025538206100464
449280	-2.833659	-0.367252	1.121341	0.058797	1.002982	3.068968	-0.09464397095143795	2.6337448559670777e-05	1.0029716491699219
449400	-2.833467	-0.366956	1.122386	0.058809	1.003492	3.072175	-0.09467786625027656	3.9506172839506166e-05	1.0034884214401245
449520	-2.833753	-0.366654	1.122907	0.058792	1.003989	3.073776	-0.09470317140221596	3.9506172839506166e-05	1.0039836168289185
449640	-2.834236	-0.366381	1.122983	0.058763	1.004403	3.074010	-0.09472725801169872	2.6337448559670777e-05	1.0043985843658447
449760	-2.833629	-0.365962	1.123962	0.058799	1.004958	3.077022	-0.09476338773965835	2.6337448559670777e-05	1.0049512386322021
449880	-2.835302	-0.365564	1.125916	0.058701	1.005626	3.083038	-0.0947961188852787	3.9506172839506166e-05	1.0056079626083374
450000	-2.835953	-0.365095	1.126942	0.058663	1.006353	3.086205	-0.0948371309787035	5.925925925925925e-05	1.006347894668579
450120	-2.835126	-0.364430	1.128197	0.058711	1.007111	3.090081	-0.09490267187356949	3.9506172839506166e-05	1.007109522819519
450240	-2.835547	-0.363744	1.127503	0.058686	1.007779	3.087936	-0.0949657291173935	3.9506172839506166e-05	1.0077725648880005
450360	-2.837861	-0.363251	1.130005	0.058551	1.008883	3.095671	-0.09500532560050487	2.6337448559670777e-05	1.0088789463043213
450480	-2.838570	-0.362876	1.130633	0.058509	1.009322	3.097617	-0.0950438518077135	2.6337448559670777e-05	1.0093238353729248
450600	-2.838428	-0.362613	1.131069	0.058518	1.009749	3.098967	-0.09506743252277375	5.925925925925925e-05	1.0097404718399048
450720	-2.838386	-0.362142	1.131949	0.058520	1.010354	3.101697	-0.09510505832731724	5.925925925925925e-05	1.010347604751587
450840	-2.839780	-0.361804	1.134809	0.058438	1.011214	3.110580	-0.0951338317245245	5.925925925925925e-05	1.0112029314041138
450960	-2.841372	-0.361623	1.135979	0.058346	1.011845	3.114220	-0.09515570551156997	3.9506172839506166e-05	1.0118374824523926
451080	-2.843356	-0.361437	1.135178	0.058230	1.012043	3.111727	-0.09517198950052261	3.9506172839506166e-05	1.0120394229888916
451200	-2.841924	-0.360807	1.135820	0.058313	1.012755	3.113726	-0.09522748589515687	3.9506172839506166e-05	1.0127543210983276
451320	-2.841788	-0.360360	1.136398	0.058321	1.013251	3.115525	-0.09526414833962918	3.9506172839506166e-05	1.0132406949996948
451440	-2.841674	-0.359940	1.136936	0.058328	1.014017	3.117203	-0.09530750960111618	3.9506172839506166e-05	1.014014482498169
451560	-2.842584	-0.359728	1.137099	0.058275	1.014289	3.117710	-0.0953211858868599	5.925925925925925e-05	1.0142790079116821
451680	-2.843362	-0.359203	1.139064	0.058230	1.015018	3.123843	-0.09537050500512123	3.9506172839506166e-05	1.0150103569030762
451800	-2.843793	-0.359024	1.140763	0.058204	1.015464	3.129154	-0.09539000652730464	2.6337448559670777e-05	1.0154625177383423
451920	-2.845012	-0.358621	1.140834	0.058134	1.015873	3.129377	-0.09542477279901504	2.6337448559670777e-05	1.0158674716949463
452040	-2.846539	-0.358381	1.142513	0.058045	1.016450	3.134636	-0.09544934630393982	3.9506172839506166e-05	1.0164469480514526
452160	-2.846018	-0.357225	1.144080	0.058075	1.017841	3.139552	-0.09555285088717938	3.9506172839506166e-05	1.0178371667861938
452280	-2.845659	-0.356750	1.143881	0.058096	1.018155	3.138926	-0.09559594094753265	1.7558299039780518e-05	1.0181543827056885
452400	-2.845355	-0.356401	1.144159	0.058114	1.018485	3.139800	-0.09562197998166085	3.9506172839506166e-05	1.0184826850891113
452520	-2.844446	-0.355637	1.145090	0.058167	1.019662	3.142725	-0.09569122083485126	2.6337448559670777e-05	1.0196559429168701
452640	-2.845398	-0.355280	1.145431	0.058111	1.020370	3.143795	-0.09572478644549846	3.9506172839506166e-05	1.0203630924224854
452760	-2.845237	-0.354501	1.145343	0.058120	1.021184	3.143519	-0.0957893818616867	1.7558299039780518e-05	1.0211776494979858
452880	-2.846075	-0.354143	1.145780	0.058072	1.021628	3.144894	-0.09583190307021142	3.9506172839506166e-05	1.021626353263855
453000	-2.845665	-0.353600	1.146854	0.058096	1.022115	3.148273	-0.0958762064576149	3.9506172839506166e-05	1.0221104621887207
453120	-2.846929	-0.353550	1.148021	0.058022	1.022543	3.151950	-0.09588356092572212	2.6337448559670777e-05	1.0225409269332886
453240	-2.847489	-0.353457	1.147485	0.057990	1.022619	3.150262	-0.09588942378759384	1.7558299039780518e-05	1.0226129293441772
453360	-2.848405	-0.353049	1.148059	0.057937	1.023040	3.152069	-0.09592793360352517	3.9506172839506166e-05	1.0230416059494019
453480	-2.847763	-0.352586	1.148525	0.057974	1.023697	3.153538	-0.09596684463322162	2.6337448559670777e-05	1.023687481880188
453600	-2.847811	-0.352177	1.149294	0.057971	1.024337	3.155964	-0.09600277245044708	3.9506172839506166e-05	1.0243279933929443
453720	-2.847315	-0.351695	1.150390	0.058000	1.025101	3.159424	-0.09605039209127426	3.9506172839506166e-05	1.0250920057296753
453840	-2.848334	-0.351203	1.151247	0.057941	1.025829	3.162133	-0.09609564952552319	2.6337448559670777e-05	1.0258307456970215
453960	-2.848463	-0.350638	1.151846	0.057933	1.026375	3.164027	-0.09614327102899552	3.9506172839506166e-05	1.0263686180114746
454080	-2.849647	-0.349773	1.153687	0.057865	1.027571	3.169858	-0.0962172843515873	3.9506172839506166e-05	1.0275582075119019
454200	-2.850507	-0.349594	1.153958	0.057815	1.027926	3.170718	-0.09623698107898235	3.9506172839506166e-05	1.027919888496399
454320	-2.850088	-0.349112	1.154803	0.057839	1.028478	3.173397	-0.0962814137339592	3.9506172839506166e-05	1.028475046157837
454440	-2.850264	-0.348374	1.154704	0.057829	1.029262	3.173083	-0.09634159430861473	3.9506172839506166e-05	1.0292524099349976
454560	-2.850501	-0.348004	1.155479	0.057815	1.029768	3.175543	-0.09638340957462788	5.925925925925925e-05	1.0297616720199585
454680	-2.850554	-0.347491	1.157268	0.057812	1.030652	3.181229	-0.09643280506134033	3.9506172839506166e-05	1.0306507349014282
454800	-2.852418	-0.347269	1.158035	0.057705	1.031318	3.183672	-0.09645425602793693	5.925925925925925e-05	1.0313222408294678
454920	-2.851375	-0.347058	1.158013	0.057765	1.031526	3.183600	-0.09646194688975811	1.7558299039780518e-05	1.0315221548080444
455040	-2.850328	-0.346055	1.158057	0.057825	1.032367	3.183742	-0.09654493927955628	3.9506172839506166e-05	1.0323514938354492
455160	-2.852246	-0.345317	1.160129	0.057715	1.033476	3.190343	-0.09661224745213985	3.9506172839506166e-05	1.0334581136703491
455280	-2.853183	-0.344794	1.161997	0.057661	1.034197	3.196310	-0.09666406996548176	1.7558299039780518e-05	1.0341850519180298
455400	-2.853426	-0.344129	1.163206	0.057646	1.035189	3.200178	-0.096728103607893	3.9506172839506166e-05	1.035183072090149
455520	-2.853785	-0.343728	1.165078	0.057626	1.036009	3.206173	-0.09676102995872497	5.925925925925925e-05	1.0360029935836792
455640	-2.855132	-0.343094	1.166222	0.057548	1.036808	3.209844	-0.09681388959288598	5.925925925925925e-05	1.036793828010559
455760	-2.855115	-0.342789	1.167370	0.057549	1.037483	3.213531	-0.09685066640377045	3.9506172839506166e-05	1.0374810695648193
455880	-2.856336	-0.342168	1.169030	0.057479	1.038503	3.218870	-0.09690483957529068	3.9506172839506166e-05	1.0384913682937622
456000	-2.857692	-0.341680	1.168802	0.057401	1.039025	3.218136	-0.09695012904703618	2.6337448559670777e-05	1.0390219688415527
456120	-2.857903	-0.341271	1.169484	0.057389	1.039575	3.220331	-0.09699191376566887	3.9506172839506166e-05	1.0395772457122803
456240	-2.858310	-0.340833	1.171018	0.057366	1.040205	3.225274	-0.0970247220247984	3.9506172839506166e-05	1.0401978492736816
456360	-2.859486	-0.340704	1.171358	0.057298	1.040438	3.226371	-0.09704300053417683	3.9506172839506166e-05	1.0404363870620728
456480	-2.858921	-0.340318	1.172805	0.057331	1.041016	3.231044	-0.09707334898412227	2.6337448559670777e-05	1.0410128831863403
456600	-2.859950	-0.340040	1.173539	0.057272	1.041751	3.233417	-0.09709788784384728	3.9506172839506166e-05	1.041745901107788
456720	-2.860641	-0.339686	1.174078	0.057232	1.042339	3.235160	-0.09713382869958878	3.9506172839506166e-05	1.0423356294631958
456840	-2.860081	-0.339147	1.174774	0.057264	1.042852	3.237411	-0.09717843979597092	2.6337448559670777e-05	1.0428463220596313
456960	-2.860827	-0.339058	1.174560	0.057221	1.043047	3.236718	-0.09718522056937218	2.6337448559670777e-05	1.0430437326431274
457080	-2.860725	-0.338169	1.175164	0.057227	1.044050	3.238673	-0.09726165272295476	3.9506172839506166e-05	1.0440435409545898
457200	-2.860082	-0.337427	1.175341	0.057264	1.044798	3.239249	-0.0973354171961546	2.6337448559670777e-05	1.0447947978973389
457320	-2.860532	-0.336852	1.176151	0.057238	1.045456	3.241871	-0.09737269468605518	3.9506172839506166e-05	1.0454373359680176
457440	-2.860081	-0.336161	1.176607	0.057264	1.046217	3.243351	-0.09744627885520458	2.6337448559670777e-05	1.046212077140808
457560	-2.860242	-0.335515	1.176803	0.057255	1.046779	3.243988	-0.09750406332314014	5.925925925925925e-05	1.0467793941497803
457680	-2.860092	-0.335687	1.177397	0.057264	1.046471	3.245913	-0.09749157093465328	5.925925925925925e-05	1.0464707612991333
457800	-2.860131	-0.335307	1.178237	0.057261	1.046888	3.248642	-0.0975223358720541	2.6337448559670777e-05	1.0468860864639282
457920	-2.860101	-0.334776	1.178710	0.057263	1.047527	3.250178	-0.09757293574512005	1.7558299039780518e-05	1.0475255250930786
458040	-2.859817	-0.334345	1.178622	0.057279	1.047959	3.249893	-0.09761037081480026	2.6337448559670777e-05	1.0479589700698853
458160	-2.858940	-0.333698	1.180715	0.057330	1.048939	3.256701	-0.09766351133584976	3.9506172839506166e-05	1.0489239692687988
458280	-2.859287	-0.332904	1.182854	0.057310	1.050057	3.263677	-0.09773283973336219	5.925925925925925e-05	1.0500445365905762
458400	-2.858499	-0.332487	1.183224	0.057355	1.050542	3.264884	-0.09777631051838398	2.6337448559670777e-05	1.0505328178405762
458520	-2.858020	-0.331766	1.183567	0.057382	1.051196	3.266004	-0.0978383582085371	2.6337448559670777e-05	1.0511881113052368
458640	-2.857436	-0.331325	1.183143	0.057416	1.051624	3.264617	-0.09787542670965195	3.9506172839506166e-05	1.051612138748169
458760	-2.857369	-0.330602	1.184440	0.057420	1.052556	3.268857	-0.09794429205358028	5.925925925925925e-05	1.0525426864624023
458880	-2.856408	-0.329812	1.185577	0.057475	1.053548	3.272575	-0.09801097437739373	1.7558299039780518e-05	1.0535346269607544
459000	-2.856827	-0.329568	1.185360	0.057451	1.053848	3.271866	-0.09804067648947239	3.9506172839506166e-05	1.0538462400436401
459120	-2.855716	-0.328788	1.185478	0.057515	1.054454	3.272250	-0.09810648635029792	3.9506172839506166e-05	1.054449200630188
459240	-2.855474	-0.328228	1.186151	0.057529	1.055203	3.274454	-0.09816050678491592	3.9506172839506166e-05	1.055194616317749
459360	-2.853961	-0.327812	1.187834	0.057616	1.055786	3.279968	-0.09818795807659626	3.9506172839506166e-05	1.055768609046936
459480	-2.854332	-0.327484	1.188697	0.057594	1.056376	3.282802	-0.09822915866971016	2.6337448559670777e-05	1.0563757419586182
459600	-2.854628	-0.327065	1.188832	0.057577	1.056705	3.283245	-0.09826110526919365	1.7558299039780518e-05	1.056695818901062
459720	-2.853808	-0.326442	1.189172	0.057624	1.057346	3.284362	-0.09831474199891091	3.9506172839506166e-05	1.0573389530181885
459840	-2.853574	-0.325686	1.190211	0.057638	1.058256	3.287776	-0.09838210381567478	5.925925925925925e-05	1.058236002922058
459960	-2.853239	-0.325114	1.193108	0.057657	1.059296	3.297314	-0.09843885973095894	5.925925925925925e-05	1.059286117553711
460080	-2.853061	-0.324473	1.193693	0.057668	1.059996	3.299242	-0.09849810674786567	3.9506172839506166e-05	1.0599945783615112
460200	-2.852582	-0.323352	1.194424	0.057695	1.061139	3.301655	-0.09860019087791443	1.7558299039780518e-05	1.061138391494751
460320	-2.851609	-0.322970	1.195886	0.057751	1.061819	3.306487	-0.0986346185207367	3.9506172839506166e-05	1.0618101358413696
460440	-2.852637	-0.322357	1.197728	0.057692	1.062892	3.312583	-0.09868787713348866	3.9506172839506166e-05	1.0628865957260132
460560	-2.853066	-0.321869	1.198527	0.057667	1.063626	3.315229	-0.09873041696846485	3.9506172839506166e-05	1.0636199712753296
460680	-2.853514	-0.321397	1.198703	0.057641	1.064035	3.315812	-0.09877522364258766	3.9506172839506166e-05	1.0640358924865723
460800	-2.854398	-0.320944	1.199854	0.057590	1.064711	3.319631	-0.09881860688328743	3.9506172839506166e-05	1.0647071599960327
460920	-2.857107	-0.320790	1.200480	0.057435	1.065254	3.321712	-0.09883138351142406	2.6337448559670777e-05	1.0652499198913574
461040	-2.857725	-0.320468	1.200699	0.057399	1.065696	3.322438	-0.09885971061885357	2.6337448559670777e-05	1.0656887292861938
461160	-2.857333	-0.320029	1.201682	0.057422	1.066409	3.325706	-0.09889516830444336	3.9506172839506166e-05	1.0663973093032837
461280	-2.858170	-0.319574	1.200537	0.057374	1.066945	3.321901	-0.09893951900303363	5.925925925925925e-05	1.0669368505477905
461400	-2.858361	-0.319288	1.202344	0.057363	1.067719	3.327908	-0.09896564893424512	2.6337448559670777e-05	1.0677164793014526
461520	-2.858166	-0.319031	1.202718	0.057374	1.068277	3.329153	-0.09899436347186566	5.925925925925925e-05	1.0682731866836548
461640	-2.857771	-0.318640	1.202643	0.057397	1.068804	3.328902	-0.09901914112269879	3.9506172839506166e-05	1.0687845945358276
461760	-2.857075	-0.317892	1.203781	0.057436	1.069855	3.332695	-0.09908258989453315	1.7558299039780518e-05	1.0698415040969849
461880	-2.856928	-0.317707	1.202659	0.057445	1.069932	3.328957	-0.099112369120121	3.9506172839506166e-05	1.0699340105056763
462000	-2.854698	-0.316552	1.204123	0.057573	1.071173	3.333834	-0.09920216053724289	2.6337448559670777e-05	1.0711698532104492
462120	-2.855006	-0.316164	1.204294	0.057555	1.071592	3.334403	-0.0992486946284771	2.6337448559670777e-05	1.071590542793274
462240	-2.854040	-0.315336	1.205281	0.057611	1.072471	3.337697	-0.09931143671274185	3.9506172839506166e-05	1.072450876235962
462360	-2.852892	-0.315001	1.205774	0.057677	1.072941	3.339342	-0.09934692457318306	2.6337448559670777e-05	1.072928786277771
462480	-2.851197	-0.313901	1.206296	0.057775	1.074100	3.341086	-0.09944981411099434	2.6337448559670777e-05	1.0740944147109985
462600	-2.851284	-0.313190	1.208313	0.057770	1.075172	3.347831	-0.09951709657907486	5.925925925925925e-05	1.0751664638519287
462720	-2.851582	-0.312701	1.209613	0.057753	1.075787	3.352187	-0.09955449365079402	3.9506172839506166e-05	1.075777292251587
462840	-2.850947	-0.312392	1.210539	0.057790	1.076200	3.355291	-0.09958899915218353	2.6337448559670777e-05	1.0761990547180176
462960	-2.850428	-0.311961	1.210095	0.057820	1.076623	3.353804	-0.0996195249259472	1.7558299039780518e-05	1.0766154527664185
463080	-2.850319	-0.311546	1.211275	0.057826	1.077276	3.357764	-0.0996610525995493	2.6337448559670777e-05	1.077263355255127
463200	-2.850012	-0.310233	1.212381	0.057844	1.078785	3.361480	-0.09976869262754917	3.9506172839506166e-05	1.078768014907837
463320	-2.849074	-0.309430	1.212752	0.057898	1.079645	3.362726	-0.09984582774341107	3.9506172839506166e-05	1.079632043838501
463440	-2.848756	-0.308707	1.213453	0.057916	1.080463	3.365085	-0.09991031885147095	2.6337448559670777e-05	1.0804510116577148
463560	-2.849010	-0.308213	1.214737	0.057902	1.081276	3.369407	-0.09996220245957374	2.6337448559670777e-05	1.081271767616272
463680	-2.850077	-0.307980	1.214817	0.057840	1.081644	3.369678	-0.09997794330120087	2.6337448559670777e-05	1.0816305875778198
463800	-2.850552	-0.307545	1.214878	0.057812	1.082334	3.369884	-0.10002413429319859	3.9506172839506166e-05	1.0823289155960083
463920	-2.849882	-0.306989	1.215416	0.057851	1.082999	3.371696	-0.10006623305380344	1.7558299039780518e-05	1.0829901695251465
464040	-2.850338	-0.306623	1.216085	0.057825	1.083607	3.373953	-0.10010033659636974	1.7558299039780518e-05	1.0835973024368286
464160	-2.850148	-0.305774	1.216806	0.057836	1.084744	3.376385	-0.10017587058246136	3.9506172839506166e-05	1.0847359895706177
464280	-2.850192	-0.304955	1.218131	0.057833	1.085954	3.380862	-0.10025518126785755	2.6337448559670777e-05	1.0859520435333252
464400	-2.850067	-0.304712	1.218552	0.057840	1.086321	3.382286	-0.10027624256908893	2.6337448559670777e-05	1.0863168239593506
464520	-2.849784	-0.304152	1.219168	0.057857	1.087047	3.384371	-0.10032949075102807	2.6337448559670777e-05	1.0870455503463745
464640	-2.849857	-0.303607	1.220195	0.057853	1.087763	3.387848	-0.10036061964929104	3.9506172839506166e-05	1.0877354145050049
464760	-2.849910	-0.302839	1.223226	0.057850	1.089013	3.398133	-0.10043964646756649	3.9506172839506166e-05	1.0890034437179565
464880	-2.850596	-0.302722	1.224039	0.057810	1.089550	3.400897	-0.10045373290777207	3.9506172839506166e-05	1.0895416736602783
465000	-2.851009	-0.302500	1.223792	0.057786	1.089896	3.400058	-0.10047761760652066	3.9506172839506166e-05	1.0898874998092651
465120	-2.851539	-0.302224	1.223200	0.057755	1.090264	3.398045	-0.10050163194537162	5.925925925925925e-05	1.0902596712112427
465240	-2.851162	-0.301560	1.222927	0.057777	1.090916	3.397116	-0.10055208243429661	2.6337448559670777e-05	1.0909039974212646
465360	-2.851589	-0.300879	1.223950	0.057752	1.091612	3.400592	-0.10061982721090316	3.9506172839506166e-05	1.0916013717651367
465480	-2.851773	-0.300289	1.224241	0.057742	1.092315	3.401582	-0.100679986551404	3.9506172839506166e-05	1.0923161506652832
465600	-2.852020	-0.299785	1.223026	0.057728	1.092693	3.397453	-0.10072129331529141	2.6337448559670777e-05	1.0926928520202637
465720	-2.852022	-0.299575	1.224342	0.057727	1.093214	3.401926	-0.10074118115007877	2.6337448559670777e-05	1.0932087898254395
465840	-2.851549	-0.298962	1.225212	0.057755	1.094020	3.404887	-0.10078722946345806	5.925925925925925e-05	1.0940083265304565
465960	-2.850667	-0.298000	1.225909	0.057806	1.095031	3.407263	-0.10087298601865768	1.1705532693187011e-05	1.0950225591659546
466080	-2.850090	-0.297603	1.225993	0.057839	1.095535	3.407549	-0.10091616287827491	1.7558299039780518e-05	1.0955326557159424
466200	-2.849083	-0.297331	1.226235	0.057897	1.095856	3.408374	-0.10094543099403382	2.6337448559670777e-05	1.0958534479141235
466320	-2.848385	-0.296757	1.227698	0.057938	1.096866	3.413364	-0.10099268332123756	3.9506172839506166e-05	1.0968620777130127
466440	-2.847551	-0.296151	1.227927	0.057986	1.097560	3.414144	-0.10104741901159286	2.6337448559670777e-05	1.0975555181503296
466560	-2.847768	-0.295705	1.228936	0.057974	1.098189	3.417592	-0.10108669772744179	3.9506172839506166e-05	1.0981823205947876
466680	-2.848423	-0.295246	1.229851	0.057936	1.098850	3.420719	-0.10112984925508499	1.7558299039780518e-05	1.0988465547561646
466800	-2.848932	-0.295205	1.230240	0.057906	1.099024	3.422051	-0.10113103576004505	1.7558299039780518e-05	1.0990139245986938
466920	-2.850278	-0.294760	1.230904	0.057828	1.099611	3.424322	-0.10117424950003624	3.9506172839506166e-05	1.099603533744812
467040	-2.850212	-0.294473	1.231135	0.057832	1.100196	3.425114	-0.10119485929608345	1.7558299039780518e-05	1.100188136100769
467160	-2.850214	-0.294232	1.230675	0.057832	1.100311	3.423540	-0.10122242011129856	1.7558299039780518e-05	1.1003082990646362
467280	-2.850240	-0.293909	1.231597	0.057830	1.100786	3.426697	-0.10124697647988797	1.7558299039780518e-05	1.1007801294326782
467400	-2.850106	-0.293621	1.232316	0.057838	1.101243	3.429161	-0.10127455592155457	1.7558299039780518e-05	1.1012340784072876
467520	-2.850220	-0.293292	1.232361	0.057832	1.101804	3.429317	-0.10130989141762256	3.9506172839506166e-05	1.1018036603927612
467640	-2.850179	-0.292878	1.232888	0.057834	1.102493	3.431124	-0.1013385757803917	1.1705532693187011e-05	1.1024844646453857
467760	-2.849707	-0.292467	1.234462	0.057861	1.103164	3.436530	-0.1013771265745163	3.9506172839506166e-05	1.1031562089920044
467880	-2.849632	-0.292030	1.234935	0.057866	1.103578	3.438154	-0.10142017528414726	3.9506172839506166e-05	1.1035748720169067
468000	-2.849162	-0.291371	1.235507	0.057893	1.104173	3.440121	-0.10147564969956875	2.6337448559670777e-05	1.1041648387908936
468120	-2.849356	-0.290787	1.236957	0.057882	1.105078	3.445113	-0.10153173543512821	3.9506172839506166e-05	1.1050732135772705
468240	-2.849474	-0.290796	1.238011	0.057875	1.105343	3.448748	-0.10152997300028802	3.9506172839506166e-05	1.1053380966186523
468360	-2.849838	-0.290577	1.239225	0.057854	1.105787	3.452936	-0.10155145786702632	2.6337448559670777e-05	1.1057829856872559
468480	-2.849302	-0.290124	1.238178	0.057885	1.106152	3.449325	-0.10159314237535	3.9506172839506166e-05	1.1061521768569946
468600	-2.849409	-0.289288	1.239842	0.057879	1.107324	3.455068	-0.1016541600227356	5.925925925925925e-05	1.1073063611984253
468720	-2.850150	-0.288666	1.240777	0.057836	1.108072	3.458298	-0.10171116702258587	1.7558299039780518e-05	1.10806405544281
468840	-2.849516	-0.287784	1.241519	0.057872	1.109206	3.460866	-0.10179675295948983	3.9506172839506166e-05	1.109195590019226
468960	-2.849048	-0.287132	1.242086	0.057899	1.109981	3.462830	-0.10185343027114868	3.9506172839506166e-05	1.1099656820297241
469080	-2.848840	-0.286762	1.243031	0.057911	1.110392	3.466104	-0.10189179442822933	3.9506172839506166e-05	1.1103837490081787
469200	-2.850288	-0.286690	1.243716	0.057828	1.110757	3.468477	-0.10190237239003182	3.9506172839506166e-05	1.1107538938522339
469320	-2.850860	-0.286460	1.245155	0.057795	1.111285	3.473473	-0.10192279666662216	5.925925925925925e-05	1.111283540725708
469440	-2.851759	-0.286273	1.245490	0.057743	1.111602	3.474636	-0.10193192437291146	2.6337448559670777e-05	1.1115955114364624
469560	-2.853769	-0.285945	1.247156	0.057627	1.112380	3.480431	-0.10196460932493209	5.925925925925925e-05	1.112377643585205
469680	-2.853633	-0.285156	1.248131	0.057635	1.113297	3.483826	-0.10203817412257195	3.9506172839506166e-05	1.1132932901382446
469800	-2.854362	-0.284823	1.247405	0.057593	1.113567	3.481297	-0.10206578895449639	3.9506172839506166e-05	1.113566279411316
469920	-2.854177	-0.284103	1.246821	0.057603	1.114301	3.479263	-0.10212983004748821	3.9506172839506166e-05	1.114298701286316
470040	-2.854610	-0.283685	1.247700	0.057578	1.115001	3.482323	-0.10216975770890713	3.9506172839506166e-05	1.1149946451187134
470160	-2.854715	-0.283098	1.248301	0.057572	1.115830	3.484417	-0.10221690945327282	3.9506172839506166e-05	1.1158174276351929
470280	-2.854708	-0.282497	1.249036	0.057573	1.116878	3.486981	-0.1022730927914381	2.6337448559670777e-05	1.1168667078018188
470400	-2.854501	-0.281601	1.249716	0.057585	1.117889	3.489353	-0.10235330015420914	3.9506172839506166e-05	1.1178849935531616
470520	-2.854138	-0.280794	1.251936	0.057605	1.119058	3.497106	-0.10242569781839847	2.6337448559670777e-05	1.119046926498413
470640	-2.855732	-0.280748	1.252197	0.057514	1.119649	3.498018	-0.10243442133069039	2.6337448559670777e-05	1.1196465492248535
470760	-2.855881	-0.280128	1.253141	0.057505	1.120665	3.501324	-0.10249313674867153	3.9506172839506166e-05	1.1206638813018799
470880	-2.855761	-0.279793	1.253462	0.057512	1.121227	3.502447	-0.1025201916694641	3.9506172839506166e-05	1.1212221384048462
471000	-2.855030	-0.279113	1.253438	0.057554	1.121783	3.502365	-0.10258032307028771	3.9506172839506166e-05	1.1217764616012573
471120	-2.854752	-0.278643	1.254153	0.057570	1.122386	3.504869	-0.10262499786913395	2.6337448559670777e-05	1.122383713722229
471240	-2.854441	-0.277855	1.254762	0.057588	1.123260	3.507003	-0.10269268937408924	3.9506172839506166e-05	1.1232545375823975
471360	-2.854041	-0.276767	1.255354	0.057611	1.124437	3.509079	-0.10277949683368207	3.9506172839506166e-05	1.124418020248413
471480	-2.853962	-0.276184	1.256429	0.057616	1.125385	3.512855	-0.10284665636718274	2.6337448559670777e-05	1.1253814697265625
471600	-2.854811	-0.275546	1.257033	0.057567	1.126167	3.514978	-0.1029001910239458	3.9506172839506166e-05	1.1261588335037231
471720	-2.854383	-0.274841	1.257504	0.057591	1.127036	3.516634	-0.10296011939644814	5.925925925925925e-05	1.1270239353179932
471840	-2.853747	-0.273887	1.258108	0.057628	1.128364	3.518756	-0.10305003076791763	2.6337448559670777e-05	1.1283514499664307
471960	-2.854624	-0.273448	1.259050	0.057577	1.129083	3.522074	-0.10309027060866356	3.9506172839506166e-05	1.1290786266326904
472080	-2.854342	-0.273020	1.260969	0.057594	1.129913	3.528837	-0.10312756523489952	3.9506172839506166e-05	1.129900574684143
472200	-2.855180	-0.272535	1.260793	0.057545	1.130849	3.528218	-0.1031724013388157	2.6337448559670777e-05	1.1308436393737793
472320	-2.855047	-0.272199	1.261243	0.057553	1.131167	3.529808	-0.10320176854729653	2.6337448559670777e-05	1.1311581134796143
472440	-2.854098	-0.271685	1.261853	0.057608	1.131630	3.531960	-0.10325220376253127	3.9506172839506166e-05	1.1316320896148682
472560	-2.853876	-0.271479	1.262579	0.057621	1.132049	3.534526	-0.10327167809009552	2.6337448559670777e-05	1.1320502758026123
472680	-2.854995	-0.271265	1.262042	0.057556	1.132194	3.532627	-0.10328435376286507	5.925925925925925e-05	1.1321938037872314
472800	-2.854167	-0.270663	1.262657	0.057604	1.132834	3.534802	-0.10334128066897393	1.7558299039780518e-05	1.1328321695327759
472920	-2.854229	-0.270657	1.263835	0.057600	1.132997	3.538968	-0.10334340445697307	3.9506172839506166e-05	1.1329907178878784
473040	-2.855073	-0.270130	1.264753	0.057552	1.133866	3.542218	-0.10338663719594479	3.9506172839506166e-05	1.1338557004928589
473160	-2.857360	-0.269798	1.265365	0.057420	1.134593	3.544385	-0.10341988690197468	3.9506172839506166e-05	1.1345878839492798
473280	-2.857704	-0.269394	1.265579	0.057400	1.135164	3.545145	-0.10345335192978382	2.6337448559670777e-05	1.135155200958252
473400	-2.857881	-0.268926	1.266170	0.057390	1.135943	3.547240	-0.10349640399217605	3.9506172839506166e-05	1.1359341144561768
473520	-2.858054	-0.268661	1.266820	0.057380	1.136379	3.549548	-0.10352548398077488	5.925925925925925e-05	1.1363756656646729
473640	-2.858364	-0.267825	1.267465	0.057363	1.137354	3.551837	-0.10359542705118656	3.9506172839506166e-05	1.1373451948165894
473760	-2.859773	-0.267597	1.267498	0.057282	1.137633	3.551956	-0.1036179430782795	3.9506172839506166e-05	1.1376267671585083
473880	-2.859518	-0.266827	1.268862	0.057296	1.138657	3.556804	-0.10368185602128506	1.7558299039780518e-05	1.1386444568634033
474000	-2.858395	-0.266301	1.270125	0.057361	1.139320	3.561296	-0.10373245775699616	3.9506172839506166e-05	1.1393193006515503
474120	-2.858656	-0.265803	1.270663	0.057346	1.139864	3.563215	-0.10378322824835777	3.9506172839506166e-05	1.1398640871047974
474240	-2.858361	-0.265296	1.271789	0.057363	1.140615	3.567229	-0.10382224470376969	3.9506172839506166e-05	1.1406036615371704
474360	-2.859184	-0.265235	1.271436	0.057315	1.140862	3.565971	-0.10383333154022693	3.9506172839506166e-05	1.1408607959747314
474480	-2.860332	-0.265019	1.272610	0.057250	1.141408	3.570159	-0.10384839102625847	2.6337448559670777e-05	1.1413978338241577
474600	-2.860813	-0.264658	1.274095	0.057222	1.142301	3.575463	-0.10387971438467503	5.925925925925925e-05	1.1422892808914185
474720	-2.860818	-0.263728	1.274866	0.057222	1.143307	3.578221	-0.10396264344453812	3.9506172839506166e-05	1.1432996988296509
474840	-2.861345	-0.263003	1.276542	0.057192	1.144420	3.584223	-0.10402723737061023	1.7558299039780518e-05	1.144410490989685
474960	-2.862017	-0.262520	1.276246	0.057153	1.145015	3.583163	-0.10407373160123826	3.9506172839506166e-05	1.1450079679489136
475080	-2.861813	-0.262085	1.276378	0.057165	1.145552	3.583636	-0.1041122805327177	3.9506172839506166e-05	1.1455475091934204
475200	-2.862649	-0.261800	1.276365	0.057117	1.146246	3.583589	-0.10413623712956906	5.925925925925925e-05	1.1462366580963135
475320	-2.862777	-0.261393	1.276018	0.057110	1.146797	3.582345	-0.10417849868535996	2.6337448559670777e-05	1.1467937231063843
475440	-2.863765	-0.260946	1.276222	0.057054	1.147732	3.583078	-0.10422062277793884	3.9506172839506166e-05	1.1477324962615967
475560	-2.862682	-0.260531	1.277093	0.057115	1.148290	3.586200	-0.10425283797085286	2.6337448559670777e-05	1.148284912109375
475680	-2.862094	-0.259859	1.276191	0.057149	1.148910	3.582967	-0.10430673435330391	1.7558299039780518e-05	1.1488958597183228
475800	-2.861996	-0.259314	1.277334	0.057155	1.149735	3.587065	-0.10435272641479969	3.9506172839506166e-05	1.1497093439102173
475920	-2.861789	-0.258371	1.278231	0.057166	1.150885	3.590282	-0.10444435998797416	2.6337448559670777e-05	1.1508785486221313
476040	-2.861367	-0.258192	1.278410	0.057191	1.151155	3.590925	-0.10446407236158847	2.6337448559670777e-05	1.1511486768722534
476160	-2.861863	-0.257803	1.280599	0.057162	1.152164	3.598796	-0.10449982397258281	2.6337448559670777e-05	1.1521574258804321
476280	-2.862034	-0.257464	1.279809	0.057152	1.152367	3.595954	-0.10453390181064606	3.9506172839506166e-05	1.152368187904358
476400	-2.862552	-0.257189	1.280379	0.057123	1.152746	3.598003	-0.10455281771719456	5.925925925925925e-05	1.1527395248413086
476520	-2.862081	-0.256394	1.282763	0.057150	1.153971	3.606591	-0.1046181496232748	2.6337448559670777e-05	1.1539580821990967
476640	-2.861903	-0.256211	1.283666	0.057160	1.154394	3.609851	-0.10464365892112255	2.6337448559670777e-05	1.154392123222351
476760	-2.861408	-0.255475	1.284952	0.057188	1.155360	3.614494	-0.10471045859158039	2.6337448559670777e-05	1.155357003211975
476880	-2.862129	-0.254865	1.285243	0.057147	1.155981	3.615545	-0.10476528741419315	3.9506172839506166e-05	1.155979871749878
477000	-2.861444	-0.254409	1.285049	0.057186	1.156427	3.614847	-0.10480396039783954	3.9506172839506166e-05	1.156418800354004
477120	-2.862067	-0.253987	1.284865	0.057150	1.156847	3.614180	-0.10484366677701473	3.9506172839506166e-05	1.1568411588668823
477240	-2.862356	-0.253791	1.286649	0.057134	1.157303	3.620632	-0.10486124083399773	2.6337448559670777e-05	1.1572989225387573
477360	-2.862514	-0.253260	1.287540	0.057125	1.158122	3.623862	-0.10490586645901204	3.9506172839506166e-05	1.1581182479858398
477480	-2.862468	-0.252887	1.288302	0.057128	1.158683	3.626625	-0.10494549572467804	3.9506172839506166e-05	1.1586836576461792
477600	-2.862218	-0.252610	1.289533	0.057142	1.159466	3.631089	-0.1049655757844448	3.9506172839506166e-05	1.1594629287719727
477720	-2.861834	-0.252234	1.290697	0.057164	1.160106	3.635320	-0.10499829277396203	1.7558299039780518e-05	1.1601006984710693
477840	-2.862215	-0.251532	1.292249	0.057142	1.161175	3.640967	-0.10506745800375938	3.9506172839506166e-05	1.1611794233322144
477960	-2.861896	-0.251111	1.292933	0.057160	1.161831	3.643456	-0.10509817600250244	2.6337448559670777e-05	1.1618244647979736
478080	-2.861885	-0.250751	1.293450	0.057161	1.162425	3.645339	-0.1051354542374611	3.9506172839506166e-05	1.1624215841293335
478200	-2.862860	-0.250378	1.295074	0.057105	1.163170	3.651267	-0.10516353659331798	2.6337448559670777e-05	1.1631581783294678
478320	-2.863150	-0.249499	1.296593	0.057089	1.164352	3.656816	-0.10525212623178959	3.9506172839506166e-05	1.1643508672714233
478440	-2.862339	-0.249136	1.297474	0.057135	1.164911	3.660041	-0.10527929179370403	3.9506172839506166e-05	1.164909839630127
478560	-2.864101	-0.248903	1.297319	0.057034	1.165372	3.659471	-0.10529938116669654	3.9506172839506166e-05	1.1653614044189453
478680	-2.863935	-0.248585	1.297712	0.057044	1.165768	3.660909	-0.10532999895513058	3.9506172839506166e-05	1.1657615900039673
478800	-2.864401	-0.248271	1.298237	0.057017	1.166410	3.662833	-0.10535462573170662	5.925925925925925e-05	1.1664013862609863
478920	-2.864789	-0.247915	1.297757	0.056995	1.166853	3.661077	-0.10538947768509388	1.7558299039780518e-05	1.1668504476547241
479040	-2.864855	-0.247795	1.299145	0.056991	1.167345	3.666161	-0.10539865493774414	3.9506172839506166e-05	1.1673341989517212
479160	-2.865270	-0.247422	1.299415	0.056968	1.167966	3.667151	-0.10542871542274952	2.6337448559670777e-05	1.1679567098617554
479280	-2.864869	-0.246883	1.299087	0.056991	1.168659	3.665948	-0.10547983907163143	2.6337448559670777e-05	1.1686521768569946
479400	-2.865429	-0.246266	1.299284	0.056959	1.169260	3.666670	-0.10553318075835705	3.9506172839506166e-05	1.1692532300949097
479520	-2.866419	-0.245798	1.299037	0.056902	1.169723	3.665764	-0.10558398254215717	5.925925925925925e-05	1.1697267293930054
479640	-2.864769	-0.244927	1.299716	0.056996	1.170765	3.668254	-0.10565361194312572	1.1705532693187011e-05	1.170757532119751
479760	-2.864080	-0.244051	1.300050	0.057036	1.171748	3.669481	-0.10572732612490654	3.9506172839506166e-05	1.1717313528060913
479880	-2.863098	-0.243544	1.299852	0.057092	1.172307	3.668755	-0.10578399114310741	2.6337448559670777e-05	1.172305703163147
480000	-2.864475	-0.243075	1.300264	0.057013	1.173162	3.670264	-0.1058233544230461	2.6337448559670777e-05	1.1731537580490112
480120	-2.863363	-0.242160	1.301146	0.057076	1.174080	3.673505	-0.10589583292603492	2.6337448559670777e-05	1.1740645170211792
480240	-2.861899	-0.241746	1.301858	0.057160	1.174664	3.676121	-0.10594146996736527	3.9506172839506166e-05	1.1746556758880615
480360	-2.860450	-0.241196	1.302548	0.057243	1.175275	3.678657	-0.10599360838532448	3.9506172839506166e-05	1.1752735376358032
480480	-2.859853	-0.240599	1.303562	0.057277	1.175895	3.682391	-0.10604449212551117	3.9506172839506166e-05	1.175894021987915
480600	-2.859833	-0.240297	1.302838	0.057278	1.176102	3.679726	-0.10607744976878167	3.9506172839506166e-05	1.1760965585708618
480720	-2.859822	-0.239835	1.304161	0.057279	1.176819	3.684597	-0.10611237809062005	3.9506172839506166e-05	1.1768101453781128
480840	-2.859768	-0.239312	1.305193	0.057282	1.177584	3.688400	-0.10616184659302234	2.6337448559670777e-05	1.1775805950164795
480960	-2.859522	-0.238762	1.305368	0.057296	1.178280	3.689048	-0.10621440522372723	2.6337448559670777e-05	1.1782748699188232
481080	-2.860161	-0.238355	1.305824	0.057260	1.179161	3.690729	-0.10624811910092831	5.925925925925925e-05	1.1791446208953857
481200	-2.860829	-0.238093	1.306358	0.057221	1.179556	3.692698	-0.1062746848911047	3.9506172839506166e-05	1.1795464754104614
481320	-2.861854	-0.237571	1.306873	0.057163	1.180563	3.694603	-0.10631702803075313	5.925925925925925e-05	1.1805548667907715
481440	-2.862011	-0.236914	1.307651	0.057154	1.181523	3.697479	-0.10637602657079696	3.9506172839506166e-05	1.1815154552459717
481560	-2.862091	-0.236080	1.308070	0.057149	1.182839	3.699028	-0.10645386278629303	2.6337448559670777e-05	1.18283212184906
481680	-2.863302	-0.235856	1.308327	0.057080	1.183427	3.699979	-0.10647650361061096	2.6337448559670777e-05	1.1834287643432617
481800	-2.863602	-0.235444	1.310838	0.057063	1.184288	3.709281	-0.10651006549596786	3.9506172839506166e-05	1.1842739582061768
481920	-2.861455	-0.234576	1.311768	0.057185	1.185450	3.712730	-0.10657793022692204	1.7558299039780518e-05	1.185441493988037
482040	-2.860093	-0.233838	1.312482	0.057263	1.186288	3.715384	-0.10665526315569877	1.7558299039780518e-05	1.186285138130188
482160	-2.860046	-0.233032	1.313334	0.057266	1.187414	3.718551	-0.10672377683222294	2.6337448559670777e-05	1.1874033212661743
482280	-2.860506	-0.232852	1.315178	0.057240	1.187994	3.725415	-0.10674314983189107	1.7558299039780518e-05	1.1879888772964478
482400	-2.860913	-0.232606	1.316387	0.057217	1.188513	3.729921	-0.10676765441894531	2.6337448559670777e-05	1.1885101795196533
482520	-2.861631	-0.232159	1.317141	0.057175	1.189354	3.732733	-0.10680570416152477	3.9506172839506166e-05	1.1893471479415894
482640	-2.863250	-0.231838	1.318491	0.057083	1.190098	3.737775	-0.10682482831180096	5.925925925925925e-05	1.1900779008865356
482760	-2.862369	-0.231207	1.319667	0.057133	1.191028	3.742176	-0.10689603611826896	2.6337448559670777e-05	1.1910284757614136
482880	-2.863616	-0.230823	1.319728	0.057062	1.191641	3.742405	-0.10693177878856659	5.925925925925925e-05	1.191637635231018
483000	-2.863361	-0.230385	1.322439	0.057077	1.192569	3.752562	-0.10697331465780735	3.9506172839506166e-05	1.1925735473632812
483120	-2.864204	-0.230101	1.322768	0.057028	1.193099	3.753799	-0.10699388906359672	2.6337448559670777e-05	1.193097710609436
483240	-2.863816	-0.229402	1.324043	0.057051	1.194092	3.758586	-0.10705412924289703	1.7558299039780518e-05	1.1940884590148926
483360	-2.863073	-0.228914	1.325151	0.057093	1.194860	3.762753	-0.1070941586047411	2.6337448559670777e-05	1.1948539018630981
483480	-2.862325	-0.227762	1.326748	0.057136	1.196374	3.768768	-0.10719258114695548	2.6337448559670777e-05	1.196366548538208
483600	-2.862376	-0.227028	1.327601	0.057133	1.197542	3.771982	-0.10726395957171916	3.9506172839506166e-05	1.1975327730178833
483720	-2.862108	-0.226325	1.328470	0.057148	1.198533	3.775264	-0.10732523575425149	2.6337448559670777e-05	1.198517084121704
483840	-2.861535	-0.225941	1.329152	0.057181	1.198897	3.777837	-0.10736848525702954	2.6337448559670777e-05	1.198888897895813
483960	-2.861134	-0.225542	1.330443	0.057204	1.199568	3.782718	-0.1074032500386238	2.6337448559670777e-05	1.1995623111724854
484080	-2.860123	-0.225023	1.330373	0.057262	1.200214	3.782455	-0.10745066069066525	1.7558299039780518e-05	1.2002111673355103
484200	-2.859958	-0.224412	1.330829	0.057271	1.201035	3.784179	-0.10750353336334229	2.6337448559670777e-05	1.201027750968933
484320	-2.860190	-0.224134	1.331881	0.057258	1.201502	3.788162	-0.10753216668963432	2.6337448559670777e-05	1.2014997005462646
484440	-2.860067	-0.223389	1.332025	0.057265	1.202458	3.788706	-0.10758559815585614	3.9506172839506166e-05	1.2024422883987427
484560	-2.860166	-0.222847	1.332901	0.057259	1.203281	3.792030	-0.10764390714466572	3.9506172839506166e-05	1.2032787799835205
484680	-2.860402	-0.222715	1.333177	0.057246	1.203690	3.793074	-0.10765559859573841	3.9506172839506166e-05	1.2036798000335693
484800	-2.860446	-0.221981	1.334791	0.057243	1.204691	3.799201	-0.107716378942132	5.925925925925925e-05	1.2046810388565063
484920	-2.861355	-0.221623	1.335303	0.057191	1.205216	3.801149	-0.10774801298975945	1.1705532693187011e-05	1.2052067518234253
485040	-2.860531	-0.221161	1.335905	0.057238	1.205913	3.803437	-0.10779847353696823	3.9506172839506166e-05	1.2059093713760376
485160	-2.860388	-0.220538	1.336720	0.057247	1.206664	3.806538	-0.1078537244349718	2.6337448559670777e-05	1.2066675424575806
485280	-2.860495	-0.220080	1.337239	0.057240	1.207276	3.808515	-0.10788888819515705	3.9506172839506166e-05	1.2072621583938599
485400	-2.860177	-0.219473	1.337837	0.057259	1.208177	3.810791	-0.10795293003320694	3.9506172839506166e-05	1.208181619644165
485520	-2.860426	-0.219078	1.337487	0.057244	1.208792	3.809457	-0.10798725485801697	5.925925925925925e-05	1.2087907791137695
485640	-2.859384	-0.218801	1.339742	0.057304	1.209503	3.818058	-0.10801529139280319	5.925925925925925e-05	1.2095091342926025
485760	-2.858942	-0.217848	1.341202	0.057329	1.210779	3.823637	-0.10808995105326176	1.7558299039780518e-05	1.210772156715393
485880	-2.858501	-0.217452	1.342155	0.057355	1.211621	3.827281	-0.10813217163085938	3.9506172839506166e-05	1.2116097211837769
486000	-2.859107	-0.216972	1.343137	0.057320	1.212390	3.831042	-0.1081712294369936	3.9506172839506166e-05	1.2123816013336182
486120	-2.858323	-0.216427	1.343074	0.057365	1.213057	3.830800	-0.10821479633450508	3.9506172839506166e-05	1.2130403518676758
486240	-2.858073	-0.215841	1.344179	0.057379	1.214014	3.835036	-0.10827573165297508	2.6337448559670777e-05	1.2140082120895386
486360	-2.858130	-0.215779	1.344175	0.057376	1.214237	3.835020	-0.10828195884823799	3.9506172839506166e-05	1.2142317295074463
486480	-2.859272	-0.215454	1.344738	0.057310	1.214718	3.837181	-0.10831067785620689	3.9506172839506166e-05	1.2147126197814941
486600	-2.861011	-0.215026	1.345435	0.057211	1.215654	3.839856	-0.10834716148674488	3.9506172839506166e-05	1.2156428098678589
486720	-2.861003	-0.214502	1.345535	0.057211	1.216467	3.840242	-0.10839050784707069	5.925925925925925e-05	1.2164535522460938
486840	-2.861487	-0.214432	1.345301	0.057184	1.216676	3.839341	-0.10840234011411667	2.6337448559670777e-05	1.216670274734497
486960	-2.862154	-0.214208	1.344473	0.057146	1.216770	3.836164	-0.10842577926814556	2.6337448559670777e-05	1.216768741607666
487080	-2.862587	-0.213578	1.346188	0.057121	1.218083	3.842750	-0.10847629196941852	3.9506172839506166e-05	1.2180757522583008
487200	-2.862469	-0.212863	1.346541	0.057128	1.219148	3.844105	-0.10853318721055985	2.6337448559670777e-05	1.2191308736801147
487320	-2.861801	-0.212376	1.345716	0.057166	1.219482	3.840934	-0.10858402103185653	3.9506172839506166e-05	1.2194772958755493
487440	-2.861062	-0.211587	1.346102	0.057208	1.220373	3.842417	-0.10865278989076614	3.9506172839506166e-05	1.2203564643859863
487560	-2.861129	-0.210985	1.347767	0.057204	1.221603	3.848820	-0.1087140366435051	3.9506172839506166e-05	1.221600890159607
487680	-2.861543	-0.210682	1.348132	0.057180	1.222212	3.850225	-0.10874122567474842	3.9506172839506166e-05	1.2222058773040771
487800	-2.861430	-0.210300	1.348159	0.057187	1.222727	3.850330	-0.10877788513898849	2.6337448559670777e-05	1.2227294445037842
487920	-2.861207	-0.209834	1.349429	0.057200	1.223453	3.855223	-0.10881231762468815	1.7558299039780518e-05	1.223444938659668
488040	-2.861341	-0.209312	1.350944	0.057192	1.224344	3.861067	-0.10886270999908447	2.6337448559670777e-05	1.2243378162384033
488160	-2.859649	-0.208430	1.352106	0.057289	1.225542	3.865560	-0.10893592946231365	5.925925925925925e-05	1.2255274057388306
488280	-2.858681	-0.207907	1.352327	0.057344	1.226333	3.866414	-0.10898474492132663	2.6337448559670777e-05	1.226322054862976
488400	-2.858673	-0.207506	1.352205	0.057345	1.226898	3.865941	-0.10902654081583023	3.9506172839506166e-05	1.2268956899642944
488520	-2.858641	-0.207001	1.352746	0.057347	1.227714	3.868033	-0.1090699877589941	2.6337448559670777e-05	1.2277107238769531
488640	-2.859922	-0.206636	1.352569	0.057273	1.228227	3.867348	-0.10910447910428048	3.9506172839506166e-05	1.228222370147705
488760	-2.861457	-0.206556	1.352827	0.057185	1.228464	3.868345	-0.10911236181855202	3.9506172839506166e-05	1.2284562587738037
488880	-2.861370	-0.205919	1.353243	0.057190	1.229520	3.869954	-0.1091673955321312	5.925925925925925e-05	1.229514479637146
489000	-2.860480	-0.205710	1.353745	0.057241	1.229835	3.871897	-0.10918618962168694	3.9506172839506166e-05	1.2298250198364258
489120	-2.860876	-0.205446	1.354321	0.057219	1.230189	3.874129	-0.1092118427157402	2.6337448559670777e-05	1.2301881313323975
489240	-2.862196	-0.205150	1.354752	0.057143	1.230616	3.875799	-0.10923541970551014	2.6337448559670777e-05	1.2306106090545654
489360	-2.863380	-0.204933	1.355274	0.057076	1.231168	3.877824	-0.10925964601337909	1.7558299039780518e-05	1.23116135597229
489480	-2.864281	-0.204095	1.355302	0.057024	1.232241	3.877933	-0.10932412594556809	1.7558299039780518e-05	1.232231855392456
489600	-2.864851	-0.203315	1.356296	0.056992	1.233359	3.881788	-0.10939565040171147	3.9506172839506166e-05	1.2333359718322754
489720	-2.866024	-0.203057	1.356002	0.056925	1.233858	3.880648	-0.1094302274286747	5.925925925925925e-05	1.233858585357666
489840	-2.867187	-0.202796	1.354766	0.056859	1.233934	3.875854	-0.10944818034768104	2.6337448559670777e-05	1.2339272499084473
489960	-2.868134	-0.202219	1.356880	0.056805	1.234994	3.884055	-0.10949507392942906	3.9506172839506166e-05	1.2349791526794434
490080	-2.868459	-0.201781	1.357950	0.056786	1.235869	3.888215	-0.10953374616801739	3.9506172839506166e-05	1.235856056213379
490200	-2.867794	-0.201334	1.358942	0.056824	1.236388	3.892073	-0.10958100780844689	1.7558299039780518e-05	1.2363831996917725
490320	-2.868170	-0.201104	1.359530	0.056803	1.236702	3.894364	-0.109605960175395	2.6337448559670777e-05	1.2367006540298462
490440	-2.869505	-0.200983	1.359350	0.056727	1.237095	3.893661	-0.10961256287992001	3.9506172839506166e-05	1.237093210220337
490560	-2.870335	-0.200672	1.360055	0.056680	1.237459	3.896409	-0.10963211618363858	2.6337448559670777e-05	1.2374414205551147
490680	-2.870085	-0.200358	1.360474	0.056694	1.238044	3.898040	-0.10966717973351478	2.6337448559670777e-05	1.2380446195602417
490800	-2.869853	-0.199920	1.360054	0.056707	1.238638	3.896403	-0.1097104486078024	2.6337448559670777e-05	1.2386353015899658
490920	-2.869636	-0.199229	1.360570	0.056720	1.239617	3.898415	-0.10976993143558503	2.6337448559670777e-05	1.2396163940429688
491040	-2.870598	-0.198654	1.360589	0.056665	1.240307	3.898489	-0.10981595553457738	1.7558299039780518e-05	1.2402985095977783
491160	-2.871453	-0.198288	1.360795	0.056617	1.240881	3.899292	-0.10986047685146332	2.6337448559670777e-05	1.2408782243728638
491280	-2.871393	-0.197711	1.362488	0.056620	1.242021	3.905898	-0.10990791432559491	5.925925925925925e-05	1.2420194149017334
491400	-2.872396	-0.197470	1.362515	0.056563	1.242344	3.906005	-0.10993134342133999	2.6337448559670777e-05	1.2423429489135742
491520	-2.872835	-0.197248	1.362698	0.056538	1.242509	3.906720	-0.10995602235198021	3.9506172839506166e-05	1.2425167560577393
491640	-2.873066	-0.197050	1.361425	0.056525	1.242655	3.901750	-0.10996833257377148	5.925925925925925e-05	1.2426503896713257
491760	-2.873413	-0.196842	1.362073	0.056506	1.243192	3.904278	-0.10998463444411755	2.6337448559670777e-05	1.243187427520752
491880	-2.873660	-0.196436	1.362079	0.056492	1.243640	3.904303	-0.11002305746078492	2.6337448559670777e-05	1.2436413764953613
492000	-2.872893	-0.195787	1.362671	0.056535	1.244349	3.906616	-0.11008272878825665	3.9506172839506166e-05	1.244348406791687
492120	-2.873857	-0.195529	1.363678	0.056481	1.244889	3.910551	-0.11010691933333874	2.6337448559670777e-05	1.2448899745941162
492240	-2.873061	-0.195024	1.363561	0.056526	1.245299	3.910091	-0.11014828607439994	3.9506172839506166e-05	1.2452969551086426
492360	-2.874144	-0.194215	1.364180	0.056464	1.246394	3.912514	-0.11021964959800243	2.6337448559670777e-05	1.2463899850845337
492480	-2.875431	-0.193686	1.364525	0.056392	1.247057	3.913864	-0.11026200987398624	3.9506172839506166e-05	1.2470414638519287
492600	-2.875264	-0.193613	1.364984	0.056401	1.247080	3.915662	-0.11028294526040554	3.9506172839506166e-05	1.247079610824585
492720	-2.874785	-0.193033	1.365248	0.056428	1.247929	3.916695	-0.11032508760690689	3.9506172839506166e-05	1.2479149103164673
492840	-2.875101	-0.192571	1.365006	0.056410	1.248712	3.915748	-0.11037015914916992	1.1705532693187011e-05	1.2487088441848755
492960	-2.875034	-0.192128	1.364511	0.056414	1.249298	3.913808	-0.11041066646575928	1.7558299039780518e-05	1.2492958307266235
493080	-2.874607	-0.191324	1.364909	0.056438	1.250394	3.915367	-0.11047542952001095	2.6337448559670777e-05	1.250379204750061
493200	-2.874597	-0.190476	1.364885	0.056439	1.251366	3.915271	-0.11055510453879833	1.7558299039780518e-05	1.2513598203659058
493320	-2.875076	-0.189979	1.365892	0.056412	1.252391	3.919216	-0.11060026660561562	2.6337448559670777e-05	1.2523759603500366
493440	-2.875961	-0.189524	1.366625	0.056362	1.253094	3.922092	-0.11063853651285172	2.6337448559670777e-05	1.253084659576416
493560	-2.875168	-0.188830	1.367920	0.056407	1.254267	3.927175	-0.110710484161973	2.6337448559670777e-05	1.254259705543518
493680	-2.876275	-0.188817	1.368785	0.056344	1.254616	3.930572	-0.11071328222751617	3.9506172839506166e-05	1.2546075582504272
493800	-2.876701	-0.188417	1.369787	0.056320	1.255358	3.934513	-0.11074434779584408	3.9506172839506166e-05	1.2553516626358032
493920	-2.878719	-0.188201	1.370347	0.056207	1.255694	3.936715	-0.11076182834804058	3.9506172839506166e-05	1.255688190460205
494040	-2.878053	-0.187375	1.372060	0.056244	1.256828	3.943467	-0.11083359308540822	2.6337448559670777e-05	1.256822109222412
494160	-2.877637	-0.186897	1.371635	0.056268	1.257346	3.941792	-0.11088077649474144	3.9506172839506166e-05	1.2573381662368774
494280	-2.877964	-0.186394	1.372103	0.056249	1.257965	3.943634	-0.11092117875814438	2.6337448559670777e-05	1.2579532861709595
494400	-2.877665	-0.185933	1.372713	0.056266	1.258631	3.946040	-0.11096605733036995	3.9506172839506166e-05	1.2586183547973633
494520	-2.876655	-0.185169	1.374490	0.056323	1.259835	3.953061	-0.11103717200458049	2.6337448559670777e-05	1.2598334550857544
494640	-2.877568	-0.184609	1.375557	0.056271	1.260814	3.957280	-0.11108335964381695	3.9506172839506166e-05	1.260807991027832
494760	-2.876700	-0.183815	1.376613	0.056320	1.261962	3.961463	-0.11115493923425675	1.7558299039780518e-05	1.2619538307189941
494880	-2.876438	-0.183205	1.377948	0.056335	1.262930	3.966755	-0.11121134199202061	1.7558299039780518e-05	1.2629221677780151
495000	-2.875761	-0.182480	1.379211	0.056373	1.263915	3.971767	-0.11127115897834301	3.9506172839506166e-05	1.2639001607894897
495120	-2.876174	-0.181685	1.379820	0.056350	1.264979	3.974185	-0.11134780980646611	1.1705532693187011e-05	1.2649734020233154
495240	-2.876153	-0.181269	1.380974	0.056351	1.265552	3.978775	-0.11138573177158832	3.9506172839506166e-05	1.2655471563339233
495360	-2.877160	-0.180715	1.381742	0.056294	1.266363	3.981833	-0.1114352758973837	3.9506172839506166e-05	1.2663565874099731
495480	-2.878173	-0.180567	1.382458	0.056237	1.266797	3.984686	-0.11144297532737255	3.9506172839506166e-05	1.2667787075042725
495600	-2.879130	-0.179958	1.384223	0.056184	1.267761	3.991724	-0.11150566413998604	1.7558299039780518e-05	1.267756462097168
495720	-2.879770	-0.179428	1.385737	0.056148	1.268752	3.997769	-0.11155313439667225	1.7558299039780518e-05	1.2687433958053589
495840	-2.879969	-0.178944	1.386048	0.056137	1.269310	3.999016	-0.1115938000380993	3.9506172839506166e-05	1.2693073749542236
495960	-2.880935	-0.178352	1.386765	0.056082	1.270348	4.001882	-0.11164967380464078	2.6337448559670777e-05	1.270338535308838
496080	-2.881740	-0.177914	1.386891	0.056037	1.271025	4.002386	-0.11169201284646987	2.6337448559670777e-05	1.2710241079330444
496200	-2.881078	-0.177250	1.387616	0.056074	1.272101	4.005291	-0.1117457989603281	1.1705532693187011e-05	1.2720954418182373
496320	-2.880342	-0.176583	1.388837	0.056116	1.273054	4.010182	-0.11180574521422386	2.6337448559670777e-05	1.2730504274368286
496440	-2.879811	-0.176200	1.389361	0.056145	1.273415	4.012285	-0.11183940805494785	2.6337448559670777e-05	1.2734086513519287
496560	-2.879158	-0.175552	1.391450	0.056182	1.274386	4.020676	-0.11190511286258698	3.9506172839506166e-05	1.2743817567825317
496680	-2.879549	-0.175266	1.392141	0.056160	1.275065	4.023457	-0.11192162334918976	2.6337448559670777e-05	1.275051236152649
496800	-2.879280	-0.174782	1.392383	0.056175	1.275567	4.024431	-0.11197024136781693	2.6337448559670777e-05	1.2755568027496338
496920	-2.879126	-0.174088	1.393840	0.056184	1.276621	4.030298	-0.11202657260000706	2.6337448559670777e-05	1.2766098976135254
497040	-2.879044	-0.173422	1.395867	0.056188	1.277775	4.038476	-0.11208576820790768	2.6337448559670777e-05	1.2777528762817383
497160	-2.879100	-0.172685	1.397109	0.056185	1.278903	4.043495	-0.11215941607952118	2.6337448559670777e-05	1.2788962125778198
497280	-2.879565	-0.172451	1.396437	0.056159	1.279126	4.040776	-0.11218457221984864	3.9506172839506166e-05	1.2791261672973633
497400	-2.879622	-0.172336	1.396159	0.056156	1.279157	4.039652	-0.11219091191887856	1.7558299039780518e-05	1.2791556119918823
497520	-2.878586	-0.171759	1.398105	0.056214	1.280250	4.047522	-0.11224260292947293	5.925925925925925e-05	1.280234932899475
497640	-2.878453	-0.171111	1.399578	0.056222	1.281557	4.053490	-0.11229747645556927	2.6337448559670777e-05	1.281548261642456
497760	-2.878915	-0.170511	1.399630	0.056196	1.282390	4.053698	-0.11235362440347671	2.6337448559670777e-05	1.2823834419250488
497880	-2.877895	-0.169999	1.400254	0.056253	1.283100	4.056228	-0.11240352764725685	1.7558299039780518e-05	1.283098816871643
498000	-2.877341	-0.169427	1.401037	0.056284	1.283732	4.059406	-0.1124470703303814	3.9506172839506166e-05	1.2837157249450684
498120	-2.877301	-0.168778	1.401058	0.056286	1.284539	4.059493	-0.11251284554600716	3.9506172839506166e-05	1.2845361232757568
498240	-2.877120	-0.168492	1.400605	0.056297	1.284864	4.057652	-0.11254059337079525	3.9506172839506166e-05	1.2848615646362305
498360	-2.877805	-0.168056	1.400920	0.056258	1.285582	4.058934	-0.11257698163390159	3.9506172839506166e-05	1.2855770587921143
498480	-2.877105	-0.167279	1.401723	0.056297	1.286546	4.062191	-0.11264270953834057	2.6337448559670777e-05	1.286534070968628
498600	-2.877800	-0.166642	1.403116	0.056258	1.287541	4.067854	-0.11269850097596645	3.9506172839506166e-05	1.287528395652771
498720	-2.877914	-0.165997	1.404001	0.056252	1.288333	4.071459	-0.11275864653289318	5.925925925925925e-05	1.28831946849823
498840	-2.877693	-0.165014	1.405924	0.056264	1.289793	4.079296	-0.11283015124499798	3.9506172839506166e-05	1.2897437810897827
498960	-2.877894	-0.164662	1.406168	0.056253	1.290429	4.080287	-0.11288382671773434	1.7558299039780518e-05	1.2904250621795654
499080	-2.877472	-0.163984	1.405910	0.056277	1.291197	4.079236	-0.11294123008847237	1.7558299039780518e-05	1.291190505027771
499200	-2.878774	-0.163690	1.406522	0.056204	1.291911	4.081735	-0.11296964958310127	7.803688462124674e-06	1.2919058799743652
499320	-2.879643	-0.163439	1.406918	0.056155	1.292294	4.083351	-0.11298900842666626	2.6337448559670777e-05	1.2922829389572144
499440	-2.880046	-0.162853	1.407100	0.056132	1.293024	4.084094	-0.11304294876754284	2.6337448559670777e-05	1.2930165529251099
499560	-2.882265	-0.162599	1.407376	0.056008	1.293740	4.085220	-0.11306720934808254	5.925925925925925e-05	1.2937355041503906
499680	-2.882878	-0.162310	1.408759	0.055973	1.294424	4.090875	-0.11309478506445884	3.9506172839506166e-05	1.2944207191467285
499800	-2.883938	-0.162013	1.409415	0.055914	1.294882	4.093560	-0.11311769895255566	2.6337448559670777e-05	1.2948778867721558
499920	-2.884279	-0.161327	1.410472	0.055895	1.296071	4.097890	-0.11317609362304211	2.6337448559670777e-05	1.2960519790649414
500040	-2.884428	-0.160620	1.411098	0.055887	1.297192	4.100455	-0.11323767006397248	2.6337448559670777e-05	1.2971760034561157
500160	-2.884176	-0.159883	1.411287	0.055901	1.298270	4.101232	-0.1133138220757246	2.6337448559670777e-05	1.2982683181762695
500280	-2.884484	-0.159312	1.412359	0.055884	1.299260	4.105629	-0.11335784196853638	1.7558299039780518e-05	1.299247145652771
500400	-2.884568	-0.158983	1.412238	0.055879	1.299820	4.105134	-0.11339307017624378	1.7558299039780518e-05	1.2998102903366089
500520	-2.885235	-0.158678	1.413096	0.055842	1.300470	4.108658	-0.11341516599059105	1.7558299039780518e-05	1.300462007522583
500640	-2.886083	-0.158614	1.412508	0.055794	1.300616	4.106241	-0.11342456042766572	2.6337448559670777e-05	1.3006103038787842
500760	-2.886786	-0.158190	1.413606	0.055755	1.301358	4.110752	-0.11346155852079391	5.925925925925925e-05	1.3013403415679932
500880	-2.887800	-0.157905	1.414675	0.055699	1.301934	4.115150	-0.11348478049039841	2.6337448559670777e-05	1.3019185066223145
501000	-2.886986	-0.157275	1.415532	0.055744	1.302949	4.118676	-0.1135410375893116	3.9506172839506166e-05	1.3029321432113647
501120	-2.886445	-0.156832	1.416012	0.055774	1.303358	4.120656	-0.11358528882265091	3.9506172839506166e-05	1.3033560514450073
501240	-2.886777	-0.156223	1.416613	0.055756	1.304343	4.123133	-0.1136377364397049	5.925925925925925e-05	1.304333209991455
501360	-2.888073	-0.155822	1.416125	0.055683	1.304923	4.121121	-0.1136758141219616	5.925925925925925e-05	1.3049203157424927
501480	-2.888805	-0.155290	1.417317	0.055643	1.305933	4.126037	-0.11372503302991391	3.9506172839506166e-05	1.3059313297271729
501600	-2.888165	-0.154759	1.417609	0.055678	1.306630	4.127239	-0.11376918703317643	3.9506172839506166e-05	1.3066173791885376
501720	-2.887745	-0.154146	1.418477	0.055702	1.307555	4.130825	-0.11383115127682686	3.9506172839506166e-05	1.307552456855774
501840	-2.887584	-0.153704	1.418350	0.055711	1.308325	4.130301	-0.11386463604867458	5.925925925925925e-05	1.3083137273788452
501960	-2.888902	-0.153371	1.419093	0.055637	1.309053	4.133369	-0.11389783956110477	5.925925925925925e-05	1.3090399503707886
502080	-2.890501	-0.152951	1.419334	0.055548	1.309792	4.134367	-0.11393585316836834	3.9506172839506166e-05	1.3097807168960571
502200	-2.891572	-0.152324	1.418422	0.055489	1.310486	4.130598	-0.11399100422859192	2.6337448559670777e-05	1.3104820251464844
502320	-2.890947	-0.151771	1.418250	0.055524	1.311305	4.129886	-0.11403924599289894	3.9506172839506166e-05	1.3112894296646118
502440	-2.890340	-0.151053	1.419211	0.055557	1.312485	4.133856	-0.1140921100974083	3.9506172839506166e-05	1.3124579191207886
502560	-2.889720	-0.150403	1.420655	0.055592	1.313523	4.139832	-0.11415056064724922	3.9506172839506166e-05	1.3134862184524536
502680	-2.889713	-0.149666	1.421558	0.055592	1.314628	4.143570	-0.11422541476786137	1.1705532693187011e-05	1.3146181106567383
502800	-2.889979	-0.149628	1.420640	0.055577	1.314520	4.139770	-0.11423566788434983	5.925925925925925e-05	1.3145166635513306
502920	-2.890030	-0.149121	1.420382	0.055575	1.315140	4.138703	-0.1142759621143341	2.6337448559670777e-05	1.315132737159729
503040	-2.888874	-0.148598	1.420928	0.055639	1.315788	4.140960	-0.1143277209252119	1.7558299039780518e-05	1.315787672996521
503160	-2.889321	-0.148187	1.420108	0.055614	1.316177	4.137567	-0.11436093524098397	3.9506172839506166e-05	1.3161660432815552
503280	-2.888878	-0.147626	1.421392	0.055639	1.317191	4.142882	-0.11441542096436023	2.6337448559670777e-05	1.3171883821487427
503400	-2.889361	-0.146999	1.422747	0.055612	1.318346	4.148499	-0.11447010897099971	3.9506172839506166e-05	1.3183403015136719
503520	-2.889652	-0.146647	1.424019	0.055596	1.319192	4.153780	-0.11450531855225562	3.9506172839506166e-05	1.3191862106323242
503640	-2.890847	-0.146041	1.425412	0.055529	1.320450	4.159571	-0.11455181278288365	1.7558299039780518e-05	1.3204419612884521
503760	-2.890243	-0.145380	1.426368	0.055563	1.321609	4.163551	-0.1146148893982172	3.9506172839506166e-05	1.3215970993041992
503880	-2.889894	-0.144593	1.427891	0.055582	1.322831	4.169896	-0.11468331515789032	1.1705532693187011e-05	1.3228199481964111
504000	-2.889601	-0.143911	1.428804	0.055598	1.323837	4.173703	-0.11474658846855164	3.9506172839506166e-05	1.323833703994751
504120	-2.888931	-0.143055	1.429716	0.055636	1.325190	4.177511	-0.11482358798384666	3.9506172839506166e-05	1.3251787424087524
504240	-2.888201	-0.142219	1.429853	0.055676	1.326346	4.178086	-0.11489656455814838	3.9506172839506166e-05	1.3263380527496338
504360	-2.889791	-0.141724	1.430688	0.055588	1.327270	4.181575	-0.11494415961205959	2.6337448559670777e-05	1.3272651433944702
504480	-2.888793	-0.140587	1.431252	0.055643	1.328709	4.183936	-0.11504401788115501	3.9506172839506166e-05	1.3287006616592407
504600	-2.888447	-0.139875	1.432083	0.055663	1.329904	4.187411	-0.11511278934776784	2.6337448559670777e-05	1.329899549484253
504720	-2.889344	-0.139670	1.431931	0.055613	1.330316	4.186775	-0.1151329293847084	3.9506172839506166e-05	1.3303098678588867
504840	-2.891914	-0.139237	1.433035	0.055470	1.331523	4.191403	-0.11516827456653118	3.9506172839506166e-05	1.3315107822418213
504960	-2.891462	-0.138433	1.434339	0.055495	1.332835	4.196870	-0.11523086279630661	2.6337448559670777e-05	1.3328102827072144
505080	-2.892762	-0.137708	1.434898	0.055423	1.334178	4.199215	-0.11530422046780586	1.7558299039780518e-05	1.3341697454452515
505200	-2.893637	-0.137551	1.435914	0.055374	1.334686	4.203487	-0.11532431952655316	1.7558299039780518e-05	1.3346813917160034
505320	-2.893913	-0.137221	1.435540	0.055359	1.335186	4.201913	-0.11534602902829647	3.9506172839506166e-05	1.3351751565933228
505440	-2.894530	-0.136591	1.436573	0.055325	1.336066	4.206255	-0.1154045607894659	3.9506172839506166e-05	1.336053490638733
505560	-2.894087	-0.135825	1.436830	0.055350	1.337121	4.207337	-0.11546941846609116	3.9506172839506166e-05	1.3371022939682007
505680	-2.892809	-0.134867	1.437541	0.055420	1.338205	4.210329	-0.11556168794631957	2.6337448559670777e-05	1.3382019996643066
505800	-2.892321	-0.134200	1.438000	0.055447	1.339174	4.212263	-0.1156135942786932	3.9506172839506166e-05	1.3391534090042114
505920	-2.892178	-0.133824	1.437676	0.055455	1.339610	4.210898	-0.11565635576844216	2.6337448559670777e-05	1.3396000862121582
506040	-2.892370	-0.133053	1.437986	0.055445	1.340790	4.212204	-0.11571507155895233	3.9506172839506166e-05	1.340772271156311
506160	-2.892198	-0.132427	1.438865	0.055454	1.341833	4.215909	-0.11578046306967735	2.6337448559670777e-05	1.341822624206543
506280	-2.890684	-0.131693	1.440320	0.055538	1.342996	4.222048	-0.1158449649810791	3.9506172839506166e-05	1.3429803848266602
506400	-2.890727	-0.131264	1.440791	0.055536	1.343674	4.224035	-0.11588371880352497	2.6337448559670777e-05	1.3436663150787354
506520	-2.889799	-0.130970	1.440563	0.055587	1.344026	4.223071	-0.11591957174241543	2.6337448559670777e-05	1.3440314531326294
506640	-2.890033	-0.130813	1.441372	0.055574	1.344367	4.226490	-0.11593383438885212	3.9506172839506166e-05	1.3443646430969238
506760	-2.891005	-0.130258	1.443554	0.055520	1.345460	4.235723	-0.11597994826734066	5.925925925925925e-05	1.345449686050415
506880	-2.890223	-0.129770	1.443391	0.055564	1.346126	4.235033	-0.11602587662637234	2.6337448559670777e-05	1.3461251258850098
507000	-2.890757	-0.129225	1.444204	0.055534	1.347401	4.238479	-0.11606398522853852	3.9506172839506166e-05	1.3473821878433228
507120	-2.890249	-0.128091	1.446125	0.055562	1.349297	4.246625	-0.11617155000567436	1.7558299039780518e-05	1.3492878675460815
507240	-2.888051	-0.127641	1.446459	0.055685	1.349852	4.248044	-0.11621295548975467	2.6337448559670777e-05	1.3498451709747314
507360	-2.888051	-0.127265	1.447192	0.055685	1.350675	4.251162	-0.1162512756884098	3.9506172839506166e-05	1.3506728410720825
507480	-2.888380	-0.126279	1.448187	0.055666	1.352242	4.255392	-0.1163310743868351	3.9506172839506166e-05	1.3522287607192993
507600	-2.888423	-0.125685	1.448759	0.055664	1.353154	4.257828	-0.11639093309640884	2.6337448559670777e-05	1.3531463146209717
507720	-2.887631	-0.124859	1.449695	0.055708	1.354271	4.261816	-0.11646045409142972	1.7558299039780518e-05	1.3542656898498535
507840	-2.888353	-0.124359	1.450972	0.055668	1.355286	4.267260	-0.1165070466697216	3.9506172839506166e-05	1.35527503490448
507960	-2.888324	-0.123864	1.451945	0.055669	1.355947	4.271416	-0.11655497588217259	2.6337448559670777e-05	1.355942726135254
508080	-2.888325	-0.123331	1.452201	0.055669	1.356628	4.272510	-0.11660318225622177	2.6337448559670777e-05	1.3566243648529053
508200	-2.888010	-0.122373	1.453612	0.055687	1.357784	4.278542	-0.11667710617184639	3.9506172839506166e-05	1.3577680587768555
508320	-2.888699	-0.121417	1.455402	0.055649	1.359363	4.286204	-0.11676671467721463	2.6337448559670777e-05	1.3593459129333496
508440	-2.888815	-0.120815	1.455617	0.055642	1.360127	4.287129	-0.11682325042784214	1.7558299039780518e-05	1.360119342803955
508560	-2.888495	-0.120090	1.456524	0.055660	1.361186	4.291016	-0.11689389348030091	2.6337448559670777e-05	1.3611838817596436
508680	-2.889079	-0.119756	1.457281	0.055627	1.361712	4.294266	-0.11692220196127892	2.6337448559670777e-05	1.3617058992385864
508800	-2.889166	-0.119352	1.457820	0.055623	1.362419	4.296582	-0.11696092635393143	2.6337448559670777e-05	1.3624167442321777
508920	-2.891187	-0.118765	1.457683	0.055510	1.363443	4.295995	-0.11700294949114323	1.7558299039780518e-05	1.3634268045425415
509040	-2.892311	-0.118236	1.458612	0.055448	1.364354	4.299986	-0.11705844476819038	3.9506172839506166e-05	1.3643403053283691
509160	-2.893008	-0.117680	1.460345	0.055409	1.365319	4.307446	-0.11710107959806919	3.9506172839506166e-05	1.3653032779693604
509280	-2.892931	-0.116990	1.460639	0.055414	1.366272	4.308712	-0.11717447377741337	2.6337448559670777e-05	1.3662699460983276
509400	-2.894156	-0.116621	1.461011	0.055346	1.367135	4.310316	-0.11720636300742626	2.6337448559670777e-05	1.367126703262329
509520	-2.895571	-0.116358	1.460668	0.055267	1.367559	4.308839	-0.11723112538456917	3.9506172839506166e-05	1.367553472518921
509640	-2.895729	-0.115659	1.461790	0.055259	1.368756	4.313675	-0.11729232594370842	5.925925925925925e-05	1.3687493801116943
509760	-2.895245	-0.115002	1.462445	0.055285	1.369926	4.316500	-0.1173497349023819	1.7558299039780518e-05	1.3699203729629517
509880	-2.894219	-0.114213	1.463681	0.055342	1.371029	4.321840	-0.11741727851331234	3.9506172839506166e-05	1.3710205554962158
510000	-2.893913	-0.113377	1.464633	0.055359	1.372284	4.325953	-0.11749435998499394	1.7558299039780518e-05	1.3722777366638184
510120	-2.893530	-0.112551	1.465211	0.055380	1.373447	4.328455	-0.11756835952401161	3.9506172839506166e-05	1.3734358549118042
510240	-2.893265	-0.111782	1.466962	0.055395	1.374663	4.336041	-0.11763611920177937	2.6337448559670777e-05	1.3746445178985596
510360	-2.892000	-0.110769	1.468559	0.055465	1.376143	4.342973	-0.11772260591387748	3.9506172839506166e-05	1.3761245012283325
510480	-2.891602	-0.110081	1.468926	0.055487	1.376981	4.344565	-0.1177922111004591	1.7558299039780518e-05	1.3769729137420654
510600	-2.890062	-0.109371	1.469527	0.055573	1.377797	4.347181	-0.11785449087619781	5.925925925925925e-05	1.3777867555618286
510720	-2.888896	-0.108851	1.468794	0.055638	1.378545	4.343993	-0.11790336295962334	3.9506172839506166e-05	1.378530740737915
510840	-2.888195	-0.108379	1.469613	0.055677	1.379422	4.347551	-0.11794795282185078	3.9506172839506166e-05	1.379416584968567
510960	-2.886993	-0.107570	1.470631	0.055744	1.380572	4.351979	-0.11801782809197903	2.6337448559670777e-05	1.3805636167526245
511080	-2.886659	-0.106903	1.471701	0.055762	1.381656	4.356638	-0.11807537451386452	3.9506172839506166e-05	1.3816437721252441
511200	-2.887620	-0.106148	1.472733	0.055709	1.383077	4.361136	-0.11814698651432991	3.9506172839506166e-05	1.3830740451812744
511320	-2.887003	-0.105236	1.473759	0.055743	1.384656	4.365616	-0.11822313591837882	1.7558299039780518e-05	1.384647250175476
511440	-2.887373	-0.104555	1.473271	0.055722	1.385675	4.363487	-0.11828352883458138	3.9506172839506166e-05	1.385654091835022
511560	-2.888141	-0.103961	1.475747	0.055680	1.387207	4.374304	-0.11834137365221978	2.6337448559670777e-05	1.387194037437439
511680	-2.887550	-0.103613	1.476251	0.055713	1.387960	4.376509	-0.11837395653128624	1.7558299039780518e-05	1.387951374053955
511800	-2.886637	-0.102896	1.477520	0.055763	1.388983	4.382066	-0.11844038255512715	1.7558299039780518e-05	1.3889762163162231
511920	-2.887290	-0.102510	1.477516	0.055727	1.389593	4.382048	-0.11847784146666526	2.6337448559670777e-05	1.3895891904830933
512040	-2.887706	-0.101963	1.476970	0.055704	1.390400	4.379655	-0.11852063536643982	2.6337448559670777e-05	1.3903896808624268
512160	-2.887232	-0.101284	1.477370	0.055730	1.391668	4.381406	-0.11858407892286778	3.9506172839506166e-05	1.3916513919830322
512280	-2.887257	-0.100744	1.477287	0.055729	1.392323	4.381043	-0.11863334514200688	1.7558299039780518e-05	1.3923178911209106
512400	-2.887229	-0.100025	1.478050	0.055730	1.393252	4.384389	-0.11869457326829433	3.9506172839506166e-05	1.393243670463562
512520	-2.886814	-0.099503	1.478340	0.055754	1.393927	4.385660	-0.11874617412686347	2.6337448559670777e-05	1.3939220905303955
512640	-2.887274	-0.099079	1.477505	0.055728	1.394666	4.382000	-0.11877690032124519	1.7558299039780518e-05	1.3946571350097656
512760	-2.888480	-0.098453	1.478434	0.055661	1.395729	4.386073	-0.11883363351225854	3.9506172839506166e-05	1.3957151174545288
512880	-2.889192	-0.098061	1.478773	0.055621	1.396152	4.387558	-0.1188757747411728	3.9506172839506166e-05	1.3961437940597534
513000	-2.888976	-0.097588	1.480122	0.055633	1.397143	4.393480	-0.11891834586858749	3.9506172839506166e-05	1.397131085395813
513120	-2.889109	-0.097241	1.480429	0.055626	1.397839	4.394831	-0.11895036473870277	3.9506172839506166e-05	1.3978326320648193
513240	-2.889529	-0.096494	1.481313	0.055602	1.399087	4.398718	-0.11901383101940155	3.9506172839506166e-05	1.399082064628601
513360	-2.889696	-0.096060	1.481889	0.055593	1.399863	4.401250	-0.11905137374997139	1.7558299039780518e-05	1.3998507261276245
513480	-2.890210	-0.095439	1.481555	0.055565	1.400970	4.399781	-0.11911361552774906	5.925925925925925e-05	1.4009588956832886
513600	-2.890734	-0.094655	1.483297	0.055535	1.402485	4.407454	-0.11917367689311505	3.9506172839506166e-05	1.402462124824524
513720	-2.889977	-0.094175	1.483857	0.055577	1.403316	4.409922	-0.11922543570399284	3.9506172839506166e-05	1.4033105373382568
513840	-2.889611	-0.093272	1.484056	0.055598	1.404722	4.410802	-0.11929730512201786	1.7558299039780518e-05	1.404708743095398
513960	-2.888829	-0.092553	1.483702	0.055641	1.405821	4.409237	-0.11936768181622029	3.9506172839506166e-05	1.4058117866516113
514080	-2.888286	-0.091881	1.483564	0.055672	1.406859	4.408630	-0.1194301787763834	3.9506172839506166e-05	1.4068440198898315
514200	-2.888184	-0.091061	1.485305	0.055677	1.408394	4.416311	-0.11950371116399765	3.9506172839506166e-05	1.4083839654922485
514320	-2.888766	-0.090386	1.485936	0.055645	1.409350	4.419100	-0.11957351975142956	5.925925925925925e-05	1.409363031387329
514440	-2.888927	-0.090133	1.486075	0.055636	1.409935	4.419713	-0.11958899609744549	3.9506172839506166e-05	1.4099286794662476
514560	-2.888424	-0.089053	1.488319	0.055664	1.411879	4.429642	-0.11967621184885502	5.925925925925925e-05	1.411859393119812
514680	-2.888801	-0.087922	1.489092	0.055643	1.413734	4.433067	-0.11976956762373447	3.9506172839506166e-05	1.4136959314346313
514800	-2.888132	-0.087414	1.490063	0.055680	1.414833	4.437376	-0.11983226463198662	3.9506172839506166e-05	1.4148192405700684
514920	-2.888435	-0.086850	1.492020	0.055663	1.416334	4.446067	-0.11987723000347614	5.925925925925925e-05	1.416306734085083
515040	-2.889013	-0.086339	1.492523	0.055631	1.417182	4.448306	-0.11993086934089661	3.9506172839506166e-05	1.4171723127365112
515160	-2.889442	-0.085894	1.493595	0.055607	1.418379	4.453074	-0.11997098214924336	5.925925925925925e-05	1.4183646440505981
515280	-2.888248	-0.085368	1.495986	0.055674	1.419464	4.463737	-0.12001022100448608	3.9506172839506166e-05	1.4194512367248535
515400	-2.888834	-0.084859	1.497138	0.055641	1.420520	4.468881	-0.12006560899317265	1.7558299039780518e-05	1.4205186367034912
515520	-2.889220	-0.084577	1.497467	0.055620	1.421300	4.470353	-0.12009164541959763	3.9506172839506166e-05	1.421298623085022
515640	-2.889358	-0.083897	1.498994	0.055612	1.422758	4.477184	-0.120150725543499	3.9506172839506166e-05	1.4227548837661743
515760	-2.889898	-0.083412	1.498567	0.055582	1.423514	4.475273	-0.12019483223557473	3.9506172839506166e-05	1.4235094785690308
515880	-2.892328	-0.083249	1.499358	0.055447	1.424481	4.478814	-0.1202109333127737	3.9506172839506166e-05	1.4244766235351562
516000	-2.892814	-0.083016	1.500016	0.055420	1.424977	4.481762	-0.12022836692631245	3.9506172839506166e-05	1.424970030784607
516120	-2.893790	-0.082204	1.500621	0.055366	1.426005	4.484475	-0.12028686292469501	1.7558299039780518e-05	1.4259871244430542
516240	-2.893393	-0.081140	1.501629	0.055388	1.427481	4.488996	-0.12038710527122021	3.9506172839506166e-05	1.4274672269821167
516360	-2.892681	-0.080088	1.502685	0.055427	1.429001	4.493741	-0.12048686146736146	1.1705532693187011e-05	1.4289923906326294
516480	-2.892272	-0.079524	1.503148	0.055450	1.430023	4.495821	-0.12053414434194565	3.9506172839506166e-05	1.429986834526062
516600	-2.892902	-0.079103	1.503507	0.055415	1.430728	4.497434	-0.12058430835604668	3.9506172839506166e-05	1.4307235479354858
516720	-2.892321	-0.078181	1.504307	0.055447	1.432160	4.501031	-0.12066762074828148	3.9506172839506166e-05	1.4321585893630981
516840	-2.892214	-0.077547	1.504579	0.055453	1.433410	4.502260	-0.12072338983416557	5.925925925925925e-05	1.4334015846252441
516960	-2.891829	-0.076888	1.503831	0.055475	1.434186	4.498892	-0.12077752761542797	3.9506172839506166e-05	1.4341785907745361
517080	-2.892148	-0.076320	1.503609	0.055457	1.435009	4.497891	-0.1208304662257433	5.925925925925925e-05	1.4350011348724365
517200	-2.892461	-0.075851	1.504151	0.055440	1.435708	4.500331	-0.12086668238043785	5.925925925925925e-05	1.4356858730316162
517320	-2.893006	-0.075426	1.504758	0.055409	1.436442	4.503066	-0.12091787792742252	2.6337448559670777e-05	1.4364407062530518
517440	-2.894745	-0.074992	1.504550	0.055313	1.437136	4.502126	-0.12094436101615429	3.9506172839506166e-05	1.4371217489242554
517560	-2.895844	-0.074438	1.504529	0.055252	1.438202	4.502035	-0.12100351713597775	3.9506172839506166e-05	1.4381941556930542
517680	-2.894833	-0.073637	1.505971	0.055308	1.439478	4.508530	-0.12107341028749943	2.6337448559670777e-05	1.439464807510376
517800	-2.894601	-0.072754	1.506870	0.055321	1.441366	4.512583	-0.12115174941718579	1.7558299039780518e-05	1.4413584470748901
517920	-2.894060	-0.072257	1.507181	0.055351	1.442081	4.513988	-0.12120177187025546	3.9506172839506166e-05	1.442080020904541
518040	-2.893889	-0.071945	1.507909	0.055360	1.442833	4.517275	-0.12122686430811883	2.6337448559670777e-05	1.4428366422653198
518160	-2.893454	-0.071077	1.508060	0.055385	1.444121	4.517959	-0.12129595577716827	3.9506172839506166e-05	1.4440971612930298
518280	-2.892601	-0.070515	1.508670	0.055432	1.444995	4.520716	-0.12135262712836266	3.9506172839506166e-05	1.4449857473373413
518400	-2.893423	-0.070399	1.508378	0.055386	1.445354	4.519393	-0.12136799544095993	3.9506172839506166e-05	1.4453426599502563
518520	-2.893939	-0.069539	1.509529	0.055358	1.446836	4.524598	-0.12143797241151333	2.6337448559670777e-05	1.4468297958374023
518640	-2.896767	-0.069584	1.509785	0.055201	1.446900	4.525757	-0.1214398417621851	3.9506172839506166e-05	1.4468907117843628
518760	-2.897867	-0.069064	1.511649	0.055141	1.447927	4.534202	-0.12148194573819637	3.9506172839506166e-05	1.447919487953186
518880	-2.898232	-0.068657	1.511434	0.055121	1.448602	4.533226	-0.12152681462466716	3.9506172839506166e-05	1.4486044645309448
519000	-2.896824	-0.067378	1.512685	0.055198	1.450371	4.538901	-0.12162087224423886	3.9506172839506166e-05	1.450348138809204
519120	-2.896647	-0.066427	1.514123	0.055208	1.451604	4.545432	-0.12172027304768562	2.6337448559670777e-05	1.451598048210144
519240	-2.896965	-0.065948	1.515895	0.055190	1.452576	4.553493	-0.12176389694213867	3.9506172839506166e-05	1.4525598287582397
519360	-2.896820	-0.065256	1.516532	0.055198	1.453726	4.556396	-0.12182905450463295	1.7558299039780518e-05	1.4537277221679688
519480	-2.896774	-0.064616	1.516559	0.055201	1.454567	4.556518	-0.12188728116452693	3.9506172839506166e-05	1.4545658826828003
519600	-2.896648	-0.064185	1.515185	0.055208	1.454927	4.550263	-0.12191865406930447	2.6337448559670777e-05	1.4549096822738647
519720	-2.896495	-0.063488	1.515637	0.055216	1.456035	4.552320	-0.12197813987731934	2.6337448559670777e-05	1.456019639968872
519840	-2.896993	-0.063022	1.516887	0.055189	1.457037	4.558013	-0.1220304548740387	2.6337448559670777e-05	1.457032561302185
519960	-2.896921	-0.062206	1.517424	0.055193	1.458533	4.560463	-0.12209972701966762	3.9506172839506166e-05	1.4585257768630981
520080	-2.897518	-0.061853	1.517969	0.055160	1.459494	4.562946	-0.12213181629776955	2.6337448559670777e-05	1.4594848155975342
520200	-2.896516	-0.061213	1.517858	0.055215	1.460721	4.562440	-0.12219033651053905	2.6337448559670777e-05	1.4607107639312744
520320	-2.896374	-0.060474	1.519521	0.055223	1.462150	4.570038	-0.12225856855511666	3.9506172839506166e-05	1.462146520614624
520440	-2.897606	-0.059723	1.521049	0.055155	1.463410	4.577025	-0.12232585586607456	3.9506172839506166e-05	1.4633995294570923
520560	-2.897721	-0.059112	1.522186	0.055149	1.464565	4.582232	-0.12238668315112591	3.9506172839506166e-05	1.4645699262619019
520680	-2.897805	-0.058685	1.521848	0.055144	1.464949	4.580682	-0.12241712622344494	2.6337448559670777e-05	1.4649385213851929
520800	-2.898324	-0.058332	1.521947	0.055116	1.465702	4.581134	-0.12245003618299961	3.9506172839506166e-05	1.4656959772109985
520920	-2.896968	-0.057515	1.522386	0.055190	1.466691	4.583149	-0.12251494638621807	2.6337448559670777e-05	1.4666764736175537
521040	-2.897460	-0.056935	1.523228	0.055163	1.467703	4.587010	-0.12258282229304314	5.925925925925925e-05	1.467704176902771
521160	-2.898494	-0.056630	1.523423	0.055106	1.468409	4.587903	-0.12260274030268192	3.9506172839506166e-05	1.4683988094329834
521280	-2.899805	-0.056171	1.523424	0.055034	1.469272	4.587908	-0.12264494113624096	3.9506172839506166e-05	1.4692656993865967
521400	-2.900801	-0.055768	1.525190	0.054979	1.469963	4.596019	-0.12268619015812873	5.925925925925925e-05	1.4699692726135254
521520	-2.900366	-0.055424	1.526650	0.055003	1.470311	4.602732	-0.1227091547101736	1.7558299039780518e-05	1.4703023433685303
521640	-2.900777	-0.054976	1.527208	0.054980	1.471094	4.605301	-0.12275041677057744	1.7558299039780518e-05	1.4710863828659058
521760	-2.900959	-0.054558	1.527642	0.054970	1.471862	4.607302	-0.1227915495634079	3.9506172839506166e-05	1.471859097480774
521880	-2.901745	-0.054229	1.528015	0.054927	1.472699	4.609021	-0.12281457968056202	5.925925925925925e-05	1.472681999206543
522000	-2.902488	-0.053803	1.529143	0.054887	1.473572	4.614223	-0.12285784184932709	3.9506172839506166e-05	1.473570466041565
522120	-2.902642	-0.053393	1.529983	0.054878	1.474397	4.618099	-0.1228972241282463	5.925925925925925e-05	1.4743870496749878
522240	-2.902623	-0.052995	1.529408	0.054879	1.474975	4.615444	-0.12293432652950287	3.9506172839506166e-05	1.4749709367752075
522360	-2.902716	-0.052188	1.531600	0.054874	1.476825	4.625572	-0.12299596183001996	3.9506172839506166e-05	1.4767937660217285
522480	-2.902873	-0.051647	1.532619	0.054865	1.477633	4.630288	-0.12304472401738167	5.925925925925925e-05	1.4776182174682617
522600	-2.901434	-0.050782	1.532515	0.054944	1.478485	4.629804	-0.12312857620418072	2.6337448559670777e-05	1.4784784317016602
522720	-2.900729	-0.050279	1.533247	0.054983	1.479144	4.633199	-0.12317424938082695	2.6337448559670777e-05	1.47913658618927
522840	-2.901174	-0.049719	1.534935	0.054959	1.480412	4.641024	-0.12322461307048797	5.925925925925925e-05	1.4803895950317383
522960	-2.901079	-0.049038	1.537083	0.054964	1.482173	4.651001	-0.123287707939744	3.9506172839506166e-05	1.4821596145629883
523080	-2.901373	-0.048058	1.538702	0.054948	1.483789	4.658542	-0.12337653636932373	3.9506172839506166e-05	1.4837836027145386
523200	-2.902071	-0.047474	1.540367	0.054909	1.485090	4.666300	-0.1234248612076044	3.9506172839506166e-05	1.4850767850875854
523320	-2.902660	-0.047015	1.541925	0.054877	1.486143	4.673579	-0.12347309254109859	2.6337448559670777e-05	1.4861351251602173
523440	-2.902907	-0.046472	1.542939	0.054864	1.487298	4.678320	-0.12351388074457645	3.9506172839506166e-05	1.4872788190841675
523560	-2.902497	-0.046030	1.543414	0.054886	1.488199	4.680542	-0.12355366535484791	3.9506172839506166e-05	1.4881830215454102
523680	-2.902524	-0.045182	1.544777	0.054885	1.489836	4.686925	-0.1236316930502653	2.6337448559670777e-05	1.489818811416626
523800	-2.902376	-0.044644	1.545776	0.054893	1.490753	4.691609	-0.12368336692452431	3.9506172839506166e-05	1.4907464981079102
523920	-2.902793	-0.043911	1.545262	0.054870	1.491618	4.689201	-0.12374297119677066	3.9506172839506166e-05	1.4915977716445923
524040	-2.903249	-0.043488	1.545582	0.054845	1.492149	4.690700	-0.12378737591207027	3.9506172839506166e-05	1.4921472072601318
524160	-2.903307	-0.043100	1.546469	0.054842	1.492785	4.694864	-0.12381278015673161	3.9506172839506166e-05	1.4927716255187988
524280	-2.903882	-0.042311	1.547451	0.054810	1.493812	4.699478	-0.12388484850525856	3.9506172839506166e-05	1.4937937259674072
524400	-2.904508	-0.041618	1.547254	0.054776	1.494819	4.698549	-0.12395748198032379	2.6337448559670777e-05	1.494818925857544
524520	-2.905109	-0.040888	1.547237	0.054743	1.495690	4.698470	-0.12401986196637153	2.6337448559670777e-05	1.4956846237182617
524640	-2.905603	-0.040456	1.547712	0.054716	1.496369	4.700701	-0.12406313605606556	1.7558299039780518e-05	1.49636971950531
524760	-2.907613	-0.040037	1.548733	0.054606	1.497125	4.705503	-0.1240964338183403	3.9506172839506166e-05	1.4971082210540771
524880	-2.908075	-0.039788	1.549692	0.054581	1.497884	4.710018	-0.12412166595458984	1.7558299039780518e-05	1.497878074645996
525000	-2.909156	-0.039345	1.550304	0.054522	1.498593	4.712904	-0.12415668070316314	2.6337448559670777e-05	1.4985836744308472
525120	-2.909487	-0.038845	1.550611	0.054504	1.499521	4.714351	-0.1242029994726181	1.7558299039780518e-05	1.499517560005188
525240	-2.909496	-0.038269	1.551463	0.054503	1.500513	4.718370	-0.12425100691616535	2.6337448559670777e-05	1.500495195388794
525360	-2.909631	-0.037615	1.552036	0.054496	1.501565	4.721070	-0.12431523241102696	3.9506172839506166e-05	1.5015511512756348
525480	-2.910553	-0.037209	1.552337	0.054446	1.502625	4.722495	-0.12435107603669167	3.9506172839506166e-05	1.5026142597198486
525600	-2.911760	-0.036785	1.552663	0.054380	1.503461	4.724035	-0.12438249699771405	5.925925925925925e-05	1.5034385919570923
525720	-2.911186	-0.036026	1.553427	0.054411	1.504638	4.727642	-0.12445904724299908	2.6337448559670777e-05	1.5046401023864746
525840	-2.912103	-0.035620	1.554292	0.054361	1.505491	4.731737	-0.12449794895946979	3.9506172839506166e-05	1.505491852760315
525960	-2.911679	-0.034807	1.555362	0.054384	1.506825	4.736801	-0.12455701418220996	5.925925925925925e-05	1.5067976713180542
526080	-2.911258	-0.034283	1.556304	0.054407	1.507821	4.741266	-0.12461436949670315	3.9506172839506166e-05	1.507804036140442
526200	-2.911286	-0.033898	1.555352	0.054406	1.508608	4.736754	-0.12465219013392925	2.6337448559670777e-05	1.5086023807525635
526320	-2.909611	-0.033153	1.556168	0.054497	1.509921	4.740622	-0.124709203094244	2.6337448559670777e-05	1.5098974704742432
526440	-2.908306	-0.032728	1.555906	0.054568	1.510639	4.739377	-0.12475594319403172	1.7558299039780518e-05	1.5106340646743774
526560	-2.908979	-0.032406	1.556178	0.054531	1.511228	4.740669	-0.12478657178580761	3.9506172839506166e-05	1.511218786239624
526680	-2.908885	-0.031962	1.556730	0.054537	1.512075	4.743285	-0.12482308708131314	5.925925925925925e-05	1.5120680332183838
526800	-2.909865	-0.031626	1.556345	0.054483	1.512506	4.741459	-0.12485267706215382	1.7558299039780518e-05	1.512494444847107
526920	-2.911198	-0.030957	1.556990	0.054410	1.513815	4.744518	-0.12491113692522049	2.6337448559670777e-05	1.5138062238693237
527040	-2.913358	-0.030619	1.557261	0.054293	1.514469	4.745805	-0.12494699619710445	5.925925925925925e-05	1.514464020729065
527160	-2.912337	-0.029979	1.557776	0.054349	1.515472	4.748248	-0.12499598674476146	2.6337448559670777e-05	1.515462875366211
527280	-2.912557	-0.029292	1.558757	0.054337	1.516850	4.752910	-0.12506325989961625	3.9506172839506166e-05	1.5168341398239136
527400	-2.912755	-0.028878	1.559545	0.054326	1.517768	4.756657	-0.1251027502119541	2.6337448559670777e-05	1.5177618265151978
527520	-2.913119	-0.028104	1.561179	0.054306	1.519073	4.764435	-0.12516013607382775	3.9506172839506166e-05	1.5190438032150269
527640	-2.912860	-0.027788	1.561553	0.054320	1.519650	4.766218	-0.1252020515501499	5.925925925925925e-05	1.5196545124053955
527760	-2.912647	-0.027560	1.560129	0.054332	1.519729	4.759437	-0.12522116601467131	2.6337448559670777e-05	1.5197293758392334
527880	-2.912972	-0.026843	1.561582	0.054314	1.520890	4.766358	-0.12527909502387047	2.6337448559670777e-05	1.5208714008331299
528000	-2.913880	-0.026131	1.562594	0.054265	1.522129	4.771182	-0.12534878253936768	2.6337448559670777e-05	1.5221233367919922
528120	-2.912813	-0.025531	1.563387	0.054323	1.523130	4.774968	-0.12540518045425414	1.7558299039780518e-05	1.5231291055679321
528240	-2.911939	-0.024997	1.564429	0.054370	1.524014	4.779943	-0.12544977888464928	2.6337448559670777e-05	1.5240044593811035
528360	-2.912319	-0.024476	1.565601	0.054350	1.524986	4.785549	-0.12549731582403184	2.6337448559670777e-05	1.5249810218811035
528480	-2.912173	-0.024083	1.567058	0.054357	1.525649	4.792530	-0.12553296983242035	1.7558299039780518e-05	1.525644302368164
528600	-2.913181	-0.023880	1.567371	0.054303	1.526219	4.794026	-0.12555037811398506	3.9506172839506166e-05	1.5262101888656616
528720	-2.913823	-0.023440	1.568036	0.054268	1.527508	4.797215	-0.12559052929282188	5.925925925925925e-05	1.5274944305419922
528840	-2.916408	-0.022990	1.568841	0.054128	1.528687	4.801081	-0.12562968954443932	3.9506172839506166e-05	1.5286695957183838
528960	-2.916384	-0.021766	1.570089	0.054129	1.530706	4.807075	-0.12573536708950997	2.6337448559670777e-05	1.5306988954544067
529080	-2.916522	-0.021100	1.570866	0.054122	1.532011	4.810813	-0.1257990561425686	2.6337448559670777e-05	1.5319982767105103
529200	-2.917340	-0.020745	1.571491	0.054077	1.532731	4.813818	-0.1258355662226677	3.9506172839506166e-05	1.5327292680740356
529320	-2.918123	-0.020381	1.571765	0.054035	1.533612	4.815141	-0.12586645483970643	2.6337448559670777e-05	1.5336068868637085
529440	-2.918292	-0.019892	1.572243	0.054026	1.534391	4.817442	-0.12590924501419068	3.9506172839506166e-05	1.5343846082687378
529560	-2.919128	-0.019312	1.572371	0.053981	1.535419	4.818056	-0.12595989257097245	3.9506172839506166e-05	1.535407304763794
529680	-2.920839	-0.019119	1.573306	0.053888	1.535983	4.822565	-0.12598216086626052	2.6337448559670777e-05	1.53597092628479
529800	-2.920281	-0.018405	1.573695	0.053919	1.536875	4.824443	-0.1260436624288559	3.9506172839506166e-05	1.536870002746582
529920	-2.920824	-0.017614	1.575919	0.053889	1.538397	4.835183	-0.12611236944794654	3.9506172839506166e-05	1.5383833646774292
530040	-2.921016	-0.016602	1.577179	0.053879	1.540069	4.841280	-0.1262017823755741	3.9506172839506166e-05	1.5400545597076416
530160	-2.920412	-0.016201	1.577514	0.053911	1.540720	4.842900	-0.12624181285500527	3.9506172839506166e-05	1.5407105684280396
530280	-2.921026	-0.015979	1.576690	0.053878	1.540854	4.838915	-0.12625696510076523	3.9506172839506166e-05	1.5408401489257812
530400	-2.921002	-0.014955	1.577692	0.053880	1.542298	4.843762	-0.126353607326746	3.9506172839506166e-05	1.5422899723052979
530520	-2.921818	-0.014506	1.579261	0.053836	1.543382	4.851368	-0.12639843225479125	3.9506172839506166e-05	1.5433769226074219
530640	-2.920362	-0.013984	1.579361	0.053914	1.544496	4.851856	-0.1264437586069107	2.6337448559670777e-05	1.5444902181625366
530760	-2.920830	-0.013535	1.579059	0.053889	1.545258	4.850387	-0.12648025304079055	5.925925925925925e-05	1.5452420711517334
530880	-2.921756	-0.013063	1.579975	0.053839	1.546654	4.854834	-0.1265224725008011	2.6337448559670777e-05	1.5466423034667969
531000	-2.923349	-0.012453	1.581010	0.053753	1.547996	4.859862	-0.12657705023884774	2.6337448559670777e-05	1.5479810237884521
531120	-2.924484	-0.012041	1.580900	0.053692	1.549147	4.859327	-0.1266123689711094	3.9506172839506166e-05	1.5491265058517456
531240	-2.923639	-0.011365	1.581838	0.053738	1.550456	4.863888	-0.12667815685272216	5.925925925925925e-05	1.5504510402679443
531360	-2.922966	-0.010846	1.581863	0.053774	1.551530	4.864007	-0.12671934962272643	2.6337448559670777e-05	1.5515189170837402
531480	-2.924448	-0.010712	1.581742	0.053694	1.551946	4.863420	-0.1267388068139553	3.9506172839506166e-05	1.5519386529922485
531600	-2.925712	-0.010080	1.582799	0.053627	1.553557	4.868562	-0.1267928309738636	1.1705532693187011e-05	1.5535489320755005
531720	-2.925570	-0.008973	1.585632	0.053634	1.556029	4.882377	-0.12689195573329926	3.9506172839506166e-05	1.556014060974121
531840	-2.925937	-0.008351	1.584655	0.053614	1.556740	4.877608	-0.1269451253116131	1.7558299039780518e-05	1.5567330121994019
531960	-2.925793	-0.007921	1.584264	0.053622	1.557276	4.875703	-0.12698465287685395	2.6337448559670777e-05	1.557266354560852
532080	-2.926690	-0.007409	1.585345	0.053574	1.558217	4.880973	-0.12702714577317237	3.9506172839506166e-05	1.5581992864608765
532200	-2.927011	-0.006657	1.585560	0.053557	1.559310	4.882027	-0.12710287570953369	2.6337448559670777e-05	1.559306263923645
532320	-2.929105	-0.006378	1.587174	0.053445	1.560650	4.889910	-0.12713682055473327	5.925925925925925e-05	1.5606553554534912
532440	-2.929012	-0.005891	1.586800	0.053450	1.561262	4.888080	-0.12716924995183945	3.9506172839506166e-05	1.5612527132034302
532560	-2.930893	-0.005244	1.589096	0.053349	1.562948	4.899320	-0.12721669673919678	5.925925925925925e-05	1.562918782234192
532680	-2.931812	-0.004681	1.589003	0.053300	1.563984	4.898864	-0.12727652117609978	3.9506172839506166e-05	1.563975214958191
532800	-2.933114	-0.004628	1.589711	0.053231	1.564568	4.902330	-0.12728643491864206	3.9506172839506166e-05	1.5645545721054077
532920	-2.933590	-0.003914	1.592394	0.053206	1.566228	4.915502	-0.12734414711594583	3.9506172839506166e-05	1.5662142038345337
533040	-2.934065	-0.003199	1.593644	0.053180	1.567746	4.921649	-0.12740769013762474	2.6337448559670777e-05	1.5677319765090942
533160	-2.933420	-0.002621	1.594770	0.053215	1.569094	4.927197	-0.12746600434184074	2.6337448559670777e-05	1.5690810680389404
533280	-2.933920	-0.002560	1.595012	0.053188	1.569493	4.928390	-0.12747216150164603	3.9506172839506166e-05	1.5694870948791504
533400	-2.934615	-0.001600	1.596518	0.053151	1.571484	4.935816	-0.1275517612695694	2.6337448559670777e-05	1.5714738368988037
533520	-2.935624	-0.001070	1.598617	0.053098	1.572738	4.946188	-0.12760144025087355	3.9506172839506166e-05	1.5727239847183228
533640	-2.936299	-0.000829	1.599492	0.053062	1.573260	4.950519	-0.12762974202632904	2.6337448559670777e-05	1.5732544660568237
533760	-2.936596	-0.000540	1.600784	0.053046	1.574266	4.956918	-0.12764716744422913	2.6337448559670777e-05	1.57424795627594
533880	-2.937249	-0.000026	1.600794	0.053011	1.575194	4.956969	-0.1276957780122757	2.6337448559670777e-05	1.575188398361206
534000	-2.936991	0.000452	1.602640	0.053025	1.576195	4.966125	-0.12774239256978034	5.925925925925925e-05	1.5761839151382446
534120	-2.938311	0.000781	1.603209	0.052955	1.576955	4.968954	-0.12777973487973213	5.925925925925925e-05	1.576958179473877
534240	-2.937590	0.001299	1.604727	0.052993	1.578383	4.976502	-0.12780876979231834	2.6337448559670777e-05	1.5783650875091553
534360	-2.937529	0.001945	1.606350	0.052997	1.579620	4.984585	-0.12787241041660308	2.6337448559670777e-05	1.5796070098876953
534480	-2.936335	0.002995	1.607785	0.053060	1.581721	4.991742	-0.12796175628900527	5.925925925925925e-05	1.5816929340362549
534600	-2.935726	0.003833	1.609102	0.053092	1.583379	4.998320	-0.1280468761920929	3.9506172839506166e-05	1.583374261856079
534720	-2.935727	0.004451	1.610301	0.053092	1.584585	5.004316	-0.1281026177108288	3.9506172839506166e-05	1.5845742225646973
534840	-2.935224	0.005320	1.611613	0.053119	1.586201	5.010886	-0.12817529886960982	3.9506172839506166e-05	1.5861958265304565
534960	-2.933874	0.006073	1.611978	0.053191	1.587480	5.012715	-0.1282424584031105	2.6337448559670777e-05	1.5874707698822021
535080	-2.932648	0.006833	1.613898	0.053256	1.589173	5.022351	-0.12831779569387436	3.9506172839506166e-05	1.5891616344451904
535200	-2.931967	0.007394	1.616019	0.053292	1.590547	5.033014	-0.1283605605363846	3.9506172839506166e-05	1.5905290842056274
535320	-2.932364	0.007754	1.617480	0.053271	1.591686	5.040373	-0.12840182483196258	2.6337448559670777e-05	1.5916825532913208
535440	-2.932340	0.007830	1.618065	0.053272	1.592463	5.043323	-0.12840724885463714	3.9506172839506166e-05	1.5924550294876099
535560	-2.932168	0.008624	1.619012	0.053281	1.594261	5.048099	-0.128476432710886	2.6337448559670777e-05	1.594251036643982
535680	-2.931906	0.009194	1.620570	0.053295	1.595518	5.055971	-0.12852799370884896	2.6337448559670777e-05	1.5955113172531128
535800	-2.930920	0.009931	1.622196	0.053348	1.597262	5.064197	-0.12859146520495415	3.9506172839506166e-05	1.5972486734390259
535920	-2.931098	0.011080	1.623153	0.053338	1.599303	5.069050	-0.12869657650589944	1.7558299039780518e-05	1.599294662475586
536040	-2.930959	0.011363	1.623706	0.053346	1.599792	5.071853	-0.12872439473867417	2.6337448559670777e-05	1.5997910499572754
536160	-2.928962	0.011749	1.623879	0.053452	1.600238	5.072728	-0.12876295298337936	1.7558299039780518e-05	1.6002426147460938
536280	-2.928681	0.012273	1.624589	0.053468	1.601122	5.076330	-0.12879724502563478	1.7558299039780518e-05	1.6011052131652832
536400	-2.928665	0.012941	1.624931	0.053468	1.602228	5.078068	-0.12886270731687546	2.6337448559670777e-05	1.6022229194641113
536520	-2.928306	0.013419	1.624664	0.053488	1.602599	5.076711	-0.1289087601006031	1.7558299039780518e-05	1.6025913953781128
536640	-2.929057	0.013936	1.625167	0.053447	1.603817	5.079267	-0.12895312011241913	3.9506172839506166e-05	1.6038068532943726
536760	-2.929738	0.014338	1.627292	0.053411	1.604880	5.090072	-0.12899402379989625	5.925925925925925e-05	1.6048774719238281
536880	-2.929076	0.015046	1.629249	0.053446	1.606549	5.100043	-0.1290539786219597	3.9506172839506166e-05	1.606532335281372
537000	-2.929992	0.015608	1.630543	0.053397	1.607798	5.106647	-0.12910529747605323	2.6337448559670777e-05	1.6077938079833984
537120	-2.930813	0.016092	1.631845	0.053354	1.609046	5.113299	-0.1291487842798233	2.6337448559670777e-05	1.6090281009674072
537240	-2.930640	0.016610	1.632328	0.053363	1.610130	5.115771	-0.12919556125998496	2.6337448559670777e-05	1.6101248264312744
537360	-2.929649	0.017479	1.633721	0.053416	1.611783	5.122900	-0.1292688764631748	2.6337448559670777e-05	1.6117627620697021
537480	-2.930328	0.017778	1.635114	0.053380	1.612778	5.130043	-0.1293066293001175	3.9506172839506166e-05	1.6127774715423584
537600	-2.930810	0.018339	1.636322	0.053354	1.613999	5.136241	-0.129348923265934	2.6337448559670777e-05	1.613982915878296
537720	-2.931118	0.018849	1.637225	0.053337	1.615263	5.140882	-0.12939113825559617	2.6337448559670777e-05	1.6152405738830566
537840	-2.930027	0.019569	1.636695	0.053396	1.616253	5.138162	-0.1294594705104828	3.9506172839506166e-05	1.61624014377594
537960	-2.930324	0.019767	1.637045	0.053380	1.616555	5.139956	-0.1294773004949093	3.9506172839506166e-05	1.616546392440796
538080	-2.928927	0.020127	1.637691	0.053454	1.617403	5.143280	-0.12950743809342385	1.7558299039780518e-05	1.6173911094665527
538200	-2.927804	0.020350	1.636602	0.053514	1.617882	5.137683	-0.12953809648752213	3.9506172839506166e-05	1.617881178855896
538320	-2.927533	0.020665	1.636638	0.053529	1.618487	5.137868	-0.1295585662126541	3.9506172839506166e-05	1.6184667348861694
538440	-2.927806	0.021037	1.638567	0.053514	1.619686	5.147786	-0.1295899510383606	2.6337448559670777e-05	1.61967134475708
538560	-2.928026	0.021578	1.639943	0.053503	1.620999	5.154876	-0.12964343503117562	5.925925925925925e-05	1.62099289894104
538680	-2.930491	0.021498	1.641087	0.053371	1.621508	5.160774	-0.1296389952301979	3.9506172839506166e-05	1.621504783630371
538800	-2.932535	0.021423	1.642724	0.053262	1.621731	5.169230	-0.12963365241885186	3.9506172839506166e-05	1.6217290163040161
538920	-2.933458	0.022245	1.644392	0.053213	1.623799	5.177858	-0.12969646528363227	2.6337448559670777e-05	1.6237833499908447
539040	-2.934629	0.022747	1.645268	0.053150	1.625202	5.182400	-0.12974613383412362	2.6337448559670777e-05	1.6251851320266724
539160	-2.934180	0.023320	1.646575	0.053174	1.626352	5.189175	-0.12979705035686492	3.9506172839506166e-05	1.626336693763733
539280	-2.933766	0.023627	1.646416	0.053196	1.626857	5.188353	-0.12982693016529084	3.9506172839506166e-05	1.626847267150879
539400	-2.933454	0.024206	1.646769	0.053213	1.628030	5.190183	-0.12987429797649383	2.6337448559670777e-05	1.6280195713043213
539520	-2.933215	0.024780	1.647151	0.053226	1.629074	5.192168	-0.12993019223213195	2.6337448559670777e-05	1.6290662288665771
539640	-2.934274	0.025310	1.647814	0.053169	1.630472	5.195609	-0.12998055964708327	3.9506172839506166e-05	1.6304649114608765
539760	-2.934112	0.025727	1.648648	0.053178	1.631449	5.199945	-0.13001730442047119	3.9506172839506166e-05	1.6314419507980347
539880	-2.933586	0.026293	1.649707	0.053206	1.632486	5.205453	-0.13006162792444229	3.9506172839506166e-05	1.6324697732925415
540000	-2.933775	0.026839	1.649544	0.053196	1.633864	5.204608	-0.13011352345347404	3.9506172839506166e-05	1.6338521242141724
540120	-2.934940	0.027219	1.650946	0.053134	1.635009	5.211910	-0.13014924377202988	2.6337448559670777e-05	1.6350018978118896
540240	-2.934997	0.027666	1.652727	0.053131	1.636283	5.221198	-0.13019368648529053	3.9506172839506166e-05	1.6362777948379517
540360	-2.935369	0.028214	1.653197	0.053111	1.637534	5.223656	-0.13023995384573936	1.7558299039780518e-05	1.6375256776809692
540480	-2.935194	0.028674	1.653790	0.053120	1.638677	5.226752	-0.1302790053188801	5.925925925925925e-05	1.638656497001648
540600	-2.935704	0.028830	1.653227	0.053093	1.639055	5.223810	-0.1302933871746063	2.6337448559670777e-05	1.6390438079833984
540720	-2.934489	0.029862	1.654161	0.053158	1.640663	5.228691	-0.1303895339369774	2.6337448559670777e-05	1.6406595706939697
540840	-2.933816	0.030627	1.654743	0.053194	1.641850	5.231735	-0.1304508075118065	3.9506172839506166e-05	1.6418312788009644
540960	-2.933480	0.031238	1.655370	0.053212	1.643253	5.235016	-0.13051785305142402	3.9506172839506166e-05	1.6432534456253052
541080	-2.933465	0.031907	1.656168	0.053212	1.644063	5.239194	-0.13056474253535272	1.7558299039780518e-05	1.6440473794937134
541200	-2.932969	0.032649	1.656974	0.053239	1.645286	5.243420	-0.1306363269686699	1.7558299039780518e-05	1.6452714204788208
541320	-2.932902	0.033479	1.658615	0.053242	1.646694	5.252030	-0.13070440888404847	3.9506172839506166e-05	1.6466718912124634
541440	-2.933275	0.033859	1.659253	0.053222	1.647854	5.255381	-0.13075106889009475	2.6337448559670777e-05	1.6478508710861206
541560	-2.933344	0.034246	1.659393	0.053219	1.648644	5.256121	-0.13078103139996528	3.9506172839506166e-05	1.6486319303512573
541680	-2.933332	0.034860	1.659775	0.053219	1.649673	5.258129	-0.13083536475896834	3.9506172839506166e-05	1.649657130241394
541800	-2.933529	0.035268	1.659038	0.053209	1.650235	5.254255	-0.1308736249804497	3.9506172839506166e-05	1.6502240896224976
541920	-2.934677	0.035952	1.659586	0.053148	1.651394	5.257135	-0.13093206882476807	3.9506172839506166e-05	1.6513800621032715
542040	-2.935971	0.036369	1.660476	0.053079	1.652590	5.261813	-0.13097829148173332	3.9506172839506166e-05	1.6525893211364746
542160	-2.935754	0.036657	1.661044	0.053091	1.653491	5.264804	-0.13100221678614615	3.9506172839506166e-05	1.653478980064392
542280	-2.935099	0.037174	1.661343	0.053125	1.654770	5.266381	-0.1310416504740715	5.925925925925925e-05	1.65475332736969
542400	-2.934888	0.037898	1.661204	0.053137	1.656041	5.265647	-0.13110678419470786	3.9506172839506166e-05	1.6560167074203491
542520	-2.934759	0.038137	1.660864	0.053144	1.656574	5.263855	-0.13113752976059914	5.925925925925925e-05	1.6565701961517334
542640	-2.936371	0.038631	1.661845	0.053058	1.657844	5.269022	-0.13117653802037238	3.9506172839506166e-05	1.657834529876709
542760	-2.938055	0.039042	1.662766	0.052969	1.659282	5.273880	-0.13121944144368172	5.925925925925925e-05	1.6592833995819092
542880	-2.937825	0.039754	1.662344	0.052981	1.660545	5.271653	-0.13128064572811127	1.7558299039780518e-05	1.6605409383773804
543000	-2.938445	0.040403	1.662438	0.052948	1.661869	5.272149	-0.13133424520492554	3.9506172839506166e-05	1.6618458032608032
543120	-2.939042	0.041124	1.662425	0.052916	1.663259	5.272082	-0.1314084380865097	3.9506172839506166e-05	1.66325843334198
543240	-2.938627	0.041740	1.663337	0.052938	1.664555	5.276890	-0.13145659640431404	1.7558299039780518e-05	1.6645550727844238
543360	-2.938090	0.042679	1.664757	0.052967	1.666319	5.284388	-0.13153529837727546	2.6337448559670777e-05	1.6663004159927368
543480	-2.938266	0.043448	1.665633	0.052958	1.668005	5.289022	-0.13161288052797318	5.925925925925925e-05	1.6679966449737549
543600	-2.939682	0.043722	1.665997	0.052883	1.668799	5.290946	-0.13163776472210884	3.9506172839506166e-05	1.6687835454940796
543720	-2.939077	0.044204	1.667335	0.052915	1.669906	5.298028	-0.1316761367022991	3.9506172839506166e-05	1.669891119003296
543840	-2.938825	0.044710	1.667212	0.052928	1.671211	5.297380	-0.13172100111842155	5.925925925925925e-05	1.6711924076080322
543960	-2.936751	0.045508	1.667563	0.053038	1.672269	5.299236	-0.1317949078977108	2.6337448559670777e-05	1.6722631454467773
544080	-2.937289	0.045663	1.668086	0.053009	1.672880	5.302008	-0.13181265890598298	2.6337448559670777e-05	1.6728814840316772
544200	-2.937863	0.045868	1.668000	0.052979	1.673235	5.301555	-0.13183573707938195	3.9506172839506166e-05	1.673240303993225
544320	-2.937833	0.046263	1.667805	0.052980	1.674174	5.300520	-0.13186375945806503	1.7558299039780518e-05	1.6741628646850586
544440	-2.936898	0.046525	1.667807	0.053030	1.674956	5.300531	-0.13189071267843247	5.925925925925925e-05	1.6749482154846191
544560	-2.937923	0.046908	1.668086	0.052976	1.675985	5.302009	-0.13192069455981253	5.925925925925925e-05	1.6759674549102783
544680	-2.937570	0.047497	1.669541	0.052994	1.677468	5.309728	-0.1319735273718834	2.6337448559670777e-05	1.6774497032165527
544800	-2.937690	0.048075	1.670146	0.052988	1.678620	5.312946	-0.132027081400156	3.9506172839506166e-05	1.6786079406738281
544920	-2.937569	0.048843	1.671332	0.052994	1.679974	5.319250	-0.13208968415856362	3.9506172839506166e-05	1.6799557209014893
545040	-2.938623	0.049324	1.670799	0.052939	1.680657	5.316414	-0.1321402370929718	3.9506172839506166e-05	1.6806517839431763
545160	-2.938076	0.049739	1.670716	0.052968	1.681490	5.315972	-0.1321803644299507	3.9506172839506166e-05	1.6814923286437988
545280	-2.937770	0.050603	1.671035	0.052984	1.683158	5.317671	-0.13225379437208176	5.925925925925925e-05	1.6831457614898682
545400	-2.938069	0.051062	1.672147	0.052968	1.684245	5.323585	-0.1322956845164299	5.925925925925925e-05	1.6842347383499146
545520	-2.938853	0.051626	1.673254	0.052926	1.685721	5.329483	-0.13234576880931853	1.7558299039780518e-05	1.6857110261917114
545640	-2.939842	0.052013	1.673222	0.052874	1.686759	5.329312	-0.13237326517701148	2.6337448559670777e-05	1.6867362260818481
545760	-2.940120	0.052527	1.673534	0.052859	1.687711	5.330975	-0.13242935687303542	3.9506172839506166e-05	1.6877061128616333
545880	-2.940269	0.053182	1.674280	0.052852	1.688913	5.334950	-0.13248848989605905	3.9506172839506166e-05	1.6889036893844604
546000	-2.940201	0.054102	1.674577	0.052855	1.690368	5.336537	-0.13256081640720369	3.9506172839506166e-05	1.6903406381607056
546120	-2.939429	0.055328	1.674826	0.052896	1.692189	5.337866	-0.13268108442425727	3.9506172839506166e-05	1.6921852827072144
546240	-2.940391	0.055630	1.675342	0.052845	1.692817	5.340621	-0.13270477205514908	2.6337448559670777e-05	1.692810297012329
546360	-2.942386	0.055653	1.675150	0.052740	1.693233	5.339597	-0.13271333426237106	3.9506172839506166e-05	1.693237066268921
546480	-2.942408	0.056137	1.675173	0.052739	1.694312	5.339716	-0.1327487863600254	1.7558299039780518e-05	1.6943048238754272
546600	-2.942712	0.056118	1.675600	0.052723	1.694608	5.342000	-0.1327549584209919	3.9506172839506166e-05	1.6946007013320923
546720	-2.943048	0.056878	1.677191	0.052705	1.696261	5.350507	-0.13281631618738174	3.9506172839506166e-05	1.6962525844573975
546840	-2.942810	0.057336	1.677206	0.052717	1.696964	5.350587	-0.1328617066144943	2.6337448559670777e-05	1.6969609260559082
546960	-2.943754	0.057333	1.676833	0.052668	1.697303	5.348588	-0.13286186680197715	2.6337448559670777e-05	1.6972923278808594
547080	-2.944557	0.057736	1.678439	0.052625	1.698702	5.357185	-0.13289073035120963	3.9506172839506166e-05	1.6986773014068604
547200	-2.945674	0.058325	1.679940	0.052567	1.700592	5.365235	-0.13295138478279114	5.925925925925925e-05	1.7005857229232788
547320	-2.945696	0.058798	1.681088	0.052565	1.701627	5.371397	-0.13298296481370925	3.9506172839506166e-05	1.7015999555587769
547440	-2.946560	0.058858	1.681838	0.052520	1.702058	5.375428	-0.13300023451447487	5.925925925925925e-05	1.7020562887191772
547560	-2.947374	0.058958	1.680796	0.052477	1.702242	5.369831	-0.13301096484065056	3.9506172839506166e-05	1.7022404670715332
547680	-2.948294	0.059282	1.681106	0.052429	1.703384	5.371491	-0.1330317012965679	5.925925925925925e-05	1.7033617496490479
547800	-2.949149	0.059148	1.678653	0.052384	1.702747	5.358334	-0.13303429782390594	5.925925925925925e-05	1.702757477760315
547920	-2.948727	0.059679	1.678452	0.052406	1.703661	5.357257	-0.13306472972035407	3.9506172839506166e-05	1.7036378383636475
548040	-2.948585	0.059988	1.678152	0.052414	1.703991	5.355651	-0.13310535103082657	2.6337448559670777e-05	1.7039976119995117
548160	-2.948196	0.060392	1.679391	0.052434	1.705273	5.362288	-0.1331336885690689	3.9506172839506166e-05	1.7052593231201172
548280	-2.947458	0.061324	1.680446	0.052473	1.706923	5.367947	-0.13321466147899627	3.9506172839506166e-05	1.7069103717803955
548400	-2.947020	0.062205	1.681055	0.052496	1.708582	5.371219	-0.13329422250390052	3.9506172839506166e-05	1.70855712890625
548520	-2.947427	0.062973	1.682046	0.052475	1.710382	5.376544	-0.13336945325136185	5.925925925925925e-05	1.7103716135025024
548640	-2.947669	0.063722	1.682943	0.052462	1.711943	5.381371	-0.13343008533120154	2.6337448559670777e-05	1.7119169235229492
548760	-2.946462	0.064340	1.683072	0.052525	1.712898	5.382063	-0.1334907241165638	3.9506172839506166e-05	1.7128912210464478
548880	-2.946217	0.065140	1.685249	0.052538	1.714557	5.393794	-0.13356803059577943	2.6337448559670777e-05	1.7145569324493408
549000	-2.945148	0.065449	1.686145	0.052594	1.715163	5.398630	-0.13359428867697715	3.9506172839506166e-05	1.715157151222229
549120	-2.944832	0.065800	1.687875	0.052611	1.716056	5.407974	-0.13361438736319542	3.9506172839506166e-05	1.716033935546875
549240	-2.944979	0.066581	1.689119	0.052603	1.717408	5.414707	-0.13369313329458238	3.9506172839506166e-05	1.7174054384231567
549360	-2.944538	0.066817	1.689323	0.052626	1.717919	5.415811	-0.13371578082442284	5.925925925925925e-05	1.71790611743927
549480	-2.944725	0.067494	1.691692	0.052617	1.719925	5.428660	-0.13377533257007598	3.9506172839506166e-05	1.7199147939682007
549600	-2.943632	0.068067	1.692461	0.052674	1.720976	5.432834	-0.13383035883307456	3.9506172839506166e-05	1.7209751605987549
549720	-2.942670	0.068439	1.692925	0.052725	1.721705	5.435357	-0.13386041671037674	3.9506172839506166e-05	1.7216941118240356
549840	-2.942973	0.068975	1.693466	0.052709	1.722573	5.438297	-0.13390863686800003	3.9506172839506166e-05	1.7225592136383057
549960	-2.942792	0.069334	1.694373	0.052718	1.723619	5.443234	-0.1339451089501381	3.9506172839506166e-05	1.7236137390136719
550080	-2.942337	0.069958	1.695214	0.052742	1.724770	5.447814	-0.13399386629462243	3.9506172839506166e-05	1.7247542142868042
550200	-2.944041	0.070591	1.696747	0.052653	1.726157	5.456172	-0.13405125662684442	3.9506172839506166e-05	1.7261556386947632
550320	-2.944564	0.070841	1.697589	0.052625	1.727077	5.460765	-0.1340789258480072	3.9506172839506166e-05	1.727070689201355
550440	-2.943787	0.071436	1.699049	0.052666	1.728416	5.468742	-0.13413427993655205	3.9506172839506166e-05	1.728414535522461
550560	-2.945468	0.071797	1.698383	0.052577	1.728874	5.465105	-0.13416199758648872	3.9506172839506166e-05	1.7288620471954346
550680	-2.945077	0.072458	1.698458	0.052598	1.729762	5.465512	-0.1342129737138748	1.7558299039780518e-05	1.7297499179840088
550800	-2.944140	0.072866	1.698415	0.052647	1.730554	5.465276	-0.13425642028450965	1.7558299039780518e-05	1.7305495738983154
550920	-2.945047	0.073120	1.698009	0.052600	1.730938	5.463061	-0.1342826046049595	1.1705532693187011e-05	1.7309331893920898
551040	-2.944601	0.073634	1.699747	0.052623	1.732316	5.472563	-0.13432363271713257	5.925925925925925e-05	1.732291340827942
551160	-2.945842	0.073888	1.699282	0.052558	1.732644	5.470018	-0.13435799032449722	3.9506172839506166e-05	1.7326501607894897
551280	-2.947455	0.074098	1.698839	0.052473	1.733270	5.467595	-0.1343711234629154	3.9506172839506166e-05	1.7332627773284912
551400	-2.947591	0.074624	1.699885	0.052466	1.734127	5.473319	-0.13442159816622734	3.9506172839506166e-05	1.7341339588165283
551520	-2.946888	0.074656	1.700154	0.052503	1.734331	5.474792	-0.13442132920026778	2.6337448559670777e-05	1.7343275547027588
551640	-2.946993	0.075363	1.701194	0.052497	1.735545	5.480487	-0.13448098227381705	3.9506172839506166e-05	1.7355422973632812
551760	-2.946512	0.075592	1.700780	0.052523	1.735676	5.478219	-0.13450637981295585	3.9506172839506166e-05	1.735671877861023
551880	-2.946304	0.076219	1.700582	0.052534	1.736453	5.477134	-0.1345594495534897	3.9506172839506166e-05	1.7364503145217896
552000	-2.945229	0.077092	1.701479	0.052590	1.737834	5.482047	-0.13463788107037544	3.9506172839506166e-05	1.737823247909546
552120	-2.945307	0.077526	1.701824	0.052586	1.738872	5.483938	-0.13467169627547265	2.6337448559670777e-05	1.7388559579849243
552240	-2.944660	0.077854	1.702683	0.052620	1.739423	5.488654	-0.1347032830119133	3.9506172839506166e-05	1.7394102811813354
552360	-2.943659	0.078835	1.704585	0.052673	1.741256	5.499102	-0.13478898927569388	3.9506172839506166e-05	1.7412339448928833
552480	-2.942757	0.079426	1.706298	0.052720	1.742812	5.508531	-0.1348403200507164	2.6337448559670777e-05	1.7427922487258911
552600	-2.942098	0.079586	1.706789	0.052755	1.743485	5.511239	-0.13486187309026718	2.6337448559670777e-05	1.743465542793274
552720	-2.941057	0.080254	1.708082	0.052810	1.744960	5.518369	-0.13492450639605522	2.6337448559670777e-05	1.7449541091918945
552840	-2.940752	0.081072	1.711278	0.052826	1.747434	5.536035	-0.13498635068535805	1.7558299039780518e-05	1.7474050521850586
552960	-2.940634	0.081775	1.712891	0.052832	1.749095	5.544967	-0.13505615219473838	2.6337448559670777e-05	1.749077320098877
553080	-2.941868	0.082191	1.713262	0.052767	1.749955	5.547025	-0.1350979559123516	2.6337448559670777e-05	1.7499550580978394
553200	-2.942263	0.082746	1.713716	0.052746	1.751316	5.549547	-0.13514850288629532	2.6337448559670777e-05	1.7513052225112915
553320	-2.942693	0.083362	1.715008	0.052724	1.752635	5.556722	-0.13520548939704896	3.9506172839506166e-05	1.752636194229126
553440	-2.942812	0.083420	1.715259	0.052717	1.752729	5.558116	-0.13521102964878082	3.9506172839506166e-05	1.7527222633361816
553560	-2.944276	0.083605	1.716118	0.052640	1.753379	5.562893	-0.13522471040487288	3.9506172839506166e-05	1.7533693313598633
553680	-2.944328	0.084422	1.717618	0.052637	1.755201	5.571244	-0.1352988600730896	3.9506172839506166e-05	1.7552030086517334
553800	-2.945899	0.084417	1.716387	0.052555	1.755020	5.564389	-0.13530545607209205	3.9506172839506166e-05	1.755031704902649
553920	-2.944614	0.084798	1.716971	0.052622	1.755467	5.567639	-0.13533067256212233	3.9506172839506166e-05	1.7554476261138916
554040	-2.944087	0.085440	1.718660	0.052650	1.756791	5.577051	-0.1353848397731781	3.9506172839506166e-05	1.7567700147628784
554160	-2.943779	0.085908	1.718940	0.052666	1.757393	5.578609	-0.1354358971118927	3.9506172839506166e-05	1.7573976516723633
554280	-2.944000	0.086595	1.719984	0.052655	1.758496	5.584440	-0.1354912854731083	2.6337448559670777e-05	1.7584900856018066
554400	-2.943376	0.087462	1.720243	0.052688	1.760375	5.585886	-0.13557267263531686	3.9506172839506166e-05	1.7603731155395508
554520	-2.944523	0.087814	1.720582	0.052627	1.761279	5.587781	-0.1356026493012905	5.925925925925925e-05	1.761273741722107
554640	-2.945464	0.087926	1.721061	0.052578	1.761752	5.590455	-0.13561692386865615	5.925925925925925e-05	1.7617336511611938
554760	-2.944240	0.089083	1.720898	0.052642	1.763303	5.589546	-0.13571519330143927	3.9506172839506166e-05	1.7632942199707031
554880	-2.944572	0.089545	1.721114	0.052625	1.764444	5.590751	-0.1357626162469387	3.9506172839506166e-05	1.7644410133361816
555000	-2.945794	0.089826	1.722273	0.052560	1.765274	5.597236	-0.1357866920530796	5.925925925925925e-05	1.7652628421783447
555120	-2.945160	0.090087	1.721960	0.052594	1.765763	5.595487	-0.13580804243683814	2.6337448559670777e-05	1.765758991241455
555240	-2.945325	0.090448	1.722394	0.052585	1.766448	5.597911	-0.13583945035934447	2.6337448559670777e-05	1.7664375305175781
555360	-2.946429	0.090864	1.722676	0.052527	1.767487	5.599494	-0.13587474077939987	5.925925925925925e-05	1.7674719095230103
555480	-2.946541	0.091565	1.724409	0.052521	1.769192	5.609207	-0.1359441064298153	3.9506172839506166e-05	1.7691881656646729
555600	-2.946465	0.091972	1.725060	0.052525	1.769986	5.612858	-0.13598212003707885	3.9506172839506166e-05	1.7699896097183228
555720	-2.945989	0.092641	1.726050	0.052550	1.771308	5.618420	-0.13604033291339873	2.6337448559670777e-05	1.7713013887405396
555840	-2.945295	0.092963	1.725472	0.052587	1.771676	5.615173	-0.1360635094344616	3.9506172839506166e-05	1.7716606855392456
555960	-2.944941	0.094189	1.727082	0.052605	1.774076	5.624219	-0.1361716605722904	3.9506172839506166e-05	1.7740564346313477
556080	-2.945153	0.095023	1.728160	0.052594	1.775949	5.630283	-0.13624982684850692	2.6337448559670777e-05	1.7759337425231934
556200	-2.945577	0.095701	1.727565	0.052572	1.776906	5.626938	-0.13631067425012589	3.9506172839506166e-05	1.776896357536316
556320	-2.946043	0.096541	1.729496	0.052547	1.778501	5.637813	-0.1363920822739601	2.6337448559670777e-05	1.7785043716430664
556440	-2.946397	0.096735	1.730214	0.052529	1.778881	5.641863	-0.13641277328133583	3.9506172839506166e-05	1.7788869142532349
556560	-2.946083	0.097223	1.730961	0.052545	1.779850	5.646078	-0.13644901067018508	3.9506172839506166e-05	1.7798429727554321
556680	-2.945055	0.097944	1.731796	0.052599	1.781256	5.650793	-0.13651249632239343	2.6337448559670777e-05	1.7812496423721313
556800	-2.944461	0.098807	1.732599	0.052630	1.783118	5.655331	-0.13659229949116708	3.9506172839506166e-05	1.7831100225448608
556920	-2.944291	0.099500	1.732420	0.052639	1.784114	5.654321	-0.1366509012877941	1.7558299039780518e-05	1.7841007709503174
557040	-2.944396	0.100068	1.733572	0.052634	1.785492	5.660838	-0.13670382499694825	3.9506172839506166e-05	1.7854760885238647
557160	-2.945476	0.100304	1.735118	0.052577	1.786279	5.669597	-0.1367298483848572	3.9506172839506166e-05	1.7862759828567505
557280	-2.945530	0.100851	1.735316	0.052574	1.787191	5.670718	-0.13678266778588294	3.9506172839506166e-05	1.7871910333633423
557400	-2.945614	0.101278	1.735818	0.052570	1.788009	5.673565	-0.13681508749723434	3.9506172839506166e-05	1.788002610206604
557520	-2.945723	0.101716	1.737076	0.052564	1.789076	5.680709	-0.1368550628423691	1.7558299039780518e-05	1.789063811302185
557640	-2.945822	0.102126	1.738730	0.052559	1.789959	5.690113	-0.1368948645889759	3.9506172839506166e-05	1.7899589538574219
557760	-2.945428	0.102651	1.738408	0.052580	1.790843	5.688280	-0.13694299384951591	5.925925925925925e-05	1.7908439636230469
557880	-2.946423	0.103242	1.739762	0.052527	1.792572	5.695990	-0.13698745593428613	3.9506172839506166e-05	1.7925536632537842
558000	-2.946266	0.103805	1.741267	0.052536	1.794079	5.704567	-0.1370430752635002	5.925925925925925e-05	1.7940658330917358
558120	-2.948094	0.104098	1.742788	0.052440	1.795071	5.713250	-0.1370684251189232	1.7558299039780518e-05	1.7950565814971924
558240	-2.948772	0.104849	1.743474	0.052404	1.796458	5.717169	-0.13713115453720093	3.9506172839506166e-05	1.7964500188827515
558360	-2.948632	0.105383	1.744422	0.052411	1.797645	5.722592	-0.1371840201318264	1.7558299039780518e-05	1.7976369857788086
558480	-2.948590	0.105795	1.745055	0.052414	1.798460	5.726218	-0.13722136467695237	2.6337448559670777e-05	1.798454761505127
558600	-2.949523	0.105880	1.745232	0.052365	1.798534	5.727233	-0.13722523674368858	2.6337448559670777e-05	1.7985297441482544
558720	-2.949019	0.106372	1.745124	0.052391	1.799627	5.726613	-0.13727806881070137	3.9506172839506166e-05	1.7996374368667603
558840	-2.948036	0.107083	1.745829	0.052443	1.801427	5.730653	-0.1373327888548374	2.6337448559670777e-05	1.8014174699783325
558960	-2.948965	0.107203	1.747426	0.052394	1.802489	5.739811	-0.13735396340489386	3.9506172839506166e-05	1.8024916648864746
559080	-2.949299	0.107799	1.747916	0.052376	1.804098	5.742620	-0.13739846423268318	5.925925925925925e-05	1.8040742874145508
559200	-2.950657	0.107855	1.747753	0.052305	1.804485	5.741689	-0.13740899935364723	2.6337448559670777e-05	1.8044804334640503
559320	-2.949494	0.108889	1.748811	0.052366	1.806296	5.747768	-0.13749216720461846	2.6337448559670777e-05	1.8062673807144165
559440	-2.950040	0.109407	1.749357	0.052338	1.807359	5.750903	-0.13753865137696267	2.6337448559670777e-05	1.8073432445526123
559560	-2.949712	0.110036	1.750099	0.052355	1.808628	5.755175	-0.1375985749065876	2.6337448559670777e-05	1.8086172342300415
559680	-2.949012	0.111105	1.751440	0.052391	1.810246	5.762897	-0.13769421428442002	3.9506172839506166e-05	1.8102178573608398
559800	-2.949457	0.111871	1.753049	0.052368	1.812338	5.772173	-0.13776459768414498	3.9506172839506166e-05	1.8123153448104858
559920	-2.947872	0.112812	1.754411	0.052451	1.814326	5.780041	-0.13784029930830002	3.9506172839506166e-05	1.8142815828323364
560040	-2.946645	0.113554	1.756364	0.052516	1.816871	5.791339	-0.13791907355189323	5.925925925925925e-05	1.8168507814407349
560160	-2.944025	0.114029	1.757080	0.052653	1.817562	5.795488	-0.1379602447152138	3.9506172839506166e-05	1.8175475597381592
560280	-2.944407	0.114362	1.756693	0.052633	1.818575	5.793248	-0.13799554780125617	3.9506172839506166e-05	1.8185673952102661
560400	-2.943968	0.114978	1.757412	0.052656	1.819890	5.797412	-0.13805097416043283	2.6337448559670777e-05	1.8198816776275635
560520	-2.943829	0.115530	1.757879	0.052664	1.821035	5.800122	-0.1381006009876728	3.9506172839506166e-05	1.8210325241088867
560640	-2.943956	0.115815	1.758246	0.052657	1.821890	5.802254	-0.13812683820724486	3.9506172839506166e-05	1.8218880891799927
560760	-2.942887	0.116703	1.759625	0.052713	1.823750	5.810258	-0.13820237219333648	5.925925925925925e-05	1.8237321376800537
560880	-2.942064	0.117063	1.760595	0.052757	1.824737	5.815895	-0.13823744878172875	2.6337448559670777e-05	1.8247319459915161
561000	-2.942046	0.117499	1.761023	0.052758	1.825239	5.818388	-0.13827557861804962	3.9506172839506166e-05	1.8252348899841309
561120	-2.942547	0.117606	1.761806	0.052731	1.825751	5.822947	-0.13828760534524917	2.6337448559670777e-05	1.825747013092041
561240	-2.942701	0.118180	1.764110	0.052723	1.827332	5.836374	-0.13833579644560814	3.9506172839506166e-05	1.827326774597168
561360	-2.942593	0.118355	1.763444	0.052729	1.827488	5.832492	-0.13835526034235954	3.9506172839506166e-05	1.8274778127670288
561480	-2.942663	0.119129	1.765468	0.052725	1.829571	5.844305	-0.13842712491750717	5.925925925925925e-05	1.8295570611953735
561600	-2.943669	0.119362	1.766633	0.052672	1.830536	5.851119	-0.13844146877527236	2.6337448559670777e-05	1.8305139541625977
561720	-2.944396	0.119780	1.767086	0.052634	1.831665	5.853768	-0.13847922459244727	3.9506172839506166e-05	1.8316384553909302
561840	-2.944813	0.120172	1.767403	0.052612	1.832447	5.855625	-0.13851337879896164	5.925925925925925e-05	1.8324264287948608
561960	-2.944625	0.120644	1.769025	0.052622	1.833947	5.865133	-0.13856071531772612	3.9506172839506166e-05	1.8339391946792603
562080	-2.944896	0.121055	1.769776	0.052608	1.835245	5.869540	-0.13859782963991166	3.9506172839506166e-05	1.8352407217025757
562200	-2.944413	0.121517	1.769880	0.052633	1.835921	5.870147	-0.13864132687449454	3.9506172839506166e-05	1.835919737815857
562320	-2.944131	0.122140	1.770652	0.052648	1.837548	5.874681	-0.13869064897298813	2.6337448559670777e-05	1.8375284671783447
562440	-2.944702	0.122487	1.772491	0.052618	1.838783	5.885499	-0.1387238621711731	3.9506172839506166e-05	1.8387755155563354
562560	-2.945614	0.122840	1.773440	0.052570	1.839982	5.891086	-0.13876319900155068	5.925925925925925e-05	1.839974284172058
562680	-2.945964	0.123562	1.774784	0.052551	1.841767	5.899010	-0.13882005661726	2.6337448559670777e-05	1.8417543172836304
562800	-2.945729	0.124009	1.775043	0.052564	1.842845	5.900532	-0.13885747119784356	5.925925925925925e-05	1.8428183794021606
562920	-2.945397	0.124735	1.776704	0.052581	1.844558	5.910347	-0.13892369270324706	3.9506172839506166e-05	1.8445485830307007
563040	-2.947767	0.124716	1.777574	0.052457	1.844760	5.915488	-0.13892852365970612	3.9506172839506166e-05	1.8447535037994385
563160	-2.949263	0.125280	1.779281	0.052378	1.846373	5.925592	-0.1389724276959896	3.9506172839506166e-05	1.8463517427444458
563280	-2.950664	0.125595	1.780572	0.052305	1.847420	5.933247	-0.13900673985481263	3.9506172839506166e-05	1.847405195236206
563400	-2.950742	0.126508	1.781018	0.052301	1.849256	5.935895	-0.1390843167901039	3.9506172839506166e-05	1.8492485284805298
563520	-2.951949	0.126605	1.780732	0.052238	1.849122	5.934197	-0.13909620866179467	3.9506172839506166e-05	1.849111795425415
563640	-2.953231	0.127281	1.780736	0.052171	1.850325	5.934225	-0.13915834724903106	3.9506172839506166e-05	1.8503156900405884
563760	-2.954117	0.127676	1.781923	0.052125	1.851632	5.941269	-0.1391918420791626	2.6337448559670777e-05	1.8516309261322021
563880	-2.955076	0.128425	1.782009	0.052075	1.853055	5.941780	-0.13925876542925836	2.6337448559670777e-05	1.8530470132827759
564000	-2.955265	0.129133	1.782389	0.052065	1.854699	5.944042	-0.13931625187397004	1.7558299039780518e-05	1.8546773195266724
564120	-2.955549	0.129549	1.784313	0.052050	1.855755	5.955490	-0.1393633410334587	3.9506172839506166e-05	1.8557519912719727
564240	-2.955131	0.130164	1.785156	0.052072	1.857175	5.960509	-0.13941515982151031	2.6337448559670777e-05	1.8571653366088867
564360	-2.954567	0.130719	1.785903	0.052101	1.858286	5.964964	-0.13946012333035468	2.6337448559670777e-05	1.8582717180252075
564480	-2.954839	0.131076	1.786216	0.052087	1.859160	5.966831	-0.13949865698814393	1.7558299039780518e-05	1.859156608581543
564600	-2.954932	0.131500	1.787839	0.052082	1.860471	5.976522	-0.139533868432045	3.9506172839506166e-05	1.8604589700698853
564720	-2.956161	0.131887	1.789789	0.052018	1.861688	5.988188	-0.13956597372889518	5.925925925925925e-05	1.8616583347320557
564840	-2.958073	0.132433	1.790301	0.051919	1.862995	5.991253	-0.13962299302220343	3.9506172839506166e-05	1.8629941940307617
564960	-2.958806	0.132882	1.790101	0.051881	1.863998	5.990058	-0.13965803757309914	3.9506172839506166e-05	1.8639874458312988
565080	-2.959630	0.133360	1.790721	0.051838	1.865547	5.993773	-0.1397007569670677	3.9506172839506166e-05	1.8655376434326172
565200	-2.960166	0.133598	1.790774	0.051810	1.866015	5.994092	-0.1397220104932785	2.6337448559670777e-05	1.8659939765930176
565320	-2.960569	0.134284	1.792061	0.051789	1.867862	6.001812	-0.13978632390499116	3.9506172839506166e-05	1.867857813835144
565440	-2.960446	0.135048	1.793532	0.051796	1.869496	6.010647	-0.13984959796071053	2.6337448559670777e-05	1.8694716691970825
565560	-2.959997	0.135841	1.794537	0.051819	1.871142	6.016690	-0.13992465659976006	1.7558299039780518e-05	1.871130347251892
565680	-2.960746	0.136181	1.795211	0.051780	1.871805	6.020745	-0.13995505049824714	1.7558299039780518e-05	1.8717950582504272
565800	-2.962557	0.136324	1.796003	0.051687	1.872040	6.025512	-0.13997165039181708	5.925925925925925e-05	1.8720303773880005
565920	-2.961920	0.136930	1.795628	0.051719	1.873104	6.023257	-0.1400218315422535	2.6337448559670777e-05	1.8730908632278442
566040	-2.962245	0.137600	1.796000	0.051703	1.874638	6.025499	-0.1400871329009533	3.9506172839506166e-05	1.8746247291564941
566160	-2.963241	0.138483	1.798665	0.051651	1.877135	6.041579	-0.14016242250800132	3.9506172839506166e-05	1.877129077911377
566280	-2.962362	0.139278	1.799679	0.051697	1.878788	6.047706	-0.1402299165725708	2.6337448559670777e-05	1.87876558303833
566400	-2.962590	0.140192	1.800042	0.051685	1.880283	6.049900	-0.1403127759695053	3.9506172839506166e-05	1.8802640438079834
566520	-2.962018	0.140763	1.801666	0.051714	1.882263	6.059734	-0.1403553642332554	5.925925925925925e-05	1.8822028636932373
566640	-2.962833	0.141500	1.803510	0.051672	1.884339	6.070916	-0.14043171107769012	3.9506172839506166e-05	1.884312391281128
566760	-2.963922	0.141864	1.803834	0.051616	1.885368	6.072889	-0.14046820923686026	3.9506172839506166e-05	1.8853576183319092
566880	-2.965972	0.142321	1.804802	0.051510	1.886835	6.078769	-0.14051034972071647	3.9506172839506166e-05	1.886818528175354
567000	-2.967402	0.142723	1.805749	0.051437	1.888028	6.084526	-0.1405440464615822	2.6337448559670777e-05	1.8880131244659424
567120	-2.967482	0.143452	1.807883	0.051433	1.889894	6.097523	-0.1405986562371254	3.9506172839506166e-05	1.8898513317108154
567240	-2.968090	0.143884	1.807396	0.051401	1.890781	6.094556	-0.14064720571041106	3.9506172839506166e-05	1.890764594078064
567360	-2.969129	0.144205	1.807776	0.051348	1.891602	6.096871	-0.1406783416867256	2.6337448559670777e-05	1.8915951251983643
567480	-2.969616	0.144690	1.808459	0.051323	1.892682	6.101037	-0.1407260924577713	3.9506172839506166e-05	1.8926764726638794
567600	-2.969697	0.144949	1.809123	0.051319	1.893054	6.105093	-0.14074639454483986	3.9506172839506166e-05	1.8930429220199585
567720	-2.969958	0.145612	1.809827	0.051305	1.894066	6.109392	-0.140803112834692	2.6337448559670777e-05	1.8940551280975342
567840	-2.969748	0.146410	1.811121	0.051316	1.895307	6.117301	-0.14087629988789557	3.9506172839506166e-05	1.8953007459640503
567960	-2.969193	0.147100	1.811858	0.051345	1.896497	6.121814	-0.140932659804821	2.6337448559670777e-05	1.8964787721633911
568080	-2.968243	0.148171	1.814835	0.051394	1.899047	6.140061	-0.1410348117351532	1.7558299039780518e-05	1.8990349769592285
568200	-2.970182	0.148259	1.815727	0.051294	1.899680	6.145545	-0.14104739725589752	3.9506172839506166e-05	1.8996772766113281
568320	-2.970720	0.148793	1.816979	0.051266	1.900860	6.153243	-0.14108638241887092	3.9506172839506166e-05	1.9008419513702393
568440	-2.971054	0.149365	1.817636	0.051249	1.901992	6.157287	-0.14114413484930993	2.6337448559670777e-05	1.901986002922058
568560	-2.971276	0.149521	1.818519	0.051238	1.902025	6.162725	-0.1411621853709221	5.925925925925925e-05	1.9020206928253174
568680	-2.971669	0.149751	1.820901	0.051218	1.903088	6.177421	-0.14117751121520997	2.6337448559670777e-05	1.9030746221542358
568800	-2.971950	0.150122	1.820889	0.051203	1.903451	6.177345	-0.14121192321181297	1.7558299039780518e-05	1.9034425020217896
568920	-2.972182	0.150937	1.821486	0.051191	1.904928	6.181035	-0.14128595516085624	3.9506172839506166e-05	1.904919147491455
569040	-2.971252	0.151546	1.821673	0.051239	1.906136	6.182192	-0.14134229794144632	3.9506172839506166e-05	1.906137466430664
569160	-2.970606	0.152258	1.821371	0.051272	1.907472	6.180324	-0.1413966067135334	5.925925925925925e-05	1.9074476957321167
569280	-2.970816	0.152638	1.822083	0.051261	1.908157	6.184729	-0.1414384849369526	5.925925925925925e-05	1.9081428050994873
569400	-2.969926	0.153716	1.823687	0.051307	1.910485	6.194657	-0.14152520298957824	3.9506172839506166e-05	1.9104595184326172
569520	-2.971167	0.154490	1.825551	0.051243	1.912570	6.206212	-0.1416080817580223	3.9506172839506166e-05	1.912563443183899
569640	-2.970817	0.155136	1.826408	0.051261	1.913918	6.211537	-0.14166199415922165	3.9506172839506166e-05	1.9139004945755005
569760	-2.971119	0.155779	1.826588	0.051246	1.915471	6.212652	-0.14171972796320914	3.9506172839506166e-05	1.9154640436172485
569880	-2.973288	0.156243	1.827638	0.051135	1.917318	6.219178	-0.14176535308361055	3.9506172839506166e-05	1.9173086881637573
570000	-2.973975	0.156855	1.828699	0.051100	1.918802	6.225780	-0.14181057438254357	3.9506172839506166e-05	1.9187804460525513
570120	-2.972696	0.157778	1.829644	0.051165	1.920454	6.231669	-0.14189406409859656	2.6337448559670777e-05	1.920440912246704
570240	-2.973048	0.158413	1.830227	0.051147	1.921553	6.235305	-0.14195479825139046	3.9506172839506166e-05	1.9215341806411743
570360	-2.973225	0.159042	1.830425	0.051138	1.923182	6.236536	-0.142012158036232	3.9506172839506166e-05	1.9231584072113037
570480	-2.973979	0.159352	1.830514	0.051100	1.923995	6.237091	-0.14203973338007927	3.9506172839506166e-05	1.923974633216858
570600	-2.974092	0.159845	1.830747	0.051094	1.924934	6.238545	-0.1420861676335335	2.6337448559670777e-05	1.9249228239059448
570720	-2.974308	0.159897	1.830877	0.051083	1.925155	6.239355	-0.1420980341732502	3.9506172839506166e-05	1.9251633882522583
570840	-2.974557	0.160222	1.831448	0.051070	1.925696	6.242921	-0.1421280212700367	3.9506172839506166e-05	1.9257065057754517
570960	-2.975800	0.160611	1.831455	0.051007	1.926625	6.242963	-0.14215570017695428	2.6337448559670777e-05	1.926615834236145
571080	-2.975476	0.160912	1.831951	0.051023	1.927589	6.246061	-0.14218183606863022	3.9506172839506166e-05	1.9275832176208496
571200	-2.976761	0.161135	1.832422	0.050958	1.928159	6.249004	-0.14220422878861427	3.9506172839506166e-05	1.9281476736068726
571320	-2.977005	0.161815	1.833128	0.050945	1.929493	6.253415	-0.14226507097482682	3.9506172839506166e-05	1.9294899702072144
571440	-2.977168	0.162284	1.833990	0.050937	1.930531	6.258811	-0.1423110380768776	3.9506172839506166e-05	1.930538296699524
571560	-2.978261	0.162552	1.833770	0.050881	1.930785	6.257432	-0.1423320896923542	2.6337448559670777e-05	1.9307821989059448
571680	-2.977855	0.163003	1.834616	0.050902	1.931670	6.262730	-0.142368071526289	3.9506172839506166e-05	1.931658148765564
571800	-2.977332	0.163570	1.834781	0.050929	1.932287	6.263762	-0.14241940453648566	2.6337448559670777e-05	1.9322763681411743
571920	-2.977881	0.164111	1.835090	0.050901	1.933781	6.265701	-0.14246802404522896	2.6337448559670777e-05	1.9337612390518188
572040	-2.976655	0.165189	1.837134	0.050963	1.936137	6.278517	-0.1425672061741352	3.9506172839506166e-05	1.936135172843933
572160	-2.976321	0.165568	1.837337	0.050980	1.936847	6.279795	-0.1426069237291813	3.9506172839506166e-05	1.9368516206741333
572280	-2.976321	0.166047	1.837874	0.050980	1.938169	6.283167	-0.14264739006757737	3.9506172839506166e-05	1.9381741285324097
572400	-2.975998	0.166597	1.838953	0.050997	1.939317	6.289952	-0.14269703775644302	3.9506172839506166e-05	1.9393177032470703
572520	-2.976162	0.166945	1.840154	0.050988	1.940114	6.297508	-0.14272383153438567	3.9506172839506166e-05	1.9400999546051025
572640	-2.977143	0.167482	1.840114	0.050938	1.940810	6.297255	-0.14276744648814202	2.6337448559670777e-05	1.9407858848571777
572760	-2.976618	0.167914	1.840411	0.050965	1.941756	6.299128	-0.14282307922840118	3.9506172839506166e-05	1.9417738914489746
572880	-2.976621	0.168560	1.841224	0.050965	1.943304	6.304249	-0.14286795184016227	3.9506172839506166e-05	1.9432930946350098
573000	-2.976604	0.169095	1.841753	0.050966	1.944641	6.307588	-0.14291887655854224	2.6337448559670777e-05	1.9446351528167725
573120	-2.975920	0.169799	1.841407	0.051000	1.945365	6.305402	-0.14297687411308288	3.9506172839506166e-05	1.9453529119491577
573240	-2.976160	0.170670	1.842600	0.050988	1.947208	6.312932	-0.14304940700531005	3.9506172839506166e-05	1.947171926498413
573360	-2.977037	0.171326	1.844897	0.050944	1.949356	6.327446	-0.14311726689338683	5.925925925925925e-05	1.9493329524993896
573480	-2.978069	0.171847	1.846493	0.050891	1.950885	6.337558	-0.14316851273179054	2.6337448559670777e-05	1.9508744478225708
573600	-2.977334	0.172197	1.847113	0.050928	1.951417	6.341486	-0.14319689497351645	2.6337448559670777e-05	1.9514061212539673
573720	-2.976492	0.172606	1.847922	0.050971	1.952285	6.346620	-0.14323424100875853	3.9506172839506166e-05	1.9522733688354492
573840	-2.976762	0.173260	1.849282	0.050958	1.953727	6.355254	-0.14329466521739959	2.6337448559670777e-05	1.9537183046340942
573960	-2.977598	0.173712	1.850715	0.050915	1.955022	6.364367	-0.14333468824625015	2.6337448559670777e-05	1.9550102949142456
574080	-2.977854	0.174203	1.850606	0.050902	1.955597	6.363677	-0.14337891563773156	2.6337448559670777e-05	1.9555935859680176
574200	-2.977467	0.174628	1.852041	0.050922	1.956933	6.372815	-0.14341788068413736	3.9506172839506166e-05	1.9569226503372192
574320	-2.977350	0.175197	1.853299	0.050928	1.958537	6.380837	-0.14346665665507316	3.9506172839506166e-05	1.9585291147232056
574440	-2.977978	0.175603	1.853718	0.050896	1.959500	6.383512	-0.14349953085184097	3.9506172839506166e-05	1.9594794511795044
574560	-2.980152	0.175960	1.854315	0.050785	1.960770	6.387320	-0.1435399390757084	5.925925925925925e-05	1.9607712030410767
574680	-2.981176	0.176189	1.855153	0.050733	1.961345	6.392677	-0.14355954453349112	3.9506172839506166e-05	1.9613404273986816
574800	-2.980172	0.176676	1.856025	0.050784	1.962656	6.398252	-0.14360170736908912	3.9506172839506166e-05	1.9626526832580566
574920	-2.979482	0.177281	1.856619	0.050819	1.963616	6.402058	-0.1436585620045662	2.6337448559670777e-05	1.96361243724823
575040	-2.979612	0.177694	1.857625	0.050813	1.964706	6.408501	-0.1436930038034916	2.6337448559670777e-05	1.9646918773651123
575160	-2.978911	0.178362	1.858994	0.050848	1.966333	6.417281	-0.14375477507710457	3.9506172839506166e-05	1.9663296937942505
575280	-2.978739	0.178921	1.860105	0.050857	1.967801	6.424408	-0.14379921108484267	3.9506172839506166e-05	1.9677850008010864
575400	-2.979858	0.179180	1.860764	0.050800	1.968966	6.428649	-0.14382777810096742	2.6337448559670777e-05	1.9689617156982422
575520	-2.981183	0.179335	1.861041	0.050733	1.968995	6.430429	-0.14384397938847543	1.7558299039780518e-05	1.9689964056015015
575640	-2.982083	0.179717	1.861652	0.050687	1.970372	6.434357	-0.14387663453817368	2.6337448559670777e-05	1.9703706502914429
575760	-2.982997	0.179940	1.861919	0.050641	1.971032	6.436077	-0.14389823898673057	3.9506172839506166e-05	1.9710248708724976
575880	-2.982656	0.180429	1.863808	0.050658	1.972653	6.448243	-0.1439362309873104	3.9506172839506166e-05	1.972638487815857
576000	-2.982081	0.181213	1.865480	0.050687	1.974662	6.459033	-0.1440044641494751	2.6337448559670777e-05	1.9746407270431519
576120	-2.983130	0.181573	1.865758	0.050634	1.975776	6.460830	-0.14404313564300536	2.6337448559670777e-05	1.9757623672485352
576240	-2.983347	0.182124	1.865826	0.050623	1.977099	6.461271	-0.14409069418907167	1.7558299039780518e-05	1.9770901203155518
576360	-2.983396	0.182920	1.868376	0.050621	1.979579	6.477767	-0.14415869116783142	2.6337448559670777e-05	1.9795570373535156
576480	-2.983933	0.183169	1.869256	0.050593	1.980218	6.483468	-0.14418508484959602	2.6337448559670777e-05	1.98020601272583
576600	-2.984688	0.183198	1.869783	0.050555	1.981028	6.486892	-0.14419154077768326	2.6337448559670777e-05	1.9810224771499634
576720	-2.985597	0.183349	1.871122	0.050509	1.981954	6.495581	-0.1442040354013443	5.925925925925925e-05	1.9819408655166626
576840	-2.985615	0.183658	1.871216	0.050508	1.982599	6.496192	-0.14423307478427888	3.9506172839506166e-05	1.9825921058654785
576960	-2.986265	0.183859	1.871812	0.050476	1.983507	6.500066	-0.14425522983074188	3.9506172839506166e-05	1.9834966659545898
577080	-2.985574	0.185170	1.872811	0.050510	1.986166	6.506561	-0.14435767158865928	3.9506172839506166e-05	1.986147403717041
577200	-2.985937	0.185796	1.874153	0.050492	1.987877	6.515299	-0.14442094713449477	3.9506172839506166e-05	1.987862467765808
577320	-2.985895	0.186172	1.875106	0.050494	1.989115	6.521509	-0.1444477379322052	3.9506172839506166e-05	1.9890751838684082
577440	-2.985267	0.186571	1.876082	0.050526	1.990355	6.527878	-0.14449734017252922	2.6337448559670777e-05	1.990356206893921
577560	-2.985792	0.186665	1.875799	0.050499	1.990533	6.526028	-0.1445046678185463	2.6337448559670777e-05	1.9905308485031128
577680	-2.985103	0.187098	1.875981	0.050534	1.991249	6.527221	-0.14454003497958184	3.9506172839506166e-05	1.9912445545196533
577800	-2.985544	0.187245	1.876467	0.050512	1.992282	6.530391	-0.14455786421895028	3.9506172839506166e-05	1.9922771453857422
577920	-2.985281	0.187421	1.877603	0.050525	1.992960	6.537813	-0.14456913471221924	3.9506172839506166e-05	1.99295175075531
578040	-2.986784	0.187362	1.877992	0.050449	1.993431	6.540357	-0.1445621557533741	1.7558299039780518e-05	1.9934145212173462
578160	-2.987478	0.188000	1.879411	0.050414	1.995487	6.549647	-0.14461810365319253	3.9506172839506166e-05	1.9954668283462524
578280	-2.988159	0.188621	1.879520	0.050380	1.996806	6.550360	-0.14467764049768447	3.9506172839506166e-05	1.9967988729476929
578400	-2.989451	0.188991	1.879718	0.050315	1.998060	6.551659	-0.14471148401498796	3.9506172839506166e-05	1.9980497360229492
578520	-2.989855	0.189893	1.880311	0.050295	1.999963	6.555542	-0.14479363709688187	2.6337448559670777e-05	1.9999557733535767
578640	-2.989939	0.190334	1.880184	0.050290	2.000655	6.554711	-0.1448270335793495	3.9506172839506166e-05	2.000633955001831
578760	-2.989873	0.190912	1.880489	0.050294	2.001888	6.556709	-0.1448831744492054	3.9506172839506166e-05	2.0018815994262695
578880	-2.990137	0.191542	1.881656	0.050281	2.003324	6.564369	-0.14493941739201546	3.9506172839506166e-05	2.0033137798309326
579000	-2.989529	0.192379	1.882430	0.050311	2.005220	6.569447	-0.14501044750213624	3.9506172839506166e-05	2.005202293395996
579120	-2.989910	0.192664	1.883353	0.050292	2.005942	6.575517	-0.145039252191782	2.6337448559670777e-05	2.005922317504883
579240	-2.988917	0.193625	1.885036	0.050342	2.008228	6.586590	-0.14511991739273072	3.9506172839506166e-05	2.0082077980041504
579360	-2.989546	0.193956	1.884684	0.050310	2.008597	6.584276	-0.14516395553946496	5.925925925925925e-05	2.0086114406585693
579480	-2.990224	0.194269	1.885314	0.050276	2.009536	6.588425	-0.14518579542636872	2.6337448559670777e-05	2.009531259536743
579600	-2.989090	0.194596	1.885253	0.050333	2.010046	6.588024	-0.14521652683615685	3.9506172839506166e-05	2.010052442550659
579720	-2.988627	0.195136	1.886049	0.050357	2.011173	6.593265	-0.14525974467396735	2.6337448559670777e-05	2.011162519454956
579840	-2.988605	0.195417	1.887082	0.050358	2.012216	6.600079	-0.14528870433568955	2.6337448559670777e-05	2.0122132301330566
579960	-2.988579	0.195816	1.887524	0.050359	2.013321	6.603000	-0.14532183483242989	1.1705532693187011e-05	2.013312578201294
580080	-2.988258	0.196369	1.888467	0.050375	2.014517	6.609227	-0.14537574648857116	3.9506172839506166e-05	2.01450514793396
580200	-2.987945	0.196750	1.889265	0.050391	2.015720	6.614506	-0.1454099550843239	2.6337448559670777e-05	2.0157084465026855
580320	-2.988003	0.197192	1.889797	0.050388	2.016773	6.618026	-0.14544618278741836	2.6337448559670777e-05	2.0167622566223145
580440	-2.987819	0.197656	1.890383	0.050397	2.017907	6.621902	-0.14549219757318496	3.9506172839506166e-05	2.0179057121276855
580560	-2.988331	0.198176	1.891815	0.050371	2.019214	6.631396	-0.1455300532281399	3.9506172839506166e-05	2.019193172454834
580680	-2.989169	0.198495	1.892466	0.050329	2.020231	6.635710	-0.14556320607662201	3.9506172839506166e-05	2.0202183723449707
580800	-2.989595	0.198907	1.893589	0.050308	2.021010	6.643165	-0.14560089334845544	3.9506172839506166e-05	2.020998954772949
580920	-2.989697	0.199509	1.894598	0.050303	2.022465	6.649873	-0.14565759599208833	3.9506172839506166e-05	2.022444486618042
581040	-2.990272	0.199967	1.895393	0.050274	2.023914	6.655161	-0.14569482132792472	3.9506172839506166e-05	2.023900270462036
581160	-2.990485	0.200671	1.896845	0.050263	2.025318	6.664832	-0.14575948864221572	1.7558299039780518e-05	2.025308132171631
581280	-2.990825	0.201164	1.895847	0.050246	2.025761	6.658186	-0.145804051309824	3.9506172839506166e-05	2.0257503986358643
581400	-2.990160	0.201552	1.895831	0.050279	2.026571	6.658079	-0.1458423003554344	3.9506172839506166e-05	2.0265681743621826
581520	-2.989998	0.202138	1.895627	0.050288	2.027742	6.656723	-0.14588962271809577	3.9506172839506166e-05	2.02773380279541
581640	-2.989563	0.202638	1.896506	0.050309	2.028810	6.662578	-0.1459404043853283	2.6337448559670777e-05	2.028805732727051
581760	-2.989397	0.203404	1.897021	0.050318	2.030433	6.666009	-0.1460042804479599	1.7558299039780518e-05	2.030419111251831
581880	-2.989263	0.204191	1.899179	0.050325	2.032536	6.680406	-0.14607512727379798	2.6337448559670777e-05	2.0325260162353516
582000	-2.989024	0.204864	1.899490	0.050337	2.033807	6.682487	-0.14614369198679925	2.6337448559670777e-05	2.0338120460510254
582120	-2.989593	0.205260	1.899382	0.050308	2.034514	6.681766	-0.14617071375250817	3.9506172839506166e-05	2.034489154815674
582240	-2.988683	0.205745	1.899361	0.050354	2.035379	6.681621	-0.14621609598398208	3.9506172839506166e-05	2.035365343093872
582360	-2.988364	0.206421	1.899936	0.050370	2.036800	6.685468	-0.14628111943602562	5.925925925925925e-05	2.036803960800171
582480	-2.988928	0.206817	1.900244	0.050341	2.037595	6.687525	-0.14630754739046098	2.6337448559670777e-05	2.037576198577881
582600	-2.989335	0.207114	1.900783	0.050321	2.038229	6.691132	-0.14634088501334191	3.9506172839506166e-05	2.038210391998291
582720	-2.990623	0.207146	1.901560	0.050256	2.038712	6.696331	-0.14634776562452317	3.9506172839506166e-05	2.0387074947357178
582840	-2.990009	0.208030	1.902130	0.050287	2.040345	6.700150	-0.14641800224781037	3.9506172839506166e-05	2.040339231491089
582960	-2.990137	0.208765	1.901833	0.050281	2.041484	6.698163	-0.14648804143071176	3.9506172839506166e-05	2.0414750576019287
583080	-2.990427	0.209062	1.902743	0.050266	2.042899	6.704258	-0.1465170845389366	1.7558299039780518e-05	2.0428946018218994
583200	-2.990725	0.209235	1.902885	0.050251	2.043021	6.705211	-0.14653721451759338	2.6337448559670777e-05	2.0430312156677246
583320	-2.989990	0.209958	1.904106	0.050288	2.044582	6.713407	-0.14659221842885017	2.6337448559670777e-05	2.0445587635040283
583440	-2.989628	0.210642	1.903837	0.050306	2.045830	6.711598	-0.14665927588939667	3.9506172839506166e-05	2.0458285808563232
583560	-2.990013	0.211300	1.904698	0.050287	2.047493	6.717379	-0.1467196948826313	2.6337448559670777e-05	2.047485589981079
583680	-2.989127	0.211549	1.905377	0.050331	2.048277	6.721941	-0.14673330411314964	2.6337448559670777e-05	2.048246383666992
583800	-2.989078	0.212055	1.904881	0.050334	2.049199	6.718610	-0.14678761288523673	3.9506172839506166e-05	2.0491931438446045
583920	-2.989990	0.212620	1.906031	0.050288	2.050479	6.726342	-0.1468348741531372	1.7558299039780518e-05	2.050468921661377
584040	-2.990491	0.213007	1.907565	0.050263	2.051482	6.736669	-0.14687739089131355	5.925925925925925e-05	2.0514719486236572
584160	-2.990485	0.213597	1.908875	0.050263	2.053248	6.745494	-0.14691514000296593	3.9506172839506166e-05	2.0532162189483643
584280	-2.990811	0.214263	1.908065	0.050247	2.054458	6.740033	-0.14698078408837317	3.9506172839506166e-05	2.0544424057006836
584400	-2.991778	0.214977	1.909690	0.050198	2.056273	6.750995	-0.14704707860946656	3.9506172839506166e-05	2.0562655925750732
584520	-2.992929	0.215454	1.911219	0.050140	2.057934	6.761323	-0.1470927841961384	3.9506172839506166e-05	2.0579192638397217
584640	-2.994311	0.215742	1.912771	0.050071	2.059237	6.771827	-0.14711747244000434	2.6337448559670777e-05	2.059225082397461
584760	-2.993120	0.216592	1.912774	0.050131	2.060728	6.771848	-0.14719073623418807	3.9506172839506166e-05	2.060720205307007
584880	-2.994066	0.217134	1.911969	0.050083	2.061696	6.766397	-0.14724123030900954	3.9506172839506166e-05	2.061687469482422
585000	-2.993784	0.217875	1.912761	0.050097	2.063319	6.771759	-0.14731176048517228	2.6337448559670777e-05	2.0633113384246826
585120	-2.993872	0.217990	1.914449	0.050093	2.064117	6.783201	-0.14732178151607514	3.9506172839506166e-05	2.0640923976898193
585240	-2.994741	0.218420	1.915120	0.050050	2.065305	6.787757	-0.1473621018230915	3.9506172839506166e-05	2.065298557281494
585360	-2.994554	0.219276	1.915940	0.050059	2.067302	6.793322	-0.14743426591157913	2.6337448559670777e-05	2.067296266555786
585480	-2.994225	0.219992	1.915755	0.050075	2.068740	6.792062	-0.14750142619013787	2.6337448559670777e-05	2.0687365531921387
585600	-2.994182	0.220680	1.916869	0.050078	2.070541	6.799634	-0.14756380915641784	3.9506172839506166e-05	2.070539712905884
585720	-2.997107	0.221195	1.917370	0.049931	2.072712	6.803045	-0.14760937318205833	3.9506172839506166e-05	2.0727033615112305
585840	-2.996083	0.221599	1.917492	0.049982	2.073553	6.803873	-0.14764596670866012	2.6337448559670777e-05	2.0735490322113037
585960	-2.996788	0.222367	1.918732	0.049947	2.075545	6.812314	-0.147713540494442	5.925925925925925e-05	2.075540781021118
586080	-2.998110	0.222827	1.919741	0.049881	2.076796	6.819192	-0.14775600656867027	1.7558299039780518e-05	2.0767929553985596
586200	-2.998237	0.223534	1.921380	0.049875	2.078626	6.830375	-0.14781865626573562	3.9506172839506166e-05	2.0786147117614746
586320	-2.997629	0.223929	1.921734	0.049905	2.079364	6.832795	-0.14785258322954178	3.9506172839506166e-05	2.0793471336364746
586440	-2.996691	0.224578	1.921807	0.049952	2.080461	6.833296	-0.14791382998228073	3.9506172839506166e-05	2.0804481506347656
586560	-2.996989	0.224765	1.922616	0.049937	2.081171	6.838822	-0.1479322448372841	3.9506172839506166e-05	2.081165075302124
586680	-2.996743	0.225243	1.923633	0.049950	2.082317	6.845784	-0.14796766340732576	2.6337448559670777e-05	2.082296371459961
586800	-2.997343	0.225624	1.924593	0.049920	2.083399	6.852361	-0.14800542145967482	3.9506172839506166e-05	2.0833795070648193
586920	-2.997158	0.226023	1.925395	0.049929	2.084677	6.857860	-0.1480422295629978	2.6337448559670777e-05	2.0846734046936035
587040	-2.996015	0.226702	1.925702	0.049986	2.086010	6.859962	-0.1481037348508835	3.9506172839506166e-05	2.0859925746917725
587160	-2.995500	0.227732	1.926098	0.050012	2.088253	6.862679	-0.14818993210792542	1.7558299039780518e-05	2.0882363319396973
587280	-2.994381	0.228501	1.927920	0.050068	2.089987	6.875196	-0.1482601821422577	3.9506172839506166e-05	2.089965343475342
587400	-2.994903	0.228900	1.928381	0.050042	2.090800	6.878366	-0.14830252081155776	2.6337448559670777e-05	2.0907890796661377
587520	-2.995062	0.229688	1.930097	0.050034	2.092943	6.890181	-0.14837440401315688	3.9506172839506166e-05	2.092940092086792
587640	-2.995048	0.230379	1.931575	0.050034	2.094510	6.900369	-0.1484260268509388	2.6337448559670777e-05	2.094480037689209
587760	-2.995388	0.230945	1.932949	0.050017	2.096655	6.909856	-0.14848720282316208	2.6337448559670777e-05	2.0966453552246094
587880	-2.995814	0.231219	1.933846	0.049996	2.097793	6.916061	-0.1485094718635082	3.9506172839506166e-05	2.0977776050567627
588000	-2.997320	0.231688	1.935010	0.049921	2.099399	6.924114	-0.14855163916945457	3.9506172839506166e-05	2.0993731021881104
588120	-2.998596	0.232078	1.934867	0.049857	2.100322	6.923123	-0.14859033674001693	2.6337448559670777e-05	2.1003167629241943
588240	-2.998676	0.232584	1.936463	0.049853	2.101834	6.934184	-0.14862841963768006	3.9506172839506166e-05	2.1018009185791016
588360	-2.998995	0.233133	1.937232	0.049837	2.103277	6.939519	-0.14868348315358162	2.6337448559670777e-05	2.103269577026367
588480	-2.997947	0.233852	1.938449	0.049889	2.105084	6.947963	-0.148736559599638	3.9506172839506166e-05	2.1050491333007812
588600	-2.998702	0.234193	1.939006	0.049852	2.106275	6.951838	-0.14878008440136908	1.7558299039780518e-05	2.1062710285186768
588720	-2.997318	0.235028	1.938914	0.049921	2.107962	6.951201	-0.14884238988161086	5.925925925925925e-05	2.107933759689331
588840	-2.998047	0.235539	1.938600	0.049884	2.109110	6.949013	-0.14890328124165536	3.9506172839506166e-05	2.1091043949127197
588960	-2.998703	0.235841	1.938937	0.049852	2.109727	6.951359	-0.14893100112676622	3.9506172839506166e-05	2.1097323894500732
589080	-2.998707	0.236439	1.939192	0.049851	2.111049	6.953131	-0.1489782989025116	1.1705532693187011e-05	2.111041784286499
589200	-2.998879	0.236715	1.939926	0.049843	2.111667	6.958235	-0.14900340735912324	1.7558299039780518e-05	2.111659526824951
589320	-2.999239	0.237281	1.940513	0.049825	2.113172	6.962319	-0.14905475154519082	5.925925925925925e-05	2.113145112991333
589440	-2.998912	0.237915	1.942044	0.049841	2.114996	6.972992	-0.14911737889051438	3.9506172839506166e-05	2.1149861812591553
589560	-2.999328	0.238468	1.942932	0.049821	2.116555	6.979185	-0.14915667995810508	2.6337448559670777e-05	2.116535186767578
589680	-2.998595	0.239184	1.944059	0.049857	2.118171	6.987054	-0.14922734200954438	2.6337448559670777e-05	2.118163824081421
589800	-2.997622	0.239943	1.945009	0.049906	2.119780	6.993695	-0.14929539635777472	3.9506172839506166e-05	2.1197686195373535
589920	-2.998469	0.240425	1.946514	0.049863	2.121021	7.004226	-0.14933114647865295	1.7558299039780518e-05	2.120997190475464
590040	-2.998436	0.241061	1.947712	0.049865	2.122043	7.012625	-0.14939177334308623	2.6337448559670777e-05	2.122025966644287
590160	-2.998049	0.241574	1.948832	0.049884	2.123049	7.020483	-0.14944229125976563	2.6337448559670777e-05	2.123035192489624
590280	-2.997301	0.242040	1.948174	0.049922	2.123962	7.015867	-0.14947778955101967	3.9506172839506166e-05	2.1239378452301025
590400	-2.997105	0.242815	1.949522	0.049931	2.125861	7.025332	-0.14954533725976943	2.6337448559670777e-05	2.1258294582366943
590520	-2.997605	0.243123	1.950076	0.049906	2.127107	7.029219	-0.14958721175789833	3.9506172839506166e-05	2.1271090507507324
590640	-2.997814	0.243359	1.948947	0.049896	2.127555	7.021294	-0.1496060810983181	2.6337448559670777e-05	2.127546787261963
590760	-2.997488	0.244345	1.949925	0.049912	2.130060	7.028163	-0.14969139993190766	2.6337448559670777e-05	2.1300535202026367
590880	-2.998241	0.244812	1.951408	0.049875	2.131747	7.038588	-0.14973599314689637	3.9506172839506166e-05	2.1317410469055176
591000	-2.998462	0.245168	1.951718	0.049864	2.132548	7.040771	-0.14976538643240928	3.9506172839506166e-05	2.132532835006714
591120	-2.999106	0.245668	1.951377	0.049832	2.133520	7.038371	-0.14981057941913606	3.9506172839506166e-05	2.1335062980651855
591240	-2.999667	0.246467	1.951545	0.049804	2.135175	7.039553	-0.14988116398453713	2.6337448559670777e-05	2.1351563930511475
591360	-3.000106	0.247020	1.952806	0.049782	2.136785	7.048439	-0.1499310053884983	3.9506172839506166e-05	2.136758804321289
591480	-3.000588	0.247286	1.953357	0.049758	2.137568	7.052325	-0.14995753318071364	3.9506172839506166e-05	2.1375622749328613
591600	-3.000687	0.247706	1.953723	0.049753	2.138776	7.054904	-0.14999052584171296	3.9506172839506166e-05	2.1387417316436768
591720	-3.001120	0.248191	1.955484	0.049731	2.140361	7.067336	-0.1500336080789566	2.6337448559670777e-05	2.140343189239502
591840	-3.000785	0.248593	1.955592	0.049748	2.141556	7.068099	-0.1500686913728714	3.9506172839506166e-05	2.141535520553589
591960	-3.001400	0.249093	1.957023	0.049717	2.143062	7.078224	-0.1501203492283821	3.9506172839506166e-05	2.143040418624878
592080	-3.001637	0.249873	1.957905	0.049706	2.144742	7.084472	-0.15018598213791848	3.9506172839506166e-05	2.144723653793335
592200	-3.002340	0.250422	1.958678	0.049671	2.146188	7.089948	-0.15023382380604744	3.9506172839506166e-05	2.146167755126953
592320	-3.002838	0.250588	1.959189	0.049646	2.146463	7.093574	-0.15025392919778824	3.9506172839506166e-05	2.146458148956299
592440	-3.002835	0.251089	1.960274	0.049646	2.147902	7.101274	-0.15030222088098527	3.9506172839506166e-05	2.1479010581970215
592560	-3.003214	0.251245	1.961167	0.049627	2.148755	7.107618	-0.15031953826546668	2.6337448559670777e-05	2.1487526893615723
592680	-3.003791	0.251591	1.961884	0.049599	2.150117	7.112715	-0.15034540966153145	2.6337448559670777e-05	2.150115489959717
592800	-3.002902	0.252210	1.963298	0.049643	2.151733	7.122777	-0.15039896517992019	3.9506172839506166e-05	2.1517093181610107
592920	-3.002105	0.252622	1.964833	0.049682	2.153031	7.133719	-0.15044043064117432	3.9506172839506166e-05	2.153029203414917
593040	-3.003956	0.252896	1.965071	0.049591	2.153949	7.135422	-0.15045906454324723	3.9506172839506166e-05	2.1539266109466553
593160	-3.002528	0.253432	1.966185	0.049661	2.155253	7.143373	-0.15050934329628946	5.925925925925925e-05	2.155245065689087
593280	-3.003431	0.253732	1.967105	0.049617	2.156305	7.149945	-0.15053785368800163	2.6337448559670777e-05	2.1562957763671875
593400	-3.003181	0.254036	1.967191	0.049629	2.156999	7.150566	-0.15056564509868622	3.9506172839506166e-05	2.157003402709961
593520	-3.002815	0.254680	1.966803	0.049647	2.158481	7.147790	-0.15062059462070465	3.9506172839506166e-05	2.1584718227386475
593640	-3.002414	0.255365	1.967300	0.049667	2.159763	7.151345	-0.15068238824605942	2.6337448559670777e-05	2.159752368927002
593760	-3.002826	0.255695	1.966490	0.049647	2.160069	7.145554	-0.1507124610245228	3.9506172839506166e-05	2.160060167312622
593880	-3.002802	0.256039	1.966767	0.049648	2.160582	7.147529	-0.15074300915002822	3.9506172839506166e-05	2.160573720932007
594000	-3.003009	0.256481	1.967463	0.049637	2.162145	7.152506	-0.15078406557440757	3.9506172839506166e-05	2.1621296405792236
594120	-3.002603	0.257032	1.968089	0.049658	2.163280	7.156984	-0.1508321702480316	2.6337448559670777e-05	2.163271427154541
594240	-3.001847	0.257657	1.967841	0.049695	2.164267	7.155213	-0.15088214129209518	2.6337448559670777e-05	2.1642444133758545
594360	-3.000747	0.258412	1.967804	0.049750	2.165612	7.154946	-0.15095719397068025	3.9506172839506166e-05	2.1655943393707275
594480	-3.000988	0.258867	1.968145	0.049738	2.166772	7.157388	-0.15099969431757926	2.6337448559670777e-05	2.1667609214782715
594600	-3.001565	0.259290	1.968953	0.049709	2.168263	7.163172	-0.1510328583419323	2.6337448559670777e-05	2.168239116668701
594720	-3.000648	0.260009	1.969934	0.049755	2.169455	7.170201	-0.15109893903136254	3.9506172839506166e-05	2.1694486141204834
594840	-3.001167	0.260470	1.969257	0.049729	2.170116	7.165352	-0.1511397637426853	5.925925925925925e-05	2.170112371444702
594960	-3.002048	0.261083	1.968882	0.049685	2.171496	7.162663	-0.1512013703584671	1.7558299039780518e-05	2.1714928150177
595080	-3.001598	0.261729	1.969569	0.049708	2.172616	7.167590	-0.15125119537115098	1.7558299039780518e-05	2.1726062297821045
595200	-3.001025	0.262333	1.969532	0.049736	2.173868	7.167323	-0.15130692571401597	3.9506172839506166e-05	2.1738510131835938
595320	-3.001359	0.262670	1.969089	0.049719	2.174875	7.164149	-0.15134133473038675	3.9506172839506166e-05	2.174868583679199
595440	-3.000920	0.263001	1.968796	0.049741	2.175136	7.162046	-0.1513693168759346	3.9506172839506166e-05	2.1751184463500977
595560	-3.001402	0.263417	1.968775	0.049717	2.176751	7.161901	-0.1514109268784523	3.9506172839506166e-05	2.176743745803833
595680	-3.000684	0.263886	1.968853	0.049753	2.177444	7.162457	-0.1514487497508526	2.6337448559670777e-05	2.1774373054504395
595800	-3.000708	0.264216	1.969149	0.049752	2.178655	7.164577	-0.15148321390151978	2.6337448559670777e-05	2.178645133972168
595920	-3.000101	0.264856	1.969408	0.049782	2.180302	7.166436	-0.1515364445745945	1.7558299039780518e-05	2.180291175842285
596040	-2.999837	0.265294	1.969328	0.049795	2.181057	7.165858	-0.1515792965888977	1.7558299039780518e-05	2.1810543537139893
596160	-3.001265	0.265703	1.969691	0.049724	2.181986	7.168460	-0.1516112916171551	3.9506172839506166e-05	2.181966781616211
596280	-3.000906	0.266358	1.970063	0.049742	2.183503	7.171129	-0.15167125910520554	2.6337448559670777e-05	2.1834874153137207
596400	-3.000543	0.266783	1.971416	0.049760	2.184995	7.180838	-0.1517115354537964	2.6337448559670777e-05	2.184983491897583
596520	-3.000332	0.267208	1.971529	0.049771	2.186058	7.181649	-0.15175406783819198	2.6337448559670777e-05	2.186061143875122
596640	-3.000611	0.267768	1.971694	0.049757	2.187575	7.182836	-0.15179131776094437	1.7558299039780518e-05	2.187551736831665
596760	-3.000854	0.268010	1.972728	0.049745	2.188392	7.190261	-0.15182191208004953	3.9506172839506166e-05	2.1883654594421387
596880	-3.001774	0.268201	1.972711	0.049699	2.189057	7.190146	-0.15184000730514527	5.925925925925925e-05	2.1890549659729004
597000	-3.001894	0.268960	1.973527	0.049693	2.190925	7.196013	-0.1519073612987995	7.803688462124674e-06	2.1909213066101074
597120	-3.001790	0.269425	1.972822	0.049698	2.191837	7.190944	-0.15194376334547996	2.6337448559670777e-05	2.1918258666992188
597240	-3.001077	0.269874	1.972149	0.049733	2.192534	7.186103	-0.15198990777134896	2.6337448559670777e-05	2.192521572113037
597360	-3.000715	0.271146	1.974554	0.049752	2.195674	7.203404	-0.15209940299391747	2.6337448559670777e-05	2.1956593990325928
597480	-3.000067	0.271612	1.974617	0.049784	2.196933	7.203860	-0.15214335545897484	2.6337448559670777e-05	2.1969242095947266
597600	-2.999480	0.272060	1.974717	0.049813	2.197994	7.204584	-0.15218888893723487	3.9506172839506166e-05	2.197983741760254
597720	-2.999736	0.272493	1.974998	0.049800	2.199113	7.206603	-0.15222517773509026	3.9506172839506166e-05	2.1991117000579834
597840	-2.999147	0.273274	1.975830	0.049830	2.200977	7.212604	-0.15229528695344924	1.7558299039780518e-05	2.2009685039520264
597960	-2.999436	0.274051	1.976322	0.049815	2.202706	7.216153	-0.1523613728582859	2.6337448559670777e-05	2.2026898860931396
598080	-3.000292	0.274320	1.975799	0.049773	2.203161	7.212379	-0.15239430144429206	3.9506172839506166e-05	2.2031543254852295
598200	-3.000263	0.274829	1.975863	0.049774	2.204499	7.212840	-0.15242920443415642	2.6337448559670777e-05	2.204477071762085
598320	-2.999397	0.275614	1.976331	0.049817	2.206402	7.216220	-0.15250606164336206	2.6337448559670777e-05	2.206394672393799
598440	-2.999355	0.276004	1.976625	0.049819	2.207401	7.218340	-0.15254488661885263	2.6337448559670777e-05	2.207402229309082
598560	-3.000755	0.276518	1.978281	0.049750	2.208855	7.230301	-0.15258240923285485	1.7558299039780518e-05	2.208841323852539
598680	-3.000974	0.276987	1.979237	0.049739	2.209933	7.237219	-0.15262791514396667	3.9506172839506166e-05	2.2099218368530273
598800	-3.001125	0.277652	1.979874	0.049731	2.211708	7.241830	-0.1526815339922905	5.925925925925925e-05	2.2116763591766357
598920	-3.001406	0.278413	1.980013	0.049717	2.214112	7.242837	-0.15275358259677888	3.9506172839506166e-05	2.214094638824463
599040	-3.001033	0.279010	1.981129	0.049736	2.215462	7.250925	-0.15281394347548485	3.9506172839506166e-05	2.215461015701294
599160	-3.000256	0.279533	1.981156	0.049774	2.216156	7.251120	-0.15285173803567886	2.6337448559670777e-05	2.2161338329315186
599280	-3.000200	0.280113	1.982414	0.049777	2.217589	7.260246	-0.15290869325399398	2.6337448559670777e-05	2.217571496963501
599400	-3.000425	0.280731	1.982671	0.049766	2.218863	7.262115	-0.152968630194664	2.6337448559670777e-05	2.218869209289551
599520	-2.999852	0.281310	1.983149	0.049794	2.220077	7.265587	-0.15302002653479577	1.1705532693187011e-05	2.2200734615325928
599640	-2.999118	0.281826	1.984143	0.049831	2.221629	7.272810	-0.15306311771273612	2.6337448559670777e-05	2.221611261367798
599760	-2.998610	0.282199	1.986166	0.049856	2.222961	7.287541	-0.15309978052973747	3.9506172839506166e-05	2.222940683364868
599880	-2.998765	0.282645	1.987258	0.049849	2.224214	7.295502	-0.15313436910510064	2.6337448559670777e-05	2.224189281463623
600000	-2.998662	0.282959	1.987244	0.049854	2.225236	7.295402	-0.15316866859793662	5.925925925925925e-05	2.225231409072876
