step	log_std_min	log_std_mean	log_std_max	std_min	std_mean	std_max	entropy_loss	learning_rate	tensorboard_std_mean
120	-2.000673	-1.998071	-1.996224	0.135244	0.135597	0.135847	0.052123944833874704	2.6337448559670777e-05	0.13559643924236298
240	-2.000614	-1.997566	-1.995418	0.135252	0.135665	0.135957	0.052078443579375744	2.6337448559670777e-05	0.13566498458385468
360	-2.000708	-1.997292	-1.994074	0.135240	0.135702	0.136140	0.0520551910623908	2.6337448559670777e-05	0.13570205867290497
480	-2.001088	-1.997020	-1.993733	0.135188	0.135739	0.136186	0.05202952828258276	2.6337448559670777e-05	0.13573911786079407
600	-2.000207	-1.996489	-1.991498	0.135307	0.135812	0.136491	0.051986000314354894	2.6337448559670777e-05	0.13581085205078125
720	-1.999838	-1.995864	-1.991097	0.135357	0.135897	0.136546	0.051929582841694355	2.6337448559670777e-05	0.13589589297771454
840	-1.999163	-1.995103	-1.990489	0.135449	0.136000	0.136629	0.05186543315649032	2.6337448559670777e-05	0.13599896430969238
960	-1.999326	-1.994513	-1.989011	0.135427	0.136081	0.136831	0.05180695336312056	3.9506172839506166e-05	0.1360798478126526
1080	-1.998812	-1.993755	-1.985884	0.135496	0.136184	0.137259	0.05174137074500322	3.9506172839506166e-05	0.13618271052837372
1200	-1.998465	-1.992992	-1.984839	0.135543	0.136288	0.137403	0.05167030394077301	3.9506172839506166e-05	0.1362871676683426
1320	-1.998521	-1.992885	-1.983493	0.135536	0.136303	0.137588	0.05165709070861339	3.9506172839506166e-05	0.1363024264574051
1440	-1.998786	-1.992361	-1.981887	0.135500	0.136374	0.137809	0.051613515987992284	3.9506172839506166e-05	0.136373832821846
1560	-1.998677	-1.991919	-1.981160	0.135514	0.136435	0.137909	0.05157580878585577	3.9506172839506166e-05	0.13643401861190796
1680	-1.999216	-1.991466	-1.981315	0.135441	0.136497	0.137888	0.05153232775628567	3.9506172839506166e-05	0.13649600744247437
1800	-1.998920	-1.991204	-1.980931	0.135481	0.136532	0.137941	0.05151001140475273	3.9506172839506166e-05	0.13653114438056946
1920	-1.998897	-1.990692	-1.980003	0.135485	0.136602	0.138069	0.05146728213876486	3.9506172839506166e-05	0.13660095632076263
2040	-1.998470	-1.990519	-1.980721	0.135543	0.136626	0.137970	0.051450408808887	3.9506172839506166e-05	0.13662481307983398
2160	-1.998966	-1.989895	-1.978786	0.135475	0.136712	0.138237	0.0513893112540245	3.9506172839506166e-05	0.1367112398147583
2280	-1.999232	-1.989578	-1.978284	0.135439	0.136755	0.138306	0.051359227672219274	3.9506172839506166e-05	0.13675478100776672
2400	-1.998843	-1.988937	-1.977335	0.135492	0.136843	0.138438	0.051299915090203284	3.9506172839506166e-05	0.13684330880641937
2520	-1.998682	-1.988873	-1.976896	0.135514	0.136852	0.138498	0.05129307340830565	3.9506172839506166e-05	0.13685208559036255
2640	-1.999068	-1.988690	-1.977232	0.135461	0.136877	0.138452	0.05128228459507227	3.9506172839506166e-05	0.13687661290168762
2760	-1.999272	-1.988698	-1.975993	0.135434	0.136876	0.138624	0.051281634345650674	3.9506172839506166e-05	0.13687552511692047
2880	-1.999751	-1.988612	-1.975170	0.135369	0.136888	0.138738	0.05127060692757368	3.9506172839506166e-05	0.13688787817955017
3000	-1.998714	-1.988250	-1.974191	0.135509	0.136938	0.138874	0.05123984608799219	5.925925925925925e-05	0.13693778216838837
3120	-1.999316	-1.988077	-1.972847	0.135428	0.136962	0.139060	0.05122265201061964	5.925925925925925e-05	0.13696208596229553
3240	-2.000422	-1.987675	-1.972371	0.135278	0.137017	0.139127	0.051187442243099214	2.6337448559670777e-05	0.1370174139738083
3360	-2.000969	-1.987528	-1.973222	0.135204	0.137038	0.139008	0.05117009300738573	5.925925925925925e-05	0.1370382159948349
3480	-2.001687	-1.987613	-1.973676	0.135107	0.137026	0.138945	0.05118019822984934	2.6337448559670777e-05	0.13702602684497833
3600	-2.003695	-1.987785	-1.974902	0.134836	0.137003	0.138775	0.05119516961276531	5.925925925925925e-05	0.13700269162654877
3720	-2.004295	-1.987426	-1.974800	0.134755	0.137052	0.138789	0.05116938352584839	5.925925925925925e-05	0.13705140352249146
3840	-2.005626	-1.987466	-1.973924	0.134576	0.137047	0.138911	0.051165764965116975	3.9506172839506166e-05	0.13704755902290344
3960	-2.007546	-1.987608	-1.974258	0.134318	0.137029	0.138864	0.05118006411939859	3.9506172839506166e-05	0.13702866435050964
4080	-2.009784	-1.988002	-1.974536	0.134018	0.136975	0.138826	0.05121526289731264	5.925925925925925e-05	0.1369752585887909
4200	-2.011267	-1.987971	-1.974306	0.133819	0.136980	0.138858	0.0512108214199543	3.9506172839506166e-05	0.13698025047779083
4320	-2.013245	-1.988361	-1.973941	0.133555	0.136928	0.138908	0.05124261863529682	5.925925925925925e-05	0.13692834973335266
4440	-2.015429	-1.988690	-1.974092	0.133263	0.136883	0.138887	0.0512802580371499	5.925925925925925e-05	0.13688288629055023
4560	-2.016672	-1.988318	-1.972392	0.133098	0.136936	0.139124	0.05124899689108133	5.925925925925925e-05	0.13693545758724213
4680	-2.019841	-1.988506	-1.971395	0.132677	0.136913	0.139262	0.05125407744199038	5.925925925925925e-05	0.13691367208957672
4800	-2.021077	-1.988436	-1.971105	0.132513	0.136923	0.139303	0.05126716960221529	5.925925925925925e-05	0.13692131638526917
4920	-2.023704	-1.988155	-1.969965	0.132165	0.136964	0.139462	0.05123486220836639	5.925925925925925e-05	0.13696345686912537
5040	-2.026700	-1.988721	-1.969299	0.131770	0.136888	0.139555	0.05127762537449598	5.925925925925925e-05	0.1368885040283203
5160	-2.031203	-1.988885	-1.969024	0.131178	0.136869	0.139593	0.05129907950758934	3.9506172839506166e-05	0.13686782121658325
5280	-2.033098	-1.989228	-1.966785	0.130929	0.136823	0.139906	0.0513283034786582	5.925925925925925e-05	0.13682228326797485
5400	-2.032970	-1.989316	-1.967291	0.130946	0.136812	0.139835	0.05133432671427727	5.925925925925925e-05	0.13681131601333618
5520	-2.034561	-1.989071	-1.968637	0.130738	0.136846	0.139647	0.05131555162370205	5.925925925925925e-05	0.13684555888175964
5640	-2.035316	-1.989333	-1.966479	0.130639	0.136813	0.139949	0.05133715998381376	3.9506172839506166e-05	0.13681204617023468
5760	-2.037090	-1.989507	-1.964450	0.130408	0.136792	0.140233	0.05135008152574301	3.9506172839506166e-05	0.13679173588752747
5880	-2.039106	-1.989311	-1.962344	0.130145	0.136821	0.140529	0.05132950954139233	5.925925925925925e-05	0.1368214637041092
6000	-2.043726	-1.989627	-1.961847	0.129545	0.136782	0.140599	0.0513580709695816	3.9506172839506166e-05	0.1367816925048828
6120	-2.045923	-1.990119	-1.962578	0.129261	0.136717	0.140496	0.05140222441405058	3.9506172839506166e-05	0.13671733438968658
6240	-2.047354	-1.990235	-1.959525	0.129076	0.136705	0.140925	0.05141957178711891	5.925925925925925e-05	0.13670456409454346
6360	-2.050029	-1.990378	-1.959188	0.128731	0.136689	0.140973	0.05142718516290188	5.925925925925925e-05	0.1366889327764511
6480	-2.053622	-1.990935	-1.960420	0.128270	0.136615	0.140799	0.05146792475134134	5.925925925925925e-05	0.13661566376686096
6600	-2.057986	-1.991651	-1.959529	0.127711	0.136522	0.140925	0.051540832966566086	3.9506172839506166e-05	0.1365223079919815
6720	-2.060412	-1.991950	-1.960105	0.127402	0.136484	0.140844	0.05157073102891445	3.9506172839506166e-05	0.13648422062397003
6840	-2.064812	-1.991867	-1.960978	0.126842	0.136500	0.140721	0.05156264975667	5.925925925925925e-05	0.13650023937225342
6960	-2.069013	-1.991976	-1.959366	0.126310	0.136489	0.140948	0.05156503990292549	5.925925925925925e-05	0.13649031519889832
7080	-2.071074	-1.991804	-1.959147	0.126050	0.136517	0.140979	0.05155504122376442	5.925925925925925e-05	0.13651715219020844
7200	-2.076156	-1.992061	-1.960733	0.125411	0.136492	0.140755	0.05157824456691742	5.925925925925925e-05	0.13649192452430725
7320	-2.078425	-1.991746	-1.957934	0.125127	0.136542	0.141150	0.05156175773590803	3.9506172839506166e-05	0.13654039800167084
7440	-2.082171	-1.992465	-1.957578	0.124659	0.136451	0.141200	0.051614309474825856	5.925925925925925e-05	0.1364513486623764
7560	-2.085641	-1.992814	-1.955841	0.124227	0.136412	0.141445	0.051641044579446314	3.9506172839506166e-05	0.13641241192817688
7680	-2.088369	-1.993176	-1.954520	0.123889	0.136370	0.141632	0.051679599471390246	2.6337448559670777e-05	0.13636957108974457
7800	-2.090509	-1.993521	-1.953904	0.123624	0.136329	0.141720	0.05171061288565397	3.9506172839506166e-05	0.1363290548324585
7920	-2.092819	-1.994058	-1.950389	0.123339	0.136262	0.142219	0.05175992101430893	5.925925925925925e-05	0.13626240193843842
8040	-2.096070	-1.994325	-1.949343	0.122939	0.136234	0.142368	0.0517845856025815	5.925925925925925e-05	0.13623403012752533
8160	-2.098748	-1.995169	-1.948572	0.122610	0.136128	0.142477	0.05185351502150297	5.925925925925925e-05	0.13612891733646393
8280	-2.100201	-1.995433	-1.947436	0.122432	0.136099	0.142639	0.051889768242836	5.925925925925925e-05	0.13609865307807922
8400	-2.104517	-1.995486	-1.945950	0.121905	0.136100	0.142851	0.051879889145493505	2.6337448559670777e-05	0.13610132038593292
8520	-2.104452	-1.996258	-1.946238	0.121912	0.136002	0.142810	0.05195329859852791	5.925925925925925e-05	0.1360028088092804
8640	-2.105702	-1.996700	-1.946460	0.121760	0.135947	0.142779	0.05199155304580927	2.6337448559670777e-05	0.13594824075698853
8760	-2.108987	-1.997102	-1.945104	0.121361	0.135901	0.142972	0.05202624220401049	5.925925925925925e-05	0.13590194284915924
8880	-2.109583	-1.997529	-1.943378	0.121289	0.135847	0.143219	0.052070895209908485	3.9506172839506166e-05	0.13584785163402557
9000	-2.112356	-1.997575	-1.942778	0.120953	0.135851	0.143305	0.05206974260509014	3.9506172839506166e-05	0.13585194945335388
9120	-2.114236	-1.997844	-1.941769	0.120726	0.135825	0.143450	0.05209725424647331	5.925925925925925e-05	0.13582578301429749
9240	-2.117814	-1.998390	-1.941815	0.120294	0.135763	0.143443	0.0521459236741066	3.9506172839506166e-05	0.1357637643814087
9360	-2.120381	-1.998534	-1.940613	0.119986	0.135752	0.143616	0.05216593965888024	3.9506172839506166e-05	0.13575154542922974
9480	-2.122530	-1.998803	-1.940614	0.119728	0.135722	0.143616	0.052188131026923656	5.925925925925925e-05	0.1357220858335495
9600	-2.125235	-1.998979	-1.939560	0.119405	0.135709	0.143767	0.05220056977123022	2.6337448559670777e-05	0.13570919632911682
9720	-2.127251	-1.999655	-1.938006	0.119164	0.135624	0.143991	0.05225556548684836	3.9506172839506166e-05	0.13562485575675964
9840	-2.129704	-2.000279	-1.937595	0.118872	0.135548	0.144050	0.05231701005250215	5.925925925925925e-05	0.13554854691028595
9960	-2.132217	-2.000559	-1.934369	0.118574	0.135520	0.144515	0.052335151843726634	3.9506172839506166e-05	0.1355219930410385
10080	-2.134017	-2.000897	-1.931156	0.118361	0.135488	0.144981	0.05237904228270054	3.9506172839506166e-05	0.13548745214939117
10200	-2.136660	-2.001418	-1.930870	0.118048	0.135428	0.145022	0.0524164667353034	3.9506172839506166e-05	0.1354285180568695
10320	-2.137417	-2.001807	-1.930591	0.117959	0.135385	0.145062	0.05245421938598156	5.925925925925925e-05	0.13538601994514465
10440	-2.138999	-2.002659	-1.929878	0.117773	0.135283	0.145166	0.05252740252763033	2.6337448559670777e-05	0.13528378307819366
10560	-2.141591	-2.003036	-1.928348	0.117468	0.135241	0.145388	0.05256187729537487	5.925925925925925e-05	0.13524208962917328
10680	-2.143845	-2.003372	-1.928107	0.117203	0.135206	0.145423	0.0525934848934412	5.925925925925925e-05	0.13520720601081848
10800	-2.145513	-2.004017	-1.927738	0.117008	0.135127	0.145477	0.05265283845365047	3.9506172839506166e-05	0.13512732088565826
10920	-2.146746	-2.004748	-1.929101	0.116864	0.135036	0.145279	0.05272079557180405	3.9506172839506166e-05	0.13503651320934296
11040	-2.148963	-2.005189	-1.928605	0.116605	0.134988	0.145351	0.052750481851398946	3.9506172839506166e-05	0.13498952984809875
11160	-2.150026	-2.005754	-1.928236	0.116481	0.134919	0.145404	0.052810901589691636	5.925925925925925e-05	0.13491922616958618
11280	-2.153077	-2.005946	-1.928393	0.116126	0.134907	0.145382	0.05282971225678921	5.925925925925925e-05	0.13490717113018036
11400	-2.153258	-2.005866	-1.928248	0.116105	0.134933	0.145403	0.052827395312488076	5.925925925925925e-05	0.13493195176124573
11520	-2.155348	-2.006179	-1.926216	0.115863	0.134906	0.145698	0.05284188538789749	2.6337448559670777e-05	0.13490693271160126
11640	-2.155982	-2.006259	-1.925429	0.115789	0.134908	0.145813	0.05285501498728991	2.6337448559670777e-05	0.13490860164165497
11760	-2.157036	-2.006299	-1.925423	0.115667	0.134910	0.145814	0.052857601270079616	5.925925925925925e-05	0.1349107027053833
11880	-2.158716	-2.006675	-1.925408	0.115473	0.134872	0.145816	0.052891509234905244	3.9506172839506166e-05	0.13487224280834198
12000	-2.161889	-2.007052	-1.925192	0.115107	0.134834	0.145848	0.05292963981628418	3.9506172839506166e-05	0.13483306765556335
12120	-2.164498	-2.007172	-1.925038	0.114808	0.134836	0.145870	0.05294098127633333	5.925925925925925e-05	0.1348353922367096
12240	-2.167626	-2.007779	-1.926100	0.114449	0.134765	0.145715	0.05299150012433529	3.9506172839506166e-05	0.13476505875587463
12360	-2.169276	-2.008147	-1.927576	0.114260	0.134728	0.145501	0.05303085092455149	5.925925925925925e-05	0.13472776114940643
12480	-2.171036	-2.008546	-1.928037	0.114059	0.134689	0.145433	0.05306637529283762	5.925925925925925e-05	0.13468876481056213
12600	-2.173696	-2.008746	-1.926631	0.113756	0.134679	0.145638	0.05308127980679274	3.9506172839506166e-05	0.13467900454998016
12720	-2.176583	-2.009505	-1.926968	0.113428	0.134595	0.145589	0.05315096527338028	5.925925925925925e-05	0.13459496200084686
12840	-2.177873	-2.010116	-1.927701	0.113282	0.134526	0.145482	0.053200024738907815	5.925925925925925e-05	0.13452622294425964
12960	-2.179384	-2.009949	-1.925357	0.113111	0.134561	0.145824	0.053190425597131254	3.9506172839506166e-05	0.13456125557422638
13080	-2.180400	-2.009696	-1.926107	0.112996	0.134607	0.145714	0.053168699517846106	5.925925925925925e-05	0.13460738956928253
13200	-2.182141	-2.009805	-1.923874	0.112800	0.134607	0.146040	0.05317882783710957	5.925925925925925e-05	0.13460670411586761
13320	-2.182261	-2.010078	-1.924067	0.112786	0.134576	0.146012	0.053202529065310956	3.9506172839506166e-05	0.13457557559013367
13440	-2.183431	-2.010364	-1.924329	0.112654	0.134547	0.145974	0.05323099475353956	2.6337448559670777e-05	0.13454632461071014
13560	-2.183848	-2.010644	-1.924032	0.112607	0.134516	0.146017	0.05325352139770985	3.9506172839506166e-05	0.13451586663722992
13680	-2.186022	-2.010747	-1.924649	0.112363	0.134510	0.145927	0.053263277746737	2.6337448559670777e-05	0.13451021909713745
13800	-2.186034	-2.010824	-1.924408	0.112362	0.134505	0.145962	0.053270828910171986	3.9506172839506166e-05	0.13450483977794647
13920	-2.187884	-2.011035	-1.923728	0.112154	0.134482	0.146061	0.053280124068260194	3.9506172839506166e-05	0.13448339700698853
14040	-2.188910	-2.011032	-1.923777	0.112039	0.134488	0.146054	0.05329130981117487	3.9506172839506166e-05	0.13448715209960938
14160	-2.189294	-2.011228	-1.923045	0.111996	0.134470	0.146161	0.05330348554998636	3.9506172839506166e-05	0.13447065651416779
14280	-2.190275	-2.011448	-1.922767	0.111886	0.134444	0.146202	0.05332306120544672	3.9506172839506166e-05	0.1344439834356308
14400	-2.190570	-2.011346	-1.923043	0.111853	0.134462	0.146162	0.05331881567835808	1.7558299039780518e-05	0.13446207344532013
14520	-2.190100	-2.010961	-1.921831	0.111906	0.134515	0.146339	0.05328365005552769	5.925925925925925e-05	0.1345146894454956
14640	-2.189293	-2.011307	-1.922053	0.111996	0.134468	0.146306	0.05331180486828089	5.925925925925925e-05	0.13446779549121857
14760	-2.189312	-2.011258	-1.920873	0.111994	0.134476	0.146479	0.05331123899668455	3.9506172839506166e-05	0.13447576761245728
14880	-2.190317	-2.011418	-1.920669	0.111881	0.134456	0.146509	0.0533233592286706	3.9506172839506166e-05	0.13445580005645752
15000	-2.190301	-2.011189	-1.921148	0.111883	0.134488	0.146439	0.05330548956990242	3.9506172839506166e-05	0.1344873458147049
15120	-2.190979	-2.011064	-1.922165	0.111807	0.134506	0.146290	0.053293971717357634	5.925925925925925e-05	0.13450592756271362
15240	-2.192265	-2.010926	-1.921695	0.111664	0.134528	0.146359	0.053281043842434886	5.925925925925925e-05	0.13452745974063873
15360	-2.192834	-2.010849	-1.921156	0.111600	0.134540	0.146438	0.05327057745307684	3.9506172839506166e-05	0.1345403492450714
15480	-2.193196	-2.010890	-1.920128	0.111560	0.134537	0.146588	0.05326940529048443	3.9506172839506166e-05	0.1345384567975998
15600	-2.193982	-2.010871	-1.920619	0.111472	0.134541	0.146516	0.05327322967350483	5.925925925925925e-05	0.13454139232635498
15720	-2.192992	-2.010841	-1.920306	0.111582	0.134546	0.146562	0.05327147822827101	3.9506172839506166e-05	0.13454653322696686
15840	-2.192542	-2.010650	-1.919381	0.111633	0.134573	0.146698	0.05325349662452936	3.9506172839506166e-05	0.1345735341310501
15960	-2.191561	-2.010476	-1.919493	0.111742	0.134598	0.146681	0.053240166045725346	5.925925925925925e-05	0.1345982700586319
16080	-2.190649	-2.010313	-1.918646	0.111844	0.134621	0.146806	0.05322492402046919	5.925925925925925e-05	0.13462020456790924
16200	-2.191217	-2.010277	-1.918197	0.111781	0.134626	0.146872	0.053221399895846844	5.925925925925925e-05	0.1346261203289032
16320	-2.191225	-2.010342	-1.918380	0.111780	0.134616	0.146845	0.05322484448552132	5.925925925925925e-05	0.1346164345741272
16440	-2.191532	-2.010521	-1.917941	0.111745	0.134592	0.146909	0.05324688348919153	5.925925925925925e-05	0.13459107279777527
16560	-2.191921	-2.010688	-1.917878	0.111702	0.134570	0.146918	0.053256000764667986	5.925925925925925e-05	0.13457061350345612
16680	-2.191330	-2.011206	-1.918573	0.111768	0.134494	0.146816	0.05329987704753876	5.925925925925925e-05	0.1344943642616272
16800	-2.191837	-2.011563	-1.920279	0.111711	0.134446	0.146566	0.05333083122968674	5.925925925925925e-05	0.1344471275806427
16920	-2.192538	-2.011962	-1.920212	0.111633	0.134393	0.146576	0.053373120911419394	5.925925925925925e-05	0.1343926042318344
17040	-2.193026	-2.011926	-1.918982	0.111579	0.134404	0.146756	0.05336766242980957	3.9506172839506166e-05	0.134404256939888
17160	-2.193255	-2.011899	-1.918664	0.111553	0.134407	0.146803	0.053368343785405156	5.925925925925925e-05	0.13440649211406708
17280	-2.191659	-2.011602	-1.917215	0.111731	0.134446	0.147016	0.05334189496934414	5.925925925925925e-05	0.13444574177265167
17400	-2.191454	-2.011379	-1.916616	0.111754	0.134478	0.147104	0.05332804247736931	3.9506172839506166e-05	0.13447630405426025
17520	-2.191323	-2.011343	-1.915262	0.111769	0.134477	0.147303	0.05331186186522245	5.925925925925925e-05	0.1344781517982483
17640	-2.192824	-2.011067	-1.914393	0.111601	0.134517	0.147431	0.05329674165695906	5.925925925925925e-05	0.1345166712999344
17760	-2.192919	-2.010892	-1.912967	0.111591	0.134537	0.147642	0.05327635444700718	5.925925925925925e-05	0.13453713059425354
17880	-2.192344	-2.010957	-1.912779	0.111655	0.134524	0.147669	0.053279989212751386	5.925925925925925e-05	0.1345243602991104
18000	-2.189176	-2.011070	-1.911662	0.112009	0.134506	0.147834	0.053293435089290145	5.925925925925925e-05	0.13450530171394348
18120	-2.189986	-2.010956	-1.910546	0.111918	0.134529	0.147999	0.05328640453517437	5.925925925925925e-05	0.1345275640487671
18240	-2.190272	-2.010659	-1.910414	0.111886	0.134566	0.148019	0.053254911303520204	5.925925925925925e-05	0.13456593453884125
18360	-2.189440	-2.010492	-1.910591	0.111979	0.134581	0.147993	0.05323417205363512	5.925925925925925e-05	0.13458240032196045
18480	-2.188402	-2.010741	-1.910143	0.112096	0.134547	0.148059	0.05326303765177727	5.925925925925925e-05	0.13454696536064148
18600	-2.187918	-2.010510	-1.910208	0.112150	0.134578	0.148050	0.05324919018894434	3.9506172839506166e-05	0.13457690179347992
18720	-2.190062	-2.011242	-1.910138	0.111910	0.134478	0.148060	0.05330092534422874	5.925925925925925e-05	0.13447977602481842
18840	-2.189210	-2.011259	-1.906821	0.112005	0.134482	0.148552	0.05331246256828308	3.9506172839506166e-05	0.13448210060596466
18960	-2.188811	-2.011132	-1.907254	0.112050	0.134500	0.148488	0.05328943859785795	5.925925925925925e-05	0.1345015913248062
19080	-2.187788	-2.011133	-1.907431	0.112165	0.134496	0.148461	0.05329568963497877	5.925925925925925e-05	0.13449697196483612
19200	-2.186096	-2.011089	-1.905810	0.112354	0.134502	0.148702	0.053297088295221326	3.9506172839506166e-05	0.13450053334236145
19320	-2.187822	-2.010401	-1.905182	0.112161	0.134602	0.148796	0.05323689095675945	5.925925925925925e-05	0.13460174202919006
19440	-2.185594	-2.010156	-1.901869	0.112411	0.134640	0.149289	0.05321158338338137	3.9506172839506166e-05	0.13463957607746124
19560	-2.183633	-2.010112	-1.901963	0.112632	0.134642	0.149275	0.053206869214773175	5.925925925925925e-05	0.1346418410539627
19680	-2.182879	-2.009673	-1.901820	0.112717	0.134701	0.149297	0.053173703327775004	3.9506172839506166e-05	0.13470019400119781
19800	-2.182179	-2.008541	-1.899496	0.112795	0.134863	0.149644	0.05308299027383327	3.9506172839506166e-05	0.13486064970493317
19920	-2.181496	-2.008397	-1.899402	0.112873	0.134888	0.149658	0.05304873902350664	5.925925925925925e-05	0.13488882780075073
20040	-2.182696	-2.008568	-1.899119	0.112737	0.134871	0.149701	0.05305810123682022	3.9506172839506166e-05	0.13487131893634796
20160	-2.183441	-2.008496	-1.898263	0.112653	0.134882	0.149829	0.05305141750723123	5.925925925925925e-05	0.13488323986530304
20280	-2.183980	-2.008747	-1.899696	0.112592	0.134844	0.149614	0.05309130642563105	3.9506172839506166e-05	0.13484269380569458
20400	-2.183777	-2.009297	-1.897742	0.112615	0.134770	0.149907	0.053132608719170096	5.925925925925925e-05	0.1347699910402298
20520	-2.183846	-2.009985	-1.898098	0.112608	0.134678	0.149853	0.05318044424057007	5.925925925925925e-05	0.13468006253242493
20640	-2.184763	-2.010754	-1.897812	0.112504	0.134574	0.149896	0.05325670372694731	5.925925925925925e-05	0.13457460701465607
20760	-2.184578	-2.011230	-1.896705	0.112525	0.134511	0.150062	0.05329309850931167	5.925925925925925e-05	0.13451345264911652
20880	-2.185722	-2.012586	-1.895968	0.112397	0.134330	0.150173	0.0534123545512557	5.925925925925925e-05	0.13433200120925903
21000	-2.188515	-2.012973	-1.895355	0.112083	0.134281	0.150265	0.05346379913389683	5.925925925925925e-05	0.13428060710430145
21120	-2.189768	-2.012886	-1.892770	0.111943	0.134299	0.150654	0.05346173197031021	5.925925925925925e-05	0.13429811596870422
21240	-2.192033	-2.012702	-1.892169	0.111690	0.134328	0.150744	0.05343855656683445	5.925925925925925e-05	0.13432709872722626
21360	-2.191469	-2.012320	-1.894227	0.111752	0.134377	0.150435	0.05340925231575966	2.6337448559670777e-05	0.1343761682510376
21480	-2.190132	-2.011986	-1.893472	0.111902	0.134423	0.150548	0.053388331271708014	5.925925925925925e-05	0.13442084193229675
21600	-2.189785	-2.011712	-1.892702	0.111941	0.134461	0.150664	0.05334697384387255	3.9506172839506166e-05	0.1344618946313858
21720	-2.188272	-2.011609	-1.891490	0.112110	0.134479	0.150847	0.05333371181041002	5.925925925925925e-05	0.13448062539100647
21840	-2.188912	-2.011550	-1.889997	0.112039	0.134490	0.151072	0.05334017351269722	5.925925925925925e-05	0.13448940217494965
21960	-2.187821	-2.011816	-1.890209	0.112161	0.134458	0.151040	0.05335867051035166	5.925925925925925e-05	0.1344573050737381
22080	-2.189366	-2.011813	-1.890540	0.111988	0.134463	0.150990	0.053361359238624576	5.925925925925925e-05	0.1344624012708664
22200	-2.191107	-2.011725	-1.889092	0.111793	0.134480	0.151209	0.053359713032841684	5.925925925925925e-05	0.134478360414505
22320	-2.193521	-2.012277	-1.889387	0.111523	0.134407	0.151164	0.0533982640132308	5.925925925925925e-05	0.1344079077243805
22440	-2.194285	-2.011791	-1.887201	0.111438	0.134477	0.151495	0.05336544755846262	5.925925925925925e-05	0.1344756782054901
22560	-2.196771	-2.012611	-1.889910	0.111162	0.134371	0.151085	0.053412667475640774	5.925925925925925e-05	0.13437330722808838
22680	-2.200364	-2.013339	-1.887664	0.110763	0.134279	0.151425	0.05349052958190441	5.925925925925925e-05	0.1342797428369522
22800	-2.201696	-2.013425	-1.886384	0.110615	0.134274	0.151619	0.05349873937666416	5.925925925925925e-05	0.1342749297618866
22920	-2.201686	-2.013613	-1.886752	0.110616	0.134255	0.151563	0.05351796634495258	3.9506172839506166e-05	0.13425563275814056
23040	-2.202633	-2.013761	-1.886380	0.110512	0.134233	0.151620	0.05353239960968494	3.9506172839506166e-05	0.13423368334770203
23160	-2.203406	-2.013928	-1.885319	0.110426	0.134216	0.151781	0.05354245379567146	5.925925925925925e-05	0.13421665132045746
23280	-2.205847	-2.014352	-1.886033	0.110157	0.134164	0.151672	0.05359231736510992	5.925925925925925e-05	0.1341632604598999
23400	-2.206794	-2.013702	-1.883496	0.110053	0.134267	0.152058	0.053533569909632206	3.9506172839506166e-05	0.13426639139652252
23520	-2.208113	-2.013732	-1.884198	0.109908	0.134269	0.151951	0.05352696161717176	3.9506172839506166e-05	0.13426940143108368
23640	-2.208091	-2.013654	-1.884488	0.109910	0.134280	0.151907	0.05351857487112284	3.9506172839506166e-05	0.13428138196468353
23760	-2.209592	-2.013897	-1.885168	0.109745	0.134253	0.151804	0.05354332197457552	3.9506172839506166e-05	0.134252667427063
23880	-2.212960	-2.014460	-1.884188	0.109376	0.134182	0.151952	0.05358989555388689	5.925925925925925e-05	0.1341826170682907
24000	-2.214781	-2.014626	-1.882589	0.109177	0.134166	0.152196	0.05360230281949043	5.925925925925925e-05	0.13416734337806702
24120	-2.214739	-2.015213	-1.880534	0.109182	0.134091	0.152509	0.05366008598357439	5.925925925925925e-05	0.13409140706062317
24240	-2.215837	-2.015735	-1.880392	0.109062	0.134028	0.152530	0.05370738822966814	5.925925925925925e-05	0.13402891159057617
24360	-2.219848	-2.016290	-1.880891	0.108626	0.133962	0.152454	0.05376710258424282	5.925925925925925e-05	0.13396161794662476
24480	-2.220601	-2.016243	-1.879743	0.108544	0.133972	0.152629	0.053760615177452564	5.925925925925925e-05	0.13397176563739777
24600	-2.221796	-2.016615	-1.880114	0.108414	0.133921	0.152573	0.0537869181483984	5.925925925925925e-05	0.13392159342765808
24720	-2.222654	-2.017293	-1.882245	0.108321	0.133832	0.152248	0.05384283009916544	5.925925925925925e-05	0.1338336318731308
24840	-2.221014	-2.017698	-1.883999	0.108499	0.133776	0.151981	0.053891034424304964	5.925925925925925e-05	0.1337755024433136
24960	-2.221411	-2.017608	-1.883806	0.108456	0.133790	0.152010	0.05388272777199745	5.925925925925925e-05	0.13378918170928955
25080	-2.222009	-2.017615	-1.882141	0.108391	0.133795	0.152264	0.05387561935931444	3.9506172839506166e-05	0.13379526138305664
25200	-2.223913	-2.017778	-1.881280	0.108185	0.133779	0.152395	0.0538855005055666	5.925925925925925e-05	0.1337810754776001
25320	-2.224151	-2.017646	-1.880653	0.108159	0.133805	0.152491	0.0538838267326355	5.925925925925925e-05	0.13380539417266846
25440	-2.223488	-2.017092	-1.881616	0.108231	0.133881	0.152344	0.053842791728675364	5.925925925925925e-05	0.13388006389141083
25560	-2.223180	-2.016767	-1.880728	0.108264	0.133925	0.152479	0.053806623071432115	5.925925925925925e-05	0.1339246779680252
25680	-2.223930	-2.016100	-1.881433	0.108183	0.134017	0.152372	0.053745875135064125	3.9506172839506166e-05	0.1340174376964569
25800	-2.224555	-2.016107	-1.882871	0.108116	0.134016	0.152153	0.053742351569235326	5.925925925925925e-05	0.1340164840221405
25920	-2.223881	-2.016159	-1.883196	0.108188	0.134005	0.152103	0.05375685263425112	5.925925925925925e-05	0.13400375843048096
26040	-2.222878	-2.016323	-1.881323	0.108297	0.133984	0.152388	0.053763764724135396	5.925925925925925e-05	0.13398377597332
26160	-2.222153	-2.015953	-1.878663	0.108376	0.134035	0.152794	0.053740770928561686	5.925925925925925e-05	0.13403354585170746
26280	-2.222192	-2.015798	-1.879484	0.108371	0.134059	0.152669	0.053713038377463815	5.925925925925925e-05	0.13405920565128326
26400	-2.222631	-2.016028	-1.880168	0.108324	0.134032	0.152564	0.053728343546390535	5.925925925925925e-05	0.134033203125
26520	-2.223531	-2.016189	-1.878932	0.108226	0.134014	0.152753	0.053740598075091836	5.925925925925925e-05	0.13401615619659424
26640	-2.225809	-2.017074	-1.878911	0.107980	0.133901	0.152756	0.05382877588272095	3.9506172839506166e-05	0.1339004635810852
26760	-2.226033	-2.017236	-1.879121	0.107956	0.133881	0.152724	0.05384890642017126	2.6337448559670777e-05	0.1338803470134735
26880	-2.228379	-2.017952	-1.880032	0.107703	0.133787	0.152585	0.053903667256236076	5.925925925925925e-05	0.1337878555059433
27000	-2.229461	-2.018676	-1.880927	0.107586	0.133696	0.152449	0.053966940566897395	3.9506172839506166e-05	0.13369688391685486
27120	-2.230044	-2.019311	-1.881322	0.107524	0.133610	0.152388	0.05402810275554657	5.925925925925925e-05	0.13361109793186188
27240	-2.230120	-2.019100	-1.882108	0.107516	0.133638	0.152269	0.054012947529554364	3.9506172839506166e-05	0.13363765180110931
27360	-2.231000	-2.018817	-1.879669	0.107421	0.133682	0.152641	0.05399605967104435	5.925925925925925e-05	0.13368132710456848
27480	-2.230892	-2.018520	-1.878851	0.107433	0.133732	0.152766	0.05395757220685482	5.925925925925925e-05	0.13373279571533203
27600	-2.231772	-2.017990	-1.877496	0.107338	0.133800	0.152973	0.05391434747725725	5.925925925925925e-05	0.1338002234697342
27720	-2.231096	-2.018146	-1.874823	0.107411	0.133783	0.153382	0.05392662193626165	3.9506172839506166e-05	0.13378269970417023
27840	-2.231441	-2.018253	-1.877172	0.107374	0.133769	0.153022	0.053936565108597276	5.925925925925925e-05	0.13376915454864502
27960	-2.232144	-2.018681	-1.875573	0.107298	0.133710	0.153267	0.0539762157946825	2.6337448559670777e-05	0.13370965421199799
28080	-2.234174	-2.018699	-1.875656	0.107081	0.133711	0.153254	0.05398250427097082	5.925925925925925e-05	0.13371048867702484
28200	-2.234513	-2.018544	-1.873486	0.107044	0.133741	0.153587	0.05396623965352774	5.925925925925925e-05	0.13374005258083344
28320	-2.236372	-2.018960	-1.871903	0.106845	0.133695	0.153831	0.053998489677906034	3.9506172839506166e-05	0.13369520008563995
28440	-2.238097	-2.018943	-1.871480	0.106661	0.133701	0.153896	0.053999682702124116	5.925925925925925e-05	0.1337011605501175
28560	-2.238975	-2.019548	-1.870409	0.106568	0.133624	0.154061	0.054051536694169046	3.9506172839506166e-05	0.1336238533258438
28680	-2.238932	-2.019862	-1.872326	0.106572	0.133584	0.153766	0.054081336967647074	5.925925925925925e-05	0.13358409702777863
28800	-2.242271	-2.020744	-1.872578	0.106217	0.133467	0.153727	0.054160562343895435	5.925925925925925e-05	0.13346727192401886
28920	-2.241841	-2.020686	-1.871342	0.106263	0.133482	0.153917	0.05415523927658796	3.9506172839506166e-05	0.13348203897476196
29040	-2.243653	-2.020497	-1.870918	0.106070	0.133507	0.153982	0.054142513498663905	3.9506172839506166e-05	0.1335068792104721
29160	-2.245752	-2.019700	-1.869767	0.105848	0.133618	0.154160	0.05407943166792393	2.6337448559670777e-05	0.1336175501346588
29280	-2.245039	-2.019454	-1.869427	0.105923	0.133650	0.154212	0.054041603580117226	3.9506172839506166e-05	0.13365086913108826
29400	-2.245807	-2.018982	-1.869452	0.105842	0.133716	0.154208	0.05400565750896931	5.925925925925925e-05	0.1337161511182785
29520	-2.245807	-2.018883	-1.869615	0.105842	0.133731	0.154183	0.05399475395679474	3.9506172839506166e-05	0.1337314397096634
29640	-2.247289	-2.018873	-1.868484	0.105685	0.133746	0.154357	0.05399214718490839	3.9506172839506166e-05	0.13374631106853485
29760	-2.246248	-2.019013	-1.869424	0.105795	0.133724	0.154212	0.05400544498115778	3.9506172839506166e-05	0.133724182844162
29880	-2.248405	-2.018994	-1.870059	0.105567	0.133732	0.154115	0.054001458920538425	3.9506172839506166e-05	0.13373179733753204
30000	-2.247628	-2.018747	-1.870109	0.105649	0.133763	0.154107	0.05397766381502152	5.925925925925925e-05	0.13376456499099731
30120	-2.249294	-2.019767	-1.872321	0.105474	0.133628	0.153766	0.05406525377184153	5.925925925925925e-05	0.13362862169742584
30240	-2.251692	-2.020121	-1.871374	0.105221	0.133595	0.153912	0.054099388979375364	5.925925925925925e-05	0.13359610736370087
30360	-2.251494	-2.020527	-1.872793	0.105242	0.133543	0.153694	0.05413368679583073	3.9506172839506166e-05	0.13354387879371643
30480	-2.254098	-2.021122	-1.873141	0.104968	0.133468	0.153640	0.05419181566685438	5.925925925925925e-05	0.1334686279296875
30600	-2.258326	-2.022079	-1.871706	0.104525	0.133356	0.153861	0.054281596280634406	2.6337448559670777e-05	0.1333552598953247
30720	-2.260566	-2.022386	-1.872698	0.104291	0.133323	0.153708	0.05430649761110544	5.925925925925925e-05	0.13332414627075195
30840	-2.262573	-2.022997	-1.873636	0.104082	0.133244	0.153564	0.05436412747949362	3.9506172839506166e-05	0.13324344158172607
30960	-2.262055	-2.022942	-1.873464	0.104136	0.133255	0.153591	0.05435475371778011	5.925925925925925e-05	0.13325612246990204
31080	-2.262453	-2.022999	-1.873027	0.104095	0.133255	0.153658	0.054361944831907746	3.9506172839506166e-05	0.13325536251068115
31200	-2.264121	-2.022653	-1.870791	0.103921	0.133310	0.154002	0.05433667413890362	3.9506172839506166e-05	0.1333102434873581
31320	-2.264214	-2.022351	-1.870704	0.103912	0.133354	0.154015	0.05430585406720638	2.6337448559670777e-05	0.13335414230823517
31440	-2.265969	-2.022244	-1.869609	0.103730	0.133377	0.154184	0.054302535578608514	5.925925925925925e-05	0.1333760768175125
31560	-2.267293	-2.022260	-1.869018	0.103592	0.133380	0.154275	0.05430311430245638	5.925925925925925e-05	0.1333790123462677
31680	-2.268889	-2.021983	-1.869130	0.103427	0.133422	0.154258	0.05427293796092272	5.925925925925925e-05	0.13342201709747314
31800	-2.269386	-2.021992	-1.869104	0.103376	0.133419	0.154262	0.05428396388888359	2.6337448559670777e-05	0.13341768085956573
31920	-2.269290	-2.021925	-1.869175	0.103386	0.133435	0.154251	0.0542593976482749	3.9506172839506166e-05	0.1334364116191864
32040	-2.269101	-2.022221	-1.870443	0.103405	0.133395	0.154055	0.05429838355630636	5.925925925925925e-05	0.13339412212371826
32160	-2.268495	-2.022071	-1.870492	0.103468	0.133416	0.154048	0.054280557483434674	5.925925925925925e-05	0.13341574370861053
32280	-2.270045	-2.022305	-1.869699	0.103308	0.133392	0.154170	0.05430729854851961	5.925925925925925e-05	0.13339126110076904
32400	-2.271323	-2.021640	-1.870104	0.103176	0.133478	0.154108	0.054247147589921954	5.925925925925925e-05	0.13347750902175903
32520	-2.273525	-2.021334	-1.869713	0.102949	0.133521	0.154168	0.05421084761619568	3.9506172839506166e-05	0.13352148234844208
32640	-2.274322	-2.021609	-1.870692	0.102867	0.133482	0.154017	0.05423955526202917	5.925925925925925e-05	0.13348154723644257
32760	-2.274657	-2.022289	-1.871770	0.102832	0.133389	0.153851	0.054306883551180365	5.925925925925925e-05	0.13338761031627655
32880	-2.273999	-2.022053	-1.871154	0.102900	0.133419	0.153946	0.054291445016860965	5.925925925925925e-05	0.13341765105724335
33000	-2.275126	-2.021960	-1.870338	0.102784	0.133432	0.154072	0.05427324697375298	5.925925925925925e-05	0.13343164324760437
33120	-2.275321	-2.021293	-1.867202	0.102764	0.133527	0.154556	0.05421898029744625	5.925925925925925e-05	0.1335258036851883
33240	-2.275004	-2.020584	-1.867075	0.102796	0.133620	0.154575	0.05415213778614998	5.925925925925925e-05	0.1336192637681961
33360	-2.276132	-2.020725	-1.867072	0.102681	0.133605	0.154576	0.05415743440389633	5.925925925925925e-05	0.1336059719324112
33480	-2.277234	-2.020651	-1.868514	0.102568	0.133618	0.154353	0.054154368862509725	3.9506172839506166e-05	0.1336173266172409
33600	-2.276378	-2.020100	-1.868446	0.102655	0.133691	0.154363	0.05410839561372995	3.9506172839506166e-05	0.13369052112102509
33720	-2.277071	-2.020202	-1.869099	0.102584	0.133679	0.154263	0.05410367213189602	5.925925925925925e-05	0.13368037343025208
33840	-2.279073	-2.020286	-1.867797	0.102379	0.133676	0.154464	0.05412615202367306	5.925925925925925e-05	0.13367530703544617
33960	-2.279649	-2.020522	-1.867597	0.102320	0.133645	0.154495	0.05413364302366972	5.925925925925925e-05	0.13364572823047638
34080	-2.279212	-2.020191	-1.865306	0.102365	0.133694	0.154849	0.05411363821476698	3.9506172839506166e-05	0.13369353115558624
34200	-2.279346	-2.020494	-1.864054	0.102351	0.133660	0.155043	0.054140164703130725	5.925925925925925e-05	0.13366013765335083
34320	-2.280177	-2.020807	-1.863025	0.102266	0.133626	0.155202	0.05416631419211626	5.925925925925925e-05	0.13362613320350647
34440	-2.280828	-2.021163	-1.863104	0.102200	0.133583	0.155190	0.05419598985463381	5.925925925925925e-05	0.13358362019062042
34560	-2.284763	-2.021327	-1.861351	0.101798	0.133569	0.155462	0.05421346593648195	5.925925925925925e-05	0.13356953859329224
34680	-2.286644	-2.021588	-1.860352	0.101607	0.133546	0.155618	0.05422871578484774	3.9506172839506166e-05	0.13354738056659698
34800	-2.286665	-2.022046	-1.859076	0.101605	0.133490	0.155817	0.054276902601122855	5.925925925925925e-05	0.13349033892154694
34920	-2.289250	-2.022510	-1.858884	0.101342	0.133439	0.155847	0.05431466456502676	3.9506172839506166e-05	0.13344012200832367
35040	-2.290922	-2.022773	-1.858878	0.101173	0.133405	0.155847	0.05434103086590767	5.925925925925925e-05	0.1334056556224823
35160	-2.291472	-2.022722	-1.858630	0.101118	0.133418	0.155886	0.054342263378202915	5.925925925925925e-05	0.13341788947582245
35280	-2.292908	-2.022552	-1.858132	0.100972	0.133447	0.155964	0.054327786155045035	2.6337448559670777e-05	0.13344597816467285
35400	-2.293545	-2.022102	-1.858976	0.100908	0.133508	0.155832	0.05429089963436127	2.6337448559670777e-05	0.13350680470466614
35520	-2.293413	-2.021794	-1.859269	0.100921	0.133552	0.155786	0.05425640344619751	1.7558299039780518e-05	0.1335517019033432
35640	-2.294743	-2.021539	-1.858129	0.100787	0.133588	0.155964	0.054236548580229284	3.9506172839506166e-05	0.1335875391960144
35760	-2.295815	-2.021514	-1.859758	0.100679	0.133591	0.155710	0.05423744488507509	3.9506172839506166e-05	0.13359034061431885
35880	-2.295706	-2.021080	-1.858166	0.100690	0.133652	0.155958	0.054194699972867966	5.925925925925925e-05	0.13365088403224945
36000	-2.297246	-2.020605	-1.856264	0.100535	0.133725	0.156255	0.05415646024048328	5.925925925925925e-05	0.1337243765592575
36120	-2.299249	-2.020335	-1.854796	0.100334	0.133771	0.156485	0.05412670206278562	3.9506172839506166e-05	0.13377034664154053
36240	-2.300428	-2.020329	-1.852390	0.100216	0.133780	0.156862	0.05412907060235739	5.925925925925925e-05	0.1337788701057434
36360	-2.300582	-2.020367	-1.851794	0.100200	0.133778	0.156955	0.05412755198776722	5.925925925925925e-05	0.13377822935581207
36480	-2.300380	-2.020245	-1.852048	0.100221	0.133796	0.156915	0.05411839634180069	5.925925925925925e-05	0.13379526138305664
36600	-2.302544	-2.020469	-1.849844	0.100004	0.133773	0.157262	0.054137529246509074	3.9506172839506166e-05	0.13377325236797333
36720	-2.304472	-2.020508	-1.848150	0.099811	0.133778	0.157528	0.05414915457367897	5.925925925925925e-05	0.13377641141414642
36840	-2.307814	-2.020653	-1.847269	0.099478	0.133775	0.157667	0.05415326450020075	2.6337448559670777e-05	0.1337745040655136
36960	-2.309835	-2.021011	-1.846223	0.099278	0.133733	0.157832	0.05417415667325258	5.925925925925925e-05	0.13373519480228424
37080	-2.310368	-2.021066	-1.846171	0.099225	0.133727	0.157840	0.054192221350967885	3.9506172839506166e-05	0.13372668623924255
37200	-2.311165	-2.020671	-1.845185	0.099146	0.133787	0.157996	0.054158526659011844	2.6337448559670777e-05	0.1337859332561493
37320	-2.313049	-2.020245	-1.844320	0.098959	0.133851	0.158133	0.05411787386983633	3.9506172839506166e-05	0.1338510662317276
37440	-2.314951	-2.020194	-1.843487	0.098771	0.133864	0.158265	0.054116159304976465	2.6337448559670777e-05	0.13386376202106476
37560	-2.314872	-2.019746	-1.841393	0.098779	0.133929	0.158596	0.05408361069858074	2.6337448559670777e-05	0.13392746448516846
37680	-2.316096	-2.019632	-1.840829	0.098658	0.133953	0.158686	0.05406936146318912	2.6337448559670777e-05	0.13395185768604279
37800	-2.316406	-2.019202	-1.841015	0.098627	0.134014	0.158656	0.05403168685734272	2.6337448559670777e-05	0.1340123862028122
37920	-2.317454	-2.018679	-1.840196	0.098524	0.134083	0.158786	0.05398479979485273	2.6337448559670777e-05	0.13408154249191284
38040	-2.318051	-2.018042	-1.838803	0.098465	0.134172	0.159008	0.053925503976643085	1.7558299039780518e-05	0.134171262383461
38160	-2.318127	-2.017638	-1.838566	0.098458	0.134228	0.159045	0.053884264454245566	2.6337448559670777e-05	0.1342279314994812
38280	-2.318771	-2.017514	-1.839186	0.098394	0.134247	0.158947	0.05387813206762075	3.9506172839506166e-05	0.13424627482891083
38400	-2.320407	-2.017110	-1.838312	0.098234	0.134310	0.159086	0.053847772814333436	3.9506172839506166e-05	0.13430850207805634
38520	-2.322086	-2.016774	-1.838852	0.098069	0.134361	0.159000	0.05380733385682106	2.6337448559670777e-05	0.13436076045036316
38640	-2.322588	-2.016198	-1.837415	0.098020	0.134444	0.159229	0.05375454854220152	5.925925925925925e-05	0.13444416224956512
38760	-2.324106	-2.015813	-1.836826	0.097871	0.134500	0.159322	0.0537225553765893	5.925925925925925e-05	0.13449926674365997
38880	-2.325975	-2.016041	-1.836126	0.097688	0.134481	0.159434	0.053735205344855784	3.9506172839506166e-05	0.13448162376880646
39000	-2.327362	-2.015797	-1.835439	0.097553	0.134523	0.159543	0.053718107379972936	3.9506172839506166e-05	0.13452273607254028
39120	-2.327511	-2.015321	-1.833669	0.097538	0.134591	0.159826	0.053677956201136114	1.1705532693187011e-05	0.13459034264087677
39240	-2.326348	-2.014788	-1.833019	0.097652	0.134661	0.159930	0.053629995323717594	1.7558299039780518e-05	0.13466036319732666
39360	-2.326001	-2.014481	-1.832630	0.097686	0.134698	0.159992	0.05360571276396513	3.9506172839506166e-05	0.13469672203063965
39480	-2.324841	-2.013796	-1.831499	0.097799	0.134788	0.160173	0.05354382861405611	3.9506172839506166e-05	0.1347874402999878
39600	-2.325403	-2.012853	-1.830410	0.097744	0.134923	0.160348	0.053462302312254906	3.9506172839506166e-05	0.134921595454216
39720	-2.325612	-2.012362	-1.829694	0.097724	0.134987	0.160463	0.05341470576822758	3.9506172839506166e-05	0.13498641550540924
39840	-2.327061	-2.012185	-1.828458	0.097582	0.135017	0.160661	0.05339635331183672	2.6337448559670777e-05	0.1350165456533432
39960	-2.327586	-2.011714	-1.826802	0.097531	0.135085	0.160927	0.05335786733776331	5.925925925925925e-05	0.13508373498916626
40080	-2.327461	-2.011175	-1.825843	0.097543	0.135165	0.161082	0.05331195183098316	3.9506172839506166e-05	0.1351630836725235
40200	-2.327487	-2.010615	-1.824800	0.097541	0.135244	0.161250	0.05325924996286631	2.6337448559670777e-05	0.13524237275123596
40320	-2.329019	-2.010333	-1.822547	0.097391	0.135291	0.161614	0.05322936847805977	5.925925925925925e-05	0.13529030978679657
40440	-2.329964	-2.009977	-1.823150	0.097299	0.135341	0.161516	0.05319391880184412	2.6337448559670777e-05	0.13534073531627655
40560	-2.330404	-2.009989	-1.821524	0.097256	0.135343	0.161779	0.053188063390553	2.6337448559670777e-05	0.13534437119960785
40680	-2.330822	-2.009904	-1.819499	0.097216	0.135362	0.162107	0.053189460560679434	3.9506172839506166e-05	0.13536112010478973
40800	-2.332156	-2.009590	-1.819109	0.097086	0.135418	0.162170	0.05316300261765718	5.925925925925925e-05	0.13541729748249054
40920	-2.335353	-2.009984	-1.819443	0.096776	0.135376	0.162116	0.05319805964827538	3.9506172839506166e-05	0.1353752315044403
41040	-2.338959	-2.010117	-1.817867	0.096428	0.135370	0.162372	0.05320780202746391	3.9506172839506166e-05	0.13536930084228516
41160	-2.338824	-2.010044	-1.818268	0.096441	0.135382	0.162307	0.053197313100099564	5.925925925925925e-05	0.1353818029165268
41280	-2.338195	-2.009520	-1.819313	0.096502	0.135448	0.162137	0.05315937921404838	3.9506172839506166e-05	0.13544724881649017
41400	-2.338802	-2.008934	-1.819303	0.096443	0.135531	0.162139	0.05310897454619408	5.925925925925925e-05	0.13552987575531006
41520	-2.338760	-2.008388	-1.818109	0.096447	0.135602	0.162332	0.05305265821516514	3.9506172839506166e-05	0.13560155034065247
41640	-2.339920	-2.007932	-1.818114	0.096335	0.135669	0.162332	0.053014881908893585	3.9506172839506166e-05	0.13566854596138
41760	-2.341661	-2.007869	-1.819973	0.096168	0.135686	0.162030	0.053005613200366494	5.925925925925925e-05	0.1356864720582962
41880	-2.342381	-2.007488	-1.820064	0.096099	0.135738	0.162015	0.05297553427517414	3.9506172839506166e-05	0.13573691248893738
42000	-2.342839	-2.007689	-1.819341	0.096055	0.135718	0.162133	0.052985621802508834	3.9506172839506166e-05	0.13571882247924805
42120	-2.343626	-2.007429	-1.819657	0.095979	0.135762	0.162081	0.0529716519638896	3.9506172839506166e-05	0.13576088845729828
42240	-2.345055	-2.007205	-1.818184	0.095842	0.135800	0.162320	0.052947075478732585	3.9506172839506166e-05	0.13579922914505005
42360	-2.346696	-2.007495	-1.819105	0.095685	0.135764	0.162171	0.05296992119401693	3.9506172839506166e-05	0.135763481259346
42480	-2.348325	-2.007325	-1.817632	0.095529	0.135794	0.162410	0.0529593113809824	3.9506172839506166e-05	0.13579337298870087
42600	-2.348496	-2.007038	-1.816070	0.095513	0.135832	0.162664	0.05292767956852913	2.6337448559670777e-05	0.13583238422870636
42720	-2.349693	-2.007470	-1.816442	0.095398	0.135779	0.162603	0.05297291502356529	3.9506172839506166e-05	0.13577835261821747
42840	-2.352374	-2.007780	-1.817271	0.095143	0.135746	0.162468	0.052993235364556315	5.925925925925925e-05	0.13574622571468353
42960	-2.354348	-2.008095	-1.816391	0.094955	0.135710	0.162612	0.05302115548402071	5.925925925925925e-05	0.13571062684059143
43080	-2.355263	-2.008344	-1.815016	0.094869	0.135682	0.162835	0.053043100796639917	3.9506172839506166e-05	0.13568182289600372
43200	-2.355962	-2.007717	-1.813360	0.094802	0.135778	0.163105	0.052996516600251196	3.9506172839506166e-05	0.1357772946357727
43320	-2.355259	-2.007209	-1.812142	0.094869	0.135850	0.163304	0.052957352809607984	5.925925925925925e-05	0.13584740459918976
43440	-2.356052	-2.006340	-1.808660	0.094794	0.135979	0.163874	0.05288037937134504	5.925925925925925e-05	0.13597722351551056
43560	-2.355398	-2.005848	-1.806198	0.094856	0.136049	0.164278	0.05282726027071476	2.6337448559670777e-05	0.13604792952537537
43680	-2.355576	-2.005559	-1.805902	0.094839	0.136087	0.164326	0.05279477331787348	5.925925925925925e-05	0.1360866278409958
43800	-2.356193	-2.005168	-1.805515	0.094780	0.136143	0.164390	0.05276637431234121	5.925925925925925e-05	0.13614192605018616
43920	-2.356966	-2.004579	-1.804917	0.094707	0.136228	0.164488	0.05271787270903587	2.6337448559670777e-05	0.1362268179655075
44040	-2.357666	-2.004045	-1.803938	0.094641	0.136312	0.164649	0.05266618300229311	5.925925925925925e-05	0.13631077110767365
44160	-2.359761	-2.002949	-1.803497	0.094443	0.136470	0.164722	0.05256641041487455	3.9506172839506166e-05	0.1364697962999344
44280	-2.360793	-2.002776	-1.803810	0.094345	0.136499	0.164670	0.05254305228590965	5.925925925925925e-05	0.13649997115135193
44400	-2.362893	-2.003055	-1.803872	0.094147	0.136468	0.164660	0.05257723480463028	5.925925925925925e-05	0.13646715879440308
44520	-2.364024	-2.002840	-1.802404	0.094041	0.136506	0.164902	0.0525485422462225	3.9506172839506166e-05	0.1365067958831787
44640	-2.367173	-2.003555	-1.799504	0.093745	0.136426	0.165381	0.0525960024446249	3.9506172839506166e-05	0.13642828166484833
44760	-2.368371	-2.003724	-1.800977	0.093633	0.136413	0.165138	0.05263033825904131	5.925925925925925e-05	0.13641329109668732
44880	-2.369630	-2.003907	-1.800923	0.093515	0.136395	0.165146	0.05264955796301365	3.9506172839506166e-05	0.1363949179649353
45000	-2.370732	-2.003895	-1.798080	0.093412	0.136402	0.165617	0.052638665027916434	5.925925925925925e-05	0.13640372455120087
45120	-2.370835	-2.003432	-1.796550	0.093403	0.136473	0.165870	0.05260989014059305	2.6337448559670777e-05	0.13647271692752838
45240	-2.370508	-2.002800	-1.796341	0.093433	0.136561	0.165905	0.052552574500441554	3.9506172839506166e-05	0.1365601122379303
45360	-2.370674	-2.002329	-1.795990	0.093418	0.136630	0.165963	0.05251772031188011	3.9506172839506166e-05	0.13662753999233246
45480	-2.371200	-2.002128	-1.793861	0.093369	0.136656	0.166317	0.05248315650969744	5.925925925925925e-05	0.13665711879730225
45600	-2.371840	-2.002120	-1.794657	0.093309	0.136661	0.166184	0.05248166769742966	5.925925925925925e-05	0.13666191697120667
45720	-2.373329	-2.001544	-1.793238	0.093170	0.136748	0.166420	0.0524386016651988	3.9506172839506166e-05	0.13674773275852203
45840	-2.376137	-2.001606	-1.793331	0.092909	0.136751	0.166405	0.052440549992024896	5.925925925925925e-05	0.1367509961128235
45960	-2.376214	-2.001348	-1.791334	0.092902	0.136797	0.166738	0.05242182239890099	2.6337448559670777e-05	0.13679581880569458
46080	-2.377524	-2.000674	-1.788532	0.092780	0.136901	0.167205	0.05235954895615578	3.9506172839506166e-05	0.13689999282360077
46200	-2.380203	-2.000335	-1.786464	0.092532	0.136963	0.167552	0.05232907608151436	5.925925925925925e-05	0.1369619071483612
46320	-2.384123	-2.000557	-1.784876	0.092170	0.136941	0.167818	0.05234250221401453	5.925925925925925e-05	0.13694119453430176
46440	-2.387719	-2.000707	-1.783907	0.091839	0.136935	0.167981	0.05236083026975393	3.9506172839506166e-05	0.13693438470363617
46560	-2.389676	-2.000969	-1.784068	0.091659	0.136911	0.167954	0.05238072443753481	3.9506172839506166e-05	0.13691110908985138
46680	-2.390697	-2.001253	-1.783573	0.091566	0.136884	0.168037	0.0524138443171978	2.6337448559670777e-05	0.13688303530216217
46800	-2.392337	-2.001633	-1.783906	0.091416	0.136841	0.167981	0.0524382933974266	5.925925925925925e-05	0.1368408054113388
46920	-2.393826	-2.002173	-1.783011	0.091280	0.136785	0.168131	0.052491151914000514	3.9506172839506166e-05	0.13678482174873352
47040	-2.396549	-2.002824	-1.783070	0.091032	0.136709	0.168121	0.05254439115524292	3.9506172839506166e-05	0.1367095559835434
47160	-2.396478	-2.002594	-1.782204	0.091038	0.136747	0.168267	0.0525355014950037	3.9506172839506166e-05	0.1367453783750534
47280	-2.397784	-2.001971	-1.780742	0.090919	0.136839	0.168513	0.05248144194483757	2.6337448559670777e-05	0.1368384063243866
47400	-2.399219	-2.001811	-1.780204	0.090789	0.136871	0.168604	0.05245972573757172	3.9506172839506166e-05	0.1368711292743683
47520	-2.401809	-2.001330	-1.779026	0.090554	0.136952	0.168803	0.05242098160088062	3.9506172839506166e-05	0.13695169985294342
47640	-2.402436	-2.000996	-1.777449	0.090497	0.137003	0.169069	0.05238266196101904	2.6337448559670777e-05	0.13700273633003235
47760	-2.403151	-2.001130	-1.776831	0.090433	0.136993	0.169173	0.05239487159997225	3.9506172839506166e-05	0.13699284195899963
47880	-2.404153	-2.001275	-1.775140	0.090342	0.136980	0.169460	0.05240824650973082	3.9506172839506166e-05	0.13697980344295502
48000	-2.407801	-2.001943	-1.771913	0.090013	0.136907	0.170007	0.052452326752245426	3.9506172839506166e-05	0.13690868020057678
48120	-2.410246	-2.002376	-1.771906	0.089793	0.136862	0.170009	0.05250863246619701	3.9506172839506166e-05	0.1368626356124878
48240	-2.412795	-2.002820	-1.770151	0.089565	0.136818	0.170307	0.052543803676962854	5.925925925925925e-05	0.13681864738464355
48360	-2.415354	-2.002881	-1.769959	0.089336	0.136820	0.170340	0.05255198366940021	5.925925925925925e-05	0.1368204802274704
48480	-2.416006	-2.003221	-1.770927	0.089277	0.136778	0.170175	0.05258932448923588	3.9506172839506166e-05	0.13677731156349182
48600	-2.417669	-2.003835	-1.771646	0.089129	0.136699	0.170053	0.05264060795307159	5.925925925925925e-05	0.13669919967651367
48720	-2.419490	-2.004442	-1.769342	0.088967	0.136628	0.170445	0.05268972832709551	3.9506172839506166e-05	0.13662879168987274
48840	-2.421459	-2.004894	-1.768910	0.088792	0.136571	0.170519	0.0527325427159667	3.9506172839506166e-05	0.13657133281230927
48960	-2.422712	-2.005542	-1.768717	0.088681	0.136492	0.170552	0.05278840512037277	5.925925925925925e-05	0.1364932507276535
49080	-2.424354	-2.005707	-1.768710	0.088535	0.136476	0.170553	0.052808808721601964	3.9506172839506166e-05	0.13647623360157013
49200	-2.426353	-2.005508	-1.768077	0.088359	0.136511	0.170661	0.05279224701225758	3.9506172839506166e-05	0.1365104466676712
49320	-2.426831	-2.005173	-1.768604	0.088316	0.136561	0.170571	0.05276262294501066	3.9506172839506166e-05	0.13656064867973328
49440	-2.426801	-2.004614	-1.766436	0.088319	0.136646	0.170941	0.052715424448251724	5.925925925925925e-05	0.13664521276950836
49560	-2.428683	-2.004637	-1.766065	0.088153	0.136654	0.171005	0.05271087996661663	3.9506172839506166e-05	0.13665424287319183
49680	-2.430713	-2.004591	-1.763849	0.087974	0.136680	0.171384	0.05271083675324917	3.9506172839506166e-05	0.13667990267276764
49800	-2.431978	-2.004963	-1.763644	0.087863	0.136635	0.171419	0.05273851566016674	3.9506172839506166e-05	0.13663597404956818
49920	-2.432765	-2.004864	-1.764088	0.087794	0.136661	0.171343	0.052739440277218816	2.6337448559670777e-05	0.13665978610515594
50040	-2.434887	-2.004843	-1.761780	0.087608	0.136674	0.171739	0.052728979289531706	5.925925925925925e-05	0.13667398691177368
50160	-2.436272	-2.005454	-1.762957	0.087486	0.136599	0.171537	0.0527804559096694	5.925925925925925e-05	0.13659970462322235
50280	-2.438023	-2.005902	-1.762484	0.087333	0.136548	0.171618	0.05282627549022436	5.925925925925925e-05	0.1365477740764618
50400	-2.438468	-2.006301	-1.762068	0.087295	0.136504	0.171689	0.05285343211144209	5.925925925925925e-05	0.13650530576705933
50520	-2.439656	-2.007371	-1.762110	0.087191	0.136352	0.171682	0.05295285005122423	3.9506172839506166e-05	0.13635212182998657
50640	-2.444002	-2.008161	-1.761770	0.086813	0.136271	0.171741	0.05301648769527674	5.925925925925925e-05	0.13627320528030396
50760	-2.446796	-2.008704	-1.760291	0.086571	0.136214	0.171995	0.053075783886015415	5.925925925925925e-05	0.13621507585048676
50880	-2.447945	-2.009181	-1.760183	0.086471	0.136156	0.172013	0.05311186090111732	5.925925925925925e-05	0.13615746796131134
51000	-2.451793	-2.009444	-1.757735	0.086139	0.136138	0.172435	0.05314214024692774	3.9506172839506166e-05	0.13613812625408173
51120	-2.452497	-2.009733	-1.756854	0.086078	0.136112	0.172587	0.053171468712389466	3.9506172839506166e-05	0.13611164689064026
51240	-2.452465	-2.009485	-1.754353	0.086081	0.136147	0.173019	0.05315044783055782	2.6337448559670777e-05	0.13614679872989655
51360	-2.452959	-2.009092	-1.754580	0.086039	0.136204	0.172980	0.05311247780919075	2.6337448559670777e-05	0.136204332113266
51480	-2.452889	-2.008913	-1.754683	0.086045	0.136232	0.172962	0.05310465022921562	5.925925925925925e-05	0.13623137772083282
51600	-2.452420	-2.008783	-1.753514	0.086085	0.136256	0.173164	0.053083517029881476	5.925925925925925e-05	0.13625599443912506
51720	-2.454783	-2.008968	-1.752596	0.085882	0.136247	0.173323	0.05309542566537857	5.925925925925925e-05	0.1362476646900177
51840	-2.457238	-2.009614	-1.752372	0.085671	0.136163	0.173362	0.05314894039183855	3.9506172839506166e-05	0.13616473972797394
51960	-2.458444	-2.009685	-1.752315	0.085568	0.136161	0.173372	0.05317046642303467	5.925925925925925e-05	0.13616017997264862
52080	-2.459060	-2.009899	-1.751204	0.085515	0.136143	0.173565	0.05317911487072706	5.925925925925925e-05	0.13614404201507568
52200	-2.459910	-2.010406	-1.751829	0.085443	0.136086	0.173456	0.05322595424950123	5.925925925925925e-05	0.13608653843402863
52320	-2.462085	-2.010720	-1.751197	0.085257	0.136060	0.173566	0.05325965005904436	3.9506172839506166e-05	0.13606001436710358
52440	-2.464354	-2.011529	-1.751895	0.085064	0.135963	0.173445	0.05332466270774603	5.925925925925925e-05	0.1359640210866928
52560	-2.469138	-2.012152	-1.748877	0.084658	0.135907	0.173969	0.05338573940098286	5.925925925925925e-05	0.13590748608112335
52680	-2.471258	-2.012556	-1.748056	0.084479	0.135872	0.174112	0.05342234428972006	5.925925925925925e-05	0.13587209582328796
52800	-2.473692	-2.012923	-1.747614	0.084273	0.135831	0.174189	0.053455862775444986	5.925925925925925e-05	0.13583146035671234
52920	-2.477415	-2.013508	-1.749125	0.083960	0.135761	0.173926	0.053506465442478654	3.9506172839506166e-05	0.13576170802116394
53040	-2.479982	-2.013855	-1.748792	0.083745	0.135722	0.173984	0.05354807619005442	2.6337448559670777e-05	0.13572120666503906
53160	-2.481741	-2.013904	-1.748490	0.083598	0.135727	0.174036	0.05354700684547424	3.9506172839506166e-05	0.13572709262371063
53280	-2.482487	-2.013813	-1.748394	0.083535	0.135749	0.174053	0.05354409255087376	2.6337448559670777e-05	0.13574789464473724
53400	-2.484775	-2.013854	-1.749399	0.083344	0.135752	0.173878	0.053540405817329884	5.925925925925925e-05	0.1357528567314148
53520	-2.485764	-2.013612	-1.748243	0.083262	0.135786	0.174079	0.05352216586470604	5.925925925925925e-05	0.1357852965593338
53640	-2.487417	-2.012916	-1.747602	0.083124	0.135891	0.174191	0.05347163118422031	5.925925925925925e-05	0.13588860630989075
53760	-2.489630	-2.013193	-1.747162	0.082941	0.135860	0.174268	0.05347615648061037	5.925925925925925e-05	0.13586042821407318
53880	-2.491881	-2.013273	-1.746211	0.082754	0.135861	0.174434	0.05348929427564144	2.6337448559670777e-05	0.13586026430130005
54000	-2.493748	-2.013380	-1.745546	0.082600	0.135857	0.174550	0.05348834972828627	5.925925925925925e-05	0.13585859537124634
54120	-2.494550	-2.013540	-1.743829	0.082534	0.135849	0.174850	0.05351207666099071	3.9506172839506166e-05	0.1358494758605957
54240	-2.496793	-2.013643	-1.742848	0.082349	0.135843	0.175021	0.05351883247494697	5.925925925925925e-05	0.1358436942100525
54360	-2.500646	-2.014079	-1.741905	0.082032	0.135806	0.175186	0.053556452691555026	5.925925925925925e-05	0.13580642640590668
54480	-2.503884	-2.014455	-1.740662	0.081767	0.135777	0.175404	0.05359002575278282	5.925925925925925e-05	0.13577836751937866
54600	-2.506468	-2.015261	-1.740067	0.081556	0.135684	0.175509	0.05366038922220469	5.925925925925925e-05	0.13568474352359772
54720	-2.508563	-2.015597	-1.739354	0.081385	0.135652	0.175634	0.05369871351867914	3.9506172839506166e-05	0.135652095079422
54840	-2.510857	-2.016109	-1.739884	0.081199	0.135598	0.175541	0.0537440424785018	5.925925925925925e-05	0.1355975866317749
54960	-2.513561	-2.016870	-1.740931	0.080979	0.135512	0.175357	0.05380365289747715	3.9506172839506166e-05	0.13551342487335205
55080	-2.514534	-2.017070	-1.739860	0.080901	0.135507	0.175545	0.0538286667317152	3.9506172839506166e-05	0.13550759851932526
55200	-2.514688	-2.016990	-1.739715	0.080888	0.135522	0.175570	0.053826707601547244	5.925925925925925e-05	0.13552193343639374
55320	-2.515361	-2.016618	-1.739166	0.080834	0.135581	0.175667	0.05379524808377027	3.9506172839506166e-05	0.1355801671743393
55440	-2.514970	-2.016137	-1.738138	0.080865	0.135659	0.175848	0.053750045225024225	3.9506172839506166e-05	0.13565848767757416
55560	-2.516141	-2.016301	-1.736005	0.080771	0.135642	0.176223	0.0537620035931468	2.6337448559670777e-05	0.13564175367355347
55680	-2.517395	-2.016402	-1.735833	0.080670	0.135642	0.176253	0.053766698390245435	5.925925925925925e-05	0.13564284145832062
55800	-2.520278	-2.016471	-1.735122	0.080437	0.135646	0.176379	0.05377893820405007	5.925925925925925e-05	0.13564571738243103
55920	-2.522970	-2.016542	-1.734895	0.080221	0.135646	0.176419	0.0537857772782445	5.925925925925925e-05	0.13564608991146088
56040	-2.525560	-2.016937	-1.734377	0.080013	0.135604	0.176510	0.05382437128573656	2.6337448559670777e-05	0.13560287654399872
56160	-2.526756	-2.017145	-1.733763	0.079918	0.135595	0.176619	0.05383484810590744	5.925925925925925e-05	0.13559578359127045
56280	-2.527900	-2.017482	-1.732834	0.079826	0.135566	0.176783	0.053861734457314014	5.925925925925925e-05	0.1355668157339096
56400	-2.529595	-2.017432	-1.732181	0.079691	0.135583	0.176898	0.05387305226176977	3.9506172839506166e-05	0.1355808973312378
56520	-2.531207	-2.017185	-1.730486	0.079563	0.135630	0.177198	0.053841678984463216	3.9506172839506166e-05	0.1356302946805954
56640	-2.534585	-2.017889	-1.728564	0.079295	0.135560	0.177539	0.053894372470676896	5.925925925925925e-05	0.135562002658844
56760	-2.536334	-2.018252	-1.729684	0.079156	0.135526	0.177340	0.053935912996530534	5.925925925925925e-05	0.13552576303482056
56880	-2.541913	-2.019030	-1.729658	0.078716	0.135443	0.177345	0.054011205397546294	5.925925925925925e-05	0.13544206321239471
57000	-2.543412	-2.019057	-1.728231	0.078598	0.135456	0.177598	0.05401188377290964	3.9506172839506166e-05	0.13545647263526917
57120	-2.545394	-2.019102	-1.728426	0.078442	0.135466	0.177564	0.054017328470945356	3.9506172839506166e-05	0.1354653537273407
57240	-2.546185	-2.018875	-1.728263	0.078380	0.135502	0.177593	0.05399844869971275	3.9506172839506166e-05	0.13550199568271637
57360	-2.548076	-2.018464	-1.726186	0.078232	0.135578	0.177962	0.053965292498469354	3.9506172839506166e-05	0.13557717204093933
57480	-2.549878	-2.018689	-1.726626	0.078091	0.135560	0.177884	0.053976107574999335	5.925925925925925e-05	0.1355595737695694
57600	-2.550953	-2.018545	-1.726286	0.078007	0.135589	0.177944	0.05396149847656488	3.9506172839506166e-05	0.1355893462896347
57720	-2.553111	-2.018887	-1.725214	0.077839	0.135563	0.178135	0.053995135240256786	2.6337448559670777e-05	0.13556337356567383
57840	-2.555910	-2.018936	-1.724541	0.077622	0.135577	0.178255	0.053995706140995026	3.9506172839506166e-05	0.1355772763490677
57960	-2.557429	-2.018769	-1.722616	0.077504	0.135607	0.178598	0.053986313939094546	5.925925925925925e-05	0.1356070637702942
58080	-2.560508	-2.019437	-1.721638	0.077265	0.135545	0.178773	0.05404022801667452	5.925925925925925e-05	0.13554470241069794
58200	-2.562233	-2.019722	-1.721303	0.077132	0.135515	0.178833	0.05405782163143158	5.925925925925925e-05	0.13551674783229828
58320	-2.564638	-2.019545	-1.720459	0.076947	0.135557	0.178984	0.054056393541395666	5.925925925925925e-05	0.1355561465024948
58440	-2.566967	-2.019662	-1.719935	0.076768	0.135555	0.179078	0.05405954997986555	5.925925925925925e-05	0.1355564445257187
58560	-2.569100	-2.019472	-1.717985	0.076604	0.135607	0.179427	0.05405643098056316	2.6337448559670777e-05	0.13560526072978973
58680	-2.570008	-2.019725	-1.717588	0.076535	0.135585	0.179499	0.05406912788748741	5.925925925925925e-05	0.1355845183134079
58800	-2.571212	-2.019326	-1.715910	0.076443	0.135658	0.179800	0.054042157158255576	3.9506172839506166e-05	0.1356564164161682
58920	-2.573656	-2.019511	-1.714395	0.076256	0.135654	0.180073	0.05405382625758648	3.9506172839506166e-05	0.13565343618392944
59040	-2.576185	-2.019987	-1.714979	0.076064	0.135597	0.179968	0.054094507731497286	3.9506172839506166e-05	0.13559724390506744
59160	-2.577931	-2.019875	-1.714583	0.075931	0.135629	0.180039	0.05408406015485525	2.6337448559670777e-05	0.1356285959482193
59280	-2.578473	-2.019453	-1.713129	0.075890	0.135697	0.180301	0.054050765745341775	2.6337448559670777e-05	0.13569581508636475
59400	-2.578268	-2.018853	-1.710913	0.075905	0.135784	0.180701	0.05399481803178787	3.9506172839506166e-05	0.1357840597629547
59520	-2.578942	-2.018964	-1.711089	0.075854	0.135779	0.180669	0.053992190025746824	3.9506172839506166e-05	0.1357806921005249
59640	-2.578628	-2.018523	-1.710298	0.075878	0.135847	0.180812	0.05396787691861391	2.6337448559670777e-05	0.13584643602371216
59760	-2.579061	-2.018180	-1.710670	0.075845	0.135901	0.180745	0.053933652117848396	3.9506172839506166e-05	0.13590005040168762
59880	-2.579869	-2.018008	-1.709695	0.075784	0.135936	0.180921	0.05391648486256599	3.9506172839506166e-05	0.13593606650829315
60000	-2.581769	-2.017774	-1.708464	0.075640	0.135994	0.181144	0.05389729645103216	3.9506172839506166e-05	0.13599295914173126
60120	-2.582720	-2.017750	-1.706782	0.075568	0.136009	0.181449	0.05390313416719437	3.9506172839506166e-05	0.13600797951221466
60240	-2.584590	-2.018022	-1.708316	0.075427	0.135988	0.181171	0.05391165781766176	5.925925925925925e-05	0.1359880268573761
60360	-2.585480	-2.017774	-1.707316	0.075360	0.136037	0.181352	0.05388903096318245	3.9506172839506166e-05	0.13603760302066803
60480	-2.587140	-2.017746	-1.707181	0.075235	0.136050	0.181376	0.0538916077464819	3.9506172839506166e-05	0.1360500156879425
60600	-2.587098	-2.017280	-1.705656	0.075238	0.136129	0.181653	0.05384501442313194	5.925925925925925e-05	0.13613015413284302
60720	-2.590731	-2.017917	-1.703542	0.074965	0.136070	0.182038	0.053901519440114495	5.925925925925925e-05	0.13607153296470642
60840	-2.591774	-2.018495	-1.701780	0.074887	0.136006	0.182359	0.05394917335361242	5.925925925925925e-05	0.13600780069828033
60960	-2.593864	-2.018888	-1.699484	0.074731	0.135974	0.182778	0.0539992805570364	5.925925925925925e-05	0.13597340881824493
61080	-2.595337	-2.018554	-1.697957	0.074621	0.136033	0.183057	0.053968984819948676	2.6337448559670777e-05	0.13603228330612183
61200	-2.595711	-2.018337	-1.698523	0.074593	0.136059	0.182954	0.053948084078729155	2.6337448559670777e-05	0.13605904579162598
61320	-2.596445	-2.017993	-1.697181	0.074538	0.136115	0.183199	0.05392038859426975	2.6337448559670777e-05	0.13611431419849396
61440	-2.596880	-2.017452	-1.696864	0.074506	0.136190	0.183257	0.05387393534183502	3.9506172839506166e-05	0.13618862628936768
61560	-2.596994	-2.017268	-1.695425	0.074497	0.136224	0.183521	0.053854307159781456	3.9506172839506166e-05	0.1362226903438568
61680	-2.598147	-2.017410	-1.694822	0.074411	0.136221	0.183632	0.05386322140693665	3.9506172839506166e-05	0.1362205594778061
61800	-2.598034	-2.016667	-1.693760	0.074420	0.136334	0.183827	0.05380391851067543	2.6337448559670777e-05	0.13633237779140472
61920	-2.598979	-2.016397	-1.693969	0.074349	0.136394	0.183789	0.053771132975816725	3.9506172839506166e-05	0.13639366626739502
62040	-2.599705	-2.016085	-1.691741	0.074296	0.136455	0.184198	0.053749910369515416	3.9506172839506166e-05	0.13645343482494354
62160	-2.599290	-2.015732	-1.691196	0.074326	0.136508	0.184299	0.05371863599866629	3.9506172839506166e-05	0.13650697469711304
62280	-2.599829	-2.015228	-1.689765	0.074286	0.136592	0.184563	0.05366697236895561	3.9506172839506166e-05	0.136591836810112
62400	-2.601127	-2.015249	-1.689803	0.074190	0.136602	0.184556	0.053663824871182444	3.9506172839506166e-05	0.1366031914949417
62520	-2.603042	-2.015235	-1.688809	0.074048	0.136617	0.184739	0.05367117561399937	5.925925925925925e-05	0.1366165727376938
62640	-2.603605	-2.015119	-1.686725	0.074006	0.136651	0.185125	0.053645162098109725	5.925925925925925e-05	0.13665200769901276
62760	-2.606386	-2.015480	-1.686219	0.073801	0.136621	0.185219	0.05369180608540773	2.6337448559670777e-05	0.13662029802799225
62880	-2.607939	-2.014511	-1.683138	0.073686	0.136770	0.185790	0.05360838286578655	2.6337448559670777e-05	0.13676922023296356
63000	-2.607909	-2.014409	-1.683118	0.073688	0.136787	0.185794	0.05359610915184021	3.9506172839506166e-05	0.13678617775440216
63120	-2.608076	-2.014037	-1.681977	0.073676	0.136844	0.186006	0.053562415204942225	1.1705532693187011e-05	0.1368435025215149
63240	-2.608175	-2.013790	-1.681105	0.073669	0.136883	0.186168	0.05354147255420685	7.803688462124674e-06	0.13688281178474426
63360	-2.606896	-2.013260	-1.680561	0.073763	0.136957	0.186269	0.05349583867937326	1.7558299039780518e-05	0.1369558572769165
63480	-2.606272	-2.012828	-1.680238	0.073809	0.137022	0.186330	0.05345336962491274	2.6337448559670777e-05	0.13702097535133362
63600	-2.606860	-2.012416	-1.679468	0.073766	0.137084	0.186473	0.05341869555413723	3.9506172839506166e-05	0.13708262145519257
63720	-2.607036	-2.012248	-1.679503	0.073753	0.137113	0.186467	0.05340483412146568	2.6337448559670777e-05	0.13711217045783997
63840	-2.607950	-2.011453	-1.678432	0.073685	0.137233	0.186667	0.053338495269417766	2.6337448559670777e-05	0.13723142445087433
63960	-2.607334	-2.010809	-1.677343	0.073731	0.137323	0.186870	0.053276861645281316	3.9506172839506166e-05	0.13732202351093292
64080	-2.607857	-2.010357	-1.675396	0.073692	0.137393	0.187234	0.053228821605443954	2.6337448559670777e-05	0.1373922973871231
64200	-2.607839	-2.009817	-1.673843	0.073694	0.137474	0.187525	0.053184509836137296	3.9506172839506166e-05	0.1374734342098236
64320	-2.607794	-2.009537	-1.672683	0.073697	0.137524	0.187743	0.05315129719674587	3.9506172839506166e-05	0.13752365112304688
64440	-2.607879	-2.009494	-1.672413	0.073691	0.137531	0.187793	0.053144727274775504	3.9506172839506166e-05	0.13753238320350647
64560	-2.608832	-2.009134	-1.672095	0.073621	0.137588	0.187853	0.053119879215955734	1.7558299039780518e-05	0.1375872641801834
64680	-2.607899	-2.008810	-1.671844	0.073689	0.137637	0.187900	0.05309256389737129	2.6337448559670777e-05	0.13763636350631714
64800	-2.607778	-2.008234	-1.669625	0.073698	0.137731	0.188318	0.053047513030469416	5.925925925925925e-05	0.13772909343242645
64920	-2.608174	-2.007863	-1.668385	0.073669	0.137790	0.188551	0.053001233376562595	3.9506172839506166e-05	0.13779042661190033
65040	-2.609314	-2.007789	-1.668828	0.073585	0.137801	0.188468	0.05300790593028069	2.6337448559670777e-05	0.13780033588409424
65160	-2.608828	-2.007459	-1.668729	0.073621	0.137845	0.188486	0.0529693627730012	1.1705532693187011e-05	0.1378449946641922
65280	-2.609289	-2.007123	-1.669046	0.073587	0.137896	0.188427	0.05294935405254364	3.9506172839506166e-05	0.13789309561252594
65400	-2.608391	-2.006244	-1.667131	0.073653	0.138025	0.188788	0.05286652110517025	2.6337448559670777e-05	0.1380242109298706
65520	-2.608661	-2.005924	-1.666057	0.073633	0.138077	0.188991	0.05282926447689533	2.6337448559670777e-05	0.1380767673254013
65640	-2.608826	-2.005363	-1.665305	0.073621	0.138157	0.189133	0.05278258677572012	1.7558299039780518e-05	0.13815633952617645
65760	-2.609287	-2.005001	-1.664652	0.073587	0.138209	0.189257	0.05275194961577654	1.7558299039780518e-05	0.13820822536945343
65880	-2.609537	-2.004594	-1.664439	0.073569	0.138271	0.189297	0.0527094729244709	3.9506172839506166e-05	0.13827069103717804
66000	-2.609178	-2.004180	-1.663442	0.073595	0.138333	0.189486	0.0526762530207634	3.9506172839506166e-05	0.13833269476890564
66120	-2.608223	-2.003740	-1.664528	0.073665	0.138391	0.189280	0.05263908188790083	2.6337448559670777e-05	0.13839015364646912
66240	-2.608742	-2.003412	-1.664639	0.073627	0.138440	0.189259	0.05260739829391241	3.9506172839506166e-05	0.13843999803066254
66360	-2.610426	-2.003161	-1.664096	0.073503	0.138487	0.189362	0.052589396759867665	5.925925925925925e-05	0.138485848903656
66480	-2.610925	-2.003455	-1.663833	0.073467	0.138456	0.189412	0.052598229981958865	3.9506172839506166e-05	0.13845708966255188
66600	-2.612614	-2.003242	-1.662932	0.073343	0.138497	0.189582	0.052593016810715196	3.9506172839506166e-05	0.13849656283855438
66720	-2.613959	-2.003319	-1.663375	0.073244	0.138495	0.189498	0.05258955527096987	3.9506172839506166e-05	0.1384957879781723
66840	-2.614102	-2.003419	-1.663059	0.073234	0.138491	0.189558	0.05259636677801609	5.925925925925925e-05	0.1384916454553604
66960	-2.613974	-2.003002	-1.661390	0.073243	0.138565	0.189875	0.05257011316716671	3.9506172839506166e-05	0.13856473565101624
67080	-2.615184	-2.002716	-1.660335	0.073154	0.138618	0.190075	0.05254578609019518	2.6337448559670777e-05	0.13861681520938873
67200	-2.614170	-2.002079	-1.659845	0.073229	0.138708	0.190168	0.05248765591531992	1.7558299039780518e-05	0.13870728015899658
67320	-2.613775	-2.001756	-1.660131	0.073257	0.138758	0.190114	0.052457121387124064	2.6337448559670777e-05	0.13875705003738403
67440	-2.614371	-2.001168	-1.659351	0.073214	0.138852	0.190262	0.052414059080183505	3.9506172839506166e-05	0.13884936273097992
67560	-2.613974	-2.000638	-1.657980	0.073243	0.138935	0.190523	0.05235695466399193	1.7558299039780518e-05	0.1389344036579132
67680	-2.614631	-2.000021	-1.656685	0.073195	0.139029	0.190770	0.05230176243931055	5.925925925925925e-05	0.13902787864208221
67800	-2.614325	-1.999232	-1.656780	0.073217	0.139147	0.190752	0.052231194265186784	2.6337448559670777e-05	0.139146625995636
67920	-2.614264	-1.998636	-1.656348	0.073222	0.139236	0.190835	0.05218535233289003	2.6337448559670777e-05	0.1392345428466797
68040	-2.614205	-1.998085	-1.654647	0.073226	0.139325	0.191159	0.05212259963154793	1.7558299039780518e-05	0.13932529091835022
68160	-2.614250	-1.997777	-1.653719	0.073223	0.139379	0.191337	0.05209814161062241	3.9506172839506166e-05	0.1393783688545227
68280	-2.614874	-1.998090	-1.651652	0.073177	0.139347	0.191733	0.0521198395639658	3.9506172839506166e-05	0.13934747874736786
68400	-2.616503	-1.998384	-1.651103	0.073058	0.139312	0.191838	0.052142654359340665	3.9506172839506166e-05	0.13931308686733246
68520	-2.617442	-1.998785	-1.651178	0.072989	0.139266	0.191824	0.05218970254063606	3.9506172839506166e-05	0.13926443457603455
68640	-2.619040	-1.998861	-1.650468	0.072873	0.139269	0.191960	0.052196739800274373	5.925925925925925e-05	0.1392674744129181
68760	-2.619580	-1.998933	-1.648355	0.072833	0.139281	0.192366	0.05220496859401465	5.925925925925925e-05	0.13928009569644928
68880	-2.620401	-1.998956	-1.646903	0.072774	0.139286	0.192646	0.052203093841671946	5.925925925925925e-05	0.13928531110286713
69000	-2.622008	-1.998990	-1.646618	0.072657	0.139288	0.192701	0.0522087836638093	3.9506172839506166e-05	0.13928787410259247
69120	-2.620145	-1.998463	-1.645845	0.072792	0.139358	0.192850	0.05216152034699917	1.7558299039780518e-05	0.13935677707195282
69240	-2.619112	-1.998027	-1.644413	0.072868	0.139422	0.193126	0.052119283750653264	1.7558299039780518e-05	0.13942229747772217
69360	-2.618835	-1.997496	-1.643804	0.072888	0.139498	0.193244	0.05207923632115126	2.6337448559670777e-05	0.13949643075466156
69480	-2.618221	-1.996485	-1.641349	0.072932	0.139644	0.193719	0.05199023298919201	2.6337448559670777e-05	0.13964256644248962
69600	-2.618187	-1.996181	-1.639565	0.072935	0.139693	0.194065	0.05195002984255552	2.6337448559670777e-05	0.13969337940216064
69720	-2.619030	-1.996063	-1.637759	0.072874	0.139725	0.194415	0.05194112230092287	3.9506172839506166e-05	0.13972420990467072
69840	-2.618161	-1.995344	-1.634771	0.072937	0.139837	0.194997	0.051876253075897695	2.6337448559670777e-05	0.139836385846138
69960	-2.617922	-1.994752	-1.634014	0.072954	0.139920	0.195145	0.051829691790044305	3.9506172839506166e-05	0.1399192065000534
70080	-2.618601	-1.994555	-1.631996	0.072905	0.139966	0.195539	0.051807600818574426	3.9506172839506166e-05	0.13996565341949463
70200	-2.619834	-1.994517	-1.630352	0.072815	0.139989	0.195861	0.051804693043231965	3.9506172839506166e-05	0.1399890035390854
70320	-2.620328	-1.994169	-1.628476	0.072779	0.140065	0.196228	0.05176070928573608	5.925925925925925e-05	0.14006689190864563
70440	-2.620812	-1.994427	-1.628392	0.072744	0.140041	0.196245	0.05177791733294725	5.925925925925925e-05	0.1400432586669922
70560	-2.622623	-1.994516	-1.627038	0.072612	0.140038	0.196511	0.05180541705340147	3.9506172839506166e-05	0.14003649353981018
70680	-2.625294	-1.995501	-1.627490	0.072418	0.139921	0.196422	0.051879558339715005	5.925925925925925e-05	0.1399218589067459
70800	-2.626239	-1.995649	-1.625220	0.072350	0.139918	0.196868	0.05189805198460817	5.925925925925925e-05	0.13991934061050415
70920	-2.626407	-1.995574	-1.625248	0.072338	0.139939	0.196863	0.05189716815948486	3.9506172839506166e-05	0.1399393379688263
71040	-2.625853	-1.995391	-1.624602	0.072378	0.139972	0.196990	0.05188959259539842	3.9506172839506166e-05	0.1399708092212677
71160	-2.624702	-1.994862	-1.623510	0.072461	0.140046	0.197205	0.05184119958430529	3.9506172839506166e-05	0.14004424214363098
71280	-2.623844	-1.994127	-1.621603	0.072524	0.140160	0.197582	0.05177248362451792	1.7558299039780518e-05	0.14015913009643555
71400	-2.622936	-1.993435	-1.620656	0.072589	0.140260	0.197769	0.05171480365097523	2.6337448559670777e-05	0.14025798439979553
71520	-2.621174	-1.992971	-1.618955	0.072717	0.140334	0.198106	0.05166078712791204	3.9506172839506166e-05	0.14033439755439758
71640	-2.620667	-1.992791	-1.618819	0.072754	0.140359	0.198133	0.05165032278746366	1.7558299039780518e-05	0.1403587907552719
71760	-2.619900	-1.992489	-1.618478	0.072810	0.140409	0.198200	0.05162546541541815	2.6337448559670777e-05	0.1404086947441101
71880	-2.618843	-1.992048	-1.617143	0.072887	0.140487	0.198465	0.05158879123628139	5.925925925925925e-05	0.14048554003238678
72000	-2.618655	-1.991713	-1.617258	0.072901	0.140539	0.198442	0.05155319347977638	1.7558299039780518e-05	0.1405383199453354
72120	-2.617765	-1.991430	-1.616754	0.072966	0.140581	0.198542	0.051534586027264594	3.9506172839506166e-05	0.1405799686908722
72240	-2.618071	-1.991296	-1.616036	0.072943	0.140616	0.198685	0.05150833074003458	3.9506172839506166e-05	0.1406162977218628
72360	-2.619344	-1.991056	-1.615476	0.072851	0.140656	0.198796	0.05148924235254526	3.9506172839506166e-05	0.14065544307231903
72480	-2.619469	-1.991048	-1.613616	0.072842	0.140667	0.199166	0.051486514136195184	3.9506172839506166e-05	0.14066694676876068
72600	-2.621549	-1.991456	-1.613401	0.072690	0.140628	0.199209	0.05152125805616379	3.9506172839506166e-05	0.14062833786010742
72720	-2.623041	-1.991619	-1.612590	0.072582	0.140621	0.199371	0.051530534587800506	3.9506172839506166e-05	0.1406223028898239
72840	-2.623492	-1.991678	-1.612081	0.072549	0.140621	0.199472	0.05154813658446074	2.6337448559670777e-05	0.14062048494815826
72960	-2.624245	-1.991691	-1.611344	0.072494	0.140640	0.199619	0.05155263692140579	5.925925925925925e-05	0.14063885807991028
73080	-2.624643	-1.991593	-1.610946	0.072466	0.140662	0.199699	0.05154557283967733	3.9506172839506166e-05	0.1406610608100891
73200	-2.624005	-1.991016	-1.610594	0.072512	0.140748	0.199769	0.05149127449840307	2.6337448559670777e-05	0.14074745774269104
73320	-2.623115	-1.990632	-1.609564	0.072576	0.140806	0.199975	0.051458998769521716	1.7558299039780518e-05	0.140804722905159
73440	-2.621850	-1.990306	-1.609061	0.072668	0.140858	0.200075	0.05143013801425696	3.9506172839506166e-05	0.14085690677165985
73560	-2.621983	-1.989920	-1.608906	0.072659	0.140921	0.200106	0.0513915054500103	1.7558299039780518e-05	0.14092019200325012
73680	-2.622385	-1.989523	-1.607581	0.072629	0.140987	0.200372	0.051354769989848136	2.6337448559670777e-05	0.14098615944385529
73800	-2.622352	-1.989307	-1.607338	0.072632	0.141020	0.200420	0.05133063495159149	3.9506172839506166e-05	0.14102083444595337
73920	-2.622784	-1.989076	-1.606555	0.072600	0.141058	0.200578	0.051316631212830546	3.9506172839506166e-05	0.1410568505525589
74040	-2.622672	-1.988784	-1.606262	0.072609	0.141106	0.200636	0.05128731746226549	2.6337448559670777e-05	0.14110563695430756
74160	-2.621569	-1.988322	-1.605014	0.072689	0.141183	0.200887	0.0512511070817709	3.9506172839506166e-05	0.14118161797523499
74280	-2.620903	-1.987700	-1.603912	0.072737	0.141271	0.201108	0.051193310879170895	2.6337448559670777e-05	0.1412705034017563
74400	-2.620241	-1.986520	-1.602394	0.072785	0.141445	0.201414	0.0510908842086792	5.925925925925925e-05	0.14144350588321686
74520	-2.621385	-1.986309	-1.599257	0.072702	0.141494	0.202047	0.05107277203351259	2.6337448559670777e-05	0.14149180054664612
74640	-2.621440	-1.985936	-1.599962	0.072698	0.141545	0.201904	0.05102421268820763	5.925925925925925e-05	0.1415461301803589
74760	-2.622772	-1.986757	-1.598791	0.072601	0.141445	0.202141	0.051099072210490704	5.925925925925925e-05	0.14144548773765564
74880	-2.623243	-1.986777	-1.597981	0.072567	0.141448	0.202304	0.0511114165186882	3.9506172839506166e-05	0.14144670963287354
75000	-2.623923	-1.986677	-1.595892	0.072518	0.141478	0.202728	0.05109394118189812	3.9506172839506166e-05	0.1414775401353836
75120	-2.624213	-1.986287	-1.595392	0.072497	0.141538	0.202829	0.051064463704824446	2.6337448559670777e-05	0.14153821766376495
75240	-2.624574	-1.985785	-1.594534	0.072471	0.141616	0.203003	0.05101991705596447	1.7558299039780518e-05	0.14161549508571625
75360	-2.623926	-1.985481	-1.593789	0.072518	0.141661	0.203154	0.05099205281585455	2.6337448559670777e-05	0.14166072010993958
75480	-2.623642	-1.984913	-1.593095	0.072538	0.141753	0.203295	0.050941430404782294	2.6337448559670777e-05	0.1417526751756668
75600	-2.623145	-1.984462	-1.593081	0.072574	0.141821	0.203298	0.05089832022786141	3.9506172839506166e-05	0.14182092249393463
75720	-2.623101	-1.983489	-1.592085	0.072577	0.141956	0.203501	0.05081861168146133	1.7558299039780518e-05	0.14195536077022552
75840	-2.622848	-1.983045	-1.590845	0.072596	0.142026	0.203753	0.050772256404161456	2.6337448559670777e-05	0.14202561974525452
75960	-2.622425	-1.982576	-1.589743	0.072627	0.142100	0.203978	0.050728218629956245	2.6337448559670777e-05	0.14210058748722076
76080	-2.623493	-1.982661	-1.588935	0.072549	0.142102	0.204143	0.05074156187474728	2.6337448559670777e-05	0.14210061728954315
76200	-2.622919	-1.982343	-1.588065	0.072591	0.142154	0.204321	0.05071276295930147	3.9506172839506166e-05	0.14215362071990967
76320	-2.623626	-1.982280	-1.587641	0.072539	0.142172	0.204407	0.050700607150793074	3.9506172839506166e-05	0.14217150211334229
76440	-2.624221	-1.982064	-1.587695	0.072496	0.142210	0.204396	0.05067939031869173	3.9506172839506166e-05	0.14221073687076569
76560	-2.624599	-1.981869	-1.587482	0.072469	0.142246	0.204440	0.05067156236618757	3.9506172839506166e-05	0.14224420487880707
76680	-2.624273	-1.981402	-1.586566	0.072492	0.142318	0.204627	0.0506267711520195	3.9506172839506166e-05	0.14231786131858826
76800	-2.624329	-1.981441	-1.585449	0.072488	0.142331	0.204856	0.050623387843370435	5.925925925925925e-05	0.14233116805553436
76920	-2.623967	-1.981549	-1.584393	0.072515	0.142324	0.205072	0.050634424574673174	5.925925925925925e-05	0.14232341945171356
77040	-2.623847	-1.981302	-1.583140	0.072523	0.142367	0.205329	0.050620157085359094	3.9506172839506166e-05	0.14236631989479065
77160	-2.622817	-1.980645	-1.582070	0.072598	0.142464	0.205549	0.05055902376770973	1.7558299039780518e-05	0.1424628496170044
77280	-2.623206	-1.980115	-1.581848	0.072570	0.142541	0.205595	0.05051184110343456	2.6337448559670777e-05	0.1425403207540512
77400	-2.622667	-1.979442	-1.581107	0.072609	0.142639	0.205747	0.05045258067548275	2.6337448559670777e-05	0.14263801276683807
77520	-2.622472	-1.978959	-1.580019	0.072623	0.142710	0.205971	0.05040738377720118	2.6337448559670777e-05	0.14270944893360138
77640	-2.622433	-1.978589	-1.578938	0.072626	0.142773	0.206194	0.05036918148398399	1.1705532693187011e-05	0.1427728682756424
77760	-2.622146	-1.978366	-1.578218	0.072647	0.142808	0.206342	0.05035294704139233	1.7558299039780518e-05	0.14280757308006287
77880	-2.621863	-1.977913	-1.577940	0.072667	0.142874	0.206400	0.05030953176319599	2.6337448559670777e-05	0.1428738385438919
78000	-2.620804	-1.977421	-1.578212	0.072744	0.142943	0.206344	0.0502715902402997	2.6337448559670777e-05	0.14294113218784332
78120	-2.619661	-1.976948	-1.578117	0.072828	0.143006	0.206363	0.050226641818881035	1.7558299039780518e-05	0.14300529658794403
78240	-2.619717	-1.976804	-1.578209	0.072823	0.143028	0.206344	0.050209670513868335	2.6337448559670777e-05	0.14302726089954376
78360	-2.619769	-1.976433	-1.577377	0.072820	0.143089	0.206516	0.0501780990511179	2.6337448559670777e-05	0.14308808743953705
78480	-2.619761	-1.975982	-1.576055	0.072820	0.143161	0.206789	0.05014309249818325	2.6337448559670777e-05	0.1431596726179123
78600	-2.619771	-1.975704	-1.575366	0.072820	0.143219	0.206932	0.050116628594696525	3.9506172839506166e-05	0.14321736991405487
78720	-2.618720	-1.975133	-1.572915	0.072896	0.143317	0.207440	0.05006289537996054	2.6337448559670777e-05	0.14331641793251038
78840	-2.618705	-1.974698	-1.571689	0.072897	0.143398	0.207694	0.05001851636916399	5.925925925925925e-05	0.14339743554592133
78960	-2.619242	-1.974482	-1.570400	0.072858	0.143439	0.207962	0.049998251534998414	5.925925925925925e-05	0.1434386819601059
79080	-2.618807	-1.973964	-1.570661	0.072890	0.143510	0.207908	0.04995917771011591	1.7558299039780518e-05	0.14350882172584534
79200	-2.618159	-1.973696	-1.570257	0.072937	0.143549	0.207992	0.04993039146065712	7.803688462124674e-06	0.1435483694076538
79320	-2.617907	-1.973233	-1.569930	0.072955	0.143618	0.208060	0.04988888371735811	7.803688462124674e-06	0.14361725747585297
79440	-2.616863	-1.972788	-1.569381	0.073032	0.143685	0.208174	0.049854576215147973	1.7558299039780518e-05	0.14368388056755066
79560	-2.616884	-1.972423	-1.568916	0.073030	0.143737	0.208271	0.049818227626383306	2.6337448559670777e-05	0.14373603463172913
79680	-2.616457	-1.972108	-1.567589	0.073061	0.143787	0.208547	0.049785253778100017	2.6337448559670777e-05	0.14378701150417328
79800	-2.615506	-1.971527	-1.567644	0.073131	0.143869	0.208536	0.04973801542073488	2.6337448559670777e-05	0.14386817812919617
79920	-2.615272	-1.971177	-1.567425	0.073148	0.143921	0.208582	0.04970616232603788	2.6337448559670777e-05	0.14391972124576569
80040	-2.615328	-1.970614	-1.566401	0.073144	0.144008	0.208795	0.049651815369725225	2.6337448559670777e-05	0.14400793612003326
80160	-2.615458	-1.970273	-1.566145	0.073134	0.144065	0.208849	0.04962511602789164	1.7558299039780518e-05	0.14406397938728333
80280	-2.614738	-1.969304	-1.565088	0.073187	0.144211	0.209070	0.04954380393028259	1.7558299039780518e-05	0.14421001076698303
80400	-2.614442	-1.968855	-1.563870	0.073209	0.144286	0.209324	0.04949996843934059	2.6337448559670777e-05	0.14428485929965973
80520	-2.614367	-1.968434	-1.562066	0.073214	0.144360	0.209702	0.04945872239768505	3.9506172839506166e-05	0.144359290599823
80640	-2.615051	-1.968147	-1.562660	0.073164	0.144404	0.209578	0.04942583497613669	3.9506172839506166e-05	0.14440388977527618
80760	-2.614537	-1.968031	-1.562720	0.073202	0.144425	0.209565	0.04941746667027473	1.7558299039780518e-05	0.14442488551139832
80880	-2.614552	-1.967910	-1.562674	0.073201	0.144447	0.209575	0.049412083253264426	2.6337448559670777e-05	0.14444561302661896
81000	-2.614741	-1.967687	-1.562300	0.073187	0.144488	0.209653	0.04938962198793888	1.7558299039780518e-05	0.14448782801628113
81120	-2.614013	-1.967085	-1.560581	0.073240	0.144579	0.210014	0.04934109523892403	1.1705532693187011e-05	0.14457780122756958
81240	-2.613611	-1.966731	-1.559928	0.073269	0.144628	0.210151	0.049304730631411074	1.7558299039780518e-05	0.1446276605129242
81360	-2.613153	-1.966338	-1.559450	0.073303	0.144688	0.210252	0.049269525520503524	1.1705532693187011e-05	0.14468799531459808
81480	-2.612303	-1.965849	-1.559086	0.073365	0.144760	0.210328	0.04922412745654583	5.202458974749783e-06	0.14475968480110168
81600	-2.612087	-1.965568	-1.558708	0.073381	0.144803	0.210408	0.04920260496437549	1.7558299039780518e-05	0.1448020040988922
81720	-2.611996	-1.965437	-1.557972	0.073388	0.144829	0.210563	0.049187480472028255	1.1705532693187011e-05	0.14482848346233368
81840	-2.611695	-1.965188	-1.557155	0.073410	0.144869	0.210735	0.04916674122214317	2.6337448559670777e-05	0.14486801624298096
81960	-2.611423	-1.964752	-1.556625	0.073430	0.144935	0.210847	0.049126184172928335	2.6337448559670777e-05	0.14493438601493835
82080	-2.610752	-1.964540	-1.556132	0.073479	0.144965	0.210950	0.049107817374169825	2.6337448559670777e-05	0.14496462047100067
82200	-2.611834	-1.964697	-1.553902	0.073400	0.144955	0.211421	0.04911694880574942	3.9506172839506166e-05	0.1449546366930008
82320	-2.611068	-1.964131	-1.553205	0.073456	0.145034	0.211569	0.04907508138567209	3.9506172839506166e-05	0.14503304660320282
82440	-2.611432	-1.964178	-1.551821	0.073429	0.145038	0.211862	0.04906729087233543	2.6337448559670777e-05	0.14503929018974304
82560	-2.612751	-1.964303	-1.551935	0.073332	0.145041	0.211838	0.04908144306391478	5.925925925925925e-05	0.1450410932302475
82680	-2.614062	-1.963959	-1.551426	0.073236	0.145101	0.211946	0.049061106890439986	3.9506172839506166e-05	0.1450989842414856
82800	-2.613895	-1.964204	-1.551692	0.073249	0.145072	0.211889	0.04906663931906223	3.9506172839506166e-05	0.14507368206977844
82920	-2.613384	-1.963776	-1.551600	0.073286	0.145138	0.211909	0.0490465784445405	5.925925925925925e-05	0.14513660967350006
83040	-2.612651	-1.963071	-1.551287	0.073340	0.145243	0.211975	0.048978750593960285	2.6337448559670777e-05	0.14524218440055847
83160	-2.612745	-1.962458	-1.551392	0.073333	0.145336	0.211953	0.048922262899577615	2.6337448559670777e-05	0.1453348696231842
83280	-2.610817	-1.961632	-1.550267	0.073474	0.145454	0.212191	0.048845506459474566	1.7558299039780518e-05	0.14545324444770813
83400	-2.609790	-1.960854	-1.548829	0.073550	0.145568	0.212497	0.048777435719966886	3.9506172839506166e-05	0.1455668956041336
83520	-2.609091	-1.960218	-1.547544	0.073601	0.145666	0.212770	0.048721987567842004	1.7558299039780518e-05	0.145665243268013
83640	-2.608894	-1.959608	-1.547379	0.073616	0.145758	0.212805	0.04866539165377617	2.6337448559670777e-05	0.14575691521167755
83760	-2.609327	-1.959279	-1.546032	0.073584	0.145822	0.213092	0.048633806966245176	1.7558299039780518e-05	0.14582166075706482
83880	-2.610505	-1.958907	-1.544706	0.073497	0.145884	0.213375	0.04859736878424883	3.9506172839506166e-05	0.14588390290737152
84000	-2.612018	-1.958789	-1.544289	0.073386	0.145912	0.213464	0.0485884428024292	3.9506172839506166e-05	0.1459112912416458
84120	-2.611968	-1.958732	-1.544171	0.073390	0.145922	0.213489	0.048584174178540704	1.7558299039780518e-05	0.14592154324054718
84240	-2.612264	-1.958103	-1.543061	0.073368	0.146023	0.213726	0.048533113300800325	3.9506172839506166e-05	0.14602094888687134
84360	-2.612334	-1.957682	-1.542055	0.073363	0.146081	0.213941	0.04848798625171184	1.7558299039780518e-05	0.14608092606067657
84480	-2.613015	-1.957429	-1.541516	0.073313	0.146116	0.214056	0.048471434973180294	3.9506172839506166e-05	0.14611464738845825
84600	-2.613717	-1.956690	-1.539259	0.073262	0.146240	0.214540	0.048400560580194	5.925925925925925e-05	0.1462395340204239
84720	-2.614019	-1.956239	-1.537632	0.073240	0.146322	0.214889	0.04836356807500124	3.9506172839506166e-05	0.14632101356983185
84840	-2.614031	-1.956530	-1.538544	0.073239	0.146290	0.214693	0.04838758502155542	2.6337448559670777e-05	0.14628912508487701
84960	-2.613678	-1.956206	-1.537961	0.073265	0.146339	0.214819	0.048363506235182284	2.6337448559670777e-05	0.14633817970752716
85080	-2.613325	-1.955587	-1.537416	0.073290	0.146433	0.214936	0.04830307569354773	1.1705532693187011e-05	0.14643220603466034
85200	-2.613811	-1.955356	-1.537007	0.073255	0.146474	0.215024	0.048279150202870366	1.7558299039780518e-05	0.1464734673500061
85320	-2.613528	-1.954655	-1.536433	0.073276	0.146580	0.215147	0.04821838028728962	2.6337448559670777e-05	0.14657895267009735
85440	-2.613974	-1.954605	-1.535859	0.073243	0.146598	0.215271	0.04820720553398132	2.6337448559670777e-05	0.1465986967086792
85560	-2.613316	-1.953953	-1.535359	0.073291	0.146691	0.215378	0.048152617551386355	7.803688462124674e-06	0.14669106900691986
85680	-2.613090	-1.953454	-1.534804	0.073308	0.146767	0.215498	0.04811484664678574	1.7558299039780518e-05	0.14676588773727417
85800	-2.613319	-1.953077	-1.534328	0.073291	0.146826	0.215601	0.04807703755795956	2.6337448559670777e-05	0.14682593941688538
85920	-2.613321	-1.952450	-1.532605	0.073291	0.146927	0.215972	0.04802654683589935	3.9506172839506166e-05	0.14692576229572296
86040	-2.612384	-1.951366	-1.531310	0.073359	0.147092	0.216252	0.04792567677795887	2.6337448559670777e-05	0.14709141850471497
86160	-2.612588	-1.951171	-1.530669	0.073344	0.147124	0.216391	0.047902604937553404	1.7558299039780518e-05	0.14712415635585785
86280	-2.612375	-1.950619	-1.529346	0.073360	0.147211	0.216677	0.0478636097162962	3.9506172839506166e-05	0.14720891416072845
86400	-2.612384	-1.950065	-1.529131	0.073359	0.147298	0.216724	0.047802547551691534	3.9506172839506166e-05	0.14729821681976318
86520	-2.613805	-1.949998	-1.529908	0.073255	0.147316	0.216556	0.047803300246596334	3.9506172839506166e-05	0.14731401205062866
86640	-2.613654	-1.949343	-1.528760	0.073266	0.147418	0.216804	0.047742616198956964	1.7558299039780518e-05	0.14741721749305725
86760	-2.614052	-1.948730	-1.528440	0.073237	0.147518	0.216874	0.04768966920673847	2.6337448559670777e-05	0.14751635491847992
86880	-2.612822	-1.947662	-1.528534	0.073327	0.147674	0.216853	0.047594990395009515	3.9506172839506166e-05	0.14767234027385712
87000	-2.612235	-1.946965	-1.528066	0.073370	0.147773	0.216955	0.04752846919000149	2.6337448559670777e-05	0.14777232706546783
87120	-2.610867	-1.946393	-1.527914	0.073471	0.147858	0.216988	0.04747658707201481	3.9506172839506166e-05	0.14785698056221008
87240	-2.610816	-1.945855	-1.528403	0.073475	0.147935	0.216882	0.04743421021848917	3.9506172839506166e-05	0.1479327529668808
87360	-2.609736	-1.945160	-1.526880	0.073554	0.148035	0.217212	0.04736441858112812	3.9506172839506166e-05	0.14803385734558105
87480	-2.608732	-1.944418	-1.526692	0.073628	0.148146	0.217253	0.047299709543585776	2.6337448559670777e-05	0.1481451839208603
87600	-2.610044	-1.943868	-1.525320	0.073531	0.148235	0.217551	0.04725247994065285	2.6337448559670777e-05	0.14823369681835175
87720	-2.609555	-1.943194	-1.524531	0.073567	0.148334	0.217723	0.0471955606713891	5.925925925925925e-05	0.14833161234855652
87840	-2.608283	-1.942433	-1.523669	0.073661	0.148454	0.217911	0.04712493848055601	3.9506172839506166e-05	0.14845283329486847
87960	-2.608216	-1.942069	-1.521911	0.073666	0.148516	0.218294	0.04707859139889479	3.9506172839506166e-05	0.14851640164852142
88080	-2.607285	-1.941560	-1.519825	0.073734	0.148600	0.218750	0.04704131092876196	2.6337448559670777e-05	0.1485995054244995
88200	-2.607336	-1.941340	-1.518896	0.073731	0.148642	0.218953	0.04701670464128256	3.9506172839506166e-05	0.14864179491996765
88320	-2.607218	-1.940888	-1.518625	0.073739	0.148711	0.219013	0.04697766434401274	1.7558299039780518e-05	0.14871041476726532
88440	-2.607236	-1.940472	-1.516333	0.073738	0.148783	0.219515	0.04694599378854036	5.925925925925925e-05	0.1487804651260376
88560	-2.608645	-1.940142	-1.515497	0.073634	0.148846	0.219699	0.04691250938922167	3.9506172839506166e-05	0.14884525537490845
88680	-2.607929	-1.939785	-1.515430	0.073687	0.148902	0.219714	0.0468791613355279	2.6337448559670777e-05	0.14890168607234955
88800	-2.608558	-1.939659	-1.515786	0.073641	0.148932	0.219635	0.04686508420854807	5.925925925925925e-05	0.1489315629005432
88920	-2.608588	-1.939386	-1.514742	0.073638	0.148976	0.219865	0.046848793514072895	5.925925925925925e-05	0.14897456765174866
89040	-2.608276	-1.938978	-1.513543	0.073661	0.149030	0.220129	0.046805179491639134	2.6337448559670777e-05	0.14902962744235992
89160	-2.607922	-1.938690	-1.513461	0.073688	0.149074	0.220147	0.04678141307085752	1.7558299039780518e-05	0.14907361567020416
89280	-2.607821	-1.938509	-1.513612	0.073695	0.149103	0.220113	0.046760861203074454	3.9506172839506166e-05	0.1491028070449829
89400	-2.608111	-1.938202	-1.513148	0.073674	0.149155	0.220216	0.04673620406538248	2.6337448559670777e-05	0.14915435016155243
89520	-2.607537	-1.937971	-1.512082	0.073716	0.149191	0.220451	0.046713671274483205	3.9506172839506166e-05	0.14919015765190125
89640	-2.610019	-1.938113	-1.512520	0.073533	0.149189	0.220354	0.04672630541026592	5.925925925925925e-05	0.14918920397758484
89760	-2.612273	-1.937823	-1.511873	0.073368	0.149262	0.220497	0.04670942258089781	3.9506172839506166e-05	0.14926066994667053
89880	-2.611532	-1.937850	-1.511300	0.073422	0.149250	0.220623	0.04670187924057245	2.6337448559670777e-05	0.14924977719783783
90000	-2.611853	-1.937181	-1.510533	0.073398	0.149352	0.220792	0.046647483855485915	3.9506172839506166e-05	0.14935053884983063
90120	-2.612645	-1.936604	-1.510055	0.073340	0.149463	0.220898	0.04659047052264213	2.6337448559670777e-05	0.1494622379541397
90240	-2.614072	-1.936378	-1.509782	0.073236	0.149515	0.220958	0.04656052701175213	5.925925925925925e-05	0.14951616525650024
90360	-2.616938	-1.936343	-1.508867	0.073026	0.149549	0.221160	0.04656648933887482	5.925925925925925e-05	0.14954835176467896
90480	-2.619601	-1.936925	-1.508179	0.072832	0.149476	0.221313	0.046606695652008055	5.925925925925925e-05	0.14947739243507385
90600	-2.620813	-1.936912	-1.507111	0.072744	0.149490	0.221549	0.046622250229120255	5.925925925925925e-05	0.14948950707912445
90720	-2.621492	-1.937501	-1.508831	0.072694	0.149400	0.221168	0.0466602748259902	5.925925925925925e-05	0.14940191805362701
90840	-2.623429	-1.937744	-1.508225	0.072554	0.149377	0.221302	0.04669405184686184	3.9506172839506166e-05	0.1493763029575348
90960	-2.624709	-1.938367	-1.508278	0.072461	0.149301	0.221291	0.0467422230169177	5.925925925925925e-05	0.14930127561092377
91080	-2.626600	-1.938357	-1.507460	0.072324	0.149311	0.221472	0.046751019172370435	5.925925925925925e-05	0.1493103951215744
91200	-2.627183	-1.937822	-1.504848	0.072282	0.149411	0.222051	0.04670691527426243	5.925925925925925e-05	0.1494094729423523
91320	-2.629474	-1.937744	-1.504966	0.072116	0.149440	0.222025	0.04669229760766029	3.9506172839506166e-05	0.14944036304950714
91440	-2.629383	-1.937632	-1.505066	0.072123	0.149455	0.222003	0.0466783944517374	3.9506172839506166e-05	0.14945612847805023
91560	-2.629655	-1.938031	-1.504024	0.072103	0.149397	0.222234	0.046716910973191264	3.9506172839506166e-05	0.14939700067043304
91680	-2.630646	-1.938032	-1.502128	0.072032	0.149410	0.222656	0.04672665856778622	5.925925925925925e-05	0.1494085192680359
91800	-2.632715	-1.937964	-1.500688	0.071883	0.149444	0.222977	0.04670276008546352	5.925925925925925e-05	0.14944599568843842
91920	-2.633783	-1.938297	-1.498928	0.071806	0.149414	0.223370	0.04674398135393858	3.9506172839506166e-05	0.14941346645355225
92040	-2.636296	-1.938729	-1.498843	0.071626	0.149368	0.223388	0.04677853845059872	3.9506172839506166e-05	0.14936821162700653
92160	-2.636391	-1.938194	-1.498325	0.071619	0.149458	0.223504	0.046737273782491685	1.7558299039780518e-05	0.14945708215236664
92280	-2.635478	-1.938020	-1.497118	0.071685	0.149481	0.223774	0.04672014638781548	3.9506172839506166e-05	0.14948111772537231
92400	-2.637375	-1.938329	-1.498341	0.071549	0.149453	0.223501	0.046733494475483896	5.925925925925925e-05	0.14945471286773682
92520	-2.640544	-1.939669	-1.500091	0.071322	0.149280	0.223110	0.046865118108689784	2.6337448559670777e-05	0.14927984774112701
92640	-2.641225	-1.940008	-1.499199	0.071274	0.149250	0.223309	0.04689429923892021	5.925925925925925e-05	0.1492503136396408
92760	-2.644508	-1.940876	-1.499195	0.071040	0.149151	0.223310	0.04697947856038809	5.925925925925925e-05	0.14914920926094055
92880	-2.646301	-1.940774	-1.497521	0.070913	0.149206	0.223684	0.04697091318666935	5.925925925925925e-05	0.1492038369178772
93000	-2.646005	-1.941226	-1.496946	0.070934	0.149158	0.223813	0.04700366836041212	3.9506172839506166e-05	0.14915788173675537
93120	-2.646428	-1.940749	-1.495884	0.070904	0.149237	0.224051	0.04697158616036177	2.6337448559670777e-05	0.14923587441444397
93240	-2.645349	-1.940446	-1.496268	0.070981	0.149291	0.223964	0.046934513561427596	5.925925925925925e-05	0.14929114282131195
93360	-2.644895	-1.940501	-1.495674	0.071013	0.149285	0.224098	0.046935941092669964	3.9506172839506166e-05	0.1492857038974762
93480	-2.644871	-1.940830	-1.497617	0.071015	0.149230	0.223662	0.046975496038794515	2.6337448559670777e-05	0.14922839403152466
93600	-2.645103	-1.940945	-1.498514	0.070998	0.149215	0.223462	0.046974245272576806	5.925925925925925e-05	0.1492156982421875
93720	-2.645804	-1.941018	-1.497842	0.070948	0.149211	0.223612	0.04699112698435783	5.925925925925925e-05	0.14921051263809204
93840	-2.645966	-1.940964	-1.497586	0.070937	0.149219	0.223669	0.04698366392403841	2.6337448559670777e-05	0.14921799302101135
93960	-2.646240	-1.940929	-1.496176	0.070917	0.149235	0.223985	0.04697771202772856	3.9506172839506166e-05	0.14923468232154846
94080	-2.646250	-1.941071	-1.494465	0.070917	0.149217	0.224369	0.04699110761284828	3.9506172839506166e-05	0.14921757578849792
94200	-2.646464	-1.941272	-1.493671	0.070902	0.149196	0.224547	0.0470039227977395	5.925925925925925e-05	0.14919747412204742
94320	-2.645566	-1.941628	-1.493643	0.070965	0.149154	0.224553	0.047038372792303565	3.9506172839506166e-05	0.14915455877780914
94440	-2.646192	-1.942600	-1.493093	0.070921	0.149017	0.224677	0.04711601827293634	5.925925925925925e-05	0.14901843667030334
94560	-2.645249	-1.942535	-1.492339	0.070988	0.149034	0.224846	0.047123580053448674	3.9506172839506166e-05	0.14903424680233002
94680	-2.645487	-1.942762	-1.492618	0.070971	0.149017	0.224783	0.0471461370587349	5.925925925925925e-05	0.1490165889263153
94800	-2.647143	-1.943251	-1.493908	0.070853	0.148955	0.224494	0.04717843774706125	3.9506172839506166e-05	0.14895685017108917
94920	-2.646225	-1.943092	-1.494417	0.070918	0.148985	0.224379	0.04717569649219513	3.9506172839506166e-05	0.14898432791233063
95040	-2.647109	-1.943368	-1.494394	0.070856	0.148958	0.224384	0.04719761684536934	3.9506172839506166e-05	0.14895763993263245
95160	-2.646511	-1.943231	-1.494429	0.070898	0.148978	0.224377	0.04719932973384857	3.9506172839506166e-05	0.1489759385585785
95280	-2.645905	-1.943087	-1.494307	0.070941	0.149008	0.224404	0.04717898014932871	3.9506172839506166e-05	0.14900578558444977
95400	-2.646243	-1.943158	-1.494854	0.070917	0.149003	0.224281	0.0471799211576581	2.6337448559670777e-05	0.14900310337543488
95520	-2.646432	-1.943102	-1.493877	0.070904	0.149029	0.224501	0.04716833848506212	3.9506172839506166e-05	0.14903049170970917
95640	-2.646187	-1.943225	-1.495266	0.070921	0.149009	0.224189	0.04719358682632446	5.925925925925925e-05	0.14900684356689453
95760	-2.646485	-1.943269	-1.494766	0.070900	0.149009	0.224301	0.04718887284398079	2.6337448559670777e-05	0.14900904893875122
95880	-2.647652	-1.943368	-1.493974	0.070817	0.149002	0.224479	0.04719773828983307	3.9506172839506166e-05	0.14900150895118713
96000	-2.648430	-1.943277	-1.493178	0.070762	0.149031	0.224657	0.047188361547887324	5.925925925925925e-05	0.1490311473608017
96120	-2.649207	-1.943880	-1.495258	0.070707	0.148947	0.224191	0.04724248573184013	3.9506172839506166e-05	0.1489473432302475
96240	-2.649465	-1.944002	-1.495385	0.070689	0.148943	0.224162	0.04725225158035755	5.925925925925925e-05	0.14894352853298187
96360	-2.652425	-1.944706	-1.496407	0.070480	0.148852	0.223933	0.04731435738503933	3.9506172839506166e-05	0.14885234832763672
96480	-2.655150	-1.945812	-1.495406	0.070288	0.148717	0.224158	0.047411329299211505	5.925925925925925e-05	0.14871777594089508
96600	-2.655658	-1.946486	-1.495105	0.070253	0.148628	0.224225	0.04747348632663488	5.925925925925925e-05	0.1486286222934723
96720	-2.658640	-1.947079	-1.495141	0.070043	0.148567	0.224217	0.04754059016704559	5.925925925925925e-05	0.14856448769569397
96840	-2.658498	-1.947880	-1.493667	0.070053	0.148465	0.224548	0.04760593045502901	5.925925925925925e-05	0.1484643816947937
96960	-2.658055	-1.948394	-1.492174	0.070084	0.148413	0.224883	0.04765226747840643	3.9506172839506166e-05	0.1484130620956421
97080	-2.659035	-1.948143	-1.490766	0.070016	0.148485	0.225200	0.04763348288834095	3.9506172839506166e-05	0.1484832763671875
97200	-2.658556	-1.947658	-1.490641	0.070049	0.148561	0.225228	0.047587654553353786	2.6337448559670777e-05	0.14856146275997162
97320	-2.658100	-1.947647	-1.489838	0.070081	0.148565	0.225409	0.047583496756851675	2.6337448559670777e-05	0.14856521785259247
97440	-2.658248	-1.947310	-1.486191	0.070071	0.148643	0.226233	0.04755798559635878	3.9506172839506166e-05	0.14864091575145721
97560	-2.657510	-1.946795	-1.484098	0.070123	0.148744	0.226707	0.047505025193095206	3.9506172839506166e-05	0.1487436592578888
97680	-2.658947	-1.947311	-1.483029	0.070022	0.148685	0.226949	0.04754744544625282	3.9506172839506166e-05	0.14868514239788055
97800	-2.660400	-1.947290	-1.482478	0.069920	0.148713	0.227074	0.047564142011106016	5.925925925925925e-05	0.14871056377887726
97920	-2.661221	-1.946974	-1.480432	0.069863	0.148786	0.227539	0.04751734808087349	3.9506172839506166e-05	0.1487867534160614
98040	-2.663049	-1.947420	-1.480230	0.069735	0.148741	0.227585	0.04756237305700779	3.9506172839506166e-05	0.14874055981636047
98160	-2.664008	-1.947838	-1.480240	0.069668	0.148674	0.227583	0.04759041219949722	5.925925925925925e-05	0.1486758142709732
98280	-2.667037	-1.948390	-1.479203	0.069458	0.148628	0.227819	0.04765449538826942	2.6337448559670777e-05	0.1486273556947708
98400	-2.666137	-1.948246	-1.479091	0.069520	0.148647	0.227845	0.04763550441712141	5.925925925925925e-05	0.14864790439605713
98520	-2.667117	-1.948869	-1.478972	0.069452	0.148571	0.227872	0.04769671764224768	3.9506172839506166e-05	0.14856977760791779
98640	-2.667597	-1.948838	-1.478918	0.069419	0.148587	0.227884	0.04769764691591263	3.9506172839506166e-05	0.14858585596084595
98760	-2.668212	-1.949896	-1.479180	0.069376	0.148441	0.227824	0.04777360837906599	5.925925925925925e-05	0.14844246208667755
98880	-2.671020	-1.950784	-1.478175	0.069182	0.148335	0.228053	0.04786301273852587	3.9506172839506166e-05	0.14833508431911469
99000	-2.672850	-1.951048	-1.478068	0.069055	0.148322	0.228078	0.047885664366185667	5.925925925925925e-05	0.1483232080936432
99120	-2.673058	-1.950604	-1.477252	0.069041	0.148396	0.228264	0.0478492520749569	3.9506172839506166e-05	0.1483955979347229
99240	-2.673363	-1.950257	-1.476997	0.069020	0.148466	0.228322	0.04782316032797098	3.9506172839506166e-05	0.14846530556678772
99360	-2.673251	-1.950210	-1.476728	0.069027	0.148482	0.228384	0.04781153704971075	3.9506172839506166e-05	0.14848268032073975
99480	-2.674369	-1.950072	-1.475871	0.068950	0.148509	0.228580	0.047797076404094696	3.9506172839506166e-05	0.1485094577074051
99600	-2.674317	-1.949776	-1.475235	0.068954	0.148559	0.228725	0.04777262732386589	2.6337448559670777e-05	0.14855928719043732
99720	-2.675053	-1.949986	-1.473395	0.068903	0.148556	0.229146	0.04778851289302111	3.9506172839506166e-05	0.14855699241161346
99840	-2.675468	-1.949539	-1.472376	0.068875	0.148631	0.229380	0.04775005374103784	3.9506172839506166e-05	0.1486321985721588
99960	-2.675597	-1.949319	-1.470634	0.068866	0.148685	0.229780	0.047729940712451936	5.925925925925925e-05	0.1486857533454895
100080	-2.677158	-1.948833	-1.469640	0.068758	0.148773	0.230008	0.04769461303949356	3.9506172839506166e-05	0.14877301454544067
100200	-2.677389	-1.948704	-1.469646	0.068742	0.148796	0.230007	0.047684799693524835	3.9506172839506166e-05	0.14879435300827026
100320	-2.676651	-1.948249	-1.468753	0.068793	0.148864	0.230212	0.04763890951871872	3.9506172839506166e-05	0.14886415004730225
100440	-2.676255	-1.947474	-1.466487	0.068820	0.148993	0.230735	0.04757737088948488	5.925925925925925e-05	0.14899136126041412
100560	-2.674612	-1.946890	-1.466568	0.068934	0.149082	0.230716	0.047521479427814484	5.925925925925925e-05	0.1490815132856369
100680	-2.673397	-1.946517	-1.465659	0.069017	0.149145	0.230926	0.047482502460479734	5.925925925925925e-05	0.1491445153951645
100800	-2.673780	-1.946411	-1.466096	0.068991	0.149163	0.230825	0.047478210367262366	5.925925925925925e-05	0.14916235208511353
100920	-2.674015	-1.946303	-1.466282	0.068975	0.149185	0.230782	0.047462145797908306	2.6337448559670777e-05	0.1491851508617401
101040	-2.672997	-1.946112	-1.465852	0.069045	0.149226	0.230881	0.04745160639286041	3.9506172839506166e-05	0.14922530949115753
101160	-2.672274	-1.945519	-1.465355	0.069095	0.149321	0.230996	0.0473974522203207	1.7558299039780518e-05	0.14932015538215637
101280	-2.672145	-1.945063	-1.464868	0.069104	0.149398	0.231108	0.04735638368874788	2.6337448559670777e-05	0.14939740300178528
101400	-2.672756	-1.944799	-1.464166	0.069062	0.149449	0.231271	0.04732871726155281	1.7558299039780518e-05	0.14944857358932495
101520	-2.673239	-1.944678	-1.463199	0.069028	0.149487	0.231495	0.047314759157598016	3.9506172839506166e-05	0.1494879275560379
101640	-2.673393	-1.944638	-1.462715	0.069018	0.149494	0.231607	0.04731787033379078	2.6337448559670777e-05	0.14949333667755127
101760	-2.673155	-1.944338	-1.462265	0.069034	0.149544	0.231711	0.047287742421030995	1.7558299039780518e-05	0.1495439112186432
101880	-2.672663	-1.944179	-1.461811	0.069068	0.149569	0.231816	0.04727133605629206	1.7558299039780518e-05	0.14956969022750854
102000	-2.672381	-1.943811	-1.461360	0.069088	0.149623	0.231921	0.047246463038027285	2.6337448559670777e-05	0.14962199330329895
102120	-2.671874	-1.943464	-1.460689	0.069123	0.149678	0.232076	0.0472092267125845	2.6337448559670777e-05	0.14967815577983856
102240	-2.671910	-1.943200	-1.459425	0.069120	0.149728	0.232370	0.04718477986752987	2.6337448559670777e-05	0.1497272253036499
102360	-2.671571	-1.942814	-1.458858	0.069143	0.149791	0.232502	0.047149254381656645	3.9506172839506166e-05	0.14979073405265808
102480	-2.671554	-1.942744	-1.458553	0.069145	0.149816	0.232573	0.04713662043213844	5.925925925925925e-05	0.14981606602668762
102600	-2.671168	-1.942684	-1.457967	0.069171	0.149831	0.232709	0.04713305234909058	3.9506172839506166e-05	0.1498318314552307
102720	-2.670544	-1.942740	-1.458201	0.069215	0.149826	0.232655	0.04714694656431675	1.7558299039780518e-05	0.14982512593269348
102840	-2.670593	-1.942496	-1.457869	0.069211	0.149872	0.232732	0.04712140429764986	2.6337448559670777e-05	0.14987169206142426
102960	-2.670439	-1.942190	-1.456849	0.069222	0.149933	0.232969	0.04709775857627392	1.7558299039780518e-05	0.14993217587471008
103080	-2.670118	-1.942112	-1.456842	0.069244	0.149948	0.232971	0.047085124999284744	3.9506172839506166e-05	0.14994725584983826
103200	-2.669287	-1.941955	-1.456236	0.069302	0.149974	0.233112	0.04707480650395155	1.7558299039780518e-05	0.14997322857379913
103320	-2.669183	-1.941861	-1.457225	0.069309	0.149993	0.232882	0.047064229659736154	1.7558299039780518e-05	0.14999328553676605
103440	-2.668046	-1.941527	-1.456636	0.069388	0.150049	0.233019	0.04703811649233103	2.6337448559670777e-05	0.15004821121692657
103560	-2.667822	-1.941280	-1.456576	0.069403	0.150095	0.233033	0.04700768180191517	3.9506172839506166e-05	0.1500953733921051
103680	-2.667269	-1.941314	-1.457000	0.069442	0.150089	0.232934	0.04701498039066791	1.7558299039780518e-05	0.15008904039859772
103800	-2.666966	-1.941049	-1.456837	0.069463	0.150130	0.232972	0.04699373859912157	7.803688462124674e-06	0.15012966096401215
103920	-2.666478	-1.940787	-1.457359	0.069497	0.150168	0.232851	0.04696776699274778	2.6337448559670777e-05	0.15016774833202362
104040	-2.666317	-1.940520	-1.458355	0.069508	0.150218	0.232619	0.04693765752017498	3.9506172839506166e-05	0.15021902322769165
104160	-2.665856	-1.940526	-1.458906	0.069540	0.150215	0.232490	0.04694691300392151	3.9506172839506166e-05	0.15021401643753052
104280	-2.664263	-1.940233	-1.458167	0.069651	0.150252	0.232662	0.04691390860825777	3.9506172839506166e-05	0.15025241672992706
104400	-2.665041	-1.940219	-1.458188	0.069596	0.150269	0.232657	0.04691097643226385	3.9506172839506166e-05	0.15026912093162537
104520	-2.664752	-1.940003	-1.457433	0.069617	0.150308	0.232833	0.046896381117403504	2.6337448559670777e-05	0.15030814707279205
104640	-2.664825	-1.939959	-1.456756	0.069612	0.150326	0.232991	0.04689427558332682	3.9506172839506166e-05	0.15032538771629333
104760	-2.662946	-1.939647	-1.456838	0.069742	0.150365	0.232972	0.04686786625534296	3.9506172839506166e-05	0.1503642201423645
104880	-2.661258	-1.939238	-1.456738	0.069860	0.150415	0.232995	0.04683175180107355	2.6337448559670777e-05	0.15041348338127136
105000	-2.661525	-1.938758	-1.457000	0.069842	0.150489	0.232934	0.046793042309582235	2.6337448559670777e-05	0.1504875123500824
105120	-2.661179	-1.938376	-1.456474	0.069866	0.150551	0.233057	0.04675037823617458	1.7558299039780518e-05	0.15055064857006073
105240	-2.660464	-1.937899	-1.456029	0.069916	0.150618	0.233160	0.046710450388491156	2.6337448559670777e-05	0.15061740577220917
105360	-2.660434	-1.937310	-1.455367	0.069918	0.150713	0.233315	0.04665513876825571	2.6337448559670777e-05	0.150713250041008
105480	-2.660081	-1.936896	-1.454406	0.069943	0.150776	0.233539	0.04662392996251583	1.7558299039780518e-05	0.15077485144138336
105600	-2.660517	-1.936647	-1.453499	0.069912	0.150825	0.233751	0.04659751914441586	1.1705532693187011e-05	0.15082429349422455
105720	-2.659958	-1.936406	-1.453740	0.069951	0.150858	0.233695	0.046577784791588785	1.1705532693187011e-05	0.15085706114768982
105840	-2.659423	-1.936192	-1.453815	0.069989	0.150888	0.233677	0.04655615948140621	3.9506172839506166e-05	0.15088699758052826
105960	-2.657911	-1.935329	-1.452778	0.070095	0.151026	0.233920	0.04648186806589365	3.9506172839506166e-05	0.1510249674320221
106080	-2.658004	-1.935089	-1.452669	0.070088	0.151071	0.233945	0.046456705778837204	2.6337448559670777e-05	0.15107013285160065
106200	-2.657582	-1.934484	-1.452386	0.070118	0.151164	0.234011	0.04640020970255136	1.1705532693187011e-05	0.1511642187833786
106320	-2.658142	-1.934426	-1.452501	0.070078	0.151174	0.233984	0.04639317411929369	1.7558299039780518e-05	0.1511741578578949
106440	-2.658295	-1.934262	-1.452096	0.070068	0.151210	0.234079	0.04638262689113617	1.1705532693187011e-05	0.1512097269296646
106560	-2.657574	-1.934073	-1.451908	0.070118	0.151239	0.234123	0.04636456407606602	1.7558299039780518e-05	0.15123888850212097
106680	-2.657179	-1.933746	-1.451814	0.070146	0.151287	0.234145	0.04633296877145767	1.7558299039780518e-05	0.15128685534000397
106800	-2.656839	-1.933573	-1.451746	0.070170	0.151323	0.234161	0.04632547218352556	2.6337448559670777e-05	0.15132133662700653
106920	-2.655503	-1.933527	-1.450125	0.070263	0.151343	0.234541	0.046311574429273604	3.9506172839506166e-05	0.15134286880493164
107040	-2.654488	-1.933365	-1.449746	0.070335	0.151378	0.234630	0.04630863107740879	2.6337448559670777e-05	0.15137594938278198
107160	-2.654426	-1.933239	-1.448250	0.070339	0.151413	0.234981	0.046284685097634795	3.9506172839506166e-05	0.15141351521015167
107280	-2.653960	-1.932988	-1.447985	0.070372	0.151452	0.235043	0.046267184987664224	3.9506172839506166e-05	0.15145181119441986
107400	-2.652987	-1.932906	-1.448094	0.070440	0.151454	0.235018	0.04625388365238905	3.9506172839506166e-05	0.15145443379878998
107520	-2.651874	-1.932637	-1.447298	0.070519	0.151496	0.235205	0.04623500667512417	2.6337448559670777e-05	0.15149611234664917
107640	-2.651821	-1.932442	-1.446993	0.070523	0.151539	0.235277	0.046219732612371445	1.7558299039780518e-05	0.15153832733631134
107760	-2.650616	-1.931998	-1.446787	0.070608	0.151610	0.235325	0.04617651198059321	3.9506172839506166e-05	0.1516098976135254
107880	-2.649550	-1.931804	-1.446213	0.070683	0.151646	0.235460	0.0461635859683156	2.6337448559670777e-05	0.15164470672607422
108000	-2.649360	-1.931522	-1.446133	0.070696	0.151695	0.235479	0.04613022729754448	3.9506172839506166e-05	0.15169458091259003
108120	-2.649788	-1.931144	-1.445216	0.070666	0.151766	0.235695	0.04609982017427683	3.9506172839506166e-05	0.15176494419574738
108240	-2.648744	-1.930828	-1.444703	0.070740	0.151824	0.235816	0.046071996726095674	3.9506172839506166e-05	0.15182316303253174
108360	-2.648390	-1.930250	-1.444222	0.070765	0.151918	0.235930	0.046022791787981986	3.9506172839506166e-05	0.1519172638654709
108480	-2.648042	-1.930549	-1.444244	0.070790	0.151886	0.235924	0.04603914115577936	5.925925925925925e-05	0.15188683569431305
108600	-2.648636	-1.930668	-1.443982	0.070748	0.151896	0.235986	0.04605287592858076	3.9506172839506166e-05	0.1518963724374771
108720	-2.648951	-1.930471	-1.442699	0.070725	0.151943	0.236289	0.046038837917149064	2.6337448559670777e-05	0.15194256603717804
108840	-2.649002	-1.930961	-1.443118	0.070722	0.151882	0.236190	0.046081341616809365	3.9506172839506166e-05	0.15188197791576385
108960	-2.647549	-1.930887	-1.443520	0.070825	0.151891	0.236095	0.046073979884386065	2.6337448559670777e-05	0.1518917828798294
109080	-2.647049	-1.930750	-1.443716	0.070860	0.151922	0.236049	0.04606517031788826	1.7558299039780518e-05	0.15192170441150665
109200	-2.646529	-1.930459	-1.444005	0.070897	0.151968	0.235981	0.04603850804269314	1.7558299039780518e-05	0.15196704864501953
109320	-2.646621	-1.930275	-1.443218	0.070890	0.152010	0.236167	0.046020164526998995	1.7558299039780518e-05	0.15200971066951752
109440	-2.646057	-1.929861	-1.443192	0.070930	0.152068	0.236173	0.045984734408557416	2.6337448559670777e-05	0.15206824243068695
109560	-2.644742	-1.929368	-1.442358	0.071024	0.152146	0.236370	0.04594068378210068	1.7558299039780518e-05	0.15214616060256958
109680	-2.643392	-1.929129	-1.442296	0.071120	0.152181	0.236384	0.0459190221503377	2.6337448559670777e-05	0.15218067169189453
109800	-2.642861	-1.928856	-1.442109	0.071157	0.152226	0.236429	0.045894048549234866	1.7558299039780518e-05	0.1522255539894104
109920	-2.642736	-1.928469	-1.440383	0.071166	0.152294	0.236837	0.04586045350879431	1.7558299039780518e-05	0.15229375660419464
110040	-2.642617	-1.928132	-1.439120	0.071175	0.152359	0.237136	0.04582908786833286	3.9506172839506166e-05	0.15235836803913116
110160	-2.643001	-1.927486	-1.437313	0.071147	0.152469	0.237565	0.04577482491731644	2.6337448559670777e-05	0.15246783196926117
110280	-2.642952	-1.927371	-1.435203	0.071151	0.152501	0.238067	0.04574538748711347	5.925925925925925e-05	0.15250307321548462
110400	-2.642515	-1.927250	-1.433983	0.071182	0.152517	0.238358	0.04575299974530935	2.6337448559670777e-05	0.1525156944990158
110520	-2.642244	-1.926814	-1.432027	0.071201	0.152597	0.238824	0.045712143369019034	3.9506172839506166e-05	0.1525963395833969
110640	-2.642005	-1.926677	-1.430407	0.071218	0.152633	0.239211	0.045696337893605235	5.925925925925925e-05	0.15263321995735168
110760	-2.641307	-1.926705	-1.428884	0.071268	0.152641	0.239576	0.04568955432623625	3.9506172839506166e-05	0.15264283120632172
110880	-2.641657	-1.926729	-1.429888	0.071243	0.152639	0.239336	0.045704462379217145	2.6337448559670777e-05	0.15263816714286804
111000	-2.641977	-1.926493	-1.430327	0.071220	0.152681	0.239231	0.04568317010998726	1.7558299039780518e-05	0.1526806801557541
111120	-2.642127	-1.926056	-1.429830	0.071210	0.152751	0.239350	0.04564388953149319	2.6337448559670777e-05	0.15275083482265472
111240	-2.642238	-1.925816	-1.429449	0.071202	0.152792	0.239441	0.04562154933810234	7.803688462124674e-06	0.1527920514345169
111360	-2.641700	-1.925401	-1.428257	0.071240	0.152853	0.239726	0.04558899998664856	3.9506172839506166e-05	0.1528513878583908
111480	-2.640629	-1.925308	-1.425995	0.071316	0.152871	0.240269	0.045575938560068606	5.925925925925925e-05	0.1528702825307846
111600	-2.639953	-1.924604	-1.423969	0.071365	0.152995	0.240757	0.04551455993205309	1.7558299039780518e-05	0.15299490094184875
111720	-2.640502	-1.924450	-1.423319	0.071325	0.153024	0.240913	0.04549814760684967	3.9506172839506166e-05	0.15302374958992004
111840	-2.640358	-1.923918	-1.422953	0.071336	0.153107	0.241001	0.045457179099321364	3.9506172839506166e-05	0.15310566127300262
111960	-2.639470	-1.923627	-1.422566	0.071399	0.153154	0.241095	0.04543440695852041	3.9506172839506166e-05	0.15315182507038116
112080	-2.639731	-1.923410	-1.421037	0.071380	0.153209	0.241463	0.04541276432573795	3.9506172839506166e-05	0.1532069742679596
112200	-2.638759	-1.922628	-1.419787	0.071450	0.153339	0.241765	0.0453332606703043	3.9506172839506166e-05	0.1533392071723938
112320	-2.639435	-1.922837	-1.419494	0.071402	0.153318	0.241836	0.04534926991909742	2.6337448559670777e-05	0.15331770479679108
112440	-2.640150	-1.922379	-1.418608	0.071351	0.153411	0.242051	0.045307106152176854	2.6337448559670777e-05	0.15341147780418396
112560	-2.640834	-1.922577	-1.419375	0.071302	0.153388	0.241865	0.04532701186835766	2.6337448559670777e-05	0.15338774025440216
112680	-2.642478	-1.922714	-1.420055	0.071185	0.153385	0.241701	0.04533806685358286	5.925925925925925e-05	0.15338543057441711
112800	-2.643292	-1.922729	-1.419498	0.071127	0.153404	0.241835	0.04534002747386694	3.9506172839506166e-05	0.15340450406074524
112920	-2.644396	-1.922668	-1.418623	0.071048	0.153438	0.242047	0.04533997625112533	3.9506172839506166e-05	0.15343710780143738
113040	-2.645005	-1.922478	-1.418101	0.071005	0.153480	0.242173	0.045318649150431156	3.9506172839506166e-05	0.1534794121980667
113160	-2.644698	-1.922237	-1.417384	0.071027	0.153530	0.242347	0.045298382826149466	2.6337448559670777e-05	0.15352942049503326
113280	-2.644049	-1.921608	-1.416518	0.071073	0.153629	0.242557	0.045253298431634906	2.6337448559670777e-05	0.15362732112407684
113400	-2.644037	-1.921126	-1.415928	0.071074	0.153707	0.242700	0.04520104900002479	2.6337448559670777e-05	0.15370680391788483
113520	-2.643702	-1.920797	-1.414729	0.071098	0.153765	0.242991	0.045171033777296546	1.7558299039780518e-05	0.15376465022563934
113640	-2.643743	-1.920487	-1.413864	0.071095	0.153820	0.243202	0.045144396089017394	5.925925925925925e-05	0.15381881594657898
113760	-2.644541	-1.919846	-1.412706	0.071038	0.153920	0.243484	0.04508546702563763	3.9506172839506166e-05	0.15391980111598969
113880	-2.645525	-1.919943	-1.412165	0.070968	0.153925	0.243615	0.04509461559355259	1.7558299039780518e-05	0.15392430126667023
114000	-2.645273	-1.919987	-1.412147	0.070986	0.153922	0.243620	0.04509069174528122	5.925925925925925e-05	0.153922438621521
114120	-2.646344	-1.919960	-1.411747	0.070910	0.153954	0.243717	0.04509148076176643	5.925925925925925e-05	0.15395303070545197
114240	-2.646190	-1.919481	-1.411311	0.070921	0.154020	0.243824	0.04504982903599739	2.6337448559670777e-05	0.1540202796459198
114360	-2.646314	-1.919064	-1.410207	0.070912	0.154105	0.244093	0.045011996291577816	5.925925925925925e-05	0.15410493314266205
114480	-2.646894	-1.919460	-1.408036	0.070871	0.154080	0.244623	0.045041630230844024	5.925925925925925e-05	0.15408016741275787
114600	-2.647034	-1.919506	-1.405865	0.070861	0.154093	0.245155	0.04504556450992823	5.925925925925925e-05	0.15409432351589203
114720	-2.648916	-1.920034	-1.405332	0.070728	0.154023	0.245285	0.04510116130113602	3.9506172839506166e-05	0.1540224403142929
114840	-2.648351	-1.919703	-1.405050	0.070768	0.154080	0.245355	0.045071614906191826	3.9506172839506166e-05	0.15408000349998474
114960	-2.648369	-1.919571	-1.404266	0.070767	0.154114	0.245547	0.045060760155320165	1.7558299039780518e-05	0.15411360561847687
115080	-2.647947	-1.918715	-1.403609	0.070796	0.154251	0.245709	0.0449862364679575	1.7558299039780518e-05	0.15425004065036774
115200	-2.648182	-1.918432	-1.403787	0.070780	0.154290	0.245665	0.044959021545946595	1.7558299039780518e-05	0.1542893499135971
115320	-2.648477	-1.918066	-1.403364	0.070759	0.154358	0.245769	0.04492225386202335	1.7558299039780518e-05	0.15435855090618134
115440	-2.648617	-1.917733	-1.403023	0.070749	0.154416	0.245853	0.044893842004239556	3.9506172839506166e-05	0.1544153392314911
115560	-2.648688	-1.917332	-1.402251	0.070744	0.154482	0.246042	0.04486419036984444	3.9506172839506166e-05	0.15448036789894104
115680	-2.647917	-1.916662	-1.399447	0.070799	0.154622	0.246733	0.04479887410998344	5.925925925925925e-05	0.15462051331996918
115800	-2.647671	-1.916259	-1.396890	0.070816	0.154698	0.247365	0.04476197920739651	3.9506172839506166e-05	0.15469762682914734
115920	-2.648783	-1.916254	-1.396202	0.070737	0.154713	0.247535	0.04475577045232058	3.9506172839506166e-05	0.15471360087394714
116040	-2.649900	-1.915907	-1.393748	0.070658	0.154795	0.248143	0.04473624993115664	2.6337448559670777e-05	0.1547926962375641
116160	-2.649273	-1.915390	-1.393823	0.070703	0.154877	0.248125	0.0446810444816947	2.6337448559670777e-05	0.15487752854824066
116280	-2.649719	-1.915323	-1.393979	0.070671	0.154880	0.248086	0.044671467319130895	5.925925925925925e-05	0.15488110482692719
116400	-2.651499	-1.915379	-1.392982	0.070545	0.154889	0.248334	0.0446771303191781	3.9506172839506166e-05	0.15488970279693604
116520	-2.651268	-1.915685	-1.391893	0.070562	0.154857	0.248604	0.044706791453063485	2.6337448559670777e-05	0.15485695004463196
116640	-2.653537	-1.916415	-1.390867	0.070402	0.154768	0.248860	0.044761544279754165	5.925925925925925e-05	0.1547691971063614
116760	-2.655606	-1.917375	-1.392150	0.070256	0.154627	0.248540	0.04485189728438854	5.925925925925925e-05	0.1546277552843094
116880	-2.658018	-1.917701	-1.391416	0.070087	0.154601	0.248723	0.044887438789010047	2.6337448559670777e-05	0.15460091829299927
117000	-2.659412	-1.917876	-1.391781	0.069989	0.154585	0.248632	0.04490407351404428	2.6337448559670777e-05	0.1545853167772293
117120	-2.660073	-1.917618	-1.390230	0.069943	0.154644	0.249018	0.04488223381340504	3.9506172839506166e-05	0.15464365482330322
117240	-2.660000	-1.917563	-1.387287	0.069948	0.154684	0.249752	0.04487552158534527	3.9506172839506166e-05	0.15468403697013855
117360	-2.659227	-1.917129	-1.386094	0.070002	0.154749	0.250050	0.044841033220291135	1.1705532693187011e-05	0.15474821627140045
117480	-2.660564	-1.917078	-1.384895	0.069909	0.154772	0.250350	0.04483273457735777	2.6337448559670777e-05	0.15477189421653748
117600	-2.660125	-1.916638	-1.383448	0.069939	0.154858	0.250713	0.04479552395641804	2.6337448559670777e-05	0.1548575609922409
117720	-2.659405	-1.916746	-1.383371	0.069990	0.154851	0.250732	0.04480264652520418	3.9506172839506166e-05	0.15485064685344696
117840	-2.659247	-1.916355	-1.381654	0.070001	0.154921	0.251163	0.04477062951773405	2.6337448559670777e-05	0.15492083132266998
117960	-2.658885	-1.915906	-1.380096	0.070026	0.155004	0.251555	0.04473566021770239	3.9506172839506166e-05	0.15500150620937347
118080	-2.658475	-1.915700	-1.380675	0.070055	0.155046	0.251409	0.044715282134711744	3.9506172839506166e-05	0.1550443321466446
118200	-2.658264	-1.915354	-1.379288	0.070070	0.155112	0.251758	0.04468556251376867	1.7558299039780518e-05	0.1551104336977005
118320	-2.658196	-1.914661	-1.378052	0.070074	0.155228	0.252069	0.04462480060756206	3.9506172839506166e-05	0.1552255004644394
118440	-2.658555	-1.914160	-1.377144	0.070049	0.155320	0.252298	0.044575446844100954	1.7558299039780518e-05	0.15531869232654572
118560	-2.657854	-1.913681	-1.376690	0.070098	0.155387	0.252413	0.04452542699873448	2.6337448559670777e-05	0.15538685023784637
118680	-2.657226	-1.914106	-1.376257	0.070143	0.155320	0.252522	0.044558309577405454	3.9506172839506166e-05	0.15532054007053375
118800	-2.658690	-1.913978	-1.375052	0.070040	0.155354	0.252826	0.04454926066100597	5.925925925925925e-05	0.15535441040992737
118920	-2.659028	-1.914113	-1.375382	0.070016	0.155338	0.252743	0.044567294605076316	3.9506172839506166e-05	0.15533697605133057
119040	-2.659296	-1.913507	-1.374937	0.069998	0.155433	0.252855	0.0445150101557374	3.9506172839506166e-05	0.1554323136806488
119160	-2.658719	-1.913365	-1.374136	0.070038	0.155466	0.253058	0.04450549818575382	2.6337448559670777e-05	0.15546473860740662
119280	-2.658547	-1.912818	-1.373569	0.070050	0.155558	0.253202	0.044450365379452704	1.7558299039780518e-05	0.15555773675441742
119400	-2.658374	-1.912613	-1.372433	0.070062	0.155596	0.253490	0.04443369787186384	1.7558299039780518e-05	0.15559521317481995
119520	-2.657979	-1.912202	-1.371773	0.070090	0.155662	0.253657	0.04440252613276243	2.6337448559670777e-05	0.15566031634807587
119640	-2.656941	-1.911844	-1.371732	0.070163	0.155720	0.253667	0.04436493664979935	1.1705532693187011e-05	0.15571898221969604
119760	-2.657716	-1.911372	-1.371154	0.070108	0.155791	0.253814	0.044324764795601365	3.9506172839506166e-05	0.15579001605510712
119880	-2.656632	-1.910942	-1.369475	0.070184	0.155865	0.254240	0.04428314082324505	3.9506172839506166e-05	0.15586410462856293
120000	-2.656714	-1.911293	-1.370229	0.070178	0.155821	0.254049	0.04430904481559992	5.925925925925925e-05	0.1558210253715515
120120	-2.658637	-1.911275	-1.369545	0.070044	0.155838	0.254223	0.044312652014195916	5.925925925925925e-05	0.15583810210227966
120240	-2.660382	-1.911129	-1.370258	0.069922	0.155882	0.254041	0.044299330189824106	5.925925925925925e-05	0.15588191151618958
120360	-2.662544	-1.911279	-1.370616	0.069771	0.155890	0.253951	0.04430761393159628	5.925925925925925e-05	0.15588968992233276
120480	-2.662820	-1.911303	-1.370043	0.069751	0.155900	0.254096	0.04430374503135681	5.925925925925925e-05	0.1559012234210968
120600	-2.664117	-1.911855	-1.370237	0.069661	0.155832	0.254047	0.04435782507061958	5.925925925925925e-05	0.15583187341690063
120720	-2.665413	-1.912550	-1.369412	0.069571	0.155745	0.254256	0.0444261385127902	3.9506172839506166e-05	0.15574441850185394
120840	-2.664919	-1.912833	-1.368442	0.069605	0.155716	0.254503	0.04445435106754303	2.6337448559670777e-05	0.1557154506444931
120960	-2.665017	-1.912522	-1.368345	0.069598	0.155773	0.254528	0.044428512826561926	2.6337448559670777e-05	0.1557718962430954
121080	-2.664494	-1.912296	-1.366817	0.069635	0.155817	0.254917	0.044400704652071	3.9506172839506166e-05	0.15581756830215454
121200	-2.664778	-1.911790	-1.364237	0.069615	0.155919	0.255576	0.04435736015439033	2.6337448559670777e-05	0.15591895580291748
121320	-2.666168	-1.911524	-1.364036	0.069518	0.155969	0.255627	0.044333614967763425	2.6337448559670777e-05	0.15596915781497955
121440	-2.666505	-1.911788	-1.365188	0.069495	0.155932	0.255333	0.0443592743948102	3.9506172839506166e-05	0.1559322029352188
121560	-2.665934	-1.911391	-1.364416	0.069534	0.155992	0.255530	0.044321134313941	3.9506172839506166e-05	0.15599195659160614
121680	-2.666584	-1.911365	-1.362939	0.069489	0.156018	0.255908	0.0443184208124876	5.925925925925925e-05	0.15601730346679688
121800	-2.667990	-1.911361	-1.361978	0.069392	0.156032	0.256154	0.04431690629571676	3.9506172839506166e-05	0.15603312849998474
121920	-2.667654	-1.911514	-1.362335	0.069415	0.156006	0.256062	0.044331852719187735	3.9506172839506166e-05	0.15600600838661194
122040	-2.668481	-1.911340	-1.359985	0.069358	0.156052	0.256665	0.04432195331901312	5.925925925925925e-05	0.15605096518993378
122160	-2.669644	-1.911219	-1.359773	0.069277	0.156087	0.256719	0.04430330879986286	3.9506172839506166e-05	0.1560879498720169
122280	-2.670858	-1.911181	-1.358813	0.069193	0.156109	0.256966	0.04430483505129814	3.9506172839506166e-05	0.15610849857330322
122400	-2.670964	-1.911256	-1.358175	0.069185	0.156111	0.257130	0.04430265016853809	5.925925925925925e-05	0.15611189603805542
122520	-2.671438	-1.911174	-1.357338	0.069153	0.156115	0.257345	0.044292342476546766	3.9506172839506166e-05	0.15611620247364044
122640	-2.672953	-1.911454	-1.358907	0.069048	0.156072	0.256942	0.04431703630834818	5.925925925925925e-05	0.15607406198978424
122760	-2.673982	-1.911766	-1.357968	0.068977	0.156043	0.257183	0.04434596356004476	5.925925925925925e-05	0.15604470670223236
122880	-2.675352	-1.912357	-1.357814	0.068883	0.155977	0.257223	0.044403559900820254	3.9506172839506166e-05	0.15597721934318542
123000	-2.675387	-1.912163	-1.356992	0.068880	0.156018	0.257434	0.04439031332731247	1.7558299039780518e-05	0.15601833164691925
123120	-2.674763	-1.911610	-1.356036	0.068923	0.156108	0.257680	0.04434443097561598	5.925925925925925e-05	0.15610678493976593
123240	-2.673922	-1.911347	-1.355249	0.068981	0.156160	0.257883	0.04431551359593868	2.6337448559670777e-05	0.15616051852703094
123360	-2.674776	-1.911049	-1.354843	0.068922	0.156233	0.257988	0.044290922954678534	2.6337448559670777e-05	0.1562328338623047
123480	-2.675119	-1.910754	-1.353999	0.068899	0.156303	0.258206	0.044266482815146446	3.9506172839506166e-05	0.15630248188972473
123600	-2.675263	-1.910770	-1.354523	0.068889	0.156321	0.258070	0.04426765199750662	3.9506172839506166e-05	0.15632027387619019
123720	-2.675123	-1.910496	-1.353460	0.068898	0.156376	0.258345	0.04423830434679985	2.6337448559670777e-05	0.1563759595155716
123840	-2.675364	-1.910279	-1.352852	0.068882	0.156411	0.258502	0.044223927333950995	1.7558299039780518e-05	0.15641053020954132
123960	-2.676744	-1.910250	-1.351425	0.068787	0.156425	0.258871	0.04421118758618832	5.925925925925925e-05	0.1564260721206665
124080	-2.679652	-1.911388	-1.351323	0.068587	0.156272	0.258898	0.04430919531732798	5.925925925925925e-05	0.15627285838127136
124200	-2.682319	-1.911386	-1.352456	0.068404	0.156299	0.258604	0.044319658726453784	5.925925925925925e-05	0.1562981754541397
124320	-2.683785	-1.911460	-1.350953	0.068304	0.156317	0.258993	0.04432615041732788	5.925925925925925e-05	0.1563170999288559
124440	-2.685945	-1.911482	-1.349258	0.068157	0.156343	0.259433	0.0443333450704813	1.7558299039780518e-05	0.1563425362110138
124560	-2.686959	-1.912550	-1.348582	0.068088	0.156200	0.259608	0.04442225657403469	5.925925925925925e-05	0.15619924664497375
124680	-2.687633	-1.912656	-1.346743	0.068042	0.156201	0.260086	0.04443342592567205	3.9506172839506166e-05	0.15620066225528717
124800	-2.690335	-1.913729	-1.347212	0.067858	0.156053	0.259964	0.0445228947326541	5.925925925925925e-05	0.15605467557907104
124920	-2.690098	-1.913557	-1.345907	0.067874	0.156099	0.260304	0.04451253432780504	5.925925925925925e-05	0.1560991108417511
125040	-2.689124	-1.913000	-1.345095	0.067940	0.156202	0.260515	0.044468185491859914	5.925925925925925e-05	0.15620103478431702
125160	-2.689252	-1.913120	-1.344766	0.067932	0.156205	0.260601	0.044468598626554015	2.6337448559670777e-05	0.1562056690454483
125280	-2.690979	-1.912931	-1.344994	0.067815	0.156251	0.260541	0.044461959041655064	2.6337448559670777e-05	0.15625029802322388
125400	-2.690653	-1.912372	-1.343388	0.067837	0.156368	0.260960	0.04441255312412977	3.9506172839506166e-05	0.15636731684207916
125520	-2.692326	-1.912157	-1.342377	0.067723	0.156413	0.261224	0.04439029470086098	3.9506172839506166e-05	0.15641343593597412
125640	-2.693019	-1.912424	-1.341142	0.067676	0.156392	0.261547	0.04441014006733894	2.6337448559670777e-05	0.15639273822307587
125760	-2.694236	-1.912591	-1.339815	0.067594	0.156387	0.261894	0.044429552368819715	3.9506172839506166e-05	0.1563866287469864
125880	-2.696061	-1.912365	-1.338397	0.067471	0.156453	0.262266	0.04440712332725525	3.9506172839506166e-05	0.15645261108875275
126000	-2.696361	-1.912696	-1.338676	0.067451	0.156424	0.262193	0.04443215448409319	5.925925925925925e-05	0.15642422437667847
126120	-2.696146	-1.912784	-1.338320	0.067465	0.156436	0.262286	0.04443305563181639	5.925925925925925e-05	0.15643808245658875
126240	-2.697586	-1.913587	-1.337970	0.067368	0.156328	0.262378	0.04451173655688763	3.9506172839506166e-05	0.15632875263690948
126360	-2.700314	-1.913931	-1.337235	0.067184	0.156314	0.262571	0.04455094542354345	5.925925925925925e-05	0.1563129425048828
126480	-2.701415	-1.913852	-1.335885	0.067110	0.156344	0.262925	0.04453481361269951	5.925925925925925e-05	0.1563449203968048
126600	-2.703082	-1.914261	-1.335473	0.066999	0.156301	0.263034	0.04457155540585518	5.925925925925925e-05	0.15630199015140533
126720	-2.704458	-1.915308	-1.337097	0.066907	0.156160	0.262607	0.044665302708745004	3.9506172839506166e-05	0.15616078674793243
126840	-2.705452	-1.916440	-1.337835	0.066840	0.155975	0.262413	0.044760612584650514	5.925925925925925e-05	0.1559775024652481
126960	-2.705430	-1.916248	-1.337425	0.066842	0.156023	0.262521	0.04475614223629236	1.7558299039780518e-05	0.15602348744869232
127080	-2.706441	-1.916203	-1.336266	0.066774	0.156047	0.262825	0.04475306961685419	2.6337448559670777e-05	0.15604722499847412
127200	-2.706835	-1.916119	-1.335205	0.066748	0.156073	0.263104	0.04474939107894897	2.6337448559670777e-05	0.15607257187366486
127320	-2.705917	-1.915692	-1.334629	0.066809	0.156139	0.263256	0.04470790587365627	3.9506172839506166e-05	0.15613915026187897
127440	-2.707242	-1.916144	-1.335390	0.066721	0.156089	0.263055	0.04475088063627482	3.9506172839506166e-05	0.1560884267091751
127560	-2.709059	-1.916109	-1.335830	0.066599	0.156106	0.262940	0.04474718775600195	3.9506172839506166e-05	0.15610522031784058
127680	-2.710981	-1.916097	-1.335850	0.066472	0.156133	0.262935	0.04474285561591387	3.9506172839506166e-05	0.15613248944282532
127800	-2.712671	-1.916444	-1.335610	0.066359	0.156098	0.262998	0.044764688424766066	5.925925925925925e-05	0.15610001981258392
127920	-2.713200	-1.916382	-1.334819	0.066324	0.156123	0.263206	0.04476825464516878	3.9506172839506166e-05	0.15612316131591797
128040	-2.715224	-1.916667	-1.335096	0.066190	0.156092	0.263133	0.04480198584496975	3.9506172839506166e-05	0.15609122812747955
128160	-2.715819	-1.916943	-1.334782	0.066151	0.156062	0.263216	0.044820246286690235	2.6337448559670777e-05	0.15606160461902618
128280	-2.718481	-1.917464	-1.335291	0.065975	0.156004	0.263082	0.04485844131559134	5.925925925925925e-05	0.15600623190402985
128400	-2.721413	-1.918136	-1.334955	0.065782	0.155930	0.263170	0.04491578880697489	5.925925925925925e-05	0.15593183040618896
128520	-2.725306	-1.919174	-1.334668	0.065526	0.155811	0.263245	0.04500172156840563	5.925925925925925e-05	0.15581385791301727
128640	-2.726723	-1.919712	-1.333311	0.065433	0.155784	0.263603	0.04506085813045502	5.925925925925925e-05	0.15578489005565643
128760	-2.727666	-1.920464	-1.333854	0.065372	0.155682	0.263460	0.04512829929590225	5.925925925925925e-05	0.15568391978740692
128880	-2.730489	-1.921080	-1.334422	0.065187	0.155611	0.263310	0.045187828876078126	5.925925925925925e-05	0.15561248362064362
129000	-2.732761	-1.921113	-1.333697	0.065039	0.155640	0.263501	0.04519544690847397	2.6337448559670777e-05	0.15563952922821045
129120	-2.733415	-1.921329	-1.333295	0.064997	0.155626	0.263607	0.04521067943423986	5.925925925925925e-05	0.15562640130519867
129240	-2.734574	-1.920981	-1.332569	0.064922	0.155696	0.263799	0.0451855331659317	3.9506172839506166e-05	0.1556960642337799
129360	-2.735264	-1.920980	-1.331842	0.064877	0.155712	0.263991	0.04518105518072844	3.9506172839506166e-05	0.15571212768554688
129480	-2.734922	-1.921203	-1.331114	0.064899	0.155693	0.264183	0.04520223401486874	3.9506172839506166e-05	0.1556934118270874
129600	-2.735025	-1.921348	-1.330320	0.064892	0.155673	0.264393	0.045215719006955625	3.9506172839506166e-05	0.155673086643219
129720	-2.736604	-1.921790	-1.330107	0.064790	0.155611	0.264449	0.04525195173919201	3.9506172839506166e-05	0.15561158955097198
129840	-2.736235	-1.922167	-1.329566	0.064814	0.155558	0.264592	0.04528304599225521	5.925925925925925e-05	0.15555883944034576
129960	-2.737689	-1.922823	-1.329170	0.064720	0.155481	0.264697	0.04534597974270582	3.9506172839506166e-05	0.1554810106754303
130080	-2.739285	-1.923276	-1.328766	0.064617	0.155421	0.264804	0.045388436503708364	5.925925925925925e-05	0.1554204523563385
130200	-2.741463	-1.924065	-1.327087	0.064476	0.155346	0.265249	0.04545489214360714	5.925925925925925e-05	0.1553461253643036
130320	-2.740504	-1.924175	-1.326937	0.064538	0.155347	0.265289	0.045469284802675244	5.925925925925925e-05	0.1553468406200409
130440	-2.741134	-1.924530	-1.326847	0.064497	0.155289	0.265312	0.04550493266433477	5.925925925925925e-05	0.15528830885887146
130560	-2.741331	-1.924350	-1.325619	0.064484	0.155338	0.265639	0.045486336760222915	3.9506172839506166e-05	0.1553380787372589
130680	-2.742562	-1.924841	-1.324762	0.064405	0.155292	0.265866	0.04552181474864483	5.925925925925925e-05	0.15529318153858185
130800	-2.745157	-1.925875	-1.328300	0.064238	0.155120	0.264927	0.04561288170516491	5.925925925925925e-05	0.15512219071388245
130920	-2.745213	-1.925520	-1.326694	0.064235	0.155201	0.265353	0.04558966439217329	3.9506172839506166e-05	0.15520142018795013
131040	-2.745455	-1.925884	-1.326225	0.064219	0.155155	0.265478	0.04562704358249903	5.925925925925925e-05	0.15515457093715668
131160	-2.746312	-1.925917	-1.325015	0.064164	0.155177	0.265799	0.04563024789094925	3.9506172839506166e-05	0.15517698228359222
131280	-2.746150	-1.925793	-1.324847	0.064174	0.155199	0.265844	0.04561648685485124	2.6337448559670777e-05	0.1551993042230606
131400	-2.746458	-1.925832	-1.324916	0.064155	0.155205	0.265825	0.045617112703621385	5.925925925925925e-05	0.1552051305770874
131520	-2.745956	-1.925696	-1.324787	0.064187	0.155224	0.265860	0.045621247962117195	3.9506172839506166e-05	0.15522105991840363
131640	-2.745736	-1.925359	-1.323291	0.064201	0.155283	0.266258	0.04557300731539726	5.925925925925925e-05	0.15528340637683868
131760	-2.746098	-1.925276	-1.321152	0.064178	0.155321	0.266828	0.04556409548968077	5.925925925925925e-05	0.1553216278553009
131880	-2.746370	-1.925669	-1.321665	0.064160	0.155274	0.266691	0.04560175370424986	5.925925925925925e-05	0.1552736610174179
132000	-2.747109	-1.925530	-1.320907	0.064113	0.155323	0.266893	0.04558585491031408	5.925925925925925e-05	0.1553238034248352
132120	-2.748376	-1.926662	-1.320177	0.064032	0.155176	0.267088	0.045680069364607334	5.925925925925925e-05	0.15517842769622803
132240	-2.749435	-1.927313	-1.322365	0.063964	0.155094	0.266504	0.04574982151389122	3.9506172839506166e-05	0.1550946831703186
132360	-2.750457	-1.927744	-1.321203	0.063899	0.155040	0.266814	0.04578691311180592	3.9506172839506166e-05	0.15504074096679688
132480	-2.752130	-1.927748	-1.320497	0.063792	0.155060	0.267002	0.04579706881195307	3.9506172839506166e-05	0.15505847334861755
132600	-2.753343	-1.928349	-1.319190	0.063715	0.154994	0.267352	0.0458415798842907	3.9506172839506166e-05	0.15499556064605713
132720	-2.754783	-1.929034	-1.319178	0.063623	0.154904	0.267355	0.0458941513672471	5.925925925925925e-05	0.15490637719631195
132840	-2.757875	-1.929928	-1.319044	0.063426	0.154813	0.267391	0.04598954375833273	3.9506172839506166e-05	0.15481235086917877
132960	-2.758268	-1.930035	-1.318252	0.063401	0.154816	0.267603	0.045999014563858506	3.9506172839506166e-05	0.1548154205083847
133080	-2.759438	-1.930130	-1.318598	0.063327	0.154809	0.267510	0.046005035564303395	1.7558299039780518e-05	0.15480977296829224
133200	-2.759720	-1.930170	-1.317825	0.063310	0.154816	0.267717	0.04600739050656557	3.9506172839506166e-05	0.15481746196746826
133320	-2.759300	-1.929784	-1.316650	0.063336	0.154884	0.268032	0.045976852998137474	2.6337448559670777e-05	0.15488360822200775
133440	-2.760992	-1.930125	-1.315929	0.063229	0.154850	0.268225	0.04600479621440172	3.9506172839506166e-05	0.15485036373138428
133560	-2.760596	-1.929671	-1.315759	0.063254	0.154934	0.268271	0.045966303907334805	3.9506172839506166e-05	0.1549341082572937
133680	-2.760380	-1.929774	-1.315524	0.063268	0.154932	0.268334	0.045976005122065546	2.6337448559670777e-05	0.15493127703666687
133800	-2.760850	-1.929405	-1.314077	0.063238	0.155021	0.268722	0.04594180155545473	3.9506172839506166e-05	0.15502068400382996
133920	-2.761010	-1.929629	-1.313328	0.063228	0.155003	0.268924	0.045954945124685766	3.9506172839506166e-05	0.15500397980213165
134040	-2.761398	-1.930036	-1.312812	0.063203	0.154966	0.269062	0.045994067750871184	5.925925925925925e-05	0.15496711432933807
134160	-2.761313	-1.930200	-1.312790	0.063209	0.154961	0.269068	0.04601697754114866	3.9506172839506166e-05	0.15496018528938293
134280	-2.761652	-1.930702	-1.312416	0.063187	0.154895	0.269169	0.04605388753116131	3.9506172839506166e-05	0.1548958420753479
134400	-2.761406	-1.930998	-1.312374	0.063203	0.154859	0.269180	0.04607948139309883	3.9506172839506166e-05	0.15486010909080505
134520	-2.761014	-1.931254	-1.310276	0.063228	0.154846	0.269746	0.04609881862998009	5.925925925925925e-05	0.15484711527824402
134640	-2.759460	-1.932015	-1.310557	0.063326	0.154721	0.269670	0.04616246502846479	5.925925925925925e-05	0.1547234207391739
134760	-2.759402	-1.932742	-1.310140	0.063330	0.154621	0.269782	0.04623761307448149	5.925925925925925e-05	0.1546221524477005
134880	-2.758475	-1.933535	-1.309481	0.063388	0.154523	0.269960	0.046305146999657154	5.925925925925925e-05	0.1545250117778778
135000	-2.758254	-1.933838	-1.308553	0.063402	0.154494	0.270211	0.04634061567485333	3.9506172839506166e-05	0.15449446439743042
135120	-2.758829	-1.933915	-1.307723	0.063366	0.154510	0.270435	0.04634442999958992	3.9506172839506166e-05	0.15451040863990784
135240	-2.759157	-1.933831	-1.306886	0.063345	0.154548	0.270662	0.04634664710611105	3.9506172839506166e-05	0.15454567968845367
135360	-2.758818	-1.933853	-1.304687	0.063367	0.154573	0.271257	0.04634021613746882	3.9506172839506166e-05	0.15457279980182648
135480	-2.758140	-1.934308	-1.304076	0.063410	0.154520	0.271423	0.04637964125722647	3.9506172839506166e-05	0.15452046692371368
135600	-2.758402	-1.934906	-1.303318	0.063393	0.154451	0.271629	0.04643505457788706	5.925925925925925e-05	0.1544508934020996
135720	-2.757893	-1.935131	-1.302002	0.063425	0.154429	0.271987	0.046460533142089845	2.6337448559670777e-05	0.15442857146263123
135840	-2.758234	-1.935071	-1.299872	0.063404	0.154480	0.272567	0.04645294267684221	5.925925925925925e-05	0.15448014438152313
135960	-2.758926	-1.935628	-1.299834	0.063360	0.154405	0.272577	0.04649057108908892	5.925925925925925e-05	0.15440654754638672
136080	-2.757851	-1.935964	-1.300611	0.063428	0.154351	0.272365	0.04653613809496164	3.9506172839506166e-05	0.15435126423835754
136200	-2.756284	-1.936400	-1.300840	0.063527	0.154296	0.272303	0.04656845256686211	3.9506172839506166e-05	0.154296413064003
136320	-2.754935	-1.936400	-1.300114	0.063613	0.154312	0.272501	0.046576900593936446	2.6337448559670777e-05	0.1543104350566864
136440	-2.753459	-1.936572	-1.299351	0.063707	0.154291	0.272709	0.04658542033284903	5.925925925925925e-05	0.1542915254831314
136560	-2.752464	-1.936424	-1.299241	0.063771	0.154313	0.272739	0.04657524600625038	2.6337448559670777e-05	0.1543128937482834
136680	-2.750996	-1.937344	-1.298619	0.063864	0.154162	0.272908	0.04664637427777052	5.925925925925925e-05	0.1541629433631897
136800	-2.749866	-1.938172	-1.299000	0.063936	0.154021	0.272805	0.04672444388270378	3.9506172839506166e-05	0.15402203798294067
136920	-2.747222	-1.938439	-1.298483	0.064106	0.153965	0.272946	0.04676347896456719	3.9506172839506166e-05	0.15396364033222198
137040	-2.746915	-1.938214	-1.297635	0.064125	0.154009	0.273177	0.0467316210269928	2.6337448559670777e-05	0.15400968492031097
137160	-2.746313	-1.938627	-1.297214	0.064164	0.153947	0.273292	0.04677158743143082	3.9506172839506166e-05	0.15394684672355652
137280	-2.745535	-1.938652	-1.297480	0.064214	0.153943	0.273219	0.04677517954260111	3.9506172839506166e-05	0.15394261479377747
137400	-2.743710	-1.938502	-1.296802	0.064331	0.153965	0.273405	0.04676152355968952	3.9506172839506166e-05	0.15396559238433838
137520	-2.743026	-1.939044	-1.297244	0.064375	0.153893	0.273284	0.04680514205247164	5.925925925925925e-05	0.1538938581943512
137640	-2.742309	-1.938647	-1.296777	0.064421	0.153958	0.273412	0.04677525348961353	2.6337448559670777e-05	0.15395726263523102
137760	-2.741541	-1.938774	-1.297672	0.064471	0.153926	0.273167	0.046792552806437016	3.9506172839506166e-05	0.15392394363880157
137880	-2.740970	-1.938478	-1.296042	0.064508	0.153985	0.273613	0.04675695411860943	3.9506172839506166e-05	0.1539849489927292
138000	-2.739881	-1.938470	-1.295799	0.064578	0.153994	0.273679	0.046750609017908576	3.9506172839506166e-05	0.15399576723575592
138120	-2.739858	-1.938630	-1.295884	0.064580	0.153986	0.273656	0.046770794130861756	3.9506172839506166e-05	0.15398618578910828
138240	-2.739513	-1.938949	-1.296348	0.064602	0.153950	0.273529	0.04679878354072571	5.925925925925925e-05	0.15394991636276245
138360	-2.738646	-1.939326	-1.296604	0.064658	0.153896	0.273459	0.04682786352932453	3.9506172839506166e-05	0.15389692783355713
138480	-2.737959	-1.939110	-1.296062	0.064702	0.153933	0.273607	0.04681482519954443	3.9506172839506166e-05	0.1539331078529358
138600	-2.736755	-1.939465	-1.296697	0.064780	0.153870	0.273433	0.04684454090893268	3.9506172839506166e-05	0.15387040376663208
138720	-2.734597	-1.939663	-1.295940	0.064920	0.153829	0.273640	0.04686150513589382	3.9506172839506166e-05	0.15382936596870422
138840	-2.733262	-1.939435	-1.295639	0.065007	0.153862	0.273723	0.04684645030647516	3.9506172839506166e-05	0.15386192500591278
138960	-2.731568	-1.939496	-1.296036	0.065117	0.153855	0.273614	0.04684953950345516	3.9506172839506166e-05	0.1538556069135666
139080	-2.731313	-1.939413	-1.297107	0.065134	0.153871	0.273321	0.04684307631105185	3.9506172839506166e-05	0.15387094020843506
139200	-2.729959	-1.939142	-1.296773	0.065222	0.153923	0.273413	0.04682433903217316	3.9506172839506166e-05	0.15392157435417175
139320	-2.729999	-1.939220	-1.297024	0.065219	0.153921	0.273344	0.046821726486086845	3.9506172839506166e-05	0.1539219468832016
139440	-2.729517	-1.939227	-1.296539	0.065251	0.153939	0.273477	0.046831059642136096	2.6337448559670777e-05	0.1539379060268402
139560	-2.727082	-1.938715	-1.295493	0.065410	0.154020	0.273763	0.046781028434634206	3.9506172839506166e-05	0.1540204882621765
139680	-2.726222	-1.938958	-1.295430	0.065466	0.153995	0.273780	0.0467958552762866	3.9506172839506166e-05	0.1539948433637619
139800	-2.725464	-1.938466	-1.294544	0.065516	0.154080	0.274023	0.04676039293408394	2.6337448559670777e-05	0.154079869389534
139920	-2.725003	-1.938439	-1.295016	0.065546	0.154082	0.273894	0.046758292429149154	5.925925925925925e-05	0.15408103168010712
140040	-2.723182	-1.938473	-1.296253	0.065665	0.154067	0.273555	0.04676150511950254	3.9506172839506166e-05	0.15406617522239685
140160	-2.722554	-1.938363	-1.295125	0.065707	0.154106	0.273864	0.04674502499401569	3.9506172839506166e-05	0.15410688519477844
140280	-2.722372	-1.938877	-1.295712	0.065719	0.154036	0.273703	0.04678711369633674	5.925925925925925e-05	0.15403670072555542
140400	-2.721398	-1.938792	-1.295221	0.065783	0.154067	0.273837	0.046785620599985124	5.925925925925925e-05	0.15406598150730133
140520	-2.721931	-1.939121	-1.295195	0.065748	0.154044	0.273844	0.046807638742029666	5.925925925925925e-05	0.15404541790485382
140640	-2.721612	-1.939800	-1.296383	0.065769	0.153953	0.273519	0.04687038715928793	5.925925925925925e-05	0.15395383536815643
140760	-2.722420	-1.940514	-1.297228	0.065716	0.153843	0.273288	0.04693340137600899	5.925925925925925e-05	0.15384455025196075
140880	-2.721742	-1.940431	-1.296402	0.065760	0.153866	0.273514	0.04694400373846293	3.9506172839506166e-05	0.15386372804641724
141000	-2.722405	-1.940244	-1.295263	0.065717	0.153914	0.273826	0.046916437521576884	3.9506172839506166e-05	0.15391480922698975
141120	-2.722346	-1.940394	-1.293867	0.065720	0.153899	0.274208	0.04692924302071333	2.6337448559670777e-05	0.1538989245891571
141240	-2.721956	-1.939926	-1.292248	0.065746	0.153985	0.274653	0.04689338970929384	2.6337448559670777e-05	0.15398384630680084
141360	-2.722713	-1.939810	-1.291366	0.065696	0.154024	0.274895	0.04687647912651301	3.9506172839506166e-05	0.15402373671531677
141480	-2.721352	-1.939668	-1.290769	0.065786	0.154056	0.275059	0.04687601774930954	2.6337448559670777e-05	0.15405407547950745
141600	-2.721159	-1.939439	-1.290397	0.065798	0.154095	0.275162	0.046847620978951454	2.6337448559670777e-05	0.15409472584724426
141720	-2.722611	-1.939716	-1.290471	0.065703	0.154062	0.275141	0.04687018450349569	2.6337448559670777e-05	0.15406237542629242
141840	-2.721555	-1.939332	-1.288189	0.065772	0.154139	0.275770	0.04684352595359087	2.6337448559670777e-05	0.15413697063922882
141960	-2.722305	-1.939273	-1.287421	0.065723	0.154157	0.275982	0.04682743921875954	3.9506172839506166e-05	0.15415678918361664
142080	-2.721838	-1.939056	-1.288776	0.065754	0.154202	0.275608	0.046811299957335	5.925925925925925e-05	0.1542019098997116
142200	-2.720881	-1.938883	-1.289138	0.065817	0.154231	0.275508	0.046798060089349745	2.6337448559670777e-05	0.15423022210597992
142320	-2.720487	-1.939031	-1.289659	0.065843	0.154209	0.275365	0.04680443499237299	2.6337448559670777e-05	0.15421001613140106
142440	-2.721121	-1.939355	-1.289863	0.065801	0.154179	0.275308	0.04683128893375397	3.9506172839506166e-05	0.154180109500885
142560	-2.721143	-1.939514	-1.289152	0.065800	0.154168	0.275504	0.04685939196497202	2.6337448559670777e-05	0.15416643023490906
142680	-2.721702	-1.939790	-1.288423	0.065763	0.154144	0.275705	0.04686746932566166	3.9506172839506166e-05	0.1541454941034317
142800	-2.722832	-1.940232	-1.288486	0.065688	0.154083	0.275688	0.04691635873168707	3.9506172839506166e-05	0.15408293902873993
142920	-2.723224	-1.940478	-1.287823	0.065663	0.154057	0.275871	0.046938924305140975	3.9506172839506166e-05	0.15405654907226562
143040	-2.724752	-1.940793	-1.288713	0.065562	0.154006	0.275625	0.04696460664272308	3.9506172839506166e-05	0.15400657057762146
143160	-2.724770	-1.940915	-1.288738	0.065561	0.153991	0.275619	0.04697799440473318	2.6337448559670777e-05	0.15399064123630524
143280	-2.725071	-1.940887	-1.287912	0.065542	0.154003	0.275846	0.04697874542325735	2.6337448559670777e-05	0.15400190651416779
143400	-2.726934	-1.940943	-1.287577	0.065420	0.154016	0.275939	0.046973146870732306	5.925925925925925e-05	0.15401655435562134
143520	-2.727877	-1.941236	-1.287003	0.065358	0.153990	0.276097	0.047005693055689336	3.9506172839506166e-05	0.1539900004863739
143640	-2.728061	-1.941523	-1.287478	0.065346	0.153952	0.275966	0.047029347904026506	3.9506172839506166e-05	0.15395256876945496
143760	-2.730754	-1.941486	-1.286910	0.065170	0.153975	0.276123	0.047028744406998155	3.9506172839506166e-05	0.15397454798221588
143880	-2.733434	-1.941735	-1.286117	0.064996	0.153979	0.276342	0.04704872034490108	3.9506172839506166e-05	0.1539791226387024
144000	-2.734237	-1.941394	-1.284956	0.064944	0.154065	0.276663	0.047019554674625395	3.9506172839506166e-05	0.15406499803066254
144120	-2.734198	-1.941601	-1.284029	0.064946	0.154055	0.276919	0.047044526971876624	3.9506172839506166e-05	0.15405358374118805
144240	-2.734080	-1.941680	-1.284095	0.064954	0.154055	0.276901	0.047044340334832666	2.6337448559670777e-05	0.15405528247356415
144360	-2.733719	-1.941957	-1.284644	0.064977	0.154024	0.276749	0.04706609342247248	3.9506172839506166e-05	0.15402533113956451
144480	-2.734988	-1.942015	-1.284944	0.064895	0.154026	0.276666	0.04708083923906088	2.6337448559670777e-05	0.15402422845363617
144600	-2.735229	-1.942190	-1.283909	0.064879	0.154011	0.276953	0.04708788264542818	3.9506172839506166e-05	0.15401190519332886
144720	-2.736629	-1.942718	-1.283520	0.064788	0.153945	0.277060	0.047135337814688684	3.9506172839506166e-05	0.15394555032253265
144840	-2.740701	-1.943429	-1.283952	0.064525	0.153842	0.276941	0.04719956871122122	5.925925925925925e-05	0.15384246408939362
144960	-2.742485	-1.943678	-1.283453	0.064410	0.153836	0.277079	0.04722492843866348	3.9506172839506166e-05	0.15383632481098175
145080	-2.743897	-1.943548	-1.283480	0.064319	0.153862	0.277071	0.04721509870141745	2.6337448559670777e-05	0.15386177599430084
145200	-2.744443	-1.943427	-1.283300	0.064284	0.153890	0.277121	0.04721121359616518	3.9506172839506166e-05	0.1538885235786438
145320	-2.744836	-1.943490	-1.283064	0.064259	0.153882	0.277187	0.04721107538789511	3.9506172839506166e-05	0.15388156473636627
145440	-2.746109	-1.943609	-1.283892	0.064177	0.153869	0.276957	0.047219711355865	2.6337448559670777e-05	0.15386836230754852
145560	-2.745822	-1.943272	-1.283405	0.064196	0.153924	0.277092	0.04720004573464394	3.9506172839506166e-05	0.153921440243721
145680	-2.746121	-1.943108	-1.282945	0.064176	0.153960	0.277220	0.04717754349112511	3.9506172839506166e-05	0.15395909547805786
145800	-2.745632	-1.942989	-1.282054	0.064208	0.153993	0.277467	0.047164042480289936	3.9506172839506166e-05	0.15399280190467834
145920	-2.746491	-1.942808	-1.282703	0.064153	0.154034	0.277287	0.04714831057935953	3.9506172839506166e-05	0.15403397381305695
146040	-2.747453	-1.942909	-1.283407	0.064091	0.154034	0.277092	0.04716266971081495	3.9506172839506166e-05	0.1540328562259674
146160	-2.748228	-1.943180	-1.282887	0.064041	0.154012	0.277236	0.04717431701719761	3.9506172839506166e-05	0.1540130376815796
146280	-2.748859	-1.943466	-1.282863	0.064001	0.154002	0.277242	0.047196453996002675	5.925925925925925e-05	0.15400364995002747
146400	-2.749911	-1.943937	-1.282530	0.063934	0.153963	0.277335	0.04724454246461392	3.9506172839506166e-05	0.1539633870124817
146520	-2.749422	-1.944622	-1.282515	0.063965	0.153863	0.277339	0.04729238376021385	5.925925925925925e-05	0.1538659632205963
146640	-2.752624	-1.945689	-1.283167	0.063760	0.153751	0.277158	0.04739441126585007	5.925925925925925e-05	0.15375259518623352
146760	-2.754305	-1.946339	-1.283711	0.063653	0.153672	0.277008	0.04745768625289202	3.9506172839506166e-05	0.1536727100610733
146880	-2.756320	-1.946392	-1.283090	0.063525	0.153691	0.277179	0.04747090861201286	3.9506172839506166e-05	0.15369080007076263
147000	-2.757531	-1.946291	-1.282752	0.063448	0.153724	0.277273	0.04746353980153799	3.9506172839506166e-05	0.1537237912416458
147120	-2.758585	-1.946020	-1.282201	0.063381	0.153794	0.277426	0.04743947722017765	1.7558299039780518e-05	0.15379387140274048
147240	-2.759122	-1.945909	-1.282541	0.063347	0.153812	0.277332	0.04743309412151575	1.7558299039780518e-05	0.15381072461605072
147360	-2.758851	-1.945438	-1.281483	0.063365	0.153901	0.277625	0.04738492593169212	1.7558299039780518e-05	0.15390120446681976
147480	-2.758565	-1.945320	-1.281364	0.063383	0.153938	0.277658	0.04737276136875153	2.6337448559670777e-05	0.15393784642219543
147600	-2.759013	-1.945362	-1.281625	0.063354	0.153939	0.277586	0.047374100610613826	2.6337448559670777e-05	0.1539394110441208
147720	-2.759895	-1.945359	-1.281486	0.063298	0.153950	0.277624	0.04738830756396055	2.6337448559670777e-05	0.15394800901412964
147840	-2.761025	-1.945085	-1.281681	0.063227	0.154001	0.277570	0.047352985665202144	2.6337448559670777e-05	0.1540004312992096
147960	-2.761078	-1.944808	-1.281354	0.063224	0.154065	0.277661	0.04732447527348995	3.9506172839506166e-05	0.15406516194343567
148080	-2.760643	-1.944849	-1.281099	0.063251	0.154074	0.277732	0.04733483381569385	3.9506172839506166e-05	0.1540737897157669
148200	-2.759977	-1.944310	-1.280090	0.063293	0.154169	0.278012	0.04729022998362779	3.9506172839506166e-05	0.15416763722896576
148320	-2.762467	-1.944610	-1.280248	0.063136	0.154155	0.277968	0.0473086416721344	3.9506172839506166e-05	0.15415503084659576
148440	-2.763251	-1.944543	-1.279749	0.063086	0.154188	0.278107	0.04730725288391113	2.6337448559670777e-05	0.15418823063373566
148560	-2.761975	-1.944460	-1.278624	0.063167	0.154225	0.278420	0.047298329137265685	3.9506172839506166e-05	0.1542249470949173
148680	-2.764006	-1.944443	-1.277784	0.063039	0.154253	0.278654	0.04729688223451376	5.925925925925925e-05	0.15425299108028412
148800	-2.764985	-1.944769	-1.277225	0.062977	0.154229	0.278810	0.047318910248577595	3.9506172839506166e-05	0.15422935783863068
148920	-2.765120	-1.944930	-1.276378	0.062969	0.154221	0.279046	0.04733411613851786	3.9506172839506166e-05	0.15422123670578003
149040	-2.765456	-1.944615	-1.274150	0.062947	0.154294	0.279669	0.04732441641390324	1.7558299039780518e-05	0.1542915403842926
149160	-2.766602	-1.944708	-1.274009	0.062875	0.154290	0.279708	0.047312556952238086	3.9506172839506166e-05	0.1542918086051941
149280	-2.766191	-1.944213	-1.273628	0.062901	0.154373	0.279815	0.04728083536028862	2.6337448559670777e-05	0.1543719321489334
149400	-2.766667	-1.943931	-1.272611	0.062871	0.154428	0.280099	0.047252771072089673	3.9506172839506166e-05	0.15442773699760437
149520	-2.767146	-1.943771	-1.271519	0.062841	0.154475	0.280405	0.047237889096140864	3.9506172839506166e-05	0.1544736921787262
149640	-2.768523	-1.944020	-1.270929	0.062755	0.154467	0.280571	0.04725179243832826	5.925925925925925e-05	0.15446779131889343
149760	-2.769271	-1.943924	-1.270908	0.062708	0.154496	0.280577	0.047247957438230515	2.6337448559670777e-05	0.1544957309961319
149880	-2.769610	-1.943516	-1.270375	0.062686	0.154557	0.280726	0.04721380360424519	2.6337448559670777e-05	0.1545572429895401
150000	-2.770993	-1.943506	-1.270015	0.062600	0.154571	0.280827	0.04720550999045372	3.9506172839506166e-05	0.15457241237163544
150120	-2.772221	-1.943702	-1.269550	0.062523	0.154552	0.280958	0.04723178241401911	3.9506172839506166e-05	0.15455137193202972
150240	-2.772925	-1.944069	-1.269209	0.062479	0.154534	0.281054	0.04725917149335146	5.925925925925925e-05	0.15453383326530457
150360	-2.774204	-1.944286	-1.270914	0.062399	0.154508	0.280575	0.04728559646755457	3.9506172839506166e-05	0.15450738370418549
150480	-2.773784	-1.944491	-1.270411	0.062425	0.154484	0.280716	0.047296872921288015	2.6337448559670777e-05	0.15448467433452606
150600	-2.773849	-1.944386	-1.269113	0.062421	0.154537	0.281081	0.04729356560856104	2.6337448559670777e-05	0.15453656017780304
150720	-2.774115	-1.944913	-1.269469	0.062405	0.154477	0.280981	0.04732532668858767	5.925925925925925e-05	0.15447856485843658
150840	-2.775200	-1.945912	-1.271231	0.062337	0.154337	0.280486	0.04741783384233713	5.925925925925925e-05	0.15433847904205322
150960	-2.777174	-1.946188	-1.271286	0.062214	0.154320	0.280471	0.04745299015194178	5.925925925925925e-05	0.15431950986385345
151080	-2.778288	-1.946269	-1.269657	0.062145	0.154323	0.280928	0.04745949544012547	3.9506172839506166e-05	0.15432320535182953
151200	-2.779691	-1.946443	-1.269415	0.062058	0.154310	0.280996	0.04747627787292004	3.9506172839506166e-05	0.15431001782417297
151320	-2.781162	-1.946503	-1.267857	0.061966	0.154327	0.281434	0.04748071413487196	2.6337448559670777e-05	0.154326930642128
151440	-2.780871	-1.945910	-1.266402	0.061985	0.154444	0.281844	0.04743143953382969	2.6337448559670777e-05	0.1544434279203415
151560	-2.780869	-1.945730	-1.265814	0.061985	0.154484	0.282010	0.04741652831435204	2.6337448559670777e-05	0.15448302030563354
151680	-2.781100	-1.946107	-1.265373	0.061970	0.154437	0.282134	0.047435596026480197	5.925925925925925e-05	0.15443845093250275
151800	-2.781993	-1.946015	-1.264484	0.061915	0.154469	0.282385	0.04743059184402228	3.9506172839506166e-05	0.1544702649116516
151920	-2.784484	-1.945971	-1.264742	0.061761	0.154482	0.282312	0.04743002150207758	5.925925925925925e-05	0.15448229014873505
152040	-2.786489	-1.945839	-1.264501	0.061637	0.154531	0.282380	0.04741760715842247	3.9506172839506166e-05	0.15453080832958221
152160	-2.788561	-1.945956	-1.263018	0.061510	0.154544	0.282799	0.04742743782699108	5.925925925925925e-05	0.15454451739788055
152280	-2.790956	-1.946492	-1.262635	0.061363	0.154472	0.282908	0.04747577980160713	3.9506172839506166e-05	0.15447300672531128
152400	-2.790516	-1.946479	-1.262031	0.061390	0.154480	0.283079	0.04748562332242727	2.6337448559670777e-05	0.1544780433177948
152520	-2.793269	-1.946484	-1.260167	0.061221	0.154527	0.283607	0.047468559630215165	3.9506172839506166e-05	0.15452840924263
152640	-2.794152	-1.946640	-1.259978	0.061167	0.154504	0.283660	0.04749291557818651	5.925925925925925e-05	0.1545044630765915
152760	-2.795921	-1.947090	-1.259697	0.061059	0.154459	0.283740	0.047527838684618476	2.6337448559670777e-05	0.1544599086046219
152880	-2.797044	-1.947503	-1.259751	0.060990	0.154419	0.283725	0.0475667979568243	3.9506172839506166e-05	0.1544196456670761
153000	-2.797709	-1.947668	-1.260164	0.060950	0.154410	0.283607	0.04758364874869585	3.9506172839506166e-05	0.15441063046455383
153120	-2.798657	-1.947569	-1.260027	0.060892	0.154426	0.283646	0.047571178525686264	5.925925925925925e-05	0.15442726016044617
153240	-2.799248	-1.947272	-1.259189	0.060856	0.154489	0.283884	0.04755707886070013	2.6337448559670777e-05	0.15448759496212006
153360	-2.799309	-1.947116	-1.258964	0.060852	0.154529	0.283948	0.04753540679812431	2.6337448559670777e-05	0.15452830493450165
153480	-2.800343	-1.947041	-1.258522	0.060789	0.154560	0.284074	0.047527368552982806	3.9506172839506166e-05	0.15456058084964752
153600	-2.800541	-1.946905	-1.257511	0.060777	0.154596	0.284361	0.0475180109962821	3.9506172839506166e-05	0.1545959711074829
153720	-2.801246	-1.946468	-1.257583	0.060734	0.154671	0.284340	0.04748098738491535	2.6337448559670777e-05	0.15467043220996857
153840	-2.801339	-1.946209	-1.255958	0.060729	0.154725	0.284803	0.04745903853327036	3.9506172839506166e-05	0.15472447872161865
153960	-2.801122	-1.946262	-1.256788	0.060742	0.154719	0.284567	0.04745541736483574	5.925925925925925e-05	0.15472020208835602
154080	-2.801337	-1.946463	-1.255703	0.060729	0.154718	0.284876	0.04746982101351023	5.925925925925925e-05	0.15471966564655304
154200	-2.801762	-1.946770	-1.255588	0.060703	0.154693	0.284908	0.047506168857216834	3.9506172839506166e-05	0.1546926498413086
154320	-2.801962	-1.947031	-1.255727	0.060691	0.154667	0.284869	0.047527133300900457	1.7558299039780518e-05	0.15466700494289398
154440	-2.802156	-1.946662	-1.255312	0.060679	0.154739	0.284987	0.04750667437911034	3.9506172839506166e-05	0.1547362059354782
154560	-2.801211	-1.945928	-1.254020	0.060736	0.154862	0.285355	0.047434373013675216	2.6337448559670777e-05	0.15486067533493042
154680	-2.800305	-1.945994	-1.255548	0.060792	0.154856	0.284920	0.04742730762809515	5.925925925925925e-05	0.15485714375972748
154800	-2.801754	-1.946478	-1.255040	0.060703	0.154802	0.285064	0.04747601710259915	2.6337448559670777e-05	0.1548020988702774
154920	-2.802528	-1.946973	-1.255710	0.060657	0.154736	0.284873	0.04751845877617598	5.925925925925925e-05	0.15473687648773193
155040	-2.803373	-1.947077	-1.255813	0.060605	0.154727	0.284844	0.0475303765386343	3.9506172839506166e-05	0.15472713112831116
155160	-2.803364	-1.947031	-1.255467	0.060606	0.154742	0.284943	0.04753008857369423	3.9506172839506166e-05	0.15474139153957367
155280	-2.803644	-1.946872	-1.256852	0.060589	0.154773	0.284548	0.0475181445479393	2.6337448559670777e-05	0.15477211773395538
155400	-2.805311	-1.946520	-1.255452	0.060488	0.154850	0.284947	0.047483368590474126	3.9506172839506166e-05	0.15484975278377533
155520	-2.804670	-1.945900	-1.253736	0.060527	0.154948	0.285437	0.04742757100611925	3.9506172839506166e-05	0.15494823455810547
155640	-2.804529	-1.945700	-1.252406	0.060535	0.155004	0.285816	0.04740802478045225	3.9506172839506166e-05	0.15500353276729584
155760	-2.805968	-1.945732	-1.251184	0.060448	0.155021	0.286166	0.04741304442286491	2.6337448559670777e-05	0.15502089262008667
155880	-2.805846	-1.945433	-1.250088	0.060456	0.155084	0.286480	0.0473876878619194	2.6337448559670777e-05	0.15508295595645905
156000	-2.806465	-1.945721	-1.249522	0.060418	0.155071	0.286642	0.047408133186399935	3.9506172839506166e-05	0.15507112443447113
156120	-2.807418	-1.945638	-1.248996	0.060361	0.155103	0.286793	0.04740426819771528	3.9506172839506166e-05	0.15510274469852448
156240	-2.809064	-1.945973	-1.248828	0.060261	0.155064	0.286841	0.04743109289556742	3.9506172839506166e-05	0.15506377816200256
156360	-2.809560	-1.945704	-1.247992	0.060231	0.155123	0.287081	0.04740897249430418	3.9506172839506166e-05	0.15512314438819885
156480	-2.811339	-1.946123	-1.247385	0.060124	0.155081	0.287255	0.047447704896330836	3.9506172839506166e-05	0.15508072078227997
156600	-2.812047	-1.945582	-1.246770	0.060082	0.155187	0.287432	0.04739819690585136	2.6337448559670777e-05	0.15518683195114136
156720	-2.813061	-1.945919	-1.246119	0.060021	0.155152	0.287619	0.04741825684905052	5.925925925925925e-05	0.1551538109779358
156840	-2.813405	-1.946075	-1.244273	0.060000	0.155166	0.288150	0.04743878301233053	3.9506172839506166e-05	0.15516652166843414
156960	-2.814679	-1.946070	-1.242958	0.059924	0.155186	0.288529	0.04744180962443352	3.9506172839506166e-05	0.15518616139888763
157080	-2.814928	-1.945662	-1.243255	0.059909	0.155252	0.288444	0.04740810301154852	3.9506172839506166e-05	0.15525119006633759
157200	-2.814690	-1.945296	-1.243491	0.059923	0.155317	0.288376	0.04737519733607769	2.6337448559670777e-05	0.1553163230419159
157320	-2.815508	-1.945084	-1.243992	0.059874	0.155365	0.288231	0.04735969044268131	2.6337448559670777e-05	0.1553637534379959
157440	-2.814883	-1.944916	-1.244636	0.059912	0.155389	0.288046	0.04734333883970976	1.7558299039780518e-05	0.15538766980171204
157560	-2.815097	-1.944950	-1.243746	0.059899	0.155396	0.288302	0.047339414991438386	3.9506172839506166e-05	0.15539610385894775
157680	-2.815700	-1.944838	-1.243829	0.059863	0.155424	0.288278	0.047330082207918164	3.9506172839506166e-05	0.15542460978031158
157800	-2.815743	-1.944709	-1.243783	0.059860	0.155458	0.288292	0.0473182775080204	2.6337448559670777e-05	0.15545779466629028
157920	-2.816670	-1.945026	-1.243628	0.059805	0.155433	0.288336	0.04734441805630922	3.9506172839506166e-05	0.15543313324451447
158040	-2.817513	-1.945529	-1.243357	0.059754	0.155362	0.288414	0.04738924596458673	2.6337448559670777e-05	0.15536244213581085
158160	-2.818988	-1.946039	-1.244564	0.059666	0.155291	0.288066	0.047438951767981054	3.9506172839506166e-05	0.15529032051563263
158280	-2.820654	-1.946495	-1.243107	0.059567	0.155264	0.288486	0.047473900578916074	5.925925925925925e-05	0.1552642434835434
158400	-2.820977	-1.946552	-1.241836	0.059548	0.155275	0.288853	0.047481403686106205	5.925925925925925e-05	0.15527565777301788
158520	-2.822202	-1.947177	-1.240927	0.059475	0.155200	0.289116	0.047530796751379965	5.925925925925925e-05	0.15520209074020386
158640	-2.821984	-1.947552	-1.240253	0.059488	0.155154	0.289311	0.04757241792976856	5.925925925925925e-05	0.15515363216400146
158760	-2.820812	-1.948239	-1.240191	0.059558	0.155068	0.289329	0.047637449391186235	3.9506172839506166e-05	0.15506687760353088
158880	-2.821250	-1.947962	-1.239941	0.059531	0.155130	0.289401	0.04762625936418772	1.7558299039780518e-05	0.15512806177139282
159000	-2.821384	-1.947705	-1.240216	0.059523	0.155181	0.289322	0.04759193509817124	2.6337448559670777e-05	0.1551806628704071
159120	-2.821192	-1.947532	-1.240538	0.059535	0.155204	0.289229	0.04757323898375034	1.7558299039780518e-05	0.155204638838768
159240	-2.821196	-1.947341	-1.240459	0.059535	0.155241	0.289251	0.047561300732195375	3.9506172839506166e-05	0.15523956716060638
159360	-2.821488	-1.946961	-1.239523	0.059517	0.155309	0.289522	0.04752465933561325	3.9506172839506166e-05	0.1553085595369339
159480	-2.821334	-1.946761	-1.240595	0.059526	0.155350	0.289212	0.04750964753329754	3.9506172839506166e-05	0.15534980595111847
159600	-2.820996	-1.946422	-1.240133	0.059547	0.155419	0.289346	0.0474745037034154	3.9506172839506166e-05	0.15541943907737732
159720	-2.820435	-1.946517	-1.240232	0.059580	0.155422	0.289317	0.04747929405421018	3.9506172839506166e-05	0.15542256832122803
159840	-2.821256	-1.946506	-1.239103	0.059531	0.155444	0.289644	0.04748067129403353	5.925925925925925e-05	0.15544354915618896
159960	-2.823255	-1.946183	-1.238531	0.059412	0.155515	0.289810	0.04745294414460659	5.925925925925925e-05	0.15551425516605377
160080	-2.827471	-1.946658	-1.236953	0.059162	0.155497	0.290267	0.047492547705769536	5.925925925925925e-05	0.15549716353416443
160200	-2.827361	-1.946948	-1.237293	0.059169	0.155457	0.290169	0.04751828256994486	2.6337448559670777e-05	0.15545733273029327
160320	-2.828331	-1.947685	-1.239089	0.059111	0.155349	0.289648	0.047581218741834165	3.9506172839506166e-05	0.15534909069538116
160440	-2.828341	-1.948254	-1.238711	0.059111	0.155278	0.289758	0.047636347264051436	2.6337448559670777e-05	0.1552782654762268
160560	-2.829159	-1.948941	-1.238368	0.059063	0.155189	0.289857	0.04769919775426388	3.9506172839506166e-05	0.1551891267299652
160680	-2.831214	-1.949408	-1.238451	0.058941	0.155166	0.289833	0.04774098005145788	5.925925925925925e-05	0.15516649186611176
160800	-2.833181	-1.950092	-1.238130	0.058825	0.155090	0.289926	0.04780207220464945	2.6337448559670777e-05	0.15509004890918732
160920	-2.832454	-1.950331	-1.239018	0.058868	0.155056	0.289669	0.04781949166208506	3.9506172839506166e-05	0.15505695343017578
161040	-2.833036	-1.950190	-1.239131	0.058834	0.155095	0.289636	0.04781473390758038	2.6337448559670777e-05	0.15509474277496338
161160	-2.832771	-1.949713	-1.237421	0.058850	0.155187	0.290132	0.0477752635255456	3.9506172839506166e-05	0.15518662333488464
161280	-2.832616	-1.949236	-1.236680	0.058859	0.155265	0.290347	0.04773037116974592	3.9506172839506166e-05	0.15526457130908966
161400	-2.833662	-1.948979	-1.236172	0.058797	0.155314	0.290494	0.04770065397024155	3.9506172839506166e-05	0.1553141325712204
161520	-2.833564	-1.948892	-1.235053	0.058803	0.155351	0.290819	0.04769700225442648	3.9506172839506166e-05	0.1553504317998886
161640	-2.833357	-1.947990	-1.234517	0.058815	0.155497	0.290975	0.047626346535980704	2.6337448559670777e-05	0.15549589693546295
161760	-2.834241	-1.947881	-1.234345	0.058763	0.155520	0.291025	0.04760665930807591	3.9506172839506166e-05	0.15551912784576416
161880	-2.833434	-1.947483	-1.233257	0.058811	0.155579	0.291342	0.04758087880909443	1.7558299039780518e-05	0.15557698905467987
162000	-2.833969	-1.947151	-1.233081	0.058779	0.155638	0.291393	0.047544664889574054	1.1705532693187011e-05	0.15563714504241943
162120	-2.834005	-1.947105	-1.233701	0.058777	0.155655	0.291213	0.04753821659833193	2.6337448559670777e-05	0.15565387904644012
162240	-2.834460	-1.946871	-1.233089	0.058750	0.155702	0.291391	0.04751838818192482	5.925925925925925e-05	0.15570040047168732
162360	-2.834319	-1.946384	-1.232637	0.058759	0.155795	0.291523	0.0474805623292923	2.6337448559670777e-05	0.15579311549663544
162480	-2.835394	-1.945944	-1.231991	0.058695	0.155889	0.291711	0.04742954391986132	5.925925925925925e-05	0.15588825941085815
162600	-2.835035	-1.945554	-1.231710	0.058716	0.155947	0.291793	0.04740396421402693	1.7558299039780518e-05	0.155945286154747
162720	-2.835937	-1.945308	-1.230746	0.058664	0.156002	0.292075	0.04736776109784842	5.925925925925925e-05	0.1560022532939911
162840	-2.835860	-1.945427	-1.230340	0.058668	0.155995	0.292193	0.047381173260509966	2.6337448559670777e-05	0.1559949517250061
162960	-2.835405	-1.945413	-1.229698	0.058695	0.156010	0.292381	0.047392450645565985	2.6337448559670777e-05	0.15600749850273132
163080	-2.834792	-1.945237	-1.230733	0.058731	0.156035	0.292078	0.047369086928665635	2.6337448559670777e-05	0.15603482723236084
163200	-2.834508	-1.944542	-1.230744	0.058747	0.156141	0.292075	0.047315104864537716	3.9506172839506166e-05	0.15613895654678345
163320	-2.834788	-1.943831	-1.230240	0.058731	0.156267	0.292222	0.04725103676319122	2.6337448559670777e-05	0.15626488626003265
163440	-2.834150	-1.943526	-1.229161	0.058768	0.156334	0.292538	0.04721429720520973	2.6337448559670777e-05	0.1563342660665512
163560	-2.833856	-1.942799	-1.228371	0.058786	0.156457	0.292769	0.04715653043240309	3.9506172839506166e-05	0.1564551293849945
163680	-2.834896	-1.942851	-1.227837	0.058725	0.156477	0.292926	0.04716078154742718	1.7558299039780518e-05	0.1564759463071823
163800	-2.834397	-1.942268	-1.226789	0.058754	0.156577	0.293233	0.04710730649530888	3.9506172839506166e-05	0.1565755158662796
163920	-2.835131	-1.942247	-1.226470	0.058711	0.156587	0.293326	0.04709087647497654	5.925925925925925e-05	0.15658795833587646
164040	-2.835967	-1.942264	-1.225442	0.058662	0.156597	0.293628	0.047099719382822515	2.6337448559670777e-05	0.1565965861082077
164160	-2.835998	-1.942079	-1.224158	0.058660	0.156661	0.294005	0.047079816646873954	3.9506172839506166e-05	0.15666113793849945
164280	-2.836695	-1.942147	-1.223815	0.058619	0.156683	0.294106	0.047085554152727124	3.9506172839506166e-05	0.15668311715126038
164400	-2.834969	-1.942098	-1.223763	0.058720	0.156697	0.294121	0.047085208259522913	3.9506172839506166e-05	0.1566975712776184
164520	-2.836739	-1.942566	-1.224267	0.058617	0.156625	0.293973	0.04711756352335215	5.925925925925925e-05	0.15662667155265808
164640	-2.839434	-1.942875	-1.222196	0.058459	0.156619	0.294583	0.047156096622347835	3.9506172839506166e-05	0.1566191017627716
164760	-2.841302	-1.943434	-1.221671	0.058350	0.156557	0.294737	0.04719595219939947	5.925925925925925e-05	0.15655793249607086
164880	-2.842167	-1.943635	-1.220954	0.058299	0.156561	0.294949	0.04722444955259562	3.9506172839506166e-05	0.15656068921089172
165000	-2.843038	-1.943449	-1.219770	0.058248	0.156603	0.295298	0.04720572624355555	3.9506172839506166e-05	0.15660303831100464
165120	-2.843662	-1.943429	-1.219851	0.058212	0.156611	0.295274	0.04720206111669541	3.9506172839506166e-05	0.15661095082759857
165240	-2.843583	-1.943232	-1.220256	0.058217	0.156635	0.295155	0.047187366895377635	2.6337448559670777e-05	0.15663525462150574
165360	-2.844000	-1.943209	-1.219277	0.058192	0.156658	0.295444	0.04718468952924013	3.9506172839506166e-05	0.15665753185749054
165480	-2.843753	-1.943039	-1.219864	0.058207	0.156681	0.295270	0.047171654924750325	3.9506172839506166e-05	0.15668080747127533
165600	-2.844321	-1.943293	-1.217300	0.058174	0.156682	0.296028	0.047183199971914294	5.925925925925925e-05	0.15668296813964844
165720	-2.844024	-1.943301	-1.216440	0.058191	0.156695	0.296283	0.04719287194311619	2.6337448559670777e-05	0.156694695353508
165840	-2.845225	-1.943102	-1.216136	0.058121	0.156752	0.296373	0.04717752020806074	3.9506172839506166e-05	0.1567513793706894
165960	-2.846344	-1.943199	-1.216253	0.058056	0.156757	0.296338	0.04718153197318316	3.9506172839506166e-05	0.1567571610212326
166080	-2.847773	-1.943555	-1.214280	0.057973	0.156736	0.296924	0.047212442941963674	3.9506172839506166e-05	0.1567361205816269
166200	-2.848883	-1.943876	-1.213074	0.057909	0.156731	0.297282	0.04724795874208212	1.7558299039780518e-05	0.1567298024892807
166320	-2.849066	-1.943954	-1.212750	0.057898	0.156733	0.297378	0.04724958632141352	3.9506172839506166e-05	0.15673379600048065
166440	-2.848938	-1.944240	-1.213076	0.057906	0.156722	0.297281	0.04727988708764315	3.9506172839506166e-05	0.15672126412391663
166560	-2.847935	-1.944355	-1.212850	0.057964	0.156695	0.297349	0.04728835318237543	3.9506172839506166e-05	0.1566949039697647
166680	-2.849164	-1.944690	-1.211772	0.057893	0.156682	0.297669	0.04731057398021221	5.925925925925925e-05	0.1566828340291977
166800	-2.850544	-1.945541	-1.213073	0.057813	0.156562	0.297282	0.04739530924707651	3.9506172839506166e-05	0.15656164288520813
166920	-2.851564	-1.945941	-1.213136	0.057754	0.156536	0.297263	0.047421347536146644	3.9506172839506166e-05	0.15653787553310394
167040	-2.852525	-1.945914	-1.212943	0.057698	0.156566	0.297321	0.04743083007633686	3.9506172839506166e-05	0.1565648913383484
167160	-2.854107	-1.945797	-1.212978	0.057607	0.156613	0.297311	0.047420295886695385	3.9506172839506166e-05	0.15661290287971497
167280	-2.853514	-1.944892	-1.211747	0.057641	0.156765	0.297677	0.04734401777386665	1.7558299039780518e-05	0.15676423907279968
167400	-2.853791	-1.944646	-1.210129	0.057625	0.156833	0.298159	0.04731783363968134	3.9506172839506166e-05	0.1568322479724884
167520	-2.855916	-1.944053	-1.208962	0.057503	0.156957	0.298507	0.04726843517273664	3.9506172839506166e-05	0.15695469081401825
167640	-2.856850	-1.943751	-1.208059	0.057449	0.157033	0.298777	0.047239115461707115	3.9506172839506166e-05	0.1570321023464203
167760	-2.856474	-1.943412	-1.206972	0.057471	0.157100	0.299102	0.047210419364273545	2.6337448559670777e-05	0.15709887444972992
167880	-2.855483	-1.943027	-1.205824	0.057528	0.157172	0.299445	0.04716511256992817	2.6337448559670777e-05	0.15717250108718872
168000	-2.856983	-1.943209	-1.204557	0.057442	0.157199	0.299825	0.04718645997345448	3.9506172839506166e-05	0.1571977436542511
168120	-2.857031	-1.943099	-1.203472	0.057439	0.157239	0.300150	0.04717771876603365	2.6337448559670777e-05	0.15723854303359985
168240	-2.857832	-1.942749	-1.202081	0.057393	0.157337	0.300568	0.04714236073195934	3.9506172839506166e-05	0.15733616054058075
168360	-2.857723	-1.943262	-1.200929	0.057399	0.157281	0.300915	0.04718398246914148	3.9506172839506166e-05	0.15728184580802917
168480	-2.856665	-1.943001	-1.200795	0.057460	0.157331	0.300955	0.047166420891880986	2.6337448559670777e-05	0.15733091533184052
168600	-2.857052	-1.943120	-1.200429	0.057438	0.157345	0.301065	0.047172941453754905	3.9506172839506166e-05	0.15734559297561646
168720	-2.857463	-1.943837	-1.201842	0.057414	0.157254	0.300640	0.04723010547459126	3.9506172839506166e-05	0.15725599229335785
168840	-2.859067	-1.944509	-1.201722	0.057322	0.157192	0.300676	0.047296127304434776	5.925925925925925e-05	0.15719252824783325
168960	-2.861433	-1.944635	-1.201599	0.057187	0.157197	0.300713	0.04731656182557344	1.7558299039780518e-05	0.15719591081142426
169080	-2.860527	-1.944830	-1.201876	0.057239	0.157163	0.300630	0.04732759073376656	3.9506172839506166e-05	0.15716372430324554
169200	-2.861172	-1.944647	-1.202052	0.057202	0.157209	0.300577	0.04731293115764856	1.7558299039780518e-05	0.15720918774604797
169320	-2.860360	-1.943996	-1.202181	0.057248	0.157318	0.300538	0.04725728649646044	2.6337448559670777e-05	0.15731801092624664
169440	-2.860399	-1.943867	-1.201793	0.057246	0.157335	0.300655	0.047244150191545486	2.6337448559670777e-05	0.15733489394187927
169560	-2.858714	-1.943399	-1.201383	0.057342	0.157418	0.300778	0.04720456227660179	1.7558299039780518e-05	0.157417893409729
169680	-2.858300	-1.942719	-1.199839	0.057366	0.157539	0.301243	0.0471440639346838	3.9506172839506166e-05	0.15753929316997528
169800	-2.857657	-1.942026	-1.199776	0.057403	0.157647	0.301262	0.04708109516650438	3.9506172839506166e-05	0.15764620900154114
169920	-2.858349	-1.941823	-1.199493	0.057363	0.157686	0.301347	0.04705734942108393	3.9506172839506166e-05	0.15768615901470184
170040	-2.858320	-1.941384	-1.197484	0.057365	0.157764	0.301953	0.04702247679233551	3.9506172839506166e-05	0.15776345133781433
170160	-2.859301	-1.941230	-1.197809	0.057309	0.157787	0.301855	0.04700936060398817	3.9506172839506166e-05	0.15778616070747375
170280	-2.859472	-1.941148	-1.198607	0.057299	0.157785	0.301614	0.0469995129853487	3.9506172839506166e-05	0.15778501331806183
170400	-2.860030	-1.941161	-1.197780	0.057267	0.157796	0.301864	0.04700005352497101	2.6337448559670777e-05	0.15779678523540497
170520	-2.861926	-1.941560	-1.198914	0.057159	0.157757	0.301521	0.04702527318149805	5.925925925925925e-05	0.1577582210302353
170640	-2.864001	-1.941693	-1.199299	0.057040	0.157761	0.301406	0.04704903550446034	3.9506172839506166e-05	0.157760351896286
170760	-2.865572	-1.942257	-1.199489	0.056951	0.157703	0.301348	0.04709138683974743	5.925925925925925e-05	0.1577039659023285
170880	-2.865376	-1.942609	-1.199642	0.056962	0.157648	0.301302	0.04712876658886671	3.9506172839506166e-05	0.1576489359140396
171000	-2.866776	-1.942884	-1.199060	0.056882	0.157623	0.301477	0.04715603515505791	2.6337448559670777e-05	0.15762245655059814
171120	-2.866346	-1.942482	-1.198693	0.056906	0.157687	0.301588	0.04712451882660389	3.9506172839506166e-05	0.15768559277057648
171240	-2.866003	-1.942059	-1.198111	0.056926	0.157766	0.301764	0.04708941839635372	2.6337448559670777e-05	0.15776489675045013
171360	-2.866233	-1.941587	-1.197776	0.056913	0.157846	0.301865	0.047044044919312	2.6337448559670777e-05	0.15784461796283722
171480	-2.866679	-1.941259	-1.197909	0.056888	0.157899	0.301825	0.04700819905847311	3.9506172839506166e-05	0.15789885818958282
171600	-2.867128	-1.940927	-1.198037	0.056862	0.157952	0.301786	0.046980762481689455	3.9506172839506166e-05	0.1579514592885971
171720	-2.867527	-1.940764	-1.198478	0.056839	0.157987	0.301653	0.04696950875222683	1.7558299039780518e-05	0.15798550844192505
171840	-2.867093	-1.940366	-1.197879	0.056864	0.158062	0.301834	0.04692904520779848	3.9506172839506166e-05	0.15806172788143158
171960	-2.866151	-1.940086	-1.196572	0.056918	0.158127	0.302228	0.04690814893692732	5.925925925925925e-05	0.15812571346759796
172080	-2.867416	-1.940261	-1.196044	0.056846	0.158102	0.302388	0.046919777803122995	2.6337448559670777e-05	0.15810143947601318
172200	-2.866996	-1.939898	-1.195000	0.056870	0.158179	0.302704	0.04689277857542038	3.9506172839506166e-05	0.15817733108997345
172320	-2.868944	-1.939422	-1.194350	0.056759	0.158272	0.302901	0.046854460053145884	2.6337448559670777e-05	0.15827055275440216
172440	-2.868717	-1.939229	-1.193546	0.056772	0.158326	0.303144	0.046825611777603623	2.6337448559670777e-05	0.15832607448101044
172560	-2.869393	-1.939507	-1.194094	0.056733	0.158289	0.302978	0.046851818636059764	2.6337448559670777e-05	0.15828925371170044
172680	-2.869348	-1.939381	-1.194082	0.056736	0.158326	0.302982	0.04683980010449886	3.9506172839506166e-05	0.15832538902759552
172800	-2.869759	-1.939640	-1.194336	0.056713	0.158310	0.302905	0.046865605562925336	2.6337448559670777e-05	0.15830983221530914
172920	-2.870410	-1.939791	-1.194613	0.056676	0.158301	0.302821	0.046873346157372	3.9506172839506166e-05	0.15830138325691223
173040	-2.870146	-1.939619	-1.194350	0.056691	0.158325	0.302901	0.04686529729515314	2.6337448559670777e-05	0.15832442045211792
173160	-2.869750	-1.938939	-1.193432	0.056713	0.158447	0.303179	0.04679979346692562	3.9506172839506166e-05	0.15844647586345673
173280	-2.868949	-1.938703	-1.192423	0.056759	0.158493	0.303485	0.046778672747313975	1.7558299039780518e-05	0.15849271416664124
173400	-2.868215	-1.938544	-1.192358	0.056800	0.158528	0.303505	0.04677305053919554	5.925925925925925e-05	0.15852543711662292
173520	-2.868300	-1.938429	-1.190746	0.056795	0.158577	0.303994	0.04675250630825758	3.9506172839506166e-05	0.1585766077041626
173640	-2.868462	-1.938203	-1.190531	0.056786	0.158620	0.304060	0.046744404919445516	3.9506172839506166e-05	0.15861745178699493
173760	-2.868459	-1.938131	-1.189770	0.056786	0.158626	0.304291	0.046730171889066696	2.6337448559670777e-05	0.1586257964372635
173880	-2.868511	-1.937800	-1.189174	0.056783	0.158689	0.304473	0.04669780507683754	2.6337448559670777e-05	0.15868845582008362
174000	-2.868922	-1.937762	-1.189816	0.056760	0.158694	0.304277	0.04669205546379089	2.6337448559670777e-05	0.15869492292404175
174120	-2.870285	-1.937933	-1.189626	0.056683	0.158679	0.304335	0.04671270102262497	2.6337448559670777e-05	0.15867869555950165
174240	-2.871914	-1.938074	-1.188582	0.056591	0.158687	0.304653	0.0467219291254878	3.9506172839506166e-05	0.15868712961673737
174360	-2.871349	-1.938138	-1.187715	0.056622	0.158696	0.304917	0.04672940392047167	2.6337448559670777e-05	0.15869560837745667
174480	-2.871875	-1.938042	-1.186462	0.056593	0.158738	0.305300	0.04671610035002231	3.9506172839506166e-05	0.15873844921588898
174600	-2.873044	-1.938355	-1.186082	0.056527	0.158719	0.305415	0.04674438014626503	3.9506172839506166e-05	0.15871906280517578
174720	-2.874450	-1.938544	-1.186187	0.056447	0.158717	0.305383	0.04675007164478302	5.925925925925925e-05	0.15871918201446533
174840	-2.877253	-1.939379	-1.185768	0.056289	0.158621	0.305511	0.04683391246944666	3.9506172839506166e-05	0.1586216539144516
174960	-2.877567	-1.939363	-1.184683	0.056272	0.158650	0.305843	0.046836513467133044	3.9506172839506166e-05	0.15865004062652588
175080	-2.878043	-1.939102	-1.184444	0.056245	0.158712	0.305916	0.04681531768292189	1.7558299039780518e-05	0.15871170163154602
175200	-2.876902	-1.938822	-1.183531	0.056309	0.158761	0.306196	0.04679392147809267	2.6337448559670777e-05	0.15876024961471558
175320	-2.876625	-1.938673	-1.182784	0.056325	0.158796	0.306424	0.04677552226930857	2.6337448559670777e-05	0.15879656374454498
175440	-2.876438	-1.938851	-1.182874	0.056335	0.158787	0.306397	0.04679167792201042	2.6337448559670777e-05	0.15878722071647644
175560	-2.876222	-1.938664	-1.180728	0.056347	0.158827	0.307055	0.046779006533324716	2.6337448559670777e-05	0.1588263064622879
175680	-2.876084	-1.938664	-1.179788	0.056355	0.158843	0.307344	0.04677319545298815	3.9506172839506166e-05	0.1588437259197235
175800	-2.876561	-1.938691	-1.179878	0.056328	0.158853	0.307316	0.046774909272789954	3.9506172839506166e-05	0.15885351598262787
175920	-2.875608	-1.938315	-1.179463	0.056382	0.158912	0.307444	0.04674258641898632	3.9506172839506166e-05	0.15891118347644806
176040	-2.874435	-1.938318	-1.180274	0.056448	0.158919	0.307195	0.046748248115181926	2.6337448559670777e-05	0.15891820192337036
176160	-2.874912	-1.938498	-1.181032	0.056421	0.158905	0.306962	0.04675047602504492	5.925925925925925e-05	0.15890690684318542
176280	-2.873747	-1.938286	-1.180094	0.056487	0.158961	0.307250	0.04674689508974552	3.9506172839506166e-05	0.15895935893058777
176400	-2.874181	-1.938103	-1.178815	0.056462	0.159024	0.307643	0.046724722161889075	3.9506172839506166e-05	0.15902331471443176
176520	-2.875021	-1.938353	-1.179482	0.056415	0.158990	0.307438	0.046745249442756175	3.9506172839506166e-05	0.15898993611335754
176640	-2.875085	-1.938313	-1.178720	0.056411	0.159008	0.307672	0.04673886951059103	3.9506172839506166e-05	0.15900848805904388
176760	-2.875387	-1.938894	-1.178403	0.056394	0.158934	0.307770	0.046790847182273866	3.9506172839506166e-05	0.15893518924713135
176880	-2.876012	-1.938845	-1.176849	0.056359	0.158963	0.308249	0.04679288379848003	3.9506172839506166e-05	0.15896224975585938
177000	-2.876366	-1.938961	-1.176510	0.056339	0.158965	0.308353	0.046802766248583795	3.9506172839506166e-05	0.15896454453468323
177120	-2.876906	-1.939000	-1.175952	0.056309	0.158975	0.308525	0.046804267726838586	3.9506172839506166e-05	0.1589747965335846
177240	-2.878623	-1.939032	-1.175252	0.056212	0.159007	0.308741	0.04680950623005629	3.9506172839506166e-05	0.15900647640228271
177360	-2.878744	-1.938448	-1.174747	0.056205	0.159108	0.308897	0.046764930710196495	3.9506172839506166e-05	0.15910646319389343
177480	-2.878733	-1.938186	-1.173609	0.056206	0.159168	0.309249	0.04673472046852112	2.6337448559670777e-05	0.15916718542575836
177600	-2.879056	-1.938036	-1.172827	0.056188	0.159229	0.309491	0.046718838065862654	3.9506172839506166e-05	0.15922850370407104
177720	-2.879606	-1.937860	-1.172605	0.056157	0.159273	0.309559	0.04670309964567423	3.9506172839506166e-05	0.15927237272262573
177840	-2.880178	-1.937552	-1.172261	0.056125	0.159343	0.309666	0.04667311981320381	2.6337448559670777e-05	0.15934310853481293
177960	-2.882284	-1.937770	-1.172214	0.056007	0.159327	0.309681	0.0466908011585474	5.925925925925925e-05	0.15932680666446686
178080	-2.881770	-1.938185	-1.172454	0.056035	0.159296	0.309606	0.0467288376763463	2.6337448559670777e-05	0.15929657220840454
178200	-2.881913	-1.938427	-1.171805	0.056027	0.159292	0.309807	0.04675455428659916	2.6337448559670777e-05	0.15929143130779266
178320	-2.881779	-1.937585	-1.170120	0.056035	0.159447	0.310330	0.0466800669208169	2.6337448559670777e-05	0.15944696962833405
178440	-2.882131	-1.937478	-1.169885	0.056015	0.159481	0.310403	0.04667344950139522	2.6337448559670777e-05	0.15947957336902618
178560	-2.882803	-1.938086	-1.169542	0.055978	0.159431	0.310509	0.04671840444207191	3.9506172839506166e-05	0.15943175554275513
178680	-2.884269	-1.938216	-1.169951	0.055896	0.159440	0.310382	0.04673329163342714	2.6337448559670777e-05	0.15943947434425354
178800	-2.885952	-1.938846	-1.169984	0.055802	0.159358	0.310372	0.04678902253508568	3.9506172839506166e-05	0.15935763716697693
178920	-2.885036	-1.938805	-1.169545	0.055853	0.159373	0.310508	0.04679869767278433	2.6337448559670777e-05	0.15937012434005737
179040	-2.884592	-1.938485	-1.167892	0.055878	0.159454	0.311022	0.04675984121859074	1.7558299039780518e-05	0.1594541221857071
179160	-2.884494	-1.938258	-1.166837	0.055883	0.159516	0.311350	0.04674173574894667	2.6337448559670777e-05	0.15951567888259888
179280	-2.883620	-1.937743	-1.165824	0.055932	0.159606	0.311666	0.0466947790235281	1.7558299039780518e-05	0.159605473279953
179400	-2.883097	-1.937484	-1.165003	0.055961	0.159663	0.311922	0.04667346496134996	3.9506172839506166e-05	0.15966178476810455
179520	-2.882164	-1.937174	-1.164838	0.056013	0.159725	0.311973	0.046644012071192266	3.9506172839506166e-05	0.15972444415092468
179640	-2.881639	-1.936842	-1.163306	0.056043	0.159801	0.312451	0.046618779003620145	2.6337448559670777e-05	0.15979993343353271
179760	-2.882252	-1.936737	-1.163389	0.056008	0.159832	0.312426	0.046603068336844446	3.9506172839506166e-05	0.15983203053474426
179880	-2.881910	-1.936454	-1.163047	0.056028	0.159876	0.312532	0.04657959621399641	2.6337448559670777e-05	0.15987558662891388
180000	-2.881735	-1.936340	-1.162145	0.056037	0.159915	0.312814	0.04656424280256033	1.7558299039780518e-05	0.1599147915840149
180120	-2.881570	-1.936542	-1.160931	0.056047	0.159913	0.313194	0.046584741584956645	2.6337448559670777e-05	0.15991279482841492
180240	-2.882033	-1.936630	-1.160757	0.056021	0.159913	0.313249	0.04659154266119003	1.7558299039780518e-05	0.1599130928516388
180360	-2.882699	-1.936818	-1.160081	0.055983	0.159913	0.313461	0.04660775400698185	3.9506172839506166e-05	0.15991254150867462
180480	-2.882668	-1.936567	-1.159153	0.055985	0.159967	0.313752	0.04658685978502035	3.9506172839506166e-05	0.1599665731191635
180600	-2.882674	-1.936432	-1.158129	0.055985	0.160012	0.314073	0.0465772271156311	3.9506172839506166e-05	0.16001154482364655
180720	-2.883705	-1.936602	-1.158050	0.055927	0.159991	0.314098	0.046595100127160546	1.7558299039780518e-05	0.15999002754688263
180840	-2.883451	-1.936245	-1.157378	0.055941	0.160066	0.314309	0.046562401577830315	2.6337448559670777e-05	0.16006526350975037
180960	-2.883555	-1.936336	-1.157919	0.055936	0.160070	0.314139	0.0465699527412653	2.6337448559670777e-05	0.16006934642791748
181080	-2.882759	-1.936061	-1.157048	0.055980	0.160139	0.314413	0.04654153399169445	1.7558299039780518e-05	0.16013869643211365
181200	-2.881910	-1.935913	-1.155906	0.056028	0.160165	0.314772	0.046533625572919846	2.6337448559670777e-05	0.16016386449337006
181320	-2.881244	-1.935588	-1.155465	0.056065	0.160216	0.314911	0.04650153964757919	2.6337448559670777e-05	0.1602155566215515
181440	-2.881475	-1.935669	-1.154073	0.056052	0.160223	0.315350	0.04650535248219967	3.9506172839506166e-05	0.16022242605686188
181560	-2.881847	-1.935400	-1.153646	0.056031	0.160290	0.315485	0.04648401886224747	2.6337448559670777e-05	0.1602892428636551
181680	-2.881179	-1.935222	-1.153202	0.056069	0.160316	0.315625	0.04646865297108889	2.6337448559670777e-05	0.16031505167484283
181800	-2.880764	-1.934832	-1.153079	0.056092	0.160383	0.315663	0.04643291886895895	2.6337448559670777e-05	0.16038241982460022
181920	-2.881845	-1.934288	-1.151082	0.056031	0.160499	0.316294	0.04638434983789921	2.6337448559670777e-05	0.16049882769584656
182040	-2.883772	-1.934255	-1.151022	0.055923	0.160538	0.316313	0.046380097232759	3.9506172839506166e-05	0.16053742170333862
182160	-2.883992	-1.934217	-1.150428	0.055911	0.160556	0.316501	0.046378844790160655	3.9506172839506166e-05	0.16055576503276825
182280	-2.883231	-1.933777	-1.150306	0.055954	0.160639	0.316540	0.04634261876344681	1.7558299039780518e-05	0.1606387048959732
182400	-2.883306	-1.933938	-1.149608	0.055950	0.160631	0.316761	0.04634652361273765	3.9506172839506166e-05	0.16063174605369568
182520	-2.883849	-1.934087	-1.149984	0.055919	0.160630	0.316642	0.04636727310717106	2.6337448559670777e-05	0.1606292575597763
182640	-2.883874	-1.933660	-1.149066	0.055918	0.160715	0.316933	0.04633441343903542	2.6337448559670777e-05	0.16071249544620514
182760	-2.884610	-1.933693	-1.149871	0.055877	0.160715	0.316678	0.04632913284003735	3.9506172839506166e-05	0.1607149988412857
182880	-2.885179	-1.933695	-1.149158	0.055845	0.160743	0.316904	0.0463279914110899	2.6337448559670777e-05	0.16074255108833313
183000	-2.885440	-1.933666	-1.149702	0.055830	0.160778	0.316731	0.0463248185813427	3.9506172839506166e-05	0.16077786684036255
183120	-2.885324	-1.933384	-1.149086	0.055837	0.160831	0.316926	0.046305919997394085	3.9506172839506166e-05	0.16082949936389923
183240	-2.885025	-1.932429	-1.148090	0.055853	0.160991	0.317242	0.046221737004816535	2.6337448559670777e-05	0.1609891653060913
183360	-2.884966	-1.932049	-1.148182	0.055857	0.161056	0.317213	0.04618106726557016	1.7558299039780518e-05	0.16105616092681885
183480	-2.885202	-1.931834	-1.147751	0.055844	0.161103	0.317350	0.046159419044852254	2.6337448559670777e-05	0.16110335290431976
183600	-2.886384	-1.931863	-1.147936	0.055778	0.161121	0.317291	0.04616190996021032	3.9506172839506166e-05	0.16112135350704193
183720	-2.886574	-1.931471	-1.147055	0.055767	0.161205	0.317571	0.04613032843917608	2.6337448559670777e-05	0.16120478510856628
183840	-2.886060	-1.930975	-1.146351	0.055796	0.161295	0.317794	0.04608785193413496	2.6337448559670777e-05	0.16129454970359802
183960	-2.887997	-1.930845	-1.144368	0.055688	0.161376	0.318425	0.04606713894754648	3.9506172839506166e-05	0.16137638688087463
184080	-2.888181	-1.930775	-1.144217	0.055677	0.161394	0.318473	0.046067853644490245	1.7558299039780518e-05	0.16139347851276398
184200	-2.888772	-1.930651	-1.143418	0.055645	0.161441	0.318728	0.04605535492300987	2.6337448559670777e-05	0.16144056618213654
184320	-2.889011	-1.930748	-1.142974	0.055631	0.161444	0.318869	0.04606581162661314	3.9506172839506166e-05	0.16144245862960815
184440	-2.889784	-1.930573	-1.141179	0.055588	0.161511	0.319442	0.046043829806149	3.9506172839506166e-05	0.16151142120361328
184560	-2.889371	-1.930579	-1.140193	0.055611	0.161536	0.319757	0.046050268411636355	3.9506172839506166e-05	0.16153497993946075
184680	-2.890898	-1.930523	-1.138118	0.055526	0.161572	0.320421	0.04603998865932226	3.9506172839506166e-05	0.16157235205173492
184800	-2.890945	-1.930962	-1.136818	0.055524	0.161553	0.320838	0.046082895062863824	5.925925925925925e-05	0.1615515500307083
184920	-2.891702	-1.931068	-1.136489	0.055482	0.161568	0.320944	0.046089085005223754	3.9506172839506166e-05	0.16156862676143646
185040	-2.891347	-1.930692	-1.135455	0.055501	0.161661	0.321276	0.0460584744811058	2.6337448559670777e-05	0.1616603136062622
185160	-2.891449	-1.930755	-1.135529	0.055496	0.161678	0.321252	0.04606745168566704	2.6337448559670777e-05	0.16167686879634857
185280	-2.891022	-1.930493	-1.134388	0.055519	0.161736	0.321619	0.04604390040040016	2.6337448559670777e-05	0.16173453629016876
185400	-2.890199	-1.930282	-1.133741	0.055565	0.161797	0.321827	0.04602386821061373	3.9506172839506166e-05	0.16179627180099487
185520	-2.890943	-1.930448	-1.133149	0.055524	0.161795	0.322018	0.04603175222873688	3.9506172839506166e-05	0.16179554164409637
185640	-2.891002	-1.930681	-1.133124	0.055521	0.161773	0.322026	0.04605859629809857	1.7558299039780518e-05	0.161772683262825
185760	-2.891732	-1.930639	-1.131964	0.055480	0.161808	0.322400	0.04605359882116318	2.6337448559670777e-05	0.1618076115846634
185880	-2.891405	-1.930706	-1.131363	0.055498	0.161805	0.322593	0.04605608470737934	2.6337448559670777e-05	0.1618051677942276
186000	-2.892931	-1.931061	-1.131760	0.055414	0.161774	0.322465	0.046084150485694406	2.6337448559670777e-05	0.16177433729171753
186120	-2.894992	-1.931281	-1.132045	0.055299	0.161741	0.322373	0.046111409179866315	1.7558299039780518e-05	0.1617409586906433
186240	-2.896263	-1.931703	-1.131447	0.055229	0.161703	0.322566	0.04614703059196472	2.6337448559670777e-05	0.16170279681682587
186360	-2.895490	-1.931594	-1.131420	0.055272	0.161741	0.322575	0.04613940827548504	3.9506172839506166e-05	0.16174037754535675
186480	-2.895908	-1.931845	-1.129996	0.055249	0.161758	0.323035	0.046164156123995784	3.9506172839506166e-05	0.16175657510757446
186600	-2.895918	-1.932163	-1.131107	0.055248	0.161718	0.322676	0.04618929047137499	2.6337448559670777e-05	0.1617181897163391
186720	-2.897826	-1.932504	-1.130566	0.055143	0.161691	0.322850	0.046214945055544375	3.9506172839506166e-05	0.16169114410877228
186840	-2.898151	-1.932558	-1.130361	0.055125	0.161701	0.322917	0.04622393492609263	3.9506172839506166e-05	0.1617010086774826
186960	-2.899222	-1.932661	-1.129945	0.055066	0.161714	0.323051	0.046233868971467015	2.6337448559670777e-05	0.16171380877494812
187080	-2.899491	-1.932095	-1.128195	0.055051	0.161836	0.323617	0.04618798475712538	2.6337448559670777e-05	0.1618352085351944
187200	-2.898858	-1.931849	-1.126731	0.055086	0.161904	0.324091	0.046164958737790585	2.6337448559670777e-05	0.16190272569656372
187320	-2.898757	-1.931467	-1.126410	0.055092	0.161972	0.324195	0.04612959567457438	1.7558299039780518e-05	0.16197147965431213
187440	-2.898504	-1.930777	-1.124782	0.055106	0.162088	0.324723	0.04606629963964224	3.9506172839506166e-05	0.162087544798851
187560	-2.897589	-1.930612	-1.124314	0.055156	0.162118	0.324875	0.04605691004544497	2.6337448559670777e-05	0.16211755573749542
187680	-2.898350	-1.930434	-1.124777	0.055114	0.162157	0.324725	0.04603451229631901	3.9506172839506166e-05	0.16215632855892181
187800	-2.898897	-1.929991	-1.123134	0.055084	0.162260	0.325259	0.04600021168589592	2.6337448559670777e-05	0.16225884854793549
187920	-2.898930	-1.929578	-1.122481	0.055082	0.162354	0.325471	0.04595831576734781	3.9506172839506166e-05	0.16235367953777313
188040	-2.900481	-1.930074	-1.123015	0.054997	0.162291	0.325297	0.0459987798705697	2.6337448559670777e-05	0.16229155659675598
188160	-2.901769	-1.930251	-1.122531	0.054926	0.162294	0.325455	0.04600754398852587	3.9506172839506166e-05	0.1622965782880783
188280	-2.902381	-1.930497	-1.122705	0.054892	0.162269	0.325398	0.04603702370077371	3.9506172839506166e-05	0.16226938366889954
188400	-2.903148	-1.930196	-1.121940	0.054850	0.162338	0.325647	0.04601867292076349	2.6337448559670777e-05	0.1623372584581375
188520	-2.903063	-1.930102	-1.121903	0.054855	0.162375	0.325660	0.04600804951041937	3.9506172839506166e-05	0.1623743325471878
188640	-2.905234	-1.930007	-1.122439	0.054736	0.162426	0.325485	0.04599853660911322	3.9506172839506166e-05	0.16242524981498718
188760	-2.906625	-1.930240	-1.121619	0.054660	0.162421	0.325752	0.04601143784821034	3.9506172839506166e-05	0.16242161393165588
188880	-2.908466	-1.930530	-1.122624	0.054559	0.162405	0.325425	0.046041470393538474	3.9506172839506166e-05	0.16240528225898743
189000	-2.908874	-1.930677	-1.121297	0.054537	0.162406	0.325857	0.046059834957122806	2.6337448559670777e-05	0.16240568459033966
189120	-2.907923	-1.929694	-1.119849	0.054589	0.162599	0.326329	0.04597423858940601	3.9506172839506166e-05	0.1625979095697403
189240	-2.908000	-1.929254	-1.118895	0.054585	0.162683	0.326640	0.04593023639172315	1.7558299039780518e-05	0.16268253326416016
189360	-2.907710	-1.928936	-1.118731	0.054601	0.162742	0.326694	0.04590263515710831	2.6337448559670777e-05	0.16274085640907288
189480	-2.908376	-1.929011	-1.118429	0.054564	0.162776	0.326793	0.04590585045516491	3.9506172839506166e-05	0.16277606785297394
189600	-2.910115	-1.928862	-1.116844	0.054469	0.162828	0.327311	0.04588904175907373	3.9506172839506166e-05	0.16282819211483002
189720	-2.910192	-1.928191	-1.115688	0.054465	0.162943	0.327690	0.04584007281810045	3.9506172839506166e-05	0.16294266283512115
189840	-2.909484	-1.927792	-1.115031	0.054504	0.163006	0.327905	0.045810900442302224	2.6337448559670777e-05	0.16300271451473236
189960	-2.911556	-1.927698	-1.114440	0.054391	0.163041	0.328099	0.04578730408102274	3.9506172839506166e-05	0.16304132342338562
190080	-2.912811	-1.927822	-1.114658	0.054323	0.163035	0.328028	0.04580098334699869	1.7558299039780518e-05	0.16303442418575287
190200	-2.913367	-1.926648	-1.113272	0.054293	0.163256	0.328482	0.045706328749656674	1.7558299039780518e-05	0.16325441002845764
190320	-2.912934	-1.926295	-1.112673	0.054316	0.163319	0.328679	0.04566454011946917	1.7558299039780518e-05	0.16331833600997925
190440	-2.913842	-1.926247	-1.111333	0.054267	0.163356	0.329120	0.04565869253128767	3.9506172839506166e-05	0.16335494816303253
190560	-2.914989	-1.925919	-1.110780	0.054205	0.163435	0.329302	0.04562463909387589	2.6337448559670777e-05	0.16343575716018677
190680	-2.914638	-1.925735	-1.110838	0.054224	0.163468	0.329283	0.04561014845967293	3.9506172839506166e-05	0.16346850991249084
190800	-2.913419	-1.925386	-1.111134	0.054290	0.163533	0.329186	0.04558665845543146	7.803688462124674e-06	0.1635320782661438
190920	-2.913320	-1.925222	-1.110224	0.054295	0.163580	0.329485	0.0455675857141614	3.9506172839506166e-05	0.16357897222042084
191040	-2.913719	-1.925380	-1.109908	0.054273	0.163568	0.329589	0.0455804243683815	2.6337448559670777e-05	0.16356736421585083
191160	-2.914212	-1.925349	-1.110298	0.054247	0.163571	0.329461	0.04557515978813172	2.6337448559670777e-05	0.1635710746049881
191280	-2.913579	-1.924958	-1.109468	0.054281	0.163632	0.329734	0.0455433614552021	1.1705532693187011e-05	0.16363130509853363
191400	-2.913315	-1.924375	-1.108742	0.054295	0.163737	0.329974	0.04548999629914761	2.6337448559670777e-05	0.1637371927499771
191520	-2.914371	-1.924378	-1.107675	0.054238	0.163764	0.330326	0.045488209649920466	3.9506172839506166e-05	0.16376353800296783
191640	-2.914877	-1.924170	-1.107433	0.054211	0.163824	0.330406	0.045471224933862686	1.7558299039780518e-05	0.16382339596748352
191760	-2.914909	-1.923731	-1.106391	0.054209	0.163914	0.330751	0.04543282985687256	2.6337448559670777e-05	0.16391399502754211
191880	-2.914631	-1.923422	-1.106251	0.054224	0.163978	0.330797	0.045410155318677425	7.803688462124674e-06	0.16397710144519806
192000	-2.914577	-1.923379	-1.106680	0.054227	0.163998	0.330655	0.04539830442517996	3.9506172839506166e-05	0.16399763524532318
192120	-2.915426	-1.923432	-1.106322	0.054181	0.164008	0.330773	0.045407492108643054	3.9506172839506166e-05	0.16400788724422455
192240	-2.915901	-1.923409	-1.106699	0.054155	0.164012	0.330649	0.04539971426129341	5.925925925925925e-05	0.16401244699954987
192360	-2.916704	-1.922884	-1.106418	0.054112	0.164126	0.330741	0.04536049626767635	3.9506172839506166e-05	0.16412536799907684
192480	-2.917253	-1.922904	-1.106293	0.054082	0.164135	0.330783	0.04535634536296129	2.6337448559670777e-05	0.16413554549217224
192600	-2.916026	-1.922867	-1.105486	0.054148	0.164148	0.331050	0.04535404723137617	3.9506172839506166e-05	0.16414745151996613
192720	-2.917458	-1.923217	-1.105926	0.054071	0.164107	0.330904	0.04538081157952547	3.9506172839506166e-05	0.1641080230474472
192840	-2.917226	-1.923576	-1.105182	0.054083	0.164072	0.331151	0.04541847445070744	3.9506172839506166e-05	0.16407088935375214
192960	-2.917835	-1.923834	-1.104999	0.054051	0.164052	0.331211	0.04544378668069839	2.6337448559670777e-05	0.16405156254768372
193080	-2.917893	-1.923519	-1.103603	0.054047	0.164121	0.331674	0.045415124855935574	1.7558299039780518e-05	0.164120152592659
193200	-2.917397	-1.923285	-1.103619	0.054074	0.164165	0.331669	0.04539717733860016	3.9506172839506166e-05	0.16416361927986145
193320	-2.917886	-1.922883	-1.102361	0.054048	0.164275	0.332086	0.045367218926548956	2.6337448559670777e-05	0.16427190601825714
193440	-2.919277	-1.922734	-1.102336	0.053973	0.164322	0.332094	0.04534217491745949	1.7558299039780518e-05	0.16432225704193115
193560	-2.919797	-1.922695	-1.101092	0.053945	0.164353	0.332508	0.04534201063215733	2.6337448559670777e-05	0.16435134410858154
193680	-2.920089	-1.922883	-1.098494	0.053929	0.164379	0.333373	0.04534987676888704	2.6337448559670777e-05	0.16437922418117523
193800	-2.919865	-1.922451	-1.097669	0.053941	0.164467	0.333648	0.04532270822674036	1.7558299039780518e-05	0.16446514427661896
193920	-2.919699	-1.922117	-1.097102	0.053950	0.164535	0.333837	0.04528542645275593	1.7558299039780518e-05	0.16453559696674347
194040	-2.920320	-1.922207	-1.097507	0.053916	0.164531	0.333702	0.045294123329222204	1.7558299039780518e-05	0.1645306646823883
194160	-2.920443	-1.922574	-1.097230	0.053910	0.164490	0.333794	0.04532472304999828	3.9506172839506166e-05	0.16449041664600372
194280	-2.920487	-1.922954	-1.097448	0.053907	0.164447	0.333722	0.04535727445036173	3.9506172839506166e-05	0.16444718837738037
194400	-2.920116	-1.923232	-1.096866	0.053927	0.164415	0.333916	0.04538456480950117	3.9506172839506166e-05	0.164415642619133
194520	-2.919569	-1.922705	-1.095825	0.053957	0.164504	0.334264	0.0453413313254714	2.6337448559670777e-05	0.16450367867946625
194640	-2.920104	-1.922531	-1.095923	0.053928	0.164550	0.334231	0.045326963625848295	2.6337448559670777e-05	0.1645495742559433
194760	-2.921096	-1.922587	-1.095245	0.053875	0.164560	0.334458	0.045327219925820825	3.9506172839506166e-05	0.1645599901676178
194880	-2.922386	-1.922675	-1.094856	0.053805	0.164573	0.334588	0.045336132310330866	1.7558299039780518e-05	0.16457264125347137
195000	-2.922981	-1.922600	-1.094124	0.053773	0.164602	0.334833	0.04532859530299902	2.6337448559670777e-05	0.16460171341896057
195120	-2.921991	-1.922088	-1.092730	0.053826	0.164714	0.335300	0.04528825953602791	2.6337448559670777e-05	0.16471277177333832
195240	-2.922174	-1.921766	-1.092350	0.053817	0.164776	0.335427	0.04525777064263821	1.7558299039780518e-05	0.1647757589817047
195360	-2.921985	-1.921413	-1.091751	0.053827	0.164857	0.335628	0.04522747974842787	2.6337448559670777e-05	0.16485543549060822
195480	-2.922239	-1.920718	-1.091139	0.053813	0.164999	0.335834	0.04516374096274376	2.6337448559670777e-05	0.16499865055084229
195600	-2.922575	-1.920647	-1.091239	0.053795	0.165024	0.335800	0.045152293518185616	2.6337448559670777e-05	0.16502411663532257
195720	-2.923393	-1.920482	-1.091957	0.053751	0.165066	0.335559	0.045145214349031446	5.925925925925925e-05	0.16506527364253998
195840	-2.922172	-1.920293	-1.091350	0.053817	0.165111	0.335763	0.04512627944350243	3.9506172839506166e-05	0.16510950028896332
195960	-2.923595	-1.920310	-1.091687	0.053740	0.165113	0.335650	0.045117157697677615	5.925925925925925e-05	0.16511398553848267
196080	-2.923473	-1.920128	-1.090602	0.053747	0.165160	0.336014	0.045105557329952715	2.6337448559670777e-05	0.16516074538230896
196200	-2.923989	-1.919945	-1.091174	0.053719	0.165196	0.335822	0.04508902058005333	3.9506172839506166e-05	0.16519644856452942
196320	-2.924572	-1.920121	-1.091634	0.053688	0.165178	0.335667	0.04510599058121443	3.9506172839506166e-05	0.16517765820026398
196440	-2.924128	-1.919903	-1.092158	0.053711	0.165235	0.335492	0.045085014030337336	3.9506172839506166e-05	0.16523493826389313
196560	-2.925716	-1.919972	-1.092207	0.053626	0.165240	0.335475	0.04509488232433796	3.9506172839506166e-05	0.16523955762386322
196680	-2.926443	-1.920022	-1.092043	0.053587	0.165258	0.335530	0.045096848532557486	3.9506172839506166e-05	0.16525724530220032
196800	-2.926627	-1.919482	-1.090794	0.053577	0.165374	0.335950	0.04505141619592905	3.9506172839506166e-05	0.1653735190629959
196920	-2.927712	-1.919468	-1.091406	0.053519	0.165392	0.335744	0.04504589531570673	2.6337448559670777e-05	0.16539156436920166
197040	-2.928483	-1.919108	-1.090562	0.053478	0.165470	0.336028	0.04502104837447405	1.1705532693187011e-05	0.165469229221344
197160	-2.928681	-1.918993	-1.090535	0.053467	0.165496	0.336037	0.045003948360681535	1.7558299039780518e-05	0.16549579799175262
197280	-2.929068	-1.918847	-1.090927	0.053447	0.165523	0.335905	0.04499164968729019	2.6337448559670777e-05	0.16552279889583588
197400	-2.929259	-1.918461	-1.090315	0.053437	0.165594	0.336111	0.04496091902256012	1.7558299039780518e-05	0.16559384763240814
197520	-2.930003	-1.918484	-1.089656	0.053397	0.165601	0.336332	0.04495917987078428	2.6337448559670777e-05	0.16560068726539612
197640	-2.930361	-1.918432	-1.089522	0.053378	0.165616	0.336377	0.04495543874800205	1.7558299039780518e-05	0.16561564803123474
197760	-2.929474	-1.918187	-1.089255	0.053425	0.165659	0.336467	0.044935507513582704	1.7558299039780518e-05	0.16565848886966705
197880	-2.929524	-1.917932	-1.088876	0.053422	0.165721	0.336595	0.044911269843578336	1.7558299039780518e-05	0.16572096943855286
198000	-2.929236	-1.918057	-1.088046	0.053438	0.165726	0.336874	0.04491687100380659	3.9506172839506166e-05	0.1657264083623886
198120	-2.930209	-1.918176	-1.087604	0.053386	0.165725	0.337023	0.044932620413601396	2.6337448559670777e-05	0.16572429239749908
198240	-2.929997	-1.918392	-1.087687	0.053397	0.165698	0.336995	0.04495065025985241	3.9506172839506166e-05	0.16569730639457703
198360	-2.930354	-1.918454	-1.087686	0.053378	0.165700	0.336995	0.04495666604489088	2.6337448559670777e-05	0.16569925844669342
198480	-2.929690	-1.917891	-1.086592	0.053414	0.165814	0.337364	0.04490723181515932	3.9506172839506166e-05	0.16581390798091888
198600	-2.928919	-1.917884	-1.086158	0.053455	0.165825	0.337511	0.0449142649769783	1.1705532693187011e-05	0.16582326591014862
198720	-2.931090	-1.918323	-1.085858	0.053339	0.165783	0.337612	0.04493428897112608	3.9506172839506166e-05	0.16578538715839386
198840	-2.931973	-1.918264	-1.086498	0.053292	0.165809	0.337396	0.044942989572882654	3.9506172839506166e-05	0.16580793261528015
198960	-2.932719	-1.917997	-1.085176	0.053252	0.165891	0.337842	0.044918567314743994	3.9506172839506166e-05	0.1658911556005478
199080	-2.933981	-1.918040	-1.083128	0.053185	0.165919	0.338535	0.04492119625210762	3.9506172839506166e-05	0.16591796278953552
199200	-2.933168	-1.917334	-1.082291	0.053228	0.166039	0.338818	0.04485711306333542	3.9506172839506166e-05	0.1660386621952057
199320	-2.933334	-1.917230	-1.082938	0.053219	0.166050	0.338599	0.04484657552093267	2.6337448559670777e-05	0.1660500168800354
199440	-2.933644	-1.917353	-1.081488	0.053203	0.166058	0.339090	0.04485412314534187	5.925925925925925e-05	0.1660577952861786
199560	-2.933782	-1.917237	-1.080707	0.053195	0.166099	0.339356	0.044842145405709743	3.9506172839506166e-05	0.1660994291305542
199680	-2.934561	-1.917387	-1.080408	0.053154	0.166103	0.339457	0.044857573509216306	3.9506172839506166e-05	0.16610300540924072
199800	-2.935074	-1.917056	-1.080085	0.053127	0.166176	0.339567	0.04483198095113039	2.6337448559670777e-05	0.16617563366889954
199920	-2.935495	-1.917296	-1.080094	0.053104	0.166180	0.339564	0.044846692495048045	3.9506172839506166e-05	0.16618004441261292
200040	-2.936276	-1.917494	-1.080230	0.053063	0.166178	0.339517	0.044871339574456215	3.9506172839506166e-05	0.16617706418037415
200160	-2.938038	-1.917644	-1.079170	0.052970	0.166200	0.339877	0.04487347882241011	3.9506172839506166e-05	0.16620108485221863
200280	-2.938261	-1.917910	-1.078768	0.052958	0.166161	0.340014	0.04490302205085754	2.6337448559670777e-05	0.16616190969944
200400	-2.939824	-1.917960	-1.078486	0.052875	0.166187	0.340110	0.044907966256141664	3.9506172839506166e-05	0.16618788242340088
200520	-2.940452	-1.917971	-1.078434	0.052842	0.166215	0.340128	0.04490968976169825	3.9506172839506166e-05	0.16621458530426025
200640	-2.942595	-1.918341	-1.078155	0.052729	0.166209	0.340223	0.04493739325553179	5.925925925925925e-05	0.1662103831768036
200760	-2.943516	-1.918859	-1.078579	0.052680	0.166161	0.340078	0.044991211593151094	3.9506172839506166e-05	0.1661609411239624
200880	-2.943160	-1.918152	-1.077249	0.052699	0.166311	0.340531	0.04493525251746178	2.6337448559670777e-05	0.16630978882312775
201000	-2.943025	-1.917866	-1.076884	0.052706	0.166384	0.340655	0.04490344226360321	2.6337448559670777e-05	0.166383758187294
201120	-2.942827	-1.917335	-1.074890	0.052716	0.166503	0.341335	0.04485642947256565	3.9506172839506166e-05	0.16650313138961792
201240	-2.942164	-1.916870	-1.073089	0.052751	0.166590	0.341951	0.04482012763619423	2.6337448559670777e-05	0.16658814251422882
201360	-2.941860	-1.916695	-1.071671	0.052767	0.166642	0.342436	0.04480052255094051	1.7558299039780518e-05	0.1666407436132431
201480	-2.941756	-1.916492	-1.071535	0.052773	0.166688	0.342482	0.04477912001311779	1.7558299039780518e-05	0.16668827831745148
201600	-2.942063	-1.916364	-1.071100	0.052757	0.166725	0.342631	0.04477569069713354	2.6337448559670777e-05	0.1667236089706421
201720	-2.941513	-1.915712	-1.070507	0.052786	0.166845	0.342835	0.04471500609070063	3.9506172839506166e-05	0.16684454679489136
201840	-2.942329	-1.915594	-1.070582	0.052743	0.166884	0.342809	0.04469863045960665	2.6337448559670777e-05	0.1668844223022461
201960	-2.941315	-1.915386	-1.070333	0.052796	0.166914	0.342894	0.04468433503061533	3.9506172839506166e-05	0.1669132262468338
202080	-2.941983	-1.914808	-1.069069	0.052761	0.167041	0.343328	0.04462738316506147	3.9506172839506166e-05	0.16704073548316956
202200	-2.942462	-1.914445	-1.067939	0.052736	0.167119	0.343716	0.044593723677098754	2.6337448559670777e-05	0.1671183854341507
202320	-2.942883	-1.914523	-1.068164	0.052714	0.167139	0.343639	0.04460268598049879	3.9506172839506166e-05	0.1671389788389206
202440	-2.942775	-1.914181	-1.067854	0.052719	0.167205	0.343745	0.0445681631565094	2.6337448559670777e-05	0.1672056019306183
202560	-2.942987	-1.913939	-1.067385	0.052708	0.167263	0.343907	0.0445434108376503	3.9506172839506166e-05	0.16726428270339966
202680	-2.942667	-1.913720	-1.067568	0.052725	0.167307	0.343844	0.04453819710761309	7.803688462124674e-06	0.167306587100029
202800	-2.942214	-1.913419	-1.067808	0.052749	0.167376	0.343761	0.04450463820248842	2.6337448559670777e-05	0.1673755943775177
202920	-2.941660	-1.913230	-1.067623	0.052778	0.167412	0.343825	0.0444877915084362	2.6337448559670777e-05	0.1674121469259262
203040	-2.940938	-1.912593	-1.067370	0.052816	0.167526	0.343912	0.04443853665143251	2.6337448559670777e-05	0.16752393543720245
203160	-2.940965	-1.912417	-1.067608	0.052815	0.167564	0.343830	0.04441394917666912	1.7558299039780518e-05	0.1675642877817154
203280	-2.940814	-1.912203	-1.067105	0.052823	0.167599	0.344003	0.04439280014485121	2.6337448559670777e-05	0.16759882867336273
203400	-2.941398	-1.912037	-1.067123	0.052792	0.167646	0.343997	0.04438183158636093	2.6337448559670777e-05	0.16764552891254425
203520	-2.941715	-1.911796	-1.066495	0.052775	0.167703	0.344213	0.04435734786093235	2.6337448559670777e-05	0.1677035540342331
203640	-2.941393	-1.911713	-1.066076	0.052792	0.167755	0.344357	0.04434826467186213	2.6337448559670777e-05	0.16775499284267426
203760	-2.941548	-1.911463	-1.065489	0.052784	0.167832	0.344559	0.044330845028162	3.9506172839506166e-05	0.16783134639263153
203880	-2.941304	-1.911283	-1.065587	0.052797	0.167874	0.344526	0.04430542252957821	3.9506172839506166e-05	0.1678747683763504
204000	-2.942162	-1.911734	-1.065452	0.052752	0.167818	0.344572	0.044352616742253305	2.6337448559670777e-05	0.16781778633594513
204120	-2.942253	-1.911635	-1.065404	0.052747	0.167843	0.344588	0.04435378853231668	3.9506172839506166e-05	0.16784054040908813
204240	-2.942520	-1.910967	-1.064606	0.052733	0.167964	0.344864	0.04428368620574474	1.1705532693187011e-05	0.16796369850635529
204360	-2.943274	-1.911171	-1.065248	0.052693	0.167941	0.344642	0.04430279061198235	1.7558299039780518e-05	0.1679401397705078
204480	-2.944177	-1.911271	-1.064765	0.052645	0.167955	0.344809	0.044304584711790086	3.9506172839506166e-05	0.16795548796653748
204600	-2.944721	-1.911350	-1.064502	0.052617	0.167964	0.344900	0.04431725237518549	2.6337448559670777e-05	0.16796378791332245
204720	-2.945549	-1.911217	-1.063313	0.052573	0.168021	0.345310	0.04431029371917248	3.9506172839506166e-05	0.16801926493644714
204840	-2.947217	-1.911258	-1.063529	0.052486	0.168049	0.345235	0.04430900365114212	2.6337448559670777e-05	0.16804838180541992
204960	-2.946948	-1.911301	-1.062634	0.052500	0.168086	0.345544	0.04431399162858725	2.6337448559670777e-05	0.16808506846427917
205080	-2.945914	-1.911092	-1.062606	0.052554	0.168124	0.345554	0.044292295537889007	1.7558299039780518e-05	0.16812440752983093
205200	-2.946476	-1.910806	-1.061164	0.052525	0.168201	0.346053	0.04426832608878613	3.9506172839506166e-05	0.16820022463798523
205320	-2.947403	-1.910810	-1.061135	0.052476	0.168217	0.346063	0.044264611788094044	3.9506172839506166e-05	0.16821716725826263
205440	-2.947126	-1.910415	-1.060019	0.052490	0.168298	0.346449	0.044230185076594354	2.6337448559670777e-05	0.1682978719472885
205560	-2.947563	-1.910422	-1.058932	0.052467	0.168327	0.346826	0.04423616658896208	3.9506172839506166e-05	0.16832657158374786
205680	-2.947728	-1.910615	-1.058012	0.052459	0.168326	0.347145	0.04424954913556576	2.6337448559670777e-05	0.16832590103149414
205800	-2.948454	-1.910522	-1.057100	0.052421	0.168366	0.347462	0.044243144989013675	3.9506172839506166e-05	0.16836592555046082
205920	-2.948564	-1.910538	-1.056553	0.052415	0.168406	0.347652	0.04424069672822952	1.7558299039780518e-05	0.1684059202671051
206040	-2.948605	-1.910878	-1.055898	0.052413	0.168375	0.347880	0.04427482187747955	3.9506172839506166e-05	0.1683744490146637
206160	-2.948528	-1.910782	-1.055874	0.052417	0.168404	0.347888	0.04426550380885601	3.9506172839506166e-05	0.16840426623821259
206280	-2.949087	-1.910824	-1.055028	0.052388	0.168423	0.348183	0.04426863323897123	3.9506172839506166e-05	0.16842281818389893
206400	-2.950664	-1.911181	-1.054888	0.052305	0.168411	0.348232	0.044296692684292795	3.9506172839506166e-05	0.16841143369674683
206520	-2.951892	-1.911407	-1.053930	0.052241	0.168414	0.348565	0.044318527169525626	3.9506172839506166e-05	0.1684144288301468
206640	-2.952258	-1.911132	-1.053055	0.052222	0.168489	0.348870	0.04430626593530178	3.9506172839506166e-05	0.1684880405664444
206760	-2.951687	-1.910768	-1.052770	0.052251	0.168569	0.348970	0.04426842592656612	3.9506172839506166e-05	0.16856835782527924
206880	-2.952019	-1.910340	-1.050823	0.052234	0.168699	0.349650	0.044229619577527045	3.9506172839506166e-05	0.1686982810497284
207000	-2.952386	-1.910198	-1.050629	0.052215	0.168744	0.349718	0.04421289954334497	2.6337448559670777e-05	0.16874352097511292
207120	-2.952471	-1.910049	-1.050957	0.052211	0.168776	0.349603	0.044197401590645315	2.6337448559670777e-05	0.1687762588262558
207240	-2.951697	-1.909845	-1.050123	0.052251	0.168836	0.349895	0.044190865196287635	1.7558299039780518e-05	0.16883422434329987
207360	-2.951542	-1.909853	-1.050242	0.052259	0.168842	0.349853	0.04418269246816635	2.6337448559670777e-05	0.16884203255176544
207480	-2.951416	-1.909891	-1.050043	0.052266	0.168845	0.349923	0.044183230958878994	3.9506172839506166e-05	0.16884514689445496
207600	-2.951042	-1.909673	-1.049082	0.052285	0.168898	0.350259	0.04416211135685444	3.9506172839506166e-05	0.16889849305152893
207720	-2.950274	-1.909399	-1.047597	0.052325	0.168971	0.350780	0.04414678756147623	3.9506172839506166e-05	0.16897007822990417
207840	-2.951027	-1.909352	-1.047341	0.052286	0.169003	0.350870	0.044137348979711534	2.6337448559670777e-05	0.16900280117988586
207960	-2.950901	-1.909342	-1.045942	0.052293	0.169045	0.351361	0.044133197888731955	3.9506172839506166e-05	0.16904573142528534
208080	-2.951692	-1.909477	-1.046093	0.052251	0.169043	0.351308	0.04413833394646645	3.9506172839506166e-05	0.16904467344284058
208200	-2.952187	-1.909379	-1.045902	0.052225	0.169072	0.351375	0.04414653070271015	1.7558299039780518e-05	0.16906993091106415
208320	-2.951401	-1.908894	-1.045889	0.052266	0.169170	0.351379	0.04409680049866438	2.6337448559670777e-05	0.16916972398757935
208440	-2.951201	-1.908734	-1.045035	0.052277	0.169233	0.351680	0.04407971315085888	3.9506172839506166e-05	0.16923341155052185
208560	-2.952110	-1.908825	-1.045695	0.052229	0.169226	0.351447	0.04408712107688188	3.9506172839506166e-05	0.1692262589931488
208680	-2.951462	-1.908652	-1.044724	0.052263	0.169264	0.351789	0.0440688855946064	3.9506172839506166e-05	0.1692655384540558
208800	-2.950641	-1.908276	-1.044618	0.052306	0.169344	0.351826	0.044038446806371215	3.9506172839506166e-05	0.16934439539909363
208920	-2.949816	-1.908054	-1.044655	0.052349	0.169397	0.351813	0.04402358680963516	1.7558299039780518e-05	0.16939684748649597
209040	-2.950579	-1.907833	-1.044250	0.052309	0.169446	0.351956	0.04400971569120884	1.7558299039780518e-05	0.16944457590579987
209160	-2.951128	-1.907839	-1.043495	0.052281	0.169459	0.352221	0.04400292281061411	1.1705532693187011e-05	0.16945859789848328
209280	-2.950277	-1.907561	-1.043374	0.052325	0.169511	0.352264	0.04397726282477379	1.1705532693187011e-05	0.16951119899749756
209400	-2.950056	-1.907440	-1.042886	0.052337	0.169537	0.352436	0.04396641086786986	1.7558299039780518e-05	0.16953681409358978
209520	-2.951058	-1.907412	-1.042052	0.052284	0.169574	0.352730	0.04396381601691246	2.6337448559670777e-05	0.1695733219385147
209640	-2.950679	-1.907010	-1.041215	0.052304	0.169654	0.353026	0.04393146298825741	3.9506172839506166e-05	0.16965290904045105
209760	-2.950430	-1.906538	-1.042061	0.052317	0.169717	0.352727	0.04388506300747395	1.7558299039780518e-05	0.16971741616725922
209880	-2.951193	-1.906467	-1.040943	0.052277	0.169765	0.353121	0.043878324516117576	3.9506172839506166e-05	0.1697644740343094
210000	-2.952706	-1.906882	-1.041889	0.052198	0.169730	0.352787	0.043919690698385236	1.1705532693187011e-05	0.16972900927066803
210120	-2.953266	-1.906834	-1.041771	0.052169	0.169756	0.352829	0.04391978420317173	3.9506172839506166e-05	0.16975346207618713
210240	-2.953623	-1.907013	-1.041617	0.052150	0.169767	0.352884	0.043924208357930185	3.9506172839506166e-05	0.16976699233055115
210360	-2.953443	-1.906786	-1.040474	0.052160	0.169838	0.353287	0.043912853859364984	3.9506172839506166e-05	0.16983681917190552
210480	-2.953747	-1.906924	-1.040996	0.052144	0.169830	0.353103	0.043916632421314716	3.9506172839506166e-05	0.169830322265625
210600	-2.954735	-1.907113	-1.040625	0.052092	0.169830	0.353234	0.04393467530608177	3.9506172839506166e-05	0.16982954740524292
210720	-2.955264	-1.907002	-1.040624	0.052065	0.169897	0.353234	0.043921285681426524	3.9506172839506166e-05	0.16989757120609283
210840	-2.956045	-1.907132	-1.040098	0.052024	0.169897	0.353420	0.043940092995762826	2.6337448559670777e-05	0.1698962152004242
210960	-2.955379	-1.907047	-1.038558	0.052059	0.169956	0.353965	0.04392963368445635	1.7558299039780518e-05	0.16995587944984436
211080	-2.954988	-1.906951	-1.038065	0.052079	0.169986	0.354139	0.043923952430486676	2.6337448559670777e-05	0.1699850708246231
211200	-2.954649	-1.906669	-1.036821	0.052097	0.170050	0.354580	0.04389713555574417	2.6337448559670777e-05	0.17005030810832977
211320	-2.954289	-1.906414	-1.036849	0.052116	0.170101	0.354570	0.04387382585555315	2.6337448559670777e-05	0.17010119557380676
211440	-2.953879	-1.906202	-1.036449	0.052137	0.170157	0.354712	0.04385388437658548	2.6337448559670777e-05	0.17015723884105682
211560	-2.953765	-1.906213	-1.036220	0.052143	0.170188	0.354793	0.043856287561357024	2.6337448559670777e-05	0.1701873391866684
211680	-2.953974	-1.906158	-1.035443	0.052132	0.170223	0.355069	0.04385044407099485	3.9506172839506166e-05	0.17022305727005005
211800	-2.952894	-1.905299	-1.033687	0.052188	0.170396	0.355693	0.043772623501718046	3.9506172839506166e-05	0.1703958809375763
211920	-2.953038	-1.905134	-1.032459	0.052181	0.170449	0.356130	0.043756571412086484	2.6337448559670777e-05	0.17044848203659058
212040	-2.952989	-1.905032	-1.032032	0.052184	0.170475	0.356282	0.04374757278710604	2.6337448559670777e-05	0.17047491669654846
212160	-2.952661	-1.904719	-1.031756	0.052201	0.170540	0.356381	0.04372242093086243	1.7558299039780518e-05	0.1705394685268402
212280	-2.953454	-1.904799	-1.030997	0.052159	0.170556	0.356651	0.043725470639765264	3.9506172839506166e-05	0.17055606842041016
212400	-2.953750	-1.904819	-1.030409	0.052144	0.170579	0.356861	0.043726527132093906	2.6337448559670777e-05	0.17057906091213226
212520	-2.952901	-1.904505	-1.029079	0.052188	0.170644	0.357336	0.04370099157094955	3.9506172839506166e-05	0.1706441044807434
212640	-2.953890	-1.904381	-1.027973	0.052137	0.170708	0.357731	0.04368879348039627	3.9506172839506166e-05	0.17070792615413666
212760	-2.952808	-1.903261	-1.026036	0.052193	0.170917	0.358425	0.04359702747315168	2.6337448559670777e-05	0.17091499269008636
212880	-2.952577	-1.902834	-1.025615	0.052205	0.170996	0.358576	0.04355574622750282	3.9506172839506166e-05	0.17099465429782867
213000	-2.952116	-1.902288	-1.024065	0.052229	0.171110	0.359132	0.0435034116730094	1.7558299039780518e-05	0.1711101233959198
213120	-2.952076	-1.901819	-1.023024	0.052231	0.171206	0.359506	0.0434621075168252	1.7558299039780518e-05	0.17120544612407684
213240	-2.951100	-1.901449	-1.023069	0.052282	0.171255	0.359490	0.043429591692984104	1.7558299039780518e-05	0.17125527560710907
213360	-2.949965	-1.900476	-1.022342	0.052342	0.171412	0.359751	0.04334453120827675	1.7558299039780518e-05	0.1714111566543579
213480	-2.949395	-1.900169	-1.022154	0.052371	0.171466	0.359819	0.04331581220030785	1.1705532693187011e-05	0.17146529257297516
213600	-2.949733	-1.899990	-1.021859	0.052354	0.171504	0.359925	0.04329133126884699	2.6337448559670777e-05	0.17150484025478363
213720	-2.949724	-1.899566	-1.020986	0.052354	0.171581	0.360240	0.043261175788938996	7.803688462124674e-06	0.17158003151416779
213840	-2.949581	-1.899203	-1.020917	0.052362	0.171652	0.360264	0.04322820138186216	2.6337448559670777e-05	0.17165109515190125
213960	-2.949110	-1.899083	-1.020834	0.052386	0.171676	0.360294	0.043206450529396534	3.9506172839506166e-05	0.17167775332927704
214080	-2.949112	-1.898892	-1.020221	0.052386	0.171722	0.360515	0.043196745589375495	2.6337448559670777e-05	0.17172175645828247
214200	-2.949982	-1.899003	-1.020054	0.052341	0.171716	0.360576	0.043201581202447416	3.9506172839506166e-05	0.171716570854187
214320	-2.950684	-1.898938	-1.018915	0.052304	0.171739	0.360986	0.0432029128074646	2.6337448559670777e-05	0.1717386394739151
214440	-2.950286	-1.898969	-1.018752	0.052325	0.171758	0.361045	0.04321007300168276	1.7558299039780518e-05	0.17175579071044922
214560	-2.950093	-1.898752	-1.017031	0.052335	0.171830	0.361667	0.04318320844322443	2.6337448559670777e-05	0.1718294471502304
214680	-2.950230	-1.898708	-1.016679	0.052328	0.171862	0.361794	0.04319237694144249	3.9506172839506166e-05	0.1718577891588211
214800	-2.949740	-1.898535	-1.016522	0.052353	0.171897	0.361851	0.04316660799086094	2.6337448559670777e-05	0.1718960702419281
214920	-2.949693	-1.898521	-1.016263	0.052356	0.171906	0.361945	0.04316420294344425	1.7558299039780518e-05	0.17190523445606232
215040	-2.949217	-1.898337	-1.016249	0.052381	0.171935	0.361950	0.04314754661172628	1.7558299039780518e-05	0.17193515598773956
215160	-2.949179	-1.898237	-1.016034	0.052383	0.171951	0.362028	0.04313750676810742	2.6337448559670777e-05	0.1719512641429901
215280	-2.948745	-1.897952	-1.015400	0.052405	0.172013	0.362258	0.043113121390342714	1.1705532693187011e-05	0.17201228439807892
215400	-2.948215	-1.897712	-1.014008	0.052433	0.172085	0.362762	0.043096205964684484	1.7558299039780518e-05	0.17208325862884521
215520	-2.948279	-1.897143	-1.013184	0.052430	0.172200	0.363061	0.0430396618321538	1.7558299039780518e-05	0.17219963669776917
215640	-2.948022	-1.897076	-1.013226	0.052443	0.172221	0.363046	0.04303117711097002	1.7558299039780518e-05	0.17222154140472412
215760	-2.947807	-1.896918	-1.013417	0.052455	0.172251	0.362977	0.04302462674677372	1.1705532693187011e-05	0.17225034534931183
215880	-2.947177	-1.896816	-1.012815	0.052488	0.172281	0.363195	0.04301022347062826	3.9506172839506166e-05	0.17228096723556519
216000	-2.948542	-1.897069	-1.012949	0.052416	0.172275	0.363146	0.04302902091294527	3.9506172839506166e-05	0.1722743958234787
216120	-2.948391	-1.897011	-1.012702	0.052424	0.172311	0.363236	0.043024641647934916	1.7558299039780518e-05	0.17231100797653198
216240	-2.948358	-1.896841	-1.012053	0.052426	0.172355	0.363472	0.04301982447504997	1.1705532693187011e-05	0.17235341668128967
216360	-2.948395	-1.896727	-1.012295	0.052424	0.172389	0.363384	0.04300070349127054	1.7558299039780518e-05	0.17238959670066833
216480	-2.947705	-1.896711	-1.012041	0.052460	0.172408	0.363476	0.042996603064239025	3.9506172839506166e-05	0.1724090725183487
216600	-2.948614	-1.896934	-1.011395	0.052412	0.172392	0.363711	0.043015888147056106	2.6337448559670777e-05	0.17239196598529816
216720	-2.949265	-1.897096	-1.010942	0.052378	0.172402	0.363876	0.04303410928696394	3.9506172839506166e-05	0.17240199446678162
216840	-2.949222	-1.897100	-1.012025	0.052380	0.172413	0.363482	0.04303485192358494	1.1705532693187011e-05	0.17241255939006805
216960	-2.949273	-1.897063	-1.012113	0.052378	0.172433	0.363450	0.043030451983213425	3.9506172839506166e-05	0.17243288457393646
217080	-2.949292	-1.896691	-1.011763	0.052377	0.172506	0.363577	0.04300235472619533	3.9506172839506166e-05	0.17250464856624603
217200	-2.950064	-1.896909	-1.012043	0.052336	0.172494	0.363476	0.043017505295574666	2.6337448559670777e-05	0.17249391973018646
217320	-2.950126	-1.896826	-1.012120	0.052333	0.172517	0.363448	0.04301098305732012	2.6337448559670777e-05	0.1725158989429474
217440	-2.949168	-1.896423	-1.010941	0.052383	0.172593	0.363877	0.04297560639679432	1.7558299039780518e-05	0.1725921630859375
217560	-2.948807	-1.895880	-1.009002	0.052402	0.172720	0.364583	0.042926309071481226	1.7558299039780518e-05	0.1727195680141449
217680	-2.949312	-1.895968	-1.008680	0.052376	0.172724	0.364700	0.04293165486305952	1.7558299039780518e-05	0.17272408306598663
217800	-2.949874	-1.896039	-1.008489	0.052346	0.172745	0.364770	0.04294325020164251	3.9506172839506166e-05	0.17274290323257446
217920	-2.949636	-1.895861	-1.007863	0.052359	0.172811	0.364998	0.042919561825692655	3.9506172839506166e-05	0.17281101644039154
218040	-2.948696	-1.895864	-1.007593	0.052408	0.172824	0.365097	0.04292340278625488	1.7558299039780518e-05	0.17282426357269287
218160	-2.949135	-1.895821	-1.007851	0.052385	0.172849	0.365003	0.042916661128401756	2.6337448559670777e-05	0.1728491485118866
218280	-2.949584	-1.895883	-1.007732	0.052361	0.172845	0.365046	0.04292331077158451	3.9506172839506166e-05	0.17284554243087769
218400	-2.948856	-1.895406	-1.007535	0.052400	0.172948	0.365118	0.04288322348147631	1.7558299039780518e-05	0.17294788360595703
218520	-2.948873	-1.894956	-1.007047	0.052399	0.173064	0.365296	0.04285657089203596	3.9506172839506166e-05	0.173061341047287
218640	-2.948517	-1.894689	-1.006707	0.052417	0.173136	0.365420	0.042814614810049535	3.9506172839506166e-05	0.1731364130973816
218760	-2.949457	-1.894935	-1.007626	0.052368	0.173107	0.365085	0.042833798378705976	3.9506172839506166e-05	0.1731078177690506
218880	-2.949211	-1.894791	-1.006795	0.052381	0.173153	0.365388	0.042827822640538214	1.7558299039780518e-05	0.1731530874967575
219000	-2.949413	-1.894601	-1.006511	0.052370	0.173194	0.365492	0.04281070213764906	7.803688462124674e-06	0.17319393157958984
219120	-2.949192	-1.894472	-1.007601	0.052382	0.173214	0.365094	0.04280067402869463	2.6337448559670777e-05	0.17321394383907318
219240	-2.949399	-1.894259	-1.006793	0.052371	0.173274	0.365389	0.04278363548219204	3.9506172839506166e-05	0.1732727736234665
219360	-2.949671	-1.893974	-1.006103	0.052357	0.173353	0.365641	0.04275320190936327	2.6337448559670777e-05	0.17335310578346252
219480	-2.950419	-1.893888	-1.005852	0.052318	0.173389	0.365733	0.042743248678743836	2.6337448559670777e-05	0.17338883876800537
219600	-2.952250	-1.894059	-1.005170	0.052222	0.173403	0.365982	0.042759386077523234	3.9506172839506166e-05	0.17340290546417236
219720	-2.951762	-1.893820	-1.004161	0.052248	0.173469	0.366352	0.04275229033082724	3.9506172839506166e-05	0.17346572875976562
219840	-2.951915	-1.893472	-1.003396	0.052240	0.173567	0.366632	0.04271763060241938	2.6337448559670777e-05	0.17356429994106293
219960	-2.952829	-1.893257	-1.003059	0.052192	0.173628	0.366756	0.04268691185861826	3.9506172839506166e-05	0.1736282855272293
220080	-2.953453	-1.893204	-1.003949	0.052159	0.173642	0.366429	0.04268687069416046	2.6337448559670777e-05	0.1736416071653366
220200	-2.953307	-1.893186	-1.003591	0.052167	0.173673	0.366561	0.04268463309854269	2.6337448559670777e-05	0.17367306351661682
220320	-2.954730	-1.893781	-1.005214	0.052093	0.173594	0.365966	0.04273482412099838	2.6337448559670777e-05	0.17359395325183868
220440	-2.954207	-1.894068	-1.006211	0.052120	0.173544	0.365602	0.042758192680776116	3.9506172839506166e-05	0.17354443669319153
220560	-2.953877	-1.894063	-1.006783	0.052137	0.173549	0.365392	0.04275757297873497	3.9506172839506166e-05	0.1735491305589676
220680	-2.954755	-1.894190	-1.006427	0.052091	0.173571	0.365523	0.042779152281582355	1.7558299039780518e-05	0.17356985807418823
220800	-2.955911	-1.894495	-1.006778	0.052031	0.173540	0.365395	0.04279368333518505	3.9506172839506166e-05	0.1735411435365677
220920	-2.956468	-1.894365	-1.006773	0.052002	0.173581	0.365396	0.04278769250959158	1.7558299039780518e-05	0.17358101904392242
221040	-2.956508	-1.894324	-1.006409	0.052000	0.173612	0.365529	0.04278899282217026	2.6337448559670777e-05	0.17361122369766235
221160	-2.956829	-1.894086	-1.005813	0.051984	0.173671	0.365747	0.042761650122702125	3.9506172839506166e-05	0.1736709475517273
221280	-2.957427	-1.893827	-1.004898	0.051952	0.173735	0.366082	0.04274703767150641	1.7558299039780518e-05	0.17373332381248474
221400	-2.958349	-1.893424	-1.004628	0.051905	0.173828	0.366181	0.04270112570375204	2.6337448559670777e-05	0.17382855713367462
221520	-2.959475	-1.893233	-1.004611	0.051846	0.173886	0.366187	0.04268378261476755	2.6337448559670777e-05	0.17388589680194855
221640	-2.960454	-1.893214	-1.004277	0.051795	0.173900	0.366309	0.042686603404581545	2.6337448559670777e-05	0.17389993369579315
221760	-2.960521	-1.893439	-1.004107	0.051792	0.173879	0.366371	0.04270218592137098	2.6337448559670777e-05	0.17387862503528595
221880	-2.960392	-1.893493	-1.003316	0.051799	0.173900	0.366662	0.04270808082073927	2.6337448559670777e-05	0.17390033602714539
222000	-2.960467	-1.893769	-1.003265	0.051795	0.173863	0.366680	0.042733691073954104	3.9506172839506166e-05	0.17386367917060852
222120	-2.961582	-1.894130	-1.003396	0.051737	0.173816	0.366632	0.042762982100248335	3.9506172839506166e-05	0.17381660640239716
222240	-2.961774	-1.894247	-1.003588	0.051727	0.173818	0.366562	0.04277719017118216	2.6337448559670777e-05	0.1738177388906479
222360	-2.962575	-1.894570	-1.003343	0.051686	0.173785	0.366652	0.04280481468886137	2.6337448559670777e-05	0.17378531396389008
222480	-2.962820	-1.894089	-1.002402	0.051673	0.173877	0.366997	0.042780599743127826	2.6337448559670777e-05	0.17387400567531586
222600	-2.963032	-1.893739	-1.001717	0.051662	0.173963	0.367248	0.042749118991196156	3.9506172839506166e-05	0.17395839095115662
222720	-2.962178	-1.893682	-1.001145	0.051706	0.173997	0.367459	0.04272648189216852	3.9506172839506166e-05	0.17399701476097107
222840	-2.962203	-1.893710	-1.001715	0.051705	0.173989	0.367249	0.04273092281073332	1.7558299039780518e-05	0.1739884912967682
222960	-2.962528	-1.893842	-1.001137	0.051688	0.173986	0.367461	0.04273960031569004	3.9506172839506166e-05	0.17398576438426971
223080	-2.962588	-1.893911	-1.001417	0.051685	0.173981	0.367359	0.042749335058033466	2.6337448559670777e-05	0.1739809662103653
223200	-2.962187	-1.894068	-1.002035	0.051706	0.173963	0.367132	0.0427579527720809	2.6337448559670777e-05	0.17396366596221924
223320	-2.962452	-1.893998	-1.001123	0.051692	0.174014	0.367467	0.04275491572916508	3.9506172839506166e-05	0.17401430010795593
223440	-2.962869	-1.893919	-1.001342	0.051670	0.174051	0.367386	0.04274720624089241	2.6337448559670777e-05	0.1740514636039734
223560	-2.962620	-1.894053	-1.001259	0.051683	0.174030	0.367417	0.042756572179496286	2.6337448559670777e-05	0.17403070628643036
223680	-2.962946	-1.894166	-1.001947	0.051666	0.174035	0.367164	0.042771503515541556	1.7558299039780518e-05	0.1740344911813736
223800	-2.962190	-1.893606	-1.001426	0.051706	0.174148	0.367355	0.04272331800311804	1.7558299039780518e-05	0.1741480827331543
223920	-2.962243	-1.893692	-1.001415	0.051703	0.174149	0.367359	0.04272538404911756	3.9506172839506166e-05	0.17414970695972443
224040	-2.963071	-1.893732	-1.000402	0.051660	0.174162	0.367732	0.04273800868541002	1.7558299039780518e-05	0.17416095733642578
224160	-2.962311	-1.893291	-0.999970	0.051699	0.174252	0.367891	0.042702225223183635	3.9506172839506166e-05	0.1742497682571411
224280	-2.962033	-1.893453	-1.000349	0.051714	0.174246	0.367751	0.042705760896205903	2.6337448559670777e-05	0.17424601316452026
224400	-2.961516	-1.893040	-0.999904	0.051740	0.174352	0.367915	0.04266765788197517	3.9506172839506166e-05	0.17435194551944733
224520	-2.960236	-1.892896	-0.999493	0.051807	0.174393	0.368066	0.04265426211059094	2.6337448559670777e-05	0.17439329624176025
224640	-2.960919	-1.892883	-0.998437	0.051771	0.174412	0.368455	0.042655769176781176	2.6337448559670777e-05	0.1744125485420227
224760	-2.961823	-1.893472	-0.998840	0.051725	0.174319	0.368306	0.042706056497991085	3.9506172839506166e-05	0.1743191033601761
224880	-2.963015	-1.893328	-0.998503	0.051663	0.174361	0.368431	0.04269147124141455	2.6337448559670777e-05	0.1743612140417099
225000	-2.962699	-1.893226	-0.998270	0.051679	0.174385	0.368517	0.042684824019670484	2.6337448559670777e-05	0.1743851602077484
225120	-2.962279	-1.892803	-0.997327	0.051701	0.174481	0.368864	0.04266292061656714	2.6337448559670777e-05	0.17447860538959503
225240	-2.961777	-1.892423	-0.997241	0.051727	0.174554	0.368896	0.042620692402124405	2.6337448559670777e-05	0.17455235123634338
225360	-2.961964	-1.892226	-0.996094	0.051717	0.174623	0.369319	0.042597982473671435	2.6337448559670777e-05	0.17462241649627686
225480	-2.961239	-1.891837	-0.995449	0.051755	0.174688	0.369558	0.04256829470396042	3.9506172839506166e-05	0.17468681931495667
225600	-2.961995	-1.891572	-0.995689	0.051716	0.174726	0.369469	0.04254818186163902	2.6337448559670777e-05	0.1747237890958786
225720	-2.962376	-1.891619	-0.995288	0.051696	0.174725	0.369617	0.04253809284418821	1.7558299039780518e-05	0.17472535371780396
225840	-2.961871	-1.891119	-0.995123	0.051722	0.174815	0.369678	0.04250227808952332	2.6337448559670777e-05	0.17481358349323273
225960	-2.960798	-1.891180	-0.994458	0.051778	0.174809	0.369924	0.042495827190577984	3.9506172839506166e-05	0.17481011152267456
226080	-2.960655	-1.891323	-0.994709	0.051785	0.174811	0.369831	0.04251705408096314	3.9506172839506166e-05	0.1748092770576477
226200	-2.960392	-1.891434	-0.994345	0.051799	0.174810	0.369966	0.042522873356938364	2.6337448559670777e-05	0.17480972409248352
226320	-2.959697	-1.891222	-0.994124	0.051835	0.174860	0.370047	0.04250724539160729	2.6337448559670777e-05	0.1748596429824829
226440	-2.959890	-1.891303	-0.994067	0.051825	0.174860	0.370068	0.04251179210841656	2.6337448559670777e-05	0.1748596876859665
226560	-2.960453	-1.891798	-0.994339	0.051795	0.174774	0.369968	0.04255249574780464	3.9506172839506166e-05	0.17477542161941528
226680	-2.962024	-1.891991	-0.994423	0.051714	0.174747	0.369937	0.04257476646453142	2.6337448559670777e-05	0.17474748194217682
226800	-2.961808	-1.892065	-0.993885	0.051725	0.174756	0.370136	0.04258269164711237	2.6337448559670777e-05	0.17475569248199463
226920	-2.960833	-1.891973	-0.992755	0.051776	0.174792	0.370554	0.0425709143280983	3.9506172839506166e-05	0.17479178309440613
227040	-2.961357	-1.892102	-0.993295	0.051749	0.174772	0.370354	0.04258483797311783	2.6337448559670777e-05	0.17477212846279144
227160	-2.960991	-1.891819	-0.991892	0.051768	0.174842	0.370874	0.042566977068781854	1.7558299039780518e-05	0.17483939230442047
227280	-2.961039	-1.891529	-0.991328	0.051765	0.174899	0.371084	0.0425342496484518	1.7558299039780518e-05	0.1748989224433899
227400	-2.960555	-1.891244	-0.991082	0.051790	0.174960	0.371175	0.04250956103205681	1.7558299039780518e-05	0.17495954036712646
227520	-2.960290	-1.891100	-0.990188	0.051804	0.174998	0.371507	0.04249145835638046	3.9506172839506166e-05	0.17499808967113495
227640	-2.960267	-1.891260	-0.989270	0.051805	0.174989	0.371848	0.042513609305024146	1.7558299039780518e-05	0.1749875247478485
227760	-2.960346	-1.891165	-0.988847	0.051801	0.175030	0.372005	0.042501080222427844	3.9506172839506166e-05	0.17503021657466888
227880	-2.959380	-1.891086	-0.987546	0.051851	0.175059	0.372490	0.04250330701470375	2.6337448559670777e-05	0.17505685985088348
228000	-2.958806	-1.890368	-0.985291	0.051881	0.175216	0.373330	0.04242477305233479	3.9506172839506166e-05	0.1752161979675293
228120	-2.958679	-1.890223	-0.984374	0.051887	0.175264	0.373673	0.04242369215935469	1.1705532693187011e-05	0.17526280879974365
228240	-2.958023	-1.889954	-0.983527	0.051921	0.175319	0.373990	0.04239475652575493	2.6337448559670777e-05	0.17531834542751312
228360	-2.957868	-1.889981	-0.984045	0.051929	0.175337	0.373796	0.04239210560917854	3.9506172839506166e-05	0.17533768713474274
228480	-2.957541	-1.890304	-0.983758	0.051947	0.175316	0.373903	0.04242190346121788	3.9506172839506166e-05	0.17531560361385345
228600	-2.956988	-1.890243	-0.982965	0.051975	0.175347	0.374200	0.04242844246327877	3.9506172839506166e-05	0.17534472048282623
228720	-2.957068	-1.889882	-0.982848	0.051971	0.175416	0.374244	0.04239154122769832	2.6337448559670777e-05	0.17541459202766418
228840	-2.956539	-1.889830	-0.981999	0.051999	0.175442	0.374561	0.04237943459302187	2.6337448559670777e-05	0.1754423826932907
228960	-2.957842	-1.889914	-0.982103	0.051931	0.175448	0.374523	0.04238665085285902	2.6337448559670777e-05	0.17544756829738617
229080	-2.959110	-1.889979	-0.983028	0.051865	0.175441	0.374176	0.042396303825080396	2.6337448559670777e-05	0.1754402369260788
229200	-2.958739	-1.889651	-0.982485	0.051884	0.175519	0.374379	0.04236893765628338	2.6337448559670777e-05	0.17551739513874054
229320	-2.958698	-1.889315	-0.981357	0.051886	0.175604	0.374802	0.042330692335963246	2.6337448559670777e-05	0.17560480535030365
229440	-2.958767	-1.889036	-0.980824	0.051883	0.175660	0.375002	0.04231220632791519	1.7558299039780518e-05	0.17565999925136566
229560	-2.958301	-1.888627	-0.979936	0.051907	0.175748	0.375335	0.0422758748754859	2.6337448559670777e-05	0.17574776709079742
229680	-2.957741	-1.888224	-0.979430	0.051936	0.175817	0.375525	0.04224479328840971	1.1705532693187011e-05	0.1758158802986145
229800	-2.957314	-1.887921	-0.979429	0.051958	0.175885	0.375525	0.04220995418727398	2.6337448559670777e-05	0.17588508129119873
229920	-2.957374	-1.888064	-0.980012	0.051955	0.175864	0.375307	0.042213905975222586	3.9506172839506166e-05	0.17586582899093628
230040	-2.957182	-1.888149	-0.979111	0.051965	0.175868	0.375645	0.042224562168121337	3.9506172839506166e-05	0.17586831748485565
230160	-2.958161	-1.888359	-0.978784	0.051914	0.175859	0.375768	0.042247826047241685	2.6337448559670777e-05	0.17585861682891846
230280	-2.958710	-1.888548	-0.978997	0.051886	0.175829	0.375688	0.04225643016397953	3.9506172839506166e-05	0.17583106458187103
230400	-2.957490	-1.888949	-0.977514	0.051949	0.175764	0.376245	0.042299469374120234	2.6337448559670777e-05	0.17576375603675842
230520	-2.957515	-1.889463	-0.977903	0.051948	0.175701	0.376099	0.04233993645757437	3.9506172839506166e-05	0.17570260167121887
230640	-2.958161	-1.890114	-0.977957	0.051914	0.175611	0.376079	0.04240192584693432	3.9506172839506166e-05	0.17561136186122894
230760	-2.958327	-1.890435	-0.977250	0.051906	0.175593	0.376344	0.04242995139211416	2.6337448559670777e-05	0.17559269070625305
230880	-2.959548	-1.890772	-0.976788	0.051842	0.175546	0.376519	0.042467094399034976	3.9506172839506166e-05	0.1755448281764984
231000	-2.960817	-1.890966	-0.977196	0.051777	0.175537	0.376365	0.04247971773147583	3.9506172839506166e-05	0.1755371242761612
231120	-2.961834	-1.891030	-0.977400	0.051724	0.175546	0.376288	0.0424880163744092	3.9506172839506166e-05	0.1755455732345581
231240	-2.961672	-1.891122	-0.977540	0.051732	0.175525	0.376236	0.04249517861753702	1.7558299039780518e-05	0.1755249798297882
231360	-2.961998	-1.891066	-0.978119	0.051716	0.175545	0.376018	0.042499161511659625	1.7558299039780518e-05	0.17554302513599396
231480	-2.962707	-1.891097	-0.978148	0.051679	0.175554	0.376007	0.04249256048351526	1.7558299039780518e-05	0.17555400729179382
231600	-2.963733	-1.891367	-0.978529	0.051626	0.175528	0.375864	0.04251610971987248	3.9506172839506166e-05	0.17552855610847473
231720	-2.963968	-1.891486	-0.977997	0.051614	0.175527	0.376064	0.04252852313220501	2.6337448559670777e-05	0.1755266934633255
231840	-2.964015	-1.891520	-0.977570	0.051611	0.175531	0.376224	0.04253383614122867	2.6337448559670777e-05	0.17553074657917023
231960	-2.964880	-1.891764	-0.977223	0.051567	0.175516	0.376355	0.042548183165490625	2.6337448559670777e-05	0.17551691830158234
232080	-2.965848	-1.891931	-0.976738	0.051517	0.175513	0.376537	0.042573925107717514	2.6337448559670777e-05	0.17551247775554657
232200	-2.965798	-1.892161	-0.976272	0.051519	0.175484	0.376713	0.04258838556706905	3.9506172839506166e-05	0.17548392713069916
232320	-2.967178	-1.891892	-0.976320	0.051448	0.175556	0.376695	0.042566233314573765	3.9506172839506166e-05	0.17555567622184753
232440	-2.968342	-1.892085	-0.975937	0.051388	0.175558	0.376839	0.04258153159171343	3.9506172839506166e-05	0.17555756866931915
232560	-2.967722	-1.891925	-0.974901	0.051420	0.175610	0.377230	0.042572053894400594	1.7558299039780518e-05	0.17561013996601105
232680	-2.968893	-1.892416	-0.975186	0.051360	0.175563	0.377122	0.042605960927903655	3.9506172839506166e-05	0.175563782453537
232800	-2.968804	-1.892209	-0.974494	0.051365	0.175613	0.377383	0.042604698613286016	2.6337448559670777e-05	0.17561061680316925
232920	-2.969007	-1.892088	-0.974013	0.051354	0.175659	0.377565	0.04258380550891161	2.6337448559670777e-05	0.17565852403640747
233040	-2.969733	-1.892091	-0.974286	0.051317	0.175668	0.377462	0.042582074739038946	1.1705532693187011e-05	0.1756681203842163
233160	-2.969629	-1.892218	-0.974720	0.051322	0.175649	0.377298	0.04259703699499369	2.6337448559670777e-05	0.17564846575260162
233280	-2.969430	-1.892315	-0.975456	0.051333	0.175625	0.377020	0.04260027837008238	1.7558299039780518e-05	0.17562614381313324
233400	-2.969320	-1.892139	-0.975282	0.051338	0.175662	0.377086	0.042595181800425055	2.6337448559670777e-05	0.17566098272800446
233520	-2.969090	-1.892067	-0.974962	0.051350	0.175693	0.377207	0.04258275926113129	2.6337448559670777e-05	0.1756918877363205
233640	-2.969625	-1.891857	-0.974506	0.051323	0.175752	0.377379	0.04256351478397846	1.7558299039780518e-05	0.17575225234031677
233760	-2.970200	-1.892138	-0.974669	0.051293	0.175730	0.377317	0.04258972760289907	2.6337448559670777e-05	0.17572955787181854
233880	-2.970650	-1.891871	-0.974062	0.051270	0.175794	0.377546	0.042562894709408286	3.9506172839506166e-05	0.17579413950443268
234000	-2.972644	-1.892400	-0.973914	0.051168	0.175732	0.377602	0.04261085297912359	2.6337448559670777e-05	0.17573224008083344
234120	-2.973154	-1.892641	-0.975599	0.051142	0.175678	0.376966	0.04263258799910545	2.6337448559670777e-05	0.17567752301692963
234240	-2.973332	-1.893106	-0.976320	0.051133	0.175621	0.376695	0.04267303366214037	2.6337448559670777e-05	0.1756201535463333
234360	-2.973279	-1.893094	-0.977380	0.051135	0.175631	0.376296	0.04267041832208633	3.9506172839506166e-05	0.17563186585903168
234480	-2.972567	-1.893170	-0.976799	0.051172	0.175634	0.376515	0.04267708640545607	2.6337448559670777e-05	0.17563501000404358
234600	-2.972981	-1.892874	-0.975471	0.051151	0.175726	0.377015	0.042648594453930856	2.6337448559670777e-05	0.17572706937789917
234720	-2.973883	-1.893283	-0.976678	0.051104	0.175669	0.376560	0.04268515519797802	3.9506172839506166e-05	0.17566920816898346
234840	-2.973920	-1.893152	-0.975579	0.051103	0.175711	0.376974	0.04267766177654266	2.6337448559670777e-05	0.175711989402771
234960	-2.974403	-1.893066	-0.974972	0.051078	0.175749	0.377203	0.042672717012465	2.6337448559670777e-05	0.1757492870092392
235080	-2.975348	-1.893267	-0.975808	0.051030	0.175733	0.376888	0.04268740899860859	2.6337448559670777e-05	0.17573295533657074
235200	-2.975904	-1.892949	-0.975275	0.051001	0.175815	0.377089	0.04266319032758474	2.6337448559670777e-05	0.17581471800804138
235320	-2.975385	-1.892803	-0.974047	0.051028	0.175856	0.377552	0.04264921620488167	2.6337448559670777e-05	0.1758553385734558
235440	-2.975978	-1.892602	-0.974023	0.050998	0.175895	0.377561	0.042642484046518804	2.6337448559670777e-05	0.1758912354707718
235560	-2.976715	-1.892390	-0.974262	0.050960	0.175938	0.377471	0.042610643431544304	1.7558299039780518e-05	0.17593736946582794
235680	-2.976923	-1.892207	-0.974081	0.050949	0.175972	0.377539	0.04259778279811144	1.7558299039780518e-05	0.17597104609012604
235800	-2.976331	-1.891945	-0.973620	0.050980	0.176025	0.377713	0.04257479887455702	3.9506172839506166e-05	0.1760236918926239
235920	-2.976133	-1.891805	-0.974880	0.050990	0.176054	0.377237	0.04256307203322649	1.7558299039780518e-05	0.1760527640581131
236040	-2.976403	-1.891861	-0.974521	0.050976	0.176061	0.377373	0.04256040528416634	3.9506172839506166e-05	0.17606115341186523
236160	-2.976783	-1.891438	-0.973781	0.050957	0.176154	0.377653	0.042525857128202914	2.6337448559670777e-05	0.17615368962287903
236280	-2.977721	-1.891293	-0.973781	0.050909	0.176196	0.377653	0.04251259956508875	3.9506172839506166e-05	0.17619535326957703
236400	-2.978575	-1.890889	-0.972734	0.050865	0.176301	0.378048	0.04248207490891218	1.7558299039780518e-05	0.17629902064800262
236520	-2.979803	-1.890887	-0.972309	0.050803	0.176334	0.378209	0.04246658850461245	3.9506172839506166e-05	0.17633487284183502
236640	-2.980390	-1.891226	-0.973349	0.050773	0.176265	0.377816	0.04249828681349754	3.9506172839506166e-05	0.1762671023607254
236760	-2.980802	-1.891293	-0.973181	0.050752	0.176263	0.377879	0.042512000724673274	3.9506172839506166e-05	0.17626215517520905
236880	-2.980276	-1.890754	-0.972320	0.050779	0.176372	0.378205	0.04246680997312069	1.7558299039780518e-05	0.17637105286121368
237000	-2.981148	-1.890572	-0.970821	0.050735	0.176449	0.378772	0.04244443327188492	2.6337448559670777e-05	0.17644883692264557
237120	-2.981957	-1.890413	-0.971004	0.050694	0.176489	0.378703	0.04243931360542774	1.7558299039780518e-05	0.1764884740114212
237240	-2.981900	-1.890026	-0.970763	0.050696	0.176574	0.378794	0.04239959828555584	2.6337448559670777e-05	0.17657363414764404
237360	-2.982172	-1.889961	-0.970918	0.050683	0.176597	0.378735	0.04239492993801832	1.1705532693187011e-05	0.17659616470336914
237480	-2.981591	-1.889588	-0.970243	0.050712	0.176674	0.378991	0.04236186612397432	2.6337448559670777e-05	0.17667339742183685
237600	-2.981843	-1.889529	-0.969564	0.050699	0.176710	0.379248	0.04235052689909935	2.6337448559670777e-05	0.17671048641204834
237720	-2.981707	-1.889156	-0.968738	0.050706	0.176785	0.379562	0.0423205092549324	3.9506172839506166e-05	0.1767849624156952
237840	-2.982807	-1.889141	-0.968706	0.050650	0.176809	0.379574	0.042316234484314916	2.6337448559670777e-05	0.17680895328521729
237960	-2.981998	-1.888263	-0.968102	0.050691	0.176989	0.379803	0.04223410002887249	3.9506172839506166e-05	0.17698945105075836
238080	-2.983381	-1.888571	-0.969312	0.050621	0.176950	0.379344	0.042265290208160874	1.7558299039780518e-05	0.17695020139217377
238200	-2.984883	-1.889191	-0.968778	0.050545	0.176876	0.379546	0.042317963764071466	3.9506172839506166e-05	0.1768765151500702
238320	-2.985716	-1.889273	-0.966706	0.050503	0.176888	0.380334	0.04232802130281925	2.6337448559670777e-05	0.17688849568367004
238440	-2.987884	-1.889576	-0.966634	0.050394	0.176876	0.380361	0.04235647991299629	3.9506172839506166e-05	0.17687533795833588
238560	-2.989172	-1.889967	-0.967241	0.050329	0.176839	0.380131	0.042390710301697256	2.6337448559670777e-05	0.17683875560760498
238680	-2.988428	-1.890363	-0.966593	0.050367	0.176798	0.380377	0.042418607883155345	5.925925925925925e-05	0.17680014669895172
238800	-2.989431	-1.890579	-0.967518	0.050316	0.176771	0.380025	0.04244824480265379	3.9506172839506166e-05	0.17677123844623566
238920	-2.990291	-1.890614	-0.966645	0.050273	0.176808	0.380357	0.04245104752480984	2.6337448559670777e-05	0.17680861055850983
239040	-2.989903	-1.890474	-0.965710	0.050292	0.176851	0.380713	0.042439880594611165	2.6337448559670777e-05	0.1768500655889511
239160	-2.990303	-1.890330	-0.965371	0.050272	0.176895	0.380842	0.04242463782429695	2.6337448559670777e-05	0.17689472436904907
239280	-2.990313	-1.890208	-0.964699	0.050272	0.176936	0.381098	0.042414274998009205	3.9506172839506166e-05	0.17693625390529633
239400	-2.990297	-1.890093	-0.964362	0.050273	0.176963	0.381226	0.04240134637802839	2.6337448559670777e-05	0.17696399986743927
239520	-2.990995	-1.890040	-0.963674	0.050237	0.176991	0.381489	0.04239777326583862	3.9506172839506166e-05	0.17699013650417328
239640	-2.991581	-1.889959	-0.963376	0.050208	0.177036	0.381602	0.042391208186745646	1.7558299039780518e-05	0.17703601717948914
239760	-2.992167	-1.889605	-0.962762	0.050179	0.177109	0.381837	0.042364333756268024	2.6337448559670777e-05	0.1771075278520584
239880	-2.993303	-1.889621	-0.962242	0.050122	0.177130	0.382035	0.042359127476811406	2.6337448559670777e-05	0.17713023722171783
240000	-2.993487	-1.889329	-0.962126	0.050112	0.177191	0.382080	0.04233454708009958	1.7558299039780518e-05	0.17719079554080963
240120	-2.993385	-1.889271	-0.963522	0.050118	0.177212	0.381547	0.042331185564398764	2.6337448559670777e-05	0.17721162736415863
240240	-2.993539	-1.889419	-0.963823	0.050110	0.177197	0.381432	0.04234492853283882	2.6337448559670777e-05	0.17719601094722748
240360	-2.993612	-1.889037	-0.963230	0.050106	0.177285	0.381658	0.04231078885495663	2.6337448559670777e-05	0.17728446424007416
240480	-2.994139	-1.889259	-0.961833	0.050080	0.177273	0.382192	0.042328234575688836	2.6337448559670777e-05	0.177272766828537
240600	-2.995225	-1.889353	-0.961226	0.050025	0.177265	0.382424	0.04233337417244911	2.6337448559670777e-05	0.1772657334804535
240720	-2.996047	-1.889828	-0.961398	0.049984	0.177201	0.382358	0.04237161409109831	3.9506172839506166e-05	0.17720171809196472
240840	-2.996562	-1.889935	-0.960412	0.049959	0.177230	0.382735	0.0423844737932086	3.9506172839506166e-05	0.17723019421100616
240960	-2.996655	-1.890046	-0.959560	0.049954	0.177245	0.383061	0.04240126181393862	2.6337448559670777e-05	0.17724445462226868
241080	-2.996506	-1.889947	-0.959401	0.049961	0.177267	0.383122	0.042388396337628365	1.7558299039780518e-05	0.17726722359657288
241200	-2.995906	-1.889854	-0.959722	0.049991	0.177281	0.382999	0.04238540511578322	1.7558299039780518e-05	0.17728085815906525
241320	-2.996143	-1.889880	-0.960759	0.049979	0.177256	0.382603	0.042383456230163576	1.7558299039780518e-05	0.17725597321987152
241440	-2.996437	-1.889853	-0.960587	0.049965	0.177280	0.382668	0.04238142389804125	2.6337448559670777e-05	0.17728009819984436
241560	-2.997636	-1.889818	-0.960560	0.049905	0.177293	0.382679	0.04237853102385998	3.9506172839506166e-05	0.17729328572750092
241680	-2.998494	-1.889872	-0.961104	0.049862	0.177301	0.382470	0.0423856558278203	1.7558299039780518e-05	0.17730101943016052
241800	-2.999264	-1.889431	-0.960668	0.049824	0.177397	0.382637	0.04234697632491589	2.6337448559670777e-05	0.17739716172218323
241920	-2.998285	-1.889470	-0.959920	0.049873	0.177399	0.382924	0.042346731200814246	1.7558299039780518e-05	0.17739880084991455
242040	-2.998946	-1.889767	-0.959718	0.049840	0.177363	0.383001	0.04237049035727978	2.6337448559670777e-05	0.17736396193504333
242160	-3.000819	-1.889850	-0.958741	0.049746	0.177414	0.383375	0.0423850316554308	2.6337448559670777e-05	0.17741307616233826
242280	-3.000321	-1.889430	-0.957327	0.049771	0.177532	0.383918	0.04234593492001295	2.6337448559670777e-05	0.1775309294462204
242400	-3.000929	-1.889402	-0.957256	0.049741	0.177555	0.383945	0.04234488233923912	2.6337448559670777e-05	0.1775539070367813
242520	-3.000593	-1.889411	-0.957773	0.049758	0.177547	0.383747	0.04234058652073145	2.6337448559670777e-05	0.17754799127578735
242640	-3.001237	-1.889485	-0.957355	0.049726	0.177555	0.383907	0.04235638994723558	1.7558299039780518e-05	0.17755265533924103
242760	-3.001420	-1.889153	-0.956909	0.049716	0.177625	0.384078	0.04232036117464304	2.6337448559670777e-05	0.17762491106987
242880	-3.001837	-1.888727	-0.955429	0.049696	0.177731	0.384647	0.042296350747346875	1.7558299039780518e-05	0.17772836983203888
243000	-3.001722	-1.888732	-0.956070	0.049701	0.177741	0.384401	0.04227849636226892	1.7558299039780518e-05	0.17774151265621185
243120	-3.001956	-1.888660	-0.955991	0.049690	0.177765	0.384431	0.04227800685912371	1.7558299039780518e-05	0.1777641922235489
243240	-3.002126	-1.888364	-0.955325	0.049681	0.177847	0.384687	0.04224965143948793	2.6337448559670777e-05	0.1778467744588852
243360	-3.002275	-1.888072	-0.954320	0.049674	0.177916	0.385074	0.04222298730164766	1.7558299039780518e-05	0.17791591584682465
243480	-3.002331	-1.887842	-0.954330	0.049671	0.177974	0.385070	0.042205866612493995	1.7558299039780518e-05	0.17797277867794037
243600	-3.003125	-1.887651	-0.954421	0.049632	0.178014	0.385035	0.0421828530728817	1.7558299039780518e-05	0.1780141443014145
243720	-3.003266	-1.887527	-0.953615	0.049625	0.178058	0.385346	0.0421803405508399	2.6337448559670777e-05	0.1780569702386856
243840	-3.003186	-1.887694	-0.953001	0.049629	0.178055	0.385582	0.04218776561319828	2.6337448559670777e-05	0.17805537581443787
243960	-3.004924	-1.888205	-0.953144	0.049543	0.177983	0.385527	0.042225252464413644	3.9506172839506166e-05	0.17798343300819397
244080	-3.005101	-1.888511	-0.952116	0.049534	0.177956	0.385924	0.04226195085793734	2.6337448559670777e-05	0.17795588076114655
244200	-3.006079	-1.888592	-0.950579	0.049485	0.177987	0.386517	0.04226749148219824	1.7558299039780518e-05	0.1779870092868805
244320	-3.006942	-1.889115	-0.950719	0.049443	0.177932	0.386463	0.04230896104127169	3.9506172839506166e-05	0.1779332309961319
244440	-3.008691	-1.889472	-0.951054	0.049356	0.177892	0.386334	0.04234638810157776	2.6337448559670777e-05	0.17789199948310852
244560	-3.010009	-1.889977	-0.951488	0.049291	0.177833	0.386166	0.04239493384957314	3.9506172839506166e-05	0.17783240973949432
244680	-3.009997	-1.889769	-0.950786	0.049292	0.177905	0.386437	0.0423717450350523	3.9506172839506166e-05	0.1779058426618576
244800	-3.009715	-1.889143	-0.950311	0.049306	0.178016	0.386621	0.04232344068586826	1.7558299039780518e-05	0.17801544070243835
244920	-3.010436	-1.889251	-0.950546	0.049270	0.178005	0.386530	0.04233175683766603	2.6337448559670777e-05	0.17800410091876984
245040	-3.011009	-1.889218	-0.949840	0.049242	0.178020	0.386803	0.04232479706406593	2.6337448559670777e-05	0.17801953852176666
245160	-3.010864	-1.889002	-0.949146	0.049249	0.178061	0.387072	0.04230762794613838	1.7558299039780518e-05	0.17806079983711243
245280	-3.011296	-1.888428	-0.947980	0.049228	0.178183	0.387523	0.04225810021162033	1.7558299039780518e-05	0.1781817078590393
245400	-3.010423	-1.888019	-0.947553	0.049271	0.178249	0.387689	0.04222648479044437	2.6337448559670777e-05	0.17824669182300568
245520	-3.010297	-1.887653	-0.946693	0.049277	0.178325	0.388022	0.04218726269900799	1.7558299039780518e-05	0.17832441627979279
245640	-3.011709	-1.887604	-0.947264	0.049207	0.178336	0.387800	0.04218044392764568	3.9506172839506166e-05	0.1783367395401001
245760	-3.012178	-1.887852	-0.946636	0.049184	0.178311	0.388044	0.04219925533980131	2.6337448559670777e-05	0.1783107966184616
245880	-3.012814	-1.887793	-0.945445	0.049153	0.178344	0.388507	0.04219423122704029	3.9506172839506166e-05	0.1783439815044403
246000	-3.013990	-1.888509	-0.946349	0.049095	0.178227	0.388156	0.04225508756935596	3.9506172839506166e-05	0.17822834849357605
246120	-3.015734	-1.888670	-0.945544	0.049010	0.178232	0.388468	0.04227259680628777	2.6337448559670777e-05	0.17823262512683868
246240	-3.016600	-1.888714	-0.946254	0.048967	0.178227	0.388193	0.04227653332054615	2.6337448559670777e-05	0.17822706699371338
246360	-3.016836	-1.888180	-0.944972	0.048956	0.178336	0.388690	0.042246637679636476	2.6337448559670777e-05	0.17833344638347626
246480	-3.017550	-1.888454	-0.945901	0.048921	0.178300	0.388330	0.04225267134606838	3.9506172839506166e-05	0.1782994270324707
246600	-3.017279	-1.888462	-0.946024	0.048934	0.178316	0.388282	0.042250065691769124	3.9506172839506166e-05	0.17831680178642273
246720	-3.018388	-1.888331	-0.945137	0.048880	0.178361	0.388627	0.04224396478384733	1.7558299039780518e-05	0.17836128175258636
246840	-3.018315	-1.887986	-0.944706	0.048884	0.178428	0.388794	0.04221570566296577	2.6337448559670777e-05	0.178428053855896
246960	-3.018106	-1.887617	-0.944084	0.048894	0.178497	0.389036	0.042189528606832026	3.9506172839506166e-05	0.17849455773830414
247080	-3.017937	-1.886820	-0.943131	0.048902	0.178666	0.389407	0.04211067259311676	2.6337448559670777e-05	0.1786656379699707
247200	-3.017347	-1.886381	-0.941764	0.048931	0.178753	0.389939	0.042070972919464114	1.7558299039780518e-05	0.17875291407108307
247320	-3.017967	-1.886158	-0.941462	0.048901	0.178823	0.390057	0.04205322433263063	3.9506172839506166e-05	0.17882134020328522
247440	-3.017916	-1.885914	-0.941140	0.048903	0.178859	0.390183	0.04202704094350338	2.6337448559670777e-05	0.17885981500148773
247560	-3.017565	-1.885645	-0.938854	0.048920	0.178931	0.391076	0.04200334157794714	2.6337448559670777e-05	0.17893102765083313
247680	-3.017155	-1.885728	-0.939357	0.048940	0.178908	0.390879	0.04201355539262295	1.1705532693187011e-05	0.17890776693820953
247800	-3.016932	-1.885320	-0.938831	0.048951	0.179004	0.391085	0.04197558984160423	2.6337448559670777e-05	0.17900389432907104
247920	-3.016800	-1.884257	-0.937614	0.048958	0.179203	0.391561	0.041886217333376406	1.7558299039780518e-05	0.17920096218585968
248040	-3.016734	-1.884005	-0.937816	0.048961	0.179248	0.391482	0.041863664798438546	3.9506172839506166e-05	0.17924584448337555
248160	-3.017211	-1.883685	-0.937475	0.048938	0.179307	0.391616	0.041830332949757576	3.9506172839506166e-05	0.17930705845355988
248280	-3.017838	-1.883724	-0.938370	0.048907	0.179302	0.391265	0.04182665813714266	2.6337448559670777e-05	0.17930208146572113
248400	-3.018004	-1.883833	-0.938253	0.048899	0.179304	0.391311	0.04183620847761631	3.9506172839506166e-05	0.17930488288402557
248520	-3.018291	-1.884312	-0.937128	0.048885	0.179258	0.391751	0.041877060756087305	2.6337448559670777e-05	0.17925922572612762
248640	-3.019496	-1.884707	-0.936583	0.048826	0.179221	0.391965	0.041912988387048246	3.9506172839506166e-05	0.17922130227088928
248760	-3.020580	-1.885168	-0.936575	0.048773	0.179166	0.391968	0.041955983452498916	3.9506172839506166e-05	0.1791670173406601
248880	-3.021103	-1.885307	-0.936465	0.048747	0.179162	0.392011	0.04197208192199468	2.6337448559670777e-05	0.17916162312030792
249000	-3.022249	-1.885558	-0.936158	0.048692	0.179152	0.392131	0.04199522677809	1.7558299039780518e-05	0.17915165424346924
249120	-3.022600	-1.885503	-0.936583	0.048675	0.179175	0.391965	0.04199284464120865	2.6337448559670777e-05	0.17917488515377045
249240	-3.022327	-1.885186	-0.936013	0.048688	0.179255	0.392188	0.041963509283959866	2.6337448559670777e-05	0.17925499379634857
249360	-3.021957	-1.885086	-0.935421	0.048706	0.179295	0.392421	0.0419563639909029	1.1705532693187011e-05	0.17929427325725555
249480	-3.021969	-1.884779	-0.934987	0.048705	0.179356	0.392591	0.04192943312227726	2.6337448559670777e-05	0.1793559044599533
249600	-3.022321	-1.884527	-0.934186	0.048688	0.179436	0.392906	0.04190602079033852	2.6337448559670777e-05	0.1794360876083374
249720	-3.022532	-1.884615	-0.935655	0.048678	0.179423	0.392329	0.04191105775535107	2.6337448559670777e-05	0.17942245304584503
249840	-3.022585	-1.884098	-0.935043	0.048675	0.179522	0.392569	0.041864698939025405	2.6337448559670777e-05	0.17952218651771545
249960	-3.022336	-1.883573	-0.934590	0.048687	0.179625	0.392747	0.04181940946727991	2.6337448559670777e-05	0.17962445318698883
250080	-3.023347	-1.883570	-0.934014	0.048638	0.179649	0.392973	0.04181370083242655	2.6337448559670777e-05	0.17964932322502136
250200	-3.024445	-1.883686	-0.932777	0.048585	0.179669	0.393460	0.041829091310501096	3.9506172839506166e-05	0.1796686202287674
250320	-3.024197	-1.883564	-0.932398	0.048597	0.179733	0.393609	0.04181945230811834	2.6337448559670777e-05	0.17973266541957855
250440	-3.023926	-1.883537	-0.933039	0.048610	0.179733	0.393356	0.04181323349475861	2.6337448559670777e-05	0.17973361909389496
250560	-3.025018	-1.884126	-0.932940	0.048557	0.179651	0.393396	0.04186863992363214	1.7558299039780518e-05	0.1796499788761139
250680	-3.026228	-1.884161	-0.932818	0.048498	0.179672	0.393444	0.041862744465470315	3.9506172839506166e-05	0.17967335879802704
250800	-3.026869	-1.884511	-0.933585	0.048467	0.179622	0.393142	0.041900152899324895	2.6337448559670777e-05	0.17962267994880676
250920	-3.027942	-1.884856	-0.934043	0.048415	0.179568	0.392962	0.041932394914329055	1.7558299039780518e-05	0.1795683205127716
251040	-3.028535	-1.885013	-0.934224	0.048386	0.179550	0.392891	0.04194701723754406	2.6337448559670777e-05	0.17954972386360168
251160	-3.029488	-1.884951	-0.933373	0.048340	0.179594	0.393225	0.04194507710635662	2.6337448559670777e-05	0.1795930713415146
251280	-3.028988	-1.884353	-0.932680	0.048365	0.179708	0.393498	0.04189058169722557	1.1705532693187011e-05	0.17970724403858185
251400	-3.029895	-1.884210	-0.931979	0.048321	0.179766	0.393774	0.04187587667256594	3.9506172839506166e-05	0.17976585030555725
251520	-3.030210	-1.883707	-0.931323	0.048305	0.179881	0.394032	0.04183979630470276	1.1705532693187011e-05	0.17987941205501556
251640	-3.030289	-1.883640	-0.931318	0.048302	0.179908	0.394034	0.04182372000068426	2.6337448559670777e-05	0.17990808188915253
251760	-3.031668	-1.883952	-0.930538	0.048235	0.179908	0.394342	0.04185268059372902	1.7558299039780518e-05	0.17990705370903015
251880	-3.031677	-1.883462	-0.930367	0.048235	0.180019	0.394409	0.04182279147207737	2.6337448559670777e-05	0.18001601099967957
252000	-3.030101	-1.882353	-0.929212	0.048311	0.180235	0.394865	0.041714181378483775	2.6337448559670777e-05	0.18023331463336945
252120	-3.030346	-1.882250	-0.929423	0.048299	0.180263	0.394782	0.04169850293546915	2.6337448559670777e-05	0.1802629977464676
252240	-3.030305	-1.882208	-0.929693	0.048301	0.180287	0.394675	0.04169539641588926	1.7558299039780518e-05	0.18028639256954193
252360	-3.030973	-1.882197	-0.929510	0.048269	0.180315	0.394747	0.04170058444142342	1.7558299039780518e-05	0.18031299114227295
252480	-3.030860	-1.881892	-0.928692	0.048274	0.180391	0.395070	0.04166023060679436	3.9506172839506166e-05	0.18039174377918243
252600	-3.032434	-1.882240	-0.928722	0.048198	0.180338	0.395058	0.0416965052485466	1.7558299039780518e-05	0.1803380846977234
252720	-3.032392	-1.882375	-0.928667	0.048200	0.180341	0.395080	0.041712194494903085	1.7558299039780518e-05	0.18034009635448456
252840	-3.031690	-1.881791	-0.927386	0.048234	0.180463	0.395586	0.041658224910497664	2.6337448559670777e-05	0.18046274781227112
252960	-3.031244	-1.881156	-0.927040	0.048256	0.180579	0.395724	0.04160809069871903	2.6337448559670777e-05	0.18057791888713837
253080	-3.030776	-1.880900	-0.926410	0.048278	0.180627	0.395973	0.04157706759870052	1.7558299039780518e-05	0.18062753975391388
253200	-3.030193	-1.880521	-0.926075	0.048306	0.180684	0.396105	0.041545484028756616	1.7558299039780518e-05	0.18068340420722961
253320	-3.029416	-1.879942	-0.925090	0.048344	0.180798	0.396496	0.04149497002363205	1.7558299039780518e-05	0.18079698085784912
253440	-3.028799	-1.879599	-0.925051	0.048374	0.180858	0.396511	0.04146249238401652	2.6337448559670777e-05	0.18085740506649017
253560	-3.028807	-1.879135	-0.924519	0.048373	0.180948	0.396722	0.0414206525310874	2.6337448559670777e-05	0.18094730377197266
253680	-3.028976	-1.878688	-0.923377	0.048365	0.181050	0.397175	0.04138034600764513	1.7558299039780518e-05	0.1810491383075714
253800	-3.029146	-1.878198	-0.922433	0.048357	0.181158	0.397550	0.041336020641028884	2.6337448559670777e-05	0.1811574548482895
253920	-3.028113	-1.877666	-0.922270	0.048407	0.181252	0.397616	0.04129178579896688	2.6337448559670777e-05	0.18125072121620178
254040	-3.027911	-1.877155	-0.922235	0.048417	0.181342	0.397629	0.04124313164502382	2.6337448559670777e-05	0.18134139478206635
254160	-3.027040	-1.876507	-0.921557	0.048459	0.181453	0.397899	0.041188365779817104	1.7558299039780518e-05	0.18145141005516052
254280	-3.026130	-1.875977	-0.921085	0.048503	0.181550	0.398087	0.04113834761083126	2.6337448559670777e-05	0.18154922127723694
254400	-3.025019	-1.875595	-0.920394	0.048557	0.181619	0.398362	0.04109986796975136	1.1705532693187011e-05	0.1816195547580719
254520	-3.024743	-1.874876	-0.919562	0.048570	0.181761	0.398694	0.0410390567034483	1.1705532693187011e-05	0.18176022171974182
254640	-3.024339	-1.874680	-0.919342	0.048590	0.181801	0.398782	0.04101929552853108	1.7558299039780518e-05	0.18180042505264282
254760	-3.023110	-1.874107	-0.919237	0.048650	0.181884	0.398823	0.040968142449855804	2.6337448559670777e-05	0.18188360333442688
254880	-3.023017	-1.873865	-0.918931	0.048654	0.181929	0.398945	0.04094455912709236	1.1705532693187011e-05	0.18192917108535767
255000	-3.023123	-1.873513	-0.918352	0.048649	0.182000	0.399176	0.040916858799755575	7.803688462124674e-06	0.18199920654296875
255120	-3.022682	-1.873234	-0.917636	0.048671	0.182058	0.399462	0.04089177809655666	1.1705532693187011e-05	0.18205711245536804
255240	-3.022325	-1.873018	-0.916924	0.048688	0.182105	0.399747	0.04086844716221094	1.7558299039780518e-05	0.18210439383983612
255360	-3.022692	-1.872938	-0.916415	0.048670	0.182144	0.399950	0.04086179006844759	2.6337448559670777e-05	0.1821432113647461
255480	-3.023483	-1.872825	-0.915784	0.048632	0.182188	0.400203	0.04085016120225191	1.7558299039780518e-05	0.18218764662742615
255600	-3.023502	-1.872656	-0.915744	0.048631	0.182222	0.400219	0.04083956982940436	2.6337448559670777e-05	0.18222123384475708
255720	-3.024052	-1.872447	-0.914682	0.048604	0.182270	0.400644	0.04081978052854538	2.6337448559670777e-05	0.18226921558380127
255840	-3.024304	-1.872281	-0.914294	0.048592	0.182305	0.400800	0.04080247581005096	2.6337448559670777e-05	0.18230468034744263
255960	-3.024415	-1.872358	-0.912381	0.048586	0.182302	0.401567	0.040807259269058704	2.6337448559670777e-05	0.18230189383029938
256080	-3.023751	-1.872177	-0.911566	0.048619	0.182346	0.401894	0.04079113155603409	3.9506172839506166e-05	0.18234612047672272
256200	-3.025157	-1.872278	-0.910934	0.048550	0.182376	0.402148	0.040798611380159854	2.6337448559670777e-05	0.18237629532814026
256320	-3.025081	-1.872324	-0.910159	0.048554	0.182391	0.402460	0.04080040454864502	3.9506172839506166e-05	0.1823917180299759
256440	-3.025896	-1.872316	-0.909290	0.048514	0.182426	0.402810	0.04080379586666823	2.6337448559670777e-05	0.182425856590271
256560	-3.026869	-1.872481	-0.909150	0.048467	0.182416	0.402866	0.04081244673579931	3.9506172839506166e-05	0.18241606652736664
256680	-3.027300	-1.872635	-0.908907	0.048446	0.182398	0.402964	0.040830953232944014	3.9506172839506166e-05	0.182398721575737
256800	-3.028528	-1.872671	-0.908109	0.048387	0.182423	0.403286	0.04083873964846134	1.7558299039780518e-05	0.18242238461971283
256920	-3.028531	-1.872380	-0.907345	0.048387	0.182481	0.403594	0.040811290591955186	1.7558299039780518e-05	0.18248064815998077
257040	-3.028386	-1.872364	-0.906758	0.048394	0.182502	0.403831	0.04080688320100308	1.7558299039780518e-05	0.18250276148319244
257160	-3.027793	-1.872123	-0.905835	0.048422	0.182557	0.404204	0.04078891538083553	7.803688462124674e-06	0.18255707621574402
257280	-3.027184	-1.871880	-0.905516	0.048452	0.182608	0.404333	0.04076641984283924	1.7558299039780518e-05	0.18260756134986877
257400	-3.026888	-1.871513	-0.904428	0.048466	0.182691	0.404774	0.040732956118881704	1.7558299039780518e-05	0.18269141018390656
257520	-3.027142	-1.871340	-0.905191	0.048454	0.182713	0.404465	0.04071799404919148	1.7558299039780518e-05	0.18271321058273315
257640	-3.028367	-1.871365	-0.905834	0.048395	0.182713	0.404205	0.040719700418412684	2.6337448559670777e-05	0.18271270394325256
257760	-3.028274	-1.871235	-0.905118	0.048399	0.182752	0.404494	0.04070775285363197	2.6337448559670777e-05	0.18275271356105804
257880	-3.027972	-1.871359	-0.905068	0.048414	0.182722	0.404514	0.04071458708494902	3.9506172839506166e-05	0.18272234499454498
258000	-3.028464	-1.871217	-0.904625	0.048390	0.182761	0.404694	0.04070604164153337	2.6337448559670777e-05	0.18276023864746094
258120	-3.029347	-1.871272	-0.904534	0.048347	0.182774	0.404731	0.040718904696404934	1.7558299039780518e-05	0.18277186155319214
258240	-3.029667	-1.871074	-0.903809	0.048332	0.182848	0.405024	0.040691370889544484	3.9506172839506166e-05	0.1828475296497345
258360	-3.029579	-1.870883	-0.903498	0.048336	0.182882	0.405150	0.04067595694214106	1.7558299039780518e-05	0.18288132548332214
258480	-3.030531	-1.870644	-0.902797	0.048290	0.182951	0.405434	0.04065494034439325	2.6337448559670777e-05	0.1829500049352646
258600	-3.031064	-1.870304	-0.902663	0.048264	0.183024	0.405488	0.040626422874629496	1.7558299039780518e-05	0.18302294611930847
258720	-3.032100	-1.870289	-0.902313	0.048214	0.183038	0.405630	0.04062369428575039	2.6337448559670777e-05	0.18303774297237396
258840	-3.031534	-1.869914	-0.901245	0.048242	0.183095	0.406064	0.04059071782976389	1.1705532693187011e-05	0.18309499323368073
258960	-3.031342	-1.869791	-0.901254	0.048251	0.183127	0.406060	0.04057596419006586	1.7558299039780518e-05	0.18312659859657288
259080	-3.031715	-1.869564	-0.901267	0.048233	0.183156	0.406055	0.04055673331022262	1.1705532693187011e-05	0.18315546214580536
259200	-3.031975	-1.869294	-0.900989	0.048220	0.183207	0.406168	0.04053666144609451	2.6337448559670777e-05	0.18320563435554504
259320	-3.031557	-1.868814	-0.900632	0.048240	0.183280	0.406313	0.04049450866878033	1.7558299039780518e-05	0.18327905237674713
259440	-3.031784	-1.868203	-0.900017	0.048230	0.183405	0.406563	0.040437528677284715	2.6337448559670777e-05	0.1834045648574829
259560	-3.030751	-1.867669	-0.899624	0.048279	0.183513	0.406722	0.040391130931675436	1.7558299039780518e-05	0.18351195752620697
259680	-3.030169	-1.867483	-0.898999	0.048307	0.183548	0.406977	0.04037031400948763	1.7558299039780518e-05	0.18354783952236176
259800	-3.029674	-1.867117	-0.898795	0.048331	0.183624	0.407060	0.04034362379461527	3.9506172839506166e-05	0.1836218684911728
259920	-3.029396	-1.866610	-0.899296	0.048345	0.183717	0.406856	0.040294972434639934	1.7558299039780518e-05	0.18371626734733582
260040	-3.028549	-1.866041	-0.899110	0.048386	0.183810	0.406932	0.040241869539022444	1.7558299039780518e-05	0.18380974233150482
260160	-3.029203	-1.865977	-0.899425	0.048354	0.183835	0.406803	0.0402370048686862	2.6337448559670777e-05	0.18383388221263885
260280	-3.029159	-1.865490	-0.898727	0.048356	0.183953	0.407088	0.04018757715821266	1.7558299039780518e-05	0.18395379185676575
260400	-3.028963	-1.865197	-0.898363	0.048366	0.184002	0.407236	0.04016559384763241	1.7558299039780518e-05	0.1840018928050995
260520	-3.029841	-1.865098	-0.898698	0.048323	0.184015	0.407099	0.04015327487140894	2.6337448559670777e-05	0.18401563167572021
260640	-3.029802	-1.864939	-0.898337	0.048325	0.184048	0.407247	0.040144198946654795	3.9506172839506166e-05	0.1840478628873825
260760	-3.030227	-1.864725	-0.897076	0.048305	0.184108	0.407760	0.04011880215257406	2.6337448559670777e-05	0.18410880863666534
260880	-3.030545	-1.864552	-0.897182	0.048289	0.184130	0.407717	0.04010785277932882	1.1705532693187011e-05	0.18412993848323822
261000	-3.030334	-1.864317	-0.896111	0.048300	0.184186	0.408154	0.040087195858359334	1.1705532693187011e-05	0.1841856837272644
261120	-3.031091	-1.864267	-0.895248	0.048263	0.184201	0.408506	0.04008278418332338	2.6337448559670777e-05	0.184199720621109
261240	-3.030442	-1.863765	-0.894907	0.048294	0.184284	0.408646	0.040036387369036676	1.1705532693187011e-05	0.18428385257720947
261360	-3.030554	-1.863634	-0.894409	0.048289	0.184326	0.408849	0.040026012994349006	1.7558299039780518e-05	0.1843254715204239
261480	-3.031105	-1.863529	-0.895154	0.048262	0.184329	0.408545	0.04001743160188198	1.7558299039780518e-05	0.18432845175266266
261600	-3.031854	-1.863129	-0.894582	0.048226	0.184410	0.408778	0.03998071551322937	1.7558299039780518e-05	0.18440885841846466
261720	-3.031043	-1.862852	-0.893993	0.048265	0.184455	0.409019	0.03995913453400135	1.7558299039780518e-05	0.18445351719856262
261840	-3.031138	-1.862246	-0.893036	0.048261	0.184596	0.409411	0.03990407902747393	2.6337448559670777e-05	0.18459577858448029
261960	-3.032216	-1.862163	-0.893005	0.048209	0.184635	0.409424	0.03988965842872858	3.9506172839506166e-05	0.18463489413261414
262080	-3.032225	-1.862271	-0.892860	0.048208	0.184625	0.409483	0.03989640809595585	2.6337448559670777e-05	0.18462592363357544
262200	-3.032238	-1.862195	-0.892839	0.048208	0.184648	0.409492	0.03989421762526035	3.9506172839506166e-05	0.18464890122413635
262320	-3.032791	-1.862263	-0.893107	0.048181	0.184623	0.409382	0.0399002930149436	2.6337448559670777e-05	0.18462243676185608
262440	-3.033865	-1.862087	-0.891481	0.048129	0.184684	0.410048	0.03988422602415085	3.9506172839506166e-05	0.18468359112739563
262560	-3.034167	-1.861914	-0.890894	0.048115	0.184738	0.410289	0.039869506284594534	1.7558299039780518e-05	0.184737890958786
262680	-3.034484	-1.862053	-0.890283	0.048099	0.184727	0.410540	0.03987933974713087	1.7558299039780518e-05	0.18472670018672943
262800	-3.034229	-1.861875	-0.890257	0.048112	0.184755	0.410550	0.039867482520639895	1.7558299039780518e-05	0.18475523591041565
262920	-3.034662	-1.861673	-0.890253	0.048091	0.184803	0.410552	0.039845775440335275	1.7558299039780518e-05	0.18480339646339417
263040	-3.034469	-1.861537	-0.890534	0.048100	0.184815	0.410437	0.03983457684516907	1.7558299039780518e-05	0.18481498956680298
263160	-3.034504	-1.861383	-0.890398	0.048099	0.184843	0.410492	0.03982158582657576	1.7558299039780518e-05	0.18484260141849518
263280	-3.034330	-1.861033	-0.890851	0.048107	0.184901	0.410306	0.0397918501868844	2.6337448559670777e-05	0.18490003049373627
263400	-3.034077	-1.860654	-0.890494	0.048119	0.184950	0.410453	0.039754390716552734	2.6337448559670777e-05	0.18495017290115356
263520	-3.034464	-1.860307	-0.890318	0.048100	0.185025	0.410525	0.03972846604883671	1.7558299039780518e-05	0.1850244551897049
263640	-3.034485	-1.860190	-0.889609	0.048099	0.185053	0.410816	0.03971148151904345	3.9506172839506166e-05	0.1850539743900299
263760	-3.034124	-1.860319	-0.889046	0.048117	0.185018	0.411048	0.03972283899784088	1.7558299039780518e-05	0.1850183606147766
263880	-3.034920	-1.860593	-0.889740	0.048078	0.184965	0.410762	0.03974496461451053	3.9506172839506166e-05	0.18496599793434143
264000	-3.035501	-1.860941	-0.890453	0.048051	0.184902	0.410470	0.03978097420185804	2.6337448559670777e-05	0.18490222096443176
264120	-3.035824	-1.861061	-0.889856	0.048035	0.184893	0.410715	0.03978969845920801	3.9506172839506166e-05	0.18489322066307068
264240	-3.036282	-1.860842	-0.889478	0.048013	0.184953	0.410870	0.03977791760116815	2.6337448559670777e-05	0.18495197594165802
264360	-3.036623	-1.860171	-0.889492	0.047997	0.185080	0.410864	0.039717104844748975	3.9506172839506166e-05	0.18507854640483856
264480	-3.036440	-1.859737	-0.889122	0.048005	0.185166	0.411016	0.039676859974861145	1.7558299039780518e-05	0.18516431748867035
264600	-3.036199	-1.859566	-0.888894	0.048017	0.185190	0.411110	0.039663097634911534	1.1705532693187011e-05	0.1851879209280014
264720	-3.036585	-1.859214	-0.888925	0.047999	0.185257	0.411097	0.039625371992588046	2.6337448559670777e-05	0.18525713682174683
264840	-3.036733	-1.859027	-0.888667	0.047991	0.185291	0.411203	0.03960769288241863	2.6337448559670777e-05	0.18529079854488373
264960	-3.037034	-1.858904	-0.888113	0.047977	0.185340	0.411432	0.03959342893213034	3.9506172839506166e-05	0.18534010648727417
265080	-3.036582	-1.858727	-0.888760	0.047999	0.185369	0.411165	0.039581024274230006	1.7558299039780518e-05	0.1853688806295395
265200	-3.036579	-1.858591	-0.888796	0.047999	0.185392	0.411150	0.03957034666091204	1.7558299039780518e-05	0.1853911429643631
265320	-3.036082	-1.858327	-0.887337	0.048023	0.185450	0.411751	0.03954629972577095	2.6337448559670777e-05	0.18545028567314148
265440	-3.035856	-1.858103	-0.887707	0.048034	0.185488	0.411599	0.03952512536197901	1.7558299039780518e-05	0.1854877769947052
265560	-3.035681	-1.858101	-0.888484	0.048042	0.185474	0.411279	0.03952285498380661	2.6337448559670777e-05	0.18547463417053223
265680	-3.036123	-1.857951	-0.888703	0.048021	0.185504	0.411189	0.039512835629284385	3.9506172839506166e-05	0.18550336360931396
265800	-3.036514	-1.857628	-0.888630	0.048002	0.185559	0.411219	0.03948453068733215	1.7558299039780518e-05	0.18555885553359985
265920	-3.035875	-1.857369	-0.887648	0.048033	0.185603	0.411623	0.0394588066264987	2.6337448559670777e-05	0.1856030374765396
266040	-3.035697	-1.857259	-0.887101	0.048041	0.185615	0.411848	0.039450434409081934	3.9506172839506166e-05	0.1856149286031723
266160	-3.036976	-1.857163	-0.887220	0.047980	0.185635	0.411799	0.039442873746156695	2.6337448559670777e-05	0.18563377857208252
266280	-3.037381	-1.857016	-0.887430	0.047960	0.185665	0.411713	0.0394264092668891	2.6337448559670777e-05	0.18566547334194183
266400	-3.038511	-1.857206	-0.887981	0.047906	0.185636	0.411486	0.039439732953906056	3.9506172839506166e-05	0.1856360137462616
266520	-3.038421	-1.857265	-0.888693	0.047910	0.185624	0.411193	0.039446750096976756	3.9506172839506166e-05	0.18562465906143188
266640	-3.038578	-1.857602	-0.889051	0.047903	0.185571	0.411046	0.03947857450693846	2.6337448559670777e-05	0.18557108938694
266760	-3.039016	-1.858007	-0.889471	0.047882	0.185511	0.410873	0.0395167114213109	2.6337448559670777e-05	0.185510516166687
266880	-3.039496	-1.857782	-0.889985	0.047859	0.185541	0.410662	0.03949719313532114	1.7558299039780518e-05	0.18554088473320007
267000	-3.038812	-1.857837	-0.890139	0.047892	0.185512	0.410599	0.03950098846107721	1.7558299039780518e-05	0.185511976480484
267120	-3.039175	-1.857779	-0.890696	0.047874	0.185512	0.410370	0.03949887659400701	2.6337448559670777e-05	0.18551045656204224
267240	-3.038350	-1.857395	-0.890001	0.047914	0.185583	0.410655	0.0394626323133707	1.1705532693187011e-05	0.1855824589729309
267360	-3.038258	-1.857306	-0.889557	0.047918	0.185615	0.410838	0.03945231419056654	2.6337448559670777e-05	0.18561574816703796
267480	-3.038424	-1.856965	-0.889234	0.047910	0.185690	0.410970	0.03942854180932045	1.7558299039780518e-05	0.1856888085603714
267600	-3.038404	-1.856563	-0.888115	0.047911	0.185794	0.411430	0.03938931487500667	1.7558299039780518e-05	0.18579335510730743
267720	-3.038845	-1.856018	-0.886931	0.047890	0.185930	0.411918	0.039340806752443315	2.6337448559670777e-05	0.1859288364648819
267840	-3.038858	-1.855824	-0.885837	0.047890	0.185977	0.412369	0.039319401048123835	2.6337448559670777e-05	0.18597742915153503
267960	-3.039480	-1.856027	-0.885621	0.047860	0.185971	0.412458	0.03933670483529568	2.6337448559670777e-05	0.18597140908241272
268080	-3.040438	-1.856336	-0.884821	0.047814	0.185940	0.412788	0.039367706328630445	2.6337448559670777e-05	0.18593978881835938
268200	-3.041096	-1.856605	-0.884340	0.047783	0.185892	0.412987	0.039384784176945686	3.9506172839506166e-05	0.18589305877685547
268320	-3.042385	-1.856686	-0.885064	0.047721	0.185873	0.412688	0.03939578402787447	1.7558299039780518e-05	0.18587292730808258
268440	-3.043795	-1.856599	-0.883603	0.047654	0.185907	0.413291	0.039387882128357886	3.9506172839506166e-05	0.18590860068798065
268560	-3.043662	-1.856326	-0.884023	0.047660	0.185959	0.413118	0.039365469478070736	3.9506172839506166e-05	0.18595951795578003
268680	-3.045653	-1.856513	-0.883075	0.047565	0.185950	0.413509	0.039379608258605	1.7558299039780518e-05	0.1859501451253891
268800	-3.046929	-1.856277	-0.882893	0.047505	0.186008	0.413585	0.03936389181762934	2.6337448559670777e-05	0.18600793182849884
268920	-3.046899	-1.855805	-0.882325	0.047506	0.186127	0.413820	0.039325125701725486	3.9506172839506166e-05	0.18612469732761383
269040	-3.048031	-1.855630	-0.882366	0.047452	0.186163	0.413803	0.03930388372391462	2.6337448559670777e-05	0.18616309762001038
269160	-3.048125	-1.855277	-0.882645	0.047448	0.186225	0.413687	0.03927307855337858	1.7558299039780518e-05	0.1862243264913559
269280	-3.047682	-1.854947	-0.882738	0.047469	0.186279	0.413649	0.03924438375979662	2.6337448559670777e-05	0.18627798557281494
269400	-3.046744	-1.854475	-0.881476	0.047513	0.186363	0.414171	0.039203131943941115	1.1705532693187011e-05	0.18636228144168854
269520	-3.046450	-1.854102	-0.881257	0.047527	0.186437	0.414262	0.03917517326772213	1.1705532693187011e-05	0.1864357590675354
269640	-3.045965	-1.853779	-0.880693	0.047550	0.186504	0.414495	0.03913597334176302	1.7558299039780518e-05	0.1865040361881256
269760	-3.045389	-1.853422	-0.880832	0.047578	0.186558	0.414438	0.03910634219646454	1.7558299039780518e-05	0.186557799577713
269880	-3.044557	-1.853141	-0.880473	0.047617	0.186604	0.414587	0.03908079955726862	3.9506172839506166e-05	0.18660372495651245
270000	-3.044820	-1.853098	-0.880583	0.047605	0.186597	0.414541	0.03907851483672857	3.9506172839506166e-05	0.18659648299217224
270120	-3.044581	-1.852816	-0.880214	0.047616	0.186652	0.414694	0.03904598765075207	2.6337448559670777e-05	0.18665297329425812
270240	-3.045112	-1.852619	-0.880050	0.047591	0.186696	0.414762	0.039038177207112314	3.9506172839506166e-05	0.1866936832666397
270360	-3.045086	-1.852295	-0.879003	0.047592	0.186769	0.415197	0.03900058139115572	2.6337448559670777e-05	0.18676984310150146
270480	-3.044826	-1.852180	-0.879038	0.047605	0.186787	0.415182	0.038995609432458875	1.7558299039780518e-05	0.18678604066371918
270600	-3.044810	-1.851819	-0.878509	0.047605	0.186870	0.415402	0.03895991686731577	2.6337448559670777e-05	0.18686874210834503
270720	-3.045177	-1.851659	-0.878247	0.047588	0.186907	0.415511	0.03894121199846268	3.9506172839506166e-05	0.18690800666809082
270840	-3.044946	-1.851556	-0.878076	0.047599	0.186928	0.415582	0.03893728330731392	2.6337448559670777e-05	0.18692763149738312
270960	-3.044444	-1.851187	-0.878515	0.047623	0.186994	0.415399	0.03890402615070343	2.6337448559670777e-05	0.18699422478675842
271080	-3.044406	-1.850885	-0.878217	0.047625	0.187042	0.415523	0.03887866511940956	1.1705532693187011e-05	0.18704110383987427
271200	-3.044666	-1.850811	-0.878436	0.047612	0.187044	0.415432	0.038867383264005184	1.1705532693187011e-05	0.18704469501972198
271320	-3.044085	-1.850693	-0.878741	0.047640	0.187051	0.415305	0.03885937724262476	2.6337448559670777e-05	0.18705107271671295
271440	-3.044404	-1.850372	-0.878355	0.047625	0.187132	0.415466	0.03883577436208725	1.7558299039780518e-05	0.1871310919523239
271560	-3.044344	-1.850137	-0.877307	0.047628	0.187194	0.415902	0.038807412981987	3.9506172839506166e-05	0.18719370663166046
271680	-3.043655	-1.849945	-0.875984	0.047660	0.187254	0.416452	0.03879448026418686	1.7558299039780518e-05	0.1872532069683075
271800	-3.043739	-1.849789	-0.875385	0.047656	0.187298	0.416702	0.03878102041780949	3.9506172839506166e-05	0.18729740381240845
271920	-3.043659	-1.849736	-0.874761	0.047660	0.187335	0.416962	0.03877360187470913	2.6337448559670777e-05	0.1873343586921692
272040	-3.043969	-1.849598	-0.873421	0.047645	0.187381	0.417521	0.03876076098531485	3.9506172839506166e-05	0.18737994134426117
272160	-3.043936	-1.849660	-0.872930	0.047647	0.187386	0.417726	0.03876159582287073	3.9506172839506166e-05	0.18738628923892975
272280	-3.044433	-1.849347	-0.872147	0.047623	0.187457	0.418053	0.03874102011322975	2.6337448559670777e-05	0.18745623528957367
272400	-3.044346	-1.849003	-0.872457	0.047627	0.187525	0.417923	0.03871125243604183	1.1705532693187011e-05	0.18752421438694
272520	-3.045127	-1.848871	-0.872546	0.047590	0.187559	0.417886	0.03869650512933731	2.6337448559670777e-05	0.18755872547626495
272640	-3.045010	-1.848596	-0.871672	0.047596	0.187637	0.418252	0.03867322243750095	2.6337448559670777e-05	0.18763621151447296
272760	-3.045247	-1.848350	-0.871552	0.047585	0.187684	0.418302	0.038656529225409034	2.6337448559670777e-05	0.1876813769340515
272880	-3.045497	-1.848088	-0.871140	0.047573	0.187752	0.418474	0.038626407831907274	1.7558299039780518e-05	0.18775078654289246
273000	-3.045946	-1.847705	-0.870587	0.047551	0.187826	0.418706	0.03859156202524901	2.6337448559670777e-05	0.18782544136047363
273120	-3.044745	-1.847293	-0.869646	0.047608	0.187921	0.419100	0.038556405901908876	1.7558299039780518e-05	0.1879204362630844
273240	-3.044895	-1.846984	-0.869056	0.047601	0.187978	0.419347	0.0385279793292284	1.7558299039780518e-05	0.187977135181427
273360	-3.044206	-1.846449	-0.868309	0.047634	0.188090	0.419660	0.03848161678761244	1.7558299039780518e-05	0.18808849155902863
273480	-3.043653	-1.846139	-0.867982	0.047660	0.188154	0.419798	0.03845188934355974	2.6337448559670777e-05	0.1881527155637741
273600	-3.044721	-1.846200	-0.868020	0.047610	0.188171	0.419782	0.03845245316624642	2.6337448559670777e-05	0.18817098438739777
273720	-3.045105	-1.845995	-0.866903	0.047591	0.188219	0.420251	0.03843451961874962	2.6337448559670777e-05	0.18821904063224792
273840	-3.044404	-1.845733	-0.867085	0.047625	0.188242	0.420174	0.03841446898877621	1.7558299039780518e-05	0.18824154138565063
273960	-3.044945	-1.845917	-0.866899	0.047599	0.188207	0.420253	0.038426988571882245	3.9506172839506166e-05	0.18820706009864807
274080	-3.044666	-1.845766	-0.866092	0.047612	0.188258	0.420592	0.03841736726462841	3.9506172839506166e-05	0.1882575899362564
274200	-3.043803	-1.845615	-0.865648	0.047653	0.188294	0.420779	0.03840692769736052	2.6337448559670777e-05	0.18829308450222015
274320	-3.042918	-1.845206	-0.865026	0.047696	0.188383	0.421041	0.03836960699409246	1.1705532693187011e-05	0.18838198482990265
274440	-3.042385	-1.845026	-0.864168	0.047721	0.188427	0.421402	0.03835271429270506	3.9506172839506166e-05	0.18842601776123047
274560	-3.043352	-1.845274	-0.864127	0.047675	0.188406	0.421420	0.038363955169916156	3.9506172839506166e-05	0.18840791285037994
274680	-3.043920	-1.845366	-0.863870	0.047648	0.188389	0.421527	0.03837695959955454	3.9506172839506166e-05	0.1883893758058548
274800	-3.044807	-1.845445	-0.864516	0.047606	0.188392	0.421255	0.03838669899851084	1.7558299039780518e-05	0.1883910447359085
274920	-3.044480	-1.844982	-0.862700	0.047621	0.188507	0.422021	0.03834721278399229	2.6337448559670777e-05	0.18850600719451904
275040	-3.044795	-1.844884	-0.862638	0.047606	0.188535	0.422047	0.03833761140704155	2.6337448559670777e-05	0.1885344535112381
275160	-3.043470	-1.844405	-0.862559	0.047669	0.188625	0.422081	0.03829496335238218	1.7558299039780518e-05	0.18862436711788177
275280	-3.042672	-1.843904	-0.861765	0.047707	0.188725	0.422416	0.0382475484162569	2.6337448559670777e-05	0.18872489035129547
275400	-3.041878	-1.843749	-0.861402	0.047745	0.188749	0.422569	0.03823463227599859	1.7558299039780518e-05	0.18874889612197876
275520	-3.041752	-1.843394	-0.861365	0.047751	0.188823	0.422585	0.03820106163620949	1.7558299039780518e-05	0.18882250785827637
275640	-3.040676	-1.843034	-0.860352	0.047803	0.188898	0.423013	0.03817308936268091	3.9506172839506166e-05	0.1888972371816635
275760	-3.040590	-1.842784	-0.859318	0.047807	0.188960	0.423451	0.038146663643419745	1.7558299039780518e-05	0.18896017968654633
275880	-3.040987	-1.842821	-0.859104	0.047788	0.188976	0.423541	0.03815105389803648	3.9506172839506166e-05	0.18897561728954315
276000	-3.040958	-1.842657	-0.857613	0.047789	0.189020	0.424174	0.038138212822377685	3.9506172839506166e-05	0.18901871144771576
276120	-3.040815	-1.842755	-0.857476	0.047796	0.189009	0.424232	0.038135717436671254	3.9506172839506166e-05	0.18901105225086212
276240	-3.041391	-1.843281	-0.857197	0.047768	0.188922	0.424350	0.03819051999598742	3.9506172839506166e-05	0.18892163038253784
276360	-3.041096	-1.843314	-0.856741	0.047783	0.188925	0.424543	0.038194588758051394	2.6337448559670777e-05	0.18892475962638855
276480	-3.040610	-1.842978	-0.857310	0.047806	0.188985	0.424302	0.038169306516647336	1.1705532693187011e-05	0.1889840066432953
276600	-3.040472	-1.842936	-0.857715	0.047812	0.189001	0.424130	0.03815800193697214	3.9506172839506166e-05	0.18900135159492493
276720	-3.040587	-1.842760	-0.857511	0.047807	0.189048	0.424217	0.0381395885720849	3.9506172839506166e-05	0.18904879689216614
276840	-3.041211	-1.842834	-0.857304	0.047777	0.189047	0.424304	0.03815324585884809	2.6337448559670777e-05	0.1890467256307602
276960	-3.041990	-1.842398	-0.856365	0.047740	0.189161	0.424703	0.03811765685677528	2.6337448559670777e-05	0.18915951251983643
277080	-3.042441	-1.842332	-0.856319	0.047718	0.189173	0.424722	0.03810794148594141	2.6337448559670777e-05	0.18917329609394073
277200	-3.042597	-1.842047	-0.855885	0.047711	0.189234	0.424907	0.038080979883670804	1.1705532693187011e-05	0.1892334520816803
277320	-3.042107	-1.841820	-0.855500	0.047734	0.189293	0.425071	0.03805804513394832	2.6337448559670777e-05	0.18929317593574524
277440	-3.041495	-1.841452	-0.854400	0.047763	0.189387	0.425539	0.03803280349820852	1.1705532693187011e-05	0.18938562273979187
277560	-3.040683	-1.841177	-0.855255	0.047802	0.189421	0.425175	0.03800269365310669	2.6337448559670777e-05	0.1894204020500183
277680	-3.040436	-1.841187	-0.855054	0.047814	0.189421	0.425260	0.038002940267324446	2.6337448559670777e-05	0.1894211322069168
277800	-3.041228	-1.841041	-0.854188	0.047776	0.189470	0.425629	0.037990964204072955	1.7558299039780518e-05	0.1894702911376953
277920	-3.040708	-1.840965	-0.853683	0.047801	0.189501	0.425844	0.03797926642000675	2.6337448559670777e-05	0.18950155377388
278040	-3.040276	-1.840964	-0.853112	0.047822	0.189513	0.426087	0.037980494648218156	2.6337448559670777e-05	0.18951387703418732
278160	-3.040377	-1.841160	-0.852795	0.047817	0.189481	0.426222	0.037993244268000124	3.9506172839506166e-05	0.1894819140434265
278280	-3.040938	-1.841399	-0.853238	0.047790	0.189435	0.426033	0.03801924679428339	2.6337448559670777e-05	0.18943575024604797
278400	-3.042041	-1.841707	-0.854487	0.047737	0.189381	0.425501	0.03804372902959585	3.9506172839506166e-05	0.18938197195529938
278520	-3.043139	-1.842245	-0.856211	0.047685	0.189292	0.424768	0.03809469696134329	3.9506172839506166e-05	0.18929293751716614
278640	-3.044553	-1.842363	-0.856030	0.047618	0.189301	0.424845	0.038110690750181676	2.6337448559670777e-05	0.18930065631866455
278760	-3.046468	-1.842724	-0.856872	0.047527	0.189243	0.424488	0.03813976384699345	2.6337448559670777e-05	0.18924251198768616
278880	-3.047127	-1.842651	-0.856929	0.047495	0.189261	0.424463	0.038133221305906774	3.9506172839506166e-05	0.18926049768924713
279000	-3.047208	-1.842471	-0.855880	0.047491	0.189327	0.424909	0.038120855763554576	1.7558299039780518e-05	0.18932655453681946
279120	-3.046992	-1.842441	-0.856185	0.047502	0.189317	0.424780	0.038116886466741565	2.6337448559670777e-05	0.1893167495727539
279240	-3.047109	-1.842126	-0.855892	0.047496	0.189388	0.424904	0.038090074248611924	1.7558299039780518e-05	0.18938833475112915
279360	-3.048104	-1.842192	-0.855473	0.047449	0.189402	0.425082	0.03809465859085322	2.6337448559670777e-05	0.1894010454416275
279480	-3.048091	-1.842034	-0.854696	0.047449	0.189414	0.425412	0.038080868497490886	2.6337448559670777e-05	0.18941394984722137
279600	-3.048110	-1.841938	-0.853946	0.047449	0.189466	0.425732	0.03806739803403616	2.6337448559670777e-05	0.18946655094623566
279720	-3.048033	-1.842050	-0.853886	0.047452	0.189463	0.425757	0.03807856012135744	2.6337448559670777e-05	0.1894625872373581
279840	-3.047825	-1.842117	-0.853737	0.047462	0.189447	0.425821	0.03808498624712229	2.6337448559670777e-05	0.18944689631462097
279960	-3.048242	-1.842037	-0.853058	0.047442	0.189472	0.426110	0.03808188531547785	3.9506172839506166e-05	0.1894720047712326
280080	-3.048432	-1.842136	-0.852173	0.047433	0.189473	0.426487	0.038085540384054185	2.6337448559670777e-05	0.1894737333059311
280200	-3.048998	-1.842117	-0.850710	0.047406	0.189504	0.427112	0.03808487560600042	3.9506172839506166e-05	0.18950369954109192
280320	-3.049092	-1.842329	-0.850574	0.047402	0.189480	0.427170	0.038104642555117606	2.6337448559670777e-05	0.1894800364971161
280440	-3.048603	-1.842138	-0.850840	0.047425	0.189534	0.427056	0.03809417579323053	2.6337448559670777e-05	0.18953321874141693
280560	-3.048472	-1.842341	-0.851230	0.047431	0.189516	0.426890	0.038104837760329247	3.9506172839506166e-05	0.18951569497585297
280680	-3.050290	-1.842628	-0.851766	0.047345	0.189470	0.426661	0.03813439812511206	3.9506172839506166e-05	0.18946874141693115
280800	-3.051407	-1.842588	-0.851270	0.047292	0.189498	0.426872	0.03813068605959415	3.9506172839506166e-05	0.18949763476848602
280920	-3.051406	-1.842821	-0.850589	0.047292	0.189480	0.427163	0.038143271766602996	3.9506172839506166e-05	0.18948188424110413
281040	-3.052315	-1.842892	-0.850773	0.047249	0.189465	0.427085	0.03815519660711288	2.6337448559670777e-05	0.18946492671966553
281160	-3.052002	-1.842394	-0.849522	0.047264	0.189573	0.427619	0.03811169806867838	3.9506172839506166e-05	0.18957291543483734
281280	-3.052032	-1.842321	-0.850219	0.047263	0.189579	0.427321	0.03810024354606867	3.9506172839506166e-05	0.1895810216665268
281400	-3.053256	-1.841931	-0.849720	0.047205	0.189646	0.427535	0.03807819057255983	2.6337448559670777e-05	0.18964436650276184
281520	-3.053267	-1.841615	-0.848424	0.047204	0.189739	0.428089	0.0380433501675725	2.6337448559670777e-05	0.18973830342292786
281640	-3.053817	-1.841233	-0.848289	0.047178	0.189821	0.428147	0.03801121935248375	3.9506172839506166e-05	0.18981939554214478
281760	-3.053813	-1.840748	-0.847232	0.047179	0.189916	0.428600	0.03796969726681709	3.9506172839506166e-05	0.18991373479366302
281880	-3.054011	-1.840663	-0.847227	0.047169	0.189931	0.428602	0.03795318156480789	3.9506172839506166e-05	0.1899322122335434
282000	-3.053713	-1.840430	-0.846843	0.047183	0.189976	0.428766	0.03793936725705862	2.6337448559670777e-05	0.1899752914905548
282120	-3.054391	-1.840648	-0.845536	0.047151	0.189954	0.429327	0.0379406863823533	5.925925925925925e-05	0.18995611369609833
282240	-3.054605	-1.840666	-0.845865	0.047141	0.189951	0.429186	0.03795912470668554	3.9506172839506166e-05	0.18994967639446259
282360	-3.055096	-1.840544	-0.845301	0.047118	0.189993	0.429428	0.037948747910559175	3.9506172839506166e-05	0.1899920552968979
282480	-3.055648	-1.840717	-0.845607	0.047092	0.189969	0.429297	0.03796020019799471	2.6337448559670777e-05	0.18996889889240265
282600	-3.056320	-1.841109	-0.844968	0.047061	0.189904	0.429571	0.03798670824617147	3.9506172839506166e-05	0.18990667164325714
282720	-3.056825	-1.841520	-0.844402	0.047037	0.189838	0.429814	0.03802846409380436	3.9506172839506166e-05	0.18983937799930573
282840	-3.056453	-1.841493	-0.843076	0.047054	0.189902	0.430384	0.038034117221832274	2.6337448559670777e-05	0.18990114331245422
282960	-3.056919	-1.841431	-0.843525	0.047032	0.189909	0.430191	0.038021184504032135	2.6337448559670777e-05	0.18991002440452576
283080	-3.057550	-1.841455	-0.843375	0.047003	0.189903	0.430256	0.03802748415619135	3.9506172839506166e-05	0.18990248441696167
283200	-3.057709	-1.841166	-0.842461	0.046995	0.189975	0.430649	0.037999745644629004	1.7558299039780518e-05	0.18997478485107422
283320	-3.057678	-1.841272	-0.842597	0.046997	0.189954	0.430591	0.03800444696098566	5.925925925925925e-05	0.18995627760887146
283440	-3.056785	-1.840847	-0.842395	0.047039	0.190024	0.430678	0.03797987550497055	1.7558299039780518e-05	0.19002249836921692
283560	-3.057932	-1.840886	-0.842049	0.046985	0.190040	0.430827	0.03797631822526455	2.6337448559670777e-05	0.19003942608833313
283680	-3.058441	-1.840665	-0.841171	0.046961	0.190099	0.431205	0.037959092296659946	1.7558299039780518e-05	0.19009818136692047
283800	-3.059415	-1.840827	-0.841060	0.046915	0.190073	0.431253	0.03797456193715334	1.1705532693187011e-05	0.19007223844528198
283920	-3.060743	-1.840968	-0.841328	0.046853	0.190056	0.431138	0.03797934856265783	3.9506172839506166e-05	0.19005678594112396
284040	-3.061395	-1.841318	-0.841946	0.046822	0.190005	0.430871	0.038003811798989776	3.9506172839506166e-05	0.19000737369060516
284160	-3.063426	-1.841565	-0.841599	0.046727	0.190011	0.431021	0.03803449459373951	2.6337448559670777e-05	0.1900109350681305
284280	-3.063313	-1.841992	-0.842268	0.046733	0.189921	0.430733	0.03806566800922155	3.9506172839506166e-05	0.18992318212985992
284400	-3.064977	-1.842251	-0.843176	0.046655	0.189855	0.430341	0.03809500839561224	5.925925925925925e-05	0.18985575437545776
284520	-3.064739	-1.842029	-0.842934	0.046666	0.189927	0.430446	0.03808487560600042	1.7558299039780518e-05	0.18992598354816437
284640	-3.066512	-1.842453	-0.843081	0.046583	0.189884	0.430382	0.038109109923243525	3.9506172839506166e-05	0.18988563120365143
284760	-3.068326	-1.842827	-0.842089	0.046499	0.189853	0.430810	0.03815486803650856	2.6337448559670777e-05	0.18985138833522797
284880	-3.069667	-1.843127	-0.844117	0.046437	0.189778	0.429937	0.03816934861242771	3.9506172839506166e-05	0.18977931141853333
285000	-3.071006	-1.843204	-0.843829	0.046374	0.189776	0.430061	0.038185746781527995	2.6337448559670777e-05	0.1897755265235901
285120	-3.070666	-1.843120	-0.843925	0.046390	0.189799	0.430019	0.038175813481211664	2.6337448559670777e-05	0.18979834020137787
285240	-3.071974	-1.843049	-0.843447	0.046330	0.189856	0.430225	0.03817446194589138	2.6337448559670777e-05	0.18985490500926971
285360	-3.071797	-1.842898	-0.842855	0.046338	0.189890	0.430480	0.03815860394388437	2.6337448559670777e-05	0.18988938629627228
285480	-3.072867	-1.842300	-0.842158	0.046288	0.190018	0.430780	0.03810136877000332	2.6337448559670777e-05	0.19001848995685577
285600	-3.073144	-1.842269	-0.841588	0.046275	0.190030	0.431025	0.03810085915029049	3.9506172839506166e-05	0.19003035128116608
285720	-3.072291	-1.841867	-0.842156	0.046315	0.190106	0.430781	0.03806451391428709	1.7558299039780518e-05	0.19010569155216217
285840	-3.072327	-1.841608	-0.842557	0.046313	0.190148	0.430608	0.03804186321794987	3.9506172839506166e-05	0.19014835357666016
285960	-3.072924	-1.841793	-0.843125	0.046286	0.190122	0.430364	0.038055277429521084	1.7558299039780518e-05	0.19012194871902466
286080	-3.072331	-1.842106	-0.843551	0.046313	0.190068	0.430180	0.03807946685701609	3.9506172839506166e-05	0.19006937742233276
286200	-3.073650	-1.842372	-0.843573	0.046252	0.190013	0.430171	0.03809835594147444	3.9506172839506166e-05	0.1900148093700409
286320	-3.074836	-1.842531	-0.843670	0.046197	0.189978	0.430129	0.03812535163015127	1.7558299039780518e-05	0.18997836112976074
286440	-3.074812	-1.842858	-0.843775	0.046198	0.189912	0.430084	0.038148367404937746	3.9506172839506166e-05	0.18991300463676453
286560	-3.073764	-1.842862	-0.843329	0.046247	0.189878	0.430276	0.038153680972754955	2.6337448559670777e-05	0.18987776339054108
286680	-3.074435	-1.843028	-0.842535	0.046216	0.189861	0.430617	0.0381659833714366	3.9506172839506166e-05	0.1898614466190338
286800	-3.076665	-1.843253	-0.842664	0.046113	0.189859	0.430562	0.03818802405148745	2.6337448559670777e-05	0.18985925614833832
286920	-3.076116	-1.843212	-0.843556	0.046138	0.189858	0.430178	0.03817799147218466	3.9506172839506166e-05	0.18985985219478607
287040	-3.076598	-1.843215	-0.843194	0.046116	0.189875	0.430334	0.03818648569285869	1.7558299039780518e-05	0.18987485766410828
287160	-3.076035	-1.842748	-0.842370	0.046142	0.189972	0.430688	0.03814589437097311	2.6337448559670777e-05	0.1899712085723877
287280	-3.075685	-1.842409	-0.842603	0.046158	0.190018	0.430588	0.03811631146818399	2.6337448559670777e-05	0.19001738727092743
287400	-3.075982	-1.842329	-0.843211	0.046144	0.190038	0.430327	0.03810709025710821	3.9506172839506166e-05	0.1900370866060257
287520	-3.076153	-1.842106	-0.842721	0.046136	0.190087	0.430537	0.03808853570371866	2.6337448559670777e-05	0.19008634984493256
287640	-3.077037	-1.842420	-0.842866	0.046096	0.190042	0.430475	0.03811263218522072	2.6337448559670777e-05	0.19004173576831818
287760	-3.077479	-1.842348	-0.841925	0.046075	0.190063	0.430880	0.03811118770390749	3.9506172839506166e-05	0.19006259739398956
287880	-3.077352	-1.842634	-0.841907	0.046081	0.190017	0.430888	0.038134388625621796	5.925925925925925e-05	0.1900162547826767
288000	-3.078791	-1.843274	-0.842962	0.046015	0.189926	0.430434	0.038184394128620625	5.925925925925925e-05	0.18992744386196136
288120	-3.080208	-1.843668	-0.843692	0.045950	0.189858	0.430120	0.03821858465671539	3.9506172839506166e-05	0.18985983729362488
288240	-3.080942	-1.844183	-0.843831	0.045916	0.189755	0.430060	0.03826234079897404	2.6337448559670777e-05	0.18975523114204407
288360	-3.080549	-1.843739	-0.843390	0.045934	0.189842	0.430249	0.03824046719819307	2.6337448559670777e-05	0.18983973562717438
288480	-3.081794	-1.843495	-0.842523	0.045877	0.189930	0.430623	0.038208143413066865	2.6337448559670777e-05	0.18992926180362701
288600	-3.083331	-1.843913	-0.842169	0.045806	0.189892	0.430775	0.03823107965290547	5.925925925925925e-05	0.18989382684230804
288720	-3.083906	-1.844568	-0.840972	0.045780	0.189794	0.431291	0.03830639645457268	5.925925925925925e-05	0.1897924542427063
288840	-3.085349	-1.844535	-0.840747	0.045714	0.189832	0.431388	0.03829667773097754	3.9506172839506166e-05	0.18983429670333862
288960	-3.085763	-1.844446	-0.840591	0.045695	0.189850	0.431456	0.038294590450823306	3.9506172839506166e-05	0.18985015153884888
289080	-3.086059	-1.844102	-0.839586	0.045682	0.189916	0.431889	0.03826747555285692	2.6337448559670777e-05	0.1899157166481018
289200	-3.085668	-1.843722	-0.839215	0.045700	0.189987	0.432050	0.038229386880993844	2.6337448559670777e-05	0.18998734652996063
289320	-3.085423	-1.843600	-0.838349	0.045711	0.190031	0.432424	0.03822316639125347	2.6337448559670777e-05	0.1900303065776825
289440	-3.085325	-1.843459	-0.837335	0.045715	0.190058	0.432863	0.03820815160870552	3.9506172839506166e-05	0.19005751609802246
289560	-3.085208	-1.843464	-0.837843	0.045721	0.190044	0.432643	0.0382073363289237	3.9506172839506166e-05	0.19004347920417786
289680	-3.085307	-1.843733	-0.838410	0.045716	0.189973	0.432397	0.038226015865802765	3.9506172839506166e-05	0.1899740993976593
289800	-3.084975	-1.843303	-0.837145	0.045731	0.190080	0.432945	0.03819806259125471	2.6337448559670777e-05	0.19007889926433563
289920	-3.084256	-1.843402	-0.837590	0.045764	0.190049	0.432752	0.03819266837090254	3.9506172839506166e-05	0.19005119800567627
290040	-3.084313	-1.843502	-0.836795	0.045761	0.190040	0.433097	0.03820772524923086	2.6337448559670777e-05	0.19004130363464355
290160	-3.084724	-1.843956	-0.835621	0.045743	0.189972	0.433605	0.03825273923575878	3.9506172839506166e-05	0.18997153639793396
290280	-3.084866	-1.843951	-0.836505	0.045736	0.189974	0.433222	0.03824782725423574	3.9506172839506166e-05	0.1899745613336563
290400	-3.085738	-1.843725	-0.835787	0.045696	0.190041	0.433533	0.03823188915848732	3.9506172839506166e-05	0.1900402307510376
290520	-3.086749	-1.844265	-0.836105	0.045650	0.189953	0.433395	0.038268598914146426	3.9506172839506166e-05	0.18995507061481476
290640	-3.086320	-1.844551	-0.836026	0.045670	0.189901	0.433430	0.03829970899969339	3.9506172839506166e-05	0.18990211188793182
290760	-3.088038	-1.845142	-0.835528	0.045591	0.189815	0.433646	0.038358626700937745	2.6337448559670777e-05	0.18981388211250305
290880	-3.088400	-1.845117	-0.836103	0.045575	0.189825	0.433396	0.03835417293012142	2.6337448559670777e-05	0.1898254156112671
291000	-3.088379	-1.844924	-0.836338	0.045576	0.189852	0.433294	0.03834158517420292	1.1705532693187011e-05	0.18985119462013245
291120	-3.089276	-1.845003	-0.836104	0.045535	0.189849	0.433396	0.03834612369537353	2.6337448559670777e-05	0.18984869122505188
291240	-3.089320	-1.844640	-0.835850	0.045533	0.189927	0.433506	0.03831707537174225	2.6337448559670777e-05	0.18992620706558228
291360	-3.089889	-1.844648	-0.836132	0.045507	0.189937	0.433384	0.03831494692713022	1.7558299039780518e-05	0.18993757665157318
291480	-3.089286	-1.844285	-0.834835	0.045534	0.190013	0.433946	0.038281184062361716	3.9506172839506166e-05	0.1900140792131424
291600	-3.089030	-1.844302	-0.835975	0.045546	0.189982	0.433452	0.03828105740249157	1.7558299039780518e-05	0.18998271226882935
291720	-3.089215	-1.844303	-0.835995	0.045538	0.189995	0.433443	0.03828362580388785	3.9506172839506166e-05	0.18999426066875458
291840	-3.090365	-1.844257	-0.835567	0.045485	0.190028	0.433629	0.038279143162071705	3.9506172839506166e-05	0.19002887606620789
291960	-3.091160	-1.844467	-0.834901	0.045449	0.190015	0.433917	0.038303380459547044	1.7558299039780518e-05	0.19001342356204987
292080	-3.092202	-1.844558	-0.834771	0.045402	0.190020	0.433974	0.03831204604357481	3.9506172839506166e-05	0.19001923501491547
292200	-3.092835	-1.845039	-0.835804	0.045373	0.189899	0.433526	0.03834580928087235	2.6337448559670777e-05	0.1899002343416214
292320	-3.093857	-1.845186	-0.836288	0.045327	0.189877	0.433316	0.03835912179201841	3.9506172839506166e-05	0.18987734615802765
292440	-3.094072	-1.845465	-0.835910	0.045317	0.189843	0.433480	0.03838084768503904	3.9506172839506166e-05	0.18984539806842804
292560	-3.093901	-1.845854	-0.835638	0.045325	0.189783	0.433598	0.03841493576765061	3.9506172839506166e-05	0.1897841989994049
292680	-3.095014	-1.846328	-0.835348	0.045274	0.189691	0.433724	0.03846176844090223	2.6337448559670777e-05	0.18969175219535828
292800	-3.096123	-1.846631	-0.835048	0.045224	0.189639	0.433854	0.03849826715886593	3.9506172839506166e-05	0.18963822722434998
292920	-3.096173	-1.846836	-0.834402	0.045222	0.189605	0.434134	0.03851299472153187	2.6337448559670777e-05	0.18960458040237427
293040	-3.095785	-1.846657	-0.833215	0.045239	0.189651	0.434650	0.03849388714879751	2.6337448559670777e-05	0.18965046107769012
293160	-3.095981	-1.846474	-0.833077	0.045231	0.189686	0.434710	0.03848371524363756	2.6337448559670777e-05	0.1896854043006897
293280	-3.095981	-1.846358	-0.832280	0.045231	0.189722	0.435056	0.03846657406538725	2.6337448559670777e-05	0.18972185254096985
293400	-3.096389	-1.846310	-0.831358	0.045212	0.189767	0.435458	0.03845824934542179	3.9506172839506166e-05	0.18976764380931854
293520	-3.095669	-1.846340	-0.831641	0.045245	0.189773	0.435334	0.03846479672938585	1.7558299039780518e-05	0.1897735595703125
293640	-3.095664	-1.846556	-0.832176	0.045245	0.189749	0.435101	0.038481395691633224	3.9506172839506166e-05	0.1897493153810501
293760	-3.096045	-1.846706	-0.832240	0.045228	0.189747	0.435074	0.03850425034761429	2.6337448559670777e-05	0.189744770526886
293880	-3.096817	-1.846558	-0.831783	0.045193	0.189802	0.435272	0.03848096113651991	3.9506172839506166e-05	0.18980228900909424
294000	-3.097966	-1.847048	-0.832920	0.045141	0.189709	0.434778	0.038529258035123345	3.9506172839506166e-05	0.18970991671085358
294120	-3.097929	-1.847010	-0.832552	0.045143	0.189723	0.434938	0.038524257205426696	3.9506172839506166e-05	0.189723402261734
294240	-3.098318	-1.846937	-0.830789	0.045125	0.189753	0.435705	0.038519535586237906	3.9506172839506166e-05	0.18975354731082916
294360	-3.098231	-1.846473	-0.829220	0.045129	0.189848	0.436390	0.03849018272012472	1.7558299039780518e-05	0.18984609842300415
294480	-3.098291	-1.846062	-0.828321	0.045126	0.189939	0.436782	0.038437914289534095	2.6337448559670777e-05	0.1899392306804657
294600	-3.098692	-1.845956	-0.828040	0.045108	0.189959	0.436905	0.03842479269951582	3.9506172839506166e-05	0.1899607926607132
294720	-3.099899	-1.846486	-0.826950	0.045054	0.189881	0.437381	0.0384691858664155	3.9506172839506166e-05	0.18988372385501862
294840	-3.099747	-1.846725	-0.827029	0.045061	0.189828	0.437347	0.038500746712088585	2.6337448559670777e-05	0.1898273378610611
294960	-3.099923	-1.846876	-0.827196	0.045053	0.189804	0.437274	0.038513635843992235	2.6337448559670777e-05	0.18980391323566437
295080	-3.100387	-1.846767	-0.826882	0.045032	0.189833	0.437411	0.03850825969129801	2.6337448559670777e-05	0.1898324191570282
295200	-3.100152	-1.846652	-0.826532	0.045042	0.189854	0.437564	0.0384964220225811	2.6337448559670777e-05	0.1898535043001175
295320	-3.099647	-1.846876	-0.825699	0.045065	0.189829	0.437929	0.038508368842303756	2.6337448559670777e-05	0.18983037769794464
295440	-3.100342	-1.846930	-0.825794	0.045034	0.189828	0.437887	0.03852679263800383	1.7558299039780518e-05	0.18982666730880737
295560	-3.099832	-1.846518	-0.824586	0.045057	0.189925	0.438416	0.038486112281680106	3.9506172839506166e-05	0.18992434442043304
295680	-3.099193	-1.846573	-0.824410	0.045086	0.189918	0.438494	0.03848414272069931	3.9506172839506166e-05	0.18991896510124207
295800	-3.098799	-1.846704	-0.824678	0.045103	0.189888	0.438376	0.03850372284650803	2.6337448559670777e-05	0.18988722562789917
295920	-3.098743	-1.846819	-0.823823	0.045106	0.189894	0.438751	0.03849690929055214	3.9506172839506166e-05	0.18989752233028412
296040	-3.099686	-1.847478	-0.825755	0.045063	0.189758	0.437904	0.038552720285952094	5.925925925925925e-05	0.189762145280838
296160	-3.099653	-1.847572	-0.825631	0.045065	0.189743	0.437959	0.038578107580542566	3.9506172839506166e-05	0.1897432953119278
296280	-3.100998	-1.848039	-0.826052	0.045004	0.189658	0.437774	0.038607287034392354	3.9506172839506166e-05	0.1896602213382721
296400	-3.101063	-1.848242	-0.825325	0.045001	0.189622	0.438092	0.03864438142627478	2.6337448559670777e-05	0.18962016701698303
296520	-3.100309	-1.847729	-0.825008	0.045035	0.189716	0.438232	0.038593461737036705	3.9506172839506166e-05	0.18971578776836395
296640	-3.100897	-1.847420	-0.825229	0.045009	0.189771	0.438135	0.03856246583163738	1.7558299039780518e-05	0.189771369099617
296760	-3.102067	-1.847822	-0.825111	0.044956	0.189724	0.438186	0.038599018938839436	2.6337448559670777e-05	0.18972346186637878
296880	-3.102076	-1.847527	-0.824422	0.044956	0.189782	0.438488	0.03857900500297547	2.6337448559670777e-05	0.18978101015090942
297000	-3.102930	-1.847037	-0.823850	0.044917	0.189873	0.438739	0.038530173152685164	2.6337448559670777e-05	0.18987256288528442
297120	-3.103570	-1.847254	-0.822362	0.044889	0.189855	0.439393	0.03854809571057558	2.6337448559670777e-05	0.18985527753829956
297240	-3.103679	-1.847237	-0.821909	0.044884	0.189862	0.439592	0.038549240306019784	2.6337448559670777e-05	0.18986138701438904
297360	-3.103964	-1.847174	-0.821697	0.044871	0.189888	0.439685	0.038541709259152415	3.9506172839506166e-05	0.18988773226737976
297480	-3.104625	-1.847239	-0.822355	0.044841	0.189881	0.439396	0.03854105845093727	3.9506172839506166e-05	0.18988285958766937
297600	-3.106152	-1.847726	-0.823135	0.044773	0.189810	0.439053	0.03858941495418548	2.6337448559670777e-05	0.1898098737001419
297720	-3.106861	-1.847727	-0.823732	0.044741	0.189805	0.438791	0.0385907880961895	3.9506172839506166e-05	0.189804807305336
297840	-3.106295	-1.847733	-0.823062	0.044767	0.189769	0.439085	0.03859276901930571	3.9506172839506166e-05	0.18976877629756927
297960	-3.106470	-1.848194	-0.823277	0.044759	0.189672	0.438991	0.03863201756030321	2.6337448559670777e-05	0.18967220187187195
298080	-3.106938	-1.848642	-0.824168	0.044738	0.189573	0.438600	0.03866576682776213	3.9506172839506166e-05	0.18957535922527313
298200	-3.108083	-1.849254	-0.824463	0.044687	0.189456	0.438470	0.03872356060892344	3.9506172839506166e-05	0.18945646286010742
298320	-3.109815	-1.849504	-0.824647	0.044609	0.189423	0.438390	0.03874678835272789	3.9506172839506166e-05	0.18942342698574066
298440	-3.110302	-1.849870	-0.824827	0.044587	0.189325	0.438311	0.038779909722507	2.6337448559670777e-05	0.1893264800310135
298560	-3.110405	-1.849972	-0.824940	0.044583	0.189327	0.438262	0.038790902495384215	3.9506172839506166e-05	0.18932759761810303
298680	-3.109845	-1.850501	-0.825915	0.044608	0.189210	0.437834	0.0388455867767334	1.7558299039780518e-05	0.1892082691192627
298800	-3.109943	-1.850781	-0.825070	0.044604	0.189181	0.438204	0.03887001648545265	3.9506172839506166e-05	0.1891801357269287
298920	-3.109488	-1.850317	-0.823899	0.044624	0.189277	0.438718	0.03883016780018807	1.7558299039780518e-05	0.18927600979804993
299040	-3.108949	-1.849927	-0.823105	0.044648	0.189348	0.439066	0.038791455514729026	2.6337448559670777e-05	0.1893475502729416
299160	-3.109628	-1.849914	-0.822468	0.044618	0.189364	0.439346	0.038789110258221626	1.7558299039780518e-05	0.18936382234096527
299280	-3.108848	-1.849710	-0.822033	0.044652	0.189401	0.439537	0.0387684490531683	2.6337448559670777e-05	0.189401775598526
299400	-3.109013	-1.849734	-0.821377	0.044645	0.189414	0.439826	0.0387695774435997	2.6337448559670777e-05	0.1894141435623169
299520	-3.109670	-1.849979	-0.821446	0.044616	0.189380	0.439795	0.03879073522984981	2.6337448559670777e-05	0.18938103318214417
299640	-3.110770	-1.850117	-0.821710	0.044567	0.189358	0.439679	0.03880640622228384	3.9506172839506166e-05	0.18935775756835938
299760	-3.111824	-1.850238	-0.821963	0.044520	0.189341	0.439568	0.03881520591676235	3.9506172839506166e-05	0.18934132158756256
299880	-3.113276	-1.850342	-0.821285	0.044455	0.189355	0.439866	0.03882417380809784	2.6337448559670777e-05	0.18935523927211761
300000	-3.112929	-1.850605	-0.820513	0.044471	0.189350	0.440206	0.03884212486445904	5.925925925925925e-05	0.18935127556324005
300120	-3.112998	-1.850904	-0.819527	0.044467	0.189305	0.440640	0.038868201710283753	3.9506172839506166e-05	0.18930590152740479
300240	-3.113957	-1.851093	-0.820568	0.044425	0.189273	0.440181	0.03890632502734661	3.9506172839506166e-05	0.18926902115345
300360	-3.114157	-1.850848	-0.820110	0.044416	0.189337	0.440383	0.038871640153229234	3.9506172839506166e-05	0.1893375664949417
300480	-3.114415	-1.850994	-0.819927	0.044404	0.189322	0.440464	0.03887866344302893	2.6337448559670777e-05	0.189322829246521
300600	-3.115841	-1.851742	-0.820912	0.044341	0.189185	0.440030	0.03893750999122858	5.925925925925925e-05	0.18918763101100922
300720	-3.116706	-1.851885	-0.820629	0.044303	0.189172	0.440155	0.03896774891763925	2.6337448559670777e-05	0.18917137384414673
300840	-3.116355	-1.851903	-0.820378	0.044318	0.189196	0.440265	0.03895917329937219	3.9506172839506166e-05	0.18919718265533447
300960	-3.115839	-1.851872	-0.821536	0.044341	0.189199	0.439756	0.038962164893746376	2.6337448559670777e-05	0.18919990956783295
301080	-3.114904	-1.851528	-0.821034	0.044383	0.189263	0.439977	0.038931092247366905	2.6337448559670777e-05	0.18926405906677246
301200	-3.115348	-1.851438	-0.820657	0.044363	0.189290	0.440142	0.03892186731100082	3.9506172839506166e-05	0.1892901062965393
301320	-3.116475	-1.851672	-0.820143	0.044313	0.189272	0.440368	0.038943759724497796	3.9506172839506166e-05	0.1892728954553604
301440	-3.117339	-1.851646	-0.820368	0.044275	0.189281	0.440270	0.0389395447447896	3.9506172839506166e-05	0.18928200006484985
301560	-3.118337	-1.851792	-0.820732	0.044231	0.189278	0.440109	0.038960985466837884	3.9506172839506166e-05	0.1892767697572708
301680	-3.119056	-1.851823	-0.821549	0.044199	0.189272	0.439750	0.03895397428423166	3.9506172839506166e-05	0.18927311897277832
301800	-3.119555	-1.851906	-0.821870	0.044177	0.189254	0.439609	0.03896712511777878	1.1705532693187011e-05	0.1892540156841278
301920	-3.120791	-1.852161	-0.822702	0.044122	0.189221	0.439243	0.03897887524217367	3.9506172839506166e-05	0.1892237365245819
302040	-3.121831	-1.852355	-0.823357	0.044076	0.189193	0.438956	0.03900321144610643	3.9506172839506166e-05	0.18919390439987183
302160	-3.122160	-1.852197	-0.823679	0.044062	0.189207	0.438814	0.03899611625820398	2.6337448559670777e-05	0.1892065852880478
302280	-3.122784	-1.852325	-0.823702	0.044034	0.189184	0.438804	0.038999843411147594	3.9506172839506166e-05	0.18918442726135254
302400	-3.122778	-1.852579	-0.823706	0.044035	0.189158	0.438802	0.03902074303478002	3.9506172839506166e-05	0.1891585886478424
302520	-3.123984	-1.853125	-0.823299	0.043982	0.189085	0.438981	0.03907227553427219	3.9506172839506166e-05	0.1890864223241806
302640	-3.124611	-1.853252	-0.822442	0.043954	0.189084	0.439358	0.039084704220294954	3.9506172839506166e-05	0.18908372521400452
302760	-3.126714	-1.853819	-0.821909	0.043862	0.188978	0.439592	0.03914074189960957	2.6337448559670777e-05	0.18897733092308044
302880	-3.126358	-1.854159	-0.821979	0.043877	0.188943	0.439561	0.03916090503334999	3.9506172839506166e-05	0.18894468247890472
303000	-3.128076	-1.854215	-0.821469	0.043802	0.188962	0.439785	0.03917342908680439	3.9506172839506166e-05	0.1889611780643463
303120	-3.127858	-1.854185	-0.821193	0.043812	0.189006	0.439906	0.03917153794318438	2.6337448559670777e-05	0.18900586664676666
303240	-3.128478	-1.853975	-0.820564	0.043784	0.189065	0.440183	0.039154902845621106	2.6337448559670777e-05	0.18906518816947937
303360	-3.128455	-1.853682	-0.820642	0.043785	0.189135	0.440149	0.03912728764116764	2.6337448559670777e-05	0.18913474678993225
303480	-3.127762	-1.853867	-0.821032	0.043816	0.189082	0.439978	0.03914035577327013	3.9506172839506166e-05	0.18908333778381348
303600	-3.127916	-1.853455	-0.820552	0.043809	0.189163	0.440189	0.039107606559991834	3.9506172839506166e-05	0.18916243314743042
303720	-3.127374	-1.853036	-0.820247	0.043833	0.189242	0.440323	0.03906976319849491	3.9506172839506166e-05	0.18924283981323242
303840	-3.127788	-1.852828	-0.819903	0.043815	0.189301	0.440474	0.039046733267605306	2.6337448559670777e-05	0.1893014758825302
303960	-3.128225	-1.853087	-0.820453	0.043795	0.189234	0.440232	0.0390787759795785	1.1705532693187011e-05	0.18923218548297882
304080	-3.128088	-1.852767	-0.819332	0.043801	0.189285	0.440726	0.039046861976385114	3.9506172839506166e-05	0.1892850548028946
304200	-3.127588	-1.853430	-0.820058	0.043823	0.189149	0.440406	0.03909192588180303	3.9506172839506166e-05	0.1891516000032425
304320	-3.128670	-1.854033	-0.820703	0.043776	0.189022	0.440122	0.039152820594608784	3.9506172839506166e-05	0.18902304768562317
304440	-3.128437	-1.854258	-0.821255	0.043786	0.188966	0.439879	0.03917662389576435	3.9506172839506166e-05	0.18896633386611938
304560	-3.128186	-1.854313	-0.820294	0.043797	0.188974	0.440302	0.039187331311404706	3.9506172839506166e-05	0.18897323310375214
304680	-3.127832	-1.854352	-0.818545	0.043813	0.188970	0.441073	0.03918332494795322	3.9506172839506166e-05	0.1889711171388626
304800	-3.128875	-1.854698	-0.819515	0.043767	0.188875	0.440645	0.039220877923071384	2.6337448559670777e-05	0.18887528777122498
304920	-3.129148	-1.854515	-0.818795	0.043755	0.188929	0.440963	0.03920150734484196	1.7558299039780518e-05	0.18892917037010193
305040	-3.130033	-1.854101	-0.818168	0.043716	0.189027	0.441239	0.03916985653340817	1.7558299039780518e-05	0.1890266090631485
305160	-3.130099	-1.853872	-0.816836	0.043713	0.189065	0.441827	0.03915070593357086	2.6337448559670777e-05	0.18906335532665253
305280	-3.129316	-1.853419	-0.816374	0.043748	0.189150	0.442032	0.03910395354032516	2.6337448559670777e-05	0.18915021419525146
305400	-3.128942	-1.853155	-0.816995	0.043764	0.189180	0.441757	0.03908690810203552	1.1705532693187011e-05	0.1891784369945526
305520	-3.128827	-1.852974	-0.817392	0.043769	0.189201	0.441582	0.03906097654253245	2.6337448559670777e-05	0.18920227885246277
305640	-3.129601	-1.852781	-0.817050	0.043735	0.189253	0.441733	0.03905272800475359	1.7558299039780518e-05	0.18925170600414276
305760	-3.129015	-1.852604	-0.817041	0.043761	0.189293	0.441737	0.039026384241878986	3.9506172839506166e-05	0.18929395079612732
305880	-3.129118	-1.852579	-0.816768	0.043756	0.189293	0.441857	0.03902545627206564	2.6337448559670777e-05	0.18929274380207062
306000	-3.128460	-1.852542	-0.816054	0.043785	0.189303	0.442173	0.039033244177699086	2.6337448559670777e-05	0.18930093944072723
306120	-3.128586	-1.852779	-0.817406	0.043780	0.189236	0.441576	0.039041344076395035	3.9506172839506166e-05	0.18923713266849518
306240	-3.128092	-1.852726	-0.818592	0.043801	0.189221	0.441052	0.03904549907892942	5.925925925925925e-05	0.18921975791454315
306360	-3.127890	-1.852758	-0.818038	0.043810	0.189222	0.441297	0.03905126638710499	2.6337448559670777e-05	0.1892205774784088
306480	-3.127494	-1.852852	-0.817415	0.043828	0.189207	0.441571	0.03904793616384268	3.9506172839506166e-05	0.1892075389623642
306600	-3.127387	-1.852965	-0.818319	0.043832	0.189165	0.441172	0.0390545766800642	3.9506172839506166e-05	0.1891656070947647
306720	-3.128629	-1.853992	-0.818982	0.043778	0.188979	0.440880	0.039141506515443326	5.925925925925925e-05	0.18898120522499084
306840	-3.128145	-1.854292	-0.817981	0.043799	0.188943	0.441322	0.039180149883031846	3.9506172839506166e-05	0.18894335627555847
306960	-3.128098	-1.854194	-0.818607	0.043801	0.188946	0.441045	0.0391777528449893	2.6337448559670777e-05	0.18894509971141815
307080	-3.129302	-1.854501	-0.817761	0.043748	0.188908	0.441419	0.03919298518449068	5.925925925925925e-05	0.18890930712223053
307200	-3.129179	-1.854392	-0.817558	0.043754	0.188932	0.441509	0.039195789769291875	1.1705532693187011e-05	0.18893080949783325
307320	-3.130601	-1.854386	-0.817284	0.043692	0.188950	0.441629	0.039188549295067786	2.6337448559670777e-05	0.1889505237340927
307440	-3.131459	-1.854209	-0.817854	0.043654	0.188977	0.441378	0.039179209433495996	2.6337448559670777e-05	0.18897604942321777
307560	-3.131358	-1.853727	-0.816647	0.043658	0.189090	0.441911	0.03912836275994778	2.6337448559670777e-05	0.1890898495912552
307680	-3.131672	-1.853522	-0.816615	0.043645	0.189135	0.441925	0.03911496549844742	1.7558299039780518e-05	0.18913494050502777
307800	-3.132530	-1.853482	-0.818147	0.043607	0.189119	0.441249	0.03911400530487299	1.1705532693187011e-05	0.18911834061145782
307920	-3.133434	-1.853678	-0.818605	0.043568	0.189084	0.441047	0.039117167331278326	3.9506172839506166e-05	0.1890864223241806
308040	-3.132980	-1.853434	-0.817867	0.043588	0.189128	0.441372	0.039103482849895954	3.9506172839506166e-05	0.18912851810455322
308160	-3.132856	-1.853322	-0.816751	0.043593	0.189162	0.441865	0.039094684459269044	3.9506172839506166e-05	0.1891617625951767
308280	-3.133489	-1.853146	-0.815673	0.043566	0.189221	0.442341	0.03908110577613115	2.6337448559670777e-05	0.1892213374376297
308400	-3.135958	-1.853466	-0.814879	0.043458	0.189176	0.442693	0.03911668080836535	1.7558299039780518e-05	0.18917419016361237
308520	-3.135411	-1.853247	-0.813948	0.043482	0.189235	0.443105	0.03909021858125925	3.9506172839506166e-05	0.18923413753509521
308640	-3.135551	-1.853747	-0.812733	0.043476	0.189163	0.443644	0.03912265244871378	5.925925925925925e-05	0.18916535377502441
308760	-3.135818	-1.853494	-0.812026	0.043464	0.189221	0.443958	0.03911583963781595	1.7558299039780518e-05	0.1892198771238327
308880	-3.136767	-1.853420	-0.811566	0.043423	0.189239	0.444162	0.039109902642667296	1.7558299039780518e-05	0.1892377734184265
309000	-3.136954	-1.853413	-0.811651	0.043415	0.189240	0.444124	0.039104288443922997	2.6337448559670777e-05	0.18923918902873993
309120	-3.136360	-1.853177	-0.811159	0.043441	0.189299	0.444343	0.039083588495850564	2.6337448559670777e-05	0.18929925560951233
309240	-3.137086	-1.853139	-0.811035	0.043409	0.189314	0.444398	0.039077320322394374	2.6337448559670777e-05	0.18931463360786438
309360	-3.136752	-1.853302	-0.811498	0.043424	0.189272	0.444192	0.0390919653698802	1.7558299039780518e-05	0.18927188217639923
309480	-3.136679	-1.853003	-0.811063	0.043427	0.189336	0.444386	0.039070211723446845	1.7558299039780518e-05	0.18933555483818054
309600	-3.136340	-1.852854	-0.810863	0.043442	0.189365	0.444474	0.03905552625656128	1.7558299039780518e-05	0.18936364352703094
309720	-3.136413	-1.852489	-0.810522	0.043438	0.189449	0.444626	0.03902385625988245	2.6337448559670777e-05	0.18944784998893738
309840	-3.135554	-1.851870	-0.809310	0.043476	0.189571	0.445165	0.03896671272814274	1.7558299039780518e-05	0.18957030773162842
309960	-3.135137	-1.851637	-0.809237	0.043494	0.189609	0.445197	0.03894403446465731	1.1705532693187011e-05	0.18960843980312347
310080	-3.136234	-1.852027	-0.809397	0.043446	0.189565	0.445126	0.03897387683391571	2.6337448559670777e-05	0.1895660012960434
310200	-3.136832	-1.852260	-0.809120	0.043420	0.189527	0.445250	0.03899978324770927	2.6337448559670777e-05	0.18952763080596924
310320	-3.137286	-1.852037	-0.808507	0.043400	0.189566	0.445523	0.03898037541657686	3.9506172839506166e-05	0.18956629931926727
310440	-3.137598	-1.851793	-0.808171	0.043387	0.189607	0.445672	0.03896240424364805	1.7558299039780518e-05	0.1896055042743683
310560	-3.138104	-1.851740	-0.808376	0.043365	0.189605	0.445581	0.0389619268476963	2.6337448559670777e-05	0.18960268795490265
310680	-3.139709	-1.851937	-0.808160	0.043295	0.189581	0.445677	0.03896393608301878	3.9506172839506166e-05	0.18958282470703125
310800	-3.140181	-1.852293	-0.809298	0.043275	0.189514	0.445170	0.0390003876760602	3.9506172839506166e-05	0.1895139366388321
310920	-3.139610	-1.852200	-0.808722	0.043300	0.189562	0.445427	0.03899420406669378	3.9506172839506166e-05	0.18956132233142853
311040	-3.139622	-1.851947	-0.808675	0.043299	0.189621	0.445448	0.038974524848163127	2.6337448559670777e-05	0.18961916863918304
311160	-3.139771	-1.851814	-0.808321	0.043293	0.189654	0.445605	0.03896238524466753	1.7558299039780518e-05	0.18965335190296173
311280	-3.139160	-1.851607	-0.807901	0.043319	0.189694	0.445793	0.03894405718892813	1.1705532693187011e-05	0.1896933764219284
311400	-3.139065	-1.851431	-0.807282	0.043323	0.189753	0.446069	0.0389239426702261	2.6337448559670777e-05	0.18975263833999634
311520	-3.139207	-1.851578	-0.807812	0.043317	0.189715	0.445832	0.038933677785098555	3.9506172839506166e-05	0.1897156983613968
311640	-3.139154	-1.851638	-0.807297	0.043319	0.189723	0.446062	0.03895146492868662	1.7558299039780518e-05	0.18972168862819672
311760	-3.139735	-1.851308	-0.806487	0.043294	0.189806	0.446424	0.03891287464648485	3.9506172839506166e-05	0.18980489671230316
311880	-3.140561	-1.851621	-0.806921	0.043259	0.189751	0.446230	0.03893914613872766	3.9506172839506166e-05	0.18975098431110382
312000	-3.142416	-1.851813	-0.807029	0.043178	0.189736	0.446182	0.03896147683262825	2.6337448559670777e-05	0.18973493576049805
312120	-3.143576	-1.852456	-0.806687	0.043128	0.189641	0.446334	0.03901592139154673	2.6337448559670777e-05	0.1896408647298813
312240	-3.143825	-1.852250	-0.807116	0.043118	0.189686	0.446143	0.038999924436211586	3.9506172839506166e-05	0.18968580663204193
312360	-3.144389	-1.852387	-0.806670	0.043093	0.189700	0.446342	0.03900758977979422	2.6337448559670777e-05	0.18970003724098206
312480	-3.145263	-1.852602	-0.807303	0.043056	0.189650	0.446059	0.039028522372245786	3.9506172839506166e-05	0.18965022265911102
312600	-3.147075	-1.852870	-0.806850	0.042978	0.189625	0.446262	0.03904779590666294	3.9506172839506166e-05	0.18962633609771729
312720	-3.147707	-1.853453	-0.807627	0.042950	0.189527	0.445915	0.03910925537347794	1.7558299039780518e-05	0.18952636420726776
312840	-3.148650	-1.853893	-0.806633	0.042910	0.189471	0.446359	0.039139138907194136	3.9506172839506166e-05	0.18947172164916992
312960	-3.148882	-1.853603	-0.805621	0.042900	0.189540	0.446811	0.039119443856179714	2.6337448559670777e-05	0.1895405650138855
313080	-3.148192	-1.853593	-0.805371	0.042930	0.189532	0.446922	0.039119652844965457	3.9506172839506166e-05	0.1895325779914856
313200	-3.148426	-1.853508	-0.804162	0.042920	0.189572	0.447463	0.03911054115742445	1.1705532693187011e-05	0.1895720511674881
313320	-3.148516	-1.853478	-0.803255	0.042916	0.189573	0.447869	0.039109711162745954	2.6337448559670777e-05	0.18957310914993286
313440	-3.148586	-1.853407	-0.803008	0.042913	0.189589	0.447979	0.039102901704609394	1.7558299039780518e-05	0.18958832323551178
313560	-3.148956	-1.853483	-0.803184	0.042897	0.189573	0.447901	0.03910989854484796	2.6337448559670777e-05	0.18957281112670898
313680	-3.149556	-1.853391	-0.801614	0.042871	0.189640	0.448605	0.039100695960223676	3.9506172839506166e-05	0.18964076042175293
313800	-3.150944	-1.853453	-0.801111	0.042812	0.189635	0.448830	0.0391084510833025	1.7558299039780518e-05	0.18963423371315002
313920	-3.151074	-1.853291	-0.799827	0.042806	0.189697	0.449407	0.0390913125127554	3.9506172839506166e-05	0.18969741463661194
314040	-3.151764	-1.853679	-0.800069	0.042777	0.189612	0.449298	0.03912186603993177	3.9506172839506166e-05	0.1896125078201294
314160	-3.152481	-1.854321	-0.800148	0.042746	0.189504	0.449262	0.03918119445443154	3.9506172839506166e-05	0.18950359523296356
314280	-3.152870	-1.854535	-0.798950	0.042729	0.189492	0.449801	0.03920532800257206	2.6337448559670777e-05	0.18949072062969208
314400	-3.152425	-1.854319	-0.798160	0.042748	0.189537	0.450157	0.03918635025620461	3.9506172839506166e-05	0.1895359605550766
314520	-3.151884	-1.854219	-0.797367	0.042771	0.189600	0.450514	0.039179333671927455	3.9506172839506166e-05	0.18959727883338928
314640	-3.152147	-1.854047	-0.797207	0.042760	0.189632	0.450585	0.03915039096027613	3.9506172839506166e-05	0.18963347375392914
314760	-3.153054	-1.854190	-0.796781	0.042721	0.189623	0.450778	0.03917644303292036	1.7558299039780518e-05	0.18962199985980988
314880	-3.153736	-1.854262	-0.796257	0.042692	0.189642	0.451014	0.03918080199509859	1.7558299039780518e-05	0.189641535282135
315000	-3.154507	-1.853871	-0.795279	0.042659	0.189738	0.451455	0.03915020115673542	1.1705532693187011e-05	0.18973620235919952
315120	-3.153902	-1.853692	-0.794831	0.042685	0.189776	0.451658	0.03912876434624195	1.1705532693187011e-05	0.18977554142475128
315240	-3.153391	-1.853484	-0.794260	0.042707	0.189816	0.451916	0.039113734103739264	1.7558299039780518e-05	0.18981559574604034
315360	-3.153347	-1.853126	-0.793591	0.042709	0.189896	0.452218	0.039078213088214395	2.6337448559670777e-05	0.189895898103714
315480	-3.153369	-1.852805	-0.793639	0.042708	0.189958	0.452196	0.03904580194503069	3.9506172839506166e-05	0.18995808064937592
315600	-3.152703	-1.852291	-0.792205	0.042736	0.190071	0.452845	0.03900653105229139	1.7558299039780518e-05	0.19006991386413574
315720	-3.152888	-1.852245	-0.791585	0.042729	0.190097	0.453126	0.038997428491711617	3.9506172839506166e-05	0.19009722769260406
315840	-3.152422	-1.852400	-0.792174	0.042748	0.190049	0.452859	0.03900942839682102	2.6337448559670777e-05	0.19004955887794495
315960	-3.152997	-1.852943	-0.792355	0.042724	0.189932	0.452777	0.03905575089156628	3.9506172839506166e-05	0.1899328976869583
316080	-3.153747	-1.853248	-0.792882	0.042692	0.189855	0.452539	0.039085895754396915	3.9506172839506166e-05	0.18985547125339508
316200	-3.154355	-1.853270	-0.792084	0.042666	0.189858	0.452900	0.03908955361694098	5.925925925925925e-05	0.1898581087589264
316320	-3.156378	-1.853915	-0.793593	0.042580	0.189770	0.452217	0.039140633679926394	5.925925925925925e-05	0.18977084755897522
316440	-3.157000	-1.853808	-0.794218	0.042553	0.189793	0.451934	0.0391491437330842	3.9506172839506166e-05	0.18979060649871826
316560	-3.159265	-1.854120	-0.794160	0.042457	0.189729	0.451961	0.03915945645421744	2.6337448559670777e-05	0.18972985446453094
316680	-3.160169	-1.854725	-0.794078	0.042419	0.189634	0.451998	0.03922303225845099	3.9506172839506166e-05	0.18963252007961273
316800	-3.161073	-1.854703	-0.793038	0.042380	0.189670	0.452468	0.039216062612831594	3.9506172839506166e-05	0.18967075645923615
316920	-3.161161	-1.854891	-0.793276	0.042377	0.189639	0.452360	0.03923582993447781	1.7558299039780518e-05	0.18963921070098877
317040	-3.160975	-1.854652	-0.792433	0.042384	0.189699	0.452742	0.03921855911612511	2.6337448559670777e-05	0.18969732522964478
317160	-3.161053	-1.854466	-0.791574	0.042381	0.189754	0.453131	0.03920130748301744	1.7558299039780518e-05	0.18975324928760529
317280	-3.160654	-1.854376	-0.791473	0.042398	0.189773	0.453177	0.039191899634897706	1.7558299039780518e-05	0.18977171182632446
317400	-3.160986	-1.853985	-0.790787	0.042384	0.189860	0.453488	0.03915500044822693	1.7558299039780518e-05	0.1898597627878189
317520	-3.161845	-1.853745	-0.789692	0.042348	0.189907	0.453985	0.03913399260491133	2.6337448559670777e-05	0.18990609049797058
317640	-3.161750	-1.853827	-0.788326	0.042352	0.189903	0.454605	0.03913714550435543	2.6337448559670777e-05	0.18990306556224823
317760	-3.162168	-1.853802	-0.787400	0.042334	0.189938	0.455026	0.039138452336192134	2.6337448559670777e-05	0.18993809819221497
317880	-3.162297	-1.853574	-0.786945	0.042328	0.190000	0.455234	0.03912288062274456	2.6337448559670777e-05	0.18999925255775452
318000	-3.163759	-1.853737	-0.786051	0.042267	0.189988	0.455640	0.03912783395498991	3.9506172839506166e-05	0.1899883896112442
318120	-3.164131	-1.853834	-0.785682	0.042251	0.189969	0.455809	0.039142795093357566	2.6337448559670777e-05	0.18996798992156982
318240	-3.165361	-1.854131	-0.785880	0.042199	0.189943	0.455719	0.03916905242949724	3.9506172839506166e-05	0.18994279205799103
318360	-3.164986	-1.853761	-0.785162	0.042215	0.190024	0.456046	0.039134194143116474	2.6337448559670777e-05	0.1900234818458557
318480	-3.165421	-1.853580	-0.784359	0.042196	0.190057	0.456412	0.03912006691098213	3.9506172839506166e-05	0.19005610048770905
318600	-3.165633	-1.853525	-0.783114	0.042187	0.190085	0.456981	0.03911159485578537	3.9506172839506166e-05	0.19008499383926392
318720	-3.165662	-1.853294	-0.781312	0.042186	0.190157	0.457805	0.03909564968198538	1.7558299039780518e-05	0.19015616178512573
318840	-3.165506	-1.852759	-0.780355	0.042193	0.190270	0.458243	0.03904393222182989	3.9506172839506166e-05	0.19027045369148254
318960	-3.165499	-1.852575	-0.779954	0.042193	0.190297	0.458427	0.039022316597402094	3.9506172839506166e-05	0.19029763340950012
319080	-3.166466	-1.852350	-0.778239	0.042152	0.190382	0.459214	0.03901102729141712	1.7558299039780518e-05	0.19038203358650208
319200	-3.166102	-1.852039	-0.777475	0.042168	0.190462	0.459565	0.03898571096360683	2.6337448559670777e-05	0.1904604732990265
319320	-3.165997	-1.851965	-0.776998	0.042172	0.190474	0.459784	0.03897608928382397	2.6337448559670777e-05	0.19047361612319946
319440	-3.165938	-1.851451	-0.776721	0.042175	0.190563	0.459911	0.03892964739352465	2.6337448559670777e-05	0.19056206941604614
319560	-3.165916	-1.850950	-0.775897	0.042175	0.190661	0.460291	0.0388846455141902	1.7558299039780518e-05	0.19066064059734344
319680	-3.165842	-1.850901	-0.775870	0.042179	0.190681	0.460303	0.0388826260343194	1.7558299039780518e-05	0.1906794160604477
319800	-3.166285	-1.850647	-0.775222	0.042160	0.190778	0.460602	0.03885641451925039	2.6337448559670777e-05	0.1907770037651062
319920	-3.166535	-1.850510	-0.773812	0.042149	0.190832	0.461251	0.03884491249918938	5.925925925925925e-05	0.19083043932914734
320040	-3.166616	-1.850164	-0.772625	0.042146	0.190910	0.461799	0.038811865635216235	2.6337448559670777e-05	0.19090944528579712
320160	-3.167597	-1.850366	-0.771614	0.042105	0.190897	0.462266	0.038827496208250524	2.6337448559670777e-05	0.19089680910110474
320280	-3.168882	-1.850596	-0.771182	0.042051	0.190862	0.462466	0.03885110542178154	2.6337448559670777e-05	0.19086280465126038
320400	-3.168634	-1.850043	-0.771175	0.042061	0.190977	0.462469	0.03880404811352491	1.7558299039780518e-05	0.1909765899181366
320520	-3.169053	-1.850293	-0.771848	0.042043	0.190911	0.462158	0.03882184159010649	1.7558299039780518e-05	0.1909112185239792
320640	-3.169432	-1.850084	-0.771697	0.042027	0.190960	0.462228	0.038802062161266804	2.6337448559670777e-05	0.19096042215824127
320760	-3.170581	-1.850542	-0.772385	0.041979	0.190849	0.461910	0.03884211201220751	3.9506172839506166e-05	0.1908498853445053
320880	-3.172168	-1.850625	-0.771581	0.041913	0.190854	0.462282	0.038852395862340926	2.6337448559670777e-05	0.19085319340229034
321000	-3.172533	-1.850639	-0.771106	0.041897	0.190857	0.462501	0.038854061253368856	2.6337448559670777e-05	0.1908567100763321
321120	-3.172668	-1.850628	-0.771037	0.041892	0.190862	0.462533	0.03885236158967018	1.7558299039780518e-05	0.19086173176765442
321240	-3.171799	-1.850502	-0.770543	0.041928	0.190888	0.462762	0.038841928355395794	1.7558299039780518e-05	0.1908871829509735
321360	-3.171986	-1.850578	-0.769411	0.041920	0.190912	0.463286	0.03884342554956675	3.9506172839506166e-05	0.19091323018074036
321480	-3.171637	-1.849989	-0.768448	0.041935	0.191038	0.463732	0.03879783917218447	3.9506172839506166e-05	0.19103775918483734
321600	-3.172280	-1.849932	-0.768454	0.041908	0.191063	0.463729	0.03879255652427673	2.6337448559670777e-05	0.19106262922286987
321720	-3.172465	-1.849917	-0.767950	0.041900	0.191068	0.463963	0.03879077527672052	2.6337448559670777e-05	0.1910676807165146
321840	-3.173436	-1.849463	-0.765850	0.041860	0.191183	0.464939	0.03874862864613533	3.9506172839506166e-05	0.19118228554725647
321960	-3.173969	-1.849220	-0.764428	0.041837	0.191276	0.465600	0.03872744292020798	2.6337448559670777e-05	0.19127492606639862
322080	-3.171836	-1.848984	-0.764203	0.041927	0.191323	0.465705	0.03870527371764183	1.7558299039780518e-05	0.19132289290428162
322200	-3.171763	-1.849035	-0.763969	0.041930	0.191300	0.465814	0.03870931789278984	3.9506172839506166e-05	0.1912994235754013
322320	-3.171982	-1.849304	-0.762582	0.041920	0.191254	0.466460	0.03873591274023056	3.9506172839506166e-05	0.19125348329544067
322440	-3.171782	-1.849091	-0.762220	0.041929	0.191296	0.466629	0.03871442973613739	1.7558299039780518e-05	0.19129574298858643
322560	-3.172192	-1.848985	-0.762648	0.041912	0.191295	0.466430	0.03870542831718922	2.6337448559670777e-05	0.19129616022109985
322680	-3.173524	-1.849181	-0.762823	0.041856	0.191284	0.466348	0.03872000016272068	2.6337448559670777e-05	0.19128407537937164
322800	-3.173164	-1.848697	-0.761629	0.041871	0.191398	0.466905	0.038683589361608026	1.7558299039780518e-05	0.191397026181221
322920	-3.173183	-1.848368	-0.760858	0.041870	0.191465	0.467265	0.03865017481148243	1.7558299039780518e-05	0.19146506488323212
323040	-3.173955	-1.848020	-0.760130	0.041838	0.191523	0.467606	0.038622946478426456	1.7558299039780518e-05	0.19152212142944336
323160	-3.174051	-1.847511	-0.759125	0.041834	0.191630	0.468076	0.038573328964412214	1.7558299039780518e-05	0.1916295737028122
323280	-3.173860	-1.847456	-0.758607	0.041842	0.191651	0.468318	0.03856525272130966	2.6337448559670777e-05	0.19165125489234924
323400	-3.173566	-1.847162	-0.758709	0.041854	0.191703	0.468271	0.038543961383402346	1.7558299039780518e-05	0.1917024403810501
323520	-3.173740	-1.846798	-0.758248	0.041847	0.191777	0.468487	0.038510910235345364	2.6337448559670777e-05	0.1917760968208313
323640	-3.173657	-1.846655	-0.757422	0.041850	0.191831	0.468874	0.03849556166678667	1.1705532693187011e-05	0.19183099269866943
323760	-3.173820	-1.846687	-0.757019	0.041843	0.191851	0.469063	0.038496780395507815	3.9506172839506166e-05	0.19185103476047516
323880	-3.174552	-1.846652	-0.756088	0.041813	0.191898	0.469500	0.038499502651393416	2.6337448559670777e-05	0.19189678132534027
324000	-3.175279	-1.846486	-0.754924	0.041782	0.191961	0.470046	0.03848203644156456	2.6337448559670777e-05	0.19196005165576935
324120	-3.175227	-1.846204	-0.755154	0.041785	0.191988	0.469938	0.038456743210554124	2.6337448559670777e-05	0.19198721647262573
324240	-3.175912	-1.846941	-0.755476	0.041756	0.191826	0.469787	0.03851928878575563	3.9506172839506166e-05	0.1918252855539322
324360	-3.176005	-1.847001	-0.754253	0.041752	0.191811	0.470362	0.03852195776998997	3.9506172839506166e-05	0.1918119490146637
324480	-3.177188	-1.846635	-0.751875	0.041703	0.191924	0.471482	0.03849521204829216	2.6337448559670777e-05	0.19192324578762054
324600	-3.178156	-1.846253	-0.751426	0.041662	0.192021	0.471694	0.0384536175057292	3.9506172839506166e-05	0.19202107191085815
324720	-3.179372	-1.846549	-0.750046	0.041612	0.191990	0.472345	0.03848580978810787	2.6337448559670777e-05	0.19198866188526154
324840	-3.179720	-1.846329	-0.749790	0.041597	0.192041	0.472466	0.03845764510333538	2.6337448559670777e-05	0.192042738199234
324960	-3.180568	-1.846286	-0.749365	0.041562	0.192064	0.472667	0.038463647849857806	1.7558299039780518e-05	0.1920640468597412
325080	-3.180622	-1.846037	-0.749265	0.041560	0.192108	0.472714	0.03843987099826336	1.7558299039780518e-05	0.19210763275623322
325200	-3.180196	-1.845626	-0.748803	0.041578	0.192186	0.472932	0.03840480670332909	5.202458974749783e-06	0.19218558073043823
325320	-3.179648	-1.845556	-0.748684	0.041600	0.192197	0.472989	0.03839535266160965	1.1705532693187011e-05	0.19219638407230377
325440	-3.180592	-1.845190	-0.748361	0.041561	0.192291	0.473142	0.03836880940943956	1.1705532693187011e-05	0.19228965044021606
325560	-3.180219	-1.845231	-0.748048	0.041577	0.192295	0.473289	0.03836673479527235	1.7558299039780518e-05	0.19229432940483093
325680	-3.180185	-1.845128	-0.747669	0.041578	0.192351	0.473469	0.038359742425382135	1.7558299039780518e-05	0.1923500895500183
325800	-3.179931	-1.844890	-0.747382	0.041589	0.192403	0.473605	0.03833824321627617	1.1705532693187011e-05	0.19240203499794006
325920	-3.180132	-1.844712	-0.746343	0.041580	0.192448	0.474097	0.03832565154880285	3.9506172839506166e-05	0.19244688749313354
326040	-3.179773	-1.844878	-0.745868	0.041595	0.192413	0.474322	0.0383262800052762	2.6337448559670777e-05	0.19241522252559662
326160	-3.179931	-1.844677	-0.745997	0.041589	0.192459	0.474261	0.038319542072713375	3.9506172839506166e-05	0.19245822727680206
326280	-3.180251	-1.844671	-0.745946	0.041575	0.192470	0.474286	0.03831726722419262	1.7558299039780518e-05	0.19246941804885864
326400	-3.180309	-1.844831	-0.745278	0.041573	0.192443	0.474602	0.038328289054334164	2.6337448559670777e-05	0.1924431473016739
326520	-3.180052	-1.844548	-0.744851	0.041584	0.192489	0.474805	0.03830629922449589	2.6337448559670777e-05	0.19248858094215393
326640	-3.181879	-1.844426	-0.745219	0.041508	0.192526	0.474630	0.03830251600593328	3.9506172839506166e-05	0.19252470135688782
326760	-3.181300	-1.844253	-0.744782	0.041532	0.192563	0.474838	0.038280978053808215	1.7558299039780518e-05	0.1925622522830963
326880	-3.181596	-1.844200	-0.744748	0.041519	0.192590	0.474854	0.03827634360641241	2.6337448559670777e-05	0.19258882105350494
327000	-3.181409	-1.844036	-0.744952	0.041527	0.192618	0.474757	0.03826004341244697	1.7558299039780518e-05	0.1926175206899643
327120	-3.181966	-1.843906	-0.745076	0.041504	0.192636	0.474698	0.03825087156146765	1.1705532693187011e-05	0.1926359385251999
327240	-3.181495	-1.843603	-0.743664	0.041524	0.192713	0.475369	0.0382222393527627	1.7558299039780518e-05	0.1927122324705124
327360	-3.181144	-1.843372	-0.743933	0.041538	0.192750	0.475241	0.03819842785596848	2.6337448559670777e-05	0.1927497684955597
327480	-3.180911	-1.842932	-0.743004	0.041548	0.192840	0.475683	0.03816448822617531	1.7558299039780518e-05	0.1928393393754959
327600	-3.180094	-1.842690	-0.742174	0.041582	0.192904	0.476078	0.03813744429498911	1.7558299039780518e-05	0.1929038017988205
327720	-3.180337	-1.842517	-0.742349	0.041572	0.192931	0.475995	0.03812173698097467	2.6337448559670777e-05	0.19293105602264404
327840	-3.180457	-1.842309	-0.742236	0.041567	0.192956	0.476048	0.03810389842838049	3.9506172839506166e-05	0.19295628368854523
327960	-3.179791	-1.842391	-0.742354	0.041594	0.192945	0.475992	0.03810646329075098	2.6337448559670777e-05	0.1929461508989334
328080	-3.180492	-1.842529	-0.741432	0.041565	0.192925	0.476431	0.03812549356371164	3.9506172839506166e-05	0.19292278587818146
328200	-3.180690	-1.842651	-0.742320	0.041557	0.192919	0.476008	0.038127770833671096	5.925925925925925e-05	0.19292029738426208
328320	-3.180721	-1.842794	-0.742123	0.041556	0.192909	0.476102	0.03814811054617166	2.6337448559670777e-05	0.19290950894355774
328440	-3.180656	-1.842611	-0.740783	0.041558	0.192956	0.476741	0.03813080601394177	3.9506172839506166e-05	0.19295577704906464
328560	-3.180423	-1.842605	-0.739837	0.041568	0.192975	0.477192	0.03812810797244311	3.9506172839506166e-05	0.19297531247138977
328680	-3.179438	-1.842293	-0.738455	0.041609	0.193037	0.477851	0.03810528889298439	2.6337448559670777e-05	0.1930367648601532
328800	-3.180397	-1.842020	-0.738318	0.041569	0.193082	0.477917	0.03808054123073816	1.7558299039780518e-05	0.19308143854141235
328920	-3.181167	-1.842114	-0.739154	0.041537	0.193036	0.477518	0.03808528911322355	1.7558299039780518e-05	0.1930355727672577
329040	-3.181432	-1.841912	-0.738720	0.041526	0.193073	0.477725	0.03806886579841375	2.6337448559670777e-05	0.19307303428649902
329160	-3.181674	-1.841707	-0.737270	0.041516	0.193143	0.478418	0.03805136419832707	1.7558299039780518e-05	0.19314253330230713
329280	-3.181415	-1.841452	-0.736733	0.041527	0.193196	0.478675	0.038024448230862616	1.7558299039780518e-05	0.193196639418602
329400	-3.181917	-1.841630	-0.735411	0.041506	0.193180	0.479309	0.03803944662213325	2.6337448559670777e-05	0.1931803673505783
329520	-3.181865	-1.841560	-0.734898	0.041508	0.193196	0.479554	0.0380330054089427	2.6337448559670777e-05	0.1931963562965393
329640	-3.181267	-1.841515	-0.735224	0.041533	0.193187	0.479398	0.03803489916026592	1.7558299039780518e-05	0.19318704307079315
329760	-3.182441	-1.841542	-0.735039	0.041484	0.193180	0.479487	0.038033084198832515	2.6337448559670777e-05	0.19318027794361115
329880	-3.182319	-1.841499	-0.734175	0.041489	0.193212	0.479901	0.03803236354142427	2.6337448559670777e-05	0.19321155548095703
330000	-3.181867	-1.841269	-0.733390	0.041508	0.193251	0.480278	0.038011396490037444	1.7558299039780518e-05	0.19325058162212372
330120	-3.182613	-1.841575	-0.732838	0.041477	0.193194	0.480543	0.0380316112190485	3.9506172839506166e-05	0.1931951493024826
330240	-3.184543	-1.842202	-0.733194	0.041397	0.193093	0.480372	0.03809209279716015	1.7558299039780518e-05	0.19309265911579132
330360	-3.184972	-1.842304	-0.732802	0.041379	0.193073	0.480560	0.038100763224065304	2.6337448559670777e-05	0.19307279586791992
330480	-3.185846	-1.842570	-0.731937	0.041343	0.193020	0.480976	0.0381223276257515	3.9506172839506166e-05	0.19302156567573547
330600	-3.187901	-1.843428	-0.732200	0.041258	0.192872	0.480850	0.03819469325244427	3.9506172839506166e-05	0.19287320971488953
330720	-3.187865	-1.843448	-0.732155	0.041260	0.192880	0.480871	0.0382108025252819	1.1705532693187011e-05	0.19287945330142975
330840	-3.187785	-1.843139	-0.731394	0.041263	0.192942	0.481238	0.03817960172891617	2.6337448559670777e-05	0.19294169545173645
330960	-3.187631	-1.842672	-0.730317	0.041270	0.193040	0.481756	0.03814331982284784	1.7558299039780518e-05	0.19303832948207855
331080	-3.187120	-1.842730	-0.730921	0.041291	0.193028	0.481466	0.03814174346625805	1.7558299039780518e-05	0.19302721321582794
331200	-3.186900	-1.842453	-0.730162	0.041300	0.193092	0.481831	0.03812196161597967	1.7558299039780518e-05	0.19309020042419434
331320	-3.186885	-1.842307	-0.730123	0.041300	0.193122	0.481850	0.03810669165104628	1.1705532693187011e-05	0.1931218057870865
331440	-3.187038	-1.842040	-0.729592	0.041294	0.193183	0.482106	0.0380823589861393	1.7558299039780518e-05	0.1931820958852768
331560	-3.187772	-1.842032	-0.728924	0.041264	0.193208	0.482428	0.03807881455868482	3.9506172839506166e-05	0.19320741295814514
331680	-3.187768	-1.841991	-0.729097	0.041264	0.193218	0.482344	0.03807344790548086	1.7558299039780518e-05	0.1932184100151062
331800	-3.187746	-1.841746	-0.728377	0.041265	0.193301	0.482692	0.03805694337934255	1.7558299039780518e-05	0.19329974055290222
331920	-3.187337	-1.841536	-0.726996	0.041282	0.193363	0.483359	0.03803428951650858	2.6337448559670777e-05	0.1933620721101761
332040	-3.187026	-1.841273	-0.726062	0.041294	0.193420	0.483810	0.038010171987116335	3.9506172839506166e-05	0.19342078268527985
332160	-3.186695	-1.840944	-0.726878	0.041308	0.193461	0.483416	0.03798216376453638	2.6337448559670777e-05	0.19346028566360474
332280	-3.185759	-1.840478	-0.726496	0.041347	0.193540	0.483601	0.037942074798047544	1.7558299039780518e-05	0.1935393363237381
332400	-3.186072	-1.840508	-0.726056	0.041334	0.193559	0.483814	0.0379427446052432	2.6337448559670777e-05	0.19355817139148712
332520	-3.186114	-1.840321	-0.725020	0.041332	0.193614	0.484315	0.0379186587408185	3.9506172839506166e-05	0.19361494481563568
332640	-3.186209	-1.840648	-0.724708	0.041328	0.193588	0.484466	0.037954149022698405	2.6337448559670777e-05	0.19358795881271362
332760	-3.186844	-1.840630	-0.724428	0.041302	0.193600	0.484602	0.0379519734531641	1.7558299039780518e-05	0.19359993934631348
332880	-3.187435	-1.840442	-0.723562	0.041278	0.193655	0.485021	0.0379417447373271	1.7558299039780518e-05	0.1936538815498352
333000	-3.187161	-1.839985	-0.722699	0.041289	0.193749	0.485440	0.03789406828582287	2.6337448559670777e-05	0.19374921917915344
333120	-3.186970	-1.839790	-0.722393	0.041297	0.193779	0.485589	0.03788077067583799	2.6337448559670777e-05	0.19377794861793518
333240	-3.186573	-1.839625	-0.723486	0.041313	0.193780	0.485058	0.037861230038106444	2.6337448559670777e-05	0.19378025829792023
333360	-3.186163	-1.839939	-0.723646	0.041330	0.193717	0.484981	0.037886245362460616	3.9506172839506166e-05	0.1937173753976822
333480	-3.186172	-1.840037	-0.723920	0.041330	0.193724	0.484848	0.03789699599146843	1.7558299039780518e-05	0.19372443854808807
333600	-3.185508	-1.839723	-0.723134	0.041357	0.193785	0.485229	0.03787307702004909	3.9506172839506166e-05	0.19378367066383362
333720	-3.184615	-1.839444	-0.722803	0.041394	0.193848	0.485390	0.037852412834763524	7.803688462124674e-06	0.19384713470935822
333840	-3.184846	-1.839361	-0.721700	0.041385	0.193882	0.485925	0.03783376794308424	3.9506172839506166e-05	0.19388267397880554
333960	-3.186479	-1.839504	-0.720906	0.041317	0.193889	0.486311	0.03785122353583574	2.6337448559670777e-05	0.1938890665769577
334080	-3.188553	-1.839761	-0.719527	0.041231	0.193882	0.486983	0.03787582367658615	3.9506172839506166e-05	0.193881094455719
334200	-3.191182	-1.840081	-0.718041	0.041123	0.193862	0.487707	0.03790290262550115	3.9506172839506166e-05	0.19386178255081177
334320	-3.192570	-1.840570	-0.718067	0.041066	0.193783	0.487694	0.037938854470849034	3.9506172839506166e-05	0.19378402829170227
334440	-3.192867	-1.840420	-0.717480	0.041054	0.193835	0.487980	0.037938351184129714	1.7558299039780518e-05	0.19383351504802704
334560	-3.194641	-1.840535	-0.717140	0.040981	0.193823	0.488146	0.037936693802475926	3.9506172839506166e-05	0.19382475316524506
334680	-3.195970	-1.840657	-0.716242	0.040927	0.193847	0.488585	0.0379502410069108	3.9506172839506166e-05	0.1938471645116806
334800	-3.195994	-1.840339	-0.714699	0.040926	0.193939	0.489339	0.03792960308492184	1.7558299039780518e-05	0.19393832981586456
334920	-3.195878	-1.840140	-0.713740	0.040931	0.193996	0.489809	0.03790806420147419	2.6337448559670777e-05	0.19399622082710266
335040	-3.195001	-1.839960	-0.713094	0.040966	0.194039	0.490126	0.03789375815540552	1.7558299039780518e-05	0.19403855502605438
335160	-3.194641	-1.839601	-0.713019	0.040981	0.194103	0.490162	0.03786223977804184	2.6337448559670777e-05	0.19410231709480286
335280	-3.194825	-1.839327	-0.712619	0.040974	0.194162	0.490358	0.03784072995185852	2.6337448559670777e-05	0.19416001439094543
335400	-3.194897	-1.838959	-0.711604	0.040971	0.194262	0.490856	0.03780825734138489	2.6337448559670777e-05	0.19426019489765167
335520	-3.194936	-1.838760	-0.710791	0.040969	0.194323	0.491255	0.037779747322201726	3.9506172839506166e-05	0.19432447850704193
335640	-3.195530	-1.838758	-0.711277	0.040945	0.194334	0.491017	0.0377886950969696	2.6337448559670777e-05	0.19433341920375824
335760	-3.195359	-1.838620	-0.710946	0.040952	0.194368	0.491180	0.03777221404016018	2.6337448559670777e-05	0.19436761736869812
335880	-3.195954	-1.838390	-0.709719	0.040927	0.194432	0.491782	0.037754594907164575	2.6337448559670777e-05	0.19443091750144958
336000	-3.196347	-1.838455	-0.708145	0.040911	0.194438	0.492557	0.03775783516466617	3.9506172839506166e-05	0.19443711638450623
336120	-3.196386	-1.838046	-0.706692	0.040910	0.194536	0.493273	0.03771942462772131	2.6337448559670777e-05	0.19453556835651398
336240	-3.195120	-1.838098	-0.706302	0.040962	0.194529	0.493466	0.03772011902183294	2.6337448559670777e-05	0.1945287436246872
336360	-3.194619	-1.838063	-0.706266	0.040982	0.194536	0.493483	0.037717883475124836	2.6337448559670777e-05	0.19453631341457367
336480	-3.195416	-1.837891	-0.706003	0.040949	0.194596	0.493613	0.03770792353898287	1.1705532693187011e-05	0.19459572434425354
336600	-3.195359	-1.837933	-0.705881	0.040952	0.194592	0.493674	0.03771192394196987	1.7558299039780518e-05	0.19459132850170135
336720	-3.195301	-1.837736	-0.705748	0.040954	0.194633	0.493739	0.03769501820206642	2.6337448559670777e-05	0.19463253021240234
336840	-3.195642	-1.837640	-0.704630	0.040940	0.194670	0.494292	0.03768207728862762	3.9506172839506166e-05	0.19466961920261383
336960	-3.196042	-1.837449	-0.704522	0.040924	0.194712	0.494345	0.037674447149038316	1.7558299039780518e-05	0.194710373878479
337080	-3.196859	-1.837430	-0.704370	0.040890	0.194715	0.494420	0.03766363076865673	2.6337448559670777e-05	0.1947152018547058
337200	-3.197248	-1.837397	-0.703815	0.040875	0.194732	0.494695	0.03766391687095165	1.1705532693187011e-05	0.1947316825389862
337320	-3.198218	-1.837037	-0.702688	0.040835	0.194847	0.495252	0.03763122633099556	1.7558299039780518e-05	0.1948467344045639
337440	-3.199162	-1.837057	-0.702438	0.040796	0.194878	0.495376	0.03762970790266991	1.7558299039780518e-05	0.19487760961055756
337560	-3.199944	-1.836850	-0.702077	0.040765	0.194929	0.495555	0.03761385958641768	2.6337448559670777e-05	0.19492816925048828
337680	-3.199677	-1.836596	-0.701917	0.040775	0.194968	0.495634	0.03759010750800371	1.1705532693187011e-05	0.19496780633926392
337800	-3.199790	-1.836423	-0.701578	0.040771	0.195000	0.495802	0.037573983706533906	1.7558299039780518e-05	0.19500018656253815
337920	-3.199788	-1.836379	-0.701648	0.040771	0.195001	0.495768	0.037569699622690675	1.7558299039780518e-05	0.1950005739927292
338040	-3.200650	-1.836442	-0.701720	0.040736	0.195026	0.495732	0.03757330477237701	2.6337448559670777e-05	0.19502580165863037
338160	-3.200779	-1.836505	-0.701402	0.040730	0.195042	0.495890	0.03757824618369341	2.6337448559670777e-05	0.19504311680793762
338280	-3.200894	-1.836385	-0.700364	0.040726	0.195088	0.496405	0.03756830766797066	5.925925925925925e-05	0.19508779048919678
338400	-3.201323	-1.836513	-0.699634	0.040708	0.195125	0.496767	0.03757892306894064	3.9506172839506166e-05	0.19512474536895752
338520	-3.202383	-1.836806	-0.698631	0.040665	0.195115	0.497266	0.03760505001991987	3.9506172839506166e-05	0.1951153725385666
338640	-3.202435	-1.836951	-0.698489	0.040663	0.195119	0.497336	0.03762084487825632	3.9506172839506166e-05	0.1951194554567337
338760	-3.203581	-1.836910	-0.697499	0.040617	0.195166	0.497829	0.0376164086163044	2.6337448559670777e-05	0.195165753364563
338880	-3.204078	-1.836807	-0.697270	0.040596	0.195189	0.497943	0.03760968577116728	1.7558299039780518e-05	0.1951894760131836
339000	-3.203829	-1.836259	-0.697300	0.040606	0.195280	0.497928	0.03756597097963095	3.9506172839506166e-05	0.19527949392795563
339120	-3.203549	-1.835756	-0.696415	0.040618	0.195382	0.498369	0.03751727025955916	1.7558299039780518e-05	0.1953820288181305
339240	-3.203008	-1.835196	-0.695268	0.040640	0.195506	0.498941	0.037470624037086966	2.6337448559670777e-05	0.19550475478172302
339360	-3.203291	-1.834863	-0.695088	0.040628	0.195576	0.499031	0.037435056641697884	1.7558299039780518e-05	0.19557547569274902
339480	-3.202807	-1.834663	-0.695067	0.040648	0.195604	0.499041	0.037414627894759175	3.9506172839506166e-05	0.19560429453849792
339600	-3.203706	-1.834971	-0.694065	0.040611	0.195578	0.499541	0.03743277452886105	3.9506172839506166e-05	0.1955803632736206
339720	-3.204185	-1.834873	-0.693411	0.040592	0.195630	0.499868	0.03743695262819528	1.7558299039780518e-05	0.19562891125679016
339840	-3.203164	-1.834670	-0.691926	0.040633	0.195709	0.500611	0.03741436544805765	3.9506172839506166e-05	0.1957077980041504
339960	-3.202937	-1.834650	-0.690983	0.040643	0.195739	0.501083	0.03741573691368103	2.6337448559670777e-05	0.19573800265789032
340080	-3.204102	-1.834485	-0.689946	0.040595	0.195820	0.501603	0.03740051481872797	2.6337448559670777e-05	0.19581910967826843
340200	-3.204481	-1.834410	-0.689160	0.040580	0.195890	0.501998	0.03738748393952847	2.6337448559670777e-05	0.1958899348974228
340320	-3.204846	-1.834164	-0.688570	0.040565	0.195932	0.502294	0.03737182505428791	3.9506172839506166e-05	0.19593164324760437
340440	-3.204930	-1.833869	-0.687688	0.040562	0.196014	0.502737	0.03734682165086269	1.7558299039780518e-05	0.1960129737854004
340560	-3.205006	-1.833731	-0.687247	0.040559	0.196046	0.502959	0.037331700511276725	3.9506172839506166e-05	0.1960446983575821
340680	-3.205330	-1.833817	-0.686337	0.040546	0.196052	0.503417	0.037334834970533845	3.9506172839506166e-05	0.1960541009902954
340800	-3.205948	-1.833841	-0.685073	0.040520	0.196065	0.504054	0.03733986783772707	2.6337448559670777e-05	0.19606506824493408
340920	-3.206066	-1.833579	-0.685077	0.040516	0.196122	0.504052	0.0373182637616992	2.6337448559670777e-05	0.1961216777563095
341040	-3.205919	-1.833308	-0.685140	0.040522	0.196178	0.504020	0.03729714322835207	2.6337448559670777e-05	0.19617746770381927
341160	-3.205485	-1.832894	-0.685025	0.040539	0.196238	0.504078	0.03725960496813059	5.202458974749783e-06	0.19623751938343048
341280	-3.204969	-1.832350	-0.684343	0.040560	0.196354	0.504421	0.03721463810652494	2.6337448559670777e-05	0.19635257124900818
341400	-3.205484	-1.832018	-0.683723	0.040539	0.196421	0.504735	0.037180333957076074	1.7558299039780518e-05	0.19642022252082825
341520	-3.205331	-1.831380	-0.683007	0.040545	0.196545	0.505096	0.03712450359016657	3.9506172839506166e-05	0.19654454290866852
341640	-3.205044	-1.830960	-0.682890	0.040557	0.196645	0.505155	0.037083957344293594	1.1705532693187011e-05	0.19664476811885834
341760	-3.204718	-1.830843	-0.683172	0.040570	0.196675	0.505013	0.037070286460220814	3.9506172839506166e-05	0.19667577743530273
341880	-3.205597	-1.830642	-0.682458	0.040535	0.196742	0.505373	0.03705834094434977	2.6337448559670777e-05	0.19674064218997955
342000	-3.205973	-1.830573	-0.682662	0.040519	0.196762	0.505270	0.0370527857914567	2.6337448559670777e-05	0.19676007330417633
342120	-3.205615	-1.830177	-0.681584	0.040534	0.196850	0.505815	0.037012720853090285	2.6337448559670777e-05	0.19685031473636627
342240	-3.205333	-1.830053	-0.682085	0.040545	0.196886	0.505562	0.03700182903558016	2.6337448559670777e-05	0.19688570499420166
342360	-3.203911	-1.829862	-0.681878	0.040603	0.196908	0.505666	0.0369812436401844	3.9506172839506166e-05	0.196908101439476
342480	-3.204987	-1.829839	-0.680937	0.040559	0.196941	0.506142	0.03698183260858059	2.6337448559670777e-05	0.1969415843486786
342600	-3.205059	-1.829951	-0.680654	0.040557	0.196912	0.506286	0.036989068426191804	2.6337448559670777e-05	0.19691245257854462
342720	-3.205419	-1.829841	-0.679815	0.040542	0.196953	0.506711	0.036984271928668024	3.9506172839506166e-05	0.19695237278938293
342840	-3.206232	-1.829939	-0.680290	0.040509	0.196950	0.506470	0.03698598183691502	3.9506172839506166e-05	0.19695055484771729
342960	-3.207968	-1.830175	-0.680645	0.040439	0.196930	0.506290	0.03700867723673582	2.6337448559670777e-05	0.19693046808242798
343080	-3.208564	-1.830048	-0.679519	0.040415	0.196986	0.506861	0.03700057491660118	2.6337448559670777e-05	0.19698600471019745
343200	-3.208205	-1.830085	-0.679317	0.040429	0.196986	0.506963	0.03700180985033512	2.6337448559670777e-05	0.19698646664619446
343320	-3.209676	-1.830060	-0.678050	0.040370	0.197053	0.507606	0.037001019529998305	3.9506172839506166e-05	0.1970519721508026
343440	-3.209892	-1.829588	-0.676715	0.040361	0.197170	0.508284	0.03696322925388813	1.7558299039780518e-05	0.1971699297428131
343560	-3.209754	-1.829441	-0.677276	0.040367	0.197200	0.507999	0.03694554641842842	2.6337448559670777e-05	0.19719940423965454
343680	-3.210441	-1.829507	-0.676342	0.040339	0.197191	0.508474	0.03694943394511938	3.9506172839506166e-05	0.19719187915325165
343800	-3.210368	-1.829353	-0.675997	0.040342	0.197243	0.508649	0.03693564962595701	2.6337448559670777e-05	0.19724351167678833
343920	-3.210635	-1.828902	-0.675151	0.040331	0.197339	0.509079	0.036900972574949266	2.6337448559670777e-05	0.19733847677707672
344040	-3.210546	-1.828530	-0.673195	0.040335	0.197451	0.510076	0.03686534743756056	3.9506172839506166e-05	0.19745120406150818
344160	-3.210464	-1.828101	-0.673101	0.040338	0.197528	0.510124	0.03682439289987087	1.7558299039780518e-05	0.19752851128578186
344280	-3.210113	-1.827816	-0.672287	0.040352	0.197584	0.510540	0.03680512309074402	2.6337448559670777e-05	0.19758307933807373
344400	-3.209506	-1.827324	-0.672015	0.040377	0.197677	0.510678	0.03675880040973425	7.803688462124674e-06	0.19767671823501587
344520	-3.210100	-1.827492	-0.672354	0.040353	0.197660	0.510505	0.0367632869631052	3.9506172839506166e-05	0.1976606845855713
344640	-3.210891	-1.827588	-0.671585	0.040321	0.197658	0.510898	0.03678338434547186	1.1705532693187011e-05	0.1976570039987564
344760	-3.211595	-1.827618	-0.671585	0.040292	0.197670	0.510898	0.03678823634982109	1.7558299039780518e-05	0.1976674199104309
344880	-3.213648	-1.827985	-0.671430	0.040210	0.197642	0.510977	0.036813717894256116	3.9506172839506166e-05	0.19764187932014465
345000	-3.215159	-1.827648	-0.670847	0.040149	0.197730	0.511275	0.03678782302886248	3.9506172839506166e-05	0.19772881269454956
345120	-3.216542	-1.827632	-0.671680	0.040093	0.197745	0.510849	0.03678519371896982	2.6337448559670777e-05	0.19774480164051056
345240	-3.216578	-1.827449	-0.670929	0.040092	0.197788	0.511234	0.036761626973748206	3.9506172839506166e-05	0.19778847694396973
345360	-3.218232	-1.827476	-0.670255	0.040026	0.197834	0.511578	0.03676942158490419	3.9506172839506166e-05	0.19783329963684082
345480	-3.217534	-1.827090	-0.669726	0.040054	0.197925	0.511849	0.03673602640628815	2.6337448559670777e-05	0.1979244202375412
345600	-3.217476	-1.827034	-0.669716	0.040056	0.197950	0.511854	0.036732718162238595	2.6337448559670777e-05	0.1979486346244812
345720	-3.217735	-1.826810	-0.669182	0.040046	0.197993	0.512128	0.036705388501286504	3.9506172839506166e-05	0.19799292087554932
345840	-3.218245	-1.826783	-0.668608	0.040025	0.198017	0.512422	0.03670494239777326	3.9506172839506166e-05	0.19801688194274902
345960	-3.218567	-1.826613	-0.668491	0.040012	0.198069	0.512481	0.036690816096961495	2.6337448559670777e-05	0.19806843996047974
346080	-3.219229	-1.826632	-0.667879	0.039986	0.198092	0.512795	0.03668632712215185	3.9506172839506166e-05	0.19809329509735107
346200	-3.221246	-1.826449	-0.667141	0.039905	0.198149	0.513174	0.036682447232306	2.6337448559670777e-05	0.19814735651016235
346320	-3.221577	-1.826277	-0.667237	0.039892	0.198193	0.513124	0.03666841126978397	2.6337448559670777e-05	0.1981905996799469
346440	-3.221857	-1.826126	-0.665983	0.039881	0.198256	0.513768	0.03664793223142624	1.7558299039780518e-05	0.19825534522533417
346560	-3.221618	-1.825574	-0.665295	0.039890	0.198378	0.514122	0.03660759795457125	2.6337448559670777e-05	0.19837586581707
346680	-3.222040	-1.825253	-0.665594	0.039874	0.198435	0.513968	0.03657208941876888	1.7558299039780518e-05	0.19843484461307526
346800	-3.222010	-1.824985	-0.665662	0.039875	0.198492	0.513933	0.03654721658676863	1.1705532693187011e-05	0.19849124550819397
346920	-3.221397	-1.824710	-0.665047	0.039899	0.198550	0.514249	0.036520210281014445	1.1705532693187011e-05	0.1985493004322052
347040	-3.221057	-1.824358	-0.664642	0.039913	0.198615	0.514458	0.03649277966469526	1.7558299039780518e-05	0.19861359894275665
347160	-3.221174	-1.823948	-0.663896	0.039908	0.198702	0.514842	0.036454007215797904	1.1705532693187011e-05	0.19870159029960632
347280	-3.221183	-1.823669	-0.663754	0.039908	0.198755	0.514915	0.036429784074425695	1.1705532693187011e-05	0.19875399768352509
347400	-3.220917	-1.823389	-0.663261	0.039918	0.198821	0.515169	0.03640276901423931	1.7558299039780518e-05	0.19881992042064667
347520	-3.221131	-1.823351	-0.661368	0.039910	0.198868	0.516145	0.03639898505061865	5.925925925925925e-05	0.19886687397956848
347640	-3.221223	-1.823045	-0.661470	0.039906	0.198926	0.516092	0.03636946026235819	2.6337448559670777e-05	0.1989256888628006
347760	-3.221551	-1.823296	-0.661926	0.039893	0.198873	0.515857	0.036393620818853376	3.9506172839506166e-05	0.19887255132198334
347880	-3.220736	-1.822862	-0.661216	0.039926	0.198978	0.516223	0.03635742869228124	2.6337448559670777e-05	0.19897659122943878
348000	-3.221733	-1.823079	-0.661840	0.039886	0.198950	0.515901	0.036370461247861384	2.6337448559670777e-05	0.1989498883485794
348120	-3.222857	-1.823125	-0.661366	0.039841	0.198967	0.516146	0.03637656643986702	3.9506172839506166e-05	0.19896723330020905
348240	-3.224094	-1.823660	-0.660770	0.039792	0.198937	0.516453	0.03641770109534263	5.925925925925925e-05	0.19893720746040344
348360	-3.225478	-1.824114	-0.660468	0.039737	0.198865	0.516609	0.036464141122996806	2.6337448559670777e-05	0.19886493682861328
348480	-3.224223	-1.823960	-0.659328	0.039787	0.198942	0.517199	0.03645264282822609	3.9506172839506166e-05	0.19894178211688995
348600	-3.225353	-1.824257	-0.659445	0.039742	0.198928	0.517138	0.03647013548761606	5.925925925925925e-05	0.19892872869968414
348720	-3.225203	-1.824463	-0.658731	0.039748	0.198907	0.517508	0.03649856988340616	1.7558299039780518e-05	0.19890621304512024
348840	-3.226646	-1.824719	-0.658870	0.039690	0.198860	0.517436	0.03652056735008955	3.9506172839506166e-05	0.19885998964309692
348960	-3.226291	-1.824351	-0.658186	0.039705	0.198970	0.517790	0.036490230076015	2.6337448559670777e-05	0.1989697515964508
349080	-3.225631	-1.824283	-0.657056	0.039731	0.198982	0.518375	0.036485259607434276	2.6337448559670777e-05	0.19898174703121185
349200	-3.224587	-1.823684	-0.656558	0.039772	0.199085	0.518633	0.036435209959745404	2.6337448559670777e-05	0.19908280670642853
349320	-3.224337	-1.823330	-0.655614	0.039782	0.199169	0.519123	0.03639697302132845	2.6337448559670777e-05	0.19916841387748718
349440	-3.224705	-1.823280	-0.654401	0.039768	0.199221	0.519754	0.03638847265392542	3.9506172839506166e-05	0.19922113418579102
349560	-3.225382	-1.823933	-0.654133	0.039741	0.199129	0.519893	0.036446081660687926	3.9506172839506166e-05	0.199130117893219
349680	-3.225121	-1.823800	-0.653896	0.039751	0.199157	0.520016	0.03643883243203163	3.9506172839506166e-05	0.19915719330310822
349800	-3.224958	-1.823948	-0.653650	0.039757	0.199140	0.520144	0.036447400040924546	3.9506172839506166e-05	0.19914138317108154
349920	-3.224713	-1.823556	-0.652017	0.039767	0.199259	0.520994	0.036418349295854566	3.9506172839506166e-05	0.1992579698562622
350040	-3.224824	-1.823473	-0.651558	0.039763	0.199270	0.521233	0.03640672992914915	3.9506172839506166e-05	0.19927003979682922
350160	-3.224322	-1.823005	-0.651570	0.039783	0.199343	0.521227	0.03637020010501146	2.6337448559670777e-05	0.19934183359146118
350280	-3.223729	-1.822430	-0.650934	0.039806	0.199452	0.521559	0.036317328736186025	1.7558299039780518e-05	0.19945211708545685
350400	-3.224637	-1.821856	-0.650143	0.039770	0.199598	0.521971	0.03626853879541159	5.925925925925925e-05	0.1995960921049118
350520	-3.225236	-1.821276	-0.649770	0.039746	0.199711	0.522166	0.03621553014963865	3.9506172839506166e-05	0.1997104287147522
350640	-3.225287	-1.820944	-0.650394	0.039744	0.199773	0.521840	0.036185819655656815	3.9506172839506166e-05	0.19977281987667084
350760	-3.224087	-1.820268	-0.649074	0.039792	0.199897	0.522530	0.03612650353461504	3.9506172839506166e-05	0.19989623129367828
350880	-3.222712	-1.819781	-0.648654	0.039847	0.199984	0.522749	0.03607921320945025	3.9506172839506166e-05	0.1999841332435608
351000	-3.221251	-1.819237	-0.648494	0.039905	0.200082	0.522832	0.03603481464087963	3.9506172839506166e-05	0.2000802606344223
351120	-3.220944	-1.818675	-0.647372	0.039917	0.200186	0.523420	0.03598236031830311	2.6337448559670777e-05	0.20018494129180908
351240	-3.220223	-1.817978	-0.646761	0.039946	0.200304	0.523739	0.03592063672840595	2.6337448559670777e-05	0.2003030627965927
351360	-3.219109	-1.817341	-0.646464	0.039991	0.200422	0.523895	0.03586222063750029	1.7558299039780518e-05	0.2004208266735077
351480	-3.217451	-1.816689	-0.645827	0.040057	0.200563	0.524229	0.03580539561808109	2.6337448559670777e-05	0.2005615234375
351600	-3.216988	-1.816331	-0.645672	0.040076	0.200628	0.524310	0.03576737474650145	1.1705532693187011e-05	0.20062759518623352
351720	-3.216279	-1.815952	-0.645439	0.040104	0.200692	0.524432	0.03573485240340233	7.803688462124674e-06	0.20069187879562378
351840	-3.216059	-1.815709	-0.644515	0.040113	0.200763	0.524917	0.03571153525263071	3.9506172839506166e-05	0.20076137781143188
351960	-3.216385	-1.815437	-0.643851	0.040100	0.200834	0.525266	0.03568579200655222	1.1705532693187011e-05	0.20083381235599518
352080	-3.216935	-1.815209	-0.643729	0.040078	0.200891	0.525330	0.03566390499472618	1.7558299039780518e-05	0.20089185237884521
352200	-3.217062	-1.815117	-0.643234	0.040073	0.200920	0.525590	0.03565850351005793	2.6337448559670777e-05	0.20091986656188965
352320	-3.217585	-1.814950	-0.641860	0.040052	0.200979	0.526312	0.03564409576356411	2.6337448559670777e-05	0.20097795128822327
352440	-3.217616	-1.814695	-0.641064	0.040050	0.201034	0.526732	0.035618887096643445	2.6337448559670777e-05	0.20103417336940765
352560	-3.217279	-1.814213	-0.640425	0.040064	0.201136	0.527068	0.035577698796987536	1.7558299039780518e-05	0.201135516166687
352680	-3.216551	-1.814088	-0.639748	0.040093	0.201153	0.527425	0.035563964396715164	1.1705532693187011e-05	0.20115309953689575
352800	-3.216358	-1.813805	-0.639154	0.040101	0.201226	0.527739	0.03554234616458416	1.7558299039780518e-05	0.20122414827346802
352920	-3.215650	-1.813410	-0.638710	0.040129	0.201305	0.527973	0.03550717756152153	1.1705532693187011e-05	0.20130452513694763
353040	-3.215060	-1.813075	-0.638254	0.040153	0.201365	0.528214	0.03547541107982397	2.6337448559670777e-05	0.20136496424674988
353160	-3.215017	-1.812883	-0.637961	0.040155	0.201399	0.528368	0.03545708227902651	7.803688462124674e-06	0.20139910280704498
353280	-3.214193	-1.812696	-0.638464	0.040188	0.201419	0.528103	0.0354411905631423	7.803688462124674e-06	0.20141856372356415
353400	-3.213806	-1.812482	-0.638478	0.040203	0.201462	0.528096	0.03542457427829504	2.6337448559670777e-05	0.20146015286445618
353520	-3.213311	-1.812134	-0.637716	0.040223	0.201534	0.528498	0.03538875747472048	1.7558299039780518e-05	0.20153389871120453
353640	-3.212662	-1.811647	-0.637434	0.040249	0.201611	0.528647	0.035348334535956386	1.1705532693187011e-05	0.20161086320877075
353760	-3.212143	-1.811317	-0.637564	0.040270	0.201659	0.528578	0.035316526517272	1.7558299039780518e-05	0.20165888965129852
353880	-3.211940	-1.810905	-0.637048	0.040278	0.201736	0.528851	0.03528129458427429	2.6337448559670777e-05	0.20173536241054535
354000	-3.211615	-1.810688	-0.636830	0.040291	0.201779	0.528966	0.035255313664674756	1.7558299039780518e-05	0.20177926123142242
354120	-3.211420	-1.810509	-0.636806	0.040299	0.201814	0.528979	0.035243427380919456	7.803688462124674e-06	0.20181353390216827
354240	-3.210749	-1.810226	-0.636390	0.040326	0.201872	0.529200	0.035218196362257	1.1705532693187011e-05	0.20187188684940338
354360	-3.210145	-1.809924	-0.636064	0.040351	0.201926	0.529372	0.03519260343164206	1.1705532693187011e-05	0.20192517340183258
354480	-3.209767	-1.809462	-0.636325	0.040366	0.202012	0.529234	0.035151444189250466	2.6337448559670777e-05	0.20201154053211212
354600	-3.209466	-1.809296	-0.635548	0.040378	0.202045	0.529645	0.03512982316315174	3.9506172839506166e-05	0.20204654335975647
354720	-3.209173	-1.809213	-0.635096	0.040390	0.202075	0.529885	0.035126065276563166	1.1705532693187011e-05	0.2020740509033203
354840	-3.208859	-1.808973	-0.635093	0.040403	0.202123	0.529886	0.03510589152574539	7.803688462124674e-06	0.2021225243806839
354960	-3.208430	-1.808788	-0.634894	0.040420	0.202159	0.529992	0.03508822787553072	1.7558299039780518e-05	0.20215840637683868
355080	-3.208652	-1.808561	-0.634619	0.040411	0.202201	0.530137	0.03506767880171537	1.1705532693187011e-05	0.2022009640932083
355200	-3.208666	-1.808336	-0.634698	0.040411	0.202247	0.530095	0.035047083534300326	1.7558299039780518e-05	0.20224669575691223
355320	-3.209044	-1.808150	-0.634388	0.040395	0.202283	0.530260	0.035032175853848456	1.7558299039780518e-05	0.2022828906774521
355440	-3.208857	-1.807753	-0.633958	0.040403	0.202361	0.530488	0.03499858397990465	1.1705532693187011e-05	0.2023601233959198
355560	-3.207934	-1.807487	-0.633689	0.040440	0.202414	0.530631	0.034972546994686125	1.7558299039780518e-05	0.20241327583789825
355680	-3.206898	-1.807159	-0.633210	0.040482	0.202491	0.530885	0.034941465593874454	7.803688462124674e-06	0.2024904489517212
355800	-3.206622	-1.806950	-0.633240	0.040493	0.202528	0.530869	0.034921467304229736	1.1705532693187011e-05	0.20252761244773865
355920	-3.206145	-1.806632	-0.632719	0.040513	0.202598	0.531146	0.03489454947412014	1.1705532693187011e-05	0.20259782671928406
356040	-3.205638	-1.806388	-0.632251	0.040533	0.202657	0.531394	0.034867740236222744	2.6337448559670777e-05	0.20265746116638184
356160	-3.205805	-1.806249	-0.632457	0.040526	0.202678	0.531285	0.03485995233058929	1.1705532693187011e-05	0.20267736911773682
356280	-3.205910	-1.806017	-0.632225	0.040522	0.202735	0.531408	0.034841456823050974	1.7558299039780518e-05	0.20273391902446747
356400	-3.205834	-1.805874	-0.631927	0.040525	0.202765	0.531567	0.03482560515403747	1.7558299039780518e-05	0.2027648538351059
356520	-3.205501	-1.805657	-0.631358	0.040539	0.202810	0.531869	0.03480469789355993	1.7558299039780518e-05	0.2028098851442337
356640	-3.205049	-1.805373	-0.631369	0.040557	0.202863	0.531863	0.03478139601647854	1.7558299039780518e-05	0.2028621882200241
356760	-3.204598	-1.805092	-0.631168	0.040575	0.202917	0.531970	0.0347557432949543	7.803688462124674e-06	0.2029164433479309
356880	-3.204302	-1.804831	-0.631139	0.040587	0.202962	0.531985	0.034735276363790035	2.6337448559670777e-05	0.20296116173267365
357000	-3.203822	-1.804583	-0.630832	0.040607	0.203011	0.532149	0.0347093652933836	1.1705532693187011e-05	0.2030109465122223
357120	-3.202929	-1.804268	-0.630775	0.040643	0.203072	0.532179	0.03468070589005947	5.202458974749783e-06	0.2030714601278305
357240	-3.203136	-1.804035	-0.630646	0.040635	0.203125	0.532248	0.03465868774801493	2.6337448559670777e-05	0.2031247615814209
357360	-3.202537	-1.803622	-0.630637	0.040659	0.203204	0.532253	0.034625802747905256	2.6337448559670777e-05	0.20320279896259308
357480	-3.202788	-1.803312	-0.630213	0.040649	0.203276	0.532478	0.03459889367222786	1.7558299039780518e-05	0.20327503979206085
357600	-3.202729	-1.803163	-0.630091	0.040651	0.203321	0.532543	0.03458300195634365	1.1705532693187011e-05	0.2033206969499588
357720	-3.202448	-1.802897	-0.630161	0.040663	0.203371	0.532506	0.03455688450485468	7.803688462124674e-06	0.20337074995040894
357840	-3.202160	-1.802846	-0.629911	0.040674	0.203389	0.532639	0.034552725963294506	7.803688462124674e-06	0.20338885486125946
357960	-3.201591	-1.802587	-0.629064	0.040697	0.203454	0.533091	0.03453476261347532	2.6337448559670777e-05	0.20345266163349152
358080	-3.201164	-1.802415	-0.628639	0.040715	0.203498	0.533317	0.034515976905822754	7.803688462124674e-06	0.2034969925880432
358200	-3.201114	-1.802176	-0.628136	0.040717	0.203559	0.533585	0.03448908943682909	2.6337448559670777e-05	0.20355935394763947
358320	-3.201821	-1.802101	-0.627702	0.040688	0.203595	0.533817	0.03448257688432932	1.7558299039780518e-05	0.20359601080417633
358440	-3.201950	-1.801948	-0.627492	0.040683	0.203637	0.533929	0.03447405714541674	7.803688462124674e-06	0.20363613963127136
358560	-3.201365	-1.801695	-0.627209	0.040707	0.203683	0.534080	0.03444790616631508	2.6337448559670777e-05	0.20368309319019318
358680	-3.201173	-1.801426	-0.626672	0.040714	0.203725	0.534367	0.034425835311412814	1.7558299039780518e-05	0.2037249207496643
358800	-3.200949	-1.801132	-0.626415	0.040724	0.203783	0.534504	0.0344024034217	1.7558299039780518e-05	0.20378239452838898
358920	-3.200101	-1.800754	-0.625018	0.040758	0.203887	0.535252	0.034364327788352966	7.803688462124674e-06	0.20388643443584442
359040	-3.200144	-1.800521	-0.625312	0.040756	0.203936	0.535094	0.03434514179825783	1.1705532693187011e-05	0.20393607020378113
359160	-3.200500	-1.800297	-0.624520	0.040742	0.203980	0.535519	0.034325184859335424	1.1705532693187011e-05	0.2039792835712433
359280	-3.200610	-1.800075	-0.624191	0.040737	0.204025	0.535694	0.0343033418059349	1.1705532693187011e-05	0.20402482151985168
359400	-3.200682	-1.799826	-0.623788	0.040734	0.204074	0.535911	0.03428437151014805	1.7558299039780518e-05	0.2040734589099884
359520	-3.200392	-1.799515	-0.623857	0.040746	0.204132	0.535873	0.034255077689886095	2.6337448559670777e-05	0.20413123071193695
359640	-3.200356	-1.799172	-0.623744	0.040748	0.204211	0.535934	0.03422574922442436	1.7558299039780518e-05	0.20420986413955688
359760	-3.200596	-1.798922	-0.623171	0.040738	0.204263	0.536241	0.03420311361551285	2.6337448559670777e-05	0.2042613923549652
359880	-3.199774	-1.798572	-0.622633	0.040771	0.204343	0.536530	0.034167594462633136	2.6337448559670777e-05	0.20434342324733734
360000	-3.198594	-1.798227	-0.622372	0.040820	0.204394	0.536670	0.03413734454661608	1.7558299039780518e-05	0.2043933868408203
360120	-3.198448	-1.797942	-0.621611	0.040826	0.204466	0.537079	0.034112606570124625	1.1705532693187011e-05	0.2044650763273239
360240	-3.198260	-1.797665	-0.620926	0.040833	0.204536	0.537446	0.03408915363252163	1.1705532693187011e-05	0.20453503727912903
360360	-3.198182	-1.797239	-0.620555	0.040836	0.204617	0.537646	0.03404929842799902	7.803688462124674e-06	0.20461741089820862
360480	-3.198238	-1.796866	-0.619877	0.040834	0.204699	0.538011	0.03401446826756001	2.6337448559670777e-05	0.2046988159418106
360600	-3.199438	-1.796540	-0.619577	0.040785	0.204784	0.538172	0.0339893126860261	3.9506172839506166e-05	0.2047823667526245
360720	-3.199558	-1.796278	-0.618944	0.040780	0.204845	0.538513	0.03396288510411978	1.7558299039780518e-05	0.20484484732151031
360840	-3.198750	-1.795992	-0.619035	0.040813	0.204900	0.538464	0.033937272056937216	1.7558299039780518e-05	0.20489968359470367
360960	-3.198651	-1.795817	-0.618693	0.040817	0.204938	0.538648	0.03392190895974636	1.7558299039780518e-05	0.20493748784065247
361080	-3.198257	-1.795514	-0.618147	0.040833	0.205015	0.538942	0.03389639165252447	1.7558299039780518e-05	0.20501308143138885
361200	-3.197368	-1.795203	-0.617809	0.040870	0.205089	0.539124	0.033865614980459216	1.1705532693187011e-05	0.20508839190006256
361320	-3.197142	-1.795072	-0.617578	0.040879	0.205124	0.539249	0.03385437037795782	1.7558299039780518e-05	0.2051232010126114
361440	-3.197104	-1.794604	-0.617260	0.040880	0.205229	0.539420	0.03381513170897961	5.202458974749783e-06	0.20522844791412354
361560	-3.196933	-1.794365	-0.616970	0.040887	0.205277	0.539577	0.033791691064834595	3.4683059831665217e-06	0.20527610182762146
361680	-3.196818	-1.794249	-0.616980	0.040892	0.205290	0.539571	0.03378040753304958	1.7558299039780518e-05	0.20528928935527802
361800	-3.196865	-1.794016	-0.616817	0.040890	0.205339	0.539660	0.03375933561474085	1.1705532693187011e-05	0.20533795654773712
361920	-3.196514	-1.793669	-0.617348	0.040905	0.205399	0.539373	0.03373072054237127	1.1705532693187011e-05	0.20539893209934235
362040	-3.196630	-1.793464	-0.616744	0.040900	0.205460	0.539699	0.033709350042045116	7.803688462124674e-06	0.20545990765094757
362160	-3.196192	-1.792732	-0.615309	0.040918	0.205622	0.540474	0.03364889211952686	3.9506172839506166e-05	0.20562084019184113
362280	-3.196074	-1.792469	-0.614395	0.040923	0.205672	0.540968	0.03362236171960831	2.6337448559670777e-05	0.2056717723608017
362400	-3.195876	-1.792184	-0.613934	0.040931	0.205732	0.541218	0.03359428457915783	1.7558299039780518e-05	0.20573139190673828
362520	-3.195554	-1.792060	-0.613793	0.040944	0.205753	0.541294	0.03358796220272779	2.6337448559670777e-05	0.20575152337551117
362640	-3.195723	-1.791776	-0.613499	0.040937	0.205831	0.541453	0.033557808957993984	1.7558299039780518e-05	0.20583006739616394
362760	-3.195433	-1.791275	-0.613209	0.040949	0.205931	0.541610	0.03351523708552122	1.7558299039780518e-05	0.20593023300170898
362880	-3.195257	-1.790982	-0.613011	0.040956	0.205984	0.541718	0.03348732627928257	1.1705532693187011e-05	0.2059837430715561
363000	-3.194773	-1.790727	-0.612524	0.040976	0.206031	0.541981	0.03346529882401228	1.7558299039780518e-05	0.20602940022945404
363120	-3.194274	-1.790537	-0.612632	0.040996	0.206052	0.541923	0.03344520255923271	1.1705532693187011e-05	0.20605172216892242
363240	-3.193794	-1.790295	-0.612561	0.041016	0.206088	0.541961	0.03342476859688759	1.7558299039780518e-05	0.20608754456043243
363360	-3.193799	-1.789904	-0.611528	0.041016	0.206187	0.542522	0.033390382491052154	1.7558299039780518e-05	0.20618601143360138
363480	-3.193530	-1.789497	-0.611528	0.041027	0.206258	0.542521	0.033355667255818844	1.7558299039780518e-05	0.20625720918178558
363600	-3.193044	-1.789199	-0.611046	0.041047	0.206326	0.542783	0.03332289345562458	1.1705532693187011e-05	0.20632684230804443
363720	-3.193166	-1.788969	-0.610834	0.041042	0.206374	0.542898	0.03330635465681553	1.7558299039780518e-05	0.20637312531471252
363840	-3.192733	-1.788749	-0.610872	0.041060	0.206400	0.542878	0.033284221217036246	2.6337448559670777e-05	0.20639999210834503
363960	-3.193017	-1.788769	-0.610863	0.041048	0.206411	0.542882	0.03328990451991558	1.7558299039780518e-05	0.20640994608402252
364080	-3.193548	-1.788374	-0.610533	0.041026	0.206490	0.543061	0.03325034007430076	1.7558299039780518e-05	0.20649021863937378
364200	-3.192993	-1.787944	-0.609919	0.041049	0.206570	0.543395	0.033215690217912194	7.803688462124674e-06	0.20656991004943848
364320	-3.192725	-1.787698	-0.609883	0.041060	0.206628	0.543414	0.033189421705901626	2.6337448559670777e-05	0.20662841200828552
364440	-3.192259	-1.787306	-0.609522	0.041079	0.206711	0.543611	0.033154509402811526	7.803688462124674e-06	0.2067108005285263
364560	-3.191791	-1.786979	-0.609314	0.041098	0.206772	0.543724	0.033128428272902966	1.1705532693187011e-05	0.2067711502313614
364680	-3.190964	-1.786705	-0.609489	0.041132	0.206811	0.543628	0.033097722195088865	3.9506172839506166e-05	0.20681221783161163
364800	-3.190677	-1.786521	-0.609192	0.041144	0.206852	0.543790	0.03308441899716854	7.803688462124674e-06	0.20685136318206787
364920	-3.190534	-1.786298	-0.609217	0.041150	0.206892	0.543776	0.03306543193757534	1.1705532693187011e-05	0.20689137279987335
365040	-3.189827	-1.785867	-0.609528	0.041179	0.206967	0.543607	0.03302803765982389	1.1705532693187011e-05	0.2069665938615799
365160	-3.189481	-1.785600	-0.609067	0.041193	0.207019	0.543858	0.03300294540822506	1.7558299039780518e-05	0.20701849460601807
365280	-3.188901	-1.785280	-0.608765	0.041217	0.207081	0.544022	0.03297379501163959	1.7558299039780518e-05	0.20708027482032776
365400	-3.188290	-1.784917	-0.609360	0.041242	0.207130	0.543699	0.03293892405927181	2.6337448559670777e-05	0.20712962746620178
365520	-3.187901	-1.784804	-0.608952	0.041258	0.207142	0.543921	0.03293447215110064	1.1705532693187011e-05	0.20714128017425537
365640	-3.187989	-1.784507	-0.609263	0.041255	0.207196	0.543751	0.03290679156780243	2.6337448559670777e-05	0.20719552040100098
365760	-3.187626	-1.784217	-0.609504	0.041270	0.207243	0.543621	0.032877985201776025	1.7558299039780518e-05	0.2072419822216034
365880	-3.187069	-1.783902	-0.609291	0.041293	0.207315	0.543736	0.032847517356276515	1.1705532693187011e-05	0.20731429755687714
366000	-3.186932	-1.783529	-0.608943	0.041298	0.207404	0.543925	0.03281647823750973	1.7558299039780518e-05	0.20740333199501038
366120	-3.186552	-1.783252	-0.608412	0.041314	0.207464	0.544215	0.03278819695115089	1.7558299039780518e-05	0.20746350288391113
366240	-3.186374	-1.782862	-0.607704	0.041321	0.207558	0.544600	0.032756907120347026	1.1705532693187011e-05	0.20755784213542938
366360	-3.185892	-1.782636	-0.607676	0.041341	0.207595	0.544615	0.03273754566907883	1.7558299039780518e-05	0.20759417116641998
366480	-3.185065	-1.782231	-0.607331	0.041376	0.207679	0.544803	0.03269812855869532	1.7558299039780518e-05	0.20767827332019806
366600	-3.184685	-1.781934	-0.607654	0.041391	0.207732	0.544627	0.032669461145997045	1.1705532693187011e-05	0.20773249864578247
366720	-3.184031	-1.781684	-0.607408	0.041418	0.207791	0.544761	0.03265148513019085	1.1705532693187011e-05	0.20779035985469818
366840	-3.183968	-1.781282	-0.607090	0.041421	0.207888	0.544934	0.032613908499479295	1.7558299039780518e-05	0.2078869640827179
366960	-3.183722	-1.781051	-0.606501	0.041431	0.207948	0.545255	0.03259298782795668	2.6337448559670777e-05	0.20794813334941864
367080	-3.183334	-1.780773	-0.606513	0.041447	0.208009	0.545249	0.03256619367748499	2.6337448559670777e-05	0.208008274435997
367200	-3.182704	-1.780343	-0.605247	0.041473	0.208104	0.545940	0.032529132813215254	1.1705532693187011e-05	0.2081034779548645
367320	-3.181535	-1.780066	-0.604665	0.041522	0.208151	0.546257	0.032505764067173	1.1705532693187011e-05	0.20815055072307587
367440	-3.180625	-1.779613	-0.604227	0.041560	0.208241	0.546496	0.03246720768511295	1.1705532693187011e-05	0.2082398682832718
367560	-3.180439	-1.779470	-0.603861	0.041567	0.208277	0.546697	0.03244712892919779	2.6337448559670777e-05	0.20827731490135193
367680	-3.179914	-1.779061	-0.603712	0.041589	0.208351	0.546778	0.03241349589079619	1.7558299039780518e-05	0.2083512395620346
367800	-3.179143	-1.778760	-0.603118	0.041621	0.208429	0.547103	0.03238740935921669	7.803688462124674e-06	0.20842796564102173
367920	-3.178783	-1.778563	-0.602179	0.041636	0.208473	0.547617	0.03236805759370327	1.7558299039780518e-05	0.20847289264202118
368040	-3.178433	-1.778350	-0.602847	0.041651	0.208504	0.547251	0.032346642948687075	1.7558299039780518e-05	0.20850425958633423
368160	-3.178005	-1.778064	-0.602461	0.041669	0.208570	0.547463	0.03232165165245533	1.1705532693187011e-05	0.20856964588165283
368280	-3.177834	-1.777878	-0.602288	0.041676	0.208609	0.547558	0.03230722360312939	7.803688462124674e-06	0.2086085081100464
368400	-3.177614	-1.777620	-0.602464	0.041685	0.208659	0.547461	0.032283099740743636	1.7558299039780518e-05	0.2086580991744995
368520	-3.177941	-1.777437	-0.602476	0.041671	0.208704	0.547454	0.03226850405335426	1.1705532693187011e-05	0.20870311558246613
368640	-3.177297	-1.776969	-0.601828	0.041698	0.208800	0.547809	0.03222966715693474	1.7558299039780518e-05	0.20879903435707092
368760	-3.176678	-1.776809	-0.601717	0.041724	0.208837	0.547870	0.03220902718603611	7.803688462124674e-06	0.20883627235889435
368880	-3.176304	-1.776227	-0.600876	0.041740	0.208964	0.548331	0.032163284905254844	1.7558299039780518e-05	0.20896241068840027
369000	-3.175449	-1.775697	-0.600561	0.041775	0.209064	0.548504	0.032113767601549624	1.1705532693187011e-05	0.20906275510787964
369120	-3.175172	-1.775411	-0.600234	0.041787	0.209132	0.548683	0.03208398930728436	2.6337448559670777e-05	0.20913183689117432
369240	-3.174897	-1.775199	-0.600409	0.041798	0.209174	0.548587	0.032065241038799285	1.7558299039780518e-05	0.20917364954948425
369360	-3.174486	-1.775056	-0.600463	0.041816	0.209201	0.548558	0.03205384556204081	1.1705532693187011e-05	0.2092004120349884
369480	-3.173570	-1.774829	-0.601396	0.041854	0.209208	0.548046	0.03203247189521789	2.6337448559670777e-05	0.2092081755399704
369600	-3.173137	-1.774444	-0.601061	0.041872	0.209284	0.548230	0.03199814222753048	1.7558299039780518e-05	0.2092832624912262
369720	-3.171871	-1.774026	-0.600985	0.041925	0.209347	0.548271	0.03196381591260433	3.9506172839506166e-05	0.20934632420539856
369840	-3.171588	-1.773571	-0.600577	0.041937	0.209433	0.548495	0.0319189790636301	2.6337448559670777e-05	0.2094324678182602
369960	-3.171698	-1.773198	-0.600058	0.041932	0.209522	0.548780	0.03188833147287369	2.6337448559670777e-05	0.20952074229717255
370080	-3.171927	-1.772853	-0.599745	0.041923	0.209596	0.548952	0.03185532670468092	1.7558299039780518e-05	0.20959502458572388
370200	-3.171414	-1.772606	-0.599204	0.041944	0.209650	0.549249	0.03183380160480738	7.803688462124674e-06	0.2096487134695053
370320	-3.171806	-1.772363	-0.598683	0.041928	0.209702	0.549535	0.031810460798442367	1.1705532693187011e-05	0.2097015678882599
370440	-3.170733	-1.772037	-0.598453	0.041973	0.209772	0.549661	0.03177701849490404	1.7558299039780518e-05	0.2097722291946411
370560	-3.169991	-1.771714	-0.597671	0.042004	0.209849	0.550091	0.03175208382308483	1.1705532693187011e-05	0.20984871685504913
370680	-3.169681	-1.771499	-0.597185	0.042017	0.209889	0.550359	0.0317331301048398	1.1705532693187011e-05	0.20988810062408447
370800	-3.169688	-1.771073	-0.596886	0.042017	0.209978	0.550524	0.03169439844787121	1.1705532693187011e-05	0.2099769115447998
370920	-3.169717	-1.770952	-0.596747	0.042015	0.210014	0.550600	0.03168304692953825	7.803688462124674e-06	0.21001286804676056
371040	-3.169912	-1.770810	-0.597034	0.042007	0.210041	0.550442	0.03167108874768019	2.6337448559670777e-05	0.21004034578800201
371160	-3.169853	-1.770492	-0.597205	0.042010	0.210100	0.550348	0.03164177630096674	7.803688462124674e-06	0.21009941399097443
371280	-3.169280	-1.770221	-0.596686	0.042034	0.210163	0.550633	0.031618436239659785	1.1705532693187011e-05	0.21016202867031097
371400	-3.168755	-1.769938	-0.596550	0.042056	0.210214	0.550709	0.031590876169502735	7.803688462124674e-06	0.21021372079849243
371520	-3.168365	-1.769922	-0.596493	0.042072	0.210205	0.550739	0.03158943224698305	1.7558299039780518e-05	0.210204616189003
371640	-3.168067	-1.769734	-0.596154	0.042085	0.210242	0.550927	0.03157452717423439	1.1705532693187011e-05	0.2102418839931488
371760	-3.167425	-1.769480	-0.596036	0.042112	0.210301	0.550991	0.031551174260675906	5.202458974749783e-06	0.21030032634735107
371880	-3.167427	-1.769213	-0.595564	0.042112	0.210355	0.551252	0.0315270934253931	1.1705532693187011e-05	0.21035492420196533
372000	-3.167003	-1.769104	-0.595548	0.042130	0.210376	0.551261	0.03150933347642422	2.6337448559670777e-05	0.21037739515304565
372120	-3.166580	-1.768659	-0.594633	0.042147	0.210476	0.551765	0.03148012775927782	1.7558299039780518e-05	0.21047499775886536
372240	-3.166211	-1.768297	-0.594126	0.042163	0.210560	0.552045	0.03144605066627264	1.7558299039780518e-05	0.21055836975574493
372360	-3.165985	-1.767952	-0.594125	0.042173	0.210628	0.552045	0.03141529895365238	1.7558299039780518e-05	0.210627481341362
372480	-3.165525	-1.767520	-0.593763	0.042192	0.210729	0.552245	0.03137511983513832	1.7558299039780518e-05	0.21072819828987122
372600	-3.164967	-1.767063	-0.592900	0.042216	0.210836	0.552722	0.03133381959050894	1.1705532693187011e-05	0.21083581447601318
372720	-3.165301	-1.766833	-0.593150	0.042201	0.210874	0.552584	0.03131600394845009	1.1705532693187011e-05	0.21087318658828735
372840	-3.165076	-1.766514	-0.593612	0.042211	0.210917	0.552329	0.031288526766002175	2.6337448559670777e-05	0.21091581881046295
372960	-3.164404	-1.766146	-0.593260	0.042239	0.210985	0.552523	0.031249811127781867	5.202458974749783e-06	0.21098434925079346
373080	-3.164080	-1.766047	-0.592983	0.042253	0.211008	0.552676	0.031239236518740655	1.7558299039780518e-05	0.21100836992263794
373200	-3.163168	-1.765693	-0.593156	0.042292	0.211066	0.552581	0.03121234979480505	1.7558299039780518e-05	0.21106545627117157
373320	-3.162940	-1.765244	-0.592866	0.042301	0.211162	0.552741	0.031173832062631846	1.7558299039780518e-05	0.2111603021621704
373440	-3.162956	-1.765045	-0.592986	0.042301	0.211188	0.552675	0.03115069158375263	1.7558299039780518e-05	0.21118813753128052
373560	-3.163206	-1.764794	-0.592460	0.042290	0.211267	0.552965	0.03112890673801303	2.6337448559670777e-05	0.21126599609851837
373680	-3.162839	-1.764367	-0.591770	0.042305	0.211339	0.553347	0.031093442998826503	1.7558299039780518e-05	0.2113381326198578
373800	-3.163681	-1.764271	-0.591656	0.042270	0.211365	0.553410	0.03108271351084113	1.1705532693187011e-05	0.21136486530303955
373920	-3.163920	-1.764128	-0.591905	0.042260	0.211388	0.553272	0.03106875140219927	1.1705532693187011e-05	0.21138803660869598
374040	-3.164140	-1.763871	-0.591218	0.042250	0.211459	0.553653	0.031042154971510173	3.9506172839506166e-05	0.21145956218242645
374160	-3.163850	-1.763745	-0.590925	0.042263	0.211498	0.553815	0.031034420523792506	5.202458974749783e-06	0.21149784326553345
374280	-3.163407	-1.763465	-0.590529	0.042281	0.211552	0.554034	0.031011374667286873	2.6337448559670777e-05	0.21155153214931488
374400	-3.163580	-1.763249	-0.590531	0.042274	0.211621	0.554033	0.030991739593446255	3.9506172839506166e-05	0.21161983907222748
374520	-3.163888	-1.763159	-0.589965	0.042261	0.211650	0.554347	0.03098399071022868	3.9506172839506166e-05	0.2116481363773346
374640	-3.163152	-1.762911	-0.590304	0.042292	0.211695	0.554159	0.03096030782908201	1.1705532693187011e-05	0.21169430017471313
374760	-3.162287	-1.762596	-0.589675	0.042329	0.211778	0.554507	0.03093271218240261	1.7558299039780518e-05	0.21177716553211212
374880	-3.162434	-1.762340	-0.589373	0.042323	0.211830	0.554675	0.030909545719623566	7.803688462124674e-06	0.211829274892807
375000	-3.162186	-1.762200	-0.588271	0.042333	0.211878	0.555287	0.030893418192863464	1.7558299039780518e-05	0.21187782287597656
375120	-3.162551	-1.761942	-0.587885	0.042318	0.211928	0.555501	0.03087249379605055	1.7558299039780518e-05	0.21192730963230133
375240	-3.163023	-1.761554	-0.587378	0.042298	0.212023	0.555782	0.030839295219630004	1.7558299039780518e-05	0.2120216190814972
375360	-3.163056	-1.761323	-0.586795	0.042296	0.212094	0.556107	0.030814642552286386	1.7558299039780518e-05	0.21209371089935303
375480	-3.163414	-1.761119	-0.586576	0.042281	0.212130	0.556229	0.030798732209950684	5.202458974749783e-06	0.21212947368621826
375600	-3.163071	-1.760857	-0.586242	0.042296	0.212187	0.556414	0.030779893230646848	2.6337448559670777e-05	0.21218536794185638
375720	-3.163321	-1.760600	-0.584879	0.042285	0.212282	0.557173	0.030745981354266406	1.7558299039780518e-05	0.2122829258441925
375840	-3.162963	-1.760435	-0.585165	0.042300	0.212301	0.557014	0.0307359516620636	1.7558299039780518e-05	0.21230123937129974
375960	-3.162591	-1.760290	-0.584856	0.042316	0.212337	0.557186	0.030722619406878947	1.7558299039780518e-05	0.21233642101287842
376080	-3.162503	-1.760006	-0.584564	0.042320	0.212408	0.557349	0.030694593116641043	2.6337448559670777e-05	0.21240855753421783
376200	-3.162656	-1.759766	-0.584678	0.042313	0.212456	0.557285	0.030680542718619107	1.1705532693187011e-05	0.21245475113391876
376320	-3.162152	-1.759547	-0.584731	0.042335	0.212502	0.557256	0.03065342949703336	1.1705532693187011e-05	0.21250273287296295
376440	-3.161884	-1.759510	-0.583848	0.042346	0.212540	0.557748	0.030654784012585878	1.1705532693187011e-05	0.21253925561904907
376560	-3.162515	-1.759416	-0.583111	0.042319	0.212578	0.558159	0.030647196620702744	2.6337448559670777e-05	0.21257658302783966
376680	-3.162146	-1.759094	-0.582486	0.042335	0.212667	0.558508	0.03061628798022866	1.7558299039780518e-05	0.21266642212867737
376800	-3.162210	-1.758652	-0.581235	0.042332	0.212776	0.559207	0.03057884592562914	2.6337448559670777e-05	0.2127746194601059
376920	-3.161899	-1.758197	-0.580629	0.042345	0.212869	0.559546	0.030537050869315862	1.7558299039780518e-05	0.2128685563802719
377040	-3.161490	-1.757965	-0.580510	0.042363	0.212920	0.559613	0.030513319093734025	2.6337448559670777e-05	0.21291951835155487
377160	-3.160866	-1.757548	-0.580069	0.042389	0.213005	0.559860	0.030477570462971927	1.1705532693187011e-05	0.21300408244132996
377280	-3.160396	-1.757101	-0.579794	0.042409	0.213091	0.560014	0.030435266066342594	2.6337448559670777e-05	0.21309076249599457
377400	-3.160392	-1.756860	-0.579405	0.042409	0.213153	0.560232	0.030413710977882147	1.7558299039780518e-05	0.21315211057662964
377520	-3.160335	-1.756647	-0.578921	0.042412	0.213216	0.560503	0.030396864376962186	1.7558299039780518e-05	0.21321502327919006
377640	-3.160179	-1.756184	-0.577926	0.042418	0.213322	0.561061	0.030356747284531593	1.1705532693187011e-05	0.21332129836082458
377760	-3.160506	-1.756141	-0.578103	0.042404	0.213333	0.560962	0.03035223400220275	1.1705532693187011e-05	0.21333245933055878
377880	-3.160333	-1.755871	-0.577659	0.042412	0.213404	0.561210	0.030329183954745532	1.7558299039780518e-05	0.21340304613113403
378000	-3.159502	-1.755575	-0.578258	0.042447	0.213433	0.560874	0.030304392892867328	2.6337448559670777e-05	0.21343016624450684
378120	-3.159445	-1.755097	-0.577562	0.042449	0.213554	0.561265	0.03025634028017521	1.1705532693187011e-05	0.21355430781841278
378240	-3.159674	-1.755122	-0.578300	0.042440	0.213528	0.560851	0.030257208086550236	2.6337448559670777e-05	0.21352799236774445
378360	-3.159695	-1.754896	-0.577588	0.042439	0.213590	0.561250	0.030236831028014423	1.1705532693187011e-05	0.21359020471572876
378480	-3.159191	-1.754549	-0.576929	0.042460	0.213675	0.561620	0.030208088736981154	2.6337448559670777e-05	0.21367445588111877
378600	-3.158606	-1.754025	-0.576000	0.042485	0.213805	0.562142	0.030158441700041293	2.6337448559670777e-05	0.21380430459976196
378720	-3.158750	-1.753887	-0.576052	0.042479	0.213846	0.562113	0.030148488841950892	1.1705532693187011e-05	0.21384555101394653
378840	-3.158729	-1.753584	-0.574317	0.042480	0.213952	0.563090	0.030118057783693076	2.6337448559670777e-05	0.21395176649093628
378960	-3.157873	-1.753105	-0.573645	0.042516	0.214065	0.563468	0.030078656040132046	1.7558299039780518e-05	0.21406422555446625
379080	-3.157404	-1.752893	-0.573341	0.042536	0.214094	0.563639	0.030056584998965262	2.6337448559670777e-05	0.2140943706035614
379200	-3.157274	-1.752823	-0.572587	0.042542	0.214133	0.564065	0.03005475550889969	2.6337448559670777e-05	0.21413138508796692
379320	-3.157677	-1.752307	-0.571540	0.042524	0.214263	0.564655	0.030007010512053966	2.6337448559670777e-05	0.21426156163215637
379440	-3.157619	-1.752341	-0.570453	0.042527	0.214269	0.565269	0.030008713807910682	1.7558299039780518e-05	0.21426871418952942
379560	-3.157411	-1.752012	-0.569912	0.042536	0.214355	0.565575	0.029977362044155596	2.6337448559670777e-05	0.2143542319536209
379680	-3.158062	-1.751853	-0.568868	0.042508	0.214420	0.566166	0.029964295215904713	1.1705532693187011e-05	0.21441954374313354
379800	-3.159550	-1.752095	-0.568700	0.042445	0.214373	0.566261	0.029978666733950377	2.6337448559670777e-05	0.21437346935272217
379920	-3.159488	-1.751813	-0.568997	0.042447	0.214411	0.566093	0.029965590126812457	1.7558299039780518e-05	0.21440982818603516
380040	-3.159930	-1.751672	-0.568212	0.042429	0.214450	0.566538	0.02994504673406482	2.6337448559670777e-05	0.21445079147815704
380160	-3.159940	-1.751484	-0.567400	0.042428	0.214480	0.566998	0.02993464581668377	1.7558299039780518e-05	0.2144792228937149
380280	-3.159755	-1.751288	-0.568078	0.042436	0.214507	0.566613	0.02991391681134701	3.9506172839506166e-05	0.21450643241405487
380400	-3.160975	-1.751103	-0.568925	0.042384	0.214535	0.566134	0.02989453626796603	2.6337448559670777e-05	0.21453502774238586
380520	-3.162017	-1.751073	-0.567689	0.042340	0.214582	0.566834	0.0298942307010293	2.6337448559670777e-05	0.21458138525485992
380640	-3.161871	-1.750912	-0.567249	0.042346	0.214627	0.567083	0.029878125712275504	1.1705532693187011e-05	0.21462738513946533
380760	-3.161852	-1.750584	-0.566329	0.042347	0.214704	0.567605	0.02985429698601365	1.7558299039780518e-05	0.21470172703266144
380880	-3.160508	-1.750195	-0.565678	0.042404	0.214792	0.567975	0.029819099325686695	1.7558299039780518e-05	0.2147912234067917
381000	-3.160131	-1.749871	-0.564669	0.042420	0.214869	0.568548	0.029788588732481004	1.1705532693187011e-05	0.21486741304397583
381120	-3.160115	-1.749763	-0.565059	0.042421	0.214880	0.568327	0.029773392621427773	2.6337448559670777e-05	0.21488042175769806
381240	-3.160100	-1.749617	-0.564902	0.042422	0.214906	0.568416	0.029763372894376517	1.7558299039780518e-05	0.2149057388305664
381360	-3.160282	-1.749358	-0.563439	0.042414	0.214996	0.569248	0.029743419028818607	2.6337448559670777e-05	0.2149944305419922
381480	-3.160547	-1.749017	-0.562707	0.042403	0.215082	0.569665	0.02971144998446107	1.7558299039780518e-05	0.21508151292800903
381600	-3.160789	-1.748741	-0.562558	0.042392	0.215138	0.569750	0.029684435296803712	1.7558299039780518e-05	0.21513734757900238
381720	-3.161894	-1.748959	-0.563356	0.042345	0.215086	0.569295	0.029697981756180526	3.9506172839506166e-05	0.2150871902704239
381840	-3.160767	-1.748519	-0.563908	0.042393	0.215165	0.568981	0.029668712709099054	1.7558299039780518e-05	0.21516264975070953
381960	-3.160532	-1.748328	-0.563673	0.042403	0.215187	0.569115	0.029645271506160496	2.6337448559670777e-05	0.2151869386434555
382080	-3.160396	-1.748012	-0.562879	0.042409	0.215261	0.569567	0.02961954167112708	1.7558299039780518e-05	0.21526086330413818
382200	-3.159097	-1.747467	-0.561955	0.042464	0.215381	0.570093	0.02956940056756139	1.1705532693187011e-05	0.21538110077381134
382320	-3.159796	-1.747567	-0.562244	0.042434	0.215362	0.569929	0.029571404214948416	3.9506172839506166e-05	0.2153635025024414
382440	-3.160498	-1.747520	-0.562091	0.042405	0.215364	0.570016	0.02957413448020816	1.1705532693187011e-05	0.2153637409210205
382560	-3.160219	-1.747595	-0.561543	0.042416	0.215348	0.570328	0.029570674896240233	3.9506172839506166e-05	0.21535015106201172
382680	-3.160356	-1.747445	-0.561244	0.042411	0.215384	0.570499	0.029569234792143108	2.6337448559670777e-05	0.21538208425045013
382800	-3.160484	-1.747163	-0.560654	0.042405	0.215462	0.570836	0.029543013870716096	2.6337448559670777e-05	0.21546077728271484
382920	-3.160698	-1.746941	-0.560191	0.042396	0.215509	0.571100	0.029520336911082266	2.6337448559670777e-05	0.21550890803337097
383040	-3.160342	-1.746647	-0.559018	0.042411	0.215590	0.571770	0.029497871454805136	1.1705532693187011e-05	0.21558953821659088
383160	-3.159728	-1.746381	-0.558685	0.042437	0.215653	0.571961	0.02947483053430915	1.7558299039780518e-05	0.21565201878547668
383280	-3.159338	-1.745913	-0.558199	0.042454	0.215759	0.572239	0.029429042153060435	1.1705532693187011e-05	0.21575871109962463
383400	-3.159910	-1.746016	-0.558699	0.042430	0.215749	0.571953	0.029437866900116204	3.9506172839506166e-05	0.2157488465309143
383520	-3.159825	-1.745623	-0.558814	0.042433	0.215825	0.571887	0.02941043917089701	3.9506172839506166e-05	0.2158242017030716
383640	-3.159761	-1.745266	-0.559333	0.042436	0.215877	0.571590	0.029372038040310144	3.9506172839506166e-05	0.21587711572647095
383760	-3.160881	-1.744930	-0.556987	0.042388	0.216001	0.572933	0.029347599018365145	3.9506172839506166e-05	0.21599739789962769
383880	-3.161336	-1.745089	-0.557203	0.042369	0.215957	0.572809	0.02935521090403199	2.6337448559670777e-05	0.21595650911331177
384000	-3.161156	-1.744778	-0.556399	0.042377	0.216031	0.573269	0.02932686675339937	2.6337448559670777e-05	0.21603021025657654
384120	-3.161028	-1.744370	-0.555813	0.042382	0.216120	0.573606	0.02929244199767709	1.1705532693187011e-05	0.21611955761909485
384240	-3.160848	-1.744076	-0.555099	0.042390	0.216182	0.574015	0.029266627226024865	3.9506172839506166e-05	0.2161806970834732
384360	-3.160873	-1.743882	-0.555750	0.042389	0.216212	0.573642	0.02924940176308155	1.7558299039780518e-05	0.21621142327785492
384480	-3.160038	-1.743588	-0.555358	0.042424	0.216274	0.573867	0.029218152817338704	1.7558299039780518e-05	0.21627405285835266
384600	-3.160378	-1.743703	-0.556179	0.042410	0.216234	0.573396	0.029229966178536414	2.6337448559670777e-05	0.21623344719409943
384720	-3.160642	-1.743881	-0.556757	0.042398	0.216190	0.573065	0.029247970134019852	1.7558299039780518e-05	0.21618959307670593
384840	-3.160416	-1.743825	-0.556333	0.042408	0.216198	0.573307	0.029236748348921537	3.9506172839506166e-05	0.21619786322116852
384960	-3.160773	-1.743733	-0.556186	0.042393	0.216238	0.573392	0.02922963872551918	1.7558299039780518e-05	0.21623778343200684
385080	-3.160821	-1.743588	-0.555876	0.042391	0.216276	0.573570	0.029219293035566807	2.6337448559670777e-05	0.21627624332904816
385200	-3.160876	-1.743228	-0.555651	0.042389	0.216356	0.573699	0.02918916251510382	1.7558299039780518e-05	0.2163548469543457
385320	-3.161620	-1.743146	-0.554588	0.042357	0.216410	0.574309	0.029175095725804567	3.9506172839506166e-05	0.21641072630882263
385440	-3.161199	-1.742722	-0.553652	0.042375	0.216509	0.574847	0.02914327709004283	1.7558299039780518e-05	0.21650807559490204
385560	-3.161097	-1.742416	-0.552696	0.042379	0.216600	0.575397	0.029116005077958106	1.7558299039780518e-05	0.2165990173816681
385680	-3.160240	-1.742232	-0.553025	0.042416	0.216641	0.575207	0.029101435374468566	3.9506172839506166e-05	0.21664005517959595
385800	-3.160734	-1.742032	-0.552332	0.042395	0.216709	0.575606	0.029076205007731913	2.6337448559670777e-05	0.21670913696289062
385920	-3.160109	-1.741832	-0.551495	0.042421	0.216754	0.576088	0.029060073476284743	2.6337448559670777e-05	0.21675421297550201
386040	-3.159972	-1.741658	-0.551223	0.042427	0.216789	0.576244	0.02904809983447194	1.1705532693187011e-05	0.21678832173347473
386160	-3.159590	-1.741367	-0.550409	0.042443	0.216860	0.576714	0.02901703603565693	1.7558299039780518e-05	0.21686065196990967
386280	-3.159893	-1.741148	-0.549666	0.042430	0.216918	0.577143	0.028999663423746824	2.6337448559670777e-05	0.21691778302192688
386400	-3.160025	-1.740981	-0.549406	0.042425	0.216948	0.577293	0.028986391518265008	1.1705532693187011e-05	0.2169477641582489
386520	-3.159160	-1.740549	-0.548833	0.042461	0.217043	0.577623	0.028950613364577292	1.7558299039780518e-05	0.21704228222370148
386640	-3.158871	-1.740170	-0.548193	0.042474	0.217121	0.577993	0.028912525810301303	2.6337448559670777e-05	0.21712031960487366
386760	-3.158511	-1.739642	-0.547547	0.042489	0.217232	0.578367	0.0288692238740623	1.7558299039780518e-05	0.2172306329011917
386880	-3.157965	-1.739326	-0.547674	0.042512	0.217307	0.578293	0.028840162884444	3.9506172839506166e-05	0.21730686724185944
387000	-3.157557	-1.738960	-0.547750	0.042529	0.217373	0.578249	0.028804812394082547	2.6337448559670777e-05	0.21737265586853027
387120	-3.156329	-1.738497	-0.547484	0.042582	0.217465	0.578403	0.02876530233770609	1.7558299039780518e-05	0.21746423840522766
387240	-3.156602	-1.738228	-0.546482	0.042570	0.217542	0.578983	0.02873989660292864	3.9506172839506166e-05	0.2175411432981491
387360	-3.156903	-1.738009	-0.546556	0.042557	0.217568	0.578940	0.0287157011218369	3.9506172839506166e-05	0.21756809949874878
387480	-3.157414	-1.738153	-0.546410	0.042536	0.217537	0.579025	0.02873434415087104	3.9506172839506166e-05	0.21753516793251038
387600	-3.156777	-1.737524	-0.544923	0.042563	0.217682	0.579886	0.028678836394101383	1.7558299039780518e-05	0.2176813930273056
387720	-3.156637	-1.737347	-0.544687	0.042569	0.217737	0.580023	0.028656141273677348	2.6337448559670777e-05	0.2177371084690094
387840	-3.156593	-1.737296	-0.543235	0.042571	0.217785	0.580866	0.02865130128338933	2.6337448559670777e-05	0.2177848368883133
387960	-3.156593	-1.737309	-0.543457	0.042571	0.217780	0.580737	0.028654162771999836	2.6337448559670777e-05	0.2177787721157074
388080	-3.156222	-1.736880	-0.541968	0.042586	0.217887	0.581602	0.028619166743010283	3.9506172839506166e-05	0.21788564324378967
388200	-3.156889	-1.736558	-0.541352	0.042558	0.217988	0.581961	0.028590196650475262	2.6337448559670777e-05	0.21798646450042725
388320	-3.156572	-1.736238	-0.540867	0.042571	0.218076	0.582243	0.028556712437421083	2.6337448559670777e-05	0.2180759459733963
388440	-3.156551	-1.736203	-0.541245	0.042572	0.218090	0.582023	0.028555887565016747	1.1705532693187011e-05	0.2180892825126648
388560	-3.156342	-1.735605	-0.540676	0.042581	0.218223	0.582355	0.028506974782794715	1.1705532693187011e-05	0.21822106838226318
388680	-3.156183	-1.735579	-0.540733	0.042588	0.218233	0.582321	0.028498917538672685	2.6337448559670777e-05	0.21823236346244812
388800	-3.156387	-1.735416	-0.540990	0.042579	0.218261	0.582171	0.028487034514546393	2.6337448559670777e-05	0.21825972199440002
388920	-3.155418	-1.735010	-0.539805	0.042621	0.218332	0.582862	0.028450426924973727	2.6337448559670777e-05	0.21833105385303497
389040	-3.154893	-1.734749	-0.538909	0.042643	0.218388	0.583384	0.02842853469774127	3.9506172839506166e-05	0.2183864414691925
389160	-3.154073	-1.734722	-0.537883	0.042678	0.218374	0.583983	0.028423889167606832	3.9506172839506166e-05	0.2183728963136673
389280	-3.154018	-1.734322	-0.537573	0.042680	0.218459	0.584164	0.02838916750624776	2.6337448559670777e-05	0.21845801174640656
389400	-3.153511	-1.734108	-0.536873	0.042702	0.218516	0.584574	0.02836635001003742	3.9506172839506166e-05	0.21851511299610138
389520	-3.153402	-1.733934	-0.536822	0.042707	0.218547	0.584603	0.02834654860198498	2.6337448559670777e-05	0.2185480147600174
389640	-3.152796	-1.733589	-0.536310	0.042732	0.218617	0.584903	0.028318633046001195	2.6337448559670777e-05	0.21861736476421356
389760	-3.153006	-1.733562	-0.534511	0.042723	0.218665	0.585956	0.02831846456974745	3.9506172839506166e-05	0.21866293251514435
389880	-3.153177	-1.733655	-0.535388	0.042716	0.218622	0.585442	0.028320380486547947	3.9506172839506166e-05	0.2186233550310135
390000	-3.153270	-1.733313	-0.535267	0.042712	0.218697	0.585513	0.028295682463794946	1.7558299039780518e-05	0.21869635581970215
390120	-3.153075	-1.732553	-0.534747	0.042721	0.218878	0.585817	0.028231772128492594	1.7558299039780518e-05	0.2188764363527298
390240	-3.152680	-1.732620	-0.535822	0.042737	0.218853	0.585188	0.028226975351572037	3.9506172839506166e-05	0.21885384619235992
390360	-3.152741	-1.732969	-0.536045	0.042735	0.218787	0.585057	0.028261874057352542	3.9506172839506166e-05	0.21878719329833984
390480	-3.154110	-1.732831	-0.535786	0.042676	0.218822	0.585209	0.028258307836949825	3.9506172839506166e-05	0.2188202142715454
390600	-3.154068	-1.732743	-0.535705	0.042678	0.218839	0.585257	0.028241470083594324	3.9506172839506166e-05	0.21883922815322876
390720	-3.155101	-1.732971	-0.534696	0.042634	0.218810	0.585848	0.028262862470000982	3.9506172839506166e-05	0.21880881488323212
390840	-3.155416	-1.732614	-0.533627	0.042621	0.218920	0.586474	0.028237228095531464	2.6337448559670777e-05	0.21891853213310242
390960	-3.155085	-1.731995	-0.532580	0.042635	0.219063	0.587088	0.028181609511375428	2.6337448559670777e-05	0.2190614491701126
391080	-3.155534	-1.731882	-0.532373	0.042616	0.219096	0.587210	0.02815997917205095	3.9506172839506166e-05	0.21909649670124054
391200	-3.154750	-1.731621	-0.532925	0.042649	0.219131	0.586886	0.0281450429931283	1.7558299039780518e-05	0.2191305160522461
391320	-3.154722	-1.731273	-0.532197	0.042650	0.219192	0.587313	0.02811141135171056	1.7558299039780518e-05	0.21919183433055878
391440	-3.154908	-1.731161	-0.532182	0.042642	0.219192	0.587322	0.02810300150886178	2.6337448559670777e-05	0.21919132769107819
391560	-3.155330	-1.731499	-0.532928	0.042624	0.219102	0.586884	0.0281317918561399	2.6337448559670777e-05	0.21910104155540466
391680	-3.154134	-1.731116	-0.532743	0.042675	0.219184	0.586992	0.02810614285990596	3.9506172839506166e-05	0.21918320655822754
391800	-3.153081	-1.730807	-0.532999	0.042720	0.219225	0.586842	0.028068177681416274	1.7558299039780518e-05	0.21922533214092255
391920	-3.151791	-1.730713	-0.531797	0.042775	0.219260	0.587548	0.028064678236842156	2.6337448559670777e-05	0.21925917267799377
392040	-3.151726	-1.730517	-0.532265	0.042778	0.219318	0.587273	0.0280425607226789	1.7558299039780518e-05	0.21931764483451843
392160	-3.151927	-1.730291	-0.532394	0.042770	0.219371	0.587198	0.028023382555693387	1.7558299039780518e-05	0.21937046945095062
392280	-3.151582	-1.730142	-0.532432	0.042784	0.219396	0.587175	0.028011318109929562	2.6337448559670777e-05	0.2193947583436966
392400	-3.151945	-1.730199	-0.533774	0.042769	0.219354	0.586388	0.028012020513415337	3.9506172839506166e-05	0.2193540334701538
392520	-3.152723	-1.729997	-0.533690	0.042736	0.219404	0.586437	0.027996961679309606	1.7558299039780518e-05	0.21940337121486664
392640	-3.152719	-1.729493	-0.533071	0.042736	0.219513	0.586800	0.027959420904517175	3.9506172839506166e-05	0.21951131522655487
392760	-3.152432	-1.729514	-0.532820	0.042748	0.219504	0.586947	0.027950805984437464	3.9506172839506166e-05	0.219504714012146
392880	-3.151625	-1.728907	-0.532606	0.042783	0.219624	0.587073	0.027901855390518905	2.6337448559670777e-05	0.21962307393550873
393000	-3.151929	-1.728637	-0.532842	0.042770	0.219693	0.586935	0.027875900827348234	2.6337448559670777e-05	0.21969223022460938
393120	-3.151134	-1.727988	-0.531961	0.042804	0.219858	0.587452	0.02781452629715204	2.6337448559670777e-05	0.21985840797424316
393240	-3.151122	-1.727585	-0.531091	0.042804	0.219973	0.587963	0.027786487806588413	3.9506172839506166e-05	0.2199707329273224
393360	-3.150512	-1.727293	-0.531169	0.042830	0.220024	0.587918	0.027757394313812255	3.9506172839506166e-05	0.22002297639846802
393480	-3.150719	-1.727100	-0.530984	0.042821	0.220060	0.588026	0.02773809414356947	2.6337448559670777e-05	0.22005993127822876
393600	-3.150501	-1.727263	-0.530778	0.042831	0.220019	0.588147	0.027748847659677268	3.9506172839506166e-05	0.22001992166042328
393720	-3.150135	-1.727046	-0.530242	0.042846	0.220089	0.588463	0.02773290602490306	1.7558299039780518e-05	0.22008810937404633
393840	-3.149833	-1.727215	-0.530094	0.042859	0.220070	0.588550	0.027745149470865725	2.6337448559670777e-05	0.22006970643997192
393960	-3.151969	-1.727377	-0.529256	0.042768	0.220075	0.589043	0.027756817732006313	3.9506172839506166e-05	0.2200760543346405
394080	-3.151523	-1.726883	-0.528433	0.042787	0.220170	0.589528	0.027718497812747954	3.9506172839506166e-05	0.22016854584217072
394200	-3.152287	-1.726624	-0.528081	0.042754	0.220230	0.589736	0.027693412639200686	2.6337448559670777e-05	0.2202298790216446
394320	-3.152933	-1.726575	-0.528339	0.042727	0.220247	0.589583	0.027683666720986367	3.9506172839506166e-05	0.2202487289905548
394440	-3.152801	-1.726393	-0.528978	0.042732	0.220252	0.589207	0.02768107019364834	2.6337448559670777e-05	0.22025087475776672
394560	-3.152245	-1.726028	-0.528394	0.042756	0.220315	0.589551	0.027641573920845985	2.6337448559670777e-05	0.2203149050474167
394680	-3.152419	-1.725916	-0.527743	0.042749	0.220341	0.589935	0.027633580192923547	1.1705532693187011e-05	0.22033995389938354
394800	-3.151989	-1.725555	-0.527241	0.042767	0.220428	0.590231	0.027596325799822807	2.6337448559670777e-05	0.22042730450630188
394920	-3.151683	-1.725339	-0.527306	0.042780	0.220445	0.590193	0.02757967347279191	2.6337448559670777e-05	0.22044426202774048
395040	-3.150963	-1.725162	-0.526843	0.042811	0.220519	0.590466	0.027560826484113933	2.6337448559670777e-05	0.22051800787448883
395160	-3.150456	-1.724914	-0.526024	0.042833	0.220591	0.590950	0.027539173420518637	1.7558299039780518e-05	0.2205900251865387
395280	-3.150764	-1.724740	-0.526562	0.042819	0.220612	0.590632	0.027523826342076063	2.6337448559670777e-05	0.22061173617839813
395400	-3.150244	-1.724306	-0.526239	0.042842	0.220702	0.590823	0.027491481695324182	7.803688462124674e-06	0.22070014476776123
395520	-3.150617	-1.724222	-0.526277	0.042826	0.220728	0.590800	0.027472507581114768	3.9506172839506166e-05	0.22072847187519073
395640	-3.150054	-1.723868	-0.525726	0.042850	0.220807	0.591126	0.027447400521486996	7.803688462124674e-06	0.22080719470977783
395760	-3.150161	-1.723811	-0.526126	0.042845	0.220812	0.590889	0.027439269702881575	3.9506172839506166e-05	0.2208123803138733
395880	-3.151011	-1.723784	-0.525670	0.042809	0.220824	0.591159	0.027432067971676587	3.9506172839506166e-05	0.22082550823688507
396000	-3.151453	-1.723515	-0.526423	0.042790	0.220845	0.590714	0.02742000753059983	2.6337448559670777e-05	0.22084291279315948
396120	-3.151375	-1.723196	-0.526322	0.042793	0.220906	0.590774	0.027388484962284566	1.7558299039780518e-05	0.22090491652488708
396240	-3.151742	-1.723063	-0.526112	0.042778	0.220958	0.590898	0.027375905495136976	2.6337448559670777e-05	0.22095714509487152
396360	-3.152559	-1.722823	-0.525809	0.042743	0.221021	0.591077	0.027347964327782394	3.9506172839506166e-05	0.22102126479148865
396480	-3.153258	-1.722931	-0.525537	0.042713	0.221003	0.591238	0.027359533309936523	3.9506172839506166e-05	0.22100268304347992
396600	-3.153285	-1.723168	-0.525756	0.042712	0.220943	0.591109	0.02737978156656027	2.6337448559670777e-05	0.22094374895095825
396720	-3.152568	-1.723046	-0.524630	0.042742	0.220986	0.591775	0.027365727722644805	3.9506172839506166e-05	0.22098708152770996
396840	-3.153219	-1.723041	-0.523512	0.042714	0.221017	0.592436	0.02737167850136757	1.7558299039780518e-05	0.22101639211177826
396960	-3.153849	-1.722886	-0.522985	0.042688	0.221066	0.592748	0.02735423417761922	3.9506172839506166e-05	0.22106534242630005
397080	-3.155114	-1.723111	-0.522325	0.042634	0.221043	0.593140	0.027371199615299702	3.9506172839506166e-05	0.2210443615913391
397200	-3.155582	-1.723115	-0.521731	0.042614	0.221060	0.593493	0.027378895319998264	1.7558299039780518e-05	0.2210589498281479
397320	-3.155812	-1.723230	-0.523449	0.042604	0.221015	0.592474	0.0273846841417253	5.925925925925925e-05	0.22101660072803497
397440	-3.155792	-1.723479	-0.522847	0.042605	0.220970	0.592831	0.027411044854670764	2.6337448559670777e-05	0.22096940875053406
397560	-3.155473	-1.722787	-0.523357	0.042618	0.221101	0.592528	0.027349790930747984	2.6337448559670777e-05	0.2211005836725235
397680	-3.154681	-1.722324	-0.523493	0.042652	0.221195	0.592448	0.02731530936434865	3.9506172839506166e-05	0.22119295597076416
397800	-3.155114	-1.722602	-0.524216	0.042634	0.221127	0.592019	0.027328540198504926	3.9506172839506166e-05	0.22112733125686646
397920	-3.155503	-1.722708	-0.523852	0.042617	0.221104	0.592235	0.027334857638925313	3.9506172839506166e-05	0.22110560536384583
398040	-3.155365	-1.722602	-0.523289	0.042623	0.221153	0.592569	0.02733420263975859	3.9506172839506166e-05	0.22115229070186615
398160	-3.154882	-1.722470	-0.523432	0.042643	0.221148	0.592483	0.02731565712019801	2.6337448559670777e-05	0.22114922106266022
398280	-3.153951	-1.722517	-0.521850	0.042683	0.221155	0.593422	0.027327027823776006	3.9506172839506166e-05	0.2211540937423706
398400	-3.154449	-1.722316	-0.521561	0.042662	0.221202	0.593593	0.027304151002317666	3.9506172839506166e-05	0.22120113670825958
398520	-3.153888	-1.722342	-0.520722	0.042686	0.221186	0.594091	0.02730463184416294	3.9506172839506166e-05	0.2211863249540329
398640	-3.153027	-1.722080	-0.520795	0.042723	0.221225	0.594048	0.02728439271450043	2.6337448559670777e-05	0.22122524678707123
398760	-3.152747	-1.722082	-0.519884	0.042735	0.221260	0.594589	0.02729066964238882	3.9506172839506166e-05	0.22125668823719025
398880	-3.152823	-1.721828	-0.518661	0.042731	0.221346	0.595317	0.027262762282043697	1.7558299039780518e-05	0.2213456928730011
399000	-3.152474	-1.721453	-0.517104	0.042746	0.221452	0.596245	0.02722900565713644	3.9506172839506166e-05	0.2214503139257431
399120	-3.152974	-1.721623	-0.516411	0.042725	0.221445	0.596658	0.027237368561327458	2.6337448559670777e-05	0.22144615650177002
399240	-3.152508	-1.721340	-0.515728	0.042745	0.221495	0.597066	0.0272272577509284	3.9506172839506166e-05	0.2214929610490799
399360	-3.151344	-1.721067	-0.514801	0.042795	0.221541	0.597619	0.027194359246641396	3.9506172839506166e-05	0.22153981029987335
399480	-3.151805	-1.720588	-0.514186	0.042775	0.221664	0.597987	0.027151981741189955	2.6337448559670777e-05	0.22166353464126587
399600	-3.152599	-1.720041	-0.513592	0.042741	0.221800	0.598343	0.027104034926742314	1.7558299039780518e-05	0.22179833054542542
399720	-3.151527	-1.720056	-0.514106	0.042787	0.221768	0.598035	0.027104811929166316	2.6337448559670777e-05	0.22176675498485565
399840	-3.151305	-1.719725	-0.514041	0.042796	0.221833	0.598074	0.027072412613779306	1.7558299039780518e-05	0.2218320667743683
399960	-3.150664	-1.719386	-0.514651	0.042824	0.221871	0.597709	0.027041677851229906	2.6337448559670777e-05	0.22187195718288422
400080	-3.152093	-1.719707	-0.515681	0.042763	0.221794	0.597094	0.027066844049841166	2.6337448559670777e-05	0.2217947095632553
400200	-3.151332	-1.719598	-0.515031	0.042795	0.221816	0.597482	0.027067590318620206	2.6337448559670777e-05	0.22181306779384613
400320	-3.150628	-1.719549	-0.514796	0.042825	0.221822	0.597623	0.027051455248147248	3.9506172839506166e-05	0.22182366251945496
400440	-3.149900	-1.719469	-0.515542	0.042856	0.221814	0.597177	0.02704711090773344	3.9506172839506166e-05	0.22181379795074463
400560	-3.149853	-1.719689	-0.516225	0.042858	0.221744	0.596769	0.0270662073045969	2.6337448559670777e-05	0.22174440324306488
400680	-3.148933	-1.719870	-0.515681	0.042898	0.221705	0.597094	0.027083455212414266	3.9506172839506166e-05	0.221705362200737
400800	-3.148470	-1.719936	-0.515817	0.042918	0.221671	0.597013	0.02709031030535698	2.6337448559670777e-05	0.22167079150676727
400920	-3.149013	-1.719937	-0.516419	0.042894	0.221677	0.596653	0.027092295326292516	3.9506172839506166e-05	0.22167590260505676
401040	-3.148628	-1.719853	-0.515843	0.042911	0.221696	0.596997	0.02709044823423028	2.6337448559670777e-05	0.22169466316699982
401160	-3.147409	-1.719992	-0.516335	0.042963	0.221658	0.596704	0.02709456728771329	3.9506172839506166e-05	0.2216581404209137
401280	-3.146992	-1.719602	-0.515554	0.042981	0.221748	0.597170	0.027067441772669554	2.6337448559670777e-05	0.22174575924873352
401400	-3.146159	-1.719158	-0.514046	0.043017	0.221871	0.598071	0.027024314925074577	2.6337448559670777e-05	0.2218693047761917
401520	-3.145424	-1.718964	-0.513383	0.043049	0.221912	0.598468	0.027004765067249536	3.9506172839506166e-05	0.22191134095191956
401640	-3.145100	-1.718751	-0.513204	0.043063	0.221966	0.598575	0.026981398183852433	2.6337448559670777e-05	0.2219659686088562
401760	-3.145137	-1.718432	-0.513468	0.043061	0.222030	0.598416	0.02695895526558161	1.7558299039780518e-05	0.22202885150909424
401880	-3.146366	-1.718401	-0.512549	0.043008	0.222067	0.598967	0.026951770205050705	3.9506172839506166e-05	0.22206620872020721
402000	-3.146618	-1.718111	-0.511535	0.042997	0.222151	0.599574	0.026932877022773027	3.9506172839506166e-05	0.2221490442752838
402120	-3.147064	-1.717787	-0.511913	0.042978	0.222199	0.599348	0.026898012682795524	2.6337448559670777e-05	0.22219912707805634
402240	-3.147893	-1.718003	-0.513268	0.042943	0.222123	0.598536	0.02691721376031637	2.6337448559670777e-05	0.2221221625804901
402360	-3.148443	-1.718548	-0.513613	0.042919	0.221983	0.598330	0.0269581101834774	3.9506172839506166e-05	0.2219855934381485
402480	-3.149677	-1.718724	-0.513820	0.042866	0.221946	0.598206	0.02698337994515896	2.6337448559670777e-05	0.2219446897506714
402600	-3.149796	-1.718880	-0.513279	0.042861	0.221916	0.598530	0.02699669832363725	2.6337448559670777e-05	0.22191500663757324
402720	-3.151301	-1.718801	-0.512049	0.042796	0.221977	0.599266	0.026993293687701224	2.6337448559670777e-05	0.22197483479976654
402840	-3.151892	-1.718862	-0.512088	0.042771	0.221963	0.599243	0.02699892958626151	1.7558299039780518e-05	0.2219615876674652
402960	-3.151884	-1.718712	-0.511566	0.042771	0.222023	0.599556	0.026983460783958434	3.9506172839506166e-05	0.22202230989933014
403080	-3.152081	-1.718680	-0.511549	0.042763	0.222025	0.599566	0.026966592483222484	3.9506172839506166e-05	0.22202831506729126
403200	-3.151251	-1.719058	-0.512356	0.042799	0.221921	0.599082	0.027012626733630897	3.9506172839506166e-05	0.22191984951496124
403320	-3.150688	-1.719309	-0.512333	0.042823	0.221830	0.599097	0.027028270717710256	3.9506172839506166e-05	0.22183142602443695
403440	-3.150237	-1.718908	-0.511483	0.042842	0.221927	0.599606	0.02700021956115961	2.6337448559670777e-05	0.22192686796188354
403560	-3.150099	-1.718758	-0.510922	0.042848	0.221979	0.599942	0.02698475420475006	2.6337448559670777e-05	0.22197917103767395
403680	-3.149802	-1.718415	-0.509932	0.042861	0.222053	0.600536	0.026959575060755015	2.6337448559670777e-05	0.22205109894275665
403800	-3.149409	-1.717616	-0.508476	0.042877	0.222258	0.601411	0.026889182440936566	3.9506172839506166e-05	0.22225627303123474
403920	-3.149328	-1.717756	-0.508486	0.042881	0.222242	0.601406	0.026888147369027136	3.9506172839506166e-05	0.22224198281764984
404040	-3.149786	-1.717594	-0.507966	0.042861	0.222299	0.601718	0.026878979057073593	3.9506172839506166e-05	0.22229929268360138
404160	-3.149125	-1.717603	-0.506965	0.042890	0.222332	0.602321	0.026881651394069193	2.6337448559670777e-05	0.22233082354068756
404280	-3.147930	-1.716927	-0.505322	0.042941	0.222494	0.603311	0.02682663341984153	3.9506172839506166e-05	0.22249241173267365
404400	-3.148516	-1.716890	-0.504316	0.042916	0.222541	0.603919	0.02680964572355151	3.9506172839506166e-05	0.22254256904125214
404520	-3.147253	-1.716562	-0.504914	0.042970	0.222581	0.603558	0.026795329060405493	2.6337448559670777e-05	0.22257845103740692
404640	-3.147505	-1.716006	-0.504886	0.042959	0.222702	0.603574	0.026741237100213765	2.6337448559670777e-05	0.22270046174526215
404760	-3.147460	-1.715601	-0.505463	0.042961	0.222777	0.603226	0.026701163873076438	2.6337448559670777e-05	0.22277697920799255
404880	-3.147226	-1.715392	-0.505875	0.042971	0.222800	0.602978	0.026686724834144117	3.9506172839506166e-05	0.22279790043830872
405000	-3.146143	-1.714723	-0.504511	0.043018	0.222945	0.603801	0.026622087322175504	1.7558299039780518e-05	0.2229451686143875
405120	-3.146557	-1.714593	-0.504616	0.043000	0.222980	0.603738	0.026608650293201207	2.6337448559670777e-05	0.22297970950603485
405240	-3.146169	-1.714238	-0.505350	0.043017	0.223032	0.603294	0.02658072914928198	3.9506172839506166e-05	0.22303083539009094
405360	-3.147198	-1.714274	-0.505650	0.042972	0.223043	0.603113	0.02657844377681613	3.9506172839506166e-05	0.2230437844991684
405480	-3.146868	-1.714424	-0.507053	0.042987	0.222979	0.602268	0.026594667974859477	5.925925925925925e-05	0.22297890484333038
405600	-3.146214	-1.714011	-0.507434	0.043015	0.223049	0.602038	0.026560178399085997	2.6337448559670777e-05	0.22304876148700714
405720	-3.146071	-1.713588	-0.507632	0.043021	0.223119	0.601919	0.02652398282662034	3.9506172839506166e-05	0.22311723232269287
405840	-3.147157	-1.713683	-0.507235	0.042974	0.223099	0.602158	0.02652393626049161	3.9506172839506166e-05	0.22309958934783936
405960	-3.147602	-1.713968	-0.507911	0.042955	0.223037	0.601751	0.026549439877271652	2.6337448559670777e-05	0.22303803265094757
406080	-3.147482	-1.714397	-0.508541	0.042960	0.222932	0.601373	0.02658474836498499	3.9506172839506166e-05	0.2229328155517578
406200	-3.147661	-1.714459	-0.508383	0.042952	0.222906	0.601467	0.026602170802652834	2.6337448559670777e-05	0.22290381789207458
406320	-3.146801	-1.714589	-0.507684	0.042989	0.222900	0.601888	0.026601652801036834	3.9506172839506166e-05	0.2229008823633194
406440	-3.147799	-1.714809	-0.507710	0.042947	0.222849	0.601872	0.026626887172460555	2.6337448559670777e-05	0.22284960746765137
406560	-3.148677	-1.714907	-0.506783	0.042909	0.222855	0.602430	0.026635364443063737	2.6337448559670777e-05	0.2228555530309677
406680	-3.149661	-1.714974	-0.506652	0.042867	0.222846	0.602510	0.02664848491549492	3.9506172839506166e-05	0.22284388542175293
406800	-3.151183	-1.715158	-0.505805	0.042801	0.222851	0.603020	0.0266547747887671	3.9506172839506166e-05	0.22285187244415283
406920	-3.151269	-1.715044	-0.505234	0.042798	0.222912	0.603364	0.026656688097864388	5.925925925925925e-05	0.2229088842868805
407040	-3.152714	-1.714882	-0.504485	0.042736	0.222976	0.603816	0.026639674417674543	1.1705532693187011e-05	0.22297441959381104
407160	-3.152785	-1.714771	-0.504251	0.042733	0.223008	0.603958	0.026619913522154093	3.9506172839506166e-05	0.22301003336906433
407280	-3.152248	-1.714288	-0.503485	0.042756	0.223098	0.604420	0.026594956032931806	2.6337448559670777e-05	0.22309577465057373
407400	-3.151730	-1.714162	-0.502767	0.042778	0.223091	0.604855	0.026575471740216017	1.1705532693187011e-05	0.2230897843837738
407520	-3.151998	-1.714026	-0.502506	0.042767	0.223142	0.605013	0.026561471819877624	2.6337448559670777e-05	0.22314047813415527
407640	-3.152341	-1.713899	-0.501911	0.042752	0.223176	0.605373	0.02654598085209727	2.6337448559670777e-05	0.22317659854888916
407760	-3.152956	-1.713653	-0.501880	0.042726	0.223230	0.605392	0.026522211264818907	2.6337448559670777e-05	0.22323155403137207
407880	-3.154269	-1.713721	-0.502129	0.042670	0.223230	0.605241	0.02653006250038743	3.9506172839506166e-05	0.22323037683963776
408000	-3.153843	-1.713713	-0.503543	0.042688	0.223201	0.604386	0.026530670747160912	3.9506172839506166e-05	0.2232016772031784
408120	-3.154094	-1.713620	-0.503313	0.042677	0.223217	0.604524	0.02652043467387557	2.6337448559670777e-05	0.22321787476539612
408240	-3.152976	-1.713054	-0.503147	0.042725	0.223305	0.604625	0.026471055578440428	3.9506172839506166e-05	0.22330619394779205
408360	-3.152923	-1.713337	-0.502885	0.042727	0.223248	0.604783	0.026491409726440908	3.9506172839506166e-05	0.22324945032596588
408480	-3.153597	-1.713206	-0.502726	0.042698	0.223290	0.604879	0.026491619180887938	2.6337448559670777e-05	0.22328777611255646
408600	-3.152561	-1.713237	-0.502342	0.042743	0.223300	0.605112	0.02648139987140894	2.6337448559670777e-05	0.22330066561698914
408720	-3.152774	-1.712879	-0.502510	0.042733	0.223371	0.605010	0.026462935842573643	2.6337448559670777e-05	0.22336891293525696
408840	-3.152687	-1.712514	-0.502031	0.042737	0.223458	0.605300	0.026431829389184713	2.6337448559670777e-05	0.22345459461212158
408960	-3.153079	-1.712272	-0.501224	0.042720	0.223517	0.605789	0.026401668041944503	2.6337448559670777e-05	0.22351692616939545
409080	-3.152556	-1.712011	-0.500864	0.042743	0.223579	0.606007	0.026378090865910052	2.6337448559670777e-05	0.2235790342092514
409200	-3.151548	-1.711430	-0.499880	0.042786	0.223715	0.606604	0.026331436540931463	2.6337448559670777e-05	0.22371450066566467
409320	-3.151529	-1.711348	-0.500217	0.042787	0.223731	0.606399	0.02631443804129958	3.9506172839506166e-05	0.22373142838478088
409440	-3.151110	-1.711664	-0.501085	0.042805	0.223661	0.605873	0.026346875261515378	2.6337448559670777e-05	0.2236613780260086
409560	-3.150356	-1.711559	-0.501398	0.042837	0.223666	0.605683	0.02634101491421461	1.7558299039780518e-05	0.22366535663604736
409680	-3.151100	-1.711613	-0.502262	0.042805	0.223675	0.605160	0.026341290958225728	2.6337448559670777e-05	0.22367438673973083
409800	-3.151524	-1.711165	-0.501471	0.042787	0.223803	0.605639	0.02630999768152833	2.6337448559670777e-05	0.22380004823207855
409920	-3.152153	-1.711089	-0.501732	0.042760	0.223823	0.605481	0.02629453530535102	2.6337448559670777e-05	0.22382280230522156
410040	-3.152112	-1.710691	-0.501351	0.042762	0.223914	0.605712	0.026267620082944632	1.7558299039780518e-05	0.22391219437122345
410160	-3.151852	-1.710529	-0.500920	0.042773	0.223937	0.605973	0.02624183427542448	3.9506172839506166e-05	0.22393719851970673
410280	-3.152221	-1.710410	-0.500409	0.042757	0.223948	0.606283	0.02623390657827258	2.6337448559670777e-05	0.22394812107086182
410400	-3.151955	-1.710598	-0.501682	0.042768	0.223860	0.605511	0.026248654723167418	2.6337448559670777e-05	0.2238604575395584
410520	-3.152124	-1.710725	-0.501837	0.042761	0.223825	0.605417	0.0262668551877141	2.6337448559670777e-05	0.2238226681947708
410640	-3.152243	-1.710512	-0.500703	0.042756	0.223910	0.606104	0.02623989311978221	2.6337448559670777e-05	0.22390975058078766
410760	-3.151787	-1.710249	-0.500643	0.042776	0.223951	0.606141	0.026224937196820973	2.6337448559670777e-05	0.22394876182079315
410880	-3.150996	-1.709745	-0.499864	0.042809	0.224080	0.606613	0.026176280807703733	3.9506172839506166e-05	0.22407862544059753
411000	-3.151171	-1.709318	-0.499729	0.042802	0.224152	0.606695	0.026139259804040194	2.6337448559670777e-05	0.22415101528167725
411120	-3.150542	-1.709260	-0.498769	0.042829	0.224155	0.607278	0.026126554049551488	2.6337448559670777e-05	0.22415535151958466
411240	-3.150292	-1.708851	-0.498909	0.042840	0.224239	0.607193	0.026093685533851385	2.6337448559670777e-05	0.22423812747001648
411360	-3.150646	-1.708491	-0.498025	0.042824	0.224351	0.607730	0.026062745973467825	2.6337448559670777e-05	0.22435027360916138
411480	-3.150371	-1.708319	-0.498221	0.042836	0.224392	0.607611	0.026049290597438813	3.9506172839506166e-05	0.22439028322696686
411600	-3.150154	-1.708110	-0.498006	0.042846	0.224430	0.607742	0.026027861330658198	1.7558299039780518e-05	0.22442969679832458
411720	-3.150214	-1.708038	-0.497817	0.042843	0.224437	0.607856	0.0260251484811306	2.6337448559670777e-05	0.22443567216396332
411840	-3.149725	-1.707923	-0.498639	0.042864	0.224430	0.607356	0.026007181499153376	2.6337448559670777e-05	0.2244293987751007
411960	-3.149325	-1.707770	-0.497550	0.042881	0.224474	0.608018	0.02599528804421425	2.6337448559670777e-05	0.22447450459003448
412080	-3.149292	-1.707537	-0.496245	0.042882	0.224542	0.608813	0.025973537284880877	3.9506172839506166e-05	0.22454173862934113
412200	-3.149691	-1.707493	-0.496039	0.042865	0.224550	0.608938	0.025971851777285337	2.6337448559670777e-05	0.22454938292503357
412320	-3.149814	-1.706892	-0.495128	0.042860	0.224694	0.609493	0.025922622345387936	2.6337448559670777e-05	0.22469207644462585
412440	-3.150173	-1.706448	-0.493726	0.042845	0.224796	0.610348	0.02588201779872179	3.9506172839506166e-05	0.22479493916034698
412560	-3.150690	-1.706391	-0.493433	0.042823	0.224811	0.610527	0.025870221387594938	2.6337448559670777e-05	0.22481125593185425
412680	-3.150271	-1.706157	-0.492588	0.042841	0.224883	0.611043	0.025855177920311688	2.6337448559670777e-05	0.22488190233707428
412800	-3.149963	-1.706247	-0.491812	0.042854	0.224886	0.611517	0.025849439669400454	3.9506172839506166e-05	0.22488795220851898
412920	-3.149055	-1.705942	-0.491841	0.042893	0.224952	0.611499	0.025829899311065673	1.7558299039780518e-05	0.22495204210281372
413040	-3.149946	-1.705800	-0.492208	0.042854	0.224968	0.611275	0.025819539092481136	2.6337448559670777e-05	0.22496767342090607
413160	-3.149713	-1.705716	-0.492723	0.042864	0.224972	0.610960	0.025811196025460958	3.9506172839506166e-05	0.22497119009494781
413280	-3.150081	-1.705729	-0.492828	0.042849	0.224967	0.610896	0.02581199398264289	3.9506172839506166e-05	0.2249666154384613
413400	-3.149848	-1.705670	-0.493779	0.042859	0.224979	0.610316	0.02580342013388872	3.9506172839506166e-05	0.2249792069196701
413520	-3.149766	-1.705342	-0.493836	0.042862	0.225041	0.610281	0.02578110620379448	3.9506172839506166e-05	0.2250404953956604
413640	-3.149648	-1.705132	-0.494073	0.042867	0.225066	0.610136	0.025759830698370935	1.7558299039780518e-05	0.22506481409072876
413760	-3.148449	-1.705194	-0.493427	0.042919	0.225036	0.610531	0.025766984187066556	2.6337448559670777e-05	0.2250353842973709
413880	-3.147459	-1.704449	-0.492820	0.042961	0.225188	0.610901	0.02569656725972891	1.7558299039780518e-05	0.22518794238567352
414000	-3.147329	-1.704716	-0.492315	0.042967	0.225125	0.611210	0.025723478849977256	2.6337448559670777e-05	0.2251238077878952
414120	-3.147129	-1.704748	-0.492016	0.042975	0.225145	0.611392	0.025724002718925477	1.7558299039780518e-05	0.22514532506465912
414240	-3.145674	-1.704225	-0.491538	0.043038	0.225220	0.611685	0.025682232249528168	3.9506172839506166e-05	0.22521941363811493
414360	-3.145657	-1.704659	-0.491562	0.043039	0.225128	0.611670	0.0257102832198143	3.9506172839506166e-05	0.22512875497341156
414480	-3.145940	-1.704661	-0.492132	0.043026	0.225109	0.611322	0.025710046105086804	3.9506172839506166e-05	0.2251105159521103
414600	-3.146502	-1.704364	-0.490794	0.043002	0.225202	0.612140	0.0256909835152328	3.9506172839506166e-05	0.2252012938261032
414720	-3.146248	-1.703876	-0.490007	0.043013	0.225329	0.612622	0.025647435709834097	2.6337448559670777e-05	0.22532808780670166
414840	-3.145622	-1.703302	-0.489849	0.043040	0.225463	0.612719	0.025598098617047073	2.6337448559670777e-05	0.2254616916179657
414960	-3.145742	-1.703131	-0.489473	0.043035	0.225502	0.612950	0.025581087917089462	2.6337448559670777e-05	0.22550068795681
415080	-3.145805	-1.702846	-0.488811	0.043032	0.225594	0.613355	0.025551519077271222	3.9506172839506166e-05	0.22559362649917603
415200	-3.146930	-1.703200	-0.489810	0.042984	0.225527	0.612743	0.025580642651766537	3.9506172839506166e-05	0.22552643716335297
415320	-3.147219	-1.703301	-0.489050	0.042971	0.225514	0.613209	0.025589337199926378	3.9506172839506166e-05	0.22551380097866058
415440	-3.147345	-1.703041	-0.489455	0.042966	0.225550	0.612960	0.025570986792445183	1.7558299039780518e-05	0.22555026412010193
415560	-3.147813	-1.702745	-0.489704	0.042946	0.225607	0.612808	0.02554747452959418	2.6337448559670777e-05	0.22560524940490723
415680	-3.147461	-1.702509	-0.489348	0.042961	0.225648	0.613026	0.025519639905542135	3.9506172839506166e-05	0.22564931213855743
415800	-3.148358	-1.702362	-0.488633	0.042923	0.225696	0.613464	0.02551410160958767	1.7558299039780518e-05	0.22569486498832703
415920	-3.148981	-1.702465	-0.488791	0.042896	0.225696	0.613368	0.025510713644325732	3.9506172839506166e-05	0.22569693624973297
416040	-3.149692	-1.702345	-0.487786	0.042865	0.225772	0.613984	0.025512038730084896	2.6337448559670777e-05	0.225770965218544
416160	-3.150749	-1.702320	-0.486996	0.042820	0.225812	0.614469	0.02550349375233054	2.6337448559670777e-05	0.22581148147583008
416280	-3.151642	-1.701970	-0.485611	0.042782	0.225922	0.615321	0.02547458969056606	3.9506172839506166e-05	0.22592230141162872
416400	-3.151177	-1.701939	-0.484568	0.042802	0.225942	0.615963	0.025472590699791908	3.9506172839506166e-05	0.22594095766544342
416520	-3.151506	-1.701694	-0.484128	0.042788	0.226009	0.616234	0.025445268582552673	3.9506172839506166e-05	0.2260100543498993
416640	-3.152593	-1.701497	-0.483281	0.042741	0.226076	0.616757	0.025441231206059456	3.9506172839506166e-05	0.226072758436203
416760	-3.151525	-1.701434	-0.484150	0.042787	0.226053	0.616220	0.025425127986818553	1.7558299039780518e-05	0.22605246305465698
416880	-3.150996	-1.701028	-0.484112	0.042809	0.226124	0.616244	0.025390697829425334	2.6337448559670777e-05	0.22612404823303223
417000	-3.151479	-1.700714	-0.484012	0.042789	0.226212	0.616306	0.025363747496157885	3.9506172839506166e-05	0.22621116042137146
417120	-3.151560	-1.700870	-0.485404	0.042785	0.226122	0.615449	0.025373195856809617	3.9506172839506166e-05	0.22612249851226807
417240	-3.151141	-1.700778	-0.485227	0.042803	0.226129	0.615557	0.02537234267219901	1.7558299039780518e-05	0.22612768411636353
417360	-3.150418	-1.700811	-0.484898	0.042834	0.226127	0.615760	0.025370177533477544	2.6337448559670777e-05	0.22612687945365906
417480	-3.151081	-1.700984	-0.484938	0.042806	0.226100	0.615735	0.025380652863532305	3.9506172839506166e-05	0.22610023617744446
417600	-3.151375	-1.700731	-0.484139	0.042793	0.226180	0.616227	0.025367227289825676	2.6337448559670777e-05	0.22617794573307037
417720	-3.150814	-1.700348	-0.484466	0.042817	0.226258	0.616026	0.025337899569422007	2.6337448559670777e-05	0.22625476121902466
417840	-3.151086	-1.700403	-0.485449	0.042806	0.226222	0.615421	0.025328686553984882	3.9506172839506166e-05	0.22622235119342804
417960	-3.150760	-1.700340	-0.484584	0.042820	0.226234	0.615953	0.025324088428169488	3.9506172839506166e-05	0.22623401880264282
418080	-3.150187	-1.700233	-0.483590	0.042844	0.226239	0.616566	0.025317951943725346	3.9506172839506166e-05	0.22623880207538605
418200	-3.150603	-1.700302	-0.483314	0.042826	0.226199	0.616736	0.025318704545497894	3.9506172839506166e-05	0.22620145976543427
418320	-3.150535	-1.700253	-0.483868	0.042829	0.226205	0.616395	0.025318721309304237	3.9506172839506166e-05	0.22620506584644318
418440	-3.150659	-1.700308	-0.482628	0.042824	0.226220	0.617159	0.025323111470788716	3.9506172839506166e-05	0.22622032463550568
418560	-3.149927	-1.700007	-0.481565	0.042855	0.226293	0.617816	0.025300107151269912	2.6337448559670777e-05	0.2262924313545227
418680	-3.148680	-1.699910	-0.481254	0.042909	0.226288	0.618008	0.025292481947690248	2.6337448559670777e-05	0.22628624737262726
418800	-3.148161	-1.699305	-0.480051	0.042931	0.226440	0.618752	0.025241085235029458	3.9506172839506166e-05	0.22643838822841644
418920	-3.147799	-1.698744	-0.478823	0.042947	0.226550	0.619512	0.025184411462396382	1.7558299039780518e-05	0.2265491485595703
419040	-3.147028	-1.698465	-0.477853	0.042980	0.226598	0.620113	0.02516531553119421	2.6337448559670777e-05	0.2265956997871399
419160	-3.146800	-1.698264	-0.476884	0.042989	0.226668	0.620715	0.02513980809599161	2.6337448559670777e-05	0.2266668826341629
419280	-3.146755	-1.697927	-0.475034	0.042991	0.226779	0.621864	0.025113665405660866	2.6337448559670777e-05	0.2267771065235138
419400	-3.146814	-1.697753	-0.473945	0.042989	0.226814	0.622542	0.025093803368508815	2.6337448559670777e-05	0.22681380808353424
419520	-3.146898	-1.697553	-0.473762	0.042985	0.226866	0.622656	0.025080564431846142	3.9506172839506166e-05	0.22686506807804108
419640	-3.147220	-1.697269	-0.472697	0.042971	0.226953	0.623319	0.025049780681729316	2.6337448559670777e-05	0.22695282101631165
419760	-3.146306	-1.696381	-0.471048	0.043011	0.227168	0.624348	0.024983313400298357	3.9506172839506166e-05	0.22716443240642548
419880	-3.146055	-1.696275	-0.469967	0.043022	0.227174	0.625023	0.024957604613155125	3.9506172839506166e-05	0.22717446088790894
420000	-3.146234	-1.696529	-0.470489	0.043014	0.227075	0.624697	0.024983501341193915	2.6337448559670777e-05	0.22707462310791016
420120	-3.145851	-1.696382	-0.470827	0.043030	0.227079	0.624486	0.024970889650285245	2.6337448559670777e-05	0.22707855701446533
420240	-3.145552	-1.695808	-0.470312	0.043043	0.227188	0.624807	0.024926820769906044	3.9506172839506166e-05	0.22718511521816254
420360	-3.144938	-1.695240	-0.470733	0.043070	0.227301	0.624545	0.02486894717440009	2.6337448559670777e-05	0.22730210423469543
420480	-3.144861	-1.695317	-0.469900	0.043073	0.227307	0.625065	0.024868770875036715	3.9506172839506166e-05	0.22730787098407745
420600	-3.144662	-1.695198	-0.469261	0.043081	0.227322	0.625464	0.024858599435538052	3.9506172839506166e-05	0.22732286155223846
420720	-3.144883	-1.695124	-0.469295	0.043072	0.227347	0.625443	0.024863755237311123	3.9506172839506166e-05	0.22734437882900238
420840	-3.142959	-1.694554	-0.468321	0.043155	0.227482	0.626052	0.024811534304171802	1.7558299039780518e-05	0.22748136520385742
420960	-3.142306	-1.694291	-0.468664	0.043183	0.227540	0.625838	0.024781989585608243	3.9506172839506166e-05	0.2275398075580597
421080	-3.141248	-1.693742	-0.467485	0.043229	0.227684	0.626576	0.02474251575767994	3.9506172839506166e-05	0.22768093645572662
421200	-3.140892	-1.693321	-0.466456	0.043244	0.227798	0.627221	0.02469800366088748	2.6337448559670777e-05	0.2277970016002655
421320	-3.141349	-1.693280	-0.467750	0.043224	0.227777	0.626410	0.02469123573973775	1.7558299039780518e-05	0.22777703404426575
421440	-3.142855	-1.693332	-0.466623	0.043159	0.227814	0.627116	0.024693884886801243	2.6337448559670777e-05	0.22781415283679962
421560	-3.141720	-1.692922	-0.465629	0.043208	0.227918	0.627740	0.024663708079606293	1.7558299039780518e-05	0.2279164344072342
421680	-3.140448	-1.692559	-0.464406	0.043263	0.228013	0.628509	0.024626322835683823	1.7558299039780518e-05	0.22801274061203003
421800	-3.139612	-1.691965	-0.463144	0.043300	0.228158	0.629302	0.024580234196037054	3.9506172839506166e-05	0.22815600037574768
421920	-3.138837	-1.691840	-0.462941	0.043333	0.228173	0.629430	0.024557168781757354	3.9506172839506166e-05	0.22817464172840118
422040	-3.138482	-1.692077	-0.463789	0.043349	0.228090	0.628896	0.02457963414490223	3.9506172839506166e-05	0.22809191048145294
422160	-3.137844	-1.691996	-0.463003	0.043376	0.228107	0.629391	0.02457756670191884	3.9506172839506166e-05	0.22810690104961395
422280	-3.136941	-1.691681	-0.462677	0.043415	0.228168	0.629596	0.024557336419820785	2.6337448559670777e-05	0.22816474735736847
422400	-3.135951	-1.691390	-0.461451	0.043458	0.228246	0.630369	0.024520718585699798	3.9506172839506166e-05	0.22824616730213165
422520	-3.135494	-1.690950	-0.461036	0.043478	0.228358	0.630630	0.024485432356595994	1.7558299039780518e-05	0.22835679352283478
422640	-3.135374	-1.690596	-0.460409	0.043483	0.228439	0.631025	0.02444873321801424	2.6337448559670777e-05	0.2284388244152069
422760	-3.136023	-1.690252	-0.459331	0.043455	0.228563	0.631706	0.024420549627393484	2.6337448559670777e-05	0.22856183350086212
422880	-3.136034	-1.690020	-0.459400	0.043455	0.228602	0.631662	0.024398426152765752	3.9506172839506166e-05	0.2286013811826706
423000	-3.134617	-1.689200	-0.458429	0.043516	0.228757	0.632276	0.02432650038972497	3.9506172839506166e-05	0.2287580966949463
423120	-3.134850	-1.688886	-0.458106	0.043506	0.228828	0.632480	0.02429375033825636	3.9506172839506166e-05	0.22882914543151855
423240	-3.133925	-1.688594	-0.457088	0.043547	0.228905	0.633125	0.024270563293248414	2.6337448559670777e-05	0.22890448570251465
423360	-3.133687	-1.688524	-0.456415	0.043557	0.228937	0.633551	0.024266574531793594	3.9506172839506166e-05	0.22893601655960083
423480	-3.133841	-1.688149	-0.456428	0.043550	0.229036	0.633543	0.024233343545347452	2.6337448559670777e-05	0.22903414070606232
423600	-3.133189	-1.687246	-0.454817	0.043579	0.229256	0.634564	0.024150329641997814	3.9506172839506166e-05	0.2292555570602417
423720	-3.133265	-1.686993	-0.454672	0.043575	0.229315	0.634656	0.02412747507914901	2.6337448559670777e-05	0.22931420803070068
423840	-3.133687	-1.686796	-0.454328	0.043557	0.229361	0.634874	0.024102700967341663	3.9506172839506166e-05	0.2293621152639389
423960	-3.133758	-1.686693	-0.454029	0.043554	0.229387	0.635064	0.024099666997790335	3.9506172839506166e-05	0.22938735783100128
424080	-3.132835	-1.686709	-0.454207	0.043594	0.229336	0.634951	0.024097481090575457	2.6337448559670777e-05	0.22933605313301086
424200	-3.133225	-1.686806	-0.453897	0.043577	0.229346	0.635148	0.024107774812728168	2.6337448559670777e-05	0.22934438288211823
424320	-3.132715	-1.686400	-0.453147	0.043599	0.229436	0.635625	0.024069841485470533	3.9506172839506166e-05	0.2294365018606186
424440	-3.132920	-1.686589	-0.454262	0.043590	0.229371	0.634916	0.024084686208516358	3.9506172839506166e-05	0.2293718010187149
424560	-3.133593	-1.686782	-0.453363	0.043561	0.229358	0.635487	0.024109795782715084	2.6337448559670777e-05	0.2293570190668106
424680	-3.134186	-1.686826	-0.453191	0.043535	0.229346	0.635596	0.024109395407140254	3.9506172839506166e-05	0.22934603691101074
424800	-3.134326	-1.686907	-0.452063	0.043529	0.229339	0.636314	0.024117285013198854	3.9506172839506166e-05	0.22933907806873322
424920	-3.133572	-1.686284	-0.450046	0.043562	0.229513	0.637599	0.02406652392819524	2.6337448559670777e-05	0.22951272130012512
425040	-3.133804	-1.686214	-0.450018	0.043552	0.229525	0.637616	0.02405427396297455	2.6337448559670777e-05	0.22952528297901154
425160	-3.134608	-1.685968	-0.449762	0.043517	0.229612	0.637780	0.024030573666095734	3.9506172839506166e-05	0.22961211204528809
425280	-3.134151	-1.685509	-0.448062	0.043537	0.229736	0.638865	0.02399054281413555	3.9506172839506166e-05	0.22973686456680298
425400	-3.133783	-1.684888	-0.447240	0.043553	0.229880	0.639391	0.023941134195774795	1.7558299039780518e-05	0.22987863421440125
425520	-3.133118	-1.684584	-0.446698	0.043582	0.229948	0.639737	0.023911473341286182	2.6337448559670777e-05	0.2299470752477646
425640	-3.132573	-1.684257	-0.446157	0.043605	0.229998	0.640083	0.023877929802983998	2.6337448559670777e-05	0.22999878227710724
425760	-3.132328	-1.684352	-0.444941	0.043616	0.230025	0.640862	0.02388933477923274	3.9506172839506166e-05	0.23002409934997559
425880	-3.131567	-1.683937	-0.443758	0.043649	0.230133	0.641621	0.023850321117788554	1.7558299039780518e-05	0.23013265430927277
426000	-3.131632	-1.683962	-0.443235	0.043647	0.230111	0.641956	0.023858290258795024	3.9506172839506166e-05	0.2301097810268402
426120	-3.131464	-1.683875	-0.443282	0.043654	0.230140	0.641926	0.02384308511391282	2.6337448559670777e-05	0.23014123737812042
426240	-3.131030	-1.683827	-0.442840	0.043673	0.230140	0.642210	0.023841442354023457	1.7558299039780518e-05	0.23013944923877716
426360	-3.131682	-1.683830	-0.443397	0.043644	0.230135	0.641853	0.023835598863661288	3.9506172839506166e-05	0.23013648390769958
426480	-3.131142	-1.683739	-0.443767	0.043668	0.230135	0.641615	0.0238366168923676	1.7558299039780518e-05	0.23013392090797424
426600	-3.130142	-1.683050	-0.443488	0.043712	0.230276	0.641794	0.023771713301539422	2.6337448559670777e-05	0.23027575016021729
426720	-3.129172	-1.682772	-0.444263	0.043754	0.230327	0.641297	0.023747534956783056	3.9506172839506166e-05	0.23032553493976593
426840	-3.128712	-1.682865	-0.445523	0.043774	0.230295	0.640489	0.023753413185477256	1.1705532693187011e-05	0.23029524087905884
426960	-3.128026	-1.682365	-0.444841	0.043804	0.230414	0.640926	0.023708697874099016	2.6337448559670777e-05	0.23041416704654694
427080	-3.127879	-1.682592	-0.443548	0.043811	0.230388	0.641755	0.02372104153037071	3.9506172839506166e-05	0.23039022088050842
427200	-3.127503	-1.682641	-0.443527	0.043827	0.230367	0.641769	0.023735270649194718	2.6337448559670777e-05	0.23036600649356842
427320	-3.126891	-1.682716	-0.443319	0.043854	0.230359	0.641902	0.0237494352273643	3.9506172839506166e-05	0.23035545647144318
427440	-3.126947	-1.682594	-0.443132	0.043851	0.230394	0.642022	0.023732186295092106	3.9506172839506166e-05	0.23039397597312927
427560	-3.125908	-1.682523	-0.442059	0.043897	0.230423	0.642712	0.02372289905324578	1.7558299039780518e-05	0.23042306303977966
427680	-3.126147	-1.682298	-0.441863	0.043887	0.230469	0.642838	0.023708471097052097	1.1705532693187011e-05	0.23046772181987762
427800	-3.125916	-1.682170	-0.442118	0.043897	0.230504	0.642674	0.023693095054477455	2.6337448559670777e-05	0.23050422966480255
427920	-3.125227	-1.681664	-0.441632	0.043927	0.230627	0.642986	0.023645503167062997	3.9506172839506166e-05	0.23062752187252045
428040	-3.125278	-1.681691	-0.441086	0.043925	0.230623	0.643337	0.02364741191267967	3.9506172839506166e-05	0.23062264919281006
428160	-3.125826	-1.681613	-0.441369	0.043901	0.230635	0.643155	0.023634560126811265	3.9506172839506166e-05	0.23063640296459198
428280	-3.123792	-1.681050	-0.441123	0.043990	0.230738	0.643314	0.023610282223671675	3.9506172839506166e-05	0.2307332307100296
428400	-3.122986	-1.680778	-0.440781	0.044025	0.230786	0.643534	0.02356523908674717	1.7558299039780518e-05	0.23078635334968567
428520	-3.121759	-1.680557	-0.440308	0.044080	0.230808	0.643838	0.02354648560285568	2.6337448559670777e-05	0.23080773651599884
428640	-3.122202	-1.680017	-0.439564	0.044060	0.230933	0.644317	0.02350013144314289	3.9506172839506166e-05	0.2309313863515854
428760	-3.122473	-1.680131	-0.440368	0.044048	0.230860	0.643799	0.023509161453694104	3.9506172839506166e-05	0.2308599054813385
428880	-3.121404	-1.679775	-0.439903	0.044095	0.230904	0.644099	0.023478913865983487	3.9506172839506166e-05	0.23090317845344543
429000	-3.120692	-1.679781	-0.439669	0.044127	0.230916	0.644250	0.02347887847572565	2.6337448559670777e-05	0.23091508448123932
429120	-3.120042	-1.679403	-0.438993	0.044155	0.231007	0.644685	0.0234533010981977	2.6337448559670777e-05	0.23100346326828003
429240	-3.119492	-1.678898	-0.439105	0.044180	0.231146	0.644613	0.02339826487004757	3.9506172839506166e-05	0.23114536702632904
429360	-3.118924	-1.678581	-0.439872	0.044205	0.231213	0.644119	0.023369887750595807	3.9506172839506166e-05	0.23121215403079987
429480	-3.118369	-1.678268	-0.439141	0.044229	0.231287	0.644590	0.02334320256486535	3.9506172839506166e-05	0.23128558695316315
429600	-3.118595	-1.678025	-0.439081	0.044219	0.231337	0.644628	0.023318187799304724	3.9506172839506166e-05	0.23133808374404907
429720	-3.118506	-1.678299	-0.440593	0.044223	0.231249	0.643655	0.023343349061906337	3.9506172839506166e-05	0.23124834895133972
429840	-3.118821	-1.678014	-0.439025	0.044209	0.231371	0.644664	0.023319704923778772	1.1705532693187011e-05	0.23136992752552032
429960	-3.118928	-1.678081	-0.438694	0.044205	0.231392	0.644878	0.02331876214593649	3.9506172839506166e-05	0.23139294981956482
430080	-3.119103	-1.678462	-0.438548	0.044197	0.231319	0.644972	0.023355562705546618	3.9506172839506166e-05	0.23132015764713287
430200	-3.118413	-1.678271	-0.439415	0.044227	0.231371	0.644414	0.023341777082532645	5.925925925925925e-05	0.23137107491493225
430320	-3.118175	-1.678152	-0.441178	0.044238	0.231335	0.643278	0.023332172259688377	3.9506172839506166e-05	0.23133505880832672
430440	-3.117525	-1.677892	-0.441050	0.044267	0.231371	0.643361	0.023304343782365324	2.6337448559670777e-05	0.2313721626996994
430560	-3.117077	-1.677981	-0.441288	0.044286	0.231309	0.643207	0.023314862884581088	2.6337448559670777e-05	0.2313089519739151
430680	-3.117497	-1.677938	-0.441161	0.044268	0.231316	0.643289	0.023316438868641855	1.7558299039780518e-05	0.2313138246536255
430800	-3.117294	-1.677996	-0.441244	0.044277	0.231295	0.643236	0.02331013549119234	3.9506172839506166e-05	0.23129640519618988
430920	-3.117132	-1.677650	-0.440674	0.044284	0.231357	0.643602	0.02328903181478381	2.6337448559670777e-05	0.2313559651374817
431040	-3.116422	-1.677266	-0.440149	0.044315	0.231438	0.643940	0.023253852501511574	7.803688462124674e-06	0.23143769800662994
431160	-3.115943	-1.677065	-0.440054	0.044337	0.231486	0.644002	0.023231570050120352	2.6337448559670777e-05	0.23148581385612488
431280	-3.116341	-1.676986	-0.439936	0.044319	0.231499	0.644077	0.023231328837573527	3.9506172839506166e-05	0.23149661719799042
431400	-3.115180	-1.676481	-0.439280	0.044371	0.231621	0.644501	0.023182427510619164	2.6337448559670777e-05	0.23162056505680084
431520	-3.115310	-1.675980	-0.438375	0.044365	0.231774	0.645084	0.0231394006870687	7.803688462124674e-06	0.23177260160446167
431640	-3.115537	-1.675854	-0.438474	0.044355	0.231805	0.645020	0.02311965711414814	3.9506172839506166e-05	0.23180721700191498
431760	-3.115102	-1.675887	-0.438361	0.044374	0.231775	0.645093	0.023122548963874577	3.9506172839506166e-05	0.231776162981987
431880	-3.115151	-1.675875	-0.437947	0.044372	0.231809	0.645360	0.023125938046723603	3.9506172839506166e-05	0.23180817067623138
432000	-3.115376	-1.675776	-0.438883	0.044362	0.231799	0.644756	0.023116030357778074	1.7558299039780518e-05	0.2317989617586136
432120	-3.114758	-1.675418	-0.437722	0.044389	0.231917	0.645505	0.02309284219518304	2.6337448559670777e-05	0.23191435635089874
432240	-3.114943	-1.675067	-0.437209	0.044381	0.232015	0.645837	0.023055842891335488	3.9506172839506166e-05	0.2320137768983841
432360	-3.114919	-1.675095	-0.436755	0.044382	0.232009	0.646130	0.02304721884429455	2.6337448559670777e-05	0.2320111244916916
432480	-3.114332	-1.675087	-0.437313	0.044408	0.232013	0.645769	0.023060758598148823	2.6337448559670777e-05	0.232011079788208
432600	-3.115344	-1.674909	-0.436089	0.044363	0.232058	0.646560	0.02303934097290039	5.925925925925925e-05	0.2320590615272522
432720	-3.115740	-1.674882	-0.436681	0.044346	0.232025	0.646178	0.023033408913761377	3.9506172839506166e-05	0.23202531039714813
432840	-3.114879	-1.674643	-0.435869	0.044384	0.232104	0.646703	0.023021576553583147	3.9506172839506166e-05	0.23210223019123077
432960	-3.114594	-1.674495	-0.436557	0.044397	0.232110	0.646258	0.022999596782028675	3.9506172839506166e-05	0.23211106657981873
433080	-3.113082	-1.674054	-0.435878	0.044464	0.232205	0.646697	0.022964922711253166	1.7558299039780518e-05	0.23220349848270416
433200	-3.112292	-1.673967	-0.435791	0.044499	0.232207	0.646753	0.022950978577136995	3.9506172839506166e-05	0.23220820724964142
433320	-3.111011	-1.673533	-0.435318	0.044556	0.232286	0.647059	0.022906480822712183	3.9506172839506166e-05	0.2322871834039688
433440	-3.111712	-1.673553	-0.436244	0.044525	0.232285	0.646460	0.02291448265314102	3.9506172839506166e-05	0.232285737991333
433560	-3.110987	-1.673356	-0.436026	0.044557	0.232340	0.646601	0.022899782471358775	2.6337448559670777e-05	0.232339009642601
433680	-3.110576	-1.673028	-0.435451	0.044575	0.232416	0.646973	0.022871405817568302	3.9506172839506166e-05	0.23241573572158813
433800	-3.111857	-1.673706	-0.435691	0.044518	0.232257	0.646817	0.022931259870529175	3.9506172839506166e-05	0.23225630819797516
433920	-3.110443	-1.673361	-0.435095	0.044581	0.232336	0.647203	0.0228969044983387	3.9506172839506166e-05	0.23233696818351746
434040	-3.111172	-1.673479	-0.434925	0.044549	0.232274	0.647313	0.02290474232286215	3.9506172839506166e-05	0.23227481544017792
434160	-3.110927	-1.673669	-0.435082	0.044560	0.232208	0.647212	0.022928098682314157	2.6337448559670777e-05	0.2322072833776474
434280	-3.110848	-1.673781	-0.435573	0.044563	0.232184	0.646894	0.02293485580012202	3.9506172839506166e-05	0.2321843057870865
434400	-3.111994	-1.674140	-0.435098	0.044512	0.232123	0.647201	0.022959290910512208	5.925925925925925e-05	0.23212440311908722
434520	-3.111696	-1.674356	-0.434882	0.044525	0.232087	0.647341	0.0229895262978971	2.6337448559670777e-05	0.23208744823932648
434640	-3.111640	-1.674241	-0.434597	0.044528	0.232145	0.647525	0.022982241585850716	1.7558299039780518e-05	0.23214375972747803
434760	-3.111535	-1.674133	-0.434836	0.044533	0.232166	0.647371	0.02296508401632309	3.9506172839506166e-05	0.2321668416261673
434880	-3.110993	-1.673895	-0.434053	0.044557	0.232201	0.647878	0.02294258587062359	2.6337448559670777e-05	0.23220175504684448
435000	-3.110672	-1.673726	-0.433476	0.044571	0.232285	0.648252	0.022929358948022126	3.9506172839506166e-05	0.23228441178798676
435120	-3.109025	-1.672899	-0.432838	0.044644	0.232494	0.648666	0.022863760869950057	3.9506172839506166e-05	0.23249173164367676
435240	-3.108302	-1.672638	-0.431880	0.044677	0.232572	0.649287	0.022832115460187197	1.7558299039780518e-05	0.2325725108385086
435360	-3.107655	-1.672803	-0.432693	0.044706	0.232470	0.648760	0.022842352744191885	3.9506172839506166e-05	0.2324727326631546
435480	-3.107251	-1.672497	-0.431372	0.044724	0.232542	0.649617	0.02282472588121891	3.9506172839506166e-05	0.232540100812912
435600	-3.107206	-1.671931	-0.431135	0.044726	0.232680	0.649771	0.022777318954467773	3.9506172839506166e-05	0.2326769083738327
435720	-3.106509	-1.671110	-0.429726	0.044757	0.232866	0.650688	0.02270668847486377	2.6337448559670777e-05	0.2328629493713379
435840	-3.107203	-1.671144	-0.429612	0.044726	0.232863	0.650761	0.02269613603129983	2.6337448559670777e-05	0.23286189138889313
435960	-3.106115	-1.671247	-0.430005	0.044775	0.232833	0.650506	0.022710882779210805	5.925925925925925e-05	0.2328309714794159
436080	-3.106169	-1.671214	-0.429692	0.044772	0.232820	0.650709	0.02270678970962763	3.9506172839506166e-05	0.2328203022480011
436200	-3.106319	-1.671381	-0.429646	0.044765	0.232752	0.650739	0.02272242186591029	3.9506172839506166e-05	0.23275072872638702
436320	-3.107485	-1.671235	-0.428635	0.044713	0.232816	0.651398	0.022708440106362103	3.9506172839506166e-05	0.23281504213809967
436440	-3.108341	-1.671038	-0.427675	0.044675	0.232893	0.652024	0.02269461927935481	5.925925925925925e-05	0.23289215564727783
436560	-3.107345	-1.670403	-0.427286	0.044720	0.233030	0.652277	0.02265133084729314	3.9506172839506166e-05	0.23302456736564636
436680	-3.107487	-1.669979	-0.427016	0.044713	0.233171	0.652453	0.022599673736840485	1.7558299039780518e-05	0.23316994309425354
436800	-3.107810	-1.669586	-0.425333	0.044699	0.233298	0.653552	0.02256286619231105	1.7558299039780518e-05	0.23329642415046692
436920	-3.107603	-1.669246	-0.424942	0.044708	0.233376	0.653808	0.022526955511420966	1.7558299039780518e-05	0.23337571322917938
437040	-3.106529	-1.668992	-0.424563	0.044756	0.233431	0.654055	0.02250658581033349	1.1705532693187011e-05	0.23342981934547424
437160	-3.106040	-1.669236	-0.424641	0.044778	0.233372	0.654005	0.02252499684691429	2.6337448559670777e-05	0.23337295651435852
437280	-3.105696	-1.669182	-0.425162	0.044793	0.233373	0.653664	0.02251842701807618	3.9506172839506166e-05	0.2333744615316391
437400	-3.106145	-1.669020	-0.424077	0.044773	0.233458	0.654374	0.022510944586247205	3.9506172839506166e-05	0.2334575653076172
437520	-3.106517	-1.669196	-0.424296	0.044757	0.233416	0.654230	0.022526873927563428	2.6337448559670777e-05	0.2334156185388565
437640	-3.105576	-1.668973	-0.423580	0.044799	0.233468	0.654699	0.022509563621133565	1.7558299039780518e-05	0.23346585035324097
437760	-3.105619	-1.668592	-0.422779	0.044797	0.233569	0.655223	0.022473264206200837	5.925925925925925e-05	0.2335689663887024
437880	-3.104545	-1.667992	-0.422612	0.044845	0.233709	0.655333	0.022425635438412427	3.9506172839506166e-05	0.2337058186531067
438000	-3.103882	-1.667869	-0.423338	0.044875	0.233711	0.654857	0.022399278078228235	5.925925925925925e-05	0.23371243476867676
438120	-3.103180	-1.667605	-0.422810	0.044906	0.233782	0.655203	0.022381131444126366	2.6337448559670777e-05	0.23378151655197144
438240	-3.102802	-1.667473	-0.422636	0.044923	0.233837	0.655317	0.02237213049083948	3.9506172839506166e-05	0.2338360697031021
438360	-3.102337	-1.667402	-0.422653	0.044944	0.233833	0.655306	0.02235509781166911	2.6337448559670777e-05	0.23383483290672302
438480	-3.103588	-1.667624	-0.422672	0.044888	0.233802	0.655294	0.022378595545887947	3.9506172839506166e-05	0.23380237817764282
438600	-3.105027	-1.667915	-0.423734	0.044823	0.233754	0.654598	0.02240866208449006	3.9506172839506166e-05	0.23375244438648224
438720	-3.104858	-1.667566	-0.423006	0.044831	0.233849	0.655075	0.022372048068791627	3.9506172839506166e-05	0.23384995758533478
438840	-3.104009	-1.666959	-0.422703	0.044869	0.234003	0.655273	0.022326331213116647	2.6337448559670777e-05	0.23400123417377472
438960	-3.103615	-1.666610	-0.423130	0.044887	0.234105	0.654994	0.02229314763098955	3.9506172839506166e-05	0.23410366475582123
439080	-3.102701	-1.666130	-0.422129	0.044928	0.234231	0.655650	0.02224524263292551	3.9506172839506166e-05	0.2342318296432495
439200	-3.102388	-1.666450	-0.423063	0.044942	0.234140	0.655037	0.02227323306724429	5.925925925925925e-05	0.2341407835483551
439320	-3.103336	-1.666766	-0.425244	0.044899	0.234066	0.653611	0.02230709819123149	5.925925925925925e-05	0.23406410217285156
439440	-3.104232	-1.666580	-0.424549	0.044859	0.234142	0.654065	0.022293141484260558	3.9506172839506166e-05	0.23414070904254913
439560	-3.105024	-1.666710	-0.425767	0.044823	0.234057	0.653268	0.022302760742604733	3.9506172839506166e-05	0.23405663669109344
439680	-3.104541	-1.666418	-0.425344	0.044845	0.234142	0.653545	0.022277775593101977	3.9506172839506166e-05	0.23414026200771332
439800	-3.103723	-1.666220	-0.425599	0.044882	0.234168	0.653378	0.022258487343788148	2.6337448559670777e-05	0.23416835069656372
439920	-3.104162	-1.666094	-0.426310	0.044862	0.234188	0.652914	0.02224454702809453	3.9506172839506166e-05	0.2341873049736023
440040	-3.103635	-1.665976	-0.427334	0.044886	0.234209	0.652246	0.02222848329693079	3.9506172839506166e-05	0.23421114683151245
440160	-3.103858	-1.666550	-0.427746	0.044876	0.234102	0.651977	0.022267490811645984	5.925925925925925e-05	0.23410634696483612
440280	-3.105052	-1.667353	-0.429053	0.044822	0.233894	0.651125	0.02235167482867837	5.925925925925925e-05	0.2338954508304596
440400	-3.105871	-1.668042	-0.429327	0.044785	0.233775	0.650947	0.022406800370663404	3.9506172839506166e-05	0.23377779126167297
440520	-3.106771	-1.668234	-0.428252	0.044745	0.233767	0.651647	0.022442364040762185	3.9506172839506166e-05	0.23376521468162537
440640	-3.107115	-1.667914	-0.428328	0.044730	0.233827	0.651597	0.022401667945086957	3.9506172839506166e-05	0.23382847011089325
440760	-3.107011	-1.667752	-0.426405	0.044734	0.233897	0.652852	0.022393487580120563	3.9506172839506166e-05	0.23389726877212524
440880	-3.106798	-1.667867	-0.426270	0.044744	0.233877	0.652940	0.022396194003522395	5.925925925925925e-05	0.23387852311134338
441000	-3.107584	-1.667698	-0.425907	0.044709	0.233906	0.653177	0.022386623173952104	3.9506172839506166e-05	0.23390746116638184
441120	-3.106220	-1.667400	-0.426295	0.044770	0.233931	0.652924	0.022366015519946814	3.9506172839506166e-05	0.23392978310585022
441240	-3.107035	-1.667864	-0.426836	0.044733	0.233804	0.652571	0.02240631766617298	3.9506172839506166e-05	0.23380322754383087
441360	-3.105596	-1.667717	-0.424953	0.044798	0.233889	0.653801	0.022384313680231572	3.9506172839506166e-05	0.23389063775539398
441480	-3.107882	-1.668290	-0.424973	0.044696	0.233769	0.653788	0.0224347366951406	5.925925925925925e-05	0.2337701916694641
441600	-3.108194	-1.668620	-0.426301	0.044682	0.233704	0.652919	0.022471315041184426	2.6337448559670777e-05	0.23370419442653656
441720	-3.110409	-1.669005	-0.425186	0.044583	0.233679	0.653648	0.022504132892936467	2.6337448559670777e-05	0.23367930948734283
441840	-3.110692	-1.669567	-0.424329	0.044570	0.233586	0.654209	0.022550273220986128	5.925925925925925e-05	0.23358690738677979
441960	-3.111687	-1.669536	-0.424099	0.044526	0.233616	0.654359	0.022553128842264413	2.6337448559670777e-05	0.2336166501045227
442080	-3.112402	-1.669707	-0.423391	0.044494	0.233642	0.654822	0.022564942203462123	3.9506172839506166e-05	0.2336420863866806
442200	-3.112543	-1.669969	-0.423212	0.044488	0.233569	0.654940	0.022603851184248923	2.6337448559670777e-05	0.23356682062149048
442320	-3.112456	-1.669688	-0.423151	0.044492	0.233644	0.654980	0.022570150904357433	2.6337448559670777e-05	0.2336428165435791
442440	-3.113623	-1.669685	-0.422746	0.044440	0.233678	0.655245	0.022571269422769547	3.9506172839506166e-05	0.23367638885974884
442560	-3.114840	-1.670055	-0.422494	0.044386	0.233596	0.655410	0.02259887456893921	5.925925925925925e-05	0.2335967719554901
442680	-3.114951	-1.670577	-0.423530	0.044381	0.233470	0.654731	0.022640976402908564	3.9506172839506166e-05	0.2334720343351364
442800	-3.114069	-1.670564	-0.423217	0.044420	0.233463	0.654936	0.02264269795268774	3.9506172839506166e-05	0.2334631085395813
442920	-3.114156	-1.670523	-0.421871	0.044416	0.233487	0.655819	0.022639473900198936	3.9506172839506166e-05	0.23348736763000488
443040	-3.114015	-1.670251	-0.421325	0.044422	0.233566	0.656177	0.022628123592585325	3.9506172839506166e-05	0.23356200754642487
443160	-3.112126	-1.670105	-0.421705	0.044506	0.233559	0.655927	0.022601987048983575	3.9506172839506166e-05	0.2335607409477234
443280	-3.111737	-1.670238	-0.422846	0.044524	0.233509	0.655180	0.022615001443773507	3.9506172839506166e-05	0.23351098597049713
443400	-3.111611	-1.670543	-0.423685	0.044529	0.233397	0.654630	0.02264984408393502	2.6337448559670777e-05	0.23339588940143585
443520	-3.112145	-1.670745	-0.423579	0.044505	0.233352	0.654699	0.0226603040471673	2.6337448559670777e-05	0.23335148394107819
443640	-3.110763	-1.670738	-0.423933	0.044567	0.233346	0.654468	0.02266219686716795	3.9506172839506166e-05	0.23334717750549316
443760	-3.109048	-1.670500	-0.423386	0.044643	0.233388	0.654826	0.022642356529831886	3.9506172839506166e-05	0.23338772356510162
443880	-3.108719	-1.670498	-0.423058	0.044658	0.233372	0.655041	0.02263494711369276	3.9506172839506166e-05	0.23337318003177643
444000	-3.108793	-1.670786	-0.423726	0.044655	0.233293	0.654603	0.022665027156472208	3.9506172839506166e-05	0.23329254984855652
444120	-3.108765	-1.670498	-0.422004	0.044656	0.233392	0.655731	0.022640906181186436	2.6337448559670777e-05	0.2333926260471344
444240	-3.109193	-1.670345	-0.421536	0.044637	0.233452	0.656039	0.022622829675674437	3.9506172839506166e-05	0.23345285654067993
444360	-3.107949	-1.669674	-0.420016	0.044693	0.233638	0.657037	0.022571689542382957	2.6337448559670777e-05	0.23363548517227173
444480	-3.108012	-1.669747	-0.418881	0.044690	0.233653	0.657782	0.02256953064352274	3.9506172839506166e-05	0.23365309834480286
444600	-3.108118	-1.670002	-0.418837	0.044685	0.233610	0.657812	0.02259087534621358	3.9506172839506166e-05	0.23361054062843323
444720	-3.106376	-1.669137	-0.418049	0.044763	0.233805	0.658330	0.022524291835725307	3.9506172839506166e-05	0.2338038980960846
444840	-3.106545	-1.669206	-0.418339	0.044755	0.233801	0.658139	0.02252452066168189	3.9506172839506166e-05	0.2338009625673294
444960	-3.107257	-1.669160	-0.417875	0.044723	0.233853	0.658445	0.022519213426858187	3.9506172839506166e-05	0.23385381698608398
445080	-3.108187	-1.669386	-0.417476	0.044682	0.233814	0.658707	0.022532607708126307	3.9506172839506166e-05	0.23381604254245758
445200	-3.108618	-1.669321	-0.417713	0.044663	0.233827	0.658551	0.02253144923597574	3.9506172839506166e-05	0.23382794857025146
445320	-3.109436	-1.670084	-0.418006	0.044626	0.233693	0.658358	0.022597480472177266	5.925925925925925e-05	0.2336922287940979
445440	-3.108288	-1.669588	-0.417030	0.044677	0.233831	0.659001	0.022570725437253712	2.6337448559670777e-05	0.2338285595178604
445560	-3.108433	-1.669133	-0.415982	0.044671	0.233967	0.659692	0.02252221228554845	1.7558299039780518e-05	0.23396506905555725
445680	-3.108840	-1.669107	-0.415559	0.044653	0.233995	0.659971	0.02251623710617423	3.9506172839506166e-05	0.23399432003498077
445800	-3.109281	-1.669248	-0.415775	0.044633	0.233941	0.659829	0.02252879096195102	1.7558299039780518e-05	0.23394103348255157
445920	-3.109669	-1.669605	-0.415837	0.044616	0.233878	0.659788	0.022555036470294	2.6337448559670777e-05	0.23387789726257324
446040	-3.109237	-1.669707	-0.416792	0.044635	0.233797	0.659158	0.0225756392814219	2.6337448559670777e-05	0.2337958961725235
446160	-3.109391	-1.669384	-0.416696	0.044628	0.233859	0.659222	0.022541165072470903	5.925925925925925e-05	0.23385834693908691
446280	-3.110129	-1.669621	-0.416118	0.044595	0.233820	0.659603	0.022561801690608264	3.9506172839506166e-05	0.23382040858268738
446400	-3.109620	-1.669822	-0.415759	0.044618	0.233772	0.659839	0.022577135264873503	3.9506172839506166e-05	0.23377220332622528
446520	-3.110983	-1.670168	-0.417423	0.044557	0.233649	0.658742	0.022612585313618185	3.9506172839506166e-05	0.23364801704883575
446640	-3.112565	-1.670616	-0.418291	0.044487	0.233545	0.658171	0.02264675861224532	3.9506172839506166e-05	0.23354588449001312
446760	-3.111238	-1.670744	-0.420483	0.044546	0.233462	0.656730	0.022660854365676643	3.9506172839506166e-05	0.2334616482257843
446880	-3.111818	-1.670504	-0.419622	0.044520	0.233581	0.657295	0.022644077334553002	3.9506172839506166e-05	0.23357804119586945
447000	-3.111626	-1.670276	-0.417886	0.044528	0.233725	0.658438	0.022626831382513046	3.9506172839506166e-05	0.23372256755828857
447120	-3.111963	-1.670110	-0.417344	0.044514	0.233796	0.658794	0.022604119405150412	2.6337448559670777e-05	0.23379574716091156
447240	-3.112801	-1.669774	-0.417154	0.044476	0.233869	0.658919	0.022576024290174246	3.9506172839506166e-05	0.23386913537979126
447360	-3.113824	-1.669997	-0.416450	0.044431	0.233878	0.659383	0.02259283224120736	3.9506172839506166e-05	0.23387768864631653
447480	-3.113036	-1.669527	-0.415329	0.044466	0.234018	0.660123	0.022554514557123186	3.9506172839506166e-05	0.234017014503479
447600	-3.112835	-1.669023	-0.414494	0.044475	0.234136	0.660675	0.022520215716212988	2.6337448559670777e-05	0.2341340333223343
447720	-3.112093	-1.668859	-0.414245	0.044508	0.234162	0.660839	0.022491219080984594	1.7558299039780518e-05	0.23416203260421753
447840	-3.113438	-1.668814	-0.414712	0.044448	0.234181	0.660531	0.022489808965474367	3.9506172839506166e-05	0.23418034613132477
447960	-3.114261	-1.668974	-0.413664	0.044411	0.234202	0.661223	0.022495985310524703	3.9506172839506166e-05	0.2342035472393036
448080	-3.115021	-1.668875	-0.412930	0.044378	0.234250	0.661709	0.022490581125020982	3.9506172839506166e-05	0.23425109684467316
448200	-3.114865	-1.668271	-0.410650	0.044385	0.234444	0.663219	0.02244213633239269	3.9506172839506166e-05	0.23444299399852753
448320	-3.115354	-1.668202	-0.409965	0.044363	0.234473	0.663674	0.022430431097745895	5.925925925925925e-05	0.234473317861557
448440	-3.114589	-1.667708	-0.408425	0.044397	0.234637	0.664696	0.02238303180783987	2.6337448559670777e-05	0.23463764786720276
448560	-3.114574	-1.667507	-0.408725	0.044397	0.234685	0.664497	0.022374262753874063	3.9506172839506166e-05	0.23468530178070068
448680	-3.115130	-1.667242	-0.407054	0.044373	0.234838	0.665608	0.02235341155901551	3.9506172839506166e-05	0.23483529686927795
448800	-3.115389	-1.666893	-0.406161	0.044361	0.234948	0.666203	0.02231369474902749	3.9506172839506166e-05	0.23494789004325867
448920	-3.114287	-1.666617	-0.405917	0.044410	0.235026	0.666365	0.022293004672974348	3.9506172839506166e-05	0.23502546548843384
449040	-3.114038	-1.666167	-0.406027	0.044421	0.235110	0.666292	0.022252041101455688	1.7558299039780518e-05	0.2351098656654358
449160	-3.114699	-1.665942	-0.405722	0.044392	0.235166	0.666495	0.022229436412453653	3.9506172839506166e-05	0.23516498506069183
449280	-3.115059	-1.666255	-0.404972	0.044376	0.235125	0.666995	0.022252301592379807	3.9506172839506166e-05	0.23512569069862366
449400	-3.114211	-1.665816	-0.403497	0.044414	0.235260	0.667980	0.02221778631210327	3.9506172839506166e-05	0.23525960743427277
449520	-3.113595	-1.665118	-0.402544	0.044441	0.235473	0.668617	0.022170904371887446	3.9506172839506166e-05	0.2354683130979538
449640	-3.112753	-1.665065	-0.402021	0.044478	0.235465	0.668967	0.02214770819991827	3.9506172839506166e-05	0.2354665845632553
449760	-3.113946	-1.665151	-0.402170	0.044425	0.235455	0.668867	0.02215631678700447	2.6337448559670777e-05	0.2354554682970047
449880	-3.113198	-1.665197	-0.400736	0.044459	0.235470	0.669827	0.02216635597869754	3.9506172839506166e-05	0.23546893894672394
450000	-3.114260	-1.665422	-0.401316	0.044411	0.235424	0.669439	0.022180818393826483	3.9506172839506166e-05	0.23542410135269165
450120	-3.112837	-1.665469	-0.401622	0.044475	0.235420	0.669234	0.02219030000269413	2.6337448559670777e-05	0.235419362783432
450240	-3.112397	-1.665262	-0.401579	0.044494	0.235469	0.669263	0.022168925125151874	3.9506172839506166e-05	0.2354694902896881
450360	-3.112319	-1.665222	-0.400421	0.044498	0.235530	0.670038	0.022169677540659904	3.9506172839506166e-05	0.23552897572517395
450480	-3.112855	-1.665072	-0.399726	0.044474	0.235574	0.670504	0.022150104865431786	3.9506172839506166e-05	0.23557335138320923
450600	-3.113158	-1.665240	-0.398391	0.044460	0.235585	0.671400	0.022160471696406604	3.9506172839506166e-05	0.23558585345745087
450720	-3.113210	-1.664976	-0.396335	0.044458	0.235727	0.672781	0.022146914806216954	3.9506172839506166e-05	0.23572462797164917
450840	-3.114575	-1.664689	-0.395158	0.044397	0.235847	0.673574	0.02211778461933136	2.6337448559670777e-05	0.2358468919992447
450960	-3.113921	-1.664461	-0.394495	0.044426	0.235900	0.674021	0.02209876524284482	2.6337448559670777e-05	0.2358996868133545
451080	-3.115549	-1.665009	-0.394447	0.044354	0.235808	0.674053	0.022138852253556253	5.925925925925925e-05	0.2358071357011795
451200	-3.116263	-1.665038	-0.393865	0.044322	0.235810	0.674445	0.022148987185209988	3.9506172839506166e-05	0.23580922186374664
451320	-3.116751	-1.665278	-0.394536	0.044301	0.235763	0.673993	0.02216938929632306	5.925925925925925e-05	0.2357621043920517
451440	-3.116473	-1.665032	-0.394128	0.044313	0.235818	0.674268	0.022146397549659014	2.6337448559670777e-05	0.23581936955451965
451560	-3.116696	-1.665081	-0.393248	0.044303	0.235841	0.674862	0.022153736744076013	3.9506172839506166e-05	0.23584137856960297
451680	-3.116381	-1.665246	-0.392863	0.044317	0.235815	0.675121	0.02216436928138137	3.9506172839506166e-05	0.235815167427063
451800	-3.116252	-1.664756	-0.391707	0.044323	0.235947	0.675902	0.022125642653554677	2.6337448559670777e-05	0.23594625294208527
451920	-3.116327	-1.664878	-0.392456	0.044320	0.235921	0.675396	0.022129627596586942	2.6337448559670777e-05	0.23592297732830048
452040	-3.115929	-1.664962	-0.392853	0.044337	0.235897	0.675128	0.022131333127617836	5.925925925925925e-05	0.2358999103307724
452160	-3.115093	-1.664930	-0.392751	0.044374	0.235888	0.675197	0.022141638118773697	3.9506172839506166e-05	0.23588882386684418
452280	-3.113330	-1.664783	-0.391254	0.044453	0.235934	0.676209	0.02213416527956724	3.9506172839506166e-05	0.23593199253082275
452400	-3.113662	-1.663847	-0.389011	0.044438	0.236234	0.677727	0.022050250321626663	3.9506172839506166e-05	0.2362324297428131
452520	-3.114180	-1.663569	-0.388036	0.044415	0.236308	0.678388	0.022026763204485177	3.9506172839506166e-05	0.23630481958389282
452640	-3.114081	-1.663447	-0.388262	0.044419	0.236303	0.678234	0.02200983501970768	3.9506172839506166e-05	0.23630201816558838
452760	-3.113426	-1.663181	-0.387823	0.044448	0.236369	0.678532	0.02198523236438632	3.9506172839506166e-05	0.2363685816526413
452880	-3.113516	-1.663089	-0.388185	0.044444	0.236399	0.678287	0.02197043001651764	3.9506172839506166e-05	0.23640024662017822
453000	-3.113310	-1.662989	-0.388101	0.044454	0.236421	0.678344	0.021964724455028773	3.9506172839506166e-05	0.23642058670520782
453120	-3.113440	-1.662521	-0.387168	0.044448	0.236551	0.678977	0.021921380143612623	3.9506172839506166e-05	0.23655182123184204
453240	-3.115363	-1.662754	-0.387358	0.044362	0.236474	0.678848	0.02194655258208513	3.9506172839506166e-05	0.23647262156009674
453360	-3.115740	-1.662717	-0.387256	0.044346	0.236483	0.678917	0.021943642385303976	1.1705532693187011e-05	0.23648107051849365
453480	-3.116334	-1.662796	-0.387300	0.044319	0.236502	0.678887	0.02194731580093503	3.9506172839506166e-05	0.2365018129348755
453600	-3.116928	-1.662542	-0.386587	0.044293	0.236567	0.679372	0.02192814014852047	2.6337448559670777e-05	0.23656590282917023
453720	-3.116763	-1.662283	-0.386325	0.044300	0.236651	0.679550	0.02189996065571904	1.1705532693187011e-05	0.23665118217468262
453840	-3.117546	-1.662209	-0.386315	0.044266	0.236677	0.679556	0.02189391665160656	2.6337448559670777e-05	0.23667685687541962
453960	-3.118685	-1.662310	-0.385104	0.044215	0.236694	0.680380	0.021898776199668644	5.925925925925925e-05	0.23669464886188507
454080	-3.118544	-1.662495	-0.384635	0.044222	0.236666	0.680699	0.02191888466477394	3.9506172839506166e-05	0.23666580021381378
454200	-3.119583	-1.662745	-0.383527	0.044176	0.236682	0.681454	0.021938715595752	3.9506172839506166e-05	0.23668412864208221
454320	-3.120326	-1.662224	-0.383065	0.044143	0.236837	0.681769	0.021901342552155256	2.6337448559670777e-05	0.23683610558509827
454440	-3.120635	-1.661580	-0.381597	0.044129	0.237004	0.682770	0.021840572450309993	2.6337448559670777e-05	0.2370031476020813
454560	-3.120183	-1.661218	-0.380310	0.044149	0.237134	0.683649	0.02180625842884183	1.7558299039780518e-05	0.23713453114032745
454680	-3.120365	-1.661030	-0.380549	0.044141	0.237157	0.683486	0.021800557151436806	3.9506172839506166e-05	0.2371537685394287
454800	-3.120695	-1.660515	-0.379774	0.044126	0.237304	0.684016	0.021747533231973648	1.7558299039780518e-05	0.2373020052909851
454920	-3.120904	-1.660134	-0.380291	0.044117	0.237374	0.683663	0.021710472553968428	7.803688462124674e-06	0.2373736947774887
455040	-3.120687	-1.659737	-0.379861	0.044127	0.237480	0.683957	0.021673677396029233	1.7558299039780518e-05	0.23747986555099487
455160	-3.120153	-1.659355	-0.379468	0.044150	0.237562	0.684225	0.02163524543866515	3.9506172839506166e-05	0.23756204545497894
455280	-3.119758	-1.659199	-0.378805	0.044168	0.237653	0.684679	0.02162267090752721	2.6337448559670777e-05	0.23765257000923157
455400	-3.120090	-1.658980	-0.378333	0.044153	0.237711	0.685002	0.021608227211982012	2.6337448559670777e-05	0.23770979046821594
455520	-3.119878	-1.658586	-0.377019	0.044163	0.237815	0.685903	0.02157150162383914	3.9506172839506166e-05	0.2378140240907669
455640	-3.119694	-1.658181	-0.375821	0.044171	0.237942	0.686725	0.02153607113286853	2.6337448559670777e-05	0.23794040083885193
455760	-3.118696	-1.658177	-0.376828	0.044215	0.237905	0.686034	0.021531420666724442	2.6337448559670777e-05	0.2379053384065628
455880	-3.119367	-1.658185	-0.377687	0.044185	0.237902	0.685445	0.021532812621444464	2.6337448559670777e-05	0.23790189623832703
456000	-3.120605	-1.658225	-0.377467	0.044130	0.237924	0.685596	0.021536570880562066	2.6337448559670777e-05	0.23792333900928497
456120	-3.121680	-1.657855	-0.374962	0.044083	0.238088	0.687315	0.021503650955855845	2.6337448559670777e-05	0.2380872666835785
456240	-3.122199	-1.657927	-0.373917	0.044060	0.238116	0.688034	0.021511458791792393	2.6337448559670777e-05	0.2381148487329483
456360	-3.121792	-1.657395	-0.372719	0.044078	0.238262	0.688858	0.02148288981989026	3.9506172839506166e-05	0.23825529217720032
456480	-3.120175	-1.656973	-0.371915	0.044149	0.238393	0.689413	0.021419128682464362	5.925925925925925e-05	0.2383936196565628
456600	-3.120838	-1.657256	-0.372502	0.044120	0.238332	0.689008	0.02144530825316906	5.925925925925925e-05	0.23833127319812775
456720	-3.121945	-1.657021	-0.372093	0.044071	0.238436	0.689290	0.021430769748985768	3.9506172839506166e-05	0.23843546211719513
456840	-3.123012	-1.656949	-0.369996	0.044024	0.238501	0.690737	0.021420080307871105	2.6337448559670777e-05	0.2385019212961197
456960	-3.122971	-1.656548	-0.369276	0.044026	0.238628	0.691235	0.02138395728543401	2.6337448559670777e-05	0.23862767219543457
457080	-3.123925	-1.655940	-0.368393	0.043984	0.238828	0.691845	0.021336109563708305	3.9506172839506166e-05	0.23882682621479034
457200	-3.122752	-1.655192	-0.368295	0.044036	0.238983	0.691913	0.02127011576667428	3.9506172839506166e-05	0.23898200690746307
457320	-3.123500	-1.655388	-0.367114	0.044003	0.238997	0.692731	0.021269537415355443	5.925925925925925e-05	0.23899954557418823
457440	-3.124190	-1.655386	-0.367840	0.043973	0.239012	0.692228	0.02128119133412838	2.6337448559670777e-05	0.23901259899139404
457560	-3.124681	-1.655412	-0.367993	0.043951	0.239010	0.692122	0.021285819169133902	2.6337448559670777e-05	0.23900891840457916
457680	-3.123204	-1.655040	-0.368044	0.044016	0.239067	0.692086	0.0212734947912395	5.925925925925925e-05	0.23905912041664124
457800	-3.122971	-1.654815	-0.367953	0.044026	0.239088	0.692150	0.021229580417275427	3.9506172839506166e-05	0.23908735811710358
457920	-3.123927	-1.654812	-0.368452	0.043984	0.239079	0.691804	0.02122508492320776	3.9506172839506166e-05	0.23908038437366486
458040	-3.126117	-1.654456	-0.367542	0.043888	0.239217	0.692434	0.021203740686178207	1.7558299039780518e-05	0.23921431601047516
458160	-3.125757	-1.654386	-0.367422	0.043904	0.239242	0.692517	0.02118586329743266	3.9506172839506166e-05	0.23924361169338226
458280	-3.125999	-1.653884	-0.367784	0.043893	0.239372	0.692267	0.021149999927729368	3.9506172839506166e-05	0.2393699586391449
458400	-3.126798	-1.653712	-0.367055	0.043858	0.239455	0.692772	0.02113769855350256	2.6337448559670777e-05	0.23945312201976776
458520	-3.127033	-1.653343	-0.365921	0.043848	0.239576	0.693558	0.02109899977222085	2.6337448559670777e-05	0.23957468569278717
458640	-3.127019	-1.653156	-0.366595	0.043848	0.239606	0.693090	0.0210771594196558	5.925925925925925e-05	0.2396058589220047
458760	-3.126902	-1.652713	-0.365881	0.043853	0.239747	0.693585	0.0210349696688354	5.925925925925925e-05	0.2397480607032776
458880	-3.126568	-1.652462	-0.365041	0.043868	0.239826	0.694168	0.021016757003962994	3.9506172839506166e-05	0.23982597887516022
459000	-3.125863	-1.651900	-0.364982	0.043899	0.239984	0.694209	0.020965139474719764	3.9506172839506166e-05	0.23998406529426575
459120	-3.125597	-1.651776	-0.365542	0.043911	0.239996	0.693820	0.02095259018242359	2.6337448559670777e-05	0.2399970293045044
459240	-3.126114	-1.651780	-0.364621	0.043888	0.240034	0.694460	0.02095244685187936	2.6337448559670777e-05	0.24003493785858154
459360	-3.127538	-1.652150	-0.366620	0.043826	0.239941	0.693073	0.020992227457463743	3.9506172839506166e-05	0.23994098603725433
459480	-3.126799	-1.651555	-0.366113	0.043858	0.240094	0.693424	0.020933346077799796	2.6337448559670777e-05	0.24009424448013306
459600	-3.126662	-1.651803	-0.365387	0.043864	0.240062	0.693928	0.02095609586685896	3.9506172839506166e-05	0.24006232619285583
459720	-3.125766	-1.651486	-0.364855	0.043903	0.240166	0.694297	0.020930452551692725	3.9506172839506166e-05	0.2401656210422516
459840	-3.125671	-1.651748	-0.364877	0.043907	0.240109	0.694282	0.02094544665887952	5.925925925925925e-05	0.24011142551898956
459960	-3.125841	-1.651767	-0.366151	0.043900	0.240085	0.693398	0.02095628920942545	5.925925925925925e-05	0.2400856763124466
460080	-3.127330	-1.651678	-0.366132	0.043835	0.240138	0.693411	0.020949208363890647	3.9506172839506166e-05	0.2401360124349594
460200	-3.127951	-1.651626	-0.365879	0.043807	0.240192	0.693586	0.020945307426154615	3.9506172839506166e-05	0.24019135534763336
460320	-3.128205	-1.651641	-0.365008	0.043796	0.240220	0.694191	0.02094222903251648	3.9506172839506166e-05	0.24021993577480316
460440	-3.128914	-1.651106	-0.364453	0.043765	0.240378	0.694576	0.020904381480067968	2.6337448559670777e-05	0.24037466943264008
460560	-3.129957	-1.650535	-0.362719	0.043720	0.240564	0.695782	0.020844686590135098	5.925925925925925e-05	0.24056342244148254
460680	-3.130103	-1.650580	-0.361617	0.043713	0.240599	0.696549	0.02084588836878538	3.9506172839506166e-05	0.24059873819351196
460800	-3.128362	-1.650248	-0.361344	0.043789	0.240640	0.696739	0.02081624446436763	3.9506172839506166e-05	0.24064071476459503
460920	-3.128616	-1.649843	-0.360410	0.043778	0.240778	0.697390	0.02078324481844902	3.9506172839506166e-05	0.240777850151062
461040	-3.128701	-1.649732	-0.359673	0.043775	0.240854	0.697905	0.020772355329245328	3.9506172839506166e-05	0.24085213243961334
461160	-3.129164	-1.650012	-0.359714	0.043754	0.240824	0.697876	0.020797453727573155	3.9506172839506166e-05	0.24082261323928833
461280	-3.129033	-1.649866	-0.359704	0.043760	0.240866	0.697883	0.020786200184375048	5.925925925925925e-05	0.24086570739746094
461400	-3.128838	-1.649975	-0.358924	0.043769	0.240868	0.698428	0.02079118862748146	2.6337448559670777e-05	0.2408679574728012
461520	-3.127894	-1.649207	-0.357703	0.043810	0.241076	0.699281	0.020735544711351396	3.9506172839506166e-05	0.24107414484024048
461640	-3.128032	-1.649078	-0.357931	0.043804	0.241095	0.699121	0.020712448190897702	1.7558299039780518e-05	0.24109569191932678
461760	-3.126699	-1.648909	-0.357983	0.043862	0.241135	0.699085	0.02069548051804304	3.9506172839506166e-05	0.24113550782203674
461880	-3.125911	-1.648769	-0.357786	0.043897	0.241200	0.699222	0.02068041982129216	2.6337448559670777e-05	0.24120043218135834
462000	-3.125716	-1.648504	-0.357259	0.043905	0.241261	0.699591	0.020661215856671335	3.9506172839506166e-05	0.2412613183259964
462120	-3.125511	-1.648549	-0.358093	0.043914	0.241250	0.699008	0.020660972315818073	5.925925925925925e-05	0.24125203490257263
462240	-3.125674	-1.648688	-0.359249	0.043907	0.241198	0.698200	0.020679284818470478	1.7558299039780518e-05	0.24119748175144196
462360	-3.125253	-1.648235	-0.359393	0.043926	0.241268	0.698100	0.020643141865730286	1.7558299039780518e-05	0.24126696586608887
462480	-3.126165	-1.648325	-0.359747	0.043886	0.241249	0.697853	0.020642326213419437	5.925925925925925e-05	0.24124985933303833
462600	-3.126392	-1.648489	-0.360528	0.043876	0.241240	0.697308	0.0206606138497591	5.925925925925925e-05	0.24123841524124146
462720	-3.125368	-1.648421	-0.360114	0.043921	0.241286	0.697596	0.020652306638658045	2.6337448559670777e-05	0.24128635227680206
462840	-3.125061	-1.648520	-0.359183	0.043934	0.241278	0.698247	0.020665515586733817	3.9506172839506166e-05	0.2412777841091156
462960	-3.125609	-1.648442	-0.359401	0.043910	0.241294	0.698095	0.020664395298808813	3.9506172839506166e-05	0.2412930577993393
463080	-3.124770	-1.648291	-0.358937	0.043947	0.241356	0.698419	0.02063423963263631	5.925925925925925e-05	0.24135719239711761
463200	-3.125781	-1.648576	-0.358154	0.043903	0.241317	0.698965	0.020665906835347414	2.6337448559670777e-05	0.2413162887096405
463320	-3.126299	-1.648583	-0.359083	0.043880	0.241283	0.698317	0.02067519538104534	2.6337448559670777e-05	0.24128149449825287
463440	-3.126230	-1.648423	-0.358956	0.043883	0.241327	0.698405	0.020653503108769657	3.9506172839506166e-05	0.24132774770259857
463560	-3.126050	-1.648246	-0.357882	0.043891	0.241406	0.699156	0.02064051916822791	2.6337448559670777e-05	0.24140429496765137
463680	-3.126375	-1.648303	-0.357968	0.043877	0.241405	0.699095	0.020641534496098755	3.9506172839506166e-05	0.2414046823978424
463800	-3.126801	-1.648362	-0.358809	0.043858	0.241356	0.698508	0.02065185531973839	3.9506172839506166e-05	0.24135486781597137
463920	-3.128230	-1.649160	-0.358750	0.043795	0.241195	0.698549	0.02071801396086812	3.9506172839506166e-05	0.2411946952342987
464040	-3.126712	-1.648808	-0.358519	0.043862	0.241270	0.698711	0.02069309717044234	3.9506172839506166e-05	0.2412695586681366
464160	-3.127458	-1.649224	-0.360361	0.043829	0.241147	0.697424	0.020714161917567253	3.9506172839506166e-05	0.2411506623029709
464280	-3.127517	-1.649804	-0.361966	0.043826	0.240954	0.696306	0.020775808487087488	3.9506172839506166e-05	0.24095451831817627
464400	-3.127178	-1.649759	-0.362146	0.043841	0.240961	0.696181	0.020773157104849817	1.7558299039780518e-05	0.2409602850675583
464520	-3.127963	-1.649902	-0.361824	0.043807	0.240981	0.696405	0.02078859508037567	3.9506172839506166e-05	0.24098046123981476
464640	-3.130426	-1.650503	-0.362191	0.043699	0.240890	0.696149	0.020839042402803896	5.925925925925925e-05	0.24089032411575317
464760	-3.131231	-1.650737	-0.361700	0.043664	0.240845	0.696491	0.020863120257854462	3.9506172839506166e-05	0.24084483087062836
464880	-3.131161	-1.650255	-0.362243	0.043667	0.240929	0.696113	0.020818734914064406	2.6337448559670777e-05	0.24092981219291687
465000	-3.129707	-1.650074	-0.362184	0.043731	0.240961	0.696154	0.02080330178141594	3.9506172839506166e-05	0.24096138775348663
465120	-3.131064	-1.650229	-0.362371	0.043671	0.240946	0.696024	0.020811645314097404	5.925925925925925e-05	0.24094665050506592
465240	-3.131445	-1.650005	-0.361743	0.043655	0.240991	0.696462	0.02079275269061327	3.9506172839506166e-05	0.240992471575737
465360	-3.131942	-1.650638	-0.362925	0.043633	0.240819	0.695639	0.020841381419450043	5.925925925925925e-05	0.2408222109079361
465480	-3.131398	-1.650295	-0.362482	0.043657	0.240878	0.695947	0.02081951405853033	3.9506172839506166e-05	0.24087844789028168
465600	-3.132212	-1.650803	-0.361036	0.043621	0.240769	0.696954	0.020861617848277093	5.925925925925925e-05	0.24077153205871582
465720	-3.133088	-1.650984	-0.360828	0.043583	0.240750	0.697099	0.020886375941336154	5.925925925925925e-05	0.24074959754943848
465840	-3.133640	-1.651602	-0.363117	0.043559	0.240569	0.695505	0.020931684784591197	5.925925925925925e-05	0.24057120084762573
465960	-3.133848	-1.652134	-0.364555	0.043550	0.240459	0.694505	0.020981833897531034	5.925925925925925e-05	0.24046029150485992
466080	-3.134150	-1.652485	-0.364199	0.043537	0.240401	0.694753	0.021014705207198857	3.9506172839506166e-05	0.24040165543556213
466200	-3.134247	-1.652498	-0.363316	0.043533	0.240400	0.695367	0.02103278273716569	3.9506172839506166e-05	0.24039669334888458
466320	-3.133100	-1.652067	-0.360899	0.043582	0.240567	0.697049	0.02097670780494809	5.925925925925925e-05	0.2405688315629959
466440	-3.133630	-1.652516	-0.360993	0.043559	0.240450	0.696984	0.02102464800700545	3.9506172839506166e-05	0.24044941365718842
466560	-3.133318	-1.652427	-0.360831	0.043573	0.240465	0.697097	0.02101280391216278	5.925925925925925e-05	0.24046474695205688
466680	-3.133740	-1.652577	-0.361355	0.043555	0.240411	0.696731	0.021029684133827685	3.9506172839506166e-05	0.2404112070798874
466800	-3.132989	-1.652159	-0.361690	0.043587	0.240489	0.696498	0.020993260946124793	2.6337448559670777e-05	0.24048888683319092
466920	-3.132794	-1.651792	-0.362599	0.043596	0.240562	0.695865	0.02095864862203598	3.9506172839506166e-05	0.24056173861026764
467040	-3.132215	-1.651539	-0.362264	0.043621	0.240622	0.696098	0.020938109792768955	3.9506172839506166e-05	0.24062049388885498
467160	-3.131069	-1.651394	-0.361352	0.043671	0.240652	0.696734	0.020920954272150995	3.9506172839506166e-05	0.2406524419784546
467280	-3.131126	-1.651367	-0.361650	0.043669	0.240664	0.696526	0.02091666208580136	3.9506172839506166e-05	0.24066545069217682
467400	-3.131290	-1.651264	-0.361888	0.043661	0.240695	0.696360	0.020913320034742354	1.7558299039780518e-05	0.24069403111934662
467520	-3.130605	-1.651452	-0.362216	0.043691	0.240673	0.696132	0.020927903428673744	5.925925925925925e-05	0.24067118763923645
467640	-3.130691	-1.651239	-0.361066	0.043688	0.240742	0.696933	0.02091242400929332	5.925925925925925e-05	0.24073916673660278
467760	-3.130333	-1.650729	-0.359783	0.043703	0.240880	0.697828	0.02085525542497635	2.6337448559670777e-05	0.240881085395813
467880	-3.128726	-1.650710	-0.359738	0.043774	0.240883	0.697859	0.02086280081421137	1.7558299039780518e-05	0.2408824861049652
468000	-3.128046	-1.650131	-0.358889	0.043803	0.241029	0.698452	0.02080978462472558	1.7558299039780518e-05	0.24102893471717834
468120	-3.128282	-1.649994	-0.358585	0.043793	0.241078	0.698664	0.020794444531202317	3.9506172839506166e-05	0.24107924103736877
468240	-3.127387	-1.649653	-0.357889	0.043832	0.241198	0.699150	0.020772791653871536	1.1705532693187011e-05	0.24119597673416138
468360	-3.127500	-1.649519	-0.358430	0.043827	0.241228	0.698773	0.020750574301928282	3.9506172839506166e-05	0.24122799932956696
468480	-3.128236	-1.649724	-0.358871	0.043795	0.241198	0.698464	0.02077163103967905	3.9506172839506166e-05	0.24119706451892853
468600	-3.129404	-1.650142	-0.359656	0.043744	0.241098	0.697916	0.020797882135957478	5.925925925925925e-05	0.24110017716884613
468720	-3.129407	-1.650224	-0.359942	0.043744	0.241061	0.697716	0.020821315143257378	7.803688462124674e-06	0.24105888605117798
468840	-3.128394	-1.649842	-0.359238	0.043788	0.241149	0.698208	0.020793099980801345	3.9506172839506166e-05	0.24114587903022766
468960	-3.127764	-1.649246	-0.358879	0.043816	0.241279	0.698459	0.020726518239825964	3.9506172839506166e-05	0.2412799596786499
469080	-3.127917	-1.649185	-0.357739	0.043809	0.241329	0.699255	0.02074473137035966	3.9506172839506166e-05	0.24131929874420166
469200	-3.127474	-1.648806	-0.356280	0.043828	0.241439	0.700277	0.0206897365860641	1.7558299039780518e-05	0.2414381206035614
469320	-3.127046	-1.648352	-0.355599	0.043847	0.241574	0.700754	0.02065388923510909	2.6337448559670777e-05	0.24157239496707916
469440	-3.126186	-1.647828	-0.355397	0.043885	0.241695	0.700895	0.020600040908902884	3.9506172839506166e-05	0.24169503152370453
469560	-3.126188	-1.647703	-0.355166	0.043885	0.241754	0.701057	0.020592580642551185	2.6337448559670777e-05	0.24175265431404114
469680	-3.126332	-1.647095	-0.354779	0.043878	0.241932	0.701328	0.02054191390052438	2.6337448559670777e-05	0.24192897975444794
469800	-3.127485	-1.647029	-0.354355	0.043828	0.241965	0.701626	0.020525484532117843	3.9506172839506166e-05	0.24196574091911316
469920	-3.129328	-1.647457	-0.355017	0.043747	0.241875	0.701162	0.020558684039860962	5.925925925925925e-05	0.24187611043453217
470040	-3.130052	-1.647346	-0.354592	0.043716	0.241929	0.701460	0.020557750575244428	3.9506172839506166e-05	0.24192866683006287
470160	-3.130497	-1.647310	-0.354983	0.043696	0.241967	0.701185	0.02055244892835617	3.9506172839506166e-05	0.24196745455265045
470280	-3.131007	-1.647119	-0.354817	0.043674	0.242017	0.701302	0.020537949353456496	1.1705532693187011e-05	0.2420164793729782
470400	-3.130903	-1.646870	-0.353961	0.043678	0.242092	0.701903	0.02051554638892412	2.6337448559670777e-05	0.24209189414978027
470520	-3.131881	-1.647191	-0.355004	0.043636	0.242013	0.701171	0.020545539259910584	3.9506172839506166e-05	0.24201186001300812
470640	-3.131392	-1.647107	-0.355514	0.043657	0.242013	0.700813	0.020530528482049705	5.925925925925925e-05	0.2420138269662857
470760	-3.132269	-1.647463	-0.355296	0.043619	0.241922	0.700966	0.020571982581168415	3.9506172839506166e-05	0.24191972613334656
470880	-3.133572	-1.647385	-0.354621	0.043562	0.241959	0.701439	0.020562024042010307	3.9506172839506166e-05	0.24195890128612518
471000	-3.133455	-1.647385	-0.354169	0.043567	0.241964	0.701756	0.020559882186353205	3.9506172839506166e-05	0.24196366965770721
471120	-3.134533	-1.647007	-0.353112	0.043520	0.242096	0.702498	0.02052950793877244	3.9506172839506166e-05	0.24209533631801605
471240	-3.134677	-1.647186	-0.354100	0.043514	0.242020	0.701805	0.020552550628781318	3.9506172839506166e-05	0.2420157641172409
471360	-3.136808	-1.647428	-0.353026	0.043421	0.242019	0.702559	0.020558186713606118	3.9506172839506166e-05	0.24202030897140503
471480	-3.137178	-1.647573	-0.352391	0.043405	0.242032	0.703005	0.02056977469474077	5.925925925925925e-05	0.2420332431793213
471600	-3.136820	-1.647537	-0.352616	0.043421	0.242021	0.702847	0.020573969651013612	3.9506172839506166e-05	0.24202194809913635
471720	-3.136524	-1.647382	-0.352953	0.043433	0.242046	0.702610	0.02056270083412528	3.9506172839506166e-05	0.24204511940479279
471840	-3.136775	-1.647481	-0.353346	0.043423	0.242031	0.702334	0.02056677481159568	5.925925925925925e-05	0.24203072488307953
471960	-3.138187	-1.647364	-0.353027	0.043361	0.242126	0.702558	0.020552755706012248	3.9506172839506166e-05	0.24212853610515594
472080	-3.139636	-1.647112	-0.353260	0.043299	0.242246	0.702395	0.020544514153152706	3.9506172839506166e-05	0.2422422617673874
472200	-3.140189	-1.647326	-0.353611	0.043275	0.242227	0.702148	0.02055034087970853	3.9506172839506166e-05	0.24222815036773682
472320	-3.139695	-1.647370	-0.353802	0.043296	0.242210	0.702014	0.020553044881671666	3.9506172839506166e-05	0.24221079051494598
472440	-3.140018	-1.647121	-0.353464	0.043282	0.242292	0.702251	0.02054625852033496	5.925925925925925e-05	0.2422889620065689
472560	-3.140988	-1.647322	-0.353383	0.043240	0.242257	0.702308	0.020560944452881813	2.6337448559670777e-05	0.24225522577762604
472680	-3.140265	-1.647149	-0.352971	0.043271	0.242290	0.702598	0.02054089829325676	3.9506172839506166e-05	0.24228990077972412
472800	-3.140062	-1.646839	-0.352333	0.043280	0.242357	0.703046	0.020513337198644878	2.6337448559670777e-05	0.242355614900589
472920	-3.139434	-1.646485	-0.351870	0.043307	0.242443	0.703372	0.020479972939938307	2.6337448559670777e-05	0.24244460463523865
473040	-3.138885	-1.646227	-0.351746	0.043331	0.242502	0.703459	0.020459640212357043	1.1705532693187011e-05	0.2425004243850708
473160	-3.138381	-1.645947	-0.351419	0.043353	0.242596	0.703689	0.020428484492003917	3.9506172839506166e-05	0.2425963282585144
473280	-3.137874	-1.645734	-0.352262	0.043375	0.242650	0.703096	0.02040889151394367	5.925925925925925e-05	0.2426512986421585
473400	-3.137229	-1.645106	-0.352371	0.043403	0.242805	0.703019	0.02035999745130539	1.1705532693187011e-05	0.24280411005020142
473520	-3.136546	-1.644675	-0.351993	0.043433	0.242895	0.703285	0.020325361751019955	2.6337448559670777e-05	0.24289245903491974
473640	-3.135168	-1.644255	-0.352190	0.043492	0.242962	0.703146	0.02028255760669708	2.6337448559670777e-05	0.24296152591705322
473760	-3.134577	-1.644154	-0.352690	0.043518	0.242931	0.702795	0.020264976006001235	5.925925925925925e-05	0.24293279647827148
473880	-3.134264	-1.643876	-0.352186	0.043532	0.243002	0.703149	0.020249920338392256	2.6337448559670777e-05	0.24300049245357513
474000	-3.133582	-1.643569	-0.351424	0.043561	0.243076	0.703685	0.020225868560373783	2.6337448559670777e-05	0.2430732548236847
474120	-3.132626	-1.643210	-0.351093	0.043603	0.243153	0.703918	0.020186361856758595	2.6337448559670777e-05	0.24315164983272552
474240	-3.131647	-1.642765	-0.350046	0.043646	0.243281	0.704656	0.020150428637862206	2.6337448559670777e-05	0.2432793229818344
474360	-3.131963	-1.642215	-0.349004	0.043632	0.243423	0.705390	0.02009227843955159	2.6337448559670777e-05	0.24342353641986847
474480	-3.130347	-1.641537	-0.347975	0.043703	0.243599	0.706116	0.020042761135846375	3.9506172839506166e-05	0.24359753727912903
474600	-3.129086	-1.640812	-0.347058	0.043758	0.243767	0.706764	0.019979373924434184	2.6337448559670777e-05	0.24376463890075684
474720	-3.127542	-1.640652	-0.347508	0.043825	0.243774	0.706446	0.019954585004597902	3.9506172839506166e-05	0.24377459287643433
474840	-3.127063	-1.640286	-0.346825	0.043846	0.243864	0.706929	0.019925819523632527	2.6337448559670777e-05	0.24386340379714966
474960	-3.126470	-1.639757	-0.346977	0.043872	0.243950	0.706822	0.019877237733453512	2.6337448559670777e-05	0.2439495027065277
475080	-3.126652	-1.639454	-0.346470	0.043864	0.244040	0.707180	0.01984484577551484	3.9506172839506166e-05	0.24404068291187286
475200	-3.126677	-1.639549	-0.346807	0.043863	0.244033	0.706942	0.0198539218865335	3.9506172839506166e-05	0.24403294920921326
475320	-3.126722	-1.639418	-0.345698	0.043861	0.244070	0.707726	0.019843119475990535	2.6337448559670777e-05	0.24406957626342773
475440	-3.126834	-1.639051	-0.344072	0.043856	0.244200	0.708878	0.01981339920312166	2.6337448559670777e-05	0.24419890344142914
475560	-3.126572	-1.638837	-0.343535	0.043868	0.244261	0.709259	0.019789145141839982	2.6337448559670777e-05	0.24426135420799255
475680	-3.127477	-1.638677	-0.343779	0.043828	0.244308	0.709085	0.01978116128593683	1.7558299039780518e-05	0.24430666863918304
475800	-3.128425	-1.638428	-0.343820	0.043787	0.244380	0.709056	0.01975457388907671	3.9506172839506166e-05	0.24438002705574036
475920	-3.128030	-1.637973	-0.344493	0.043804	0.244478	0.708579	0.019716251734644176	2.6337448559670777e-05	0.24447733163833618
476040	-3.128849	-1.637973	-0.344971	0.043768	0.244475	0.708241	0.019722637441009282	3.9506172839506166e-05	0.24447046220302582
476160	-3.128639	-1.637860	-0.345041	0.043777	0.244475	0.708191	0.019702702481299638	1.7558299039780518e-05	0.2444745898246765
476280	-3.128829	-1.637972	-0.345216	0.043769	0.244457	0.708067	0.01970997815951705	3.9506172839506166e-05	0.2444576919078827
476400	-3.129765	-1.637950	-0.344391	0.043728	0.244501	0.708652	0.01971336118876934	2.6337448559670777e-05	0.2445005476474762
476520	-3.129690	-1.637681	-0.343534	0.043731	0.244600	0.709260	0.01968948096036911	2.6337448559670777e-05	0.24459931254386902
476640	-3.128379	-1.637115	-0.343128	0.043789	0.244742	0.709547	0.019638798013329507	2.6337448559670777e-05	0.24474063515663147
476760	-3.128083	-1.636774	-0.342181	0.043802	0.244831	0.710219	0.019605725165456535	1.7558299039780518e-05	0.24483069777488708
476880	-3.127808	-1.636453	-0.341620	0.043814	0.244957	0.710619	0.019577421806752683	3.9506172839506166e-05	0.2449568510055542
477000	-3.127674	-1.636111	-0.341385	0.043820	0.245048	0.710786	0.01955581149086356	2.6337448559670777e-05	0.24504384398460388
477120	-3.126831	-1.635725	-0.340437	0.043857	0.245166	0.711459	0.019512331672012807	2.6337448559670777e-05	0.24516518414020538
477240	-3.126071	-1.635273	-0.339447	0.043890	0.245284	0.712164	0.019467682112008333	3.9506172839506166e-05	0.24528425931930542
477360	-3.125956	-1.635132	-0.339886	0.043895	0.245303	0.711852	0.01946063991636038	2.6337448559670777e-05	0.24530340731143951
477480	-3.125004	-1.634742	-0.339865	0.043937	0.245369	0.711867	0.019425351358950137	2.6337448559670777e-05	0.24536921083927155
477600	-3.124779	-1.634601	-0.340694	0.043947	0.245369	0.711277	0.019408980570733547	3.9506172839506166e-05	0.24536845088005066
477720	-3.125462	-1.634277	-0.340221	0.043917	0.245491	0.711613	0.01938634803518653	3.9506172839506166e-05	0.24548788368701935
477840	-3.125559	-1.634414	-0.339925	0.043912	0.245483	0.711824	0.019395000394433738	2.6337448559670777e-05	0.2454821765422821
477960	-3.125595	-1.634356	-0.340435	0.043911	0.245500	0.711461	0.01938474364578724	3.9506172839506166e-05	0.24550199508666992
478080	-3.125731	-1.633683	-0.340391	0.043905	0.245627	0.711492	0.019342401716858148	1.7558299039780518e-05	0.2456243634223938
478200	-3.125841	-1.633358	-0.338831	0.043900	0.245738	0.712603	0.019302638806402685	2.6337448559670777e-05	0.24573582410812378
478320	-3.125352	-1.633453	-0.338279	0.043921	0.245744	0.712996	0.01930038407444954	3.9506172839506166e-05	0.24574638903141022
478440	-3.125714	-1.632987	-0.337755	0.043906	0.245852	0.713370	0.019274056423455477	2.6337448559670777e-05	0.24585005640983582
478560	-3.125496	-1.632777	-0.337891	0.043915	0.245909	0.713273	0.01924543213099241	3.9506172839506166e-05	0.2459089159965515
478680	-3.126384	-1.633056	-0.339602	0.043876	0.245832	0.712054	0.019269588775932787	2.6337448559670777e-05	0.245832622051239
478800	-3.125845	-1.633024	-0.340346	0.043900	0.245803	0.711524	0.019265704974532127	2.6337448559670777e-05	0.24580328166484833
478920	-3.124907	-1.632633	-0.340090	0.043941	0.245925	0.711706	0.01923437211662531	1.1705532693187011e-05	0.24592475593090057
479040	-3.124852	-1.632236	-0.339314	0.043943	0.246051	0.712259	0.01920545715838671	1.7558299039780518e-05	0.246049165725708
479160	-3.124252	-1.631453	-0.338446	0.043970	0.246254	0.712877	0.019133602734655142	1.7558299039780518e-05	0.24625259637832642
479280	-3.123103	-1.630695	-0.337200	0.044020	0.246383	0.713766	0.019061612617224454	5.925925925925925e-05	0.2463822215795517
479400	-3.122324	-1.630385	-0.337719	0.044055	0.246412	0.713396	0.019034084491431714	1.7558299039780518e-05	0.24641062319278717
479520	-3.121914	-1.630080	-0.337401	0.044073	0.246493	0.713623	0.01900695450603962	1.7558299039780518e-05	0.2464914619922638
479640	-3.121584	-1.629771	-0.336121	0.044087	0.246604	0.714537	0.0189775999635458	3.9506172839506166e-05	0.24660280346870422
479760	-3.121701	-1.628987	-0.335369	0.044082	0.246798	0.715074	0.018904119916260242	1.7558299039780518e-05	0.2467976212501526
479880	-3.120956	-1.628469	-0.335410	0.044115	0.246900	0.715045	0.018862247373908757	3.9506172839506166e-05	0.24689999222755432
480000	-3.119938	-1.628347	-0.336352	0.044160	0.246894	0.714372	0.01884782239794731	1.7558299039780518e-05	0.2468942254781723
480120	-3.121311	-1.628279	-0.336613	0.044099	0.246914	0.714185	0.018840200360864402	2.6337448559670777e-05	0.246913880109787
480240	-3.119917	-1.627795	-0.336185	0.044161	0.247061	0.714491	0.018801548145711423	2.6337448559670777e-05	0.24705925583839417
480360	-3.119458	-1.627458	-0.335763	0.044181	0.247155	0.714792	0.018768055830150843	2.6337448559670777e-05	0.24715474247932434
480480	-3.119209	-1.627508	-0.334864	0.044192	0.247177	0.715435	0.018769975379109384	3.9506172839506166e-05	0.2471764087677002
480600	-3.120179	-1.627425	-0.334735	0.044149	0.247216	0.715528	0.01876763878390193	2.6337448559670777e-05	0.24721452593803406
480720	-3.119892	-1.627118	-0.333955	0.044162	0.247307	0.716086	0.018737843073904515	2.6337448559670777e-05	0.24730516970157623
480840	-3.119423	-1.626653	-0.333848	0.044183	0.247415	0.716163	0.01869623698294163	2.6337448559670777e-05	0.24741438031196594
480960	-3.119321	-1.626359	-0.332494	0.044187	0.247519	0.717133	0.018676360696554185	2.6337448559670777e-05	0.2475157082080841
481080	-3.117971	-1.625692	-0.331886	0.044247	0.247678	0.717569	0.018624082673341036	3.9506172839506166e-05	0.24767166376113892
481200	-3.117941	-1.625398	-0.332158	0.044248	0.247744	0.717374	0.018585255648940802	5.202458974749783e-06	0.2477433681488037
481320	-3.117304	-1.625009	-0.331680	0.044276	0.247839	0.717717	0.018557878490537406	2.6337448559670777e-05	0.24783527851104736
481440	-3.116595	-1.624593	-0.331326	0.044308	0.247945	0.717971	0.018521194998174905	1.7558299039780518e-05	0.2479424625635147
481560	-3.116382	-1.624347	-0.331219	0.044317	0.247998	0.718048	0.018489955831319092	2.6337448559670777e-05	0.24799706041812897
481680	-3.115711	-1.624040	-0.332165	0.044347	0.248072	0.717369	0.018463297840207817	3.9506172839506166e-05	0.24807108938694
481800	-3.115596	-1.624228	-0.332660	0.044352	0.248025	0.717014	0.018474484235048293	3.9506172839506166e-05	0.2480257749557495
481920	-3.115160	-1.624526	-0.332539	0.044371	0.247947	0.717101	0.018504041898995637	2.6337448559670777e-05	0.2479466050863266
482040	-3.114667	-1.624464	-0.331980	0.044393	0.247976	0.717502	0.01849711434915662	3.9506172839506166e-05	0.24797645211219788
482160	-3.114277	-1.624605	-0.332147	0.044411	0.247936	0.717382	0.018506500869989395	3.9506172839506166e-05	0.24793650209903717
482280	-3.114545	-1.624875	-0.331891	0.044399	0.247903	0.717566	0.018529502861201762	3.9506172839506166e-05	0.2479032576084137
482400	-3.114797	-1.624655	-0.330579	0.044388	0.248050	0.718508	0.018520448170602322	2.6337448559670777e-05	0.2480488419532776
482520	-3.114051	-1.624473	-0.330919	0.044421	0.248103	0.718263	0.01850571930408478	3.9506172839506166e-05	0.24810218811035156
482640	-3.114501	-1.624354	-0.330659	0.044401	0.248173	0.718450	0.018487494718283416	2.6337448559670777e-05	0.24817253649234772
482760	-3.114531	-1.624288	-0.330010	0.044399	0.248241	0.718917	0.018483353406190874	2.6337448559670777e-05	0.24824048578739166
482880	-3.114151	-1.623849	-0.329899	0.044416	0.248342	0.718996	0.018431960511952637	3.9506172839506166e-05	0.24834473431110382
483000	-3.114431	-1.624022	-0.330788	0.044404	0.248280	0.718357	0.018456355948001147	3.9506172839506166e-05	0.2482810914516449
483120	-3.113527	-1.623728	-0.330502	0.044444	0.248342	0.718563	0.018442631419748067	2.6337448559670777e-05	0.24833805859088898
483240	-3.113346	-1.623098	-0.331326	0.044452	0.248464	0.717971	0.01837882911786437	3.9506172839506166e-05	0.2484646588563919
483360	-3.111877	-1.623273	-0.331036	0.044517	0.248437	0.718179	0.018391403555870055	3.9506172839506166e-05	0.24843573570251465
483480	-3.110696	-1.623006	-0.329388	0.044570	0.248517	0.719364	0.018359008803963663	3.9506172839506166e-05	0.24851901829242706
483600	-3.110742	-1.623015	-0.329340	0.044568	0.248534	0.719398	0.01836759252473712	2.6337448559670777e-05	0.24853359162807465
483720	-3.110100	-1.622737	-0.328255	0.044596	0.248634	0.720180	0.018347642477601768	2.6337448559670777e-05	0.24863238632678986
483840	-3.110344	-1.622848	-0.328024	0.044586	0.248637	0.720346	0.01834996761754155	2.6337448559670777e-05	0.24863706529140472
483960	-3.111480	-1.622983	-0.327950	0.044535	0.248621	0.720399	0.018368471693247557	1.1705532693187011e-05	0.24861976504325867
484080	-3.110958	-1.623049	-0.328387	0.044558	0.248589	0.720084	0.018367364071309566	1.7558299039780518e-05	0.2485893964767456
484200	-3.110996	-1.623276	-0.328035	0.044557	0.248546	0.720338	0.01839098669588566	2.6337448559670777e-05	0.24854543805122375
484320	-3.110674	-1.622997	-0.327597	0.044571	0.248642	0.720653	0.01836275327950716	3.9506172839506166e-05	0.24864377081394196
484440	-3.108650	-1.622290	-0.327711	0.044661	0.248808	0.720571	0.01830318821594119	3.9506172839506166e-05	0.248808354139328
484560	-3.108796	-1.622268	-0.326776	0.044655	0.248870	0.721245	0.01829852694645524	2.6337448559670777e-05	0.2488703578710556
484680	-3.108572	-1.621951	-0.326539	0.044665	0.248938	0.721416	0.01827125493437052	2.6337448559670777e-05	0.24893833696842194
484800	-3.108161	-1.621630	-0.326351	0.044683	0.249026	0.721552	0.018242815975099802	2.6337448559670777e-05	0.24902546405792236
484920	-3.108056	-1.621047	-0.325527	0.044688	0.249173	0.722147	0.018200669158250093	2.6337448559670777e-05	0.24917002022266388
485040	-3.106810	-1.620351	-0.325217	0.044743	0.249348	0.722371	0.018129406590014698	2.6337448559670777e-05	0.24934689700603485
485160	-3.106209	-1.619823	-0.325407	0.044770	0.249454	0.722233	0.018093423545360567	5.925925925925925e-05	0.2494504749774933
485280	-3.105798	-1.619988	-0.325517	0.044789	0.249419	0.722154	0.018091545347124337	3.9506172839506166e-05	0.2494198977947235
485400	-3.105710	-1.620060	-0.326093	0.044793	0.249380	0.721738	0.018110892456024884	2.6337448559670777e-05	0.2493758499622345
485520	-3.106217	-1.619628	-0.325526	0.044770	0.249476	0.722148	0.01806381084024906	3.9506172839506166e-05	0.24947702884674072
485640	-3.107079	-1.619714	-0.325399	0.044731	0.249450	0.722239	0.01806570338085294	5.925925925925925e-05	0.24945063889026642
485760	-3.108247	-1.619508	-0.324821	0.044679	0.249536	0.722656	0.0180492059327662	3.9506172839506166e-05	0.2495369017124176
485880	-3.108380	-1.619424	-0.324719	0.044673	0.249556	0.722731	0.018043036758899688	1.7558299039780518e-05	0.24955657124519348
486000	-3.108852	-1.619443	-0.324429	0.044652	0.249582	0.722940	0.01804698333144188	2.6337448559670777e-05	0.24958176910877228
486120	-3.108125	-1.618991	-0.323816	0.044685	0.249694	0.723384	0.018010796047747135	1.1705532693187011e-05	0.2496921271085739
486240	-3.106853	-1.618829	-0.323144	0.044742	0.249756	0.723870	0.01799496281892061	1.7558299039780518e-05	0.24975483119487762
486360	-3.105525	-1.618615	-0.322258	0.044801	0.249829	0.724511	0.017974353954195978	1.7558299039780518e-05	0.2498270571231842
486480	-3.105173	-1.618045	-0.322073	0.044817	0.249971	0.724645	0.017927479464560747	1.7558299039780518e-05	0.249968484044075
486600	-3.105526	-1.618004	-0.322872	0.044801	0.249985	0.724066	0.017905710265040398	5.925925925925925e-05	0.24998919665813446
486720	-3.105602	-1.617736	-0.322565	0.044798	0.250062	0.724289	0.01789322094991803	3.9506172839506166e-05	0.250061959028244
486840	-3.104038	-1.617458	-0.323295	0.044868	0.250115	0.723760	0.017872032523155213	7.803688462124674e-06	0.2501131594181061
486960	-3.104308	-1.617381	-0.322962	0.044856	0.250169	0.724001	0.01785754021257162	1.7558299039780518e-05	0.2501690983772278
487080	-3.104516	-1.617420	-0.321763	0.044846	0.250200	0.724870	0.017859050258994102	3.9506172839506166e-05	0.25019973516464233
487200	-3.103981	-1.616961	-0.320924	0.044870	0.250344	0.725478	0.017821996286511422	2.6337448559670777e-05	0.25034329295158386
487320	-3.103728	-1.616636	-0.320324	0.044882	0.250438	0.725914	0.017798889614641666	1.1705532693187011e-05	0.25043660402297974
487440	-3.103080	-1.616104	-0.319241	0.044911	0.250580	0.726700	0.017751675751060247	1.7558299039780518e-05	0.25057679414749146
487560	-3.102890	-1.615981	-0.319928	0.044919	0.250613	0.726201	0.017735532205551862	3.9506172839506166e-05	0.25061333179473877
487680	-3.103108	-1.615777	-0.319617	0.044909	0.250678	0.726427	0.017714819777756928	2.6337448559670777e-05	0.25067782402038574
487800	-3.102975	-1.615514	-0.319833	0.044915	0.250749	0.726270	0.017698402050882578	2.6337448559670777e-05	0.2507472336292267
487920	-3.103127	-1.615251	-0.319176	0.044909	0.250844	0.726747	0.01767745055258274	1.7558299039780518e-05	0.2508416175842285
488040	-3.103201	-1.614950	-0.318614	0.044905	0.250938	0.727156	0.017643346078693868	1.7558299039780518e-05	0.25093722343444824
488160	-3.103280	-1.614649	-0.318136	0.044902	0.251049	0.727504	0.017617243621498347	2.6337448559670777e-05	0.2510465085506439
488280	-3.103073	-1.614174	-0.318571	0.044911	0.251176	0.727188	0.01757947327569127	1.1705532693187011e-05	0.2511744797229767
488400	-3.102088	-1.613591	-0.318820	0.044955	0.251314	0.727006	0.017514889780431985	3.9506172839506166e-05	0.2513149678707123
488520	-3.101963	-1.613521	-0.318734	0.044961	0.251339	0.727069	0.01751758698374033	1.1705532693187011e-05	0.2513372600078583
488640	-3.101935	-1.613040	-0.317888	0.044962	0.251476	0.727684	0.017471379321068525	1.7558299039780518e-05	0.25147587060928345
488760	-3.101470	-1.612707	-0.317470	0.044983	0.251553	0.727989	0.01744313184171915	1.7558299039780518e-05	0.2515520453453064
488880	-3.100816	-1.612133	-0.316879	0.045012	0.251691	0.728419	0.017391792964190245	7.803688462124674e-06	0.25168976187705994
489000	-3.100433	-1.611675	-0.316375	0.045030	0.251806	0.728786	0.01735257972031832	1.7558299039780518e-05	0.25180432200431824
489120	-3.100807	-1.611368	-0.315622	0.045013	0.251906	0.729335	0.01731832791119814	3.9506172839506166e-05	0.2519069015979767
489240	-3.100154	-1.610743	-0.314984	0.045042	0.252057	0.729800	0.01726669818162918	3.9506172839506166e-05	0.25205475091934204
489360	-3.100176	-1.610495	-0.314289	0.045041	0.252133	0.730308	0.01724082985892892	1.7558299039780518e-05	0.25213369727134705
489480	-3.099380	-1.609805	-0.314420	0.045077	0.252271	0.730212	0.017182176001369953	3.9506172839506166e-05	0.25226980447769165
489600	-3.098714	-1.609246	-0.312793	0.045107	0.252444	0.731401	0.01713767908513546	3.9506172839506166e-05	0.25244221091270447
489720	-3.098347	-1.608792	-0.312283	0.045124	0.252542	0.731775	0.017088775243610143	3.9506172839506166e-05	0.25254201889038086
489840	-3.097800	-1.608607	-0.312946	0.045148	0.252578	0.731290	0.01707256967201829	7.803688462124674e-06	0.25257742404937744
489960	-3.097628	-1.608127	-0.312497	0.045156	0.252707	0.731618	0.017032378073781728	1.1705532693187011e-05	0.2527060806751251
490080	-3.097904	-1.608084	-0.312680	0.045144	0.252696	0.731484	0.017024712450802327	1.7558299039780518e-05	0.2526955008506775
490200	-3.097232	-1.607673	-0.312416	0.045174	0.252784	0.731677	0.01699166717007756	7.803688462124674e-06	0.2527835965156555
490320	-3.096864	-1.607311	-0.311836	0.045191	0.252875	0.732101	0.016958782076835634	7.803688462124674e-06	0.252874493598938
490440	-3.096894	-1.607239	-0.311483	0.045189	0.252920	0.732360	0.016941086668521167	3.9506172839506166e-05	0.25292113423347473
490560	-3.096339	-1.606897	-0.311055	0.045214	0.253011	0.732674	0.016919780150055887	1.1705532693187011e-05	0.25300976634025574
490680	-3.096046	-1.606510	-0.310399	0.045228	0.253126	0.733154	0.016886695101857186	1.1705532693187011e-05	0.25312501192092896
490800	-3.095392	-1.605983	-0.310709	0.045257	0.253225	0.732927	0.016843521595001222	1.7558299039780518e-05	0.2532239258289337
490920	-3.095494	-1.605613	-0.309761	0.045253	0.253340	0.733622	0.016802430804818868	2.6337448559670777e-05	0.25333866477012634
491040	-3.096271	-1.605334	-0.309902	0.045218	0.253412	0.733519	0.016782010719180108	1.7558299039780518e-05	0.2534102499485016
491160	-3.094422	-1.604069	-0.308036	0.045301	0.253751	0.734889	0.016678405459970236	1.7558299039780518e-05	0.253746896982193
491280	-3.093820	-1.603849	-0.308246	0.045328	0.253786	0.734734	0.01664702659472823	1.1705532693187011e-05	0.253784716129303
491400	-3.094774	-1.603793	-0.307593	0.045285	0.253825	0.735214	0.016636056080460548	2.6337448559670777e-05	0.253825306892395
491520	-3.095120	-1.603658	-0.307723	0.045270	0.253871	0.735119	0.016631019208580254	1.7558299039780518e-05	0.25386950373649597
491640	-3.094942	-1.603406	-0.306515	0.045278	0.253955	0.736008	0.01660606125369668	1.1705532693187011e-05	0.2539534270763397
491760	-3.093672	-1.602705	-0.305666	0.045335	0.254147	0.736633	0.01654709316790104	1.1705532693187011e-05	0.25414472818374634
491880	-3.093453	-1.602617	-0.305578	0.045345	0.254176	0.736697	0.016531626135110854	1.7558299039780518e-05	0.2541760802268982
492000	-3.093290	-1.602400	-0.304314	0.045353	0.254264	0.737629	0.016510846558958292	2.6337448559670777e-05	0.2542639970779419
492120	-3.093561	-1.602049	-0.303627	0.045340	0.254383	0.738136	0.016482270788401365	3.9506172839506166e-05	0.2543826997280121
492240	-3.093811	-1.601931	-0.303688	0.045329	0.254428	0.738091	0.016464788652956485	2.6337448559670777e-05	0.2544284760951996
492360	-3.095347	-1.602094	-0.303791	0.045259	0.254439	0.738015	0.016480524186044933	3.9506172839506166e-05	0.25443968176841736
492480	-3.095161	-1.602028	-0.303845	0.045268	0.254460	0.737975	0.016474580392241478	2.6337448559670777e-05	0.25446030497550964
492600	-3.094836	-1.601870	-0.303221	0.045282	0.254526	0.738436	0.016462634783238173	5.925925925925925e-05	0.2545260488986969
492720	-3.095026	-1.601620	-0.303725	0.045274	0.254593	0.738064	0.016450447868555783	2.6337448559670777e-05	0.25459054112434387
492840	-3.095432	-1.601734	-0.304330	0.045255	0.254556	0.737617	0.01645339885726571	2.6337448559670777e-05	0.25455594062805176
492960	-3.095188	-1.601508	-0.303977	0.045267	0.254594	0.737878	0.016426602378487587	3.9506172839506166e-05	0.2545960545539856
493080	-3.096173	-1.601535	-0.304431	0.045222	0.254607	0.737543	0.016434219386428594	3.9506172839506166e-05	0.25460609793663025
493200	-3.096176	-1.601665	-0.304218	0.045222	0.254574	0.737700	0.016443101037293673	2.6337448559670777e-05	0.2545745372772217
493320	-3.096653	-1.602025	-0.305430	0.045200	0.254448	0.736806	0.01647281916812062	5.925925925925925e-05	0.25444960594177246
493440	-3.095203	-1.602036	-0.305486	0.045266	0.254421	0.736765	0.016482143104076384	3.9506172839506166e-05	0.2544204294681549
493560	-3.095984	-1.602135	-0.305269	0.045230	0.254433	0.736925	0.016488888207823037	2.6337448559670777e-05	0.2544322907924652
493680	-3.096825	-1.601921	-0.305766	0.045192	0.254475	0.736559	0.01646624654531479	3.9506172839506166e-05	0.25447678565979004
493800	-3.097946	-1.601792	-0.306284	0.045142	0.254493	0.736177	0.01645863950252533	2.6337448559670777e-05	0.25449252128601074
493920	-3.097907	-1.601536	-0.306026	0.045144	0.254564	0.736368	0.016435245145112277	2.6337448559670777e-05	0.2545633018016815
494040	-3.098068	-1.601609	-0.305666	0.045136	0.254567	0.736633	0.016439315397292376	1.1705532693187011e-05	0.2545669674873352
494160	-3.098197	-1.601586	-0.305687	0.045131	0.254590	0.736617	0.016444004606455564	3.9506172839506166e-05	0.2545880973339081
494280	-3.098686	-1.601464	-0.305560	0.045108	0.254633	0.736710	0.016429986897856	3.9506172839506166e-05	0.2546328008174896
494400	-3.099381	-1.601670	-0.306196	0.045077	0.254598	0.736242	0.01643615309149027	3.9506172839506166e-05	0.25460124015808105
494520	-3.100027	-1.602244	-0.307135	0.045048	0.254471	0.735551	0.016494881827384233	2.6337448559670777e-05	0.2544701099395752
494640	-3.100106	-1.602561	-0.307710	0.045044	0.254429	0.735128	0.016516918409615756	5.925925925925925e-05	0.2544313073158264
494760	-3.100578	-1.602436	-0.306905	0.045023	0.254479	0.735720	0.016516207717359066	2.6337448559670777e-05	0.2544785141944885
494880	-3.101440	-1.602432	-0.306890	0.044984	0.254517	0.735732	0.016512652952224018	3.9506172839506166e-05	0.25451767444610596
495000	-3.101802	-1.602294	-0.306339	0.044968	0.254586	0.736137	0.016506193205714226	2.6337448559670777e-05	0.25458377599716187
495120	-3.102027	-1.602100	-0.307345	0.044958	0.254662	0.735397	0.01648246655240655	5.925925925925925e-05	0.25466105341911316
495240	-3.101015	-1.601894	-0.307959	0.045003	0.254686	0.734946	0.0164659334346652	2.6337448559670777e-05	0.2546859085559845
495360	-3.102214	-1.601997	-0.307809	0.044950	0.254690	0.735056	0.01647286247462034	3.9506172839506166e-05	0.25468936562538147
495480	-3.102777	-1.602121	-0.308234	0.044924	0.254664	0.734744	0.016486697550863027	3.9506172839506166e-05	0.2546631097793579
495600	-3.104521	-1.602213	-0.308462	0.044846	0.254697	0.734576	0.016493023186922074	2.6337448559670777e-05	0.2546982169151306
495720	-3.103452	-1.601956	-0.308431	0.044894	0.254761	0.734598	0.01646972894668579	3.9506172839506166e-05	0.2547619938850403
495840	-3.104518	-1.601640	-0.307990	0.044846	0.254896	0.734922	0.016450027469545603	2.6337448559670777e-05	0.25489306449890137
495960	-3.104580	-1.601451	-0.307006	0.044843	0.254969	0.735646	0.01643053609877825	3.9506172839506166e-05	0.2549684941768646
496080	-3.104647	-1.601321	-0.306793	0.044840	0.255037	0.735803	0.016420600563287736	1.7558299039780518e-05	0.2550354301929474
496200	-3.104881	-1.601079	-0.307418	0.044830	0.255085	0.735343	0.01638734294101596	3.9506172839506166e-05	0.25508609414100647
496320	-3.106634	-1.600786	-0.307458	0.044751	0.255177	0.735314	0.01636710036545992	2.6337448559670777e-05	0.25517627596855164
496440	-3.106988	-1.600686	-0.307042	0.044736	0.255283	0.735619	0.01637073140591383	3.9506172839506166e-05	0.2552777826786041
496560	-3.107380	-1.600667	-0.307338	0.044718	0.255296	0.735402	0.01634984901174903	5.925925925925925e-05	0.2552979588508606
496680	-3.108077	-1.600919	-0.308008	0.044687	0.255239	0.734909	0.01638202602043748	5.925925925925925e-05	0.25523796677589417
496800	-3.107785	-1.600767	-0.306777	0.044700	0.255310	0.735815	0.016366463713347913	1.7558299039780518e-05	0.25530943274497986
496920	-3.107606	-1.600478	-0.307155	0.044708	0.255390	0.735537	0.016342815570533277	3.9506172839506166e-05	0.25538867712020874
497040	-3.109048	-1.600477	-0.306125	0.044643	0.255452	0.736294	0.016340583376586438	3.9506172839506166e-05	0.25544992089271545
497160	-3.109615	-1.600075	-0.305252	0.044618	0.255602	0.736938	0.016304363310337067	2.6337448559670777e-05	0.2556014657020569
497280	-3.108627	-1.599989	-0.305169	0.044662	0.255622	0.736999	0.016289849858731033	3.9506172839506166e-05	0.2556237578392029
497400	-3.107568	-1.599816	-0.304862	0.044710	0.255650	0.737225	0.016269747354090213	5.925925925925925e-05	0.25565311312675476
497520	-3.108815	-1.599883	-0.305093	0.044654	0.255639	0.737055	0.016286447923630477	2.6337448559670777e-05	0.2556394934654236
497640	-3.108413	-1.600175	-0.306136	0.044672	0.255557	0.736286	0.01631105933338404	3.9506172839506166e-05	0.25555670261383057
497760	-3.107227	-1.599773	-0.305854	0.044725	0.255674	0.736494	0.016268605180084706	3.9506172839506166e-05	0.25567594170570374
497880	-3.107643	-1.599902	-0.305277	0.044706	0.255685	0.736919	0.016280982363969087	5.925925925925925e-05	0.2556864023208618
498000	-3.107949	-1.599946	-0.305921	0.044693	0.255668	0.736445	0.0162861836142838	5.925925925925925e-05	0.2556683421134949
498120	-3.109417	-1.599959	-0.305601	0.044627	0.255703	0.736681	0.016288129799067973	5.925925925925925e-05	0.2557041049003601
498240	-3.110548	-1.600279	-0.305591	0.044577	0.255658	0.736688	0.016313583217561246	3.9506172839506166e-05	0.255659818649292
498360	-3.111604	-1.600500	-0.306065	0.044529	0.255638	0.736339	0.016336159594357014	3.9506172839506166e-05	0.2556389570236206
498480	-3.111644	-1.600846	-0.305381	0.044528	0.255620	0.736843	0.016363981738686563	3.9506172839506166e-05	0.2556212544441223
498600	-3.111869	-1.600958	-0.306092	0.044518	0.255628	0.736319	0.016380767989903688	5.925925925925925e-05	0.2556287348270416
498720	-3.112177	-1.600506	-0.305459	0.044504	0.255785	0.736785	0.01634243642911315	2.6337448559670777e-05	0.25578445196151733
498840	-3.112571	-1.600007	-0.304095	0.044486	0.255964	0.737791	0.016300149168819188	2.6337448559670777e-05	0.2559632360935211
498960	-3.111437	-1.599577	-0.304187	0.044537	0.256078	0.737723	0.016261533368378878	3.9506172839506166e-05	0.25607773661613464
499080	-3.111902	-1.599692	-0.303814	0.044516	0.256041	0.737998	0.016268832329660653	3.9506172839506166e-05	0.25604119896888733
499200	-3.111801	-1.599285	-0.302754	0.044521	0.256177	0.738781	0.016233762074261904	3.9506172839506166e-05	0.25617513060569763
499320	-3.112726	-1.599496	-0.301277	0.044480	0.256231	0.739873	0.01624497603625059	5.925925925925925e-05	0.2562303841114044
499440	-3.112060	-1.598950	-0.299787	0.044509	0.256413	0.740976	0.016203927248716353	3.9506172839506166e-05	0.25641265511512756
499560	-3.112371	-1.598315	-0.298082	0.044495	0.256607	0.742240	0.016147346422076225	2.6337448559670777e-05	0.2566068172454834
499680	-3.112419	-1.598307	-0.297368	0.044493	0.256593	0.742771	0.016143107321113348	2.6337448559670777e-05	0.25659409165382385
499800	-3.111626	-1.598071	-0.297126	0.044528	0.256621	0.742950	0.016125191282480956	3.9506172839506166e-05	0.256620854139328
499920	-3.113265	-1.598248	-0.297186	0.044456	0.256616	0.742906	0.016136892046779393	2.6337448559670777e-05	0.25661522150039673
500040	-3.112048	-1.597959	-0.296462	0.044510	0.256670	0.743444	0.01611950770020485	3.9506172839506166e-05	0.25666797161102295
500160	-3.111446	-1.597546	-0.296323	0.044536	0.256778	0.743547	0.016079218313097953	3.9506172839506166e-05	0.2567768096923828
500280	-3.112254	-1.597359	-0.296354	0.044501	0.256812	0.743524	0.016060613747686147	2.6337448559670777e-05	0.2568115293979645
500400	-3.113306	-1.597463	-0.297272	0.044454	0.256766	0.742842	0.016063624620437623	2.6337448559670777e-05	0.256767600774765
500520	-3.114671	-1.597687	-0.298140	0.044393	0.256719	0.742198	0.016086833737790584	3.9506172839506166e-05	0.2567194402217865
500640	-3.113509	-1.596830	-0.298761	0.044445	0.256912	0.741737	0.0160149066708982	2.6337448559670777e-05	0.25691133737564087
500760	-3.112282	-1.596403	-0.298065	0.044499	0.257039	0.742253	0.015974659658968448	1.7558299039780518e-05	0.25703826546669006
500880	-3.111547	-1.595811	-0.297436	0.044532	0.257187	0.742720	0.015920176263898612	1.7558299039780518e-05	0.2571866512298584
501000	-3.110812	-1.595501	-0.296750	0.044565	0.257239	0.743230	0.015893302205950022	1.7558299039780518e-05	0.25723862648010254
501120	-3.110149	-1.595112	-0.295772	0.044594	0.257374	0.743957	0.015861829556524754	7.803688462124674e-06	0.25737208127975464
501240	-3.110327	-1.594696	-0.295042	0.044586	0.257506	0.744500	0.01582407923415303	1.1705532693187011e-05	0.2575039863586426
501360	-3.110114	-1.594338	-0.294795	0.044596	0.257608	0.744684	0.01579149952158332	2.6337448559670777e-05	0.2576068043708801
501480	-3.110170	-1.593893	-0.293968	0.044593	0.257756	0.745300	0.015752682648599147	1.7558299039780518e-05	0.25775447487831116
501600	-3.109384	-1.593151	-0.292641	0.044628	0.257973	0.746290	0.01568356156349182	3.9506172839506166e-05	0.2579723000526428
501720	-3.110064	-1.592947	-0.291851	0.044598	0.258044	0.746880	0.015669578220695257	3.9506172839506166e-05	0.25804054737091064
501840	-3.110988	-1.592673	-0.291270	0.044557	0.258148	0.747314	0.015640308056026696	1.7558299039780518e-05	0.2581460177898407
501960	-3.110826	-1.592708	-0.291123	0.044564	0.258143	0.747423	0.015638136584311724	2.6337448559670777e-05	0.25814276933670044
502080	-3.111183	-1.592558	-0.289734	0.044548	0.258267	0.748462	0.01563113844022155	1.1705532693187011e-05	0.2582651972770691
502200	-3.112020	-1.592493	-0.289901	0.044511	0.258319	0.748338	0.015620518708601594	5.925925925925925e-05	0.25831812620162964
502320	-3.112179	-1.592389	-0.288730	0.044504	0.258425	0.749215	0.015611343365162612	2.6337448559670777e-05	0.25842440128326416
502440	-3.112117	-1.592285	-0.288251	0.044507	0.258459	0.749574	0.015592492371797561	3.9506172839506166e-05	0.2584623396396637
502560	-3.112748	-1.592225	-0.286969	0.044479	0.258559	0.750535	0.015593087440356613	5.925925925925925e-05	0.2585572302341461
502680	-3.112661	-1.591577	-0.285132	0.044482	0.258795	0.751915	0.015550069697201251	2.6337448559670777e-05	0.2587921917438507
502800	-3.112991	-1.591470	-0.284671	0.044468	0.258883	0.752262	0.015532828774303198	3.9506172839506166e-05	0.25888052582740784
502920	-3.112795	-1.591217	-0.283949	0.044476	0.258996	0.752805	0.015507782204076647	3.9506172839506166e-05	0.2589937448501587
503040	-3.113383	-1.591196	-0.283169	0.044450	0.259057	0.753393	0.015500909788534046	2.6337448559670777e-05	0.25905755162239075
503160	-3.113592	-1.591009	-0.282500	0.044441	0.259106	0.753897	0.015488341683521867	1.7558299039780518e-05	0.2591048777103424
503280	-3.114322	-1.590790	-0.281592	0.044409	0.259205	0.754581	0.01546729071997106	3.9506172839506166e-05	0.25920432806015015
503400	-3.114647	-1.590572	-0.281393	0.044394	0.259290	0.754732	0.01545103807002306	2.6337448559670777e-05	0.259289413690567
503520	-3.115262	-1.590684	-0.281476	0.044367	0.259282	0.754669	0.015460843266919256	1.1705532693187011e-05	0.25928035378456116
503640	-3.115703	-1.590518	-0.282088	0.044347	0.259307	0.754208	0.015444076480343938	3.9506172839506166e-05	0.259306401014328
503760	-3.115455	-1.590375	-0.282515	0.044358	0.259359	0.753885	0.01543146101757884	3.9506172839506166e-05	0.2593569755554199
503880	-3.115192	-1.589780	-0.280201	0.044370	0.259602	0.755632	0.015381244849413634	2.6337448559670777e-05	0.25960057973861694
504000	-3.116516	-1.590207	-0.279535	0.044311	0.259595	0.756135	0.015414662007242442	5.925925925925925e-05	0.2595934271812439
504120	-3.116054	-1.589911	-0.278068	0.044332	0.259695	0.757245	0.015397333912551403	2.6337448559670777e-05	0.2596922814846039
504240	-3.115822	-1.589360	-0.276301	0.044342	0.259896	0.758584	0.015335877193138003	3.9506172839506166e-05	0.25989675521850586
504360	-3.115667	-1.589342	-0.277521	0.044349	0.259879	0.757660	0.015337038086727262	2.6337448559670777e-05	0.2598794102668762
504480	-3.115692	-1.589499	-0.277315	0.044348	0.259847	0.757815	0.015344416117295622	3.9506172839506166e-05	0.25984883308410645
504600	-3.116503	-1.589389	-0.276296	0.044312	0.259926	0.758588	0.0153422721195966	3.9506172839506166e-05	0.25992530584335327
504720	-3.116563	-1.589192	-0.276260	0.044309	0.260026	0.758616	0.015323696192353964	2.6337448559670777e-05	0.26002660393714905
504840	-3.118013	-1.589119	-0.276731	0.044245	0.260040	0.758259	0.015315710753202438	2.6337448559670777e-05	0.2600400447845459
504960	-3.118721	-1.589028	-0.276012	0.044214	0.260112	0.758803	0.015306848241016269	2.6337448559670777e-05	0.2601111829280853
505080	-3.119039	-1.588567	-0.274982	0.044200	0.260264	0.759585	0.01526779318228364	1.1705532693187011e-05	0.2602633833885193
505200	-3.119333	-1.588215	-0.275088	0.044187	0.260334	0.759506	0.015239297458902002	1.7558299039780518e-05	0.260332316160202
505320	-3.119538	-1.588955	-0.275234	0.044178	0.260170	0.759395	0.015301731321960688	2.6337448559670777e-05	0.26016852259635925
505440	-3.119679	-1.588851	-0.274145	0.044171	0.260212	0.760222	0.015292886365205049	3.9506172839506166e-05	0.26021137833595276
505560	-3.119076	-1.588785	-0.272708	0.044198	0.260284	0.761315	0.015291161136701703	1.7558299039780518e-05	0.2602815628051758
505680	-3.119055	-1.588438	-0.272181	0.044199	0.260387	0.761716	0.015254037035629154	3.9506172839506166e-05	0.2603871524333954
505800	-3.119446	-1.588265	-0.272718	0.044182	0.260448	0.761307	0.015244019590318203	3.9506172839506166e-05	0.2604469060897827
505920	-3.119689	-1.588130	-0.272010	0.044171	0.260490	0.761846	0.015228418074548245	2.6337448559670777e-05	0.26048922538757324
506040	-3.119895	-1.587926	-0.272654	0.044162	0.260531	0.761356	0.015213320637121797	3.9506172839506166e-05	0.2605295479297638
506160	-3.119623	-1.588005	-0.273416	0.044174	0.260535	0.760776	0.015215524239465594	3.9506172839506166e-05	0.26053526997566223
506280	-3.119539	-1.588008	-0.272847	0.044178	0.260564	0.761209	0.01521856770850718	7.803688462124674e-06	0.2605631351470947
506400	-3.119300	-1.587813	-0.271462	0.044188	0.260653	0.762264	0.015202817972749472	3.9506172839506166e-05	0.260650634765625
506520	-3.119401	-1.587541	-0.271201	0.044184	0.260748	0.762463	0.015173399075865745	2.6337448559670777e-05	0.2607487142086029
506640	-3.119848	-1.587636	-0.269976	0.044164	0.260770	0.763398	0.015183329209685325	2.6337448559670777e-05	0.26076892018318176
506760	-3.120633	-1.588219	-0.269550	0.044129	0.260619	0.763723	0.015230927849188447	3.9506172839506166e-05	0.2606191039085388
506880	-3.120008	-1.588216	-0.268985	0.044157	0.260680	0.764155	0.015239969454705715	2.6337448559670777e-05	0.26067912578582764
507000	-3.120643	-1.588227	-0.269390	0.044129	0.260690	0.763845	0.015236895065754652	2.6337448559670777e-05	0.26068949699401855
507120	-3.121261	-1.588333	-0.269062	0.044102	0.260723	0.764096	0.015246420912444592	5.925925925925925e-05	0.26072192192077637
507240	-3.122220	-1.588346	-0.269284	0.044059	0.260804	0.763926	0.015243552578613161	3.9506172839506166e-05	0.2608041763305664
507360	-3.120462	-1.588659	-0.269525	0.044137	0.260753	0.763743	0.015271784225478768	3.9506172839506166e-05	0.260753870010376
507480	-3.121654	-1.588821	-0.270549	0.044084	0.260706	0.762960	0.015299371862784027	3.9506172839506166e-05	0.26070135831832886
507600	-3.121749	-1.588668	-0.270923	0.044080	0.260753	0.762676	0.015273181535303593	3.9506172839506166e-05	0.2607530653476715
507720	-3.121907	-1.588363	-0.270443	0.044073	0.260840	0.763042	0.015248256968334317	1.7558299039780518e-05	0.26084011793136597
507840	-3.124563	-1.588552	-0.270631	0.043956	0.260859	0.762898	0.015262267133221031	5.925925925925925e-05	0.26085978746414185
507960	-3.124857	-1.588440	-0.270398	0.043943	0.260932	0.763076	0.015261729015037417	2.6337448559670777e-05	0.2609303593635559
508080	-3.124854	-1.587821	-0.267917	0.043943	0.261151	0.764971	0.01520661162212491	1.7558299039780518e-05	0.26114943623542786
508200	-3.124264	-1.587187	-0.267785	0.043969	0.261319	0.765072	0.015150767471641301	3.9506172839506166e-05	0.2613169848918915
508320	-3.124316	-1.586893	-0.267628	0.043967	0.261397	0.765192	0.01511641931720078	2.6337448559670777e-05	0.2613963782787323
508440	-3.125635	-1.586973	-0.268215	0.043909	0.261383	0.764743	0.015122016659006476	3.9506172839506166e-05	0.261382132768631
508560	-3.125323	-1.586845	-0.269106	0.043923	0.261394	0.764062	0.015115061355754734	3.9506172839506166e-05	0.26139315962791443
508680	-3.125092	-1.586634	-0.269557	0.043933	0.261431	0.763718	0.015092829382047057	1.7558299039780518e-05	0.2614315152168274
508800	-3.124392	-1.586360	-0.269124	0.043964	0.261491	0.764048	0.015069994749501348	1.7558299039780518e-05	0.2614905536174774
508920	-3.123764	-1.585683	-0.267900	0.043991	0.261678	0.764984	0.015013171453028917	1.7558299039780518e-05	0.26167580485343933
509040	-3.123173	-1.585174	-0.267082	0.044017	0.261798	0.765610	0.014966202341020108	1.1705532693187011e-05	0.2617969214916229
509160	-3.122402	-1.584780	-0.267141	0.044051	0.261902	0.765566	0.014926295308396221	1.7558299039780518e-05	0.26190185546875
509280	-3.121241	-1.584305	-0.267746	0.044102	0.261984	0.765102	0.01488451212644577	2.6337448559670777e-05	0.26198336482048035
509400	-3.121356	-1.584105	-0.267827	0.044097	0.262040	0.765040	0.014868129463866352	2.6337448559670777e-05	0.2620392441749573
509520	-3.121897	-1.583583	-0.266281	0.044073	0.262234	0.766224	0.014818447362631559	3.9506172839506166e-05	0.2622336745262146
509640	-3.121371	-1.583404	-0.265116	0.044097	0.262330	0.767117	0.014802171522751451	2.6337448559670777e-05	0.2623300850391388
509760	-3.120556	-1.583156	-0.266003	0.044133	0.262347	0.766437	0.014791096141561867	3.9506172839506166e-05	0.2623443901538849
509880	-3.121096	-1.582682	-0.265749	0.044109	0.262501	0.766632	0.014738339046016336	1.7558299039780518e-05	0.26249977946281433
510000	-3.121367	-1.582361	-0.265319	0.044097	0.262616	0.766961	0.014708394650369883	1.7558299039780518e-05	0.2626153528690338
510120	-3.121588	-1.582180	-0.265292	0.044087	0.262671	0.766982	0.014688355382531881	3.9506172839506166e-05	0.26267170906066895
510240	-3.122345	-1.581916	-0.265655	0.044054	0.262752	0.766704	0.014668340189382434	3.9506172839506166e-05	0.262752503156662
510360	-3.121729	-1.581170	-0.265402	0.044081	0.262953	0.766898	0.014605726022273302	3.9506172839506166e-05	0.26295238733291626
510480	-3.122730	-1.581411	-0.265978	0.044037	0.262918	0.766456	0.01462380331940949	3.9506172839506166e-05	0.26291710138320923
510600	-3.122056	-1.581070	-0.264885	0.044066	0.263032	0.767294	0.014592604339122772	3.9506172839506166e-05	0.26303237676620483
510720	-3.121663	-1.580475	-0.263654	0.044084	0.263226	0.768239	0.01454374031163752	1.7558299039780518e-05	0.2632245123386383
510840	-3.121600	-1.580329	-0.263346	0.044087	0.263242	0.768476	0.0145263880956918	1.7558299039780518e-05	0.26324284076690674
510960	-3.121090	-1.579879	-0.262239	0.044109	0.263367	0.769327	0.014499413315206766	3.9506172839506166e-05	0.2633611559867859
511080	-3.120414	-1.579590	-0.262774	0.044139	0.263437	0.768915	0.014459187304601074	3.9506172839506166e-05	0.2634372413158417
511200	-3.120734	-1.579764	-0.262092	0.044125	0.263434	0.769440	0.014471204159781337	3.9506172839506166e-05	0.2634359896183014
511320	-3.120564	-1.579599	-0.262050	0.044132	0.263464	0.769473	0.014465412590652704	1.7558299039780518e-05	0.263462096452713
511440	-3.119648	-1.579024	-0.260378	0.044173	0.263657	0.770760	0.014418818335980178	1.7558299039780518e-05	0.2636542022228241
511560	-3.119376	-1.578629	-0.260450	0.044185	0.263749	0.770705	0.014377052383497357	1.1705532693187011e-05	0.2637476623058319
511680	-3.119288	-1.578441	-0.260029	0.044189	0.263798	0.771029	0.014362138323485851	7.803688462124674e-06	0.26379621028900146
511800	-3.119336	-1.578281	-0.259852	0.044186	0.263851	0.771166	0.014340236131101847	3.9506172839506166e-05	0.26385006308555603
511920	-3.119523	-1.578135	-0.258652	0.044178	0.263957	0.772091	0.014333048881962896	3.9506172839506166e-05	0.26395493745803833
512040	-3.118947	-1.577751	-0.258116	0.044204	0.264077	0.772506	0.014302562037482858	2.6337448559670777e-05	0.2640722990036011
512160	-3.118042	-1.577320	-0.257117	0.044244	0.264213	0.773278	0.01425796109251678	3.9506172839506166e-05	0.2642109990119934
512280	-3.118194	-1.576861	-0.257130	0.044237	0.264373	0.773268	0.014213817380368709	3.9506172839506166e-05	0.26437297463417053
512400	-3.118867	-1.577055	-0.257733	0.044207	0.264375	0.772802	0.014227770455181598	3.9506172839506166e-05	0.2643745243549347
512520	-3.119161	-1.577281	-0.258596	0.044194	0.264329	0.772135	0.014251801837235688	3.9506172839506166e-05	0.2643287479877472
512640	-3.120950	-1.577365	-0.258578	0.044115	0.264339	0.772149	0.01425663148984313	3.9506172839506166e-05	0.2643382251262665
512760	-3.121203	-1.577730	-0.258823	0.044104	0.264247	0.771960	0.014282485796138644	3.9506172839506166e-05	0.2642488181591034
512880	-3.121678	-1.577813	-0.257895	0.044083	0.264292	0.772676	0.014297982864081859	2.6337448559670777e-05	0.26429155468940735
513000	-3.122471	-1.577930	-0.257534	0.044048	0.264297	0.772955	0.014307405520230531	2.6337448559670777e-05	0.2642969489097595
513120	-3.122407	-1.577262	-0.256305	0.044051	0.264504	0.773906	0.014255358232185244	3.9506172839506166e-05	0.26450103521347046
513240	-3.122004	-1.577055	-0.256331	0.044069	0.264582	0.773886	0.01422733161598444	5.925925925925925e-05	0.26458197832107544
513360	-3.121619	-1.576743	-0.255629	0.044086	0.264709	0.774429	0.01420430694706738	3.9506172839506166e-05	0.26470834016799927
513480	-3.121712	-1.576384	-0.257321	0.044082	0.264762	0.773120	0.014187837205827235	3.9506172839506166e-05	0.2647562026977539
513600	-3.121289	-1.575807	-0.256933	0.044100	0.264906	0.773420	0.014121076604351402	3.9506172839506166e-05	0.26490506529808044
513720	-3.120470	-1.575237	-0.257040	0.044136	0.265046	0.773337	0.014075767947360873	1.7558299039780518e-05	0.26504355669021606
513840	-3.120474	-1.574899	-0.256977	0.044136	0.265146	0.773386	0.014042656822130083	1.7558299039780518e-05	0.26514390110969543
513960	-3.120160	-1.574752	-0.257296	0.044150	0.265170	0.773139	0.014025946473702788	2.6337448559670777e-05	0.2651683986186981
514080	-3.120175	-1.574451	-0.258067	0.044149	0.265200	0.772543	0.014002619264647364	3.9506172839506166e-05	0.26519787311553955
514200	-3.119914	-1.574449	-0.257931	0.044161	0.265212	0.772648	0.013996746111661195	3.9506172839506166e-05	0.2652108371257782
514320	-3.119732	-1.574401	-0.257949	0.044169	0.265220	0.772635	0.013990749465301633	1.7558299039780518e-05	0.2652209401130676
514440	-3.120155	-1.574538	-0.258827	0.044150	0.265163	0.771957	0.014002517191693186	2.6337448559670777e-05	0.2651640474796295
514560	-3.120282	-1.574722	-0.258188	0.044145	0.265154	0.772450	0.014013786474242807	2.6337448559670777e-05	0.26515546441078186
514680	-3.119901	-1.574648	-0.257785	0.044162	0.265251	0.772761	0.014018712472170592	1.7558299039780518e-05	0.2652493715286255
514800	-3.118822	-1.574065	-0.257186	0.044209	0.265397	0.773224	0.013964068051427603	3.9506172839506166e-05	0.2653965651988983
514920	-3.118898	-1.574038	-0.256361	0.044206	0.265464	0.773863	0.013954320084303617	3.9506172839506166e-05	0.265465646982193
515040	-3.118916	-1.573899	-0.255483	0.044205	0.265547	0.774542	0.013949204981327058	2.6337448559670777e-05	0.2655460834503174
515160	-3.118474	-1.573313	-0.254266	0.044225	0.265735	0.775485	0.013899158034473658	3.9506172839506166e-05	0.2657338082790375
515280	-3.118991	-1.573156	-0.253571	0.044202	0.265863	0.776024	0.013888279953971506	1.7558299039780518e-05	0.26586097478866577
515400	-3.119288	-1.572912	-0.253326	0.044189	0.265967	0.776215	0.01386097795329988	3.9506172839506166e-05	0.2659652531147003
515520	-3.118220	-1.572766	-0.253086	0.044236	0.266051	0.776401	0.013842414366081357	2.6337448559670777e-05	0.2660507559776306
515640	-3.117904	-1.572627	-0.252364	0.044250	0.266098	0.776962	0.0138336680829525	2.6337448559670777e-05	0.26609793305397034
515760	-3.118047	-1.572409	-0.251718	0.044243	0.266199	0.777464	0.013820266583934426	7.803688462124674e-06	0.26619791984558105
515880	-3.118196	-1.572075	-0.250960	0.044237	0.266317	0.778054	0.013784953625872731	3.9506172839506166e-05	0.26631680130958557
516000	-3.118018	-1.571638	-0.250654	0.044245	0.266439	0.778292	0.013750832993537188	3.9506172839506166e-05	0.2664356529712677
516120	-3.118478	-1.571614	-0.251636	0.044224	0.266470	0.777528	0.013738920586183668	3.9506172839506166e-05	0.266469806432724
516240	-3.117944	-1.571158	-0.251370	0.044248	0.266638	0.777735	0.013707575248554349	1.1705532693187011e-05	0.2666364908218384
516360	-3.118036	-1.570948	-0.250935	0.044244	0.266718	0.778073	0.01368019711226225	2.6337448559670777e-05	0.2667175233364105
516480	-3.118686	-1.570762	-0.248906	0.044215	0.266866	0.779653	0.013661868683993817	5.925925925925925e-05	0.2668653726577759
516600	-3.118310	-1.570911	-0.249755	0.044232	0.266800	0.778992	0.01367676043882966	2.6337448559670777e-05	0.2668004333972931
516720	-3.118424	-1.571145	-0.250133	0.044227	0.266745	0.778697	0.013701003883033991	2.6337448559670777e-05	0.2667446732521057
516840	-3.118970	-1.571042	-0.250377	0.044203	0.266789	0.778508	0.01368758138269186	3.9506172839506166e-05	0.26678964495658875
516960	-3.119115	-1.570972	-0.250058	0.044196	0.266889	0.778756	0.013683891901746393	3.9506172839506166e-05	0.26688912510871887
517080	-3.118444	-1.570359	-0.249918	0.044226	0.267105	0.778865	0.013636609632521867	3.9506172839506166e-05	0.26710376143455505
517200	-3.118909	-1.570359	-0.250327	0.044205	0.267128	0.778546	0.013636919436976314	1.7558299039780518e-05	0.26712527871131897
517320	-3.119498	-1.569996	-0.249959	0.044179	0.267232	0.778833	0.013595339050516487	2.6337448559670777e-05	0.2672322392463684
517440	-3.119858	-1.569806	-0.250007	0.044163	0.267282	0.778795	0.013577623525634408	2.6337448559670777e-05	0.2672828137874603
517560	-3.120873	-1.569671	-0.250058	0.044119	0.267330	0.778756	0.013569866120815278	2.6337448559670777e-05	0.26732951402664185
517680	-3.121246	-1.569628	-0.249784	0.044102	0.267346	0.778969	0.013561063027009369	2.6337448559670777e-05	0.26734644174575806
517800	-3.122091	-1.569370	-0.249673	0.044065	0.267430	0.779055	0.013539825985208153	2.6337448559670777e-05	0.26742878556251526
517920	-3.121724	-1.568804	-0.249299	0.044081	0.267613	0.779347	0.013499643420800567	2.6337448559670777e-05	0.2676088809967041
518040	-3.121825	-1.568585	-0.249535	0.044077	0.267679	0.779163	0.013470663223415613	2.6337448559670777e-05	0.26767846941947937
518160	-3.122583	-1.568306	-0.248205	0.044043	0.267824	0.780200	0.013446298893541098	1.7558299039780518e-05	0.2678227126598358
518280	-3.122550	-1.567670	-0.247948	0.044045	0.267982	0.780401	0.013399124797433614	2.6337448559670777e-05	0.2679779529571533
518400	-3.123280	-1.567569	-0.247138	0.044013	0.268101	0.781033	0.013376559410244227	3.9506172839506166e-05	0.26809990406036377
518520	-3.123062	-1.566875	-0.245644	0.044022	0.268372	0.782201	0.013316616602241992	2.6337448559670777e-05	0.26837021112442017
518640	-3.123662	-1.566437	-0.245526	0.043996	0.268529	0.782293	0.013277696259319783	2.6337448559670777e-05	0.26852837204933167
518760	-3.124140	-1.566440	-0.246077	0.043975	0.268556	0.781862	0.013272078800946474	5.925925925925925e-05	0.2685564458370209
518880	-3.124113	-1.566034	-0.245147	0.043976	0.268698	0.782589	0.01323909405618906	2.6337448559670777e-05	0.2686975300312042
519000	-3.125879	-1.566064	-0.244994	0.043898	0.268772	0.782709	0.013244474492967128	3.9506172839506166e-05	0.26876986026763916
519120	-3.127060	-1.565796	-0.245520	0.043847	0.268863	0.782297	0.01321904412470758	3.9506172839506166e-05	0.26886269450187683
519240	-3.127241	-1.564929	-0.243774	0.043839	0.269139	0.783665	0.013150978647172452	3.9506172839506166e-05	0.26913437247276306
519360	-3.127177	-1.564542	-0.241820	0.043841	0.269245	0.785197	0.013109080493450165	2.6337448559670777e-05	0.2692428529262543
519480	-3.127374	-1.564551	-0.242332	0.043833	0.269245	0.784796	0.013105430640280247	1.7558299039780518e-05	0.2692439556121826
519600	-3.128159	-1.564304	-0.242016	0.043798	0.269325	0.785044	0.01308267586864531	2.6337448559670777e-05	0.26932492852211
519720	-3.128853	-1.564415	-0.241110	0.043768	0.269363	0.785755	0.013092557480558754	2.6337448559670777e-05	0.2693631649017334
519840	-3.129032	-1.563868	-0.240174	0.043760	0.269549	0.786491	0.0130452498793602	2.6337448559670777e-05	0.2695487439632416
519960	-3.129328	-1.563749	-0.239137	0.043747	0.269623	0.787307	0.01303126672282815	3.9506172839506166e-05	0.269622802734375
520080	-3.129382	-1.563463	-0.238387	0.043745	0.269741	0.787897	0.01301108323968947	7.803688462124674e-06	0.2697397470474243
520200	-3.129593	-1.563099	-0.238132	0.043736	0.269864	0.788099	0.012977412436157465	1.7558299039780518e-05	0.2698635458946228
520320	-3.129999	-1.562588	-0.236812	0.043718	0.270034	0.789140	0.01294028414413333	2.6337448559670777e-05	0.27003034949302673
520440	-3.129733	-1.562085	-0.235967	0.043729	0.270217	0.789806	0.012894327519461513	2.6337448559670777e-05	0.2702140510082245
520560	-3.129494	-1.562127	-0.235172	0.043740	0.270236	0.790435	0.01289107552729547	2.6337448559670777e-05	0.27023398876190186
520680	-3.129501	-1.561863	-0.234264	0.043740	0.270371	0.791153	0.012869324954226612	2.6337448559670777e-05	0.27036887407302856
520800	-3.128756	-1.561541	-0.233630	0.043772	0.270453	0.791654	0.012841280037537216	1.7558299039780518e-05	0.270451158285141
520920	-3.128739	-1.561163	-0.232837	0.043773	0.270552	0.792283	0.01280711437575519	1.7558299039780518e-05	0.27054885029792786
521040	-3.128387	-1.560814	-0.232433	0.043788	0.270655	0.792603	0.01276869596913457	3.9506172839506166e-05	0.27065372467041016
521160	-3.128244	-1.560399	-0.232044	0.043795	0.270780	0.792911	0.012734704930335284	2.6337448559670777e-05	0.27077925205230713
521280	-3.126539	-1.559496	-0.230947	0.043869	0.271051	0.793782	0.012657404690980912	1.7558299039780518e-05	0.2710492014884949
521400	-3.125946	-1.559105	-0.230690	0.043895	0.271156	0.793985	0.01261454219929874	2.6337448559670777e-05	0.2711566984653473
521520	-3.126765	-1.559004	-0.230017	0.043859	0.271226	0.794520	0.012615366140380502	2.6337448559670777e-05	0.2712230980396271
521640	-3.126479	-1.558576	-0.229417	0.043872	0.271362	0.794997	0.012571141123771667	3.9506172839506166e-05	0.2713608145713806
521760	-3.126327	-1.557949	-0.228924	0.043879	0.271542	0.795389	0.01251668855547905	3.9506172839506166e-05	0.27154073119163513
521880	-3.125413	-1.557586	-0.227966	0.043919	0.271682	0.796151	0.012487901328131556	2.6337448559670777e-05	0.2716786563396454
522000	-3.125086	-1.557226	-0.227861	0.043933	0.271775	0.796235	0.012455738568678498	1.7558299039780518e-05	0.2717716693878174
522120	-3.124424	-1.556616	-0.226486	0.043962	0.271990	0.797330	0.012408584542572498	3.9506172839506166e-05	0.27198320627212524
522240	-3.123580	-1.556301	-0.226308	0.043999	0.272089	0.797472	0.012369848461821676	1.7558299039780518e-05	0.27208682894706726
522360	-3.122697	-1.555993	-0.226826	0.044038	0.272177	0.797060	0.012334783421829342	3.9506172839506166e-05	0.2721785604953766
522480	-3.123016	-1.555637	-0.226527	0.044024	0.272302	0.797298	0.012300252355635167	3.9506172839506166e-05	0.2723039388656616
522600	-3.123606	-1.555128	-0.227338	0.043998	0.272468	0.796651	0.012262259097769856	1.7558299039780518e-05	0.27246567606925964
522720	-3.123575	-1.554865	-0.227551	0.044000	0.272542	0.796482	0.012237479304894805	1.7558299039780518e-05	0.2725391387939453
522840	-3.123361	-1.554421	-0.226892	0.044009	0.272683	0.797007	0.012193330563604832	1.7558299039780518e-05	0.2726835608482361
522960	-3.123548	-1.554298	-0.226764	0.044001	0.272731	0.797109	0.012177228508517147	3.9506172839506166e-05	0.2727317810058594
523080	-3.123535	-1.553882	-0.226190	0.044001	0.272889	0.797566	0.012149123055860401	3.9506172839506166e-05	0.2728884220123291
523200	-3.124524	-1.553799	-0.225846	0.043958	0.273003	0.797841	0.012137861829251051	3.9506172839506166e-05	0.2730013430118561
523320	-3.124700	-1.553476	-0.225376	0.043950	0.273130	0.798216	0.012112750206142664	1.1705532693187011e-05	0.2731283903121948
523440	-3.123531	-1.552855	-0.224372	0.044002	0.273342	0.799018	0.012052676780149341	3.9506172839506166e-05	0.2733421325683594
523560	-3.123622	-1.552962	-0.224971	0.043998	0.273354	0.798540	0.012060462264344096	3.9506172839506166e-05	0.27335426211357117
523680	-3.124861	-1.552703	-0.224183	0.043943	0.273489	0.799169	0.012034338247030974	3.9506172839506166e-05	0.2734896242618561
523800	-3.124506	-1.552626	-0.225172	0.043959	0.273453	0.798379	0.012035542773082853	1.1705532693187011e-05	0.2734522223472595
523920	-3.124426	-1.552584	-0.224646	0.043962	0.273493	0.798799	0.012030545063316822	5.925925925925925e-05	0.2734909653663635
524040	-3.124975	-1.552471	-0.224034	0.043938	0.273543	0.799288	0.012023196974769234	1.7558299039780518e-05	0.27354153990745544
524160	-3.125117	-1.552559	-0.223871	0.043932	0.273571	0.799418	0.01202842234633863	1.7558299039780518e-05	0.27357035875320435
524280	-3.125234	-1.552191	-0.223987	0.043927	0.273690	0.799326	0.011992315156385302	2.6337448559670777e-05	0.2736908495426178
524400	-3.124961	-1.552224	-0.224090	0.043939	0.273725	0.799243	0.01199436285533011	3.9506172839506166e-05	0.2737249732017517
524520	-3.126106	-1.552055	-0.223801	0.043888	0.273823	0.799474	0.01197780091315508	3.9506172839506166e-05	0.2738242745399475
524640	-3.127169	-1.552001	-0.222956	0.043842	0.273877	0.800150	0.011979336990043521	2.6337448559670777e-05	0.2738754451274872
524760	-3.127620	-1.551924	-0.222356	0.043822	0.273958	0.800630	0.011977751553058625	3.9506172839506166e-05	0.27395445108413696
524880	-3.128479	-1.551271	-0.221261	0.043784	0.274184	0.801507	0.011916628945618868	1.7558299039780518e-05	0.2741810381412506
525000	-3.128685	-1.550762	-0.220969	0.043775	0.274336	0.801741	0.011866479087620974	2.6337448559670777e-05	0.2743360996246338
525120	-3.129244	-1.550883	-0.221880	0.043751	0.274293	0.801012	0.01187368668615818	2.6337448559670777e-05	0.274292916059494
525240	-3.130346	-1.550911	-0.222227	0.043703	0.274350	0.800733	0.011880821222439409	3.9506172839506166e-05	0.274348646402359
525360	-3.131557	-1.551054	-0.221827	0.043650	0.274422	0.801054	0.011899324925616383	1.7558299039780518e-05	0.2744182050228119
525480	-3.132540	-1.550964	-0.221288	0.043607	0.274527	0.801485	0.011881797155365349	2.6337448559670777e-05	0.2745261788368225
525600	-3.133794	-1.550971	-0.220528	0.043552	0.274580	0.802095	0.01188248503021896	3.9506172839506166e-05	0.27458059787750244
525720	-3.133893	-1.550951	-0.220508	0.043548	0.274634	0.802111	0.011875606374815106	3.9506172839506166e-05	0.2746358811855316
525840	-3.132627	-1.550784	-0.220623	0.043603	0.274680	0.802019	0.011861606128513813	3.9506172839506166e-05	0.2746817171573639
525960	-3.132257	-1.550593	-0.219574	0.043619	0.274728	0.802861	0.011849648738279938	3.9506172839506166e-05	0.2747282385826111
526080	-3.133232	-1.551310	-0.219150	0.043577	0.274571	0.803201	0.011907712649554014	3.9506172839506166e-05	0.27457061409950256
526200	-3.135430	-1.551428	-0.218252	0.043481	0.274631	0.803923	0.011932808486744762	3.9506172839506166e-05	0.2746274471282959
526320	-3.136883	-1.551485	-0.219192	0.043418	0.274636	0.803168	0.01193491816520691	5.925925925925925e-05	0.27463334798812866
526440	-3.137728	-1.551253	-0.218149	0.043381	0.274772	0.804006	0.011908248718827962	1.7558299039780518e-05	0.2747720181941986
526560	-3.139369	-1.550834	-0.218088	0.043310	0.274936	0.804055	0.011871512467041611	3.9506172839506166e-05	0.27493712306022644
526680	-3.139822	-1.551350	-0.220468	0.043290	0.274771	0.802143	0.011912278179079295	3.9506172839506166e-05	0.27477318048477173
526800	-3.140493	-1.551291	-0.221375	0.043261	0.274794	0.801416	0.011910147406160832	2.6337448559670777e-05	0.27479463815689087
526920	-3.140202	-1.551131	-0.220880	0.043274	0.274865	0.801813	0.011897875182330608	1.7558299039780518e-05	0.274865061044693
527040	-3.139478	-1.550756	-0.221389	0.043305	0.274960	0.801405	0.011864514276385307	3.9506172839506166e-05	0.27496102452278137
527160	-3.139995	-1.550795	-0.222570	0.043283	0.274989	0.800459	0.011872426420450211	3.9506172839506166e-05	0.2749866247177124
527280	-3.142415	-1.550599	-0.221778	0.043178	0.275151	0.801093	0.011855286546051502	1.7558299039780518e-05	0.2751491963863373
527400	-3.143088	-1.550456	-0.221408	0.043149	0.275241	0.801389	0.011839720094576478	2.6337448559670777e-05	0.2752400040626526
527520	-3.142567	-1.550563	-0.221585	0.043172	0.275234	0.801248	0.011844793800264597	3.9506172839506166e-05	0.2752350866794586
527640	-3.143810	-1.550639	-0.222603	0.043118	0.275211	0.800433	0.0118626625277102	2.6337448559670777e-05	0.27520880103111267
527760	-3.144718	-1.550513	-0.222702	0.043079	0.275279	0.800354	0.011838349094614387	3.9506172839506166e-05	0.2752794623374939
527880	-3.145759	-1.550299	-0.222206	0.043034	0.275396	0.800750	0.011821601307019591	3.9506172839506166e-05	0.27539655566215515
528000	-3.146839	-1.550077	-0.221017	0.042988	0.275502	0.801703	0.011806613951921462	2.6337448559670777e-05	0.27550098299980164
528120	-3.146705	-1.549894	-0.220402	0.042994	0.275568	0.802196	0.01178741161711514	2.6337448559670777e-05	0.27556657791137695
528240	-3.146823	-1.549578	-0.219803	0.042988	0.275745	0.802677	0.01176091842353344	2.6337448559670777e-05	0.2757434844970703
528360	-3.146485	-1.548837	-0.220124	0.043003	0.275944	0.802419	0.01169725344516337	1.7558299039780518e-05	0.2759416401386261
528480	-3.146084	-1.548043	-0.219993	0.043020	0.276168	0.802525	0.011626962758600711	1.1705532693187011e-05	0.2761664092540741
528600	-3.147197	-1.548258	-0.219871	0.042972	0.276129	0.802622	0.011638914188370108	2.6337448559670777e-05	0.2761281430721283
528720	-3.147517	-1.548408	-0.218316	0.042959	0.276148	0.803871	0.011650619888678193	3.9506172839506166e-05	0.27614742517471313
528840	-3.147132	-1.548443	-0.219102	0.042975	0.276132	0.803240	0.011657912284135818	5.925925925925925e-05	0.27613088488578796
528960	-3.146766	-1.548449	-0.218488	0.042991	0.276138	0.803733	0.011653782660141587	2.6337448559670777e-05	0.2761386036872864
529080	-3.145941	-1.548213	-0.218723	0.043026	0.276183	0.803544	0.011630126042291522	3.9506172839506166e-05	0.276185005903244
529200	-3.145812	-1.547590	-0.217746	0.043032	0.276400	0.804330	0.011582714691758155	3.9506172839506166e-05	0.2763986885547638
529320	-3.146265	-1.547822	-0.218292	0.043012	0.276449	0.803890	0.011603402346372605	2.6337448559670777e-05	0.2764475643634796
529440	-3.145973	-1.547563	-0.217701	0.043025	0.276567	0.804366	0.011572575755417347	3.9506172839506166e-05	0.2765679657459259
529560	-3.146019	-1.547076	-0.217541	0.043023	0.276721	0.804495	0.011535873170942068	2.6337448559670777e-05	0.27672043442726135
529680	-3.145556	-1.546776	-0.217480	0.043043	0.276807	0.804544	0.011506211012601852	3.9506172839506166e-05	0.27680695056915283
529800	-3.146235	-1.547021	-0.218361	0.043014	0.276735	0.803835	0.011533960746601225	1.1705532693187011e-05	0.27673256397247314
529920	-3.145691	-1.546523	-0.218214	0.043037	0.276863	0.803953	0.011487509217113256	2.6337448559670777e-05	0.2768610119819641
530040	-3.144923	-1.546376	-0.217391	0.043070	0.276948	0.804615	0.011468262225389481	1.7558299039780518e-05	0.27694812417030334
530160	-3.145891	-1.546678	-0.217684	0.043029	0.276891	0.804380	0.011497756280004979	3.9506172839506166e-05	0.2768905758857727
530280	-3.145730	-1.546362	-0.217633	0.043035	0.276976	0.804420	0.011467348551377654	2.6337448559670777e-05	0.27697595953941345
530400	-3.144761	-1.546380	-0.215541	0.043077	0.277067	0.806105	0.011475976323708892	2.6337448559670777e-05	0.277064710855484
530520	-3.145280	-1.546262	-0.215047	0.043055	0.277139	0.806504	0.011458085570484399	3.9506172839506166e-05	0.27713996171951294
530640	-3.145722	-1.546447	-0.215309	0.043036	0.277095	0.806293	0.011480357963591814	3.9506172839506166e-05	0.27709466218948364
530760	-3.144992	-1.546118	-0.214436	0.043067	0.277214	0.806996	0.011453214380890132	2.6337448559670777e-05	0.27721190452575684
530880	-3.143994	-1.545511	-0.213537	0.043110	0.277409	0.807723	0.011400628369301558	2.6337448559670777e-05	0.2774059772491455
531000	-3.144137	-1.544936	-0.213322	0.043104	0.277560	0.807896	0.011344627570360899	3.9506172839506166e-05	0.27755987644195557
531120	-3.144328	-1.544818	-0.213138	0.043096	0.277556	0.808044	0.011325957532972098	3.9506172839506166e-05	0.2775575816631317
531240	-3.144112	-1.544696	-0.212518	0.043105	0.277590	0.808546	0.011319634644314647	3.9506172839506166e-05	0.27758944034576416
531360	-3.145010	-1.544632	-0.211797	0.043067	0.277677	0.809129	0.011319349426776171	3.9506172839506166e-05	0.27767524123191833
531480	-3.143297	-1.544422	-0.211214	0.043140	0.277769	0.809600	0.011299530183896423	5.925925925925925e-05	0.2777652144432068
531600	-3.143917	-1.544513	-0.211833	0.043114	0.277747	0.809100	0.011296961130574346	3.9506172839506166e-05	0.27774855494499207
531720	-3.144002	-1.544393	-0.211832	0.043110	0.277762	0.809101	0.011295276926830411	2.6337448559670777e-05	0.2777614891529083
531840	-3.142165	-1.543999	-0.211990	0.043189	0.277882	0.808972	0.011254230979830027	3.9506172839506166e-05	0.277881383895874
531960	-3.141702	-1.543820	-0.210163	0.043209	0.278007	0.810452	0.011244518077000975	2.6337448559670777e-05	0.2780040204524994
532080	-3.141471	-1.543531	-0.209515	0.043219	0.278109	0.810977	0.011212168680503964	3.9506172839506166e-05	0.27810993790626526
532200	-3.140830	-1.543448	-0.208461	0.043247	0.278167	0.811832	0.011207971721887589	1.7558299039780518e-05	0.27816662192344666
532320	-3.141132	-1.543522	-0.207639	0.043234	0.278208	0.812500	0.011220508953556418	3.9506172839506166e-05	0.27820488810539246
532440	-3.139988	-1.543266	-0.207155	0.043283	0.278301	0.812893	0.011192949675023555	3.9506172839506166e-05	0.27829983830451965
532560	-3.138078	-1.542688	-0.206939	0.043366	0.278429	0.813069	0.011135426769033074	3.9506172839506166e-05	0.2784312069416046
532680	-3.137727	-1.542513	-0.206840	0.043381	0.278475	0.813150	0.011127375811338425	1.7558299039780518e-05	0.2784730792045593
532800	-3.137774	-1.542235	-0.206834	0.043379	0.278573	0.813155	0.011099711246788501	2.6337448559670777e-05	0.2785729467868805
532920	-3.137200	-1.541907	-0.205988	0.043404	0.278669	0.813843	0.01106610163114965	2.6337448559670777e-05	0.2786693572998047
533040	-3.136518	-1.541886	-0.205906	0.043434	0.278687	0.813909	0.011064941203221679	2.6337448559670777e-05	0.2786869406700134
533160	-3.135551	-1.542065	-0.206261	0.043476	0.278610	0.813621	0.011081887548789382	3.9506172839506166e-05	0.2786107659339905
533280	-3.136029	-1.542337	-0.207203	0.043455	0.278516	0.812855	0.01109907696954906	3.9506172839506166e-05	0.27851784229278564
533400	-3.136425	-1.542145	-0.206386	0.043438	0.278583	0.813519	0.01108740856871009	2.6337448559670777e-05	0.2785823941230774
533520	-3.136425	-1.541758	-0.204138	0.043438	0.278799	0.815350	0.011056768242269754	5.202458974749783e-06	0.27879786491394043
533640	-3.135814	-1.541455	-0.204091	0.043464	0.278875	0.815388	0.011030777543783187	1.7558299039780518e-05	0.2788736820220947
533760	-3.135358	-1.541047	-0.204092	0.043484	0.279024	0.815387	0.010992063814774156	1.7558299039780518e-05	0.2790234088897705
533880	-3.134237	-1.540567	-0.203989	0.043533	0.279151	0.815471	0.010948995547369122	1.7558299039780518e-05	0.2791495621204376
534000	-3.134623	-1.540479	-0.203836	0.043516	0.279196	0.815596	0.010943642724305392	2.6337448559670777e-05	0.2791939079761505
534120	-3.135043	-1.540230	-0.202938	0.043498	0.279311	0.816329	0.010912190284579992	2.6337448559670777e-05	0.2793116271495819
534240	-3.135775	-1.540205	-0.203166	0.043466	0.279346	0.816142	0.01091653979383409	3.9506172839506166e-05	0.27934393286705017
534360	-3.136196	-1.540120	-0.201942	0.043448	0.279409	0.817143	0.01090790810994804	3.9506172839506166e-05	0.27940890192985535
534480	-3.135807	-1.539672	-0.201218	0.043465	0.279504	0.817734	0.010872286604717374	1.7558299039780518e-05	0.2795025110244751
534600	-3.134946	-1.539357	-0.201366	0.043502	0.279615	0.817613	0.010844606766477227	3.9506172839506166e-05	0.2796131372451782
534720	-3.133771	-1.539086	-0.202269	0.043553	0.279662	0.816875	0.01081223743967712	2.6337448559670777e-05	0.27966246008872986
534840	-3.132171	-1.538789	-0.202396	0.043623	0.279716	0.816771	0.010785784153267742	2.6337448559670777e-05	0.27971646189689636
534960	-3.132146	-1.538147	-0.201204	0.043624	0.279919	0.817746	0.010741628892719745	2.6337448559670777e-05	0.27991610765457153
535080	-3.131139	-1.537228	-0.200364	0.043668	0.280164	0.818433	0.010655094776302576	2.6337448559670777e-05	0.28016215562820435
535200	-3.130223	-1.537169	-0.199439	0.043708	0.280205	0.819190	0.01064340528100729	2.6337448559670777e-05	0.2802025079727173
535320	-3.130104	-1.536854	-0.198362	0.043713	0.280313	0.820073	0.01061415895819664	1.7558299039780518e-05	0.28031250834465027
535440	-3.130603	-1.536284	-0.197644	0.043691	0.280515	0.820662	0.010562665946781635	3.9506172839506166e-05	0.2805149257183075
535560	-3.131003	-1.535976	-0.197641	0.043674	0.280611	0.820664	0.010539072938263417	1.7558299039780518e-05	0.2806096076965332
535680	-3.131311	-1.535569	-0.198061	0.043661	0.280702	0.820320	0.010499303275719286	1.7558299039780518e-05	0.28070059418678284
535800	-3.130504	-1.535022	-0.197165	0.043696	0.280868	0.821055	0.010458933096379042	3.9506172839506166e-05	0.2808641791343689
535920	-3.130308	-1.534863	-0.194922	0.043704	0.281011	0.822899	0.010435255616903305	1.7558299039780518e-05	0.281010240316391
536040	-3.130622	-1.534803	-0.194875	0.043691	0.281094	0.822938	0.010429421998560428	1.7558299039780518e-05	0.28109389543533325
536160	-3.130829	-1.534858	-0.193474	0.043682	0.281152	0.824092	0.01043464569374919	2.6337448559670777e-05	0.28115007281303406
536280	-3.131352	-1.534456	-0.193850	0.043659	0.281234	0.823782	0.010398360388353466	3.9506172839506166e-05	0.28123345971107483
536400	-3.130753	-1.534090	-0.194021	0.043685	0.281319	0.823641	0.01036789515055716	2.6337448559670777e-05	0.2813180983066559
536520	-3.130553	-1.533460	-0.193396	0.043694	0.281519	0.824155	0.010308795608580112	2.6337448559670777e-05	0.2815196216106415
536640	-3.131180	-1.533660	-0.194199	0.043666	0.281524	0.823494	0.0103218590375036	3.9506172839506166e-05	0.28152570128440857
536760	-3.133268	-1.533846	-0.193496	0.043575	0.281558	0.824073	0.010343607794493438	3.9506172839506166e-05	0.2815568149089813
536880	-3.133947	-1.533677	-0.193003	0.043546	0.281640	0.824479	0.010325878579169511	3.9506172839506166e-05	0.28163954615592957
537000	-3.133309	-1.533151	-0.192307	0.043573	0.281790	0.825054	0.010282482393085957	2.6337448559670777e-05	0.28178882598876953
537120	-3.133590	-1.532919	-0.193035	0.043561	0.281836	0.824453	0.010257947957143188	2.6337448559670777e-05	0.2818358540534973
537240	-3.133454	-1.532630	-0.193046	0.043567	0.281939	0.824444	0.010235352395102381	3.9506172839506166e-05	0.28193750977516174
537360	-3.133605	-1.532325	-0.191749	0.043560	0.282077	0.825514	0.010209023859351874	2.6337448559670777e-05	0.2820765972137451
537480	-3.133473	-1.532404	-0.190391	0.043566	0.282059	0.826636	0.010210126591846346	2.6337448559670777e-05	0.282060831785202
537600	-3.133027	-1.532561	-0.190748	0.043586	0.282000	0.826341	0.010224044742062687	2.6337448559670777e-05	0.2820013165473938
537720	-3.132297	-1.531864	-0.188832	0.043618	0.282229	0.827926	0.01017209915444255	3.9506172839506166e-05	0.2822265028953552
537840	-3.132886	-1.531882	-0.189434	0.043592	0.282210	0.827428	0.01017229245044291	2.6337448559670777e-05	0.2822064757347107
537960	-3.132537	-1.531764	-0.188327	0.043607	0.282294	0.828344	0.01015814789570868	2.6337448559670777e-05	0.2822920083999634
538080	-3.131680	-1.531449	-0.187960	0.043644	0.282390	0.828648	0.010122955590486527	3.9506172839506166e-05	0.2823917269706726
538200	-3.133476	-1.531725	-0.186422	0.043566	0.282411	0.829923	0.010150657407939434	2.6337448559670777e-05	0.2824096083641052
538320	-3.134151	-1.531615	-0.186216	0.043537	0.282441	0.830094	0.010142621956765652	2.6337448559670777e-05	0.28244104981422424
538440	-3.134032	-1.531610	-0.184976	0.043542	0.282521	0.831124	0.010136742191389204	3.9506172839506166e-05	0.28252124786376953
538560	-3.135037	-1.531125	-0.183610	0.043498	0.282713	0.832261	0.01010375414043665	3.9506172839506166e-05	0.28271037340164185
538680	-3.135532	-1.531024	-0.184256	0.043477	0.282757	0.831723	0.01008450761437416	5.925925925925925e-05	0.28275778889656067
538800	-3.135734	-1.531114	-0.183589	0.043468	0.282791	0.832278	0.01009477600455284	1.7558299039780518e-05	0.2827913463115692
538920	-3.136472	-1.531108	-0.183530	0.043436	0.282834	0.832327	0.010095599573105574	3.9506172839506166e-05	0.2828327715396881
539040	-3.136291	-1.530445	-0.182636	0.043444	0.283061	0.833071	0.010044214921072126	3.9506172839506166e-05	0.2830575108528137
539160	-3.135347	-1.529741	-0.178835	0.043485	0.283370	0.836244	0.009977015992626547	3.9506172839506166e-05	0.2833690345287323
539280	-3.135661	-1.529593	-0.176890	0.043471	0.283494	0.837872	0.00996690196916461	2.6337448559670777e-05	0.2834891676902771
539400	-3.134869	-1.528801	-0.175696	0.043505	0.283754	0.838873	0.009892065916210413	3.9506172839506166e-05	0.2837527394294739
539520	-3.133366	-1.528596	-0.175009	0.043571	0.283809	0.839449	0.009873258369043469	3.9506172839506166e-05	0.2838079631328583
539640	-3.132704	-1.528343	-0.173691	0.043600	0.283922	0.840556	0.009850484691560269	2.6337448559670777e-05	0.2839212119579315
539760	-3.132375	-1.527817	-0.172620	0.043614	0.284075	0.841458	0.009799054730683565	2.6337448559670777e-05	0.28407466411590576
539880	-3.132807	-1.527730	-0.172558	0.043595	0.284109	0.841509	0.009791980078443886	2.6337448559670777e-05	0.28410789370536804
540000	-3.131844	-1.527382	-0.171958	0.043637	0.284223	0.842014	0.009771163202822208	1.7558299039780518e-05	0.284220427274704
540120	-3.131892	-1.527496	-0.173077	0.043635	0.284169	0.841073	0.009762708283960819	3.9506172839506166e-05	0.28417259454727173
540240	-3.132127	-1.527518	-0.172745	0.043625	0.284163	0.841352	0.009775714203715324	1.1705532693187011e-05	0.28416064381599426
540360	-3.131212	-1.527132	-0.172538	0.043665	0.284260	0.841527	0.009738827170804144	2.6337448559670777e-05	0.2842594385147095
540480	-3.130048	-1.526712	-0.172192	0.043716	0.284344	0.841817	0.009700830560177565	1.7558299039780518e-05	0.28434470295906067
540600	-3.129642	-1.526431	-0.172215	0.043733	0.284432	0.841798	0.009675291180610657	1.7558299039780518e-05	0.2844313979148865
540720	-3.130476	-1.526101	-0.170970	0.043697	0.284576	0.842847	0.009655577223747968	3.9506172839506166e-05	0.2845715880393982
540840	-3.130036	-1.525888	-0.170037	0.043716	0.284666	0.843633	0.009621899435296654	2.6337448559670777e-05	0.2846669554710388
540960	-3.129852	-1.525629	-0.169482	0.043724	0.284756	0.844102	0.009607378114014863	1.1705532693187011e-05	0.28475421667099
541080	-3.129196	-1.525180	-0.168729	0.043753	0.284925	0.844738	0.009561525844037532	1.7558299039780518e-05	0.2849254608154297
541200	-3.129385	-1.525139	-0.168305	0.043745	0.284947	0.845096	0.009556721616536378	2.6337448559670777e-05	0.2849472463130951
541320	-3.131488	-1.525710	-0.167732	0.043653	0.284877	0.845580	0.009602754097431897	3.9506172839506166e-05	0.28487810492515564
541440	-3.131690	-1.525571	-0.168042	0.043644	0.284885	0.845318	0.009603474242612719	1.7558299039780518e-05	0.2848823070526123
541560	-3.131173	-1.525323	-0.168351	0.043667	0.284950	0.845057	0.009579011658206581	1.1705532693187011e-05	0.28494831919670105
541680	-3.131032	-1.525445	-0.168414	0.043673	0.284911	0.845004	0.009586816746741533	2.6337448559670777e-05	0.28491005301475525
541800	-3.132545	-1.525204	-0.167804	0.043607	0.285045	0.845520	0.00957340938039124	3.9506172839506166e-05	0.2850397527217865
541920	-3.132154	-1.524641	-0.166654	0.043624	0.285249	0.846493	0.009520397009328007	2.6337448559670777e-05	0.2852451801300049
542040	-3.133461	-1.524580	-0.165927	0.043567	0.285322	0.847108	0.009516170434653758	2.6337448559670777e-05	0.28531843423843384
542160	-3.132372	-1.524400	-0.165931	0.043614	0.285378	0.847105	0.009485622495412826	3.9506172839506166e-05	0.28537964820861816
542280	-3.132498	-1.524164	-0.166673	0.043609	0.285417	0.846476	0.009475174779072403	2.6337448559670777e-05	0.2854163348674774
542400	-3.132837	-1.523848	-0.168097	0.043594	0.285521	0.845272	0.00944960257038474	2.6337448559670777e-05	0.28551849722862244
542520	-3.133319	-1.523667	-0.168247	0.043573	0.285583	0.845145	0.009425084106624126	2.6337448559670777e-05	0.28558266162872314
542640	-3.132248	-1.523199	-0.168582	0.043620	0.285681	0.844862	0.009386822069063782	3.9506172839506166e-05	0.2856808304786682
542760	-3.131466	-1.522694	-0.167615	0.043654	0.285844	0.845679	0.009340809239074589	3.9506172839506166e-05	0.28584203124046326
542880	-3.131321	-1.522364	-0.167228	0.043660	0.285972	0.846007	0.009310468658804893	2.6337448559670777e-05	0.2859710156917572
543000	-3.131280	-1.522433	-0.166595	0.043662	0.286035	0.846542	0.00931566241197288	3.9506172839506166e-05	0.28603360056877136
543120	-3.132725	-1.522408	-0.165314	0.043599	0.286118	0.847628	0.009310513129457831	3.9506172839506166e-05	0.2861168086528778
543240	-3.132692	-1.522058	-0.165579	0.043600	0.286212	0.847403	0.009281304059550166	1.7558299039780518e-05	0.2862129211425781
543360	-3.133315	-1.521861	-0.165806	0.043573	0.286276	0.847211	0.009264893690124154	1.7558299039780518e-05	0.2862757742404938
543480	-3.132979	-1.521372	-0.165057	0.043588	0.286471	0.847846	0.009220567625015974	1.7558299039780518e-05	0.2864707112312317
543600	-3.133153	-1.521073	-0.164918	0.043580	0.286535	0.847963	0.00918984804302454	2.6337448559670777e-05	0.28653571009635925
543720	-3.132859	-1.520620	-0.163553	0.043593	0.286728	0.849122	0.00915634324774146	2.6337448559670777e-05	0.2867266535758972
543840	-3.132463	-1.520074	-0.162807	0.043610	0.286899	0.849755	0.009106398979201912	7.803688462124674e-06	0.2868969142436981
543960	-3.132223	-1.519997	-0.162449	0.043621	0.286934	0.850059	0.00909528024494648	1.7558299039780518e-05	0.28693458437919617
544080	-3.131542	-1.519728	-0.162552	0.043650	0.287005	0.849972	0.009074563160538673	2.6337448559670777e-05	0.28700411319732666
544200	-3.130307	-1.519428	-0.162244	0.043704	0.287118	0.850233	0.009043444273993373	3.9506172839506166e-05	0.28711771965026855
544320	-3.129737	-1.518984	-0.161514	0.043729	0.287249	0.850854	0.009020596416667104	3.9506172839506166e-05	0.28724202513694763
544440	-3.129489	-1.518239	-0.161163	0.043740	0.287454	0.851153	0.008945001848042011	2.6337448559670777e-05	0.2874505817890167
544560	-3.129313	-1.517976	-0.160079	0.043748	0.287599	0.852077	0.00891577205620706	3.9506172839506166e-05	0.28759852051734924
544680	-3.128106	-1.517377	-0.159627	0.043801	0.287778	0.852461	0.008868440100923181	2.6337448559670777e-05	0.2877741754055023
544800	-3.129215	-1.516774	-0.157828	0.043752	0.288043	0.853996	0.00881654042750597	1.7558299039780518e-05	0.28803959488868713
544920	-3.129307	-1.516670	-0.158021	0.043748	0.288135	0.853832	0.00879858755506575	2.6337448559670777e-05	0.2881343364715576
545040	-3.127962	-1.516081	-0.157228	0.043807	0.288332	0.854509	0.008749669045209884	3.9506172839506166e-05	0.2883305847644806
545160	-3.127414	-1.515718	-0.157641	0.043831	0.288447	0.854157	0.008711997326463461	3.9506172839506166e-05	0.2884456217288971
545280	-3.127472	-1.515251	-0.158226	0.043828	0.288585	0.853657	0.008674925891682506	3.9506172839506166e-05	0.2885846793651581
545400	-3.127329	-1.514829	-0.158321	0.043835	0.288698	0.853576	0.008632115228101611	3.9506172839506166e-05	0.2886967062950134
545520	-3.128072	-1.514843	-0.159221	0.043802	0.288695	0.852808	0.008635739469900728	2.6337448559670777e-05	0.2886931896209717
545640	-3.127730	-1.514450	-0.157721	0.043817	0.288850	0.854088	0.008609696058556437	3.9506172839506166e-05	0.288843035697937
545760	-3.126973	-1.513814	-0.156940	0.043850	0.289055	0.854755	0.008540681982412934	3.9506172839506166e-05	0.2890540659427643
545880	-3.128004	-1.513759	-0.156918	0.043805	0.289110	0.854774	0.008537223702296615	1.7558299039780518e-05	0.2891088128089905
546000	-3.127794	-1.513378	-0.155889	0.043814	0.289243	0.855654	0.008500465704128147	1.7558299039780518e-05	0.2892420291900635
546120	-3.127492	-1.513751	-0.155890	0.043828	0.289175	0.855653	0.008531451877206563	3.9506172839506166e-05	0.2891746461391449
546240	-3.126683	-1.513845	-0.155800	0.043863	0.289203	0.855730	0.008538532862439751	3.9506172839506166e-05	0.28920215368270874
546360	-3.126606	-1.513477	-0.155981	0.043866	0.289324	0.855575	0.008511215774342417	2.6337448559670777e-05	0.28932416439056396
546480	-3.128223	-1.513488	-0.156603	0.043796	0.289392	0.855044	0.008497714903205634	5.925925925925925e-05	0.28939393162727356
546600	-3.127835	-1.513477	-0.156324	0.043813	0.289430	0.855282	0.00851388117298484	3.9506172839506166e-05	0.2894282937049866
546720	-3.128357	-1.513492	-0.156670	0.043790	0.289473	0.854986	0.00850590243935585	3.9506172839506166e-05	0.28947338461875916
546840	-3.128210	-1.513346	-0.155971	0.043796	0.289592	0.855584	0.008492902060970664	3.9506172839506166e-05	0.28959155082702637
546960	-3.126845	-1.513021	-0.155872	0.043856	0.289709	0.855669	0.008466793783009052	3.9506172839506166e-05	0.28970757126808167
547080	-3.126000	-1.512815	-0.156041	0.043893	0.289777	0.855524	0.008447350841015578	2.6337448559670777e-05	0.28977805376052856
547200	-3.125298	-1.512594	-0.156014	0.043924	0.289895	0.855548	0.008427649084478617	3.9506172839506166e-05	0.28989478945732117
547320	-3.125157	-1.512658	-0.155389	0.043930	0.289941	0.856082	0.008432634826749563	1.7558299039780518e-05	0.28994128108024597
547440	-3.125687	-1.512556	-0.154562	0.043907	0.290078	0.856791	0.00842585633508861	5.925925925925925e-05	0.2900749742984772
547560	-3.125925	-1.512418	-0.153706	0.043896	0.290167	0.857524	0.008408881165087223	3.9506172839506166e-05	0.2901672422885895
547680	-3.125243	-1.511646	-0.154088	0.043926	0.290351	0.857196	0.00835252865217626	7.803688462124674e-06	0.29034990072250366
547800	-3.125018	-1.511116	-0.154075	0.043936	0.290506	0.857208	0.008299707900732756	1.1705532693187011e-05	0.29050472378730774
547920	-3.124529	-1.510655	-0.153900	0.043958	0.290645	0.857358	0.008257378824055195	1.7558299039780518e-05	0.29064467549324036
548040	-3.125386	-1.510739	-0.154008	0.043920	0.290624	0.857265	0.00825781300663948	2.6337448559670777e-05	0.2906252443790436
548160	-3.124016	-1.510356	-0.153786	0.043980	0.290748	0.857455	0.008227909682318568	3.9506172839506166e-05	0.2907470762729645
548280	-3.122730	-1.509865	-0.153277	0.044037	0.290915	0.857892	0.008187810564413667	1.7558299039780518e-05	0.29091325402259827
548400	-3.121580	-1.509194	-0.152194	0.044087	0.291097	0.858821	0.008127153431996704	1.1705532693187011e-05	0.2910957932472229
548520	-3.120355	-1.508897	-0.151559	0.044141	0.291205	0.859367	0.0081057942006737	2.6337448559670777e-05	0.2912026643753052
548640	-3.120089	-1.508833	-0.151268	0.044153	0.291254	0.859618	0.00809454103000462	7.803688462124674e-06	0.29125380516052246
548760	-3.119885	-1.508500	-0.151522	0.044162	0.291337	0.859399	0.008062146650627256	1.7558299039780518e-05	0.2913365960121155
548880	-3.119311	-1.508170	-0.151492	0.044188	0.291498	0.859425	0.008034005248919129	3.9506172839506166e-05	0.29149705171585083
549000	-3.119032	-1.507451	-0.151105	0.044200	0.291739	0.859757	0.007970234425738455	3.9506172839506166e-05	0.29173776507377625
549120	-3.119423	-1.507144	-0.150989	0.044183	0.291837	0.859857	0.007933887979015708	3.9506172839506166e-05	0.29183900356292725
549240	-3.118458	-1.506922	-0.150493	0.044225	0.291915	0.860284	0.007922083232551813	1.7558299039780518e-05	0.2919136881828308
549360	-3.118473	-1.506581	-0.148710	0.044225	0.292087	0.861819	0.00789460064843297	1.7558299039780518e-05	0.29208406805992126
549480	-3.117680	-1.506153	-0.148449	0.044260	0.292217	0.862044	0.007849238999187946	3.9506172839506166e-05	0.2922152876853943
549600	-3.117519	-1.505941	-0.148499	0.044267	0.292290	0.862001	0.007827112870290875	3.9506172839506166e-05	0.292291522026062
549720	-3.117859	-1.505632	-0.148582	0.044252	0.292399	0.861930	0.007811170956119895	3.9506172839506166e-05	0.2923954129219055
549840	-3.117521	-1.505069	-0.148336	0.044267	0.292583	0.862141	0.007754404749721289	2.6337448559670777e-05	0.29258227348327637
549960	-3.117144	-1.504701	-0.147335	0.044283	0.292749	0.863005	0.0077181905275210735	1.1705532693187011e-05	0.2927496135234833
550080	-3.116963	-1.504910	-0.147344	0.044291	0.292719	0.862997	0.007732439879328012	3.9506172839506166e-05	0.29272016882896423
550200	-3.116582	-1.504968	-0.147522	0.044308	0.292726	0.862844	0.00774567520711571	1.7558299039780518e-05	0.29272568225860596
550320	-3.116586	-1.504708	-0.147194	0.044308	0.292832	0.863126	0.007723513385280966	7.803688462124674e-06	0.29283109307289124
550440	-3.115921	-1.504244	-0.146648	0.044338	0.292990	0.863598	0.007680171355605126	3.9506172839506166e-05	0.29299014806747437
550560	-3.115873	-1.504255	-0.147894	0.044340	0.292987	0.862522	0.007679129461757838	1.7558299039780518e-05	0.2929880917072296
550680	-3.115495	-1.504121	-0.148244	0.044357	0.293002	0.862221	0.007667689491063357	2.6337448559670777e-05	0.2930019795894623
550800	-3.114608	-1.503707	-0.148676	0.044396	0.293101	0.861849	0.0076338887680321935	1.7558299039780518e-05	0.2930998206138611
550920	-3.115864	-1.503433	-0.149195	0.044340	0.293219	0.861401	0.007604921353049576	3.9506172839506166e-05	0.29321813583374023
551040	-3.116132	-1.503213	-0.149570	0.044328	0.293351	0.861078	0.007579074474051595	5.925925925925925e-05	0.29335230588912964
551160	-3.117169	-1.502627	-0.149244	0.044282	0.293530	0.861359	0.0075360645540058615	1.7558299039780518e-05	0.29352831840515137
551280	-3.116561	-1.502499	-0.148962	0.044309	0.293602	0.861602	0.007520596007816493	1.7558299039780518e-05	0.2936021089553833
551400	-3.116877	-1.502034	-0.148292	0.044295	0.293805	0.862179	0.007474331022240222	3.9506172839506166e-05	0.29380562901496887
551520	-3.116541	-1.501860	-0.147714	0.044310	0.293875	0.862678	0.007463247957639396	1.7558299039780518e-05	0.29387542605400085
551640	-3.115422	-1.501377	-0.147499	0.044360	0.294013	0.862864	0.007421567779965698	3.9506172839506166e-05	0.29401302337646484
551760	-3.115521	-1.501155	-0.148611	0.044355	0.294091	0.861904	0.0074001441709697245	3.9506172839506166e-05	0.2940894365310669
551880	-3.115700	-1.500526	-0.147248	0.044347	0.294369	0.863080	0.007357120700180531	3.9506172839506166e-05	0.29436299204826355
552000	-3.114854	-1.500405	-0.146088	0.044385	0.294496	0.864081	0.007340274658054114	2.6337448559670777e-05	0.2944933772087097
552120	-3.115638	-1.500293	-0.147003	0.044350	0.294546	0.863291	0.007318433676846326	3.9506172839506166e-05	0.29454734921455383
552240	-3.115340	-1.499976	-0.146303	0.044363	0.294652	0.863896	0.007298274245113134	3.9506172839506166e-05	0.29464972019195557
552360	-3.113766	-1.499200	-0.145361	0.044433	0.294872	0.864710	0.007230217731557786	1.7558299039780518e-05	0.29486972093582153
552480	-3.114201	-1.499240	-0.144808	0.044414	0.294902	0.865188	0.007222855952568353	3.9506172839506166e-05	0.29490309953689575
552600	-3.113336	-1.498881	-0.144274	0.044452	0.295027	0.865651	0.007198129640892148	2.6337448559670777e-05	0.2950265109539032
552720	-3.112930	-1.498515	-0.145060	0.044470	0.295091	0.864970	0.007162933377549053	1.7558299039780518e-05	0.29509100317955017
552840	-3.112307	-1.497902	-0.144983	0.044498	0.295271	0.865037	0.007118052477017045	1.7558299039780518e-05	0.2952682375907898
552960	-3.112000	-1.497498	-0.144692	0.044512	0.295441	0.865289	0.007068535150028765	3.9506172839506166e-05	0.2954410910606384
553080	-3.112302	-1.497242	-0.144661	0.044498	0.295552	0.865315	0.007058905740268529	2.6337448559670777e-05	0.2955481708049774
553200	-3.113251	-1.497100	-0.145061	0.044456	0.295593	0.864970	0.007040826487354934	1.7558299039780518e-05	0.2955906391143799
553320	-3.112834	-1.496429	-0.144286	0.044475	0.295850	0.865640	0.006980212335474789	5.925925925925925e-05	0.2958466708660126
553440	-3.112661	-1.496146	-0.143636	0.044482	0.295973	0.866203	0.006952437828294933	7.803688462124674e-06	0.2959713339805603
553560	-3.112301	-1.495955	-0.142420	0.044498	0.296052	0.867257	0.006932767992839217	2.6337448559670777e-05	0.2960514724254608
553680	-3.111195	-1.495126	-0.141060	0.044548	0.296307	0.868437	0.006864275876432657	1.7558299039780518e-05	0.296304851770401
553800	-3.111030	-1.494555	-0.140126	0.044555	0.296495	0.869249	0.006806258903816342	1.7558299039780518e-05	0.2964937686920166
553920	-3.111511	-1.494445	-0.140089	0.044534	0.296594	0.869281	0.0067951148608699444	3.9506172839506166e-05	0.2965925633907318
554040	-3.110879	-1.493887	-0.140201	0.044562	0.296753	0.869183	0.006748058856464923	1.1705532693187011e-05	0.2967514395713806
554160	-3.110852	-1.493570	-0.139630	0.044563	0.296868	0.869680	0.006717768264934421	1.1705532693187011e-05	0.296868234872818
554280	-3.111099	-1.493490	-0.139735	0.044552	0.296897	0.869589	0.006712048896588385	3.9506172839506166e-05	0.2968963384628296
554400	-3.110841	-1.492985	-0.139142	0.044563	0.297052	0.870105	0.006664039799943566	3.9506172839506166e-05	0.2970513701438904
554520	-3.110172	-1.492803	-0.138577	0.044593	0.297129	0.870597	0.006649979157373309	3.9506172839506166e-05	0.29712769389152527
554640	-3.110016	-1.492295	-0.137789	0.044600	0.297317	0.871283	0.006608173716813326	3.9506172839506166e-05	0.2973152697086334
554760	-3.108813	-1.491863	-0.136990	0.044654	0.297474	0.871979	0.006570220808498561	2.6337448559670777e-05	0.2974705100059509
554880	-3.108279	-1.491323	-0.135897	0.044678	0.297673	0.872933	0.006514376983977855	1.7558299039780518e-05	0.29767295718193054
555000	-3.108968	-1.491291	-0.135844	0.044647	0.297728	0.872979	0.006511823483742773	2.6337448559670777e-05	0.29772743582725525
555120	-3.108917	-1.491101	-0.134873	0.044649	0.297825	0.873827	0.006495421100407839	2.6337448559670777e-05	0.2978234589099884
555240	-3.109365	-1.490978	-0.133830	0.044629	0.297944	0.874739	0.00649262925144285	3.9506172839506166e-05	0.2979411482810974
555360	-3.108270	-1.490017	-0.132388	0.044678	0.298258	0.876001	0.006399280787445605	2.6337448559670777e-05	0.2982572019100189
555480	-3.108672	-1.489988	-0.132590	0.044660	0.298346	0.875824	0.006393642351031304	3.9506172839506166e-05	0.29834485054016113
555600	-3.109273	-1.489934	-0.132889	0.044633	0.298385	0.875563	0.0063905061688274145	3.9506172839506166e-05	0.29838433861732483
555720	-3.108840	-1.489631	-0.132496	0.044653	0.298482	0.875907	0.006365101272240281	5.925925925925925e-05	0.2984806001186371
555840	-3.108202	-1.489150	-0.132092	0.044681	0.298635	0.876260	0.00632117255590856	3.9506172839506166e-05	0.2986336350440979
555960	-3.108125	-1.488924	-0.131115	0.044685	0.298698	0.877117	0.006301554548554122	3.9506172839506166e-05	0.2986958920955658
556080	-3.107425	-1.488582	-0.130855	0.044716	0.298789	0.877345	0.006261947774328291	3.9506172839506166e-05	0.29879146814346313
556200	-3.105326	-1.488403	-0.131442	0.044810	0.298856	0.876830	0.0062477030791342255	5.925925925925925e-05	0.2988569438457489
556320	-3.106738	-1.488527	-0.131946	0.044747	0.298864	0.876389	0.006267946120351553	3.9506172839506166e-05	0.29886069893836975
556440	-3.107029	-1.488309	-0.131563	0.044734	0.298969	0.876724	0.006242070905864238	3.9506172839506166e-05	0.29897019267082214
556560	-3.106739	-1.487953	-0.131934	0.044747	0.299065	0.876398	0.006227091490291059	3.9506172839506166e-05	0.29905965924263
556680	-3.106571	-1.487659	-0.131726	0.044754	0.299144	0.876581	0.006182080716826022	2.6337448559670777e-05	0.2991444766521454
556800	-3.106061	-1.487324	-0.132638	0.044777	0.299209	0.875782	0.006155681796371937	2.6337448559670777e-05	0.2992081046104431
556920	-3.106378	-1.487250	-0.132526	0.044763	0.299230	0.875880	0.00614552462939173	2.6337448559670777e-05	0.29923000931739807
557040	-3.105798	-1.487101	-0.132641	0.044789	0.299275	0.875779	0.006139373010955751	1.1705532693187011e-05	0.299272745847702
557160	-3.106173	-1.487046	-0.132901	0.044772	0.299327	0.875552	0.006131759146228433	2.6337448559670777e-05	0.2993272840976715
557280	-3.106295	-1.486542	-0.132115	0.044767	0.299524	0.876241	0.006086634751409292	3.9506172839506166e-05	0.29952260851860046
557400	-3.105878	-1.486858	-0.132480	0.044785	0.299430	0.875920	0.006109359744004905	2.6337448559670777e-05	0.2994304597377777
557520	-3.105490	-1.486859	-0.131596	0.044803	0.299496	0.876695	0.006110635213553905	3.9506172839506166e-05	0.2994966208934784
557640	-3.105325	-1.487045	-0.131357	0.044810	0.299537	0.876904	0.00612548014614731	2.6337448559670777e-05	0.2995370924472809
557760	-3.105801	-1.487196	-0.130239	0.044789	0.299574	0.877885	0.006143108755350113	3.9506172839506166e-05	0.2995733618736267
557880	-3.105605	-1.486937	-0.129711	0.044797	0.299717	0.878350	0.006126687442883849	5.925925925925925e-05	0.2997136414051056
558000	-3.106422	-1.487068	-0.129683	0.044761	0.299740	0.878374	0.006129064969718457	3.9506172839506166e-05	0.29974013566970825
558120	-3.105986	-1.486985	-0.129398	0.044780	0.299781	0.878625	0.006122243241406977	3.9506172839506166e-05	0.2997809052467346
558240	-3.106639	-1.487184	-0.128676	0.044751	0.299841	0.879258	0.00614365974906832	5.925925925925925e-05	0.299839049577713
558360	-3.106183	-1.487013	-0.128534	0.044772	0.299949	0.879384	0.006127920001745224	1.7558299039780518e-05	0.2999488413333893
558480	-3.105740	-1.486839	-0.128907	0.044791	0.300002	0.879056	0.006109676766209304	3.9506172839506166e-05	0.3000009059906006
558600	-3.105494	-1.486379	-0.128286	0.044802	0.300160	0.879602	0.006075456226244569	3.9506172839506166e-05	0.30015796422958374
558720	-3.106981	-1.486270	-0.129625	0.044736	0.300221	0.878425	0.006063338625244797	3.9506172839506166e-05	0.3002185821533203
558840	-3.106795	-1.486237	-0.129506	0.044744	0.300269	0.878530	0.006056783255189657	3.9506172839506166e-05	0.30026811361312866
558960	-3.106950	-1.486435	-0.130010	0.044737	0.300233	0.878086	0.006071112537756562	2.6337448559670777e-05	0.30023303627967834
559080	-3.107252	-1.486662	-0.130846	0.044724	0.300203	0.877353	0.006096140807494521	2.6337448559670777e-05	0.30020371079444885
559200	-3.107309	-1.487125	-0.131134	0.044721	0.300057	0.877101	0.006130949966609478	5.925925925925925e-05	0.30005764961242676
559320	-3.107068	-1.487324	-0.130892	0.044732	0.300066	0.877313	0.006154287862591446	3.9506172839506166e-05	0.3000652492046356
559440	-3.105910	-1.487065	-0.131230	0.044784	0.300195	0.877016	0.006138774543069303	1.7558299039780518e-05	0.300192654132843
559560	-3.106538	-1.487024	-0.130658	0.044756	0.300230	0.877518	0.006127419974654913	2.6337448559670777e-05	0.30022966861724854
559680	-3.105319	-1.487586	-0.132852	0.044810	0.300041	0.875595	0.006175285996869206	3.9506172839506166e-05	0.3000420033931732
559800	-3.106172	-1.487692	-0.131387	0.044772	0.300106	0.876878	0.006188394781202078	2.6337448559670777e-05	0.3001052737236023
559920	-3.106291	-1.487879	-0.131264	0.044767	0.300110	0.876986	0.006201621517539025	3.9506172839506166e-05	0.3001123368740082
560040	-3.106400	-1.487513	-0.131330	0.044762	0.300275	0.876928	0.0061702637001872064	3.9506172839506166e-05	0.3002755343914032
560160	-3.106458	-1.487790	-0.131885	0.044759	0.300174	0.876442	0.006190815381705761	3.9506172839506166e-05	0.3001752197742462
560280	-3.104971	-1.487794	-0.132602	0.044826	0.300159	0.875814	0.0061929912073537706	3.9506172839506166e-05	0.3001592457294464
560400	-3.104621	-1.487773	-0.133005	0.044842	0.300204	0.875461	0.006193419615738094	2.6337448559670777e-05	0.3002054691314697
560520	-3.104935	-1.487830	-0.133176	0.044827	0.300212	0.875311	0.006206728122197092	7.803688462124674e-06	0.3002096712589264
560640	-3.104221	-1.487222	-0.132084	0.044859	0.300425	0.876268	0.006153225968591869	1.7558299039780518e-05	0.3004223108291626
560760	-3.104746	-1.486792	-0.131882	0.044836	0.300539	0.876445	0.006106070149689913	2.6337448559670777e-05	0.3005397319793701
560880	-3.104923	-1.486619	-0.131788	0.044828	0.300568	0.876527	0.006089314376004041	3.9506172839506166e-05	0.3005685806274414
561000	-3.106053	-1.486607	-0.132730	0.044777	0.300601	0.875701	0.006090339203365147	2.6337448559670777e-05	0.3006015419960022
561120	-3.105556	-1.486391	-0.132531	0.044800	0.300704	0.875876	0.006064963364042342	3.9506172839506166e-05	0.30070582032203674
561240	-3.105748	-1.486448	-0.132209	0.044791	0.300769	0.876158	0.006083077471703291	3.9506172839506166e-05	0.3007642924785614
561360	-3.106015	-1.486209	-0.132062	0.044779	0.300888	0.876287	0.0060492281569167975	3.9506172839506166e-05	0.3008888363838196
561480	-3.107920	-1.486451	-0.133968	0.044694	0.300813	0.874618	0.006074218405410647	2.6337448559670777e-05	0.3008117377758026
561600	-3.108515	-1.486315	-0.133964	0.044667	0.300858	0.874621	0.00606027776375413	5.925925925925925e-05	0.30085882544517517
561720	-3.109430	-1.486411	-0.134355	0.044626	0.300880	0.874280	0.006076116883195937	1.7558299039780518e-05	0.3008776009082794
561840	-3.109252	-1.486123	-0.133639	0.044634	0.300969	0.874906	0.006050403392873704	1.7558299039780518e-05	0.3009675443172455
561960	-3.109252	-1.485734	-0.133065	0.044634	0.301111	0.875408	0.006015763804316521	1.7558299039780518e-05	0.30110999941825867
562080	-3.109312	-1.485932	-0.133504	0.044632	0.301122	0.875024	0.006019289349205792	5.925925925925925e-05	0.301122784614563
562200	-3.109087	-1.486260	-0.134109	0.044642	0.301075	0.874495	0.006061373394913971	3.9506172839506166e-05	0.3010736405849457
562320	-3.108910	-1.486028	-0.134076	0.044650	0.301155	0.874524	0.006035767472349107	3.9506172839506166e-05	0.3011561632156372
562440	-3.109359	-1.486042	-0.133088	0.044630	0.301254	0.875388	0.006034979829564691	3.9506172839506166e-05	0.30125483870506287
562560	-3.110720	-1.486871	-0.133848	0.044569	0.301098	0.874723	0.006109959376044571	2.6337448559670777e-05	0.3010980188846588
562680	-3.109495	-1.486179	-0.132887	0.044623	0.301364	0.875564	0.006056602275930345	1.7558299039780518e-05	0.3013615906238556
562800	-3.110681	-1.486205	-0.133055	0.044571	0.301399	0.875417	0.006054848455823958	3.9506172839506166e-05	0.3013964295387268
562920	-3.112351	-1.486272	-0.132780	0.044496	0.301485	0.875657	0.006059251190163195	3.9506172839506166e-05	0.3014845550060272
563040	-3.112736	-1.486300	-0.131918	0.044479	0.301566	0.876413	0.006055713072419167	3.9506172839506166e-05	0.30156615376472473
563160	-3.113266	-1.485988	-0.130961	0.044456	0.301748	0.877252	0.006038789986632764	3.9506172839506166e-05	0.3017464280128479
563280	-3.113762	-1.486155	-0.130030	0.044433	0.301786	0.878069	0.006046826206147671	3.9506172839506166e-05	0.30178502202033997
563400	-3.113332	-1.485789	-0.129487	0.044453	0.301936	0.878546	0.006016606208868324	5.925925925925925e-05	0.30193647742271423
563520	-3.113552	-1.485498	-0.128906	0.044443	0.302095	0.879056	0.005990647641010582	3.9506172839506166e-05	0.3020918071269989
563640	-3.113740	-1.485250	-0.127991	0.044434	0.302250	0.879861	0.00596953984349966	3.9506172839506166e-05	0.3022502064704895
563760	-3.113003	-1.484895	-0.128543	0.044467	0.302368	0.879375	0.005937985423952341	5.925925925925925e-05	0.30236688256263733
563880	-3.113181	-1.484894	-0.128541	0.044459	0.302423	0.879378	0.005939298658631742	1.7558299039780518e-05	0.3024217188358307
564000	-3.112219	-1.484257	-0.127114	0.044502	0.302651	0.880634	0.005883596185594797	1.1705532693187011e-05	0.3026494085788727
564120	-3.112169	-1.483936	-0.126939	0.044504	0.302733	0.880787	0.005853122170083225	2.6337448559670777e-05	0.3027324974536896
564240	-3.111788	-1.483452	-0.126484	0.044521	0.302853	0.881189	0.0058076185639947655	2.6337448559670777e-05	0.30285191535949707
564360	-3.112114	-1.483674	-0.126847	0.044507	0.302819	0.880869	0.005829959874972701	1.1705532693187011e-05	0.30281683802604675
564480	-3.112394	-1.483365	-0.125744	0.044494	0.302965	0.881841	0.005800615507178008	3.9506172839506166e-05	0.3029639720916748
564600	-3.111516	-1.482967	-0.125176	0.044533	0.303126	0.882341	0.005760628241114318	3.9506172839506166e-05	0.30312561988830566
564720	-3.111305	-1.482241	-0.124387	0.044543	0.303360	0.883038	0.005704848631285131	1.7558299039780518e-05	0.30335697531700134
564840	-3.111643	-1.481947	-0.123708	0.044528	0.303504	0.883638	0.005672669899649918	3.9506172839506166e-05	0.30350297689437866
564960	-3.112119	-1.481505	-0.123121	0.044507	0.303681	0.884156	0.005632487568072974	2.6337448559670777e-05	0.30368006229400635
565080	-3.111704	-1.481534	-0.124100	0.044525	0.303723	0.883292	0.0056302082957699895	5.925925925925925e-05	0.303724467754364
565200	-3.109950	-1.480712	-0.123752	0.044603	0.303977	0.883599	0.0055664959363639355	1.1705532693187011e-05	0.30397486686706543
565320	-3.110226	-1.480982	-0.124468	0.044591	0.303901	0.882967	0.005581681057810784	3.9506172839506166e-05	0.30390048027038574
565440	-3.108964	-1.480214	-0.124445	0.044647	0.304141	0.882987	0.005522231943905354	3.9506172839506166e-05	0.3041399419307709
565560	-3.108930	-1.479743	-0.123916	0.044649	0.304278	0.883454	0.0054730137577280406	3.9506172839506166e-05	0.30427926778793335
565680	-3.109640	-1.479861	-0.124263	0.044617	0.304296	0.883147	0.005479403678327799	3.9506172839506166e-05	0.30429723858833313
565800	-3.108772	-1.479305	-0.123588	0.044656	0.304475	0.883744	0.005439610267058015	1.1705532693187011e-05	0.3044734597206116
565920	-3.108870	-1.478752	-0.123118	0.044651	0.304651	0.884159	0.005390701442956924	3.9506172839506166e-05	0.30464816093444824
566040	-3.108937	-1.478762	-0.121981	0.044648	0.304682	0.885165	0.0053793669678270815	5.925925925925925e-05	0.30468273162841797
566160	-3.109152	-1.478768	-0.121633	0.044639	0.304719	0.885473	0.005384576320648193	1.7558299039780518e-05	0.30471909046173096
566280	-3.108635	-1.478238	-0.121298	0.044662	0.304862	0.885770	0.0053380363620817665	3.9506172839506166e-05	0.30486220121383667
566400	-3.109264	-1.478027	-0.121227	0.044634	0.304935	0.885833	0.005318501777946949	1.7558299039780518e-05	0.30493471026420593
566520	-3.109688	-1.477683	-0.121257	0.044615	0.305065	0.885806	0.005289026885293424	3.9506172839506166e-05	0.3050641715526581
566640	-3.109756	-1.477153	-0.120043	0.044612	0.305255	0.886883	0.005242930306121707	2.6337448559670777e-05	0.3052538335323334
566760	-3.110893	-1.477118	-0.120809	0.044561	0.305255	0.886203	0.0052301675314083695	3.9506172839506166e-05	0.3052579164505005
566880	-3.111402	-1.477129	-0.120572	0.044538	0.305294	0.886413	0.005238993116654456	3.9506172839506166e-05	0.3052924573421478
567000	-3.111915	-1.477090	-0.120063	0.044516	0.305379	0.886865	0.005232458119280636	2.6337448559670777e-05	0.30537837743759155
567120	-3.112642	-1.477027	-0.119498	0.044483	0.305434	0.887366	0.005228746798820794	1.7558299039780518e-05	0.30543404817581177
567240	-3.112636	-1.477033	-0.119926	0.044484	0.305421	0.886986	0.005227073142305016	2.6337448559670777e-05	0.305420845746994
567360	-3.113425	-1.476976	-0.119443	0.044448	0.305478	0.887415	0.005222175153903663	3.9506172839506166e-05	0.3054789900779724
567480	-3.112512	-1.476360	-0.119129	0.044489	0.305661	0.887693	0.005173266585916281	2.6337448559670777e-05	0.30565953254699707
567600	-3.112201	-1.475857	-0.118739	0.044503	0.305885	0.888040	0.005127459857612848	5.925925925925925e-05	0.30588191747665405
567720	-3.111275	-1.475371	-0.118823	0.044544	0.306118	0.887965	0.005090152961201966	1.7558299039780518e-05	0.306115061044693
567840	-3.110924	-1.474940	-0.118573	0.044560	0.306301	0.888187	0.0050436000805348154	2.6337448559670777e-05	0.30630019307136536
567960	-3.110785	-1.475236	-0.119633	0.044566	0.306204	0.887246	0.005067442962899804	2.6337448559670777e-05	0.3062032461166382
568080	-3.110448	-1.474798	-0.119194	0.044581	0.306346	0.887635	0.005029109190218151	2.6337448559670777e-05	0.3063449263572693
568200	-3.110459	-1.474541	-0.118008	0.044581	0.306488	0.888689	0.005007092701271176	2.6337448559670777e-05	0.306487113237381
568320	-3.109905	-1.474839	-0.117544	0.044605	0.306436	0.889101	0.005037985718809068	3.9506172839506166e-05	0.3064332604408264
568440	-3.109454	-1.473970	-0.116868	0.044625	0.306713	0.889703	0.004967760317958892	1.7558299039780518e-05	0.3067092299461365
568560	-3.108481	-1.473112	-0.115355	0.044669	0.307055	0.891050	0.004882224835455418	3.9506172839506166e-05	0.307053804397583
568680	-3.108724	-1.472820	-0.114888	0.044658	0.307204	0.891466	0.004857618128880858	1.7558299039780518e-05	0.3072018027305603
568800	-3.108985	-1.472706	-0.115038	0.044646	0.307263	0.891332	0.004837540630251169	2.6337448559670777e-05	0.30726197361946106
568920	-3.109349	-1.472442	-0.114390	0.044630	0.307430	0.891910	0.004812619066797197	5.925925925925925e-05	0.3074304163455963
569040	-3.110013	-1.472550	-0.115034	0.044600	0.307359	0.891336	0.004824728844687343	2.6337448559670777e-05	0.30735835433006287
569160	-3.110967	-1.472467	-0.114130	0.044558	0.307453	0.892142	0.0048175382427871226	2.6337448559670777e-05	0.3074522018432617
569280	-3.111812	-1.472528	-0.113862	0.044520	0.307497	0.892381	0.004818198340944946	2.6337448559670777e-05	0.3074975907802582
569400	-3.112816	-1.472401	-0.113685	0.044476	0.307568	0.892539	0.004813087591901422	1.7558299039780518e-05	0.30756717920303345
569520	-3.113569	-1.472528	-0.113367	0.044442	0.307560	0.892823	0.004812854737974703	3.9506172839506166e-05	0.30756351351737976
569640	-3.115081	-1.473171	-0.114110	0.044375	0.307381	0.892160	0.004874984943307936	3.9506172839506166e-05	0.3073808252811432
569760	-3.118134	-1.473282	-0.113261	0.044240	0.307470	0.892918	0.0048880721908062695	3.9506172839506166e-05	0.30747076869010925
569880	-3.118571	-1.472951	-0.111454	0.044220	0.307677	0.894533	0.004856895026750863	5.925925925925925e-05	0.3076760470867157
570000	-3.119416	-1.472950	-0.110889	0.044183	0.307769	0.895038	0.004866637452505529	1.7558299039780518e-05	0.3077668845653534
570120	-3.118616	-1.472964	-0.112228	0.044218	0.307743	0.893840	0.004862694535404444	3.9506172839506166e-05	0.30774229764938354
570240	-3.117656	-1.472457	-0.112499	0.044261	0.307905	0.893598	0.004824796412140131	3.9506172839506166e-05	0.30790266394615173
570360	-3.117900	-1.472427	-0.113276	0.044250	0.307908	0.892904	0.004816993395797909	2.6337448559670777e-05	0.30790597200393677
570480	-3.118074	-1.472143	-0.112255	0.044242	0.308058	0.893816	0.004789691930636763	1.7558299039780518e-05	0.308057576417923
570600	-3.118843	-1.472277	-0.112545	0.044208	0.308058	0.893557	0.004796543624252081	3.9506172839506166e-05	0.30806002020835876
570720	-3.118787	-1.472222	-0.112573	0.044211	0.308089	0.893532	0.004799347976222635	2.6337448559670777e-05	0.30808788537979126
570840	-3.119113	-1.472057	-0.111768	0.044196	0.308168	0.894252	0.004785966104827821	1.1705532693187011e-05	0.30816590785980225
570960	-3.118303	-1.471732	-0.112108	0.044232	0.308256	0.893948	0.004750374611467123	3.9506172839506166e-05	0.30825743079185486
571080	-3.117925	-1.471260	-0.111931	0.044249	0.308385	0.894106	0.004715346731245518	2.6337448559670777e-05	0.3083828389644623
571200	-3.117742	-1.470921	-0.112284	0.044257	0.308485	0.893790	0.004677750077098608	2.6337448559670777e-05	0.308484822511673
571320	-3.117718	-1.470212	-0.111824	0.044258	0.308730	0.894201	0.004620634950697422	3.9506172839506166e-05	0.30872783064842224
571440	-3.118577	-1.470203	-0.110909	0.044220	0.308736	0.895020	0.004611775162629783	2.6337448559670777e-05	0.3087359666824341
571560	-3.118883	-1.470248	-0.111921	0.044207	0.308723	0.894115	0.004618962318636477	3.9506172839506166e-05	0.3087216913700104
571680	-3.120388	-1.470160	-0.110923	0.044140	0.308889	0.895008	0.004621057910844684	2.6337448559670777e-05	0.3088853061199188
571800	-3.120633	-1.469569	-0.109377	0.044129	0.309094	0.896393	0.004561041574925184	2.6337448559670777e-05	0.30909180641174316
571920	-3.120433	-1.469120	-0.109438	0.044138	0.309225	0.896338	0.004521387931890786	2.6337448559670777e-05	0.3092225193977356
572040	-3.119953	-1.468972	-0.108902	0.044159	0.309306	0.896818	0.004502384178340435	2.6337448559670777e-05	0.3093051314353943
572160	-3.121092	-1.468609	-0.108948	0.044109	0.309409	0.896777	0.0044829626334831115	1.7558299039780518e-05	0.30940479040145874
572280	-3.120795	-1.468211	-0.108123	0.044122	0.309562	0.897517	0.004438766837120056	1.7558299039780518e-05	0.3095604181289673
572400	-3.120725	-1.467825	-0.107744	0.044125	0.309703	0.897858	0.0043985388241708275	3.9506172839506166e-05	0.30970269441604614
572520	-3.120847	-1.467619	-0.107784	0.044120	0.309846	0.897821	0.00439421939663589	2.6337448559670777e-05	0.309841513633728
572640	-3.120052	-1.467048	-0.106489	0.044155	0.310060	0.898985	0.004340924439020455	2.6337448559670777e-05	0.3100552260875702
572760	-3.120040	-1.466372	-0.105386	0.044155	0.310354	0.899977	0.004274270194582641	3.9506172839506166e-05	0.3103533089160919
572880	-3.119767	-1.466407	-0.105736	0.044167	0.310351	0.899662	0.004274390428327024	1.7558299039780518e-05	0.3103502690792084
573000	-3.119144	-1.465908	-0.104852	0.044195	0.310540	0.900458	0.0042345908004790545	1.1705532693187011e-05	0.31053730845451355
573120	-3.119804	-1.465838	-0.104831	0.044166	0.310604	0.900477	0.004221688443794847	1.7558299039780518e-05	0.31060343980789185
573240	-3.119878	-1.465482	-0.103987	0.044163	0.310795	0.901237	0.004193973797373474	2.6337448559670777e-05	0.31079354882240295
573360	-3.119319	-1.464518	-0.103533	0.044187	0.311052	0.901646	0.004101646738126874	3.9506172839506166e-05	0.3110543489456177
573480	-3.118544	-1.463973	-0.102771	0.044221	0.311271	0.902334	0.004053452704101801	1.7558299039780518e-05	0.31127095222473145
573600	-3.119334	-1.463817	-0.101150	0.044187	0.311413	0.903797	0.004043232253752649	7.803688462124674e-06	0.31141072511672974
573720	-3.119581	-1.463413	-0.100806	0.044176	0.311553	0.904108	0.004005100880749524	1.1705532693187011e-05	0.3115525543689728
573840	-3.119585	-1.463121	-0.099865	0.044176	0.311681	0.904960	0.003979108389467001	3.9506172839506166e-05	0.31167879700660706
573960	-3.119239	-1.462215	-0.099555	0.044191	0.311979	0.905240	0.0039008451509289443	3.9506172839506166e-05	0.31197696924209595
574080	-3.119015	-1.461920	-0.099281	0.044201	0.312085	0.905488	0.0038739155395887794	2.6337448559670777e-05	0.31208285689353943
574200	-3.118570	-1.461527	-0.098384	0.044220	0.312250	0.906301	0.0038344094064086676	2.6337448559670777e-05	0.312250554561615
574320	-3.117635	-1.461209	-0.096844	0.044262	0.312447	0.907698	0.0038105320534668865	1.7558299039780518e-05	0.31244441866874695
574440	-3.117132	-1.460592	-0.096450	0.044284	0.312678	0.908056	0.0037576792412437497	2.6337448559670777e-05	0.31267353892326355
574560	-3.115845	-1.459531	-0.095536	0.044341	0.313013	0.908886	0.0036687567131593823	2.6337448559670777e-05	0.3130079209804535
574680	-3.115757	-1.458946	-0.095801	0.044345	0.313200	0.908645	0.0036082605365663767	1.7558299039780518e-05	0.31319788098335266
574800	-3.114559	-1.458130	-0.095238	0.044398	0.313451	0.909156	0.003531008947174996	3.9506172839506166e-05	0.3134511411190033
574920	-3.114291	-1.457737	-0.094506	0.044410	0.313571	0.909823	0.0034943482489325104	1.1705532693187011e-05	0.3135703206062317
575040	-3.113955	-1.457313	-0.094483	0.044425	0.313702	0.909843	0.0034552768571302294	1.1705532693187011e-05	0.3137013614177704
575160	-3.113383	-1.456982	-0.093819	0.044450	0.313826	0.910447	0.003427051368635148	2.6337448559670777e-05	0.31382524967193604
575280	-3.112804	-1.456505	-0.093395	0.044476	0.314031	0.910834	0.0033810872468166054	2.6337448559670777e-05	0.31403109431266785
575400	-3.112559	-1.456402	-0.093850	0.044487	0.314040	0.910420	0.0033716946723870932	2.6337448559670777e-05	0.3140407204627991
575520	-3.112129	-1.456154	-0.093399	0.044506	0.314175	0.910830	0.0033552824635989962	1.1705532693187011e-05	0.31417316198349
575640	-3.111652	-1.455968	-0.093290	0.044527	0.314240	0.910929	0.0033359869034029544	3.9506172839506166e-05	0.31423866748809814
575760	-3.111157	-1.455617	-0.092655	0.044549	0.314372	0.911508	0.00330264464719221	2.6337448559670777e-05	0.314370334148407
575880	-3.111296	-1.455153	-0.091943	0.044543	0.314556	0.912157	0.0032623045844957232	3.9506172839506166e-05	0.3145540654659271
576000	-3.111194	-1.454870	-0.091612	0.044548	0.314644	0.912460	0.0032360810786485673	7.803688462124674e-06	0.3146434426307678
576120	-3.110527	-1.454646	-0.091638	0.044577	0.314738	0.912435	0.0032149866921827195	2.6337448559670777e-05	0.3147369623184204
576240	-3.109560	-1.454195	-0.091501	0.044621	0.314892	0.912561	0.0031758737633936105	1.7558299039780518e-05	0.31489062309265137
576360	-3.108502	-1.453827	-0.091448	0.044668	0.315014	0.912609	0.0031494147377088668	1.7558299039780518e-05	0.3150100111961365
576480	-3.108491	-1.453482	-0.090433	0.044668	0.315159	0.913535	0.0031116572325117888	1.7558299039780518e-05	0.3151578903198242
576600	-3.109341	-1.453600	-0.089623	0.044630	0.315216	0.914276	0.003119727480225265	1.7558299039780518e-05	0.3152162730693817
576720	-3.110284	-1.453730	-0.089016	0.044588	0.315285	0.914831	0.003136575408279896	3.9506172839506166e-05	0.31528204679489136
576840	-3.109240	-1.452722	-0.088305	0.044635	0.315598	0.915482	0.003043839382007718	1.7558299039780518e-05	0.31559690833091736
576960	-3.109630	-1.452185	-0.087496	0.044617	0.315831	0.916222	0.002997540996875614	1.1705532693187011e-05	0.31582868099212646
577080	-3.110383	-1.452138	-0.087317	0.044584	0.315886	0.916386	0.0029864346724934876	3.9506172839506166e-05	0.31588584184646606
577200	-3.110078	-1.451662	-0.086301	0.044597	0.316082	0.917318	0.0029447420733049513	2.6337448559670777e-05	0.3160831928253174
577320	-3.110670	-1.451721	-0.085732	0.044571	0.316104	0.917840	0.002946281910408288	3.9506172839506166e-05	0.31610438227653503
577440	-3.111558	-1.451463	-0.084913	0.044532	0.316233	0.918592	0.0029255289235152306	1.7558299039780518e-05	0.3162335455417633
577560	-3.111760	-1.451039	-0.083986	0.044523	0.316431	0.919444	0.0028953525354154406	1.7558299039780518e-05	0.31642913818359375
577680	-3.111789	-1.451087	-0.084171	0.044521	0.316444	0.919274	0.0028952341177500784	3.9506172839506166e-05	0.3164439797401428
577800	-3.111818	-1.450629	-0.084008	0.044520	0.316605	0.919424	0.0028509268187917767	3.9506172839506166e-05	0.31660616397857666
577920	-3.111700	-1.450593	-0.082755	0.044525	0.316706	0.920577	0.002849319274537265	3.9506172839506166e-05	0.3167053759098053
578040	-3.112377	-1.450223	-0.082358	0.044495	0.316849	0.920942	0.0028237267397344112	1.7558299039780518e-05	0.31684571504592896
578160	-3.111530	-1.449613	-0.081554	0.044533	0.317112	0.921683	0.002769306150730699	3.9506172839506166e-05	0.31710702180862427
578280	-3.112080	-1.449432	-0.080916	0.044508	0.317202	0.922271	0.0027475634939037263	3.9506172839506166e-05	0.31720033288002014
578400	-3.111511	-1.448735	-0.080092	0.044534	0.317413	0.923032	0.0026859442121349277	1.7558299039780518e-05	0.31741148233413696
578520	-3.111046	-1.448266	-0.080410	0.044554	0.317565	0.922738	0.002647526690270752	1.7558299039780518e-05	0.3175630271434784
578640	-3.110606	-1.447829	-0.080609	0.044574	0.317690	0.922554	0.0026034082286059855	3.9506172839506166e-05	0.3176884055137634
578760	-3.109621	-1.447523	-0.079659	0.044618	0.317812	0.923431	0.002579359943047166	3.9506172839506166e-05	0.3178088665008545
578880	-3.108738	-1.446852	-0.078840	0.044657	0.318046	0.924188	0.0025179301621392368	2.6337448559670777e-05	0.3180433511734009
579000	-3.108853	-1.446213	-0.079076	0.044652	0.318230	0.923970	0.0024601913639344273	1.7558299039780518e-05	0.31822726130485535
579120	-3.107991	-1.445660	-0.077432	0.044691	0.318465	0.925490	0.0024129024823196232	1.7558299039780518e-05	0.3184620141983032
579240	-3.107340	-1.445072	-0.076592	0.044720	0.318643	0.926267	0.0023542539565823972	1.7558299039780518e-05	0.31864190101623535
579360	-3.106814	-1.444497	-0.075729	0.044743	0.318837	0.927067	0.0023080137791112064	1.7558299039780518e-05	0.31883472204208374
579480	-3.106040	-1.443436	-0.074769	0.044778	0.319183	0.927958	0.002207199297845364	1.7558299039780518e-05	0.3191825747489929
579600	-3.105876	-1.443192	-0.074492	0.044785	0.319266	0.928215	0.0021847255527973177	1.7558299039780518e-05	0.3192651569843292
579720	-3.105433	-1.442927	-0.073478	0.044805	0.319364	0.929156	0.0021636967547237875	1.7558299039780518e-05	0.31936222314834595
579840	-3.104635	-1.442362	-0.072463	0.044841	0.319568	0.930100	0.0021144385333172976	1.7558299039780518e-05	0.31956595182418823
579960	-3.104168	-1.442157	-0.072441	0.044862	0.319632	0.930121	0.002087576303165406	3.9506172839506166e-05	0.3196340799331665
580080	-3.104828	-1.441895	-0.072297	0.044832	0.319709	0.930255	0.0020700453664176167	1.7558299039780518e-05	0.31970837712287903
580200	-3.104938	-1.441502	-0.071969	0.044827	0.319857	0.930560	0.002034414652734995	2.6337448559670777e-05	0.31985700130462646
580320	-3.104892	-1.441614	-0.072660	0.044829	0.319843	0.929917	0.002040989103261381	2.6337448559670777e-05	0.31984269618988037
580440	-3.105041	-1.441119	-0.072208	0.044823	0.320002	0.930338	0.002006301051005721	2.6337448559670777e-05	0.31999924778938293
580560	-3.105155	-1.440565	-0.071620	0.044818	0.320262	0.930885	0.001950657495763153	2.6337448559670777e-05	0.3202614188194275
580680	-3.104872	-1.440085	-0.071618	0.044830	0.320471	0.930887	0.0019114246591925622	3.9506172839506166e-05	0.32046571373939514
580800	-3.104159	-1.439568	-0.071525	0.044862	0.320629	0.930973	0.001862747548148036	2.6337448559670777e-05	0.3206271231174469
580920	-3.103229	-1.439147	-0.070646	0.044904	0.320835	0.931791	0.0018208288121968508	1.7558299039780518e-05	0.3208337724208832
581040	-3.101993	-1.438890	-0.069596	0.044959	0.320994	0.932770	0.0018026317586191	3.9506172839506166e-05	0.3209902346134186
581160	-3.101711	-1.438513	-0.068309	0.044972	0.321180	0.933971	0.0017676786228548735	3.9506172839506166e-05	0.3211774230003357
581280	-3.101256	-1.438034	-0.067003	0.044993	0.321405	0.935192	0.001724921737331897	1.7558299039780518e-05	0.321402370929718
581400	-3.101388	-1.437630	-0.065772	0.044987	0.321586	0.936344	0.0016797061660327017	3.9506172839506166e-05	0.32158610224723816
581520	-3.101086	-1.436853	-0.065118	0.045000	0.321808	0.936956	0.0016207281383685767	1.7558299039780518e-05	0.3218052387237549
581640	-3.101357	-1.436379	-0.064427	0.044988	0.321972	0.937605	0.0015714703942649067	2.6337448559670777e-05	0.3219715356826782
581760	-3.101648	-1.436055	-0.064712	0.044975	0.322103	0.937338	0.0015389110194519162	3.9506172839506166e-05	0.32210180163383484
581880	-3.101526	-1.435678	-0.065195	0.044981	0.322227	0.936885	0.0015036896686069668	1.7558299039780518e-05	0.3222273290157318
582000	-3.102021	-1.435931	-0.065202	0.044958	0.322163	0.936879	0.001528219849569723	2.6337448559670777e-05	0.32216334342956543
582120	-3.102403	-1.436131	-0.066744	0.044941	0.322085	0.935435	0.0015461120172403752	1.7558299039780518e-05	0.32208487391471863
582240	-3.101928	-1.435862	-0.066181	0.044962	0.322180	0.935962	0.0015254013240337371	2.6337448559670777e-05	0.3221798539161682
582360	-3.101438	-1.435305	-0.066372	0.044984	0.322373	0.935783	0.0014802943158429116	1.1705532693187011e-05	0.32237058877944946
582480	-3.101368	-1.434388	-0.065443	0.044988	0.322701	0.936652	0.0014044339361134917	1.7558299039780518e-05	0.322698175907135
582600	-3.101607	-1.434062	-0.064641	0.044977	0.322861	0.937404	0.0013669474283233285	2.6337448559670777e-05	0.3228587508201599
582720	-3.100946	-1.433524	-0.063525	0.045007	0.323047	0.938451	0.0013169750745873898	2.6337448559670777e-05	0.32304462790489197
582840	-3.100966	-1.433366	-0.062734	0.045006	0.323152	0.939193	0.0013020803744439036	1.1705532693187011e-05	0.3231505751609802
582960	-3.100954	-1.432670	-0.062383	0.045006	0.323375	0.939523	0.001239634770900011	3.9506172839506166e-05	0.32337450981140137
583080	-3.101323	-1.432517	-0.062360	0.044990	0.323442	0.939545	0.0012293896405026316	1.1705532693187011e-05	0.3234396278858185
583200	-3.100489	-1.432244	-0.061477	0.045027	0.323573	0.940375	0.0012048048665747046	2.6337448559670777e-05	0.3235689699649811
583320	-3.099797	-1.431734	-0.060839	0.045058	0.323760	0.940975	0.0011522262997459621	1.7558299039780518e-05	0.3237592875957489
583440	-3.099454	-1.431334	-0.059623	0.045074	0.323939	0.942120	0.001117454149061814	3.9506172839506166e-05	0.32393744587898254
583560	-3.099163	-1.431670	-0.059941	0.045087	0.323891	0.941820	0.0011422669631429017	3.9506172839506166e-05	0.3238905370235443
583680	-3.099030	-1.431131	-0.058952	0.045093	0.324108	0.942752	0.0011060843244194984	1.7558299039780518e-05	0.32410508394241333
583800	-3.098713	-1.430748	-0.058885	0.045107	0.324248	0.942815	0.0010621108114719391	3.9506172839506166e-05	0.32424601912498474
583920	-3.098784	-1.430414	-0.058321	0.045104	0.324428	0.943348	0.0010327282303478568	1.7558299039780518e-05	0.32442742586135864
584040	-3.098760	-1.430255	-0.057339	0.045105	0.324526	0.944274	0.001021692604990676	3.9506172839506166e-05	0.32452499866485596
584160	-3.097449	-1.429535	-0.056944	0.045164	0.324802	0.944647	0.0009656774782342836	3.9506172839506166e-05	0.32479554414749146
584280	-3.097931	-1.429021	-0.056635	0.045143	0.324989	0.944939	0.000907863539760001	1.7558299039780518e-05	0.32498881220817566
584400	-3.098065	-1.428870	-0.055952	0.045136	0.325062	0.945585	0.000896093578194268	2.6337448559670777e-05	0.325061559677124
584520	-3.096649	-1.428623	-0.055954	0.045200	0.325179	0.945583	0.0008717191667528823	2.6337448559670777e-05	0.3251792788505554
584640	-3.096164	-1.428162	-0.055973	0.045222	0.325339	0.945565	0.0008362350868992508	2.6337448559670777e-05	0.32533690333366394
584760	-3.095549	-1.427715	-0.055424	0.045250	0.325493	0.946084	0.0007915144349681213	2.6337448559670777e-05	0.32549136877059937
584880	-3.095181	-1.427381	-0.055139	0.045267	0.325643	0.946354	0.0007582745398394764	1.7558299039780518e-05	0.3256431818008423
585000	-3.095144	-1.427091	-0.054195	0.045268	0.325780	0.947248	0.0007309019973035901	2.6337448559670777e-05	0.325779527425766
585120	-3.095398	-1.426112	-0.052873	0.045257	0.326178	0.948500	0.0006541429029311985	3.9506172839506166e-05	0.32617607712745667
585240	-3.095460	-1.425786	-0.053123	0.045254	0.326283	0.948263	0.000625151681015268	3.9506172839506166e-05	0.32628166675567627
585360	-3.094440	-1.425158	-0.051985	0.045300	0.326511	0.949343	0.0005680149624822661	2.6337448559670777e-05	0.32650771737098694
585480	-3.093451	-1.424505	-0.051865	0.045345	0.326714	0.949457	0.0005039712646976114	1.7558299039780518e-05	0.3267127275466919
585600	-3.094226	-1.424109	-0.051961	0.045310	0.326852	0.949366	0.0004647325171390548	2.6337448559670777e-05	0.326852947473526
585720	-3.094299	-1.423549	-0.051561	0.045307	0.327116	0.949745	0.00042990987712983043	5.925925925925925e-05	0.327110230922699
585840	-3.094308	-1.423198	-0.051263	0.045306	0.327304	0.950029	0.00038659035199088975	2.6337448559670777e-05	0.32730311155319214
585960	-3.094261	-1.422927	-0.051155	0.045308	0.327411	0.950131	0.0003622608681325801	2.6337448559670777e-05	0.32740911841392517
586080	-3.094607	-1.422899	-0.052078	0.045293	0.327484	0.949255	0.0003584473073715344	5.925925925925925e-05	0.3274812400341034
586200	-3.093692	-1.422311	-0.052025	0.045334	0.327682	0.949305	0.00031114881130633876	1.1705532693187011e-05	0.3276800215244293
586320	-3.093290	-1.421798	-0.051880	0.045353	0.327840	0.949443	0.00025729429034981877	3.9506172839506166e-05	0.32784005999565125
586440	-3.092607	-1.421161	-0.050836	0.045383	0.328079	0.950435	0.00021325820052879861	2.6337448559670777e-05	0.32807421684265137
586560	-3.092557	-1.420697	-0.050549	0.045386	0.328207	0.950708	0.00016213655180763453	3.9506172839506166e-05	0.3282056450843811
586680	-3.092639	-1.420130	-0.049903	0.045382	0.328410	0.951322	0.00011148822013637983	2.6337448559670777e-05	0.32840877771377563
586800	-3.092070	-1.419819	-0.049398	0.045408	0.328575	0.951802	8.038353735173587e-05	2.6337448559670777e-05	0.3285732865333557
586920	-3.090990	-1.419188	-0.048669	0.045457	0.328823	0.952496	2.4707495776965514e-05	1.7558299039780518e-05	0.3288216292858124
587040	-3.090101	-1.418669	-0.048074	0.045497	0.329004	0.953063	-2.015399882111524e-05	2.6337448559670777e-05	0.3290024399757385
587160	-3.089380	-1.418287	-0.047226	0.045530	0.329172	0.953872	-5.604177622444695e-05	3.9506172839506166e-05	0.3291698098182678
587280	-3.088580	-1.418130	-0.046754	0.045567	0.329281	0.954322	-7.329284962906968e-05	3.9506172839506166e-05	0.3292795717716217
587400	-3.088765	-1.417629	-0.045497	0.045558	0.329531	0.955522	-0.00011535537014424335	1.7558299039780518e-05	0.3295300602912903
587520	-3.087748	-1.417073	-0.044471	0.045605	0.329771	0.956503	-0.0001665048548602499	2.6337448559670777e-05	0.32977020740509033
587640	-3.087554	-1.416849	-0.043915	0.045613	0.329877	0.957036	-0.0001839830831158906	1.7558299039780518e-05	0.32987597584724426
587760	-3.087890	-1.416273	-0.044054	0.045598	0.330125	0.956903	-0.00023519795649917796	1.7558299039780518e-05	0.3301229476928711
587880	-3.087769	-1.416148	-0.043646	0.045604	0.330214	0.957293	-0.0002498971138265915	3.9506172839506166e-05	0.3302128314971924
588000	-3.088264	-1.415964	-0.041580	0.045581	0.330435	0.959273	-0.0002587939437944442	1.7558299039780518e-05	0.33043166995048523
588120	-3.087885	-1.415512	-0.040860	0.045598	0.330634	0.959963	-0.00030350970482686537	2.6337448559670777e-05	0.33063197135925293
588240	-3.087666	-1.415123	-0.039515	0.045608	0.330818	0.961256	-0.00034250234893988817	3.9506172839506166e-05	0.33081668615341187
588360	-3.086586	-1.414923	-0.039309	0.045658	0.330884	0.961454	-0.000363332025881391	2.6337448559670777e-05	0.3308854401111603
588480	-3.086711	-1.414615	-0.038511	0.045652	0.331076	0.962222	-0.00038170307234395293	2.6337448559670777e-05	0.3310716450214386
588600	-3.086465	-1.414349	-0.037994	0.045663	0.331184	0.962719	-0.00041077690257225187	1.7558299039780518e-05	0.33118411898612976
588720	-3.086120	-1.414512	-0.037691	0.045679	0.331187	0.963010	-0.00039736901817377657	3.9506172839506166e-05	0.33118540048599243
588840	-3.085717	-1.413789	-0.036087	0.045697	0.331477	0.964556	-0.00045512919314205647	3.9506172839506166e-05	0.33147332072257996
588960	-3.085059	-1.413379	-0.035983	0.045727	0.331600	0.964656	-0.0004995389434043318	2.6337448559670777e-05	0.3316003680229187
589080	-3.084979	-1.413002	-0.035893	0.045731	0.331734	0.964744	-0.0005292229499900714	5.202458974749783e-06	0.33173230290412903
589200	-3.084562	-1.412565	-0.035951	0.045750	0.331922	0.964688	-0.000569583402830176	3.9506172839506166e-05	0.3319210410118103
589320	-3.085183	-1.412009	-0.035080	0.045722	0.332180	0.965528	-0.000612162338802591	3.9506172839506166e-05	0.3321740925312042
589440	-3.085555	-1.411554	-0.033743	0.045705	0.332363	0.966820	-0.0006625774956773966	3.9506172839506166e-05	0.3323620855808258
589560	-3.086131	-1.411104	-0.033791	0.045678	0.332528	0.966774	-0.0007089859689585864	2.6337448559670777e-05	0.33252963423728943
589680	-3.085602	-1.410748	-0.033662	0.045703	0.332673	0.966898	-0.0007353910041274503	1.7558299039780518e-05	0.3326731026172638
589800	-3.085051	-1.410494	-0.033915	0.045728	0.332741	0.966654	-0.0007554986921604722	3.9506172839506166e-05	0.33273959159851074
589920	-3.084923	-1.409988	-0.033265	0.045734	0.333002	0.967282	-0.0008042849716730416	2.6337448559670777e-05	0.33300137519836426
590040	-3.085650	-1.409674	-0.032855	0.045700	0.333163	0.967679	-0.0008340179134393111	3.9506172839506166e-05	0.333163321018219
590160	-3.084034	-1.409156	-0.032556	0.045774	0.333385	0.967968	-0.0008756755996728316	3.9506172839506166e-05	0.3333822190761566
590280	-3.084011	-1.408634	-0.032280	0.045775	0.333574	0.968235	-0.000924021887476556	1.7558299039780518e-05	0.33357253670692444
590400	-3.083689	-1.408501	-0.032857	0.045790	0.333647	0.967677	-0.0009389793063746765	1.7558299039780518e-05	0.3336467742919922
590520	-3.082865	-1.408058	-0.031843	0.045828	0.333785	0.968659	-0.0009711674181744456	2.6337448559670777e-05	0.33378127217292786
590640	-3.083188	-1.407803	-0.031901	0.045813	0.333904	0.968602	-0.0009963884134776891	2.6337448559670777e-05	0.33390241861343384
590760	-3.081925	-1.407272	-0.032260	0.045871	0.334066	0.968255	-0.001042509189574048	2.6337448559670777e-05	0.3340632915496826
590880	-3.082046	-1.407033	-0.032496	0.045865	0.334136	0.968027	-0.001072882500011474	1.7558299039780518e-05	0.334136962890625
591000	-3.082248	-1.406554	-0.031629	0.045856	0.334322	0.968866	-0.001105504739098251	3.9506172839506166e-05	0.33431828022003174
591120	-3.082769	-1.406155	-0.030943	0.045832	0.334501	0.969530	-0.0011490884702652694	2.6337448559670777e-05	0.3344999849796295
591240	-3.082844	-1.405931	-0.029923	0.045829	0.334654	0.970520	-0.0011683846882078797	3.9506172839506166e-05	0.3346520960330963
591360	-3.082715	-1.405423	-0.029193	0.045835	0.334842	0.971229	-0.001213951501995325	2.6337448559670777e-05	0.3348407745361328
591480	-3.082539	-1.404943	-0.029093	0.045843	0.335019	0.971326	-0.0012460403726436199	3.9506172839506166e-05	0.33501243591308594
591600	-3.082903	-1.404359	-0.029257	0.045826	0.335216	0.971166	-0.0013093408837448806	2.6337448559670777e-05	0.33521512150764465
591720	-3.081328	-1.404367	-0.029448	0.045898	0.335247	0.970982	-0.0013065118342638015	3.9506172839506166e-05	0.3352440893650055
591840	-3.080701	-1.403906	-0.028763	0.045927	0.335420	0.971647	-0.001346662308787927	1.7558299039780518e-05	0.3354175388813019
591960	-3.080644	-1.403527	-0.028471	0.045930	0.335561	0.971931	-0.0013885488791856916	2.6337448559670777e-05	0.3355608284473419
592080	-3.080886	-1.403461	-0.027847	0.045919	0.335631	0.972538	-0.0013902826409321277	2.6337448559670777e-05	0.33562880754470825
592200	-3.080901	-1.403250	-0.026668	0.045918	0.335763	0.973684	-0.001406587875680998	1.7558299039780518e-05	0.3357604146003723
592320	-3.081573	-1.402876	-0.025266	0.045887	0.336021	0.975051	-0.001450302201556042	2.6337448559670777e-05	0.33602282404899597
592440	-3.080053	-1.402107	-0.025196	0.045957	0.336302	0.975118	-0.0015045070846099406	2.6337448559670777e-05	0.33629727363586426
592560	-3.079532	-1.401647	-0.024723	0.045981	0.336494	0.975581	-0.0015536309918388724	1.7558299039780518e-05	0.3364928364753723
592680	-3.079185	-1.401104	-0.024238	0.045997	0.336699	0.976054	-0.0015995020512491465	3.9506172839506166e-05	0.33669620752334595
592800	-3.078590	-1.400675	-0.024385	0.046024	0.336860	0.975910	-0.0016340421629138292	1.7558299039780518e-05	0.33685609698295593
592920	-3.078207	-1.399999	-0.023945	0.046042	0.337082	0.976339	-0.0017006856331136077	1.7558299039780518e-05	0.33708107471466064
593040	-3.078482	-1.399833	-0.022636	0.046029	0.337236	0.977619	-0.0017143963137641548	3.9506172839506166e-05	0.3372345268726349
593160	-3.078470	-1.399550	-0.022515	0.046030	0.337344	0.977737	-0.0017445713630877436	3.9506172839506166e-05	0.33734312653541565
593280	-3.078196	-1.399201	-0.022315	0.046042	0.337512	0.977933	-0.0017774445528630166	3.9506172839506166e-05	0.33751338720321655
593400	-3.077003	-1.398621	-0.021761	0.046097	0.337700	0.978474	-0.001820848195347935	2.6337448559670777e-05	0.3376980423927307
593520	-3.076394	-1.398264	-0.020768	0.046125	0.337840	0.979446	-0.0018518196535296737	3.9506172839506166e-05	0.33783620595932007
593640	-3.077016	-1.397997	-0.020698	0.046097	0.337944	0.979515	-0.0018847677274607122	3.9506172839506166e-05	0.3379444479942322
593760	-3.077512	-1.398106	-0.020852	0.046074	0.337954	0.979364	-0.0018753584881778806	2.6337448559670777e-05	0.33795320987701416
593880	-3.078017	-1.397656	-0.020831	0.046050	0.338142	0.979384	-0.0019120543147437274	1.7558299039780518e-05	0.33813992142677307
594000	-3.077028	-1.397049	-0.019631	0.046096	0.338405	0.980561	-0.001965394476428628	1.7558299039780518e-05	0.33840325474739075
594120	-3.077584	-1.396728	-0.018973	0.046070	0.338646	0.981206	-0.001996807847172022	3.9506172839506166e-05	0.3386440873146057
594240	-3.077188	-1.396675	-0.018465	0.046089	0.338692	0.981705	-0.0020022635464556513	1.7558299039780518e-05	0.3386908173561096
594360	-3.077688	-1.396513	-0.017676	0.046066	0.338806	0.982480	-0.0020148798823356627	1.7558299039780518e-05	0.33880501985549927
594480	-3.077726	-1.396345	-0.016577	0.046064	0.338907	0.983559	-0.0020219914033077655	3.9506172839506166e-05	0.33890095353126526
594600	-3.078505	-1.395650	-0.015289	0.046028	0.339235	0.984827	-0.00209168407600373	2.6337448559670777e-05	0.3392332196235657
594720	-3.077592	-1.395300	-0.013809	0.046070	0.339450	0.986286	-0.0021241474896669388	3.9506172839506166e-05	0.3394494354724884
594840	-3.077722	-1.395169	-0.013888	0.046064	0.339569	0.986208	-0.002137052163016051	3.9506172839506166e-05	0.3395662009716034
594960	-3.077785	-1.394717	-0.013044	0.046061	0.339822	0.987041	-0.002173407271038741	3.9506172839506166e-05	0.33981838822364807
595080	-3.078420	-1.394744	-0.012965	0.046032	0.339873	0.987119	-0.0021755628869868813	2.6337448559670777e-05	0.3398735523223877
595200	-3.079779	-1.394970	-0.012545	0.045969	0.339896	0.987533	-0.0021534224622882904	3.9506172839506166e-05	0.33989396691322327
595320	-3.079763	-1.394321	-0.012109	0.045970	0.340158	0.987964	-0.002212431968655437	2.6337448559670777e-05	0.34015676379203796
595440	-3.080817	-1.394071	-0.012932	0.045922	0.340280	0.987152	-0.0022353593492880465	3.9506172839506166e-05	0.34027835726737976
595560	-3.081759	-1.394102	-0.012491	0.045878	0.340378	0.987587	-0.0022418859181925653	5.925925925925925e-05	0.3403777778148651
595680	-3.083147	-1.394312	-0.011958	0.045815	0.340485	0.988113	-0.002213973191101104	2.6337448559670777e-05	0.34048426151275635
595800	-3.082879	-1.393689	-0.011260	0.045827	0.340742	0.988804	-0.002272377838380635	1.1705532693187011e-05	0.34074118733406067
595920	-3.082014	-1.393469	-0.010215	0.045867	0.340863	0.989837	-0.00228511281311512	3.9506172839506166e-05	0.340860515832901
596040	-3.081609	-1.392671	-0.008594	0.045885	0.341218	0.991442	-0.002358921873383224	2.6337448559670777e-05	0.34121450781822205
596160	-3.082309	-1.392668	-0.007682	0.045853	0.341278	0.992347	-0.0023654612596146762	3.9506172839506166e-05	0.34127846360206604
596280	-3.081627	-1.392383	-0.006968	0.045885	0.341406	0.993057	-0.0023815322085283695	2.6337448559670777e-05	0.3414009213447571
596400	-3.081023	-1.391920	-0.006219	0.045912	0.341621	0.993801	-0.002425343298818916	1.1705532693187011e-05	0.34161844849586487
596520	-3.080702	-1.391371	-0.005874	0.045927	0.341781	0.994144	-0.0024767978931777178	2.6337448559670777e-05	0.34177955985069275
596640	-3.080127	-1.390975	-0.005639	0.045953	0.341959	0.994377	-0.002512578316964209	2.6337448559670777e-05	0.3419569432735443
596760	-3.079429	-1.390688	-0.005109	0.045985	0.342060	0.994904	-0.0025418081204406917	1.7558299039780518e-05	0.34206005930900574
596880	-3.079234	-1.390352	-0.004339	0.045994	0.342260	0.995671	-0.0025681329774670304	1.7558299039780518e-05	0.34225934743881226
597000	-3.078856	-1.389789	-0.004417	0.046012	0.342450	0.995593	-0.0026254683383740486	3.9506172839506166e-05	0.3424524962902069
597120	-3.079073	-1.389357	-0.004064	0.046002	0.342569	0.995944	-0.002657469513360411	3.9506172839506166e-05	0.34256646037101746
597240	-3.079824	-1.389313	-0.002949	0.045967	0.342678	0.997055	-0.002663019474130124	3.9506172839506166e-05	0.34267574548721313
597360	-3.080982	-1.389054	-0.002906	0.045914	0.342817	0.997098	-0.0026852556155063214	1.1705532693187011e-05	0.3428151309490204
597480	-3.080956	-1.388287	-0.002993	0.045915	0.343103	0.997011	-0.0027523770462721587	3.9506172839506166e-05	0.343100368976593
597600	-3.081732	-1.388275	-0.002799	0.045880	0.343178	0.997205	-0.0027624109294265508	2.6337448559670777e-05	0.3431776463985443
597720	-3.081772	-1.388215	-0.001879	0.045878	0.343338	0.998123	-0.002767563296947628	2.6337448559670777e-05	0.3433375060558319
597840	-3.082162	-1.387963	-0.001986	0.045860	0.343433	0.998016	-0.002790734765585512	3.9506172839506166e-05	0.343435138463974
597960	-3.081881	-1.387776	-0.002026	0.045873	0.343516	0.997976	-0.002808484435081482	3.9506172839506166e-05	0.3435169458389282
598080	-3.081990	-1.387403	-0.001024	0.045868	0.343746	0.998976	-0.002829370996914804	3.9506172839506166e-05	0.3437440097332001
598200	-3.081876	-1.386957	-0.000543	0.045873	0.343956	0.999457	-0.0028770920471288264	2.6337448559670777e-05	0.34395453333854675
598320	-3.083966	-1.386755	0.001375	0.045777	0.344114	1.001375	-0.0029034099308773874	3.9506172839506166e-05	0.3441162407398224
598440	-3.084081	-1.386304	0.002601	0.045772	0.344333	1.002604	-0.0029325020499527455	2.6337448559670777e-05	0.34433045983314514
598560	-3.083705	-1.386172	0.004287	0.045789	0.344517	1.004296	-0.002951694733928889	2.6337448559670777e-05	0.34451597929000854
598680	-3.083845	-1.385718	0.004917	0.045783	0.344760	1.004929	-0.002987333294004202	2.6337448559670777e-05	0.3447588384151459
598800	-3.084014	-1.385703	0.004311	0.045775	0.344741	1.004320	-0.002992386487312615	2.6337448559670777e-05	0.3447417616844177
598920	-3.083146	-1.385250	0.003806	0.045815	0.344841	1.003814	-0.0030280205071903767	1.1705532693187011e-05	0.3448393940925598
599040	-3.082973	-1.384948	0.003793	0.045823	0.345039	1.003801	-0.003052316594403237	3.9506172839506166e-05	0.3450348377227783
599160	-3.082961	-1.384448	0.005442	0.045823	0.345313	1.005457	-0.0031009455327875913	2.6337448559670777e-05	0.3453124165534973
599280	-3.082335	-1.383714	0.004848	0.045852	0.345563	1.004860	-0.003158580989111215	2.6337448559670777e-05	0.34555885195732117
599400	-3.082298	-1.383549	0.004579	0.045854	0.345641	1.004589	-0.0031857628258876503	2.6337448559670777e-05	0.3456410765647888
599520	-3.082214	-1.382879	0.005083	0.045858	0.345894	1.005096	-0.00323492931202054	3.9506172839506166e-05	0.3458906412124634
599640	-3.082163	-1.382111	0.005350	0.045860	0.346246	1.005364	-0.0033110863994807007	5.925925925925925e-05	0.3462430536746979
599760	-3.081681	-1.381612	0.006314	0.045882	0.346449	1.006334	-0.0033591179409995673	1.1705532693187011e-05	0.34644827246665955
599880	-3.080978	-1.381106	0.007097	0.045914	0.346657	1.007122	-0.0033985528163611887	1.7558299039780518e-05	0.34665465354919434
600000	-3.081436	-1.380679	0.007200	0.045893	0.346875	1.007226	-0.003437667293474078	1.1705532693187011e-05	0.3468729555606842
