step	log_std_min	log_std_mean	log_std_max	std_min	std_mean	std_max	entropy_loss	learning_rate	tensorboard_std_mean
120	-2.000815	-1.998263	-1.995740	0.135225	0.135571	0.135913	0.05214142724871636	2.6337448559670777e-05	0.1355704367160797
240	-2.001052	-1.998056	-1.994592	0.135193	0.135599	0.136069	0.052122933231294154	2.6337448559670777e-05	0.13559849560260773
360	-2.002160	-1.997691	-1.993830	0.135043	0.135648	0.136173	0.052094731293618676	2.6337448559670777e-05	0.13564758002758026
480	-2.001617	-1.996993	-1.992635	0.135117	0.135743	0.136336	0.05203358102589846	2.6337448559670777e-05	0.1357423961162567
600	-2.002046	-1.996365	-1.991991	0.135059	0.135829	0.136423	0.05197025258094072	2.6337448559670777e-05	0.13582846522331238
720	-2.001924	-1.996276	-1.991244	0.135075	0.135841	0.136525	0.05196130480617285	2.6337448559670777e-05	0.13584090769290924
840	-2.001987	-1.995691	-1.990205	0.135067	0.135921	0.136667	0.05191710777580738	2.6337448559670777e-05	0.135919451713562
960	-2.001820	-1.995299	-1.989415	0.135089	0.135974	0.136775	0.05187147166579962	2.6337448559670777e-05	0.1359744369983673
1080	-2.002406	-1.994870	-1.989009	0.135010	0.136033	0.136831	0.051840169727802275	2.6337448559670777e-05	0.13603155314922333
1200	-2.002626	-1.994714	-1.988914	0.134980	0.136054	0.136844	0.051821930520236495	2.6337448559670777e-05	0.13605305552482605
1320	-2.003157	-1.994322	-1.988123	0.134909	0.136107	0.136952	0.051790735125541686	2.6337448559670777e-05	0.13610628247261047
1440	-2.002559	-1.994081	-1.987203	0.134989	0.136140	0.137078	0.05176610592752695	2.6337448559670777e-05	0.13613955676555634
1560	-2.003087	-1.993809	-1.986392	0.134918	0.136177	0.137189	0.05174323357641697	2.6337448559670777e-05	0.13617675006389618
1680	-2.002437	-1.993633	-1.986289	0.135006	0.136201	0.137204	0.05172090567648411	3.9506172839506166e-05	0.13620160520076752
1800	-2.003329	-1.993429	-1.985882	0.134886	0.136229	0.137259	0.051710952259600165	2.6337448559670777e-05	0.13622842729091644
1920	-2.003727	-1.993396	-1.984589	0.134832	0.136234	0.137437	0.05170215014368296	3.9506172839506166e-05	0.13623392581939697
2040	-2.003130	-1.993218	-1.983886	0.134912	0.136258	0.137534	0.05169170666486025	2.6337448559670777e-05	0.13625717163085938
2160	-2.000324	-1.992597	-1.983301	0.135292	0.136343	0.137614	0.05163517873734236	3.9506172839506166e-05	0.1363419145345688
2280	-2.001024	-1.992378	-1.982428	0.135197	0.136373	0.137734	0.0516130518168211	1.7558299039780518e-05	0.1363726407289505
2400	-2.001336	-1.992343	-1.982053	0.135155	0.136378	0.137786	0.05160588249564171	2.6337448559670777e-05	0.13637776672840118
2520	-2.002051	-1.992332	-1.981467	0.135058	0.136380	0.137867	0.05160623472183943	3.9506172839506166e-05	0.13637952506542206
2640	-2.002769	-1.992217	-1.980526	0.134961	0.136396	0.137997	0.05158723499625921	3.9506172839506166e-05	0.13639713823795319
2760	-2.001959	-1.992037	-1.979382	0.135070	0.136420	0.138155	0.05158062782138586	2.6337448559670777e-05	0.13642019033432007
2880	-2.003140	-1.991893	-1.978248	0.134911	0.136441	0.138311	0.05156390238553286	3.9506172839506166e-05	0.13644109666347504
3000	-2.004841	-1.991763	-1.977558	0.134682	0.136459	0.138407	0.05156248863786459	3.9506172839506166e-05	0.1364573985338211
3120	-2.005140	-1.991616	-1.978412	0.134641	0.136479	0.138289	0.05154234990477562	3.9506172839506166e-05	0.13647887110710144
3240	-2.006620	-1.991692	-1.976608	0.134442	0.136470	0.138538	0.051547189615666865	3.9506172839506166e-05	0.136469766497612
3360	-2.008147	-1.991808	-1.976795	0.134237	0.136455	0.138512	0.05156238358467817	3.9506172839506166e-05	0.13645386695861816
3480	-2.008105	-1.991557	-1.975243	0.134243	0.136490	0.138728	0.05154095552861691	3.9506172839506166e-05	0.13648875057697296
3600	-2.008511	-1.991505	-1.975089	0.134188	0.136497	0.138749	0.051528245024383065	3.9506172839506166e-05	0.13649795949459076
3720	-2.010474	-1.991759	-1.974499	0.133925	0.136464	0.138831	0.05154819749295712	3.9506172839506166e-05	0.13646458089351654
3840	-2.012402	-1.991951	-1.973765	0.133667	0.136439	0.138933	0.05157690830528736	3.9506172839506166e-05	0.1364375203847885
3960	-2.013623	-1.991747	-1.973884	0.133504	0.136468	0.138916	0.05156019199639559	3.9506172839506166e-05	0.13646627962589264
4080	-2.015266	-1.991869	-1.973304	0.133285	0.136452	0.138997	0.05155699253082276	2.6337448559670777e-05	0.13645263016223907
4200	-2.016648	-1.991910	-1.972496	0.133101	0.136448	0.139109	0.05156669430434704	3.9506172839506166e-05	0.13644757866859436
4320	-2.018531	-1.992147	-1.973097	0.132850	0.136416	0.139026	0.05159349031746387	3.9506172839506166e-05	0.1364152729511261
4440	-2.020762	-1.992357	-1.972749	0.132554	0.136389	0.139074	0.051602637954056264	3.9506172839506166e-05	0.1363900899887085
4560	-2.021442	-1.992416	-1.972018	0.132464	0.136383	0.139176	0.05160933993756771	2.6337448559670777e-05	0.13638344407081604
4680	-2.023901	-1.992897	-1.972065	0.132139	0.136320	0.139169	0.0516515301540494	3.9506172839506166e-05	0.13632050156593323
4800	-2.026130	-1.993384	-1.970272	0.131845	0.136256	0.139419	0.051700188778340816	3.9506172839506166e-05	0.1362553834915161
4920	-2.027536	-1.993383	-1.969860	0.131660	0.136257	0.139476	0.051699448563158515	3.9506172839506166e-05	0.13625727593898773
5040	-2.028658	-1.993651	-1.969427	0.131512	0.136224	0.139537	0.05172248538583517	3.9506172839506166e-05	0.1362239569425583
5160	-2.030087	-1.993917	-1.968348	0.131324	0.136190	0.139687	0.05174864362925291	3.9506172839506166e-05	0.13618960976600647
5280	-2.031337	-1.993959	-1.968376	0.131160	0.136186	0.139684	0.05175402425229549	3.9506172839506166e-05	0.13618579506874084
5400	-2.032686	-1.994149	-1.967544	0.130983	0.136162	0.139800	0.051766892150044444	3.9506172839506166e-05	0.13616250455379486
5520	-2.033189	-1.994193	-1.966995	0.130917	0.136158	0.139877	0.051770541444420816	3.9506172839506166e-05	0.1361580193042755
5640	-2.034728	-1.994492	-1.967598	0.130716	0.136118	0.139792	0.05180096235126257	1.7558299039780518e-05	0.13611818850040436
5760	-2.035926	-1.994469	-1.967778	0.130560	0.136123	0.139767	0.05179812144488096	2.6337448559670777e-05	0.1361229568719864
5880	-2.037270	-1.994352	-1.967097	0.130384	0.136141	0.139862	0.05178875755518675	2.6337448559670777e-05	0.13614065945148468
6000	-2.037593	-1.994195	-1.965964	0.130342	0.136164	0.140021	0.05177510064095259	2.6337448559670777e-05	0.13616348803043365
6120	-2.038437	-1.994174	-1.965533	0.130232	0.136168	0.140081	0.05177240520715713	3.9506172839506166e-05	0.1361672729253769
6240	-2.038759	-1.994014	-1.964721	0.130190	0.136191	0.140195	0.051756365783512594	3.9506172839506166e-05	0.1361912488937378
6360	-2.038338	-1.993809	-1.963716	0.130245	0.136220	0.140336	0.051741231605410574	2.6337448559670777e-05	0.13621976971626282
6480	-2.038721	-1.993675	-1.963146	0.130195	0.136240	0.140416	0.051727832108736035	3.9506172839506166e-05	0.13623949885368347
6600	-2.040147	-1.993724	-1.962376	0.130010	0.136235	0.140524	0.05172871667891741	5.925925925925925e-05	0.13623560965061188
6720	-2.041081	-1.993840	-1.962682	0.129888	0.136221	0.140481	0.05174159426242113	3.9506172839506166e-05	0.13622121512889862
6840	-2.042575	-1.993884	-1.962909	0.129694	0.136218	0.140449	0.051743772253394126	3.9506172839506166e-05	0.13621796667575836
6960	-2.043679	-1.993811	-1.962059	0.129551	0.136230	0.140569	0.05173894073814154	2.6337448559670777e-05	0.13622982800006866
7080	-2.044639	-1.993770	-1.960929	0.129427	0.136237	0.140728	0.0517344756051898	2.6337448559670777e-05	0.13623735308647156
7200	-2.045225	-1.993822	-1.960096	0.129351	0.136231	0.140845	0.05173719301819801	3.9506172839506166e-05	0.13623186945915222
7320	-2.046618	-1.993793	-1.959462	0.129171	0.136238	0.140934	0.051736227422952655	3.9506172839506166e-05	0.13623768091201782
7440	-2.047824	-1.993965	-1.959620	0.129015	0.136216	0.140912	0.05175184346735477	3.9506172839506166e-05	0.1362159550189972
7560	-2.049015	-1.993924	-1.959189	0.128862	0.136224	0.140973	0.0517420195043087	3.9506172839506166e-05	0.1362251490354538
7680	-2.050548	-1.994063	-1.960747	0.128664	0.136206	0.140753	0.05175692178308964	3.9506172839506166e-05	0.13620714843273163
7800	-2.050765	-1.994316	-1.958886	0.128636	0.136174	0.141015	0.05178445614874363	3.9506172839506166e-05	0.13617393374443054
7920	-2.051797	-1.994333	-1.958899	0.128504	0.136174	0.141014	0.05178320910781622	3.9506172839506166e-05	0.13617418706417084
8040	-2.053377	-1.994272	-1.958635	0.128301	0.136186	0.141051	0.051779575645923615	3.9506172839506166e-05	0.13618558645248413
8160	-2.054109	-1.994311	-1.958937	0.128207	0.136183	0.141008	0.0517847066745162	3.9506172839506166e-05	0.13618288934230804
8280	-2.055880	-1.994599	-1.958158	0.127980	0.136146	0.141118	0.051804417930543425	3.9506172839506166e-05	0.13614700734615326
8400	-2.058816	-1.994743	-1.956668	0.127605	0.136130	0.141329	0.05182321313768625	3.9506172839506166e-05	0.1361297369003296
8520	-2.059377	-1.995035	-1.956074	0.127533	0.136093	0.141413	0.05184698533266783	3.9506172839506166e-05	0.13609345257282257
8640	-2.060305	-1.994779	-1.955521	0.127415	0.136130	0.141491	0.05182725694030523	3.9506172839506166e-05	0.13612985610961914
8760	-2.061727	-1.994938	-1.955501	0.127234	0.136111	0.141494	0.051840159110724926	3.9506172839506166e-05	0.1361106038093567
8880	-2.062977	-1.994986	-1.955464	0.127075	0.136106	0.141499	0.05184776335954666	3.9506172839506166e-05	0.13610534369945526
9000	-2.063656	-1.994794	-1.956179	0.126989	0.136135	0.141398	0.05182936768978834	3.9506172839506166e-05	0.1361347883939743
9120	-2.066316	-1.994877	-1.956108	0.126651	0.136128	0.141408	0.05183769706636667	3.9506172839506166e-05	0.13612733781337738
9240	-2.068328	-1.994830	-1.955582	0.126397	0.136140	0.141482	0.05183054190129042	3.9506172839506166e-05	0.13613945245742798
9360	-2.068781	-1.994667	-1.954629	0.126340	0.136166	0.141617	0.05181723441928625	3.9506172839506166e-05	0.1361655294895172
9480	-2.070775	-1.994404	-1.952846	0.126088	0.136207	0.141870	0.05179180074483156	3.9506172839506166e-05	0.13620708882808685
9600	-2.071934	-1.994393	-1.952201	0.125942	0.136212	0.141961	0.05178770236670971	3.9506172839506166e-05	0.1362125724554062
9720	-2.071707	-1.994181	-1.951317	0.125971	0.136245	0.142087	0.05177241377532482	3.9506172839506166e-05	0.13624455034732819
9840	-2.073410	-1.994242	-1.951261	0.125756	0.136241	0.142095	0.05177653096616268	3.9506172839506166e-05	0.13624127209186554
9960	-2.074351	-1.994355	-1.950070	0.125638	0.136228	0.142264	0.051787839457392695	3.9506172839506166e-05	0.13622799515724182
10080	-2.077644	-1.994885	-1.950045	0.125225	0.136161	0.142268	0.051830974593758586	2.6337448559670777e-05	0.13616162538528442
10200	-2.078664	-1.995131	-1.950212	0.125097	0.136130	0.142244	0.051856205239892005	3.9506172839506166e-05	0.13613025844097137
10320	-2.081738	-1.995101	-1.951181	0.124713	0.136140	0.142106	0.051861006394028665	3.9506172839506166e-05	0.1361386924982071
10440	-2.082958	-1.994951	-1.949723	0.124561	0.136164	0.142313	0.05184294618666172	3.9506172839506166e-05	0.13616333901882172
10560	-2.084121	-1.994735	-1.950747	0.124416	0.136198	0.142168	0.05182452090084553	3.9506172839506166e-05	0.13619716465473175
10680	-2.085704	-1.994768	-1.950689	0.124220	0.136197	0.142176	0.05182660315185785	3.9506172839506166e-05	0.13619674742221832
10800	-2.087955	-1.994486	-1.952109	0.123940	0.136241	0.141974	0.05180457644164562	5.925925925925925e-05	0.1362399309873581
10920	-2.090306	-1.994398	-1.951625	0.123649	0.136259	0.142043	0.051791710406541826	3.9506172839506166e-05	0.13625866174697876
11040	-2.092596	-1.994519	-1.950684	0.123366	0.136247	0.142177	0.051801668293774125	3.9506172839506166e-05	0.13624732196331024
11160	-2.093720	-1.994527	-1.950019	0.123228	0.136251	0.142271	0.05179870463907719	3.9506172839506166e-05	0.13625144958496094
11280	-2.095679	-1.994408	-1.948674	0.122987	0.136273	0.142463	0.05179442148655653	3.9506172839506166e-05	0.13627292215824127
11400	-2.097052	-1.994336	-1.948508	0.122818	0.136287	0.142487	0.05178953520953655	3.9506172839506166e-05	0.13628610968589783
11520	-2.100331	-1.994287	-1.947014	0.122416	0.136298	0.142700	0.0517869345843792	2.6337448559670777e-05	0.13629716634750366
11640	-2.102865	-1.994093	-1.945637	0.122106	0.136329	0.142896	0.05176285076886415	3.9506172839506166e-05	0.1363290548324585
11760	-2.105687	-1.993621	-1.945080	0.121762	0.136398	0.142976	0.051723424717783927	3.9506172839506166e-05	0.13639713823795319
11880	-2.107997	-1.993348	-1.945038	0.121481	0.136440	0.142982	0.051698912680149076	3.9506172839506166e-05	0.13644030690193176
12000	-2.110379	-1.993291	-1.944638	0.121192	0.136453	0.143039	0.051695135235786435	3.9506172839506166e-05	0.13645219802856445
12120	-2.111974	-1.992917	-1.943606	0.120999	0.136509	0.143187	0.05166235398501158	3.9506172839506166e-05	0.13650844991207123
12240	-2.113366	-1.992672	-1.942722	0.120831	0.136549	0.143313	0.05163771267980337	3.9506172839506166e-05	0.1365484595298767
12360	-2.115467	-1.992210	-1.942253	0.120577	0.136617	0.143381	0.05159651041030884	3.9506172839506166e-05	0.13661685585975647
12480	-2.118179	-1.992020	-1.941244	0.120250	0.136649	0.143525	0.05157883912324905	3.9506172839506166e-05	0.1366492211818695
12600	-2.120772	-1.992095	-1.941484	0.119939	0.136645	0.143491	0.05158472862094641	3.9506172839506166e-05	0.13664476573467255
12720	-2.122719	-1.992154	-1.941036	0.119706	0.136641	0.143555	0.05159198939800262	3.9506172839506166e-05	0.13664020597934723
12840	-2.124943	-1.992051	-1.940282	0.119440	0.136661	0.143663	0.05157915409654379	3.9506172839506166e-05	0.13666069507598877
12960	-2.127357	-1.991779	-1.938900	0.119152	0.136705	0.143862	0.05155716147273779	3.9506172839506166e-05	0.13670477271080017
13080	-2.130371	-1.991499	-1.938579	0.118793	0.136751	0.143908	0.05153671577572823	3.9506172839506166e-05	0.13674946129322052
13200	-2.132667	-1.991095	-1.937516	0.118521	0.136812	0.144061	0.05150087382644415	3.9506172839506166e-05	0.13681048154830933
13320	-2.134221	-1.991200	-1.936944	0.118337	0.136802	0.144144	0.05150400958955288	3.9506172839506166e-05	0.13680149614810944
13440	-2.136495	-1.991004	-1.936618	0.118068	0.136834	0.144191	0.05148868933320046	3.9506172839506166e-05	0.13683387637138367
13560	-2.138596	-1.991005	-1.936581	0.117820	0.136837	0.144196	0.05148239508271217	3.9506172839506166e-05	0.13683782517910004
13680	-2.140308	-1.990966	-1.936082	0.117619	0.136846	0.144268	0.05147924199700356	3.9506172839506166e-05	0.13684645295143127
13800	-2.143271	-1.991026	-1.935940	0.117271	0.136843	0.144289	0.05149151049554348	3.9506172839506166e-05	0.13684266805648804
13920	-2.146147	-1.990683	-1.933881	0.116934	0.136896	0.144586	0.05145899783819914	3.9506172839506166e-05	0.1368955820798874
14040	-2.147985	-1.990505	-1.931692	0.116719	0.136926	0.144903	0.05144369602203369	5.925925925925925e-05	0.13692519068717957
14160	-2.150266	-1.990104	-1.931026	0.116453	0.136986	0.144999	0.051404795981943606	2.6337448559670777e-05	0.13698577880859375
14280	-2.153255	-1.990093	-1.931574	0.116106	0.136994	0.144920	0.051405555568635464	5.925925925925925e-05	0.13699421286582947
14400	-2.154781	-1.989647	-1.930534	0.115929	0.137060	0.145071	0.051367757469415666	3.9506172839506166e-05	0.13705989718437195
14520	-2.158210	-1.989401	-1.929654	0.115532	0.137102	0.145198	0.05134167410433292	5.925925925925925e-05	0.1371026486158371
14640	-2.161005	-1.989385	-1.929326	0.115209	0.137111	0.145246	0.05134027842432261	3.9506172839506166e-05	0.13711117208003998
14760	-2.163025	-1.989303	-1.928434	0.114977	0.137129	0.145376	0.05133370906114578	3.9506172839506166e-05	0.13712868094444275
14880	-2.165321	-1.989165	-1.927296	0.114713	0.137154	0.145541	0.0513236166909337	2.6337448559670777e-05	0.13715361058712006
15000	-2.167960	-1.988971	-1.927109	0.114411	0.137186	0.145568	0.05129948537796736	3.9506172839506166e-05	0.13718679547309875
15120	-2.169200	-1.988600	-1.925908	0.114269	0.137244	0.145743	0.05127248242497444	3.9506172839506166e-05	0.1372438222169876
15240	-2.170937	-1.988387	-1.924753	0.114071	0.137282	0.145912	0.05125165395438671	3.9506172839506166e-05	0.13728152215480804
15360	-2.172358	-1.988525	-1.924650	0.113909	0.137267	0.145927	0.05126211289316416	3.9506172839506166e-05	0.13726644217967987
15480	-2.175083	-1.988270	-1.924978	0.113599	0.137306	0.145879	0.05124398842453957	3.9506172839506166e-05	0.13730554282665253
15600	-2.176141	-1.988072	-1.923088	0.113479	0.137336	0.146155	0.05122304800897837	3.9506172839506166e-05	0.13733555376529694
15720	-2.177084	-1.987640	-1.920980	0.113372	0.137400	0.146463	0.05118407234549523	3.9506172839506166e-05	0.1373995840549469
15840	-2.179538	-1.987701	-1.920973	0.113094	0.137397	0.146464	0.051187027059495446	3.9506172839506166e-05	0.1373969167470932
15960	-2.181929	-1.987426	-1.920154	0.112824	0.137440	0.146584	0.051166529208421706	3.9506172839506166e-05	0.13743919134140015
16080	-2.184533	-1.987321	-1.919429	0.112530	0.137461	0.146691	0.05116234365850687	3.9506172839506166e-05	0.13745929300785065
16200	-2.187575	-1.987377	-1.918281	0.112189	0.137460	0.146859	0.05115691386163235	3.9506172839506166e-05	0.13746018707752228
16320	-2.190095	-1.987433	-1.919472	0.111906	0.137457	0.146684	0.05116680543869734	3.9506172839506166e-05	0.13745616376399994
16440	-2.191780	-1.987258	-1.919189	0.111718	0.137483	0.146726	0.05115138478577137	3.9506172839506166e-05	0.13748233020305634
16560	-2.193799	-1.986984	-1.918675	0.111492	0.137526	0.146801	0.051126891002058986	3.9506172839506166e-05	0.13752584159374237
16680	-2.195565	-1.986945	-1.918708	0.111296	0.137535	0.146797	0.05112228151410818	3.9506172839506166e-05	0.13753488659858704
16800	-2.198404	-1.986699	-1.918409	0.110980	0.137577	0.146840	0.051103815995156766	3.9506172839506166e-05	0.13757559657096863
16920	-2.201241	-1.986271	-1.918665	0.110666	0.137643	0.146803	0.05106490682810545	3.9506172839506166e-05	0.13764207065105438
17040	-2.203044	-1.986065	-1.917988	0.110466	0.137676	0.146902	0.05103753656148911	2.6337448559670777e-05	0.13767676055431366
17160	-2.205899	-1.985561	-1.916676	0.110152	0.137754	0.147095	0.051003900729119776	5.925925925925925e-05	0.1377532035112381
17280	-2.208917	-1.985413	-1.917290	0.109820	0.137781	0.147005	0.05098831448704004	3.9506172839506166e-05	0.13777944445610046
17400	-2.211147	-1.985238	-1.917397	0.109575	0.137810	0.146989	0.050965968333184716	3.9506172839506166e-05	0.1378100961446762
17520	-2.213961	-1.984893	-1.917178	0.109267	0.137862	0.147021	0.05094476398080587	3.9506172839506166e-05	0.13786081969738007
17640	-2.215781	-1.984510	-1.916589	0.109068	0.137924	0.147108	0.050900644063949584	3.9506172839506166e-05	0.13792453706264496
17760	-2.218474	-1.984324	-1.915852	0.108775	0.137956	0.147216	0.050886007770895955	2.6337448559670777e-05	0.1379559189081192
17880	-2.220888	-1.983860	-1.916061	0.108513	0.138027	0.147186	0.05085085425525904	3.9506172839506166e-05	0.13802602887153625
18000	-2.223418	-1.983470	-1.916867	0.108238	0.138089	0.147067	0.050809651613235474	3.9506172839506166e-05	0.13808852434158325
18120	-2.225005	-1.982973	-1.915838	0.108067	0.138164	0.147218	0.05077126305550337	3.9506172839506166e-05	0.13816280663013458
18240	-2.227822	-1.982419	-1.913335	0.107763	0.138249	0.147587	0.05071888715028763	3.9506172839506166e-05	0.13824854791164398
18360	-2.231567	-1.982091	-1.911091	0.107360	0.138306	0.147919	0.05068246535956859	3.9506172839506166e-05	0.13830627501010895
18480	-2.234411	-1.982236	-1.911248	0.107055	0.138294	0.147896	0.05070252437144518	3.9506172839506166e-05	0.13829238712787628
18600	-2.238059	-1.981854	-1.910314	0.106665	0.138354	0.148034	0.05066839195787907	2.6337448559670777e-05	0.1383528858423233
18720	-2.239750	-1.981627	-1.910031	0.106485	0.138389	0.148076	0.05064345598220825	3.9506172839506166e-05	0.1383884847164154
18840	-2.240716	-1.981400	-1.908697	0.106382	0.138424	0.148273	0.05062404368072748	3.9506172839506166e-05	0.13842302560806274
18960	-2.245295	-1.981045	-1.907996	0.105896	0.138485	0.148377	0.05059168953448534	3.9506172839506166e-05	0.13848435878753662
19080	-2.247264	-1.980516	-1.907558	0.105688	0.138567	0.148442	0.05055472403764725	5.925925925925925e-05	0.1385643631219864
19200	-2.248966	-1.979922	-1.908252	0.105508	0.138654	0.148339	0.050494099594652654	3.9506172839506166e-05	0.13865262269973755
19320	-2.251288	-1.979554	-1.905693	0.105264	0.138712	0.148720	0.050455438904464245	3.9506172839506166e-05	0.13871252536773682
19440	-2.254219	-1.979906	-1.906541	0.104956	0.138668	0.148594	0.050486438907682896	1.7558299039780518e-05	0.1386679857969284
19560	-2.255876	-1.979671	-1.905858	0.104782	0.138706	0.148695	0.05046830680221319	2.6337448559670777e-05	0.13870608806610107
19680	-2.258757	-1.978742	-1.904077	0.104480	0.138845	0.148960	0.05039023458957672	3.9506172839506166e-05	0.13884346187114716
19800	-2.260120	-1.978287	-1.903027	0.104338	0.138914	0.149117	0.05034352727234363	2.6337448559670777e-05	0.13891394436359406
19920	-2.261784	-1.977957	-1.901730	0.104165	0.138966	0.149310	0.05031779259443283	3.9506172839506166e-05	0.13896550238132477
20040	-2.263154	-1.977572	-1.901341	0.104022	0.139027	0.149368	0.05027785208076239	2.6337448559670777e-05	0.13902728259563446
20160	-2.266019	-1.977321	-1.903269	0.103724	0.139073	0.149081	0.05026714019477367	5.925925925925925e-05	0.13907092809677124
20280	-2.267276	-1.976928	-1.902202	0.103594	0.139133	0.149240	0.05022486429661512	3.9506172839506166e-05	0.13913175463676453
20400	-2.269131	-1.976621	-1.900501	0.103402	0.139181	0.149494	0.0501991169527173	3.9506172839506166e-05	0.13917934894561768
20520	-2.271071	-1.976053	-1.900847	0.103202	0.139267	0.149442	0.05014790873974562	1.7558299039780518e-05	0.13926652073860168
20640	-2.273706	-1.976021	-1.899919	0.102930	0.139278	0.149581	0.05014021825045347	3.9506172839506166e-05	0.13927742838859558
20760	-2.276366	-1.975838	-1.899347	0.102657	0.139314	0.149666	0.05011996384710073	2.6337448559670777e-05	0.13931390643119812
20880	-2.279161	-1.975332	-1.897418	0.102370	0.139390	0.149955	0.0500806275755167	3.9506172839506166e-05	0.13938920199871063
21000	-2.283890	-1.974718	-1.896571	0.101887	0.139491	0.150082	0.05002724397927523	3.9506172839506166e-05	0.13948944211006165
21120	-2.286680	-1.974482	-1.895338	0.101603	0.139532	0.150268	0.05000259727239609	3.9506172839506166e-05	0.13953091204166412
21240	-2.288945	-1.974055	-1.894539	0.101373	0.139598	0.150388	0.04996494334191084	2.6337448559670777e-05	0.13959728181362152
21360	-2.291627	-1.973876	-1.894863	0.101102	0.139630	0.150339	0.04994852542877197	3.9506172839506166e-05	0.13962914049625397
21480	-2.293338	-1.973651	-1.893853	0.100929	0.139666	0.150491	0.04993098042905331	5.925925925925925e-05	0.13966475427150726
21600	-2.295476	-1.973321	-1.892027	0.100713	0.139718	0.150766	0.049897265061736105	1.7558299039780518e-05	0.1397179663181305
21720	-2.297966	-1.973377	-1.891341	0.100463	0.139719	0.150869	0.04989547338336706	3.9506172839506166e-05	0.13971906900405884
21840	-2.300390	-1.972882	-1.890473	0.100220	0.139798	0.151000	0.049861795641481875	3.9506172839506166e-05	0.13979701697826385
21960	-2.303067	-1.972422	-1.888935	0.099952	0.139870	0.151233	0.049814071506261826	3.9506172839506166e-05	0.13987036049365997
22080	-2.305453	-1.972029	-1.887649	0.099714	0.139935	0.151427	0.049779878556728364	3.9506172839506166e-05	0.13993456959724426
22200	-2.308149	-1.971445	-1.886708	0.099445	0.140022	0.151570	0.04972906652837992	2.6337448559670777e-05	0.1400221586227417
22320	-2.310637	-1.971417	-1.886252	0.099198	0.140036	0.151639	0.049721569009125235	3.9506172839506166e-05	0.140035942196846
22440	-2.313645	-1.970908	-1.886052	0.098900	0.140117	0.151669	0.04967583529651165	2.6337448559670777e-05	0.14011694490909576
22560	-2.316439	-1.970768	-1.886356	0.098624	0.140145	0.151623	0.04966966547071934	3.9506172839506166e-05	0.14014428853988647
22680	-2.317820	-1.970549	-1.886243	0.098488	0.140182	0.151641	0.049648997746407984	3.9506172839506166e-05	0.14018084108829498
22800	-2.320687	-1.970573	-1.885546	0.098206	0.140185	0.151746	0.04964978005737066	3.9506172839506166e-05	0.14018435776233673
22920	-2.323191	-1.970269	-1.885178	0.097960	0.140235	0.151802	0.0496231660246849	3.9506172839506166e-05	0.14023457467556
23040	-2.324953	-1.970213	-1.884791	0.097788	0.140250	0.151861	0.049618371017277244	2.6337448559670777e-05	0.14024898409843445
23160	-2.326642	-1.969807	-1.883187	0.097623	0.140315	0.152105	0.04958529286086559	3.9506172839506166e-05	0.14031316339969635
23280	-2.329190	-1.969165	-1.881881	0.097375	0.140415	0.152303	0.04952037911862135	2.6337448559670777e-05	0.14041508734226227
23400	-2.331300	-1.968720	-1.882912	0.097169	0.140487	0.152146	0.04948658756911754	3.9506172839506166e-05	0.1404861956834793
23520	-2.333524	-1.968148	-1.881996	0.096953	0.140578	0.152286	0.04943113438785076	3.9506172839506166e-05	0.14057768881320953
23640	-2.337095	-1.967798	-1.881095	0.096608	0.140639	0.152423	0.049400413408875465	2.6337448559670777e-05	0.1406390219926834
23760	-2.339348	-1.967381	-1.880445	0.096390	0.140705	0.152522	0.04936080258339644	3.9506172839506166e-05	0.14070522785186768
23880	-2.342554	-1.967445	-1.878821	0.096082	0.140709	0.152770	0.04937325231730938	3.9506172839506166e-05	0.1407071352005005
24000	-2.345303	-1.967146	-1.878180	0.095818	0.140762	0.152868	0.04934158064424991	2.6337448559670777e-05	0.1407618224620819
24120	-2.348191	-1.966879	-1.877759	0.095542	0.140808	0.152932	0.049315149709582326	3.9506172839506166e-05	0.14080822467803955
24240	-2.351070	-1.966739	-1.878436	0.095267	0.140841	0.152829	0.04930310808122158	3.9506172839506166e-05	0.1408405601978302
24360	-2.353201	-1.966791	-1.877091	0.095064	0.140846	0.153035	0.04930935874581337	3.9506172839506166e-05	0.1408449113368988
24480	-2.356288	-1.966587	-1.876560	0.094771	0.140887	0.153116	0.04928840026259422	3.9506172839506166e-05	0.1408863067626953
24600	-2.358747	-1.966018	-1.876141	0.094539	0.140982	0.153180	0.04924306515604258	3.9506172839506166e-05	0.1409803330898285
24720	-2.360715	-1.965684	-1.874982	0.094353	0.141037	0.153358	0.04920838940888643	3.9506172839506166e-05	0.141036719083786
24840	-2.364387	-1.965410	-1.872870	0.094007	0.141092	0.153682	0.04918406344950199	5.925925925925925e-05	0.1410914957523346
24960	-2.366910	-1.964596	-1.871551	0.093770	0.141216	0.153885	0.049114628694951534	3.9506172839506166e-05	0.14121520519256592
25080	-2.368444	-1.964048	-1.869672	0.093626	0.141304	0.154174	0.04906239788979292	2.6337448559670777e-05	0.14130304753780365
25200	-2.370071	-1.963770	-1.868318	0.093474	0.141355	0.154383	0.04903650395572186	3.9506172839506166e-05	0.14135411381721497
25320	-2.373327	-1.964187	-1.868410	0.093170	0.141311	0.154369	0.04907372184097767	3.9506172839506166e-05	0.141310453414917
25440	-2.376110	-1.963858	-1.867649	0.092911	0.141371	0.154486	0.04904388394206762	2.6337448559670777e-05	0.14137040078639984
25560	-2.378770	-1.963642	-1.866664	0.092665	0.141414	0.154639	0.04902771506458521	3.9506172839506166e-05	0.14141373336315155
25680	-2.380601	-1.963158	-1.864270	0.092495	0.141494	0.155009	0.04898066986352205	3.9506172839506166e-05	0.1414935141801834
25800	-2.384514	-1.963144	-1.863362	0.092134	0.141511	0.155150	0.04898462872952223	3.9506172839506166e-05	0.14151006937026978
25920	-2.387278	-1.962598	-1.862310	0.091879	0.141604	0.155314	0.04893700703978539	3.9506172839506166e-05	0.14160273969173431
26040	-2.390926	-1.962244	-1.860595	0.091545	0.141671	0.155580	0.04890321530401707	3.9506172839506166e-05	0.1416701376438141
26160	-2.392236	-1.961923	-1.859520	0.091425	0.141727	0.155747	0.04887054022401571	3.9506172839506166e-05	0.14172685146331787
26280	-2.395065	-1.961625	-1.858549	0.091167	0.141779	0.155899	0.048844444938004015	3.9506172839506166e-05	0.14177876710891724
26400	-2.397196	-1.961111	-1.857312	0.090973	0.141864	0.156092	0.048800037056207654	3.9506172839506166e-05	0.14186328649520874
26520	-2.399522	-1.960388	-1.857005	0.090761	0.141979	0.156140	0.048734718747437	1.7558299039780518e-05	0.141978919506073
26640	-2.400495	-1.960110	-1.856259	0.090673	0.142026	0.156256	0.048709936626255515	3.9506172839506166e-05	0.14202509820461273
26760	-2.402765	-1.959945	-1.855329	0.090467	0.142057	0.156402	0.04869318306446076	3.9506172839506166e-05	0.1420559585094452
26880	-2.404065	-1.959757	-1.855198	0.090350	0.142091	0.156422	0.04867223184555769	3.9506172839506166e-05	0.14209140837192535
27000	-2.406101	-1.959672	-1.854061	0.090166	0.142113	0.156600	0.04867140594869852	2.6337448559670777e-05	0.14211255311965942
27120	-2.407901	-1.959370	-1.853458	0.090004	0.142167	0.156694	0.04864017367362976	2.6337448559670777e-05	0.14216655492782593
27240	-2.409928	-1.958940	-1.852371	0.089822	0.142241	0.156865	0.048606657423079014	5.925925925925925e-05	0.14223948121070862
27360	-2.412418	-1.958676	-1.851361	0.089598	0.142294	0.157023	0.048575528897345066	3.9506172839506166e-05	0.14229394495487213
27480	-2.414266	-1.958579	-1.852040	0.089433	0.142316	0.156917	0.04857261907309294	3.9506172839506166e-05	0.14231494069099426
27600	-2.416738	-1.958383	-1.851346	0.089212	0.142355	0.157026	0.04855071101337671	3.9506172839506166e-05	0.14235487580299377
27720	-2.419286	-1.958118	-1.850587	0.088985	0.142407	0.157145	0.04852725435048342	1.7558299039780518e-05	0.14240679144859314
27840	-2.420881	-1.958047	-1.848620	0.088843	0.142428	0.157454	0.04852589275687933	3.9506172839506166e-05	0.1424260437488556
27960	-2.421865	-1.957933	-1.847689	0.088756	0.142451	0.157601	0.048509827256202696	3.9506172839506166e-05	0.14245086908340454
28080	-2.423590	-1.957587	-1.845882	0.088603	0.142510	0.157886	0.04848023224622011	3.9506172839506166e-05	0.14250977337360382
28200	-2.425150	-1.957310	-1.846550	0.088465	0.142561	0.157781	0.04845667276531458	3.9506172839506166e-05	0.1425604671239853
28320	-2.425780	-1.956836	-1.846775	0.088409	0.142637	0.157745	0.048418015241622925	3.9506172839506166e-05	0.14263585209846497
28440	-2.429638	-1.956718	-1.846000	0.088069	0.142670	0.157867	0.048405954614281654	2.6337448559670777e-05	0.1426694095134735
28560	-2.432673	-1.956566	-1.844552	0.087802	0.142703	0.158096	0.048392643220722675	3.9506172839506166e-05	0.1427021622657776
28680	-2.437312	-1.956180	-1.842881	0.087395	0.142785	0.158361	0.048355518095195296	2.6337448559670777e-05	0.14278481900691986
28800	-2.440206	-1.955948	-1.843576	0.087143	0.142836	0.158251	0.04833235591650009	3.9506172839506166e-05	0.14283521473407745
28920	-2.443075	-1.955782	-1.841728	0.086893	0.142875	0.158543	0.04832025226205587	2.6337448559670777e-05	0.1428745985031128
29040	-2.445339	-1.955440	-1.841241	0.086697	0.142938	0.158620	0.04829449765384197	3.9506172839506166e-05	0.14293618500232697
29160	-2.447143	-1.955085	-1.841781	0.086540	0.143000	0.158535	0.04825197197496891	3.9506172839506166e-05	0.14300031960010529
29280	-2.449191	-1.955130	-1.841882	0.086363	0.143008	0.158519	0.048261791840195654	3.9506172839506166e-05	0.14300671219825745
29400	-2.452256	-1.954858	-1.841162	0.086099	0.143065	0.158633	0.048233812302351	3.9506172839506166e-05	0.1430651843547821
29520	-2.454898	-1.954701	-1.841190	0.085872	0.143102	0.158629	0.04822006244212389	3.9506172839506166e-05	0.14310182631015778
29640	-2.457407	-1.954812	-1.840639	0.085657	0.143105	0.158716	0.0482268501073122	3.9506172839506166e-05	0.14310504496097565
29760	-2.459061	-1.954294	-1.840360	0.085515	0.143190	0.158760	0.04818600565195084	3.9506172839506166e-05	0.1431891918182373
29880	-2.459994	-1.953796	-1.839314	0.085435	0.143274	0.158926	0.04813842810690403	3.9506172839506166e-05	0.14327366650104523
30000	-2.461991	-1.953353	-1.838156	0.085265	0.143352	0.159111	0.04810016844421625	3.9506172839506166e-05	0.14335119724273682
30120	-2.464334	-1.953101	-1.836920	0.085065	0.143405	0.159307	0.04807728473097086	3.9506172839506166e-05	0.1434042602777481
30240	-2.465194	-1.953036	-1.835540	0.084992	0.143421	0.159527	0.04806611258536577	3.9506172839506166e-05	0.14342112839221954
30360	-2.466714	-1.953109	-1.834051	0.084863	0.143422	0.159765	0.048075000196695326	3.9506172839506166e-05	0.14342251420021057
30480	-2.468232	-1.953007	-1.832950	0.084735	0.143446	0.159941	0.04806930460035801	3.9506172839506166e-05	0.14344578981399536
30600	-2.470422	-1.952649	-1.832569	0.084549	0.143509	0.160002	0.04803335890173912	3.9506172839506166e-05	0.1435089260339737
30720	-2.472699	-1.952346	-1.832108	0.084357	0.143564	0.160076	0.04801354706287384	3.9506172839506166e-05	0.1435636281967163
30840	-2.474323	-1.951657	-1.831273	0.084220	0.143678	0.160209	0.04795739557594061	3.9506172839506166e-05	0.14367583394050598
30960	-2.477396	-1.951281	-1.829555	0.083962	0.143751	0.160485	0.04791459701955318	3.9506172839506166e-05	0.14374995231628418
31080	-2.480038	-1.951024	-1.829652	0.083740	0.143805	0.160469	0.04788848888128996	1.7558299039780518e-05	0.14380528032779694
31200	-2.482118	-1.951012	-1.828824	0.083566	0.143822	0.160602	0.047888117656111714	2.6337448559670777e-05	0.1438213288784027
31320	-2.484880	-1.950760	-1.826288	0.083336	0.143877	0.161010	0.04786023143678904	5.925925925925925e-05	0.14387783408164978
31440	-2.488343	-1.950603	-1.825314	0.083047	0.143920	0.161167	0.04785689488053322	3.9506172839506166e-05	0.14391861855983734
31560	-2.490418	-1.950254	-1.825337	0.082875	0.143983	0.161163	0.04782362338155508	3.9506172839506166e-05	0.14398251473903656
31680	-2.492370	-1.949848	-1.823116	0.082714	0.144059	0.161522	0.047786584310233596	3.9506172839506166e-05	0.14405781030654907
31800	-2.493993	-1.949149	-1.821888	0.082580	0.144177	0.161720	0.04772525057196617	3.9506172839506166e-05	0.1441764384508133
31920	-2.495812	-1.948660	-1.820572	0.082429	0.144264	0.161933	0.04767708647996187	3.9506172839506166e-05	0.14426320791244507
32040	-2.498792	-1.948389	-1.818760	0.082184	0.144319	0.162227	0.04764924626797438	3.9506172839506166e-05	0.14431920647621155
32160	-2.501585	-1.947985	-1.818975	0.081955	0.144394	0.162192	0.04761821161955595	3.9506172839506166e-05	0.14439330995082855
32280	-2.504555	-1.947670	-1.817252	0.081712	0.144456	0.162472	0.04758892375975847	2.6337448559670777e-05	0.14445579051971436
32400	-2.505553	-1.947037	-1.816008	0.081630	0.144559	0.162674	0.047532219998538495	3.9506172839506166e-05	0.14455825090408325
32520	-2.509303	-1.947185	-1.816495	0.081325	0.144556	0.162595	0.047539069689810275	5.925925925925925e-05	0.14455650746822357
32640	-2.511383	-1.946651	-1.816797	0.081156	0.144640	0.162546	0.04750133659690618	3.9506172839506166e-05	0.1446382701396942
32760	-2.513196	-1.946179	-1.816247	0.081009	0.144723	0.162635	0.0474562818184495	3.9506172839506166e-05	0.14472205936908722
32880	-2.515298	-1.945712	-1.812625	0.080839	0.144808	0.163225	0.04741681031882763	5.925925925925925e-05	0.14480653405189514
33000	-2.516632	-1.945258	-1.811176	0.080731	0.144891	0.163462	0.04737401120364666	3.9506172839506166e-05	0.14489014446735382
33120	-2.517155	-1.944964	-1.809984	0.080689	0.144944	0.163657	0.04734501074999571	3.9506172839506166e-05	0.14494362473487854
33240	-2.519782	-1.944710	-1.809211	0.080477	0.145001	0.163783	0.047318821772933006	3.9506172839506166e-05	0.1450008898973465
33360	-2.521963	-1.944422	-1.808521	0.080302	0.145061	0.163896	0.047298039123415944	3.9506172839506166e-05	0.14506016671657562
33480	-2.524184	-1.943851	-1.807399	0.080124	0.145155	0.164080	0.04724360853433609	3.9506172839506166e-05	0.1451549232006073
33600	-2.525900	-1.943457	-1.806125	0.079986	0.145224	0.164290	0.047208387218415734	2.6337448559670777e-05	0.14522378146648407
33720	-2.528053	-1.943087	-1.805150	0.079814	0.145292	0.164450	0.047175205685198306	3.9506172839506166e-05	0.1452914923429489
33840	-2.529453	-1.942354	-1.804569	0.079703	0.145412	0.164545	0.047117599099874494	3.9506172839506166e-05	0.14540992677211761
33960	-2.531237	-1.942104	-1.803667	0.079561	0.145458	0.164694	0.04709437359124422	3.9506172839506166e-05	0.14545658230781555
34080	-2.532695	-1.941476	-1.803239	0.079445	0.145563	0.164764	0.04702837467193603	2.6337448559670777e-05	0.14556355774402618
34200	-2.536014	-1.941124	-1.802912	0.079181	0.145633	0.164818	0.047000093199312684	2.6337448559670777e-05	0.14563195407390594
34320	-2.537788	-1.940544	-1.802431	0.079041	0.145731	0.164898	0.04694670420140028	3.9506172839506166e-05	0.14573059976100922
34440	-2.539892	-1.940124	-1.801340	0.078875	0.145807	0.165077	0.04690763130784035	3.9506172839506166e-05	0.1458064764738083
34560	-2.541599	-1.939665	-1.799404	0.078740	0.145887	0.165397	0.046867343783378604	3.9506172839506166e-05	0.14588665962219238
34680	-2.542815	-1.939462	-1.798630	0.078645	0.145927	0.165525	0.046847404725849626	3.9506172839506166e-05	0.14592622220516205
34800	-2.545391	-1.939277	-1.798529	0.078442	0.145967	0.165542	0.04683134574443102	3.9506172839506166e-05	0.1459672451019287
34920	-2.548025	-1.939012	-1.797649	0.078236	0.146017	0.165688	0.046808911859989165	3.9506172839506166e-05	0.14601658284664154
35040	-2.550222	-1.938669	-1.796525	0.078064	0.146077	0.165874	0.0467809597030282	2.6337448559670777e-05	0.14607621729373932
35160	-2.551672	-1.938162	-1.795338	0.077951	0.146162	0.166071	0.04673759788274765	3.9506172839506166e-05	0.14616067707538605
35280	-2.554029	-1.937681	-1.794807	0.077768	0.146250	0.166160	0.04669307116419077	3.9506172839506166e-05	0.1462484449148178
35400	-2.555437	-1.937010	-1.795140	0.077658	0.146364	0.166104	0.04663293808698654	3.9506172839506166e-05	0.1463625580072403
35520	-2.557148	-1.936823	-1.793892	0.077526	0.146406	0.166312	0.04661450367420912	3.9506172839506166e-05	0.14640459418296814
35640	-2.558786	-1.936540	-1.793110	0.077399	0.146465	0.166442	0.046584153547883034	3.9506172839506166e-05	0.14646506309509277
35760	-2.560579	-1.936331	-1.791772	0.077260	0.146511	0.166664	0.04656777624040842	2.6337448559670777e-05	0.14651039242744446
35880	-2.562801	-1.936117	-1.792274	0.077089	0.146552	0.166581	0.04654925595968962	3.9506172839506166e-05	0.14655154943466187
36000	-2.565789	-1.935770	-1.790840	0.076859	0.146625	0.166820	0.04651863221079111	3.9506172839506166e-05	0.14662422239780426
36120	-2.567314	-1.935230	-1.789769	0.076741	0.146717	0.166999	0.04646820053458214	3.9506172839506166e-05	0.14671719074249268
36240	-2.568851	-1.935107	-1.790587	0.076624	0.146748	0.166862	0.04645835030823946	3.9506172839506166e-05	0.14674723148345947
36360	-2.570801	-1.934878	-1.790869	0.076474	0.146796	0.166815	0.04643333721905947	3.9506172839506166e-05	0.14679570496082306
36480	-2.572614	-1.934441	-1.790488	0.076336	0.146875	0.166879	0.046398354880511763	3.9506172839506166e-05	0.1468745768070221
36600	-2.574257	-1.933937	-1.788677	0.076210	0.146963	0.167181	0.046362819708883764	3.9506172839506166e-05	0.14696048200130463
36720	-2.575580	-1.933406	-1.786882	0.076110	0.147054	0.167482	0.0463079309090972	3.9506172839506166e-05	0.14705251157283783
36840	-2.578541	-1.932998	-1.785305	0.075885	0.147137	0.167746	0.046266593784093854	2.6337448559670777e-05	0.14713695645332336
36960	-2.579046	-1.932347	-1.785956	0.075846	0.147244	0.167637	0.04621445294469595	1.7558299039780518e-05	0.14724358916282654
37080	-2.579947	-1.931599	-1.784357	0.075778	0.147367	0.167905	0.046143545396626	3.9506172839506166e-05	0.14736638963222504
37200	-2.581758	-1.931307	-1.783522	0.075641	0.147425	0.168045	0.04611309319734573	3.9506172839506166e-05	0.1474243849515915
37320	-2.583747	-1.930991	-1.783139	0.075491	0.147490	0.168110	0.04608541410416365	3.9506172839506166e-05	0.14748996496200562
37440	-2.584785	-1.930697	-1.783198	0.075412	0.147545	0.168100	0.046061746031045916	1.7558299039780518e-05	0.1475445032119751
37560	-2.586505	-1.930333	-1.781140	0.075283	0.147613	0.168446	0.04602498523890972	3.9506172839506166e-05	0.1476128101348877
37680	-2.587219	-1.929961	-1.780220	0.075229	0.147680	0.168601	0.04599340483546257	3.9506172839506166e-05	0.14767953753471375
37800	-2.588867	-1.929539	-1.779264	0.075105	0.147761	0.168762	0.045960469916462895	3.9506172839506166e-05	0.14775970578193665
37920	-2.589373	-1.929109	-1.778075	0.075067	0.147832	0.168963	0.0459242882207036	1.7558299039780518e-05	0.14783063530921936
38040	-2.591824	-1.928886	-1.777418	0.074883	0.147880	0.169074	0.04589586276561022	3.9506172839506166e-05	0.14787976443767548
38160	-2.593682	-1.928462	-1.777995	0.074744	0.147955	0.168977	0.045860026590526105	3.9506172839506166e-05	0.14795444905757904
38280	-2.595769	-1.928198	-1.777254	0.074588	0.148010	0.169102	0.04583519157022238	2.6337448559670777e-05	0.1480094939470291
38400	-2.597746	-1.927745	-1.777101	0.074441	0.148094	0.169128	0.045792827382683754	3.9506172839506166e-05	0.14809410274028778
38520	-2.599805	-1.927406	-1.777370	0.074288	0.148162	0.169082	0.04576578475534916	2.6337448559670777e-05	0.14816175401210785
38640	-2.601540	-1.927057	-1.777730	0.074159	0.148231	0.169021	0.04573298618197441	2.6337448559670777e-05	0.1482301652431488
38760	-2.602960	-1.926636	-1.775841	0.074054	0.148312	0.169341	0.045690708607435224	3.9506172839506166e-05	0.1483127623796463
38880	-2.603879	-1.926270	-1.774664	0.073986	0.148375	0.169540	0.045663978159427646	2.6337448559670777e-05	0.14837433397769928
39000	-2.606194	-1.925820	-1.773969	0.073815	0.148463	0.169658	0.04562203418463469	3.9506172839506166e-05	0.14846250414848328
39120	-2.607402	-1.925198	-1.774108	0.073726	0.148567	0.169635	0.04556731786578894	2.6337448559670777e-05	0.14856667816638947
39240	-2.609425	-1.925128	-1.773221	0.073577	0.148595	0.169785	0.045556122250854966	3.9506172839506166e-05	0.14859513938426971
39360	-2.610774	-1.924882	-1.772109	0.073478	0.148647	0.169974	0.04553817380219698	3.9506172839506166e-05	0.14864681661128998
39480	-2.612464	-1.924233	-1.769965	0.073354	0.148757	0.170339	0.04548220857977867	3.9506172839506166e-05	0.14875666797161102
39600	-2.614135	-1.923676	-1.768952	0.073231	0.148853	0.170512	0.04543278105556965	3.9506172839506166e-05	0.14885227382183075
39720	-2.615609	-1.923273	-1.767688	0.073123	0.148932	0.170727	0.045392191410064696	3.9506172839506166e-05	0.14893117547035217
39840	-2.617034	-1.922932	-1.765201	0.073019	0.149001	0.171152	0.04535758029669523	3.9506172839506166e-05	0.14900071918964386
39960	-2.617906	-1.922316	-1.764708	0.072955	0.149104	0.171237	0.0453106801956892	3.9506172839506166e-05	0.14910252392292023
40080	-2.619413	-1.922055	-1.765064	0.072846	0.149161	0.171176	0.04528642073273659	3.9506172839506166e-05	0.14915978908538818
40200	-2.621546	-1.921755	-1.763813	0.072690	0.149223	0.171390	0.04525403305888176	3.9506172839506166e-05	0.14922216534614563
40320	-2.623607	-1.921201	-1.762977	0.072541	0.149325	0.171534	0.04521074537187815	2.6337448559670777e-05	0.14932392537593842
40440	-2.625300	-1.920797	-1.763290	0.072418	0.149400	0.171480	0.04517243839800358	3.9506172839506166e-05	0.14939872920513153
40560	-2.626578	-1.920451	-1.762781	0.072326	0.149464	0.171567	0.04514184035360813	3.9506172839506166e-05	0.14946281909942627
40680	-2.627424	-1.920028	-1.762247	0.072264	0.149542	0.171659	0.045097832754254344	3.9506172839506166e-05	0.14954248070716858
40800	-2.629911	-1.919717	-1.762167	0.072085	0.149605	0.171673	0.04506870694458485	3.9506172839506166e-05	0.14960533380508423
40920	-2.632177	-1.919567	-1.762150	0.071922	0.149649	0.171675	0.04505211766809225	3.9506172839506166e-05	0.14965011179447174
41040	-2.633593	-1.919352	-1.762048	0.071820	0.149699	0.171693	0.04503907449543476	3.9506172839506166e-05	0.1496984213590622
41160	-2.635155	-1.918817	-1.762051	0.071708	0.149794	0.171692	0.04499516747891903	3.9506172839506166e-05	0.14979273080825806
41280	-2.636633	-1.918287	-1.760941	0.071602	0.149886	0.171883	0.044947254657745364	3.9506172839506166e-05	0.14988498389720917
41400	-2.637264	-1.918071	-1.760406	0.071557	0.149929	0.171975	0.04491985458880663	3.9506172839506166e-05	0.14992934465408325
41520	-2.639175	-1.917992	-1.760125	0.071420	0.149956	0.172023	0.044914886355400085	3.9506172839506166e-05	0.1499561369419098
41640	-2.641682	-1.917718	-1.759919	0.071241	0.150016	0.172059	0.04489132761955261	3.9506172839506166e-05	0.15001609921455383
41760	-2.643813	-1.917145	-1.759330	0.071090	0.150121	0.172160	0.04484620075672865	5.925925925925925e-05	0.15011917054653168
41880	-2.645327	-1.916757	-1.759198	0.070982	0.150193	0.172183	0.04480152353644371	3.9506172839506166e-05	0.15019367635250092
42000	-2.646607	-1.916178	-1.757808	0.070891	0.150297	0.172422	0.044764003716409206	3.9506172839506166e-05	0.1502949744462967
42120	-2.649576	-1.915933	-1.754995	0.070681	0.150357	0.172908	0.04473205525428057	2.6337448559670777e-05	0.15035699307918549
42240	-2.651411	-1.915557	-1.755648	0.070552	0.150429	0.172795	0.04469908140599728	3.9506172839506166e-05	0.15042831003665924
42360	-2.652786	-1.915310	-1.753998	0.070455	0.150482	0.173081	0.04467670749872923	2.6337448559670777e-05	0.15048132836818695
42480	-2.655188	-1.914880	-1.753824	0.070286	0.150561	0.173111	0.04463494922965765	3.9506172839506166e-05	0.15056172013282776
42600	-2.656598	-1.914373	-1.753017	0.070187	0.150654	0.173250	0.044591202028095724	3.9506172839506166e-05	0.150654137134552
42720	-2.658000	-1.914152	-1.753404	0.070088	0.150700	0.173183	0.04457331672310829	3.9506172839506166e-05	0.15069915354251862
42840	-2.659498	-1.914040	-1.752470	0.069983	0.150738	0.173345	0.04456423856317997	3.9506172839506166e-05	0.15073727071285248
42960	-2.660850	-1.913725	-1.751193	0.069889	0.150796	0.173567	0.04452955052256584	2.6337448559670777e-05	0.15079684555530548
43080	-2.663808	-1.913575	-1.750171	0.069682	0.150844	0.173744	0.04451797846704721	2.6337448559670777e-05	0.15084345638751984
43200	-2.665827	-1.913018	-1.749138	0.069542	0.150951	0.173924	0.04447299800813198	3.9506172839506166e-05	0.15094968676567078
43320	-2.666338	-1.912773	-1.747874	0.069506	0.150999	0.174144	0.04444339014589786	3.9506172839506166e-05	0.15099966526031494
43440	-2.667202	-1.912454	-1.745973	0.069446	0.151060	0.174475	0.04442130196839571	2.6337448559670777e-05	0.15105915069580078
43560	-2.669282	-1.912135	-1.745269	0.069302	0.151125	0.174598	0.04439034890383482	3.9506172839506166e-05	0.15112458169460297
43680	-2.670326	-1.912023	-1.745190	0.069230	0.151150	0.174612	0.0443810410797596	2.6337448559670777e-05	0.1511494219303131
43800	-2.671809	-1.911646	-1.744373	0.069127	0.151219	0.174754	0.044346940331161024	2.6337448559670777e-05	0.15121880173683167
43920	-2.673230	-1.911645	-1.742429	0.069029	0.151240	0.175095	0.04434269107878208	3.9506172839506166e-05	0.151239275932312
44040	-2.675279	-1.911007	-1.741008	0.068888	0.151356	0.175344	0.044296231120824814	3.9506172839506166e-05	0.1513541042804718
44160	-2.677349	-1.910523	-1.741050	0.068745	0.151453	0.175336	0.04425335302948952	2.6337448559670777e-05	0.15145130455493927
44280	-2.679133	-1.910089	-1.740324	0.068623	0.151540	0.175463	0.04420863837003708	2.6337448559670777e-05	0.15153895318508148
44400	-2.680529	-1.910061	-1.739171	0.068527	0.151555	0.175666	0.04420000165700912	3.9506172839506166e-05	0.15155506134033203
44520	-2.681339	-1.909663	-1.737371	0.068471	0.151629	0.175982	0.044175677187740806	2.6337448559670777e-05	0.15162689983844757
44640	-2.681574	-1.909295	-1.735781	0.068455	0.151693	0.176262	0.04413731005042791	2.6337448559670777e-05	0.15169179439544678
44760	-2.683490	-1.908877	-1.734712	0.068324	0.151777	0.176451	0.044095016270875934	3.9506172839506166e-05	0.15177737176418304
44880	-2.684355	-1.908696	-1.735214	0.068265	0.151817	0.176362	0.04408266600221396	3.9506172839506166e-05	0.15181568264961243
45000	-2.684194	-1.908122	-1.734838	0.068276	0.151909	0.176429	0.044027168303728104	3.9506172839506166e-05	0.15190890431404114
45120	-2.685029	-1.908075	-1.733700	0.068219	0.151921	0.176630	0.044020038656890394	2.6337448559670777e-05	0.1519213616847992
45240	-2.687699	-1.907649	-1.731854	0.068037	0.152012	0.176956	0.04399145003408193	2.6337448559670777e-05	0.15201140940189362
45360	-2.689174	-1.907582	-1.730919	0.067937	0.152037	0.177122	0.043981331028044225	2.6337448559670777e-05	0.15203675627708435
45480	-2.689866	-1.907398	-1.730375	0.067890	0.152077	0.177218	0.043960919789969924	3.9506172839506166e-05	0.15207722783088684
45600	-2.691370	-1.907410	-1.731112	0.067788	0.152082	0.177087	0.043961475417017934	3.9506172839506166e-05	0.15208247303962708
45720	-2.693157	-1.907598	-1.732184	0.067667	0.152068	0.176898	0.04397808536887169	3.9506172839506166e-05	0.15206824243068695
45840	-2.694194	-1.907461	-1.731216	0.067597	0.152099	0.177069	0.04396944567561149	3.9506172839506166e-05	0.1520989090204239
45960	-2.696241	-1.907227	-1.730580	0.067459	0.152145	0.177182	0.04394483864307404	3.9506172839506166e-05	0.1521451622247696
46080	-2.697693	-1.907033	-1.730881	0.067361	0.152188	0.177128	0.04393092021346092	3.9506172839506166e-05	0.15218780934810638
46200	-2.701573	-1.906845	-1.730291	0.067100	0.152250	0.177233	0.043910101428627966	3.9506172839506166e-05	0.15224944055080414
46320	-2.703673	-1.906405	-1.729999	0.066959	0.152336	0.177285	0.04387551844120026	3.9506172839506166e-05	0.15233488380908966
46440	-2.703521	-1.906010	-1.728351	0.066969	0.152402	0.177577	0.04383964892476797	2.6337448559670777e-05	0.1524008959531784
46560	-2.704625	-1.905688	-1.727585	0.066895	0.152460	0.177713	0.04380790553987026	2.6337448559670777e-05	0.1524597704410553
46680	-2.705718	-1.905625	-1.726572	0.066822	0.152483	0.177893	0.04380456432700157	3.9506172839506166e-05	0.15248258411884308
46800	-2.707757	-1.905129	-1.725603	0.066686	0.152585	0.178066	0.04375434648245573	3.9506172839506166e-05	0.15258581936359406
46920	-2.710221	-1.904821	-1.724684	0.066522	0.152658	0.178229	0.04373049270361662	3.9506172839506166e-05	0.152657151222229
47040	-2.711311	-1.904301	-1.723325	0.066450	0.152750	0.178472	0.043684490211308005	2.6337448559670777e-05	0.15274973213672638
47160	-2.713376	-1.904019	-1.723085	0.066313	0.152816	0.178515	0.043660341016948226	2.6337448559670777e-05	0.15281572937965393
47280	-2.714359	-1.903227	-1.721599	0.066247	0.152956	0.178780	0.04358771052211523	2.6337448559670777e-05	0.15295590460300446
47400	-2.717096	-1.902964	-1.721393	0.066066	0.153013	0.178817	0.04356170706450939	3.9506172839506166e-05	0.15301266312599182
47520	-2.718439	-1.902729	-1.720957	0.065978	0.153065	0.178895	0.04354796167463064	3.9506172839506166e-05	0.15306441485881805
47640	-2.718955	-1.902468	-1.720469	0.065944	0.153116	0.178982	0.0435165548697114	2.6337448559670777e-05	0.1531156450510025
47760	-2.721010	-1.901955	-1.719697	0.065808	0.153206	0.179120	0.04347697552293539	1.7558299039780518e-05	0.1532057523727417
47880	-2.721619	-1.901677	-1.719103	0.065768	0.153255	0.179227	0.04344683326780796	2.6337448559670777e-05	0.15325529873371124
48000	-2.722203	-1.901246	-1.717447	0.065730	0.153333	0.179524	0.043417922034859655	3.9506172839506166e-05	0.15333083271980286
48120	-2.724180	-1.900812	-1.716310	0.065600	0.153415	0.179728	0.043374072574079034	3.9506172839506166e-05	0.15341384708881378
48240	-2.725166	-1.900412	-1.716208	0.065535	0.153488	0.179746	0.0433344604447484	3.9506172839506166e-05	0.15348777174949646
48360	-2.726906	-1.899982	-1.714827	0.065421	0.153575	0.179995	0.043303819932043554	1.7558299039780518e-05	0.15357418358325958
48480	-2.727208	-1.899490	-1.714838	0.065402	0.153662	0.179993	0.04325294643640518	3.9506172839506166e-05	0.15366102755069733
48600	-2.727751	-1.899280	-1.714017	0.065366	0.153704	0.180141	0.04323497973382473	3.9506172839506166e-05	0.15370337665081024
48720	-2.729983	-1.899003	-1.713427	0.065220	0.153763	0.180247	0.04320732969790697	2.6337448559670777e-05	0.15376262366771698
48840	-2.730442	-1.898715	-1.711457	0.065190	0.153825	0.180603	0.04318072870373726	3.9506172839506166e-05	0.15382495522499084
48960	-2.732227	-1.898247	-1.709699	0.065074	0.153913	0.180920	0.04314097072929144	3.9506172839506166e-05	0.15391279757022858
49080	-2.733358	-1.897798	-1.707793	0.065001	0.154003	0.181265	0.04309803396463394	2.6337448559670777e-05	0.15400323271751404
49200	-2.733801	-1.897477	-1.707134	0.064972	0.154059	0.181385	0.04307295102626085	2.6337448559670777e-05	0.15405775606632233
49320	-2.735539	-1.897134	-1.706927	0.064859	0.154126	0.181423	0.043040110543370244	2.6337448559670777e-05	0.15412504971027374
49440	-2.737910	-1.896762	-1.706491	0.064705	0.154204	0.181502	0.04300824161618948	3.9506172839506166e-05	0.15420305728912354
49560	-2.741075	-1.896899	-1.706270	0.064501	0.154212	0.181542	0.043014193139970305	3.9506172839506166e-05	0.1542115956544876
49680	-2.742617	-1.896529	-1.705275	0.064402	0.154286	0.181722	0.04298722073435783	3.9506172839506166e-05	0.15428538620471954
49800	-2.744099	-1.896125	-1.704328	0.064306	0.154368	0.181895	0.0429505867883563	3.9506172839506166e-05	0.154367133975029
49920	-2.745304	-1.895716	-1.702661	0.064229	0.154443	0.182198	0.042910875752568245	2.6337448559670777e-05	0.15444278717041016
50040	-2.746954	-1.895355	-1.702812	0.064123	0.154513	0.182171	0.04287754502147436	3.9506172839506166e-05	0.15451250970363617
50160	-2.747783	-1.895014	-1.702350	0.064070	0.154575	0.182255	0.042847854644060136	2.6337448559670777e-05	0.15457437932491302
50280	-2.749723	-1.895018	-1.702274	0.063946	0.154591	0.182269	0.04284228589385748	3.9506172839506166e-05	0.15459202229976654
50400	-2.751479	-1.894769	-1.702150	0.063833	0.154650	0.182291	0.042826929874718186	2.6337448559670777e-05	0.1546495109796524
50520	-2.752688	-1.894327	-1.700188	0.063756	0.154731	0.182649	0.04279166180640459	2.6337448559670777e-05	0.1547302007675171
50640	-2.752939	-1.894252	-1.698749	0.063740	0.154749	0.182912	0.0427745683118701	3.9506172839506166e-05	0.15474934875965118
50760	-2.753130	-1.893807	-1.696891	0.063728	0.154827	0.183252	0.04274411760270595	1.7558299039780518e-05	0.15482667088508606
50880	-2.754184	-1.893130	-1.695689	0.063661	0.154945	0.183473	0.04268487226217985	3.9506172839506166e-05	0.1549440175294876
51000	-2.755764	-1.892874	-1.693666	0.063560	0.155005	0.183844	0.04265803396701813	3.9506172839506166e-05	0.1550041288137436
51120	-2.757707	-1.892691	-1.693775	0.063437	0.155051	0.183824	0.04263776484876871	3.9506172839506166e-05	0.15505081415176392
51240	-2.759307	-1.892359	-1.694880	0.063336	0.155121	0.183621	0.04260792676359415	3.9506172839506166e-05	0.15512114763259888
51360	-2.761097	-1.891996	-1.693831	0.063222	0.155196	0.183814	0.042575879395008086	2.6337448559670777e-05	0.15519574284553528
51480	-2.762195	-1.891709	-1.692981	0.063153	0.155261	0.183970	0.04255489483475685	2.6337448559670777e-05	0.15525999665260315
51600	-2.762504	-1.891363	-1.692229	0.063133	0.155330	0.184109	0.04252058006823063	3.9506172839506166e-05	0.15533043444156647
51720	-2.763723	-1.890660	-1.690547	0.063057	0.155461	0.184419	0.04246320761740208	2.6337448559670777e-05	0.15545950829982758
51840	-2.765131	-1.890441	-1.690108	0.062968	0.155516	0.184500	0.04243763908743858	2.6337448559670777e-05	0.15551544725894928
51960	-2.766282	-1.890393	-1.689973	0.062895	0.155540	0.184524	0.04243023637682199	3.9506172839506166e-05	0.15553990006446838
52080	-2.767132	-1.890142	-1.689884	0.062842	0.155590	0.184541	0.04241167083382606	3.9506172839506166e-05	0.15558968484401703
52200	-2.768276	-1.889643	-1.688024	0.062770	0.155678	0.184884	0.042367763444781305	3.9506172839506166e-05	0.15567746758460999
52320	-2.769990	-1.889094	-1.687814	0.062663	0.155777	0.184923	0.04232287667691707	2.6337448559670777e-05	0.155775249004364
52440	-2.770812	-1.888916	-1.687640	0.062611	0.155818	0.184955	0.042295747250318524	3.9506172839506166e-05	0.15581874549388885
52560	-2.771692	-1.888518	-1.686469	0.062556	0.155901	0.185172	0.04226793888956308	3.9506172839506166e-05	0.15589959919452667
52680	-2.772785	-1.888213	-1.685258	0.062488	0.155966	0.185397	0.04223170820623636	1.7558299039780518e-05	0.15596657991409302
52800	-2.774970	-1.888021	-1.685479	0.062351	0.156020	0.185356	0.04222255367785692	3.9506172839506166e-05	0.1560184806585312
52920	-2.775699	-1.887725	-1.685422	0.062306	0.156079	0.185366	0.04218827448785305	3.9506172839506166e-05	0.15607929229736328
53040	-2.778102	-1.887716	-1.684688	0.062156	0.156107	0.185502	0.04219160210341215	1.7558299039780518e-05	0.1561066210269928
53160	-2.779823	-1.887313	-1.683588	0.062050	0.156190	0.185706	0.04215741213411093	2.6337448559670777e-05	0.15618979930877686
53280	-2.782266	-1.886964	-1.683137	0.061898	0.156264	0.185790	0.04212709534913302	3.9506172839506166e-05	0.156263068318367
53400	-2.784139	-1.886703	-1.681913	0.061782	0.156323	0.186018	0.04210507553070784	3.9506172839506166e-05	0.15632212162017822
53520	-2.785715	-1.886294	-1.681228	0.061685	0.156405	0.186145	0.042061685025691985	2.6337448559670777e-05	0.15640509128570557
53640	-2.787564	-1.886170	-1.681277	0.061571	0.156440	0.186136	0.04205194115638733	2.6337448559670777e-05	0.15643936395645142
53760	-2.788269	-1.885591	-1.680496	0.061528	0.156547	0.186282	0.04200275056064129	3.9506172839506166e-05	0.156545951962471
53880	-2.789544	-1.885195	-1.680524	0.061449	0.156619	0.186276	0.041968817636370656	3.9506172839506166e-05	0.15661773085594177
54000	-2.790117	-1.884773	-1.680385	0.061414	0.156698	0.186302	0.04192979522049427	1.7558299039780518e-05	0.15669773519039154
54120	-2.791512	-1.884709	-1.679959	0.061328	0.156727	0.186382	0.041919331438839434	2.6337448559670777e-05	0.1567266434431076
54240	-2.792145	-1.884253	-1.680061	0.061290	0.156809	0.186363	0.041882403567433356	2.6337448559670777e-05	0.15680862963199615
54360	-2.792265	-1.883901	-1.679779	0.061282	0.156872	0.186415	0.04185050092637539	3.9506172839506166e-05	0.15687087178230286
54480	-2.793453	-1.883573	-1.679049	0.061210	0.156941	0.186551	0.04181762114167213	3.9506172839506166e-05	0.1569407731294632
54600	-2.794058	-1.883378	-1.679370	0.061172	0.156981	0.186491	0.041803351044654845	2.6337448559670777e-05	0.15698052942752838
54720	-2.794913	-1.882944	-1.678279	0.061120	0.157070	0.186695	0.04176381211727857	1.7558299039780518e-05	0.15706907212734222
54840	-2.795564	-1.882528	-1.676875	0.061080	0.157150	0.186957	0.04172675870358944	2.6337448559670777e-05	0.15714895725250244
54960	-2.797646	-1.882300	-1.675585	0.060953	0.157209	0.187199	0.04170242752879858	2.6337448559670777e-05	0.15720880031585693
55080	-2.798188	-1.882011	-1.674507	0.060920	0.157267	0.187401	0.041678987070918085	3.9506172839506166e-05	0.15726573765277863
55200	-2.799189	-1.881718	-1.674551	0.060859	0.157325	0.187392	0.04165357630699873	3.9506172839506166e-05	0.15732453763484955
55320	-2.799892	-1.881199	-1.674188	0.060817	0.157421	0.187460	0.0416058586910367	3.9506172839506166e-05	0.15742015838623047
55440	-2.800657	-1.881016	-1.674812	0.060770	0.157460	0.187343	0.04158686939626932	2.6337448559670777e-05	0.1574603170156479
55560	-2.800897	-1.880630	-1.673614	0.060756	0.157529	0.187568	0.041557325050234795	3.9506172839506166e-05	0.1575276404619217
55680	-2.802561	-1.880274	-1.672109	0.060655	0.157600	0.187850	0.041521744802594185	3.9506172839506166e-05	0.15759922564029694
55800	-2.804027	-1.880041	-1.670549	0.060566	0.157648	0.188144	0.04150584638118744	2.6337448559670777e-05	0.1576470285654068
55920	-2.805979	-1.880174	-1.669756	0.060448	0.157644	0.188293	0.04150988589972258	2.6337448559670777e-05	0.15764401853084564
56040	-2.805977	-1.879553	-1.668487	0.060448	0.157750	0.188532	0.04146273657679558	3.9506172839506166e-05	0.15774817764759064
56160	-2.808248	-1.879135	-1.668739	0.060311	0.157833	0.188485	0.04141622055321932	3.9506172839506166e-05	0.1578330099582672
56280	-2.809594	-1.878848	-1.668713	0.060229	0.157890	0.188490	0.041395843774080274	2.6337448559670777e-05	0.15789006650447845
56400	-2.810114	-1.878539	-1.668900	0.060198	0.157947	0.188454	0.04136357977986336	3.9506172839506166e-05	0.15794742107391357
56520	-2.810702	-1.878433	-1.668807	0.060163	0.157973	0.188472	0.041357767581939694	3.9506172839506166e-05	0.15797270834445953
56640	-2.811293	-1.878150	-1.668546	0.060127	0.158030	0.188521	0.04133108835667372	3.9506172839506166e-05	0.15802976489067078
56760	-2.811869	-1.877916	-1.668275	0.060093	0.158077	0.188572	0.041306456364691255	2.6337448559670777e-05	0.15807755291461945
56880	-2.811723	-1.877560	-1.669012	0.060101	0.158144	0.188433	0.041275930032134055	3.9506172839506166e-05	0.15814372897148132
57000	-2.811431	-1.877121	-1.668806	0.060119	0.158211	0.188472	0.041236715763807295	3.9506172839506166e-05	0.15821053087711334
57120	-2.811682	-1.876938	-1.668841	0.060104	0.158245	0.188465	0.041218897141516206	2.6337448559670777e-05	0.15824547410011292
57240	-2.812658	-1.876898	-1.668442	0.060045	0.158266	0.188541	0.04121848847717047	3.9506172839506166e-05	0.1582653820514679
57360	-2.815435	-1.876976	-1.669565	0.059879	0.158278	0.188329	0.04122163783758879	3.9506172839506166e-05	0.1582779437303543
57480	-2.817309	-1.877043	-1.670372	0.059767	0.158285	0.188177	0.0412296324968338	3.9506172839506166e-05	0.15828464925289154
57600	-2.818577	-1.876756	-1.669693	0.059691	0.158347	0.188305	0.04120619185268879	2.6337448559670777e-05	0.15834654867649078
57720	-2.819612	-1.876126	-1.669739	0.059629	0.158456	0.188296	0.04115226268768311	2.6337448559670777e-05	0.15845562517642975
57840	-2.819817	-1.875713	-1.669081	0.059617	0.158530	0.188420	0.04111459255218506	2.6337448559670777e-05	0.1585296243429184
57960	-2.820208	-1.875266	-1.668847	0.059594	0.158608	0.188464	0.041080678999423983	3.9506172839506166e-05	0.15860652923583984
58080	-2.820616	-1.875123	-1.668271	0.059569	0.158639	0.188573	0.04105580095201731	2.6337448559670777e-05	0.15863849222660065
58200	-2.823135	-1.875003	-1.667670	0.059419	0.158680	0.188686	0.041045503318309785	2.6337448559670777e-05	0.15867966413497925
58320	-2.823386	-1.874482	-1.664578	0.059404	0.158780	0.189271	0.04100006185472012	2.6337448559670777e-05	0.15877968072891235
58440	-2.825653	-1.874179	-1.663719	0.059270	0.158845	0.189433	0.04097486957907677	2.6337448559670777e-05	0.1588442027568817
58560	-2.826949	-1.873706	-1.662462	0.059193	0.158938	0.189671	0.0409332076087594	3.9506172839506166e-05	0.1589372605085373
58680	-2.826756	-1.873277	-1.660921	0.059205	0.159010	0.189964	0.04089216534048319	2.6337448559670777e-05	0.15900979936122894
58800	-2.826865	-1.873127	-1.659105	0.059198	0.159047	0.190309	0.04087950456887483	1.7558299039780518e-05	0.1590464562177658
58920	-2.827707	-1.872470	-1.657606	0.059148	0.159170	0.190595	0.04082026481628418	3.9506172839506166e-05	0.15916994214057922
59040	-2.828344	-1.872266	-1.657185	0.059111	0.159214	0.190675	0.04080269001424312	3.9506172839506166e-05	0.15921354293823242
59160	-2.828168	-1.871944	-1.656726	0.059121	0.159280	0.190763	0.040772011131048204	2.6337448559670777e-05	0.1592799723148346
59280	-2.829537	-1.871719	-1.657706	0.059040	0.159326	0.190576	0.040755177102983	2.6337448559670777e-05	0.15932504832744598
59400	-2.830527	-1.871315	-1.656619	0.058982	0.159402	0.190783	0.04071553815156222	2.6337448559670777e-05	0.15940158069133759
59520	-2.832065	-1.871114	-1.657222	0.058891	0.159450	0.190668	0.04069855809211731	3.9506172839506166e-05	0.15944884717464447
59640	-2.833874	-1.870915	-1.657245	0.058785	0.159503	0.190664	0.04067886061966419	3.9506172839506166e-05	0.1595025360584259
59760	-2.834255	-1.870618	-1.656174	0.058762	0.159571	0.190868	0.04065542630851269	3.9506172839506166e-05	0.15957024693489075
59880	-2.833968	-1.870384	-1.655291	0.058779	0.159617	0.191036	0.04063400439918041	3.9506172839506166e-05	0.1596163809299469
60000	-2.834491	-1.870143	-1.654395	0.058748	0.159666	0.191208	0.04061198122799396	3.9506172839506166e-05	0.15966546535491943
60120	-2.834891	-1.869768	-1.654337	0.058725	0.159734	0.191219	0.040577763505280015	3.9506172839506166e-05	0.1597336381673813
60240	-2.835458	-1.869187	-1.653779	0.058692	0.159845	0.191326	0.040529828146100046	2.6337448559670777e-05	0.1598440706729889
60360	-2.835145	-1.868576	-1.651042	0.058710	0.159954	0.191850	0.040470433048903943	2.6337448559670777e-05	0.15995340049266815
60480	-2.837537	-1.868323	-1.648754	0.058570	0.160016	0.192289	0.04044841248542071	2.6337448559670777e-05	0.16001518070697784
60600	-2.838645	-1.867872	-1.649114	0.058505	0.160106	0.192220	0.04040922876447439	3.9506172839506166e-05	0.16010545194149017
60720	-2.839528	-1.867735	-1.648539	0.058453	0.160139	0.192331	0.040389041788876055	3.9506172839506166e-05	0.16013900935649872
60840	-2.841945	-1.867582	-1.647608	0.058312	0.160190	0.192510	0.04038383103907108	3.9506172839506166e-05	0.16018874943256378
60960	-2.843600	-1.867245	-1.646997	0.058216	0.160265	0.192627	0.04035178087651729	3.9506172839506166e-05	0.16026419401168823
61080	-2.845456	-1.866856	-1.645693	0.058108	0.160346	0.192879	0.04031545389443636	2.6337448559670777e-05	0.16034570336341858
61200	-2.847056	-1.866419	-1.644420	0.058015	0.160435	0.193125	0.040280658192932604	3.9506172839506166e-05	0.16043289005756378
61320	-2.847698	-1.865811	-1.644696	0.057978	0.160547	0.193071	0.04022446479648352	2.6337448559670777e-05	0.1605457216501236
61440	-2.849407	-1.865512	-1.643279	0.057879	0.160617	0.193345	0.04019220657646656	3.9506172839506166e-05	0.16061629354953766
61560	-2.850368	-1.865109	-1.641521	0.057823	0.160698	0.193685	0.040161036886274815	3.9506172839506166e-05	0.16069751977920532
61680	-2.852391	-1.865209	-1.640635	0.057706	0.160705	0.193857	0.04016758669167757	2.6337448559670777e-05	0.1607041358947754
61800	-2.853746	-1.865029	-1.639752	0.057628	0.160751	0.194028	0.04015056826174259	1.7558299039780518e-05	0.16075102984905243
61920	-2.854828	-1.864806	-1.638693	0.057566	0.160809	0.194234	0.040129334293305875	2.6337448559670777e-05	0.16080845892429352
62040	-2.856839	-1.864446	-1.638093	0.057450	0.160891	0.194350	0.04009845312684775	2.6337448559670777e-05	0.16089025139808655
62160	-2.857394	-1.864308	-1.636178	0.057418	0.160930	0.194723	0.04008880089968443	3.9506172839506166e-05	0.16092835366725922
62280	-2.858927	-1.864116	-1.636043	0.057330	0.160977	0.194749	0.0400704488158226	2.6337448559670777e-05	0.16097621619701385
62400	-2.860433	-1.864069	-1.636151	0.057244	0.160994	0.194728	0.040062634646892546	3.9506172839506166e-05	0.1609937846660614
62520	-2.861756	-1.863883	-1.636317	0.057168	0.161042	0.194696	0.040047291480004785	3.9506172839506166e-05	0.16104134917259216
62640	-2.862886	-1.863767	-1.635641	0.057104	0.161079	0.194827	0.04003373365849257	2.6337448559670777e-05	0.16107888519763947
62760	-2.863397	-1.863544	-1.635340	0.057075	0.161127	0.194886	0.04001536853611469	2.6337448559670777e-05	0.161126509308815
62880	-2.865234	-1.863206	-1.634097	0.056970	0.161204	0.195128	0.03998564928770065	2.6337448559670777e-05	0.16120336949825287
63000	-2.866793	-1.862876	-1.632695	0.056881	0.161284	0.195402	0.039953391440212725	3.9506172839506166e-05	0.1612841784954071
63120	-2.867885	-1.862615	-1.633185	0.056819	0.161338	0.195307	0.03993046581745148	2.6337448559670777e-05	0.16133803129196167
63240	-2.869316	-1.862557	-1.632830	0.056738	0.161363	0.195376	0.039927606284618375	2.6337448559670777e-05	0.16136223077774048
63360	-2.870643	-1.862277	-1.631590	0.056662	0.161431	0.195618	0.03990297187119722	3.9506172839506166e-05	0.16143031418323517
63480	-2.871235	-1.862021	-1.631261	0.056629	0.161484	0.195683	0.039878159388899805	3.9506172839506166e-05	0.16148415207862854
63600	-2.872751	-1.861659	-1.629744	0.056543	0.161563	0.195980	0.039850992150604725	2.6337448559670777e-05	0.16156207025051117
63720	-2.873684	-1.861444	-1.627199	0.056490	0.161614	0.196479	0.03982595093548298	1.7558299039780518e-05	0.1616143435239792
63840	-2.874903	-1.861161	-1.626422	0.056422	0.161676	0.196632	0.03979678265750408	2.6337448559670777e-05	0.16167660057544708
63960	-2.876498	-1.860929	-1.624684	0.056332	0.161731	0.196974	0.039783456921577455	3.9506172839506166e-05	0.16172964870929718
64080	-2.877127	-1.860768	-1.623688	0.056296	0.161770	0.197170	0.03976890202611685	3.9506172839506166e-05	0.16176944971084595
64200	-2.877887	-1.859885	-1.622537	0.056254	0.161933	0.197397	0.03969099316745996	1.7558299039780518e-05	0.16193218529224396
64320	-2.878510	-1.859382	-1.621502	0.056218	0.162022	0.197602	0.039644278958439826	2.6337448559670777e-05	0.16202189028263092
64440	-2.879363	-1.859083	-1.621554	0.056171	0.162085	0.197591	0.03961622845381498	2.6337448559670777e-05	0.16208402812480927
64560	-2.879566	-1.858343	-1.621171	0.056159	0.162220	0.197667	0.03955166507512331	2.6337448559670777e-05	0.16221947968006134
64680	-2.880279	-1.858144	-1.620861	0.056119	0.162267	0.197728	0.03953375704586506	1.7558299039780518e-05	0.16226622462272644
64800	-2.881197	-1.857602	-1.620840	0.056068	0.162371	0.197732	0.03948106504976749	1.7558299039780518e-05	0.16237054765224457
64920	-2.883013	-1.857171	-1.620694	0.055966	0.162459	0.197761	0.039443382248282435	3.9506172839506166e-05	0.1624579280614853
65040	-2.884484	-1.856759	-1.618915	0.055884	0.162552	0.198113	0.039411872252821924	1.7558299039780518e-05	0.16255109012126923
65160	-2.884888	-1.856596	-1.618103	0.055861	0.162595	0.198275	0.039392211474478245	3.9506172839506166e-05	0.16259415447711945
65280	-2.885589	-1.856107	-1.616627	0.055822	0.162694	0.198567	0.03935476690530777	3.9506172839506166e-05	0.16269148886203766
65400	-2.886755	-1.855600	-1.617020	0.055757	0.162793	0.198489	0.039304458908736704	2.6337448559670777e-05	0.16279226541519165
65520	-2.887688	-1.855356	-1.617028	0.055705	0.162847	0.198488	0.03928040619939566	3.9506172839506166e-05	0.16284671425819397
65640	-2.888752	-1.855148	-1.615392	0.055646	0.162901	0.198813	0.03925822153687477	3.9506172839506166e-05	0.1629011332988739
65760	-2.889350	-1.854834	-1.612705	0.055612	0.162972	0.199348	0.03923371098935604	3.9506172839506166e-05	0.1629716008901596
65880	-2.890026	-1.854458	-1.612913	0.055575	0.163052	0.199306	0.03919717781245709	3.9506172839506166e-05	0.16305147111415863
66000	-2.891926	-1.854340	-1.611861	0.055469	0.163097	0.199516	0.03919040616601706	3.9506172839506166e-05	0.16309581696987152
66120	-2.892612	-1.853850	-1.610075	0.055431	0.163182	0.199873	0.03914246112108231	3.9506172839506166e-05	0.16318251192569733
66240	-2.894380	-1.853565	-1.609738	0.055333	0.163246	0.199940	0.03912142124027014	1.7558299039780518e-05	0.16324548423290253
66360	-2.895881	-1.853462	-1.608495	0.055250	0.163285	0.200189	0.039105670899152754	2.6337448559670777e-05	0.16328522562980652
66480	-2.895943	-1.853443	-1.607554	0.055247	0.163294	0.200377	0.03910621143877506	2.6337448559670777e-05	0.16329354047775269
66600	-2.896399	-1.853177	-1.608500	0.055222	0.163350	0.200188	0.03908291179686785	3.9506172839506166e-05	0.1633496880531311
66720	-2.896275	-1.852959	-1.607463	0.055229	0.163395	0.200395	0.03906708881258965	2.6337448559670777e-05	0.16339416801929474
66840	-2.898587	-1.852822	-1.607051	0.055101	0.163445	0.200478	0.03905020263046026	3.9506172839506166e-05	0.16344419121742249
66960	-2.899386	-1.852528	-1.607043	0.055057	0.163508	0.200480	0.03902723304927349	1.7558299039780518e-05	0.16350679099559784
67080	-2.900685	-1.852172	-1.606429	0.054986	0.163582	0.200603	0.03899296186864376	2.6337448559670777e-05	0.16358201205730438
67200	-2.902661	-1.852005	-1.605152	0.054877	0.163635	0.200859	0.03897369671612978	3.9506172839506166e-05	0.163634791970253
67320	-2.903381	-1.851826	-1.605399	0.054838	0.163684	0.200810	0.03896892014890909	3.9506172839506166e-05	0.16368171572685242
67440	-2.903877	-1.851142	-1.604839	0.054810	0.163813	0.200922	0.03890020065009594	3.9506172839506166e-05	0.16381199657917023
67560	-2.903929	-1.851018	-1.604761	0.054807	0.163844	0.200938	0.038887960463762285	2.6337448559670777e-05	0.16384351253509521
67680	-2.904147	-1.850664	-1.604382	0.054796	0.163915	0.201014	0.038860040716826916	3.9506172839506166e-05	0.1639138162136078
67800	-2.904956	-1.850332	-1.604593	0.054751	0.163978	0.200971	0.0388268306851387	1.7558299039780518e-05	0.16397742927074432
67920	-2.905662	-1.850178	-1.605102	0.054713	0.164002	0.200869	0.03881181757897138	1.7558299039780518e-05	0.16400238871574402
68040	-2.906652	-1.850099	-1.605388	0.054658	0.164024	0.200812	0.03880333583801985	3.9506172839506166e-05	0.16402430832386017
68160	-2.907120	-1.849683	-1.604645	0.054633	0.164113	0.200961	0.03877707477658987	2.6337448559670777e-05	0.16411130130290985
68280	-2.907565	-1.849213	-1.604174	0.054609	0.164201	0.201055	0.03872819170355797	2.6337448559670777e-05	0.164200559258461
68400	-2.908416	-1.849068	-1.603936	0.054562	0.164233	0.201103	0.03871201984584331	2.6337448559670777e-05	0.16423317790031433
68520	-2.910163	-1.848855	-1.603026	0.054467	0.164293	0.201286	0.038699756190180776	1.7558299039780518e-05	0.16429217159748077
68640	-2.911248	-1.848287	-1.602389	0.054408	0.164410	0.201415	0.03864961676299572	2.6337448559670777e-05	0.16440916061401367
68760	-2.912008	-1.847847	-1.601523	0.054366	0.164495	0.201589	0.03860462438315153	2.6337448559670777e-05	0.16449441015720367
68880	-2.914042	-1.847455	-1.600708	0.054256	0.164583	0.201754	0.038570227846503255	3.9506172839506166e-05	0.16458232700824738
69000	-2.915353	-1.846882	-1.599371	0.054185	0.164700	0.202024	0.038518309220671655	3.9506172839506166e-05	0.16469866037368774
69120	-2.917248	-1.846920	-1.598067	0.054082	0.164714	0.202287	0.03851806614547968	3.9506172839506166e-05	0.16471341252326965
69240	-2.917787	-1.846791	-1.597605	0.054053	0.164746	0.202381	0.03851240836083889	2.6337448559670777e-05	0.16474531590938568
69360	-2.918215	-1.846408	-1.596605	0.054030	0.164826	0.202583	0.03847460933029652	2.6337448559670777e-05	0.1648254692554474
69480	-2.919169	-1.846490	-1.595980	0.053979	0.164820	0.202710	0.0384783586487174	3.9506172839506166e-05	0.16482020914554596
69600	-2.920744	-1.846400	-1.596361	0.053894	0.164852	0.202633	0.03847255427390337	3.9506172839506166e-05	0.1648518294095993
69720	-2.921578	-1.846071	-1.595348	0.053849	0.164924	0.202838	0.03843920882791281	2.6337448559670777e-05	0.16492392122745514
69840	-2.923511	-1.845855	-1.594736	0.053745	0.164979	0.202962	0.03842584490776062	2.6337448559670777e-05	0.1649787724018097
69960	-2.924625	-1.845582	-1.594796	0.053685	0.165035	0.202950	0.038396750763058665	2.6337448559670777e-05	0.16503553092479706
70080	-2.925093	-1.845196	-1.592278	0.053660	0.165124	0.203462	0.03836243096739054	3.9506172839506166e-05	0.16512437164783478
70200	-2.926161	-1.844917	-1.591346	0.053602	0.165187	0.203651	0.03834360092878342	3.9506172839506166e-05	0.16518621146678925
70320	-2.926993	-1.844373	-1.589558	0.053558	0.165298	0.204016	0.038293835893273356	2.6337448559670777e-05	0.1652972251176834
70440	-2.927090	-1.844217	-1.589657	0.053553	0.165341	0.203995	0.03827854916453362	3.9506172839506166e-05	0.165339857339859
70560	-2.927961	-1.844201	-1.588932	0.053506	0.165363	0.204144	0.03827279210090637	2.6337448559670777e-05	0.16536319255828857
70680	-2.929403	-1.843937	-1.588773	0.053429	0.165430	0.204176	0.03825323041528463	2.6337448559670777e-05	0.16542939841747284
70800	-2.930645	-1.843606	-1.588802	0.053363	0.165510	0.204170	0.03822264987975359	2.6337448559670777e-05	0.16550929844379425
70920	-2.932821	-1.843572	-1.588598	0.053247	0.165538	0.204212	0.03821861539036035	2.6337448559670777e-05	0.1655377447605133
71040	-2.933937	-1.843500	-1.588027	0.053187	0.165573	0.204328	0.038213901966810224	3.9506172839506166e-05	0.16557224094867706
71160	-2.935213	-1.843413	-1.587711	0.053119	0.165602	0.204393	0.03820352666079998	3.9506172839506166e-05	0.16560181975364685
71280	-2.937004	-1.843343	-1.587080	0.053024	0.165637	0.204522	0.03819857239723205	3.9506172839506166e-05	0.16563652455806732
71400	-2.938429	-1.842971	-1.586763	0.052949	0.165727	0.204587	0.03816134836524725	3.9506172839506166e-05	0.16572779417037964
71520	-2.940068	-1.842950	-1.586977	0.052862	0.165754	0.204543	0.03816066924482584	3.9506172839506166e-05	0.1657542884349823
71640	-2.941333	-1.842861	-1.586607	0.052795	0.165785	0.204619	0.03815506622195244	2.6337448559670777e-05	0.16578498482704163
71760	-2.941836	-1.842829	-1.584906	0.052769	0.165807	0.204967	0.0381535243242979	2.6337448559670777e-05	0.16580580174922943
71880	-2.943177	-1.842795	-1.584999	0.052698	0.165828	0.204948	0.038150425814092156	2.6337448559670777e-05	0.16582654416561127
72000	-2.943939	-1.842535	-1.584541	0.052658	0.165889	0.205042	0.03812629971653223	3.9506172839506166e-05	0.1658882349729538
72120	-2.944490	-1.842410	-1.585135	0.052629	0.165914	0.204920	0.03811561670154333	2.6337448559670777e-05	0.16591361165046692
72240	-2.945265	-1.842203	-1.585400	0.052588	0.165964	0.204866	0.03809295147657395	3.9506172839506166e-05	0.1659644991159439
72360	-2.946170	-1.841980	-1.584169	0.052541	0.166021	0.205118	0.038074720464646813	3.9506172839506166e-05	0.16602104902267456
72480	-2.947008	-1.841966	-1.583758	0.052497	0.166040	0.205202	0.038067657686769965	3.9506172839506166e-05	0.166041299700737
72600	-2.947268	-1.841520	-1.584073	0.052483	0.166131	0.205138	0.038034027256071565	3.9506172839506166e-05	0.16613009572029114
72720	-2.948822	-1.840979	-1.581945	0.052401	0.166252	0.205575	0.03799066711217165	2.6337448559670777e-05	0.16625118255615234
72840	-2.949683	-1.840778	-1.581540	0.052356	0.166310	0.205658	0.03796584066003561	3.9506172839506166e-05	0.16630935668945312
72960	-2.951503	-1.840388	-1.581125	0.052261	0.166412	0.205743	0.03793358076363802	3.9506172839506166e-05	0.16641101241111755
73080	-2.953037	-1.839934	-1.579654	0.052181	0.166512	0.206046	0.0378914263099432	2.6337448559670777e-05	0.16651172935962677
73200	-2.952815	-1.839641	-1.578979	0.052193	0.166570	0.206185	0.03786679171025753	1.7558299039780518e-05	0.16656911373138428
73320	-2.954183	-1.839776	-1.579149	0.052121	0.166561	0.206151	0.03787741120904684	2.6337448559670777e-05	0.1665608286857605
73440	-2.955492	-1.839327	-1.578145	0.052053	0.166663	0.206357	0.03784146271646023	3.9506172839506166e-05	0.16666145622730255
73560	-2.955892	-1.838913	-1.577015	0.052032	0.166749	0.206591	0.03779924027621746	3.9506172839506166e-05	0.16674813628196716
73680	-2.955626	-1.839042	-1.577883	0.052046	0.166727	0.206412	0.037811822257936	2.6337448559670777e-05	0.1667269468307495
73800	-2.956233	-1.838853	-1.577257	0.052014	0.166770	0.206541	0.03779657743871212	2.6337448559670777e-05	0.1667688935995102
73920	-2.957374	-1.838541	-1.576633	0.051955	0.166837	0.206670	0.03776502534747124	3.9506172839506166e-05	0.16683673858642578
74040	-2.959123	-1.838471	-1.576917	0.051864	0.166867	0.206611	0.037757109850645065	2.6337448559670777e-05	0.16686736047267914
74160	-2.960627	-1.838535	-1.577591	0.051786	0.166882	0.206472	0.03776523172855377	3.9506172839506166e-05	0.1668817102909088
74280	-2.962234	-1.838476	-1.576420	0.051703	0.166916	0.206714	0.03775851633399725	2.6337448559670777e-05	0.1669164001941681
74400	-2.963803	-1.838120	-1.575453	0.051622	0.167001	0.206914	0.037726986408233645	2.6337448559670777e-05	0.16700126230716705
74520	-2.964761	-1.837586	-1.574848	0.051573	0.167107	0.207039	0.03768243957310915	2.6337448559670777e-05	0.16710646450519562
74640	-2.966439	-1.837368	-1.573989	0.051486	0.167163	0.207217	0.03765894547104835	2.6337448559670777e-05	0.1671626716852188
74760	-2.967626	-1.837291	-1.574285	0.051425	0.167184	0.207156	0.03764938376843929	2.6337448559670777e-05	0.16718479990959167
74880	-2.967966	-1.837303	-1.574605	0.051408	0.167202	0.207089	0.03765882663428784	1.7558299039780518e-05	0.16720068454742432
75000	-2.968315	-1.836865	-1.574039	0.051390	0.167288	0.207207	0.037619475089013574	3.9506172839506166e-05	0.1672871857881546
75120	-2.967985	-1.836468	-1.573468	0.051407	0.167366	0.207325	0.037583767995238306	3.9506172839506166e-05	0.16736459732055664
75240	-2.967267	-1.835825	-1.572657	0.051444	0.167472	0.207493	0.03752245679497719	3.9506172839506166e-05	0.16747185587882996
75360	-2.967849	-1.836008	-1.572645	0.051414	0.167446	0.207496	0.03753709886223078	2.6337448559670777e-05	0.16744548082351685
75480	-2.968228	-1.835700	-1.572279	0.051394	0.167501	0.207572	0.037514477409422396	2.6337448559670777e-05	0.16749954223632812
75600	-2.968107	-1.835250	-1.572740	0.051400	0.167582	0.207476	0.0374727999791503	3.9506172839506166e-05	0.16758067905902863
75720	-2.967069	-1.834930	-1.573010	0.051454	0.167630	0.207420	0.037445035949349406	2.6337448559670777e-05	0.16762906312942505
75840	-2.967014	-1.834606	-1.572733	0.051457	0.167679	0.207477	0.037417643889784816	2.6337448559670777e-05	0.1676781326532364
75960	-2.966538	-1.834215	-1.571448	0.051481	0.167747	0.207744	0.03737504091113806	2.6337448559670777e-05	0.16774721443653107
76080	-2.966105	-1.833969	-1.570606	0.051504	0.167788	0.207919	0.037355147674679755	2.6337448559670777e-05	0.1677873730659485
76200	-2.965981	-1.833608	-1.570926	0.051510	0.167844	0.207853	0.03732488714158535	2.6337448559670777e-05	0.1678425520658493
76320	-2.966225	-1.833180	-1.570816	0.051497	0.167920	0.207876	0.03728326540440321	2.6337448559670777e-05	0.16791965067386627
76440	-2.965733	-1.832636	-1.570067	0.051523	0.168013	0.208031	0.03724158573895693	3.9506172839506166e-05	0.16801196336746216
76560	-2.964551	-1.832026	-1.569745	0.051584	0.168107	0.208098	0.037184526585042475	2.6337448559670777e-05	0.16810549795627594
76680	-2.963943	-1.831392	-1.569664	0.051615	0.168212	0.208115	0.037130038253962994	2.6337448559670777e-05	0.16821056604385376
76800	-2.963801	-1.830845	-1.570198	0.051622	0.168304	0.208004	0.03707554191350937	2.6337448559670777e-05	0.16830290853977203
76920	-2.963996	-1.830365	-1.568821	0.051612	0.168396	0.208291	0.037030124291777614	2.6337448559670777e-05	0.1683962047100067
77040	-2.963853	-1.829975	-1.569692	0.051620	0.168467	0.208109	0.03699954338371754	2.6337448559670777e-05	0.16846579313278198
77160	-2.963719	-1.829150	-1.569227	0.051627	0.168618	0.208206	0.036926573142409325	1.7558299039780518e-05	0.1686171591281891
77280	-2.963386	-1.828514	-1.569436	0.051644	0.168722	0.208163	0.0368650496006012	2.6337448559670777e-05	0.16872182488441467
77400	-2.963595	-1.828061	-1.569766	0.051633	0.168806	0.208094	0.0368250735104084	2.6337448559670777e-05	0.16880542039871216
77520	-2.963664	-1.827294	-1.569291	0.051629	0.168948	0.208193	0.03675748985260725	2.6337448559670777e-05	0.16894744336605072
77640	-2.963622	-1.826684	-1.569058	0.051632	0.169050	0.208241	0.0366995707154274	2.6337448559670777e-05	0.16904953122138977
77760	-2.963486	-1.826107	-1.569037	0.051639	0.169149	0.208246	0.03664962239563465	2.6337448559670777e-05	0.169148251414299
77880	-2.964240	-1.825486	-1.568694	0.051600	0.169270	0.208317	0.03659160491079092	2.6337448559670777e-05	0.1692693680524826
78000	-2.963402	-1.825040	-1.568545	0.051643	0.169337	0.208348	0.036553749814629555	2.6337448559670777e-05	0.16933681070804596
78120	-2.963360	-1.824812	-1.567991	0.051645	0.169385	0.208464	0.036529873684048655	2.6337448559670777e-05	0.16938501596450806
78240	-2.962814	-1.824072	-1.567189	0.051673	0.169506	0.208631	0.03646783288568258	2.6337448559670777e-05	0.16950546205043793
78360	-2.961599	-1.823336	-1.566566	0.051736	0.169626	0.208761	0.03640463873744011	2.6337448559670777e-05	0.1696244478225708
78480	-2.961818	-1.822533	-1.565632	0.051725	0.169772	0.208956	0.036329808086156844	3.9506172839506166e-05	0.1697710007429123
78600	-2.961872	-1.822009	-1.564517	0.051722	0.169866	0.209189	0.036282459273934364	3.9506172839506166e-05	0.16986516118049622
78720	-2.961329	-1.821464	-1.563886	0.051750	0.169960	0.209321	0.036235592886805536	2.6337448559670777e-05	0.16995884478092194
78840	-2.961633	-1.820906	-1.562907	0.051734	0.170067	0.209526	0.036178401112556456	3.9506172839506166e-05	0.17006666958332062
78960	-2.961206	-1.820446	-1.561822	0.051756	0.170149	0.209754	0.03613866940140724	2.6337448559670777e-05	0.1701488196849823
79080	-2.960910	-1.820161	-1.562172	0.051772	0.170197	0.209680	0.03611323367804289	1.7558299039780518e-05	0.17019589245319366
79200	-2.960950	-1.819940	-1.562725	0.051770	0.170232	0.209564	0.03609249517321587	3.9506172839506166e-05	0.17023202776908875
79320	-2.961972	-1.819456	-1.562575	0.051717	0.170324	0.209596	0.03605057708919048	2.6337448559670777e-05	0.17032311856746674
79440	-2.962049	-1.819237	-1.562145	0.051713	0.170366	0.209686	0.036025972291827205	2.6337448559670777e-05	0.17036589980125427
79560	-2.961861	-1.818810	-1.562430	0.051723	0.170433	0.209626	0.035992102883756164	2.6337448559670777e-05	0.17043276131153107
79680	-2.961164	-1.818303	-1.562066	0.051759	0.170523	0.209702	0.03594347797334194	2.6337448559670777e-05	0.17052249610424042
79800	-2.960017	-1.817911	-1.561754	0.051818	0.170589	0.209768	0.0359080970287323	1.7558299039780518e-05	0.1705891638994217
79920	-2.959531	-1.817580	-1.560017	0.051843	0.170642	0.210132	0.035882368125021456	3.9506172839506166e-05	0.1706409454345703
80040	-2.959775	-1.816998	-1.559233	0.051831	0.170746	0.210297	0.03582748938351869	2.6337448559670777e-05	0.17074592411518097
80160	-2.959948	-1.816798	-1.559477	0.051822	0.170780	0.210246	0.035807551443576814	2.6337448559670777e-05	0.17078007757663727
80280	-2.959789	-1.816578	-1.559115	0.051830	0.170819	0.210322	0.03578929230570793	2.6337448559670777e-05	0.17081855237483978
80400	-2.959573	-1.815938	-1.558652	0.051841	0.170928	0.210419	0.03573916964232922	2.6337448559670777e-05	0.17092645168304443
80520	-2.959398	-1.815678	-1.558712	0.051850	0.170972	0.210407	0.03570963758975267	1.7558299039780518e-05	0.17097176611423492
80640	-2.959308	-1.815323	-1.558470	0.051855	0.171032	0.210458	0.03567731063812971	2.6337448559670777e-05	0.17103144526481628
80760	-2.958855	-1.814926	-1.557846	0.051878	0.171100	0.210589	0.03564156908541918	3.9506172839506166e-05	0.17109957337379456
80880	-2.958677	-1.814707	-1.557993	0.051888	0.171133	0.210558	0.03561930451542139	2.6337448559670777e-05	0.17113296687602997
81000	-2.959359	-1.814494	-1.557934	0.051852	0.171174	0.210571	0.03560567013919354	2.6337448559670777e-05	0.17117272317409515
81120	-2.959921	-1.814328	-1.558460	0.051823	0.171205	0.210460	0.03558238353580236	2.6337448559670777e-05	0.17120595276355743
81240	-2.959023	-1.813968	-1.558014	0.051870	0.171258	0.210554	0.03555834218859673	3.9506172839506166e-05	0.1712573915719986
81360	-2.959341	-1.813600	-1.557812	0.051853	0.171328	0.210596	0.035518955811858176	2.6337448559670777e-05	0.17132773995399475
81480	-2.959130	-1.813413	-1.557868	0.051864	0.171360	0.210585	0.03550564162433147	2.6337448559670777e-05	0.17135962843894958
81600	-2.958752	-1.813210	-1.558418	0.051884	0.171397	0.210469	0.03548832628875971	2.6337448559670777e-05	0.1713958978652954
81720	-2.958196	-1.812714	-1.558210	0.051912	0.171479	0.210513	0.035441719181835654	3.9506172839506166e-05	0.1714789718389511
81840	-2.959280	-1.812227	-1.558037	0.051856	0.171578	0.210549	0.035398519970476626	2.6337448559670777e-05	0.17157720029354095
81960	-2.959692	-1.811934	-1.557266	0.051835	0.171640	0.210711	0.03537170849740505	2.6337448559670777e-05	0.17163987457752228
82080	-2.959800	-1.811675	-1.556672	0.051829	0.171694	0.210837	0.03534729164093733	2.6337448559670777e-05	0.17169354856014252
82200	-2.959280	-1.811535	-1.555172	0.051856	0.171722	0.211153	0.03533520195633173	2.6337448559670777e-05	0.17172138392925262
82320	-2.958639	-1.811125	-1.554678	0.051889	0.171791	0.211257	0.035300046764314176	2.6337448559670777e-05	0.17179033160209656
82440	-2.959001	-1.810889	-1.554620	0.051871	0.171832	0.211270	0.035278809070587155	3.9506172839506166e-05	0.1718309223651886
82560	-2.959966	-1.810584	-1.554174	0.051821	0.171892	0.211364	0.035251546278595926	2.6337448559670777e-05	0.17189174890518188
82680	-2.959245	-1.810374	-1.553884	0.051858	0.171925	0.211425	0.03523290939629078	3.9506172839506166e-05	0.17192384600639343
82800	-2.958888	-1.810101	-1.553660	0.051877	0.171977	0.211473	0.03520711027085781	2.6337448559670777e-05	0.171977236866951
82920	-2.957859	-1.809908	-1.553280	0.051930	0.172009	0.211553	0.03518762402236462	1.7558299039780518e-05	0.17200924456119537
83040	-2.957211	-1.809656	-1.553318	0.051964	0.172044	0.211545	0.03516381420195103	1.7558299039780518e-05	0.1720440834760666
83160	-2.957350	-1.809377	-1.552906	0.051956	0.172099	0.211632	0.035139700025320054	3.9506172839506166e-05	0.17209923267364502
83280	-2.956506	-1.809157	-1.553963	0.052000	0.172136	0.211409	0.03512159176170826	2.6337448559670777e-05	0.17213597893714905
83400	-2.956758	-1.809022	-1.554188	0.051987	0.172160	0.211361	0.035110604017972946	2.6337448559670777e-05	0.17215996980667114
83520	-2.957115	-1.808581	-1.554119	0.051969	0.172234	0.211376	0.03507159948348999	2.6337448559670777e-05	0.17223326861858368
83640	-2.956664	-1.808358	-1.553232	0.051992	0.172258	0.211563	0.03505159057676792	2.6337448559670777e-05	0.1722576767206192
83760	-2.956694	-1.808003	-1.553124	0.051991	0.172319	0.211586	0.03502242136746645	3.9506172839506166e-05	0.17231789231300354
83880	-2.956204	-1.807589	-1.554004	0.052016	0.172389	0.211400	0.034982063621282575	2.6337448559670777e-05	0.17238864302635193
84000	-2.955915	-1.807132	-1.553353	0.052031	0.172467	0.211537	0.03494104593992233	2.6337448559670777e-05	0.17246638238430023
84120	-2.955689	-1.806626	-1.552546	0.052043	0.172562	0.211708	0.034893442317843436	2.6337448559670777e-05	0.1725614219903946
84240	-2.954930	-1.806525	-1.553897	0.052082	0.172577	0.211422	0.03488606326282025	3.9506172839506166e-05	0.17257572710514069
84360	-2.954744	-1.806266	-1.554178	0.052092	0.172626	0.211363	0.03486259318888187	2.6337448559670777e-05	0.17262563109397888
84480	-2.954825	-1.806089	-1.553731	0.052088	0.172666	0.211458	0.03484631609171629	2.6337448559670777e-05	0.17266538739204407
84600	-2.954828	-1.805913	-1.553933	0.052088	0.172698	0.211415	0.03482739757746458	2.6337448559670777e-05	0.17269816994667053
84720	-2.953263	-1.805573	-1.553390	0.052169	0.172744	0.211530	0.034802588634192944	2.6337448559670777e-05	0.17274340987205505
84840	-2.953468	-1.805245	-1.553201	0.052159	0.172799	0.211570	0.034770266711711885	1.1705532693187011e-05	0.17279911041259766
84960	-2.953335	-1.805102	-1.553024	0.052165	0.172828	0.211607	0.03475865665823221	2.6337448559670777e-05	0.17282696068286896
85080	-2.953362	-1.804805	-1.553078	0.052164	0.172882	0.211596	0.03473012577742338	2.6337448559670777e-05	0.1728815883398056
85200	-2.953870	-1.804849	-1.553847	0.052138	0.172872	0.211433	0.03473140448331833	1.7558299039780518e-05	0.17287257313728333
85320	-2.953666	-1.804875	-1.553763	0.052148	0.172870	0.211451	0.03473495375365019	2.6337448559670777e-05	0.17286935448646545
85440	-2.953392	-1.804678	-1.553052	0.052162	0.172903	0.211601	0.03471755757927895	2.6337448559670777e-05	0.17290326952934265
85560	-2.953030	-1.804476	-1.552173	0.052181	0.172935	0.211787	0.03469711896032095	2.6337448559670777e-05	0.17293484508991241
85680	-2.952262	-1.804318	-1.552197	0.052221	0.172964	0.211782	0.03468700293451547	2.6337448559670777e-05	0.1729641556739807
85800	-2.952174	-1.804058	-1.551722	0.052226	0.173015	0.211883	0.0346634104847908	1.7558299039780518e-05	0.1730145364999771
85920	-2.951830	-1.803748	-1.551899	0.052244	0.173075	0.211845	0.034635766223073	3.9506172839506166e-05	0.17307470738887787
86040	-2.951759	-1.803337	-1.551913	0.052248	0.173151	0.211842	0.03459829073399305	1.7558299039780518e-05	0.17315024137496948
86160	-2.950930	-1.803164	-1.551657	0.052291	0.173173	0.211897	0.03458081446588039	1.7558299039780518e-05	0.17317283153533936
86280	-2.950107	-1.803030	-1.551277	0.052334	0.173190	0.211977	0.034572121873497966	2.6337448559670777e-05	0.1731894463300705
86400	-2.949659	-1.802691	-1.549573	0.052358	0.173249	0.212339	0.034540549665689466	2.6337448559670777e-05	0.1732480823993683
86520	-2.949395	-1.802548	-1.549930	0.052371	0.173277	0.212263	0.03452423997223377	2.6337448559670777e-05	0.17327693104743958
86640	-2.948248	-1.802425	-1.549401	0.052431	0.173294	0.212375	0.03451473601162434	2.6337448559670777e-05	0.17329348623752594
86760	-2.948065	-1.802276	-1.549258	0.052441	0.173326	0.212406	0.03450522590428591	3.9506172839506166e-05	0.1733246147632599
86880	-2.947381	-1.801796	-1.548664	0.052477	0.173412	0.212532	0.03445659577846527	2.6337448559670777e-05	0.17341220378875732
87000	-2.947190	-1.801813	-1.547663	0.052487	0.173411	0.212745	0.03445858713239432	2.6337448559670777e-05	0.17341062426567078
87120	-2.947342	-1.801885	-1.547828	0.052479	0.173403	0.212710	0.03446212336421013	2.6337448559670777e-05	0.1734035164117813
87240	-2.946813	-1.801605	-1.547408	0.052507	0.173447	0.212799	0.03443813696503639	2.6337448559670777e-05	0.17344732582569122
87360	-2.946773	-1.801180	-1.547003	0.052509	0.173523	0.212885	0.0344074122607708	2.6337448559670777e-05	0.17352214455604553
87480	-2.947073	-1.800931	-1.546562	0.052493	0.173570	0.212979	0.03437944184988737	2.6337448559670777e-05	0.17356975376605988
87600	-2.947104	-1.800618	-1.546070	0.052492	0.173624	0.213084	0.03435362391173839	2.6337448559670777e-05	0.17362378537654877
87720	-2.945862	-1.800205	-1.546161	0.052557	0.173685	0.213064	0.03431886713951826	2.6337448559670777e-05	0.17368477582931519
87840	-2.945647	-1.800002	-1.545711	0.052568	0.173722	0.213160	0.03429606072604656	1.7558299039780518e-05	0.17372196912765503
87960	-2.945719	-1.799633	-1.545105	0.052564	0.173783	0.213289	0.034265903010964396	2.6337448559670777e-05	0.17378227412700653
88080	-2.945109	-1.799323	-1.545369	0.052596	0.173837	0.213233	0.03423593919724226	2.6337448559670777e-05	0.1738366186618805
88200	-2.944762	-1.799158	-1.545741	0.052615	0.173871	0.213154	0.034219402261078356	2.6337448559670777e-05	0.1738707423210144
88320	-2.944346	-1.798780	-1.544967	0.052636	0.173930	0.213319	0.03418906554579735	2.6337448559670777e-05	0.1739296168088913
88440	-2.943838	-1.798402	-1.543658	0.052663	0.173997	0.213598	0.03415495734661818	2.6337448559670777e-05	0.17399637401103973
88560	-2.943037	-1.798042	-1.543828	0.052705	0.174052	0.213562	0.03412067797034979	2.6337448559670777e-05	0.17405204474925995
88680	-2.942475	-1.797624	-1.543449	0.052735	0.174126	0.213643	0.03408081606030464	1.7558299039780518e-05	0.17412671446800232
88800	-2.942038	-1.797358	-1.543325	0.052758	0.174172	0.213669	0.03406116981059313	2.6337448559670777e-05	0.17417113482952118
88920	-2.942538	-1.797215	-1.543096	0.052732	0.174202	0.213718	0.03404381778091192	1.7558299039780518e-05	0.17420175671577454
89040	-2.942437	-1.796870	-1.542926	0.052737	0.174265	0.213755	0.034016556292772296	1.7558299039780518e-05	0.1742640733718872
89160	-2.942454	-1.796685	-1.542981	0.052736	0.174299	0.213743	0.033999181166291234	2.6337448559670777e-05	0.17429819703102112
89280	-2.942645	-1.796486	-1.542611	0.052726	0.174337	0.213822	0.03398118596524	1.7558299039780518e-05	0.17433679103851318
89400	-2.943066	-1.796090	-1.542296	0.052704	0.174411	0.213889	0.033949616737663744	2.6337448559670777e-05	0.17440922558307648
89520	-2.942802	-1.795973	-1.542608	0.052718	0.174428	0.213823	0.03393552228808403	2.6337448559670777e-05	0.17442713677883148
89640	-2.942607	-1.795745	-1.542257	0.052728	0.174471	0.213898	0.033913654088973996	1.7558299039780518e-05	0.1744707226753235
89760	-2.942718	-1.795425	-1.542423	0.052722	0.174528	0.213862	0.03388751931488514	2.6337448559670777e-05	0.1745273321866989
89880	-2.941901	-1.795111	-1.541878	0.052765	0.174577	0.213979	0.033859900385141375	2.6337448559670777e-05	0.17457672953605652
90000	-2.942780	-1.794686	-1.540755	0.052719	0.174664	0.214219	0.03382553160190582	3.9506172839506166e-05	0.1746625006198883
90120	-2.943369	-1.794484	-1.540198	0.052688	0.174702	0.214339	0.03380270302295685	2.6337448559670777e-05	0.17470143735408783
90240	-2.943391	-1.794170	-1.539004	0.052687	0.174762	0.214595	0.03377061393111944	2.6337448559670777e-05	0.17476217448711395
90360	-2.945251	-1.794273	-1.538295	0.052589	0.174755	0.214747	0.03378450330346823	2.6337448559670777e-05	0.1747545301914215
90480	-2.945886	-1.794074	-1.538340	0.052555	0.174798	0.214737	0.03376704677939415	3.9506172839506166e-05	0.1747964471578598
90600	-2.945365	-1.793762	-1.537831	0.052583	0.174853	0.214847	0.03373777400702238	2.6337448559670777e-05	0.17485176026821136
90720	-2.945030	-1.793491	-1.537497	0.052600	0.174892	0.214918	0.033717522583901885	2.6337448559670777e-05	0.17489120364189148
90840	-2.943427	-1.793117	-1.537668	0.052685	0.174947	0.214882	0.03367955517023802	2.6337448559670777e-05	0.17494641244411469
90960	-2.942456	-1.792686	-1.536977	0.052736	0.175021	0.215030	0.03364014551043511	1.7558299039780518e-05	0.17502076923847198
91080	-2.942200	-1.792614	-1.536275	0.052750	0.175032	0.215181	0.03363383449614048	2.6337448559670777e-05	0.17503130435943604
91200	-2.942232	-1.792449	-1.536027	0.052748	0.175065	0.215234	0.03361914250999689	1.7558299039780518e-05	0.1750641167163849
91320	-2.942307	-1.791918	-1.534843	0.052744	0.175173	0.215489	0.03357743099331856	3.9506172839506166e-05	0.17517101764678955
91440	-2.943333	-1.791687	-1.535028	0.052690	0.175227	0.215450	0.03354910667985678	2.6337448559670777e-05	0.17522642016410828
91560	-2.942937	-1.791563	-1.534067	0.052711	0.175252	0.215657	0.03353314623236656	3.9506172839506166e-05	0.17525292932987213
91680	-2.944168	-1.791464	-1.533028	0.052646	0.175283	0.215881	0.03352944552898407	2.6337448559670777e-05	0.17528219521045685
91800	-2.945249	-1.791313	-1.532762	0.052589	0.175311	0.215938	0.033519516326487066	3.9506172839506166e-05	0.17531032860279083
91920	-2.945210	-1.791187	-1.533374	0.052591	0.175338	0.215806	0.03350543435662985	1.7558299039780518e-05	0.17533819377422333
92040	-2.944113	-1.791032	-1.532825	0.052649	0.175357	0.215925	0.033490491844713685	2.6337448559670777e-05	0.17535655200481415
92160	-2.945266	-1.790914	-1.533024	0.052588	0.175387	0.215882	0.03347678501158953	2.6337448559670777e-05	0.17538702487945557
92280	-2.944609	-1.790650	-1.532101	0.052623	0.175430	0.216081	0.03345397841185331	2.6337448559670777e-05	0.17543061077594757
92400	-2.944241	-1.790362	-1.531753	0.052642	0.175474	0.216156	0.03342970479279757	2.6337448559670777e-05	0.17547370493412018
92520	-2.944696	-1.790237	-1.531143	0.052618	0.175505	0.216288	0.0334201242774725	2.6337448559670777e-05	0.17550423741340637
92640	-2.944800	-1.790124	-1.530112	0.052613	0.175535	0.216511	0.03340420164167881	2.6337448559670777e-05	0.17553576827049255
92760	-2.944095	-1.789616	-1.529732	0.052650	0.175621	0.216594	0.03336616102606058	3.9506172839506166e-05	0.175620898604393
92880	-2.943762	-1.789413	-1.530530	0.052667	0.175649	0.216421	0.03334534056484699	2.6337448559670777e-05	0.17564883828163147
93000	-2.943746	-1.789391	-1.529925	0.052668	0.175660	0.216552	0.0333415973931551	2.6337448559670777e-05	0.17565980553627014
93120	-2.943751	-1.789320	-1.529988	0.052668	0.175682	0.216538	0.033337874710559844	2.6337448559670777e-05	0.17568108439445496
93240	-2.943064	-1.788893	-1.529335	0.052704	0.175753	0.216680	0.033300278894603255	2.6337448559670777e-05	0.17575228214263916
93360	-2.942029	-1.788336	-1.528819	0.052759	0.175846	0.216792	0.03325195889919996	2.6337448559670777e-05	0.1758451759815216
93480	-2.941336	-1.787712	-1.528057	0.052795	0.175959	0.216957	0.03319666814059019	2.6337448559670777e-05	0.17595842480659485
93600	-2.940765	-1.787500	-1.526796	0.052825	0.175996	0.217231	0.0331721130758524	2.6337448559670777e-05	0.17599603533744812
93720	-2.939878	-1.787277	-1.526185	0.052872	0.176022	0.217363	0.03315185196697712	2.6337448559670777e-05	0.17602169513702393
93840	-2.939681	-1.786973	-1.525362	0.052883	0.176077	0.217542	0.033130526542663574	3.9506172839506166e-05	0.1760750561952591
93960	-2.940354	-1.786584	-1.525197	0.052847	0.176155	0.217578	0.03309499397873879	3.9506172839506166e-05	0.1761535257101059
94080	-2.940469	-1.786077	-1.523601	0.052841	0.176241	0.217926	0.03304716665297747	3.9506172839506166e-05	0.17624008655548096
94200	-2.938964	-1.786021	-1.521662	0.052921	0.176246	0.218349	0.033038048259913924	2.6337448559670777e-05	0.17624597251415253
94320	-2.938990	-1.785585	-1.522163	0.052919	0.176330	0.218239	0.0330026650801301	2.6337448559670777e-05	0.1763291209936142
94440	-2.938592	-1.785360	-1.522005	0.052940	0.176363	0.218274	0.03297640383243561	3.9506172839506166e-05	0.17636315524578094
94560	-2.937755	-1.785152	-1.520659	0.052985	0.176391	0.218568	0.03295881114900112	2.6337448559670777e-05	0.1763915866613388
94680	-2.937707	-1.784776	-1.519305	0.052987	0.176460	0.218864	0.032927492074668406	2.6337448559670777e-05	0.17645999789237976
94800	-2.937721	-1.784261	-1.518862	0.052986	0.176556	0.218961	0.032882616855204105	3.9506172839506166e-05	0.17655563354492188
94920	-2.937223	-1.783994	-1.518459	0.053013	0.176604	0.219049	0.03285604175180197	3.9506172839506166e-05	0.17660313844680786
95040	-2.936506	-1.783774	-1.519428	0.053051	0.176632	0.218837	0.03283323161303997	3.9506172839506166e-05	0.17663243412971497
95160	-2.936350	-1.783507	-1.519257	0.053059	0.176676	0.218875	0.03281354084610939	1.7558299039780518e-05	0.17667540907859802
95280	-2.936408	-1.783417	-1.519515	0.053056	0.176696	0.218818	0.0327996825799346	3.9506172839506166e-05	0.17669641971588135
95400	-2.935946	-1.783012	-1.518770	0.053080	0.176775	0.218981	0.03276505134999752	2.6337448559670777e-05	0.17677487432956696
95520	-2.936054	-1.782599	-1.517730	0.053075	0.176849	0.219209	0.03273115605115891	3.9506172839506166e-05	0.17684948444366455
95640	-2.935400	-1.782293	-1.517951	0.053109	0.176905	0.219160	0.03270710464566946	3.9506172839506166e-05	0.17690442502498627
95760	-2.936092	-1.782001	-1.516784	0.053073	0.176967	0.219416	0.032676834426820275	2.6337448559670777e-05	0.17696677148342133
95880	-2.936405	-1.781644	-1.517054	0.053056	0.177033	0.219357	0.032645060867071155	1.7558299039780518e-05	0.17703258991241455
96000	-2.936084	-1.781454	-1.515697	0.053073	0.177071	0.219655	0.03262838628143072	3.9506172839506166e-05	0.17707042396068573
96120	-2.935726	-1.781124	-1.515266	0.053092	0.177134	0.219750	0.03259996175765991	3.9506172839506166e-05	0.17713406682014465
96240	-2.935297	-1.780514	-1.514408	0.053115	0.177242	0.219938	0.03254400193691254	2.6337448559670777e-05	0.1772412806749344
96360	-2.935032	-1.780119	-1.513323	0.053129	0.177312	0.220177	0.03250943645834923	3.9506172839506166e-05	0.17731119692325592
96480	-2.935550	-1.780076	-1.512906	0.053102	0.177325	0.220269	0.03250136040151119	3.9506172839506166e-05	0.17732495069503784
96600	-2.934885	-1.779472	-1.512576	0.053137	0.177431	0.220342	0.03245217744261027	3.9506172839506166e-05	0.17743027210235596
96720	-2.934826	-1.779185	-1.511621	0.053140	0.177482	0.220552	0.03242821451276541	2.6337448559670777e-05	0.17748023569583893
96840	-2.934139	-1.778540	-1.510945	0.053176	0.177590	0.220701	0.0323681365698576	3.9506172839506166e-05	0.1775895208120346
96960	-2.934182	-1.778284	-1.509975	0.053174	0.177634	0.220916	0.03234764412045479	3.9506172839506166e-05	0.177632674574852
97080	-2.934013	-1.778008	-1.509763	0.053183	0.177672	0.220962	0.032320364564657214	3.9506172839506166e-05	0.1776709407567978
97200	-2.934410	-1.777592	-1.507722	0.053162	0.177750	0.221414	0.03228120692074299	3.9506172839506166e-05	0.17774921655654907
97320	-2.934748	-1.777109	-1.507042	0.053144	0.177843	0.221564	0.0322430394589901	2.6337448559670777e-05	0.1778414100408554
97440	-2.934099	-1.776672	-1.506352	0.053179	0.177916	0.221717	0.03219928219914436	2.6337448559670777e-05	0.17791539430618286
97560	-2.933746	-1.776453	-1.505859	0.053197	0.177949	0.221827	0.03218215089291334	2.6337448559670777e-05	0.17794747650623322
97680	-2.933116	-1.775981	-1.505791	0.053231	0.178034	0.221842	0.03214016240090132	2.6337448559670777e-05	0.17803317308425903
97800	-2.932406	-1.775808	-1.505306	0.053269	0.178060	0.221949	0.032117811031639576	2.6337448559670777e-05	0.17806003987789154
97920	-2.932433	-1.775781	-1.505384	0.053267	0.178067	0.221932	0.03211249150335789	2.6337448559670777e-05	0.1780676543712616
98040	-2.932119	-1.775316	-1.504917	0.053284	0.178147	0.222036	0.03207819666713476	3.9506172839506166e-05	0.17814625799655914
98160	-2.932350	-1.774958	-1.504141	0.053272	0.178215	0.222208	0.032042213901877406	2.6337448559670777e-05	0.17821457982063293
98280	-2.932054	-1.774466	-1.503607	0.053287	0.178305	0.222327	0.03199791740626097	1.7558299039780518e-05	0.178305521607399
98400	-2.932230	-1.774385	-1.503625	0.053278	0.178309	0.222323	0.031994713470339775	3.9506172839506166e-05	0.17830796539783478
98520	-2.931287	-1.774090	-1.502828	0.053328	0.178354	0.222500	0.03196505606174469	3.9506172839506166e-05	0.17835375666618347
98640	-2.930000	-1.773780	-1.502747	0.053397	0.178398	0.222518	0.031938930973410606	2.6337448559670777e-05	0.17839699983596802
98760	-2.930113	-1.773436	-1.501757	0.053391	0.178461	0.222738	0.03190513662993908	2.6337448559670777e-05	0.17846132814884186
98880	-2.929909	-1.773330	-1.501286	0.053402	0.178485	0.222843	0.03189845364540815	3.9506172839506166e-05	0.1784839779138565
99000	-2.929064	-1.772919	-1.502281	0.053447	0.178546	0.222622	0.031861340440809724	2.6337448559670777e-05	0.17854605615139008
99120	-2.928035	-1.772750	-1.502927	0.053502	0.178565	0.222478	0.0318481108173728	3.9506172839506166e-05	0.1785638928413391
99240	-2.928633	-1.772470	-1.502107	0.053470	0.178624	0.222661	0.03182013351470232	2.6337448559670777e-05	0.1786232888698578
99360	-2.928657	-1.772116	-1.501089	0.053469	0.178697	0.222887	0.03178880400955677	1.7558299039780518e-05	0.17869694530963898
99480	-2.927750	-1.771901	-1.500538	0.053517	0.178733	0.223010	0.03177202306687832	3.9506172839506166e-05	0.17873264849185944
99600	-2.926865	-1.771966	-1.500134	0.053565	0.178704	0.223100	0.03177667520940304	3.9506172839506166e-05	0.17870356142520905
99720	-2.926252	-1.771710	-1.499580	0.053598	0.178736	0.223224	0.03175549264997244	3.9506172839506166e-05	0.17873480916023254
99840	-2.925892	-1.771609	-1.498457	0.053617	0.178745	0.223475	0.03173805084079504	2.6337448559670777e-05	0.17874518036842346
99960	-2.925776	-1.771442	-1.497509	0.053623	0.178767	0.223687	0.03173042181879282	2.6337448559670777e-05	0.17876572906970978
100080	-2.925844	-1.771027	-1.497667	0.053619	0.178846	0.223651	0.03169202581048012	3.9506172839506166e-05	0.17884574830532074
100200	-2.926485	-1.770834	-1.497663	0.053585	0.178887	0.223652	0.03167689479887485	3.9506172839506166e-05	0.17888545989990234
100320	-2.925734	-1.770495	-1.496729	0.053625	0.178949	0.223861	0.031642481498420236	2.6337448559670777e-05	0.17894946038722992
100440	-2.925633	-1.770164	-1.495153	0.053631	0.179010	0.224214	0.03161537069827318	2.6337448559670777e-05	0.17900975048542023
100560	-2.925657	-1.769610	-1.494349	0.053629	0.179115	0.224395	0.0315630367025733	3.9506172839506166e-05	0.17911472916603088
100680	-2.925899	-1.769265	-1.494096	0.053616	0.179183	0.224451	0.03153259046375752	2.6337448559670777e-05	0.17918208241462708
100800	-2.924987	-1.768768	-1.494187	0.053665	0.179273	0.224431	0.03149024378508329	2.6337448559670777e-05	0.17927239835262299
100920	-2.924355	-1.768490	-1.494426	0.053699	0.179320	0.224377	0.03146391250193119	2.6337448559670777e-05	0.1793193519115448
101040	-2.923192	-1.767972	-1.494170	0.053762	0.179399	0.224435	0.0314193619415164	3.9506172839506166e-05	0.17939816415309906
101160	-2.922877	-1.767534	-1.493163	0.053779	0.179482	0.224661	0.031379382312297824	2.6337448559670777e-05	0.17948128283023834
101280	-2.921766	-1.767027	-1.492077	0.053839	0.179570	0.224905	0.03133685532957316	3.9506172839506166e-05	0.17956885695457458
101400	-2.920585	-1.766685	-1.491314	0.053902	0.179628	0.225077	0.03129560556262732	3.9506172839506166e-05	0.1796286404132843
101520	-2.920446	-1.766541	-1.489926	0.053910	0.179662	0.225389	0.03128360789269209	3.9506172839506166e-05	0.1796623021364212
101640	-2.919049	-1.766196	-1.488622	0.053985	0.179715	0.225684	0.031255973316729066	3.9506172839506166e-05	0.17971383035182953
101760	-2.919218	-1.765913	-1.488073	0.053976	0.179771	0.225807	0.031229892745614052	3.9506172839506166e-05	0.17977100610733032
101880	-2.918943	-1.765695	-1.487355	0.053991	0.179813	0.225969	0.03120845714583993	3.9506172839506166e-05	0.1798129677772522
102000	-2.918810	-1.765332	-1.486752	0.053998	0.179877	0.226106	0.031173959095031022	3.9506172839506166e-05	0.17987731099128723
102120	-2.918104	-1.765302	-1.487080	0.054036	0.179876	0.226032	0.031174196116626262	2.6337448559670777e-05	0.17987556755542755
102240	-2.918206	-1.764742	-1.485945	0.054031	0.179982	0.226288	0.031132117193192244	3.9506172839506166e-05	0.17998065054416656
102360	-2.918181	-1.764411	-1.485896	0.054032	0.180042	0.226300	0.031093882117420434	1.7558299039780518e-05	0.18004147708415985
102480	-2.917921	-1.763858	-1.484403	0.054046	0.180138	0.226638	0.03105195164680481	3.9506172839506166e-05	0.1801367700099945
102600	-2.916953	-1.763659	-1.483672	0.054098	0.180168	0.226803	0.03102402053773403	2.6337448559670777e-05	0.1801677644252777
102720	-2.917313	-1.763558	-1.482468	0.054079	0.180190	0.227077	0.03101736158132553	2.6337448559670777e-05	0.1801891326904297
102840	-2.917916	-1.763141	-1.481845	0.054046	0.180277	0.227218	0.030977746937423944	3.9506172839506166e-05	0.18027761578559875
102960	-2.917938	-1.762858	-1.481371	0.054045	0.180334	0.227326	0.030958089511841536	3.9506172839506166e-05	0.18033301830291748
103080	-2.917027	-1.762494	-1.479957	0.054094	0.180394	0.227648	0.030920847319066525	3.9506172839506166e-05	0.18039371073246002
103200	-2.916727	-1.762003	-1.479234	0.054110	0.180487	0.227812	0.030878784134984016	2.6337448559670777e-05	0.18048711121082306
103320	-2.917049	-1.761653	-1.478984	0.054093	0.180556	0.227869	0.030850777123123407	2.6337448559670777e-05	0.18055503070354462
103440	-2.917006	-1.761479	-1.478680	0.054095	0.180591	0.227938	0.030830979999154805	3.9506172839506166e-05	0.18059077858924866
103560	-2.917489	-1.761411	-1.478560	0.054069	0.180610	0.227966	0.03082358408719301	2.6337448559670777e-05	0.18060941994190216
103680	-2.917211	-1.761055	-1.478601	0.054084	0.180681	0.227956	0.03079374022781849	2.6337448559670777e-05	0.18068046867847443
103800	-2.915700	-1.760564	-1.478495	0.054166	0.180762	0.227981	0.030749958101660015	2.6337448559670777e-05	0.18076187372207642
103920	-2.914986	-1.760251	-1.479879	0.054205	0.180816	0.227665	0.030718218721449374	3.9506172839506166e-05	0.18081606924533844
104040	-2.914325	-1.759760	-1.479350	0.054241	0.180911	0.227786	0.03067926149815321	3.9506172839506166e-05	0.1809099167585373
104160	-2.914343	-1.759385	-1.478909	0.054240	0.180982	0.227886	0.030642766691744327	2.6337448559670777e-05	0.18098114430904388
104280	-2.913973	-1.759294	-1.479963	0.054260	0.180998	0.227646	0.030632499884814025	2.6337448559670777e-05	0.18099813163280487
104400	-2.914175	-1.759002	-1.479595	0.054249	0.181056	0.227730	0.030609516892582178	3.9506172839506166e-05	0.18105576932430267
104520	-2.913718	-1.758706	-1.478678	0.054274	0.181105	0.227939	0.0305846712552011	2.6337448559670777e-05	0.18110419809818268
104640	-2.913096	-1.758385	-1.478148	0.054307	0.181160	0.228060	0.03055789479985833	3.9506172839506166e-05	0.18115857243537903
104760	-2.913188	-1.758175	-1.476860	0.054302	0.181206	0.228354	0.030533330887556075	2.6337448559670777e-05	0.18120519816875458
104880	-2.913210	-1.757997	-1.477289	0.054301	0.181237	0.228256	0.03051897408440709	3.9506172839506166e-05	0.18123605847358704
105000	-2.912493	-1.757908	-1.475517	0.054340	0.181251	0.228660	0.030505304876714944	3.9506172839506166e-05	0.1812511682510376
105120	-2.914339	-1.757652	-1.475162	0.054240	0.181308	0.228742	0.03048519054427743	2.6337448559670777e-05	0.18130818009376526
105240	-2.913902	-1.757390	-1.474903	0.054264	0.181354	0.228801	0.030459362361580134	3.9506172839506166e-05	0.1813543438911438
105360	-2.914512	-1.757052	-1.474818	0.054231	0.181429	0.228820	0.030434050131589174	3.9506172839506166e-05	0.18142813444137573
105480	-2.913444	-1.756788	-1.474009	0.054288	0.181478	0.229006	0.03040558621287346	2.6337448559670777e-05	0.1814776510000229
105600	-2.913889	-1.756610	-1.474066	0.054264	0.181519	0.228992	0.030391580145806073	3.9506172839506166e-05	0.18151848018169403
105720	-2.913445	-1.756458	-1.473585	0.054288	0.181546	0.229103	0.030375889129936696	2.6337448559670777e-05	0.1815468817949295
105840	-2.913108	-1.756103	-1.473227	0.054307	0.181604	0.229185	0.030350354593247177	3.9506172839506166e-05	0.18160313367843628
105960	-2.912214	-1.755799	-1.473046	0.054355	0.181657	0.229226	0.030318678915500642	3.9506172839506166e-05	0.18165715038776398
106080	-2.911580	-1.755553	-1.473492	0.054390	0.181694	0.229124	0.030296195484697818	3.9506172839506166e-05	0.1816936433315277
106200	-2.909773	-1.755301	-1.473568	0.054488	0.181722	0.229107	0.030274857487529516	2.6337448559670777e-05	0.18172168731689453
106320	-2.909500	-1.754806	-1.472875	0.054503	0.181821	0.229265	0.030233800038695337	3.9506172839506166e-05	0.18181954324245453
106440	-2.908971	-1.754501	-1.472546	0.054532	0.181871	0.229341	0.030204289685934783	2.6337448559670777e-05	0.1818704903125763
106560	-2.908416	-1.753987	-1.471041	0.054562	0.181962	0.229686	0.03016124675050378	3.9506172839506166e-05	0.1819610744714737
106680	-2.906884	-1.753637	-1.471511	0.054646	0.182015	0.229578	0.03012961698696017	3.9506172839506166e-05	0.18201325833797455
106800	-2.907859	-1.753405	-1.471244	0.054592	0.182072	0.229640	0.030102926306426525	3.9506172839506166e-05	0.1820714771747589
106920	-2.908899	-1.753026	-1.470633	0.054536	0.182144	0.229780	0.030070342682302	3.9506172839506166e-05	0.18214364349842072
107040	-2.907873	-1.752399	-1.470800	0.054592	0.182258	0.229742	0.030019477009773254	3.9506172839506166e-05	0.18225619196891785
107160	-2.906481	-1.752085	-1.468645	0.054668	0.182307	0.230237	0.0299843137152493	2.6337448559670777e-05	0.18230684101581573
107280	-2.907273	-1.751752	-1.467496	0.054625	0.182376	0.230502	0.029957569390535354	2.6337448559670777e-05	0.18237559497356415
107400	-2.907392	-1.751063	-1.466624	0.054618	0.182511	0.230703	0.029898275807499885	3.9506172839506166e-05	0.18250930309295654
107520	-2.907035	-1.750675	-1.465129	0.054637	0.182586	0.231048	0.02986300243064761	3.9506172839506166e-05	0.18258382380008698
107640	-2.906671	-1.750094	-1.464933	0.054657	0.182692	0.231094	0.029809228703379632	3.9506172839506166e-05	0.18269139528274536
107760	-2.906834	-1.749745	-1.463447	0.054648	0.182768	0.231437	0.029777743760496377	3.9506172839506166e-05	0.1827671229839325
107880	-2.906049	-1.749337	-1.462417	0.054691	0.182843	0.231676	0.029738871101289987	2.6337448559670777e-05	0.18284234404563904
108000	-2.905440	-1.748886	-1.460516	0.054725	0.182921	0.232116	0.02969964696094394	3.9506172839506166e-05	0.1829192340373993
108120	-2.904709	-1.748654	-1.460292	0.054765	0.182958	0.232169	0.029675371199846267	2.6337448559670777e-05	0.1829582005739212
108240	-2.904556	-1.748489	-1.459487	0.054773	0.182993	0.232355	0.02965954327955842	3.9506172839506166e-05	0.18299251794815063
108360	-2.903784	-1.747764	-1.458209	0.054815	0.183123	0.232653	0.029599045310169457	3.9506172839506166e-05	0.18312224745750427
108480	-2.903536	-1.747287	-1.456936	0.054829	0.183216	0.232949	0.02955388994887471	3.9506172839506166e-05	0.1832152158021927
108600	-2.903222	-1.746656	-1.456621	0.054846	0.183322	0.233022	0.029502995125949383	3.9506172839506166e-05	0.18332061171531677
108720	-2.901959	-1.746030	-1.454518	0.054916	0.183434	0.233513	0.0294436770491302	3.9506172839506166e-05	0.18343275785446167
108840	-2.901789	-1.745571	-1.455160	0.054925	0.183514	0.233363	0.029404834285378455	3.9506172839506166e-05	0.18351325392723083
108960	-2.901759	-1.745186	-1.453718	0.054926	0.183586	0.233700	0.02936648018658161	3.9506172839506166e-05	0.18358498811721802
109080	-2.901093	-1.744491	-1.451674	0.054963	0.183732	0.234178	0.029308384098112584	3.9506172839506166e-05	0.1837306171655655
109200	-2.899714	-1.744052	-1.451142	0.055039	0.183809	0.234303	0.02926271315664053	2.6337448559670777e-05	0.18380855023860931
109320	-2.899719	-1.743469	-1.450545	0.055039	0.183927	0.234442	0.029207203816622496	3.9506172839506166e-05	0.18392685055732727
109440	-2.901151	-1.743193	-1.450723	0.054960	0.183986	0.234401	0.02918549915775657	3.9506172839506166e-05	0.1839858591556549
109560	-2.901090	-1.742870	-1.451372	0.054963	0.184043	0.234249	0.029157100524753333	3.9506172839506166e-05	0.1840425580739975
109680	-2.901366	-1.742480	-1.450293	0.054948	0.184127	0.234502	0.029120620992034673	2.6337448559670777e-05	0.1841263473033905
109800	-2.900519	-1.742092	-1.449180	0.054995	0.184199	0.234763	0.029088265728205442	3.9506172839506166e-05	0.18419864773750305
109920	-2.900345	-1.741546	-1.447133	0.055004	0.184294	0.235244	0.029034991934895515	3.9506172839506166e-05	0.18429458141326904
110040	-2.900552	-1.741171	-1.447635	0.054993	0.184370	0.235126	0.02900816835463047	3.9506172839506166e-05	0.18436822295188904
110160	-2.900016	-1.740862	-1.447986	0.055022	0.184419	0.235043	0.028969550132751466	2.6337448559670777e-05	0.18441970646381378
110280	-2.899366	-1.740271	-1.447717	0.055058	0.184527	0.235106	0.02892791824415326	3.9506172839506166e-05	0.1845255196094513
110400	-2.899075	-1.740001	-1.447587	0.055074	0.184582	0.235137	0.02889332575723529	3.9506172839506166e-05	0.18458282947540283
110520	-2.898611	-1.739359	-1.445706	0.055100	0.184694	0.235580	0.028843231592327358	2.6337448559670777e-05	0.18469294905662537
110640	-2.898358	-1.738964	-1.445381	0.055114	0.184774	0.235656	0.028804160188883543	2.6337448559670777e-05	0.18477383255958557
110760	-2.896630	-1.738621	-1.445692	0.055209	0.184821	0.235583	0.028777239564806222	3.9506172839506166e-05	0.18482017517089844
110880	-2.896168	-1.738326	-1.444696	0.055234	0.184866	0.235818	0.028747027926146983	2.6337448559670777e-05	0.18486559391021729
111000	-2.894309	-1.737826	-1.444430	0.055337	0.184959	0.235880	0.028703229408711194	3.9506172839506166e-05	0.1849580705165863
111120	-2.894008	-1.737626	-1.444069	0.055354	0.185000	0.235966	0.02868543341755867	2.6337448559670777e-05	0.18499983847141266
111240	-2.893886	-1.737388	-1.442907	0.055361	0.185052	0.236240	0.028663242422044276	3.9506172839506166e-05	0.1850518137216568
111360	-2.893822	-1.737073	-1.444386	0.055364	0.185106	0.235891	0.028629458509385586	3.9506172839506166e-05	0.1851060539484024
111480	-2.893220	-1.736603	-1.443891	0.055398	0.185192	0.236008	0.02859473042190075	2.6337448559670777e-05	0.18519142270088196
111600	-2.892339	-1.736096	-1.443447	0.055446	0.185285	0.236113	0.028548269905149935	3.9506172839506166e-05	0.18528470396995544
111720	-2.892264	-1.735957	-1.443320	0.055451	0.185310	0.236142	0.02853421838954091	2.6337448559670777e-05	0.18530933558940887
111840	-2.892025	-1.735714	-1.443193	0.055464	0.185359	0.236172	0.028511533606797458	2.6337448559670777e-05	0.18535840511322021
111960	-2.891842	-1.735435	-1.443651	0.055474	0.185408	0.236064	0.028484140522778034	3.9506172839506166e-05	0.1854086071252823
112080	-2.892150	-1.735180	-1.443036	0.055457	0.185446	0.236209	0.028468090016394852	3.9506172839506166e-05	0.18544471263885498
112200	-2.891206	-1.734745	-1.443051	0.055509	0.185528	0.236206	0.028427172917872667	2.6337448559670777e-05	0.18552741408348083
112320	-2.890678	-1.734390	-1.441577	0.055539	0.185601	0.236554	0.02839279966428876	3.9506172839506166e-05	0.18560104072093964
112440	-2.889645	-1.734080	-1.440604	0.055596	0.185665	0.236785	0.028362265136092902	2.6337448559670777e-05	0.1856645792722702
112560	-2.888376	-1.733791	-1.439456	0.055667	0.185711	0.237057	0.02833962393924594	3.9506172839506166e-05	0.18571053445339203
112680	-2.887931	-1.733469	-1.438677	0.055691	0.185772	0.237241	0.028313414938747884	3.9506172839506166e-05	0.18577080965042114
112800	-2.886478	-1.733196	-1.438535	0.055772	0.185816	0.237275	0.028282658848911523	2.6337448559670777e-05	0.18581587076187134
112920	-2.886365	-1.732784	-1.437366	0.055779	0.185901	0.237553	0.028250500466674565	3.9506172839506166e-05	0.185900017619133
113040	-2.885709	-1.732406	-1.436645	0.055815	0.185963	0.237724	0.02821646714583039	3.9506172839506166e-05	0.18596181273460388
113160	-2.883438	-1.732274	-1.436900	0.055942	0.185960	0.237663	0.02820352604612708	3.9506172839506166e-05	0.18595875799655914
113280	-2.884587	-1.732024	-1.437703	0.055878	0.186008	0.237472	0.02817720454186201	2.6337448559670777e-05	0.18600857257843018
113400	-2.885082	-1.731951	-1.437044	0.055850	0.186026	0.237629	0.02817353792488575	3.9506172839506166e-05	0.18602557480335236
113520	-2.883779	-1.731710	-1.437357	0.055923	0.186059	0.237555	0.02815135885030031	3.9506172839506166e-05	0.1860586404800415
113640	-2.883718	-1.731481	-1.437666	0.055926	0.186099	0.237481	0.02813203204423189	2.6337448559670777e-05	0.1860986351966858
113760	-2.884660	-1.731353	-1.438017	0.055874	0.186136	0.237398	0.028121411334723234	2.6337448559670777e-05	0.18613512814044952
113880	-2.884988	-1.731031	-1.437816	0.055855	0.186197	0.237446	0.028087532520294188	3.9506172839506166e-05	0.18619759380817413
114000	-2.884825	-1.730842	-1.438018	0.055865	0.186224	0.237398	0.028075531404465438	3.9506172839506166e-05	0.18622294068336487
114120	-2.884186	-1.730351	-1.437626	0.055900	0.186316	0.237491	0.028032170981168746	3.9506172839506166e-05	0.1863151341676712
114240	-2.883045	-1.729938	-1.437089	0.055964	0.186377	0.237619	0.02799091497436166	3.9506172839506166e-05	0.1863771677017212
114360	-2.883654	-1.730007	-1.436520	0.055930	0.186370	0.237754	0.027996177412569524	1.7558299039780518e-05	0.18637020885944366
114480	-2.883321	-1.729688	-1.435665	0.055949	0.186435	0.237957	0.02797107193619013	2.6337448559670777e-05	0.18643425405025482
114600	-2.882957	-1.729524	-1.435283	0.055969	0.186456	0.238048	0.0279551999643445	3.9506172839506166e-05	0.18645580112934113
114720	-2.883026	-1.729020	-1.434533	0.055965	0.186557	0.238227	0.027912642620503903	3.9506172839506166e-05	0.1865556389093399
114840	-2.882235	-1.728835	-1.434267	0.056009	0.186584	0.238290	0.02789133870974183	2.6337448559670777e-05	0.18658411502838135
114960	-2.883639	-1.728322	-1.433447	0.055931	0.186702	0.238485	0.027848647627979516	3.9506172839506166e-05	0.18670037388801575
115080	-2.883127	-1.727735	-1.432168	0.055960	0.186821	0.238791	0.027794518414884804	2.6337448559670777e-05	0.1868203729391098
115200	-2.882362	-1.727218	-1.431695	0.056002	0.186925	0.238904	0.02774758040904999	3.9506172839506166e-05	0.18692417442798615
115320	-2.882502	-1.726751	-1.430875	0.055994	0.187005	0.239100	0.027708714734762906	3.9506172839506166e-05	0.18700352311134338
115440	-2.881853	-1.726424	-1.430524	0.056031	0.187074	0.239183	0.027676803804934026	3.9506172839506166e-05	0.1870737373828888
115560	-2.882173	-1.725838	-1.430334	0.056013	0.187199	0.239229	0.02762623205780983	2.6337448559670777e-05	0.1871979534626007
115680	-2.882830	-1.725545	-1.429870	0.055976	0.187266	0.239340	0.027595893200486898	2.6337448559670777e-05	0.18726548552513123
115800	-2.883132	-1.725287	-1.430190	0.055959	0.187315	0.239264	0.02757352665066719	3.9506172839506166e-05	0.18731507658958435
115920	-2.882941	-1.725085	-1.430737	0.055970	0.187355	0.239133	0.027555715572088958	3.9506172839506166e-05	0.18735454976558685
116040	-2.882424	-1.724859	-1.430135	0.055999	0.187398	0.239277	0.0275314262136817	3.9506172839506166e-05	0.18739822506904602
116160	-2.882476	-1.724851	-1.430628	0.055996	0.187397	0.239159	0.02753791995346546	3.9506172839506166e-05	0.18739594519138336
116280	-2.881750	-1.724324	-1.430741	0.056037	0.187497	0.239132	0.027485750429332257	3.9506172839506166e-05	0.18749678134918213
116400	-2.882346	-1.724249	-1.430170	0.056003	0.187519	0.239268	0.027476469054818153	3.9506172839506166e-05	0.1875193566083908
116520	-2.881023	-1.723856	-1.430013	0.056077	0.187580	0.239306	0.027442708145827055	3.9506172839506166e-05	0.18757958710193634
116640	-2.879035	-1.723314	-1.429647	0.056189	0.187675	0.239393	0.027401054836809637	2.6337448559670777e-05	0.1876736730337143
116760	-2.879692	-1.722754	-1.428257	0.056152	0.187795	0.239726	0.027349582221359015	3.9506172839506166e-05	0.18779322504997253
116880	-2.878378	-1.722507	-1.428560	0.056226	0.187839	0.239654	0.027320574689656495	2.6337448559670777e-05	0.18783952295780182
117000	-2.877916	-1.722017	-1.427658	0.056252	0.187933	0.239870	0.027284050360322	3.9506172839506166e-05	0.18793180584907532
117120	-2.878337	-1.721716	-1.427708	0.056228	0.187985	0.239858	0.027248508855700494	3.9506172839506166e-05	0.18798571825027466
117240	-2.878480	-1.721495	-1.428147	0.056220	0.188029	0.239753	0.027233156841248274	2.6337448559670777e-05	0.18802876770496368
117360	-2.878021	-1.721244	-1.427878	0.056246	0.188084	0.239817	0.027209098637104034	3.9506172839506166e-05	0.18808332085609436
117480	-2.877717	-1.720836	-1.427696	0.056263	0.188163	0.239861	0.027173623070120813	2.6337448559670777e-05	0.18816228210926056
117600	-2.877724	-1.720516	-1.427504	0.056263	0.188217	0.239907	0.027147413697093725	2.6337448559670777e-05	0.188215970993042
117720	-2.877395	-1.720240	-1.426473	0.056281	0.188260	0.240154	0.027114591933786868	2.6337448559670777e-05	0.18826061487197876
117840	-2.878160	-1.720004	-1.425640	0.056238	0.188318	0.240354	0.02710190396755934	3.9506172839506166e-05	0.18831731379032135
117960	-2.877795	-1.719475	-1.426034	0.056259	0.188404	0.240260	0.0270561714656651	2.6337448559670777e-05	0.1884029060602188
118080	-2.876601	-1.718896	-1.424549	0.056326	0.188524	0.240617	0.026997911930084228	2.6337448559670777e-05	0.1885242760181427
118200	-2.876071	-1.718817	-1.423802	0.056356	0.188547	0.240797	0.026990372408181428	2.6337448559670777e-05	0.18854649364948273
118320	-2.875350	-1.718141	-1.421554	0.056396	0.188681	0.241339	0.026937084458768367	3.9506172839506166e-05	0.18867997825145721
118440	-2.875448	-1.717956	-1.421554	0.056391	0.188713	0.241339	0.02690784987062216	3.9506172839506166e-05	0.18871431052684784
118560	-2.874790	-1.717894	-1.420556	0.056428	0.188722	0.241580	0.026909849420189858	2.6337448559670777e-05	0.1887209564447403
118680	-2.875539	-1.717731	-1.420728	0.056386	0.188756	0.241538	0.026891492772847414	3.9506172839506166e-05	0.18875613808631897
118800	-2.874277	-1.717225	-1.420281	0.056457	0.188849	0.241646	0.026851700991392134	3.9506172839506166e-05	0.18884828686714172
118920	-2.874967	-1.716696	-1.417798	0.056418	0.188959	0.242247	0.026797099225223064	3.9506172839506166e-05	0.18895988166332245
119040	-2.874580	-1.716323	-1.418684	0.056440	0.189015	0.242032	0.02676849886775017	3.9506172839506166e-05	0.18901382386684418
119160	-2.874975	-1.716147	-1.419499	0.056418	0.189052	0.241835	0.026746737584471703	3.9506172839506166e-05	0.189053013920784
119280	-2.874688	-1.715914	-1.419349	0.056434	0.189098	0.241871	0.0267286853864789	3.9506172839506166e-05	0.18909771740436554
119400	-2.875428	-1.716037	-1.419218	0.056392	0.189086	0.241903	0.026733011845499276	3.9506172839506166e-05	0.1890876740217209
119520	-2.875987	-1.715811	-1.419894	0.056361	0.189128	0.241740	0.026722759660333394	3.9506172839506166e-05	0.18912728130817413
119640	-2.875936	-1.715114	-1.418115	0.056363	0.189273	0.242170	0.02666143635287881	3.9506172839506166e-05	0.1892712414264679
119760	-2.876225	-1.714754	-1.416546	0.056347	0.189361	0.242550	0.026627324521541595	3.9506172839506166e-05	0.1893601268529892
119880	-2.876831	-1.714603	-1.417011	0.056313	0.189398	0.242438	0.026611499860882758	2.6337448559670777e-05	0.18939732015132904
120000	-2.875648	-1.714057	-1.417289	0.056380	0.189493	0.242370	0.02656378038227558	2.6337448559670777e-05	0.1894923448562622
120120	-2.876342	-1.713419	-1.416660	0.056340	0.189631	0.242523	0.026511179562658072	3.9506172839506166e-05	0.18962928652763367
120240	-2.875705	-1.713217	-1.415828	0.056376	0.189670	0.242724	0.026485808938741685	2.6337448559670777e-05	0.18966957926750183
120360	-2.875865	-1.712975	-1.414669	0.056367	0.189719	0.243006	0.026464087702333928	3.9506172839506166e-05	0.1897188276052475
120480	-2.876785	-1.712711	-1.414346	0.056316	0.189774	0.243085	0.026442140992730855	2.6337448559670777e-05	0.1897738128900528
120600	-2.876763	-1.712315	-1.413372	0.056317	0.189847	0.243321	0.026404437515884636	3.9506172839506166e-05	0.18984659016132355
120720	-2.876593	-1.712136	-1.413832	0.056326	0.189878	0.243209	0.026381766609847545	3.9506172839506166e-05	0.18987902998924255
120840	-2.876187	-1.711972	-1.414264	0.056349	0.189906	0.243105	0.026378286723047494	3.9506172839506166e-05	0.18990488350391388
120960	-2.875297	-1.711315	-1.413948	0.056399	0.190021	0.243181	0.026318305917084218	3.9506172839506166e-05	0.1900208592414856
121080	-2.874568	-1.710761	-1.412517	0.056440	0.190125	0.243530	0.02626676931977272	3.9506172839506166e-05	0.19012457132339478
121200	-2.873178	-1.710290	-1.411474	0.056519	0.190217	0.243784	0.026223678700625898	3.9506172839506166e-05	0.19021594524383545
121320	-2.871176	-1.709785	-1.411520	0.056632	0.190303	0.243772	0.02617826880887151	3.9506172839506166e-05	0.19030357897281647
121440	-2.869421	-1.709318	-1.410616	0.056732	0.190380	0.243993	0.026138385571539403	2.6337448559670777e-05	0.19037997722625732
121560	-2.869590	-1.708626	-1.410826	0.056722	0.190517	0.243942	0.02607896663248539	2.6337448559670777e-05	0.19051551818847656
121680	-2.868637	-1.707946	-1.409795	0.056776	0.190649	0.244193	0.026018161419779064	3.9506172839506166e-05	0.19064772129058838
121800	-2.868173	-1.707397	-1.409258	0.056803	0.190754	0.244324	0.025970824435353278	3.9506172839506166e-05	0.19075219333171844
121920	-2.866603	-1.707061	-1.408280	0.056892	0.190807	0.244563	0.025932012125849724	2.6337448559670777e-05	0.19080664217472076
122040	-2.866179	-1.706809	-1.408348	0.056916	0.190865	0.244547	0.0259141786955297	3.9506172839506166e-05	0.19086338579654694
122160	-2.865212	-1.706508	-1.407505	0.056971	0.190925	0.244753	0.025886297412216663	3.9506172839506166e-05	0.190922811627388
122280	-2.864411	-1.706186	-1.406400	0.057017	0.190992	0.245024	0.02585387323051691	2.6337448559670777e-05	0.19099202752113342
122400	-2.864286	-1.705985	-1.404576	0.057024	0.191046	0.245471	0.025834797509014608	3.9506172839506166e-05	0.19104641675949097
122520	-2.864607	-1.705706	-1.404454	0.057006	0.191113	0.245501	0.025818110536783935	3.9506172839506166e-05	0.1911109983921051
122640	-2.863372	-1.705294	-1.403554	0.057076	0.191190	0.245722	0.025773486215621234	3.9506172839506166e-05	0.1911894977092743
122760	-2.863972	-1.705163	-1.402982	0.057042	0.191229	0.245863	0.025762177258729934	2.6337448559670777e-05	0.19122855365276337
122880	-2.864019	-1.705147	-1.403444	0.057039	0.191232	0.245749	0.025764873903244733	2.6337448559670777e-05	0.1912306696176529
123000	-2.862939	-1.704620	-1.402812	0.057101	0.191336	0.245905	0.025717766582965852	2.6337448559670777e-05	0.19133499264717102
123120	-2.861813	-1.704308	-1.403816	0.057165	0.191391	0.245658	0.0256893509067595	3.9506172839506166e-05	0.19138991832733154
123240	-2.860841	-1.704017	-1.403228	0.057221	0.191441	0.245802	0.02566074803471565	3.9506172839506166e-05	0.19143986701965332
123360	-2.860450	-1.703435	-1.400789	0.057243	0.191567	0.246403	0.025611292477697133	3.9506172839506166e-05	0.19156591594219208
123480	-2.860062	-1.703196	-1.400115	0.057265	0.191623	0.246569	0.025586724374443294	3.9506172839506166e-05	0.1916225105524063
123600	-2.858501	-1.702511	-1.400277	0.057355	0.191745	0.246529	0.025530843902379273	2.6337448559670777e-05	0.19174352288246155
123720	-2.857161	-1.702159	-1.400330	0.057432	0.191795	0.246516	0.025490789394825696	3.9506172839506166e-05	0.1917949765920639
123840	-2.856319	-1.701875	-1.400109	0.057480	0.191852	0.246570	0.025472554843872786	3.9506172839506166e-05	0.19185073673725128
123960	-2.855146	-1.701310	-1.398814	0.057547	0.191967	0.246890	0.02542152050882578	3.9506172839506166e-05	0.1919650137424469
124080	-2.854959	-1.701097	-1.398806	0.057558	0.192010	0.246892	0.02539815241470933	3.9506172839506166e-05	0.19200944900512695
124200	-2.855231	-1.700611	-1.397417	0.057543	0.192111	0.247235	0.02535912608727813	3.9506172839506166e-05	0.19210916757583618
124320	-2.854369	-1.700085	-1.395432	0.057592	0.192190	0.247726	0.02530832588672638	3.9506172839506166e-05	0.19218961894512177
124440	-2.855542	-1.699802	-1.393153	0.057525	0.192258	0.248291	0.02527685770764947	3.9506172839506166e-05	0.19225816428661346
124560	-2.855430	-1.699391	-1.391282	0.057531	0.192358	0.248756	0.02524272594600916	3.9506172839506166e-05	0.19235771894454956
124680	-2.855054	-1.698840	-1.391034	0.057553	0.192476	0.248818	0.025199616234749554	2.6337448559670777e-05	0.19247454404830933
124800	-2.855907	-1.698438	-1.389982	0.057504	0.192557	0.249080	0.025158157292753457	3.9506172839506166e-05	0.1925559639930725
124920	-2.856025	-1.698404	-1.390345	0.057497	0.192571	0.248989	0.02515508756041527	3.9506172839506166e-05	0.19257068634033203
125040	-2.857161	-1.698143	-1.390214	0.057432	0.192634	0.249022	0.025131138507276773	3.9506172839506166e-05	0.19263379275798798
125160	-2.855371	-1.697529	-1.389851	0.057534	0.192738	0.249112	0.025076945312321186	3.9506172839506166e-05	0.19273705780506134
125280	-2.855065	-1.697324	-1.388989	0.057552	0.192779	0.249327	0.025057478807866573	3.9506172839506166e-05	0.19277822971343994
125400	-2.855507	-1.696824	-1.388397	0.057527	0.192876	0.249475	0.02501163613051176	1.7558299039780518e-05	0.19287610054016113
125520	-2.855800	-1.696779	-1.388244	0.057510	0.192898	0.249513	0.025006683170795442	3.9506172839506166e-05	0.1928980052471161
125640	-2.855893	-1.696120	-1.386752	0.057504	0.193034	0.249886	0.024954637326300145	3.9506172839506166e-05	0.1930316686630249
125760	-2.854833	-1.695992	-1.386611	0.057565	0.193068	0.249921	0.02493302132934332	3.9506172839506166e-05	0.19306764006614685
125880	-2.854296	-1.695567	-1.385565	0.057596	0.193156	0.250182	0.024900920875370502	2.6337448559670777e-05	0.19315548241138458
126000	-2.853334	-1.695230	-1.384223	0.057652	0.193227	0.250518	0.02486739167943597	2.6337448559670777e-05	0.19322660565376282
126120	-2.852918	-1.694840	-1.383116	0.057676	0.193302	0.250796	0.024836161639541388	2.6337448559670777e-05	0.19330132007598877
126240	-2.853026	-1.694278	-1.382048	0.057670	0.193420	0.251064	0.024786972999572755	3.9506172839506166e-05	0.19341802597045898
126360	-2.851880	-1.693690	-1.381808	0.057736	0.193531	0.251124	0.024733021389693022	3.9506172839506166e-05	0.1935301125049591
126480	-2.850699	-1.693443	-1.382304	0.057804	0.193568	0.250999	0.024708016123622657	3.9506172839506166e-05	0.19356752932071686
126600	-2.848598	-1.692816	-1.380090	0.057925	0.193704	0.251556	0.024657252058386803	3.9506172839506166e-05	0.19370214641094208
126720	-2.846939	-1.692341	-1.379573	0.058022	0.193783	0.251686	0.024605436809360982	3.9506172839506166e-05	0.19378352165222168
126840	-2.847414	-1.692123	-1.378341	0.057994	0.193834	0.251996	0.024590505845844747	3.9506172839506166e-05	0.1938333660364151
126960	-2.847275	-1.691733	-1.378216	0.058002	0.193912	0.252028	0.024548159446567297	2.6337448559670777e-05	0.19391299784183502
127080	-2.847906	-1.691419	-1.377260	0.057966	0.193983	0.252269	0.02452441621571779	3.9506172839506166e-05	0.19398249685764313
127200	-2.848591	-1.691407	-1.377123	0.057926	0.193981	0.252303	0.02452011127024889	3.9506172839506166e-05	0.19398148357868195
127320	-2.847505	-1.691030	-1.376291	0.057989	0.194062	0.252513	0.024491930939257146	3.9506172839506166e-05	0.1940603107213974
127440	-2.848997	-1.690669	-1.375270	0.057902	0.194143	0.252771	0.024459800496697427	3.9506172839506166e-05	0.1941416710615158
127560	-2.848626	-1.690189	-1.374476	0.057924	0.194245	0.252972	0.02441835179924965	3.9506172839506166e-05	0.19424378871917725
127680	-2.848732	-1.689665	-1.373971	0.057918	0.194365	0.253100	0.024368017632514238	3.9506172839506166e-05	0.1943640559911728
127800	-2.847317	-1.689165	-1.373704	0.058000	0.194457	0.253167	0.024326841812580824	3.9506172839506166e-05	0.1944553554058075
127920	-2.846869	-1.688300	-1.373396	0.058026	0.194634	0.253246	0.0242467125877738	2.6337448559670777e-05	0.1946333795785904
128040	-2.846119	-1.687831	-1.370566	0.058069	0.194728	0.253963	0.02420390406623483	3.9506172839506166e-05	0.19472768902778625
128160	-2.846022	-1.687570	-1.371187	0.058075	0.194782	0.253805	0.02418165635317564	3.9506172839506166e-05	0.1947813332080841
128280	-2.845891	-1.687069	-1.370305	0.058083	0.194897	0.254029	0.024134589731693266	3.9506172839506166e-05	0.19489581882953644
128400	-2.845847	-1.686564	-1.368083	0.058085	0.195014	0.254595	0.024092667177319525	3.9506172839506166e-05	0.19501237571239471
128520	-2.845585	-1.686317	-1.369420	0.058100	0.195058	0.254254	0.024066452588886022	3.9506172839506166e-05	0.19505783915519714
128640	-2.845615	-1.685929	-1.368450	0.058099	0.195142	0.254501	0.02403701525181532	3.9506172839506166e-05	0.19513987004756927
128760	-2.844788	-1.685268	-1.366822	0.058147	0.195288	0.254916	0.023983311839401722	3.9506172839506166e-05	0.19528473913669586
128880	-2.844863	-1.684684	-1.365826	0.058142	0.195403	0.255170	0.023922751564532517	2.6337448559670777e-05	0.1954025775194168
129000	-2.845535	-1.684146	-1.365628	0.058103	0.195521	0.255220	0.02387268776074052	3.9506172839506166e-05	0.19551928341388702
129120	-2.845752	-1.683723	-1.365789	0.058091	0.195610	0.255179	0.023833246622234582	3.9506172839506166e-05	0.19560983777046204
129240	-2.845062	-1.683181	-1.364453	0.058131	0.195717	0.255520	0.023784235678613187	3.9506172839506166e-05	0.19571682810783386
129360	-2.846376	-1.683112	-1.364550	0.058054	0.195748	0.255496	0.02377788331359625	3.9506172839506166e-05	0.19574697315692902
129480	-2.846470	-1.682801	-1.362982	0.058049	0.195826	0.255896	0.02375227678567171	3.9506172839506166e-05	0.1958250254392624
129600	-2.845607	-1.682220	-1.360266	0.058099	0.195950	0.256593	0.02370091052725911	2.6337448559670777e-05	0.195949524641037
129720	-2.845395	-1.682173	-1.360653	0.058111	0.195953	0.256493	0.023692427948117257	2.6337448559670777e-05	0.19595295190811157
129840	-2.844349	-1.681641	-1.359702	0.058172	0.196069	0.256737	0.023653618525713682	3.9506172839506166e-05	0.19606643915176392
129960	-2.843922	-1.681172	-1.358799	0.058197	0.196168	0.256969	0.02360604899004102	5.925925925925925e-05	0.1961660385131836
130080	-2.844100	-1.680563	-1.358645	0.058187	0.196294	0.257009	0.023556633852422237	3.9506172839506166e-05	0.19629095494747162
130200	-2.843486	-1.679735	-1.359175	0.058222	0.196468	0.256873	0.02347528636455536	3.9506172839506166e-05	0.19646811485290527
130320	-2.844197	-1.679583	-1.358431	0.058181	0.196518	0.257064	0.023460738081485032	3.9506172839506166e-05	0.19651727378368378
130440	-2.844875	-1.679041	-1.357739	0.058142	0.196650	0.257242	0.023414403945207597	3.9506172839506166e-05	0.19664917886257172
130560	-2.843496	-1.678614	-1.355908	0.058222	0.196740	0.257713	0.023372745607048273	3.9506172839506166e-05	0.19673994183540344
130680	-2.844442	-1.678150	-1.354707	0.058167	0.196833	0.258023	0.023335308767855167	3.9506172839506166e-05	0.19683147966861725
130800	-2.845105	-1.677833	-1.354352	0.058128	0.196901	0.258114	0.023305425699800254	5.925925925925925e-05	0.1968993991613388
130920	-2.844546	-1.677569	-1.355245	0.058161	0.196943	0.257884	0.023280896432697772	2.6337448559670777e-05	0.19694267213344574
131040	-2.842804	-1.676955	-1.354979	0.058262	0.197051	0.257953	0.02322442512959242	3.9506172839506166e-05	0.19705036282539368
131160	-2.843176	-1.676640	-1.354534	0.058240	0.197115	0.258068	0.023192048352211714	3.9506172839506166e-05	0.1971152126789093
131280	-2.843541	-1.676679	-1.353133	0.058219	0.197134	0.258429	0.023194696009159087	3.9506172839506166e-05	0.1971343755722046
131400	-2.842373	-1.676141	-1.351502	0.058287	0.197250	0.258851	0.023153305798768998	3.9506172839506166e-05	0.1972484290599823
131520	-2.841854	-1.675343	-1.350497	0.058317	0.197408	0.259111	0.023084132000803947	3.9506172839506166e-05	0.19740574061870575
131640	-2.841379	-1.674997	-1.349974	0.058345	0.197478	0.259247	0.02304680272936821	2.6337448559670777e-05	0.19747787714004517
131760	-2.842035	-1.674482	-1.349357	0.058307	0.197600	0.259407	0.02300010472536087	2.6337448559670777e-05	0.19759966433048248
131880	-2.841267	-1.674139	-1.348915	0.058352	0.197664	0.259522	0.02296765809878707	3.9506172839506166e-05	0.1976642608642578
132000	-2.840659	-1.673897	-1.348268	0.058387	0.197703	0.259690	0.02294831182807684	1.7558299039780518e-05	0.19770313799381256
132120	-2.838418	-1.673353	-1.347895	0.058518	0.197800	0.259787	0.022902330476790668	3.9506172839506166e-05	0.19779932498931885
132240	-2.838560	-1.672944	-1.346116	0.058510	0.197897	0.260249	0.02286740057170391	3.9506172839506166e-05	0.1978953629732132
132360	-2.838935	-1.672503	-1.345901	0.058488	0.197992	0.260305	0.022825268283486366	2.6337448559670777e-05	0.19799114763736725
132480	-2.838756	-1.672080	-1.345574	0.058498	0.198082	0.260390	0.02278775619342923	2.6337448559670777e-05	0.1980806142091751
132600	-2.836910	-1.671400	-1.345919	0.058606	0.198210	0.260300	0.02272656373679638	3.9506172839506166e-05	0.19820986688137054
132720	-2.835247	-1.670967	-1.345805	0.058704	0.198286	0.260330	0.022687439899891616	3.9506172839506166e-05	0.198285311460495
132840	-2.834000	-1.670650	-1.345846	0.058777	0.198347	0.260319	0.022655374277383088	3.9506172839506166e-05	0.19834662973880768
132960	-2.834581	-1.670472	-1.344774	0.058743	0.198395	0.260598	0.022641349118202925	2.6337448559670777e-05	0.19839389622211456
133080	-2.834839	-1.670054	-1.344236	0.058728	0.198485	0.260739	0.022604519873857497	1.7558299039780518e-05	0.19848386943340302
133200	-2.834314	-1.669574	-1.344320	0.058759	0.198586	0.260717	0.02256130212917924	3.9506172839506166e-05	0.1985854059457779
133320	-2.832478	-1.669160	-1.343236	0.058867	0.198669	0.261000	0.02252184711396694	3.9506172839506166e-05	0.198667511343956
133440	-2.832115	-1.668700	-1.340853	0.058888	0.198769	0.261622	0.02248375192284584	2.6337448559670777e-05	0.1987677663564682
133560	-2.831115	-1.668426	-1.341496	0.058947	0.198828	0.261454	0.02245765198022127	3.9506172839506166e-05	0.19882725179195404
133680	-2.829998	-1.668032	-1.341017	0.059013	0.198897	0.261579	0.022418313752859832	3.9506172839506166e-05	0.19889681041240692
133800	-2.829047	-1.667633	-1.340510	0.059069	0.198969	0.261712	0.022386146988719702	2.6337448559670777e-05	0.19896793365478516
133920	-2.828025	-1.666829	-1.339904	0.059130	0.199127	0.261871	0.022318017855286598	3.9506172839506166e-05	0.19912560284137726
134040	-2.827506	-1.666730	-1.340720	0.059160	0.199143	0.261657	0.022305048257112502	3.9506172839506166e-05	0.19914254546165466
134160	-2.825852	-1.665692	-1.339113	0.059258	0.199349	0.262078	0.022220291942358018	3.9506172839506166e-05	0.19934596121311188
134280	-2.825603	-1.665306	-1.338473	0.059273	0.199440	0.262246	0.022174901608377696	3.9506172839506166e-05	0.19943954050540924
134400	-2.825915	-1.665221	-1.338497	0.059254	0.199444	0.262240	0.02216461459174752	3.9506172839506166e-05	0.1994444876909256
134520	-2.825960	-1.664901	-1.336953	0.059252	0.199517	0.262645	0.022143202275037764	3.9506172839506166e-05	0.1995154172182083
134640	-2.825441	-1.664319	-1.335612	0.059283	0.199638	0.262997	0.022088897321373223	3.9506172839506166e-05	0.199637770652771
134760	-2.826907	-1.663774	-1.335225	0.059196	0.199764	0.263099	0.02203573230654001	3.9506172839506166e-05	0.1997644305229187
134880	-2.827563	-1.663786	-1.335670	0.059157	0.199776	0.262982	0.02203958546742797	3.9506172839506166e-05	0.1997748464345932
135000	-2.827250	-1.663296	-1.334804	0.059175	0.199876	0.263210	0.02199850231409073	2.6337448559670777e-05	0.19987450540065765
135120	-2.825842	-1.662585	-1.333472	0.059259	0.200004	0.263561	0.021935149282217025	3.9506172839506166e-05	0.2000022530555725
135240	-2.825076	-1.662053	-1.332479	0.059304	0.200111	0.263822	0.021883931197226047	2.6337448559670777e-05	0.20011059939861298
135360	-2.823931	-1.661566	-1.332071	0.059372	0.200215	0.263930	0.021838864590972663	3.9506172839506166e-05	0.20021450519561768
135480	-2.824380	-1.661068	-1.331560	0.059345	0.200327	0.264065	0.02179560586810112	3.9506172839506166e-05	0.20032595098018646
135600	-2.823679	-1.660567	-1.330765	0.059387	0.200431	0.264275	0.02175009287893772	3.9506172839506166e-05	0.20043016970157623
135720	-2.822328	-1.660168	-1.329612	0.059467	0.200513	0.264580	0.02171702291816473	3.9506172839506166e-05	0.20051191747188568
135840	-2.821805	-1.660108	-1.328305	0.059498	0.200536	0.264926	0.021709890849888325	2.6337448559670777e-05	0.2005351185798645
135960	-2.822624	-1.659870	-1.327872	0.059450	0.200599	0.265041	0.02168369581922889	3.9506172839506166e-05	0.20059934258460999
136080	-2.821705	-1.659744	-1.327214	0.059504	0.200625	0.265215	0.021670957375317813	3.9506172839506166e-05	0.20062559843063354
136200	-2.820944	-1.659281	-1.326001	0.059550	0.200708	0.265537	0.021628244780004025	3.9506172839506166e-05	0.20070822536945343
136320	-2.820229	-1.658860	-1.324660	0.059592	0.200801	0.265893	0.02160018803551793	3.9506172839506166e-05	0.2007991373538971
136440	-2.820552	-1.658444	-1.323839	0.059573	0.200903	0.266112	0.02156175598502159	2.6337448559670777e-05	0.20090191066265106
136560	-2.820341	-1.657849	-1.322668	0.059586	0.201037	0.266424	0.021509917452931404	2.6337448559670777e-05	0.20103561878204346
136680	-2.821017	-1.657440	-1.321308	0.059545	0.201148	0.266786	0.021470139268785715	3.9506172839506166e-05	0.20114651322364807
136800	-2.819976	-1.657142	-1.321425	0.059607	0.201204	0.266755	0.021438919007778168	2.6337448559670777e-05	0.2012045979499817
136920	-2.818422	-1.656746	-1.319726	0.059700	0.201283	0.267209	0.02141111297532916	3.9506172839506166e-05	0.20128029584884644
137040	-2.817038	-1.656144	-1.317819	0.059783	0.201411	0.267719	0.021351412031799556	3.9506172839506166e-05	0.2014099359512329
137160	-2.816806	-1.655696	-1.316582	0.059797	0.201508	0.268050	0.0213120574131608	3.9506172839506166e-05	0.20150692760944366
137280	-2.817506	-1.655260	-1.314250	0.059755	0.201615	0.268676	0.02126855729147792	3.9506172839506166e-05	0.20161491632461548
137400	-2.817949	-1.654868	-1.314343	0.059728	0.201710	0.268651	0.02123761847615242	3.9506172839506166e-05	0.20170950889587402
137520	-2.817173	-1.654391	-1.313744	0.059775	0.201810	0.268812	0.021196724381297827	3.9506172839506166e-05	0.2018088847398758
137640	-2.815100	-1.653769	-1.313643	0.059899	0.201923	0.268839	0.021151082776486873	3.9506172839506166e-05	0.2019200176000595
137760	-2.813915	-1.652914	-1.314119	0.059970	0.202090	0.268711	0.0210583602078259	2.6337448559670777e-05	0.20209023356437683
137880	-2.815941	-1.652610	-1.313345	0.059848	0.202168	0.268919	0.02103398684412241	3.9506172839506166e-05	0.20216770470142365
138000	-2.816015	-1.652526	-1.314884	0.059844	0.202172	0.268505	0.021024446375668047	3.9506172839506166e-05	0.20217178761959076
138120	-2.815648	-1.652017	-1.313303	0.059866	0.202293	0.268930	0.020980759989470243	3.9506172839506166e-05	0.20229214429855347
138240	-2.815570	-1.651534	-1.312490	0.059871	0.202401	0.269149	0.020936690364032985	2.6337448559670777e-05	0.20240068435668945
138360	-2.814650	-1.651168	-1.310666	0.059926	0.202480	0.269640	0.020902130473405122	3.9506172839506166e-05	0.2024800032377243
138480	-2.814797	-1.650660	-1.309374	0.059917	0.202603	0.269989	0.020866008196026086	3.9506172839506166e-05	0.20260083675384521
138600	-2.814411	-1.650247	-1.309340	0.059940	0.202687	0.269998	0.020817598886787893	3.9506172839506166e-05	0.20268703997135162
138720	-2.814249	-1.649724	-1.308805	0.059950	0.202792	0.270143	0.020774205029010773	3.9506172839506166e-05	0.20279189944267273
138840	-2.814123	-1.649212	-1.307468	0.059957	0.202899	0.270504	0.020732149388641118	3.9506172839506166e-05	0.20289693772792816
138960	-2.812473	-1.648908	-1.306797	0.060056	0.202963	0.270686	0.020701854303479195	3.9506172839506166e-05	0.20296263694763184
139080	-2.812374	-1.648546	-1.306135	0.060062	0.203048	0.270865	0.02066903989762068	2.6337448559670777e-05	0.203046977519989
139200	-2.811273	-1.648019	-1.304640	0.060128	0.203151	0.271270	0.020624042209237813	3.9506172839506166e-05	0.20315057039260864
139320	-2.810989	-1.647724	-1.304269	0.060145	0.203210	0.271371	0.020593535527586936	3.9506172839506166e-05	0.20320959389209747
139440	-2.811829	-1.647035	-1.303826	0.060095	0.203366	0.271491	0.020536021329462528	5.925925925925925e-05	0.20336462557315826
139560	-2.811465	-1.646452	-1.303453	0.060117	0.203500	0.271592	0.020474253781139852	3.9506172839506166e-05	0.20350025594234467
139680	-2.811554	-1.645983	-1.302210	0.060112	0.203612	0.271930	0.020439838524907827	3.9506172839506166e-05	0.2036110758781433
139800	-2.811960	-1.645606	-1.301268	0.060087	0.203699	0.272186	0.020401395857334137	2.6337448559670777e-05	0.2036983221769333
139920	-2.811436	-1.645179	-1.300499	0.060119	0.203780	0.272396	0.020364627800881864	3.9506172839506166e-05	0.20377881824970245
140040	-2.809607	-1.644464	-1.298558	0.060229	0.203924	0.272925	0.020310798566788434	3.9506172839506166e-05	0.20392198860645294
140160	-2.809076	-1.643998	-1.296912	0.060261	0.204026	0.273375	0.020257994905114173	3.9506172839506166e-05	0.20402507483959198
140280	-2.807938	-1.643402	-1.297772	0.060329	0.204137	0.273140	0.02020677588880062	3.9506172839506166e-05	0.20413625240325928
140400	-2.806366	-1.643071	-1.297559	0.060424	0.204193	0.273198	0.02017629276961088	3.9506172839506166e-05	0.2041913866996765
140520	-2.806688	-1.642598	-1.296922	0.060405	0.204282	0.273372	0.02013368494808674	3.9506172839506166e-05	0.2042810469865799
140640	-2.806184	-1.641961	-1.296737	0.060435	0.204415	0.273422	0.020076281297951935	3.9506172839506166e-05	0.20441444218158722
140760	-2.805757	-1.641602	-1.296962	0.060461	0.204492	0.273361	0.020043821912258862	2.6337448559670777e-05	0.20449090003967285
140880	-2.805218	-1.641021	-1.296549	0.060494	0.204623	0.273474	0.019996838457882405	3.9506172839506166e-05	0.2046208679676056
141000	-2.805945	-1.640734	-1.295557	0.060450	0.204683	0.273745	0.019959018658846618	3.9506172839506166e-05	0.20468418300151825
141120	-2.805872	-1.640500	-1.295165	0.060454	0.204731	0.273853	0.01994434744119644	3.9506172839506166e-05	0.20472995936870575
141240	-2.805754	-1.639988	-1.295010	0.060461	0.204841	0.273895	0.01990162581205368	2.6337448559670777e-05	0.204839825630188
141360	-2.806357	-1.639426	-1.294010	0.060425	0.204975	0.274169	0.01984749734401703	3.9506172839506166e-05	0.20497393608093262
141480	-2.804830	-1.638648	-1.293093	0.060517	0.205133	0.274421	0.019777164328843355	3.9506172839506166e-05	0.2051328718662262
141600	-2.804276	-1.638361	-1.291296	0.060551	0.205205	0.274914	0.019751889631152153	3.9506172839506166e-05	0.2052038162946701
141720	-2.804854	-1.638208	-1.291159	0.060516	0.205253	0.274952	0.019733248092234135	3.9506172839506166e-05	0.20525366067886353
141840	-2.804007	-1.637559	-1.289688	0.060567	0.205393	0.275357	0.019678054843097925	2.6337448559670777e-05	0.20539219677448273
141960	-2.804522	-1.637409	-1.289709	0.060536	0.205429	0.275351	0.019665479008108378	2.6337448559670777e-05	0.20542852580547333
142080	-2.804713	-1.637009	-1.289783	0.060524	0.205511	0.275330	0.019626006577163936	3.9506172839506166e-05	0.20551159977912903
142200	-2.803861	-1.636597	-1.288756	0.060576	0.205600	0.275613	0.01959071746096015	3.9506172839506166e-05	0.20559939742088318
142320	-2.803262	-1.636401	-1.287107	0.060612	0.205642	0.276068	0.019572644121944906	3.9506172839506166e-05	0.20564228296279907
142440	-2.802319	-1.635900	-1.284983	0.060669	0.205742	0.276655	0.01953508108854294	3.9506172839506166e-05	0.20574022829532623
142560	-2.801475	-1.635193	-1.283708	0.060720	0.205883	0.277008	0.019468088261783124	2.6337448559670777e-05	0.2058815211057663
142680	-2.801656	-1.634807	-1.283924	0.060709	0.205960	0.276948	0.019436475727707146	3.9506172839506166e-05	0.20595762133598328
142800	-2.800792	-1.634470	-1.283946	0.060762	0.206023	0.276942	0.019402951933443546	3.9506172839506166e-05	0.2060219645500183
142920	-2.799744	-1.633900	-1.283151	0.060826	0.206134	0.277162	0.019354564789682626	3.9506172839506166e-05	0.2061324268579483
143040	-2.799787	-1.633560	-1.283342	0.060823	0.206210	0.277110	0.01932420805096626	2.6337448559670777e-05	0.20620794594287872
143160	-2.798752	-1.633121	-1.282536	0.060886	0.206303	0.277333	0.019284037686884404	3.9506172839506166e-05	0.20630140602588654
143280	-2.799838	-1.632850	-1.282448	0.060820	0.206363	0.277357	0.0192471569404006	5.925925925925925e-05	0.206363707780838
143400	-2.798891	-1.632434	-1.281610	0.060878	0.206440	0.277590	0.01921834023669362	3.9506172839506166e-05	0.2064395546913147
143520	-2.797871	-1.632010	-1.281103	0.060940	0.206534	0.277731	0.01918130312114954	3.9506172839506166e-05	0.2065332531929016
143640	-2.797069	-1.631621	-1.282219	0.060989	0.206602	0.277421	0.01914252657443285	3.9506172839506166e-05	0.20660199224948883
143760	-2.796477	-1.631267	-1.281433	0.061025	0.206671	0.277639	0.019109686464071275	3.9506172839506166e-05	0.20667053759098053
143880	-2.795375	-1.630657	-1.279233	0.061092	0.206799	0.278251	0.019057544600218534	3.9506172839506166e-05	0.20679853856563568
144000	-2.795503	-1.630166	-1.278501	0.061084	0.206919	0.278454	0.01901707025244832	3.9506172839506166e-05	0.20691755414009094
144120	-2.795666	-1.629524	-1.275859	0.061074	0.207067	0.279191	0.01896053720265627	2.6337448559670777e-05	0.20706631243228912
144240	-2.796405	-1.629051	-1.274804	0.061029	0.207186	0.279486	0.018916978593915702	3.9506172839506166e-05	0.20718485116958618
144360	-2.796574	-1.628696	-1.275412	0.061019	0.207269	0.279316	0.01887587606906891	3.9506172839506166e-05	0.20726945996284485
144480	-2.796213	-1.628335	-1.274500	0.061041	0.207339	0.279571	0.01885077664628625	3.9506172839506166e-05	0.20733800530433655
144600	-2.795732	-1.627904	-1.273330	0.061070	0.207433	0.279898	0.018809663224965335	3.9506172839506166e-05	0.20743238925933838
144720	-2.795977	-1.627187	-1.272881	0.061055	0.207588	0.280024	0.018753726314753295	3.9506172839506166e-05	0.20758534967899323
144840	-2.795641	-1.626589	-1.271479	0.061076	0.207715	0.280417	0.018691456876695156	3.9506172839506166e-05	0.2077145278453827
144960	-2.796274	-1.625814	-1.270999	0.061037	0.207886	0.280551	0.0186270359903574	3.9506172839506166e-05	0.20788373053073883
145080	-2.796002	-1.625374	-1.270376	0.061054	0.207986	0.280726	0.01858915565535426	3.9506172839506166e-05	0.20798340439796448
145200	-2.796074	-1.624736	-1.270265	0.061049	0.208130	0.280757	0.018526413664221763	2.6337448559670777e-05	0.2081284373998642
145320	-2.794570	-1.624014	-1.269909	0.061141	0.208263	0.280857	0.018460540007799862	3.9506172839506166e-05	0.20826293528079987
145440	-2.792794	-1.623604	-1.270247	0.061250	0.208339	0.280762	0.018426768761128188	3.9506172839506166e-05	0.20833736658096313
145560	-2.791374	-1.622830	-1.268307	0.061337	0.208506	0.281307	0.018352193478494882	3.9506172839506166e-05	0.2085055410861969
145680	-2.791372	-1.622355	-1.268264	0.061337	0.208617	0.281320	0.018310769740492106	3.9506172839506166e-05	0.20861604809761047
145800	-2.790746	-1.621888	-1.267263	0.061375	0.208725	0.281601	0.018262020032852887	3.9506172839506166e-05	0.20872588455677032
145920	-2.790243	-1.621601	-1.265986	0.061406	0.208782	0.281961	0.018244494311511518	2.6337448559670777e-05	0.20878078043460846
146040	-2.789344	-1.621021	-1.265626	0.061462	0.208912	0.282063	0.018190141394734384	3.9506172839506166e-05	0.20891039073467255
146160	-2.788702	-1.620486	-1.263768	0.061501	0.209029	0.282587	0.01814786996692419	3.9506172839506166e-05	0.20902718603610992
146280	-2.787012	-1.619887	-1.262476	0.061605	0.209150	0.282952	0.018084362987428902	3.9506172839506166e-05	0.20915068686008453
146400	-2.786677	-1.619372	-1.262627	0.061626	0.209267	0.282910	0.018037689104676246	3.9506172839506166e-05	0.20926715433597565
146520	-2.786198	-1.619165	-1.261251	0.061655	0.209317	0.283299	0.018021832592785357	3.9506172839506166e-05	0.2093164026737213
146640	-2.785766	-1.618692	-1.260961	0.061682	0.209423	0.283381	0.017983584105968474	1.7558299039780518e-05	0.20942199230194092
146760	-2.785154	-1.618586	-1.260495	0.061720	0.209451	0.283514	0.01797012221068144	3.9506172839506166e-05	0.2094505876302719
146880	-2.784308	-1.618206	-1.259941	0.061772	0.209523	0.283671	0.017934640496969224	3.9506172839506166e-05	0.20952299237251282
147000	-2.783842	-1.617694	-1.258017	0.061801	0.209637	0.284217	0.017891900613904	3.9506172839506166e-05	0.2096366435289383
147120	-2.784089	-1.617240	-1.257497	0.061785	0.209738	0.284365	0.01785305393859744	3.9506172839506166e-05	0.20973598957061768
147240	-2.782800	-1.616751	-1.257537	0.061865	0.209843	0.284353	0.017801729310303927	3.9506172839506166e-05	0.20984384417533875
147360	-2.782226	-1.616497	-1.255973	0.061901	0.209901	0.284799	0.01778050363063812	3.9506172839506166e-05	0.2099008709192276
147480	-2.780975	-1.616279	-1.256786	0.061978	0.209944	0.284567	0.01776656722649932	3.9506172839506166e-05	0.2099425494670868
147600	-2.781529	-1.615932	-1.257760	0.061944	0.210021	0.284290	0.017738514486700295	3.9506172839506166e-05	0.21001844108104706
147720	-2.780931	-1.615563	-1.258137	0.061981	0.210090	0.284183	0.017701252736151217	3.9506172839506166e-05	0.21008850634098053
147840	-2.781150	-1.614807	-1.257028	0.061967	0.210266	0.284498	0.017629413213580847	3.9506172839506166e-05	0.21026597917079926
147960	-2.780169	-1.614667	-1.257227	0.062028	0.210282	0.284442	0.01761904442682862	2.6337448559670777e-05	0.21028165519237518
148080	-2.781018	-1.614178	-1.255928	0.061975	0.210399	0.284812	0.017578480020165443	2.6337448559670777e-05	0.2103978991508484
148200	-2.781376	-1.613736	-1.255143	0.061953	0.210492	0.285035	0.017538118269294502	2.6337448559670777e-05	0.21048995852470398
148320	-2.780140	-1.613146	-1.254773	0.062030	0.210616	0.285141	0.017482709884643555	3.9506172839506166e-05	0.21061503887176514
148440	-2.778819	-1.612687	-1.254001	0.062112	0.210718	0.285361	0.017443127650767564	3.9506172839506166e-05	0.2107161283493042
148560	-2.778095	-1.612154	-1.253258	0.062157	0.210826	0.285573	0.017393920477479695	3.9506172839506166e-05	0.21082542836666107
148680	-2.778652	-1.612035	-1.252702	0.062122	0.210875	0.285732	0.017381095513701438	3.9506172839506166e-05	0.21087445318698883
148800	-2.777666	-1.611425	-1.253007	0.062183	0.210990	0.285644	0.017331118043512107	3.9506172839506166e-05	0.2109888195991516
148920	-2.777812	-1.610871	-1.253134	0.062174	0.211113	0.285608	0.01728050271049142	3.9506172839506166e-05	0.2111116200685501
149040	-2.777982	-1.610545	-1.253227	0.062164	0.211186	0.285582	0.017244594264775516	3.9506172839506166e-05	0.21118636429309845
149160	-2.779074	-1.609916	-1.253138	0.062096	0.211339	0.285607	0.0171913324855268	3.9506172839506166e-05	0.21133819222450256
149280	-2.779192	-1.609264	-1.251910	0.062089	0.211507	0.285958	0.017130315490067004	2.6337448559670777e-05	0.21150685846805573
149400	-2.779108	-1.609104	-1.251002	0.062094	0.211563	0.286218	0.017119504418224095	5.925925925925925e-05	0.21156054735183716
149520	-2.778110	-1.608792	-1.250171	0.062156	0.211634	0.286456	0.01708902409300208	3.9506172839506166e-05	0.2116338014602661
149640	-2.777898	-1.608017	-1.248130	0.062169	0.211808	0.287041	0.017026604898273946	3.9506172839506166e-05	0.21180596947669983
149760	-2.777538	-1.607366	-1.246390	0.062191	0.211964	0.287541	0.01696079848334193	2.6337448559670777e-05	0.21196293830871582
149880	-2.778588	-1.607192	-1.246112	0.062126	0.212024	0.287621	0.016946886386722326	3.9506172839506166e-05	0.21202325820922852
150000	-2.777936	-1.606869	-1.245614	0.062167	0.212098	0.287764	0.01691889939829707	3.9506172839506166e-05	0.21209731698036194
150120	-2.776925	-1.606454	-1.244579	0.062230	0.212177	0.288062	0.016879235859960318	3.9506172839506166e-05	0.21217618882656097
150240	-2.777162	-1.605805	-1.244032	0.062215	0.212342	0.288220	0.016825169418007137	3.9506172839506166e-05	0.21234019100666046
150360	-2.775593	-1.605166	-1.243439	0.062312	0.212468	0.288391	0.01676483191549778	3.9506172839506166e-05	0.21246729791164398
150480	-2.775757	-1.604692	-1.242653	0.062302	0.212572	0.288618	0.01672134008258581	2.6337448559670777e-05	0.21257121860980988
150600	-2.776624	-1.604182	-1.242507	0.062248	0.212692	0.288660	0.016678681783378124	2.6337448559670777e-05	0.21269027888774872
150720	-2.777086	-1.603701	-1.241516	0.062220	0.212801	0.288946	0.016633152682334184	3.9506172839506166e-05	0.21280017495155334
150840	-2.776904	-1.603322	-1.240678	0.062231	0.212880	0.289188	0.016597410105168818	3.9506172839506166e-05	0.21287956833839417
150960	-2.777106	-1.603311	-1.240306	0.062218	0.212889	0.289296	0.016593057569116353	3.9506172839506166e-05	0.21288907527923584
151080	-2.776667	-1.602632	-1.239882	0.062246	0.213042	0.289418	0.01653941022232175	3.9506172839506166e-05	0.2130400836467743
151200	-2.775054	-1.602431	-1.241045	0.062346	0.213059	0.289082	0.016517426166683436	3.9506172839506166e-05	0.2130589485168457
151320	-2.775078	-1.602174	-1.240910	0.062345	0.213121	0.289121	0.01649454580619931	3.9506172839506166e-05	0.21311984956264496
151440	-2.775509	-1.601477	-1.239063	0.062318	0.213287	0.289656	0.016430878546088934	3.9506172839506166e-05	0.2132866531610489
151560	-2.774816	-1.601068	-1.238747	0.062361	0.213379	0.289747	0.01639266451820731	3.9506172839506166e-05	0.21337859332561493
151680	-2.773134	-1.600516	-1.237588	0.062466	0.213506	0.290083	0.01634876448661089	3.9506172839506166e-05	0.21350497007369995
151800	-2.772846	-1.599878	-1.236472	0.062484	0.213641	0.290407	0.016291678324341773	3.9506172839506166e-05	0.21363988518714905
151920	-2.772387	-1.599664	-1.236547	0.062513	0.213673	0.290385	0.016267180629074573	3.9506172839506166e-05	0.2136724293231964
152040	-2.772760	-1.599338	-1.234835	0.062489	0.213759	0.290883	0.016238118056207895	2.6337448559670777e-05	0.2137581706047058
152160	-2.771797	-1.598955	-1.234623	0.062549	0.213837	0.290944	0.016205357573926448	3.9506172839506166e-05	0.21383655071258545
152280	-2.772606	-1.598504	-1.233735	0.062499	0.213938	0.291203	0.016167704295367003	3.9506172839506166e-05	0.21393658220767975
