step	log_std_min	log_std_mean	log_std_max	std_min	std_mean	std_max	entropy_loss	learning_rate	tensorboard_std_mean
120	-1.999761	-1.997861	-1.996573	0.135368	0.135625	0.135800	0.05210705623030663	2.6337448559670777e-05	0.13562457263469696
240	-2.000064	-1.997254	-1.995526	0.135327	0.135708	0.135942	0.0520504105836153	2.6337448559670777e-05	0.13570702075958252
360	-2.000513	-1.996781	-1.994136	0.135266	0.135772	0.136131	0.052010095305740835	2.6337448559670777e-05	0.13577096164226532
480	-2.000067	-1.996421	-1.993160	0.135326	0.135821	0.136264	0.05197806023061276	2.6337448559670777e-05	0.13582029938697815
600	-2.001112	-1.995955	-1.992490	0.135185	0.135884	0.136355	0.051942733488976954	2.6337448559670777e-05	0.1358829289674759
720	-2.001109	-1.995753	-1.991896	0.135185	0.135912	0.136436	0.05191235095262527	2.6337448559670777e-05	0.13591185212135315
840	-2.001321	-1.995378	-1.990534	0.135157	0.135963	0.136622	0.05188217964023352	2.6337448559670777e-05	0.13596242666244507
960	-2.001489	-1.994907	-1.989162	0.135134	0.136027	0.136810	0.05184151995927096	2.6337448559670777e-05	0.13602615892887115
1080	-2.000379	-1.994568	-1.987870	0.135284	0.136073	0.136987	0.051805893518030645	1.7558299039780518e-05	0.1360732465982437
1200	-2.000589	-1.994288	-1.987371	0.135256	0.136111	0.137055	0.051782090589404105	2.6337448559670777e-05	0.13611125946044922
1320	-2.000060	-1.993804	-1.987043	0.135327	0.136177	0.137100	0.05174395833164454	1.7558299039780518e-05	0.13617655634880066
1440	-1.999740	-1.993230	-1.985076	0.135371	0.136256	0.137370	0.05169027466326952	2.6337448559670777e-05	0.13625508546829224
1560	-1.999143	-1.993001	-1.985023	0.135451	0.136287	0.137377	0.05166631378233433	3.9506172839506166e-05	0.13628651201725006
1680	-1.998640	-1.992588	-1.984824	0.135519	0.136343	0.137405	0.05162978898733854	1.7558299039780518e-05	0.13634325563907623
1800	-1.998677	-1.992239	-1.985146	0.135515	0.136391	0.137361	0.051602966710925104	2.6337448559670777e-05	0.13639022409915924
1920	-1.998706	-1.991820	-1.984172	0.135511	0.136448	0.137494	0.05156352147459984	3.9506172839506166e-05	0.13644760847091675
2040	-1.998467	-1.991341	-1.983957	0.135543	0.136513	0.137524	0.05151733551174402	2.6337448559670777e-05	0.13651324808597565
2160	-1.997758	-1.991067	-1.982901	0.135639	0.136551	0.137669	0.051496805623173714	1.7558299039780518e-05	0.1365503966808319
2280	-1.997529	-1.990756	-1.981555	0.135670	0.136594	0.137855	0.05146272275596857	3.9506172839506166e-05	0.13659365475177765
2400	-1.998224	-1.990860	-1.981064	0.135576	0.136580	0.137922	0.05146704688668251	2.6337448559670777e-05	0.13658055663108826
2520	-1.998780	-1.990991	-1.982042	0.135501	0.136562	0.137788	0.05147847384214401	3.9506172839506166e-05	0.13656285405158997
2640	-1.998453	-1.990874	-1.980652	0.135545	0.136578	0.137979	0.05147595554590225	3.9506172839506166e-05	0.13657785952091217
2760	-1.999155	-1.990927	-1.979760	0.135450	0.136571	0.138102	0.05148051660507917	3.9506172839506166e-05	0.13657081127166748
2880	-1.999670	-1.990282	-1.979265	0.135380	0.136660	0.138171	0.051422583125531676	3.9506172839506166e-05	0.1366594284772873
3000	-1.999587	-1.990293	-1.978387	0.135391	0.136658	0.138292	0.05142586026340723	2.6337448559670777e-05	0.13665780425071716
3120	-2.000594	-1.989887	-1.978399	0.135255	0.136715	0.138290	0.05139249879866838	3.9506172839506166e-05	0.1367134004831314
3240	-2.001730	-1.989571	-1.975996	0.135101	0.136758	0.138623	0.051366613060235974	3.9506172839506166e-05	0.1367565542459488
3360	-2.001944	-1.989720	-1.975928	0.135072	0.136738	0.138633	0.051359531842172144	2.6337448559670777e-05	0.13673944771289825
3480	-2.002262	-1.989488	-1.975428	0.135029	0.136770	0.138702	0.0513509863987565	1.7558299039780518e-05	0.13677024841308594
3600	-2.003594	-1.989308	-1.975780	0.134850	0.136795	0.138653	0.0513330465182662	2.6337448559670777e-05	0.13679566979408264
3720	-2.004069	-1.989135	-1.974807	0.134786	0.136819	0.138788	0.05131973326206207	3.9506172839506166e-05	0.1368192583322525
3840	-2.004632	-1.989146	-1.974052	0.134710	0.136819	0.138893	0.05131519492715597	3.9506172839506166e-05	0.1368192732334137
3960	-2.004164	-1.989003	-1.971813	0.134773	0.136839	0.139204	0.05130713414400816	3.9506172839506166e-05	0.13683918118476868
4080	-2.007320	-1.989222	-1.971097	0.134348	0.136811	0.139304	0.05131729617714882	3.9506172839506166e-05	0.136812224984169
4200	-2.009506	-1.989496	-1.970926	0.134055	0.136774	0.139328	0.05135028753429651	3.9506172839506166e-05	0.13677386939525604
4320	-2.012195	-1.989745	-1.970558	0.133695	0.136742	0.139379	0.0513719180598855	2.6337448559670777e-05	0.13674192130565643
4440	-2.013115	-1.989881	-1.971163	0.133572	0.136724	0.139295	0.051380659081041814	2.6337448559670777e-05	0.13672475516796112
4560	-2.014870	-1.989901	-1.970072	0.133338	0.136723	0.139447	0.0513908926397562	2.6337448559670777e-05	0.13672222197055817
4680	-2.017534	-1.989939	-1.968513	0.132983	0.136719	0.139664	0.051384377852082254	2.6337448559670777e-05	0.13671953976154327
4800	-2.020561	-1.989801	-1.969745	0.132581	0.136739	0.139492	0.05138002522289753	3.9506172839506166e-05	0.13673856854438782
4920	-2.022974	-1.989429	-1.967916	0.132262	0.136792	0.139748	0.05134751182049513	2.6337448559670777e-05	0.13679139316082
5040	-2.023130	-1.989030	-1.968916	0.132241	0.136848	0.139608	0.051311949454247954	3.9506172839506166e-05	0.13684692978858948
5160	-2.024908	-1.988945	-1.968575	0.132006	0.136861	0.139656	0.05129833109676838	3.9506172839506166e-05	0.13686113059520721
5280	-2.027608	-1.988958	-1.968228	0.131650	0.136861	0.139704	0.05130453929305077	3.9506172839506166e-05	0.13686077296733856
5400	-2.029922	-1.989241	-1.967293	0.131346	0.136824	0.139835	0.05132532753050327	2.6337448559670777e-05	0.13682392239570618
5520	-2.031916	-1.989547	-1.966239	0.131084	0.136784	0.139982	0.05135182905942202	3.9506172839506166e-05	0.1367846578359604
5640	-2.034755	-1.989738	-1.966732	0.130712	0.136760	0.139913	0.05137727688997984	3.9506172839506166e-05	0.13675878942012787
5760	-2.035497	-1.989687	-1.967226	0.130616	0.136768	0.139844	0.05136990174651146	2.6337448559670777e-05	0.13676758110523224
5880	-2.037199	-1.989559	-1.965896	0.130393	0.136788	0.140030	0.05135346297174692	3.9506172839506166e-05	0.13678838312625885
6000	-2.040682	-1.989516	-1.964741	0.129940	0.136797	0.140192	0.051348289288580415	3.9506172839506166e-05	0.13679759204387665
6120	-2.042300	-1.989601	-1.964779	0.129730	0.136787	0.140187	0.0513576777651906	1.7558299039780518e-05	0.13678716123104095
6240	-2.044093	-1.989477	-1.964345	0.129498	0.136806	0.140248	0.051348218135535716	3.9506172839506166e-05	0.13680605590343475
6360	-2.046063	-1.989668	-1.963252	0.129243	0.136783	0.140401	0.05136193260550499	3.9506172839506166e-05	0.13678324222564697
6480	-2.048672	-1.989764	-1.962147	0.128906	0.136773	0.140556	0.05137507524341345	3.9506172839506166e-05	0.13677281141281128
6600	-2.050469	-1.990037	-1.962269	0.128675	0.136738	0.140539	0.05139379221946001	3.9506172839506166e-05	0.13673841953277588
6720	-2.051910	-1.990117	-1.961290	0.128489	0.136729	0.140677	0.0514104787260294	3.9506172839506166e-05	0.13672836124897003
6840	-2.054129	-1.990479	-1.961266	0.128204	0.136682	0.140680	0.05143723450601101	3.9506172839506166e-05	0.13668252527713776
6960	-2.056145	-1.990590	-1.960311	0.127946	0.136671	0.140815	0.05144685637205839	5.925925925925925e-05	0.13667047023773193
7080	-2.059003	-1.990967	-1.959601	0.127581	0.136624	0.140915	0.05148031115531922	3.9506172839506166e-05	0.13662368059158325
7200	-2.060814	-1.991358	-1.958061	0.127350	0.136573	0.141132	0.051513890363276006	3.9506172839506166e-05	0.1365738958120346
7320	-2.062455	-1.991313	-1.956753	0.127141	0.136583	0.141317	0.051511647365987304	3.9506172839506166e-05	0.13658291101455688
7440	-2.065313	-1.991779	-1.956572	0.126779	0.136522	0.141342	0.05154867768287659	5.925925925925925e-05	0.13652342557907104
7560	-2.067398	-1.992007	-1.955396	0.126515	0.136496	0.141508	0.051576333865523336	3.9506172839506166e-05	0.13649629056453705
7680	-2.070710	-1.992122	-1.953379	0.126096	0.136486	0.141794	0.051585668325424196	3.9506172839506166e-05	0.13648603856563568
7800	-2.074038	-1.991989	-1.952489	0.125677	0.136508	0.141920	0.05157217867672444	3.9506172839506166e-05	0.1365087777376175
7920	-2.078705	-1.992048	-1.951899	0.125092	0.136508	0.142004	0.05159114245325327	3.9506172839506166e-05	0.1365058571100235
8040	-2.081057	-1.992385	-1.953113	0.124798	0.136466	0.141832	0.05160761885344982	3.9506172839506166e-05	0.13646607100963593
8160	-2.083355	-1.992412	-1.952370	0.124512	0.136468	0.141937	0.05161168090999126	3.9506172839506166e-05	0.13646768033504486
8280	-2.085421	-1.992363	-1.950622	0.124255	0.136480	0.142186	0.05160398110747337	3.9506172839506166e-05	0.13648034632205963
8400	-2.087681	-1.992477	-1.950253	0.123974	0.136469	0.142238	0.051619218476116654	3.9506172839506166e-05	0.13646863400936127
8520	-2.089667	-1.992353	-1.948939	0.123728	0.136491	0.142425	0.05160711873322725	3.9506172839506166e-05	0.13649046421051025
8640	-2.093121	-1.992443	-1.948301	0.123302	0.136486	0.142516	0.051612917147576806	3.9506172839506166e-05	0.13648593425750732
8760	-2.095833	-1.992459	-1.946473	0.122968	0.136490	0.142777	0.05161605067551136	3.9506172839506166e-05	0.13648997247219086
8880	-2.097807	-1.992625	-1.944587	0.122725	0.136473	0.143046	0.051627864688634874	3.9506172839506166e-05	0.13647368550300598
9000	-2.099512	-1.992585	-1.943117	0.122516	0.136482	0.143257	0.051626447774469855	3.9506172839506166e-05	0.13648179173469543
9120	-2.100786	-1.992733	-1.942179	0.122360	0.136468	0.143391	0.05164326410740614	3.9506172839506166e-05	0.1364677995443344
9240	-2.101583	-1.992609	-1.940383	0.122263	0.136489	0.143649	0.05163091626018286	3.9506172839506166e-05	0.1364893615245819
9360	-2.103425	-1.992712	-1.939690	0.122038	0.136480	0.143749	0.051640873216092585	3.9506172839506166e-05	0.1364796757698059
9480	-2.105945	-1.992696	-1.938569	0.121731	0.136487	0.143910	0.051636726781725886	5.925925925925925e-05	0.13648711144924164
9600	-2.107197	-1.992793	-1.938119	0.121578	0.136479	0.143974	0.05164200570434332	3.9506172839506166e-05	0.1364801973104477
9720	-2.108052	-1.993006	-1.936314	0.121474	0.136457	0.144235	0.051659883558750154	3.9506172839506166e-05	0.13645756244659424
9840	-2.108473	-1.993062	-1.935073	0.121423	0.136456	0.144414	0.051673471182584765	3.9506172839506166e-05	0.1364556849002838
9960	-2.109300	-1.993041	-1.934145	0.121323	0.136462	0.144548	0.05167076867073774	2.6337448559670777e-05	0.13646183907985687
10080	-2.110583	-1.992755	-1.934366	0.121167	0.136505	0.144516	0.05164479836821556	3.9506172839506166e-05	0.13650479912757874
10200	-2.112478	-1.992669	-1.934843	0.120938	0.136521	0.144447	0.05163780208677053	3.9506172839506166e-05	0.13652080297470093
10320	-2.113704	-1.992329	-1.933746	0.120790	0.136574	0.144605	0.051610187627375126	3.9506172839506166e-05	0.13657279312610626
10440	-2.113856	-1.991900	-1.933225	0.120771	0.136635	0.144681	0.05157456193119288	3.9506172839506166e-05	0.13663408160209656
10560	-2.115434	-1.991871	-1.933493	0.120581	0.136644	0.144642	0.05156803112477064	2.6337448559670777e-05	0.13664300739765167
10680	-2.117543	-1.991692	-1.933042	0.120327	0.136672	0.144707	0.05155063886195421	5.925925925925925e-05	0.1366717666387558
10800	-2.117476	-1.991825	-1.933185	0.120335	0.136659	0.144687	0.05155364535748959	3.9506172839506166e-05	0.1366596519947052
10920	-2.119177	-1.991858	-1.932222	0.120131	0.136661	0.144826	0.05156026240438223	3.9506172839506166e-05	0.13666097819805145
11040	-2.119027	-1.991768	-1.931265	0.120148	0.136677	0.144965	0.051552048325538634	2.6337448559670777e-05	0.13667693734169006
11160	-2.121380	-1.991946	-1.930888	0.119866	0.136659	0.145019	0.05156679730862379	5.925925925925925e-05	0.13665921986103058
11280	-2.121749	-1.991756	-1.930970	0.119822	0.136688	0.145007	0.05155367534607649	3.9506172839506166e-05	0.13668829202651978
11400	-2.123799	-1.991763	-1.930814	0.119577	0.136694	0.145030	0.051552296243608	2.6337448559670777e-05	0.1366935521364212
11520	-2.125208	-1.991513	-1.930570	0.119408	0.136736	0.145065	0.05153163131326437	5.925925925925925e-05	0.13673603534698486
11640	-2.127224	-1.991650	-1.930485	0.119168	0.136724	0.145078	0.05154031347483397	5.925925925925925e-05	0.13672448694705963
11760	-2.128687	-1.991520	-1.929743	0.118993	0.136751	0.145186	0.05153524540364742	3.9506172839506166e-05	0.13674986362457275
11880	-2.131844	-1.991194	-1.928914	0.118618	0.136803	0.145306	0.0515032110735774	5.925925925925925e-05	0.13680239021778107
12000	-2.133722	-1.991185	-1.928433	0.118396	0.136810	0.145376	0.05150271449238062	3.9506172839506166e-05	0.13680973649024963
12120	-2.134522	-1.991235	-1.928316	0.118301	0.136808	0.145393	0.05150477606803179	3.9506172839506166e-05	0.13680748641490936
12240	-2.135973	-1.991085	-1.928167	0.118130	0.136833	0.145415	0.05149320922791958	3.9506172839506166e-05	0.1368332952260971
12360	-2.137938	-1.991299	-1.927723	0.117898	0.136811	0.145479	0.05151020996272564	2.6337448559670777e-05	0.1368105262517929
12480	-2.138202	-1.990708	-1.924341	0.117867	0.136899	0.145972	0.05145872160792351	2.6337448559670777e-05	0.1368992030620575
12600	-2.139546	-1.990558	-1.923939	0.117708	0.136923	0.146031	0.051452193222939965	3.9506172839506166e-05	0.1369219571352005
12720	-2.140397	-1.990548	-1.923803	0.117608	0.136929	0.146050	0.05144538804888725	3.9506172839506166e-05	0.13692866265773773
12840	-2.141972	-1.990509	-1.922460	0.117423	0.136941	0.146247	0.05144346449524164	2.6337448559670777e-05	0.13694101572036743
12960	-2.144442	-1.990469	-1.920784	0.117133	0.136956	0.146492	0.05143773965537548	3.9506172839506166e-05	0.13695624470710754
13080	-2.145419	-1.990310	-1.920019	0.117019	0.136985	0.146604	0.05142364129424095	3.9506172839506166e-05	0.13698527216911316
13200	-2.147601	-1.990311	-1.919729	0.116764	0.136994	0.146647	0.05142324808984995	3.9506172839506166e-05	0.13699422776699066
13320	-2.148144	-1.989890	-1.917355	0.116701	0.137060	0.146995	0.051390818879008295	3.9506172839506166e-05	0.13705924153327942
13440	-2.149126	-1.989987	-1.916394	0.116586	0.137055	0.147137	0.05139390490949154	3.9506172839506166e-05	0.13705475628376007
13560	-2.151917	-1.990503	-1.915970	0.116261	0.136990	0.147199	0.051435846276581286	3.9506172839506166e-05	0.13699062168598175
13680	-2.153533	-1.990244	-1.915506	0.116073	0.137031	0.147267	0.05141477510333061	3.9506172839506166e-05	0.1370319426059723
13800	-2.154330	-1.990158	-1.915751	0.115981	0.137050	0.147231	0.05141056645661592	2.6337448559670777e-05	0.13704966008663177
13920	-2.154544	-1.989999	-1.915585	0.115956	0.137077	0.147256	0.05139335207641125	2.6337448559670777e-05	0.1370772123336792
14040	-2.155459	-1.990029	-1.913089	0.115850	0.137080	0.147624	0.0513975827023387	3.9506172839506166e-05	0.1370801478624344
14160	-2.157365	-1.989988	-1.911343	0.115629	0.137093	0.147882	0.05139482524245977	5.925925925925925e-05	0.13709275424480438
14280	-2.159667	-1.990242	-1.909942	0.115363	0.137071	0.148089	0.051415313966572285	3.9506172839506166e-05	0.13707152009010315
14400	-2.161409	-1.990266	-1.910856	0.115163	0.137079	0.147954	0.05142398029565811	3.9506172839506166e-05	0.13707789778709412
14520	-2.164134	-1.990729	-1.910439	0.114849	0.137024	0.148015	0.05146031323820353	2.6337448559670777e-05	0.13702347874641418
14640	-2.164992	-1.990758	-1.910065	0.114751	0.137028	0.148071	0.051458171010017394	3.9506172839506166e-05	0.13702920079231262
14760	-2.167325	-1.990671	-1.910191	0.114484	0.137051	0.148052	0.05145420003682375	5.925925925925925e-05	0.13705137372016907
14880	-2.168025	-1.990297	-1.910235	0.114403	0.137112	0.148046	0.05142550729215145	3.9506172839506166e-05	0.13711106777191162
15000	-2.168997	-1.990462	-1.909543	0.114292	0.137097	0.148148	0.05143216103315353	3.9506172839506166e-05	0.13709762692451477
15120	-2.170269	-1.990826	-1.909761	0.114147	0.137057	0.148116	0.05146952923387289	5.925925925925925e-05	0.13705654442310333
15240	-2.173848	-1.990714	-1.908188	0.113739	0.137091	0.148349	0.051456047035753724	3.9506172839506166e-05	0.1370910406112671
15360	-2.176466	-1.990716	-1.907097	0.113442	0.137100	0.148511	0.0514608072116971	2.6337448559670777e-05	0.1370997428894043
15480	-2.177192	-1.990826	-1.906466	0.113359	0.137092	0.148605	0.051464481838047506	3.9506172839506166e-05	0.1370924413204193
15600	-2.179070	-1.990986	-1.906283	0.113147	0.137080	0.148632	0.05147944819182158	3.9506172839506166e-05	0.13708101212978363
15720	-2.181958	-1.992015	-1.906776	0.112820	0.136949	0.148559	0.05157433319836855	3.9506172839506166e-05	0.13694922626018524
15840	-2.185330	-1.992278	-1.905908	0.112441	0.136925	0.148688	0.05159676726907492	3.9506172839506166e-05	0.13692538440227509
15960	-2.186552	-1.992371	-1.902691	0.112303	0.136923	0.149167	0.05160797815769911	2.6337448559670777e-05	0.13692308962345123
16080	-2.187584	-1.992959	-1.903357	0.112187	0.136852	0.149067	0.051654222048819066	3.9506172839506166e-05	0.13685359060764313
16200	-2.189508	-1.993225	-1.903371	0.111972	0.136826	0.149065	0.05168492421507835	5.925925925925925e-05	0.13682591915130615
16320	-2.190871	-1.993560	-1.905132	0.111819	0.136792	0.148803	0.051713227108120915	5.925925925925925e-05	0.13679194450378418
16440	-2.192507	-1.993239	-1.903832	0.111637	0.136844	0.148997	0.05168946087360382	3.9506172839506166e-05	0.1368436962366104
16560	-2.192855	-1.993135	-1.903793	0.111598	0.136868	0.149002	0.05167659074068069	3.9506172839506166e-05	0.13686822354793549
16680	-2.195329	-1.992805	-1.902501	0.111322	0.136929	0.149195	0.05164301730692387	3.9506172839506166e-05	0.1369294971227646
16800	-2.196824	-1.992549	-1.900769	0.111156	0.136976	0.149454	0.05162864048033953	2.6337448559670777e-05	0.13697543740272522
16920	-2.197907	-1.992510	-1.900545	0.111035	0.136993	0.149487	0.051615263894200326	3.9506172839506166e-05	0.13699419796466827
17040	-2.199855	-1.992310	-1.900553	0.110819	0.137031	0.149486	0.05160446837544441	3.9506172839506166e-05	0.13703037798404694
17160	-2.200940	-1.992262	-1.899869	0.110699	0.137049	0.149588	0.051594391092658044	3.9506172839506166e-05	0.137049600481987
17280	-2.206023	-1.993030	-1.899224	0.110138	0.136961	0.149685	0.05165156964212656	3.9506172839506166e-05	0.1369631290435791
17400	-2.207817	-1.993447	-1.898757	0.109940	0.136914	0.149755	0.05170427672564983	3.9506172839506166e-05	0.13691337406635284
17520	-2.209492	-1.993570	-1.897891	0.109756	0.136909	0.149884	0.05170757081359625	2.6337448559670777e-05	0.1369098424911499
17640	-2.211808	-1.993729	-1.896351	0.109502	0.136903	0.150115	0.051729696616530416	5.925925925925925e-05	0.13690319657325745
17760	-2.214624	-1.994062	-1.894579	0.109195	0.136875	0.150382	0.05175466239452362	3.9506172839506166e-05	0.13687625527381897
17880	-2.217663	-1.994135	-1.891993	0.108863	0.136883	0.150771	0.051768694259226325	5.925925925925925e-05	0.13688211143016815
18000	-2.221885	-1.994444	-1.890479	0.108405	0.136861	0.151000	0.05179504062980413	3.9506172839506166e-05	0.1368607133626938
18120	-2.224121	-1.994602	-1.890755	0.108162	0.136849	0.150958	0.05180691685527563	5.925925925925925e-05	0.13684873282909393
18240	-2.227612	-1.995029	-1.890611	0.107786	0.136806	0.150980	0.0518432592973113	3.9506172839506166e-05	0.13680674135684967
18360	-2.229517	-1.995310	-1.890883	0.107580	0.136779	0.150938	0.05186907630413771	3.9506172839506166e-05	0.1367800086736679
18480	-2.232659	-1.995890	-1.891747	0.107243	0.136713	0.150808	0.05191925913095474	3.9506172839506166e-05	0.13671386241912842
18600	-2.236409	-1.996744	-1.891578	0.106841	0.136611	0.150834	0.05199378002434969	5.925925925925925e-05	0.13661213219165802
18720	-2.238126	-1.997161	-1.889473	0.106658	0.136567	0.151151	0.05203764736652374	3.9506172839506166e-05	0.1365666389465332
18840	-2.240403	-1.997176	-1.889206	0.106416	0.136578	0.151192	0.05204084273427725	5.925925925925925e-05	0.13657793402671814
18960	-2.243706	-1.997408	-1.890011	0.106065	0.136563	0.151070	0.05205697286874056	2.6337448559670777e-05	0.13656367361545563
19080	-2.246577	-1.997712	-1.888558	0.105761	0.136536	0.151290	0.052089609764516355	3.9506172839506166e-05	0.13653571903705597
19200	-2.248688	-1.997693	-1.888234	0.105538	0.136557	0.151339	0.05209400877356529	2.6337448559670777e-05	0.13655664026737213
19320	-2.250061	-1.997664	-1.887252	0.105393	0.136578	0.151488	0.05208023972809315	3.9506172839506166e-05	0.13657860457897186
19440	-2.251471	-1.997932	-1.886397	0.105244	0.136553	0.151617	0.052109045535326005	3.9506172839506166e-05	0.13655319809913635
19560	-2.252819	-1.998158	-1.885212	0.105102	0.136536	0.151797	0.05213055405765772	3.9506172839506166e-05	0.13653525710105896
19680	-2.254651	-1.998308	-1.884336	0.104910	0.136529	0.151930	0.052140729315578935	3.9506172839506166e-05	0.13652878999710083
19800	-2.255985	-1.998367	-1.884001	0.104770	0.136534	0.151981	0.05214633755385876	3.9506172839506166e-05	0.13653413951396942
19920	-2.257436	-1.998652	-1.882749	0.104618	0.136510	0.152171	0.05217466149479151	2.6337448559670777e-05	0.13651014864444733
20040	-2.260148	-1.998520	-1.881034	0.104335	0.136545	0.152432	0.05216190237551928	5.925925925925925e-05	0.13654468953609467
20160	-2.261861	-1.998681	-1.881413	0.104157	0.136538	0.152375	0.05216745566576719	3.9506172839506166e-05	0.13653981685638428
20280	-2.263197	-1.999049	-1.882247	0.104017	0.136497	0.152248	0.05220361277461052	3.9506172839506166e-05	0.13649776577949524
20400	-2.265883	-1.999444	-1.883219	0.103738	0.136456	0.152100	0.052246394008398055	2.6337448559670777e-05	0.1364561915397644
20520	-2.266705	-1.999608	-1.883019	0.103653	0.136441	0.152130	0.05225967168807984	3.9506172839506166e-05	0.13644133508205414
20640	-2.267912	-1.999358	-1.882618	0.103528	0.136485	0.152191	0.052236519008874896	5.925925925925925e-05	0.13648535311222076
20760	-2.270084	-1.999606	-1.879456	0.103303	0.136468	0.152673	0.052258671075105664	3.9506172839506166e-05	0.13646812736988068
20880	-2.271280	-2.000015	-1.880442	0.103180	0.136424	0.152523	0.05229518190026283	3.9506172839506166e-05	0.13642427325248718
21000	-2.272668	-2.000033	-1.878487	0.103037	0.136435	0.152821	0.05229760184884071	2.6337448559670777e-05	0.1364351361989975
21120	-2.273981	-2.000278	-1.879080	0.102902	0.136417	0.152730	0.05232065413147211	3.9506172839506166e-05	0.13641665875911713
21240	-2.275458	-2.000600	-1.879638	0.102750	0.136388	0.152645	0.052347428537905215	3.9506172839506166e-05	0.13638770580291748
21360	-2.275967	-2.000658	-1.877330	0.102698	0.136395	0.152998	0.052357271686196326	2.6337448559670777e-05	0.13639460504055023
21480	-2.279201	-2.000818	-1.876258	0.102366	0.136391	0.153162	0.052368443086743356	3.9506172839506166e-05	0.13639111816883087
21600	-2.281775	-2.000900	-1.874469	0.102103	0.136398	0.153436	0.05237627625465393	3.9506172839506166e-05	0.1363975554704666
21720	-2.282196	-2.000795	-1.872844	0.102060	0.136425	0.153686	0.05237232614308596	3.9506172839506166e-05	0.1364239752292633
21840	-2.284941	-2.001026	-1.873045	0.101780	0.136410	0.153655	0.05238629598170519	3.9506172839506166e-05	0.13641035556793213
21960	-2.287668	-2.001196	-1.872304	0.101503	0.136408	0.153769	0.05240274406969547	3.9506172839506166e-05	0.1364077627658844
22080	-2.290017	-2.001417	-1.872677	0.101265	0.136392	0.153712	0.05242006853222847	3.9506172839506166e-05	0.136392280459404
22200	-2.290971	-2.001516	-1.873410	0.101168	0.136389	0.153599	0.05243414212018251	3.9506172839506166e-05	0.13638794422149658
22320	-2.292351	-2.001505	-1.871378	0.101029	0.136405	0.153911	0.05243157148361206	2.6337448559670777e-05	0.13640433549880981
22440	-2.293370	-2.001450	-1.871166	0.100926	0.136424	0.153944	0.05242593325674534	2.6337448559670777e-05	0.13642388582229614
22560	-2.293481	-2.001190	-1.870006	0.100915	0.136470	0.154123	0.05241128485649824	3.9506172839506166e-05	0.13646839559078217
22680	-2.295214	-2.001336	-1.870009	0.100740	0.136461	0.154122	0.05241959467530251	3.9506172839506166e-05	0.13645990192890167
22800	-2.296089	-2.001361	-1.868867	0.100652	0.136478	0.154298	0.052415939047932625	5.925925925925925e-05	0.13647863268852234
22920	-2.297414	-2.001529	-1.868497	0.100518	0.136471	0.154355	0.05243304576724768	3.9506172839506166e-05	0.13647042214870453
23040	-2.299126	-2.001889	-1.868268	0.100346	0.136435	0.154391	0.052465012297034264	3.9506172839506166e-05	0.1364353746175766
23160	-2.300162	-2.002249	-1.867044	0.100243	0.136395	0.154580	0.0524947389960289	3.9506172839506166e-05	0.13639570772647858
23280	-2.301299	-2.002622	-1.866419	0.100129	0.136352	0.154677	0.05253134984523058	3.9506172839506166e-05	0.13635212182998657
23400	-2.301967	-2.002760	-1.865475	0.100062	0.136349	0.154823	0.05254241935908795	3.9506172839506166e-05	0.1363489329814911
23520	-2.302844	-2.003209	-1.866113	0.099974	0.136297	0.154724	0.05258456878364086	3.9506172839506166e-05	0.13629688322544098
23640	-2.304325	-2.003003	-1.865279	0.099826	0.136336	0.154853	0.052567855827510356	3.9506172839506166e-05	0.1363360583782196
23760	-2.305254	-2.003150	-1.866368	0.099733	0.136335	0.154685	0.05257897656410933	3.9506172839506166e-05	0.13633456826210022
23880	-2.308297	-2.003221	-1.864388	0.099430	0.136349	0.154991	0.052583671361207965	2.6337448559670777e-05	0.1363489180803299
24000	-2.309480	-2.003471	-1.864429	0.099313	0.136323	0.154985	0.05260616987943649	3.9506172839506166e-05	0.13632333278656006
24120	-2.310786	-2.003627	-1.863983	0.099183	0.136315	0.155054	0.05262153223156929	3.9506172839506166e-05	0.13631537556648254
24240	-2.311247	-2.003643	-1.863830	0.099138	0.136324	0.155078	0.05262418389320374	3.9506172839506166e-05	0.1363237500190735
24360	-2.313658	-2.003813	-1.863147	0.098899	0.136319	0.155184	0.05263800900429487	3.9506172839506166e-05	0.13631880283355713
24480	-2.315171	-2.003784	-1.862833	0.098749	0.136335	0.155232	0.05263767465949058	3.9506172839506166e-05	0.13633491098880768
24600	-2.316587	-2.004001	-1.863194	0.098610	0.136319	0.155176	0.052651474811136724	3.9506172839506166e-05	0.13631969690322876
24720	-2.319083	-2.004466	-1.862156	0.098364	0.136269	0.155337	0.05269620716571808	3.9506172839506166e-05	0.13626880943775177
24840	-2.322113	-2.004610	-1.862509	0.098066	0.136273	0.155283	0.05270840749144554	2.6337448559670777e-05	0.13627266883850098
24960	-2.323026	-2.004229	-1.860986	0.097977	0.136343	0.155519	0.05268018208444118	3.9506172839506166e-05	0.13634207844734192
25080	-2.324328	-2.004329	-1.860907	0.097849	0.136343	0.155531	0.05268515031784773	3.9506172839506166e-05	0.13634222745895386
25200	-2.325176	-2.004254	-1.859167	0.097766	0.136369	0.155802	0.052675244584679606	3.9506172839506166e-05	0.13636918365955353
25320	-2.325078	-2.003979	-1.859389	0.097776	0.136420	0.155768	0.05265806913375855	3.9506172839506166e-05	0.13641968369483948
25440	-2.323702	-2.004062	-1.858579	0.097910	0.136420	0.155894	0.052654515765607354	3.9506172839506166e-05	0.13642075657844543
25560	-2.324660	-2.003910	-1.857278	0.097817	0.136461	0.156097	0.05264716595411301	3.9506172839506166e-05	0.13646064698696136
25680	-2.325166	-2.004075	-1.857707	0.097767	0.136454	0.156030	0.052660214528441426	3.9506172839506166e-05	0.13645417988300323
25800	-2.326695	-2.004010	-1.858240	0.097618	0.136476	0.155947	0.0526562200859189	3.9506172839506166e-05	0.13647562265396118
25920	-2.327803	-2.004106	-1.857722	0.097510	0.136480	0.156028	0.0526661355048418	3.9506172839506166e-05	0.1364797204732895
26040	-2.327308	-2.004160	-1.858593	0.097558	0.136481	0.155892	0.0526679402217269	2.6337448559670777e-05	0.13648071885108948
26160	-2.327674	-2.004691	-1.858262	0.097522	0.136424	0.155943	0.05271253511309624	2.6337448559670777e-05	0.13642431795597076
26280	-2.328405	-2.005104	-1.857818	0.097451	0.136379	0.156013	0.05275055728852749	3.9506172839506166e-05	0.1363794058561325
26400	-2.328933	-2.005147	-1.857407	0.097400	0.136386	0.156077	0.05275992713868618	3.9506172839506166e-05	0.13638518750667572
26520	-2.329584	-2.005033	-1.857575	0.097336	0.136415	0.156051	0.052748972177505495	3.9506172839506166e-05	0.1364152878522873
26640	-2.330251	-2.005122	-1.857445	0.097271	0.136415	0.156071	0.05275445114821196	2.6337448559670777e-05	0.13641515374183655
26760	-2.331278	-2.005089	-1.857064	0.097172	0.136435	0.156130	0.052755043096840384	2.6337448559670777e-05	0.13643485307693481
26880	-2.332752	-2.005114	-1.856676	0.097028	0.136450	0.156191	0.05275625996291637	3.9506172839506166e-05	0.1364503651857376
27000	-2.332946	-2.005239	-1.857268	0.097010	0.136446	0.156099	0.05276273097842932	3.9506172839506166e-05	0.13644710183143616
27120	-2.335468	-2.005542	-1.856683	0.096765	0.136425	0.156190	0.05279071237891912	3.9506172839506166e-05	0.1364251971244812
27240	-2.337756	-2.005574	-1.855658	0.096544	0.136431	0.156350	0.05280169490724802	3.9506172839506166e-05	0.13643062114715576
27360	-2.339884	-2.005510	-1.854765	0.096339	0.136453	0.156490	0.052790803089737895	3.9506172839506166e-05	0.13645261526107788
27480	-2.342380	-2.005663	-1.855038	0.096099	0.136446	0.156447	0.05279469229280949	3.9506172839506166e-05	0.13644759356975555
27600	-2.344558	-2.006067	-1.855566	0.095890	0.136401	0.156364	0.05284221544861793	3.9506172839506166e-05	0.1364004909992218
27720	-2.345195	-2.005978	-1.855376	0.095829	0.136425	0.156394	0.05283474363386631	5.925925925925925e-05	0.13642491400241852
27840	-2.347010	-2.006078	-1.854921	0.095655	0.136433	0.156465	0.05284231919795275	3.9506172839506166e-05	0.13643254339694977
27960	-2.348764	-2.006163	-1.854973	0.095487	0.136437	0.156457	0.05285161137580872	3.9506172839506166e-05	0.13643668591976166
28080	-2.350459	-2.006022	-1.854543	0.095325	0.136467	0.156524	0.05284014847129583	3.9506172839506166e-05	0.13646619021892548
28200	-2.352356	-2.005956	-1.852345	0.095145	0.136490	0.156869	0.052833670005202296	3.9506172839506166e-05	0.13648980855941772
28320	-2.354990	-2.006056	-1.851792	0.094894	0.136495	0.156956	0.05284166540950537	5.925925925925925e-05	0.13649475574493408
28440	-2.357510	-2.006016	-1.850929	0.094656	0.136516	0.157091	0.05283624287694692	2.6337448559670777e-05	0.13651612401008606
28560	-2.359845	-2.005791	-1.850816	0.094435	0.136568	0.157109	0.052823066525161264	3.9506172839506166e-05	0.13656657934188843
28680	-2.361703	-2.005739	-1.850753	0.094260	0.136590	0.157119	0.05281624346971512	3.9506172839506166e-05	0.13658905029296875
28800	-2.363516	-2.005549	-1.849806	0.094089	0.136626	0.157268	0.052791974507272243	3.9506172839506166e-05	0.13662688434123993
28920	-2.365805	-2.005893	-1.850111	0.093874	0.136595	0.157220	0.052822725661098954	3.9506172839506166e-05	0.13659526407718658
29040	-2.367853	-2.005929	-1.850520	0.093682	0.136612	0.157155	0.05282468423247337	3.9506172839506166e-05	0.1366124451160431
29160	-2.370304	-2.006322	-1.850892	0.093452	0.136569	0.157097	0.05285958219319582	3.9506172839506166e-05	0.13656920194625854
29280	-2.372882	-2.006433	-1.850946	0.093212	0.136570	0.157089	0.0528752276673913	3.9506172839506166e-05	0.1365695297718048
29400	-2.374003	-2.006269	-1.851332	0.093107	0.136604	0.157028	0.0528591213747859	3.9506172839506166e-05	0.136604443192482
29520	-2.376948	-2.006273	-1.851097	0.092833	0.136617	0.157065	0.05285755842924118	2.6337448559670777e-05	0.13661694526672363
29640	-2.377977	-2.006183	-1.851769	0.092738	0.136638	0.156959	0.05285627655684948	3.9506172839506166e-05	0.1366369128227234
29760	-2.381072	-2.006095	-1.851446	0.092451	0.136667	0.157010	0.05284987911581993	3.9506172839506166e-05	0.13666599988937378
29880	-2.382816	-2.006086	-1.851619	0.092290	0.136685	0.156983	0.05284769684076309	3.9506172839506166e-05	0.1366838961839676
30000	-2.385399	-2.005880	-1.850536	0.092052	0.136731	0.157153	0.05282647367566824	3.9506172839506166e-05	0.13673102855682373
30120	-2.387209	-2.005859	-1.847953	0.091886	0.136751	0.157559	0.052823323756456375	2.6337448559670777e-05	0.13675087690353394
30240	-2.388544	-2.005706	-1.846901	0.091763	0.136785	0.157725	0.052805790677666664	3.9506172839506166e-05	0.13678540289402008
30360	-2.390464	-2.005655	-1.846109	0.091587	0.136806	0.157850	0.05280496999621391	2.6337448559670777e-05	0.13680575788021088
30480	-2.392465	-2.005848	-1.846314	0.091404	0.136793	0.157818	0.05281932707875967	3.9506172839506166e-05	0.136792853474617
30600	-2.393264	-2.005904	-1.845146	0.091331	0.136795	0.158002	0.05282710939645767	3.9506172839506166e-05	0.13679435849189758
30720	-2.395438	-2.006256	-1.845541	0.091133	0.136757	0.157940	0.052852855436503886	3.9506172839506166e-05	0.13675762712955475
30840	-2.397240	-2.006337	-1.845952	0.090969	0.136751	0.157875	0.05286611523479223	3.9506172839506166e-05	0.1367504745721817
30960	-2.398928	-2.006182	-1.845395	0.090815	0.136788	0.157963	0.05285158287733793	3.9506172839506166e-05	0.13678760826587677
31080	-2.399629	-2.005984	-1.843181	0.090752	0.136826	0.158313	0.05283447075635195	2.6337448559670777e-05	0.13682638108730316
31200	-2.401586	-2.005575	-1.842846	0.090574	0.136900	0.158366	0.052797270379960536	3.9506172839506166e-05	0.1368994563817978
31320	-2.402751	-2.005363	-1.842675	0.090469	0.136944	0.158393	0.05278184432536363	3.9506172839506166e-05	0.13694283366203308
31440	-2.403677	-2.005385	-1.843305	0.090385	0.136951	0.158293	0.052785114385187626	2.6337448559670777e-05	0.13695041835308075
31560	-2.406469	-2.005152	-1.842078	0.090133	0.137006	0.158488	0.052756985276937486	3.9506172839506166e-05	0.13700616359710693
31680	-2.409206	-2.005139	-1.842693	0.089887	0.137022	0.158390	0.05275300107896328	2.6337448559670777e-05	0.1370219588279724
31800	-2.411007	-2.005389	-1.842306	0.089725	0.136999	0.158452	0.052777473069727424	2.6337448559670777e-05	0.13699935376644135
31920	-2.412860	-2.004999	-1.840795	0.089559	0.137068	0.158691	0.05274838451296091	3.9506172839506166e-05	0.1370670199394226
32040	-2.413940	-2.004623	-1.840291	0.089462	0.137137	0.158771	0.05270704869180918	3.9506172839506166e-05	0.13713736832141876
32160	-2.415937	-2.004686	-1.841657	0.089284	0.137148	0.158554	0.052717209607362744	3.9506172839506166e-05	0.1371479630470276
32280	-2.416759	-2.004738	-1.841464	0.089210	0.137158	0.158585	0.05271980427205562	3.9506172839506166e-05	0.13715842366218567
32400	-2.418657	-2.004639	-1.840612	0.089041	0.137191	0.158720	0.05270805936306715	3.9506172839506166e-05	0.137192040681839
32520	-2.419952	-2.004726	-1.839514	0.088926	0.137192	0.158895	0.052720120176672935	3.9506172839506166e-05	0.13719193637371063
32640	-2.421187	-2.004668	-1.839248	0.088816	0.137211	0.158937	0.052714910358190536	3.9506172839506166e-05	0.13721074163913727
32760	-2.422853	-2.004573	-1.838318	0.088668	0.137240	0.159085	0.052711376920342445	3.9506172839506166e-05	0.13723932206630707
32880	-2.426098	-2.004428	-1.837543	0.088381	0.137274	0.159208	0.052694983407855035	2.6337448559670777e-05	0.13727381825447083
33000	-2.428516	-2.004337	-1.837547	0.088168	0.137302	0.159208	0.05268817711621523	2.6337448559670777e-05	0.13730184733867645
33120	-2.429750	-2.004000	-1.836909	0.088059	0.137358	0.159309	0.052657424658536914	3.9506172839506166e-05	0.1373576670885086
33240	-2.431146	-2.003880	-1.836413	0.087936	0.137392	0.159388	0.0526434363797307	3.9506172839506166e-05	0.13739249110221863
33360	-2.433042	-2.003814	-1.835178	0.087769	0.137411	0.159585	0.05264191552996635	3.9506172839506166e-05	0.13741055130958557
33480	-2.434237	-2.003547	-1.835262	0.087665	0.137452	0.159572	0.05261695366352796	2.6337448559670777e-05	0.1374513804912567
33600	-2.435687	-2.003761	-1.834661	0.087538	0.137432	0.159668	0.052629847452044486	3.9506172839506166e-05	0.1374320685863495
33720	-2.438243	-2.003876	-1.833086	0.087314	0.137432	0.159919	0.0526459775865078	3.9506172839506166e-05	0.13743172585964203
33840	-2.439452	-2.003764	-1.833474	0.087209	0.137465	0.159857	0.05263780616223812	3.9506172839506166e-05	0.13746407628059387
33960	-2.439873	-2.003617	-1.833922	0.087172	0.137494	0.159786	0.05262284185737372	3.9506172839506166e-05	0.13749365508556366
34080	-2.440393	-2.003680	-1.833837	0.087127	0.137491	0.159799	0.05262907333672047	3.9506172839506166e-05	0.1374904215335846
34200	-2.442376	-2.003465	-1.832520	0.086954	0.137543	0.160010	0.05261160247027874	2.6337448559670777e-05	0.1375417411327362
34320	-2.444227	-2.003379	-1.831124	0.086793	0.137577	0.160233	0.05260077025741339	3.9506172839506166e-05	0.137577086687088
34440	-2.446128	-2.003291	-1.829666	0.086628	0.137600	0.160467	0.0525975925847888	3.9506172839506166e-05	0.13759949803352356
34560	-2.447750	-2.003140	-1.829825	0.086488	0.137630	0.160442	0.052575094252824785	2.6337448559670777e-05	0.13763020932674408
34680	-2.448504	-2.002986	-1.828886	0.086423	0.137664	0.160592	0.0525659067556262	2.6337448559670777e-05	0.13766343891620636
34800	-2.450108	-2.003007	-1.830241	0.086284	0.137672	0.160375	0.05256833881139755	3.9506172839506166e-05	0.13767161965370178
34920	-2.451763	-2.003133	-1.829376	0.086142	0.137667	0.160514	0.05258024148643017	3.9506172839506166e-05	0.13766659796237946
35040	-2.452772	-2.003236	-1.830535	0.086055	0.137664	0.160328	0.05258539374917746	3.9506172839506166e-05	0.13766443729400635
35160	-2.455097	-2.003269	-1.829725	0.085855	0.137676	0.160458	0.05259279757738113	2.6337448559670777e-05	0.13767549395561218
35280	-2.455792	-2.002844	-1.828780	0.085795	0.137746	0.160609	0.05255982223898172	3.9506172839506166e-05	0.13774508237838745
35400	-2.457303	-2.002595	-1.827686	0.085666	0.137789	0.160785	0.052526425942778586	3.9506172839506166e-05	0.13778969645500183
35520	-2.459714	-2.002890	-1.827511	0.085459	0.137767	0.160813	0.0525549728423357	3.9506172839506166e-05	0.13776671886444092
35640	-2.461276	-2.002693	-1.826275	0.085326	0.137811	0.161012	0.05254051517695189	3.9506172839506166e-05	0.13781067728996277
35760	-2.462461	-2.002829	-1.826039	0.085225	0.137807	0.161050	0.05254450980573892	3.9506172839506166e-05	0.1378079205751419
35880	-2.464849	-2.002889	-1.824659	0.085022	0.137811	0.161273	0.05255871936678887	3.9506172839506166e-05	0.13780997693538666
36000	-2.467003	-2.003167	-1.824278	0.084839	0.137794	0.161334	0.05257635321468115	3.9506172839506166e-05	0.1377941220998764
36120	-2.467676	-2.003242	-1.823878	0.084782	0.137803	0.161399	0.052583800815045836	3.9506172839506166e-05	0.13780289888381958
36240	-2.469153	-2.002894	-1.824281	0.084657	0.137862	0.161334	0.0525585426017642	3.9506172839506166e-05	0.13786208629608154
36360	-2.470092	-2.002873	-1.823892	0.084577	0.137873	0.161396	0.05255790986120701	3.9506172839506166e-05	0.13787195086479187
36480	-2.471465	-2.002799	-1.822890	0.084461	0.137896	0.161558	0.05254366938024759	3.9506172839506166e-05	0.1378963440656662
36600	-2.473829	-2.002882	-1.822083	0.084262	0.137901	0.161689	0.052555599994957444	3.9506172839506166e-05	0.13790108263492584
36720	-2.475306	-2.002713	-1.820039	0.084137	0.137936	0.162019	0.05254744552075863	3.9506172839506166e-05	0.13793404400348663
36840	-2.476945	-2.002460	-1.818358	0.083999	0.137988	0.162292	0.05251582358032465	3.9506172839506166e-05	0.13798828423023224
36960	-2.477462	-2.002441	-1.818194	0.083956	0.137998	0.162319	0.05251961499452591	3.9506172839506166e-05	0.1379973590373993
37080	-2.478920	-2.002262	-1.818041	0.083834	0.138036	0.162343	0.052502782084047794	3.9506172839506166e-05	0.13803522288799286
37200	-2.479192	-2.001801	-1.815515	0.083811	0.138115	0.162754	0.05245517063885927	3.9506172839506166e-05	0.1381150633096695
37320	-2.479971	-2.001828	-1.815618	0.083746	0.138123	0.162737	0.052466525323688985	3.9506172839506166e-05	0.1381220817565918
37440	-2.480387	-2.001838	-1.815767	0.083711	0.138135	0.162713	0.052464297972619534	1.7558299039780518e-05	0.1381344497203827
37560	-2.481587	-2.001918	-1.815385	0.083610	0.138136	0.162775	0.052470648847520354	3.9506172839506166e-05	0.13813571631908417
37680	-2.482402	-2.001726	-1.815958	0.083542	0.138177	0.162682	0.05245614368468523	3.9506172839506166e-05	0.13817563652992249
37800	-2.483968	-2.001684	-1.815179	0.083412	0.138201	0.162809	0.05244772341102362	3.9506172839506166e-05	0.13820067048072815
37920	-2.485891	-2.001719	-1.814186	0.083251	0.138215	0.162971	0.052450192347168925	3.9506172839506166e-05	0.13821528851985931
38040	-2.486382	-2.001686	-1.813765	0.083210	0.138228	0.163039	0.05245460569858551	3.9506172839506166e-05	0.1382267028093338
38160	-2.486925	-2.001432	-1.814018	0.083165	0.138276	0.162998	0.05242541320621967	3.9506172839506166e-05	0.1382756382226944
38280	-2.488104	-2.001224	-1.812513	0.083067	0.138319	0.163243	0.05241223312914371	3.9506172839506166e-05	0.1383180469274521
38400	-2.488583	-2.001076	-1.811274	0.083028	0.138351	0.163446	0.0523969229310751	3.9506172839506166e-05	0.13835029304027557
38520	-2.489222	-2.000741	-1.809813	0.082974	0.138407	0.163685	0.05236976910382509	3.9506172839506166e-05	0.13840614259243011
38640	-2.491525	-2.001008	-1.809819	0.082784	0.138387	0.163684	0.05238072220236063	3.9506172839506166e-05	0.13838806748390198
38760	-2.492215	-2.000969	-1.809553	0.082727	0.138404	0.163727	0.052389629743993284	3.9506172839506166e-05	0.13840220868587494
38880	-2.493867	-2.000840	-1.808775	0.082590	0.138436	0.163855	0.0523758789524436	3.9506172839506166e-05	0.13843505084514618
39000	-2.495377	-2.000579	-1.806725	0.082465	0.138495	0.164191	0.052349763736128804	3.9506172839506166e-05	0.13849401473999023
39120	-2.496903	-2.000574	-1.805812	0.082340	0.138511	0.164341	0.052344482578337195	3.9506172839506166e-05	0.13851098716259003
39240	-2.497845	-2.000217	-1.803631	0.082262	0.138581	0.164700	0.05232036206871271	3.9506172839506166e-05	0.13858038187026978
39360	-2.499940	-2.000139	-1.802535	0.082090	0.138616	0.164880	0.05231152400374413	3.9506172839506166e-05	0.13861477375030518
39480	-2.500963	-2.000191	-1.801971	0.082006	0.138620	0.164973	0.05231333505362272	3.9506172839506166e-05	0.1386195868253708
39600	-2.502166	-2.000146	-1.801118	0.081907	0.138640	0.165114	0.05231198705732822	3.9506172839506166e-05	0.13863933086395264
39720	-2.503624	-1.999744	-1.799294	0.081788	0.138718	0.165416	0.05227369647473097	2.6337448559670777e-05	0.13871735334396362
39840	-2.505214	-1.999481	-1.799417	0.081658	0.138772	0.165395	0.05224806554615498	3.9506172839506166e-05	0.13877156376838684
39960	-2.506629	-1.999424	-1.799303	0.081543	0.138800	0.165414	0.05224202275276184	3.9506172839506166e-05	0.1388000249862671
40080	-2.508099	-1.999278	-1.798128	0.081423	0.138836	0.165609	0.05223276168107986	3.9506172839506166e-05	0.13883569836616516
40200	-2.509049	-1.999187	-1.796731	0.081346	0.138865	0.165840	0.05222647953778505	3.9506172839506166e-05	0.1388644427061081
40320	-2.510036	-1.999229	-1.797470	0.081265	0.138878	0.165718	0.052228166908025744	3.9506172839506166e-05	0.13887709379196167
40440	-2.510907	-1.999249	-1.797560	0.081195	0.138887	0.165703	0.05222314987331629	3.9506172839506166e-05	0.13888828456401825
40560	-2.512019	-1.999024	-1.796940	0.081104	0.138924	0.165805	0.0522094139829278	3.9506172839506166e-05	0.13892391324043274
40680	-2.513352	-1.998498	-1.797458	0.080996	0.139017	0.165720	0.05216148067265749	2.6337448559670777e-05	0.13901692628860474
40800	-2.514129	-1.998178	-1.796234	0.080933	0.139077	0.165923	0.05213246885687113	3.9506172839506166e-05	0.1390773504972458
40920	-2.515103	-1.998022	-1.795929	0.080855	0.139110	0.165973	0.05211823936551809	3.9506172839506166e-05	0.1391100287437439
41040	-2.515781	-1.997996	-1.795695	0.080800	0.139131	0.166012	0.052118143811821935	3.9506172839506166e-05	0.13913008570671082
41160	-2.517586	-1.997571	-1.793788	0.080654	0.139207	0.166329	0.052079905197024344	3.9506172839506166e-05	0.13920672237873077
41280	-2.518314	-1.997154	-1.793280	0.080595	0.139281	0.166413	0.05204151459038257	3.9506172839506166e-05	0.13928017020225525
41400	-2.520345	-1.996875	-1.793191	0.080432	0.139346	0.166428	0.05202076770365238	3.9506172839506166e-05	0.13934466242790222
41520	-2.520850	-1.996903	-1.793517	0.080391	0.139355	0.166374	0.05201553739607334	2.6337448559670777e-05	0.13935498893260956
41640	-2.522210	-1.996703	-1.793791	0.080282	0.139397	0.166328	0.05200426913797855	3.9506172839506166e-05	0.13939635455608368
41760	-2.524500	-1.996617	-1.794540	0.080098	0.139430	0.166204	0.051992264948785304	3.9506172839506166e-05	0.13942955434322357
41880	-2.526139	-1.996139	-1.793632	0.079967	0.139516	0.166355	0.051951569877564906	3.9506172839506166e-05	0.13951504230499268
42000	-2.526270	-1.995979	-1.793746	0.079957	0.139547	0.166336	0.05193297006189823	3.9506172839506166e-05	0.1395474076271057
42120	-2.528198	-1.995847	-1.792052	0.079803	0.139579	0.166618	0.05192282740026712	2.6337448559670777e-05	0.1395781934261322
42240	-2.529748	-1.995895	-1.790761	0.079679	0.139601	0.166833	0.05192686319351196	3.9506172839506166e-05	0.13960018754005432
42360	-2.530819	-1.995470	-1.791057	0.079594	0.139674	0.166784	0.05189395677298307	3.9506172839506166e-05	0.13967281579971313
42480	-2.532065	-1.995153	-1.790579	0.079495	0.139736	0.166864	0.05185735989362002	3.9506172839506166e-05	0.13973598182201385
42600	-2.533549	-1.995017	-1.790449	0.079377	0.139774	0.166885	0.051846783608198166	3.9506172839506166e-05	0.1397733986377716
42720	-2.534721	-1.994712	-1.789092	0.079284	0.139836	0.167112	0.05181627757847309	3.9506172839506166e-05	0.13983629643917084
42840	-2.536103	-1.994269	-1.787856	0.079174	0.139916	0.167319	0.05178147088736296	2.6337448559670777e-05	0.13991610705852509
42960	-2.537081	-1.994097	-1.788991	0.079097	0.139955	0.167129	0.05176474135369062	3.9506172839506166e-05	0.139955073595047
43080	-2.538658	-1.994133	-1.788091	0.078972	0.139973	0.167279	0.05176767855882645	3.9506172839506166e-05	0.139972522854805
43200	-2.541000	-1.994037	-1.788019	0.078788	0.140001	0.167291	0.05175811536610127	3.9506172839506166e-05	0.14000119268894196
43320	-2.542743	-1.993862	-1.787643	0.078650	0.140043	0.167354	0.05174038149416447	3.9506172839506166e-05	0.14004354178905487
43440	-2.545048	-1.993508	-1.786630	0.078469	0.140112	0.167524	0.05171501822769642	3.9506172839506166e-05	0.14011140167713165
43560	-2.545699	-1.992988	-1.785938	0.078418	0.140198	0.167640	0.05167076531797647	3.9506172839506166e-05	0.14019685983657837
43680	-2.547037	-1.992657	-1.785278	0.078313	0.140271	0.167750	0.05163543727248907	3.9506172839506166e-05	0.14027126133441925
43800	-2.548415	-1.992628	-1.784348	0.078206	0.140293	0.167907	0.05163249280303717	3.9506172839506166e-05	0.14029251039028168
43920	-2.548912	-1.992520	-1.784294	0.078167	0.140332	0.167916	0.05162266585975885	3.9506172839506166e-05	0.14033243060112
44040	-2.549978	-1.992562	-1.783376	0.078083	0.140341	0.168070	0.05162490755319595	3.9506172839506166e-05	0.14034077525138855
44160	-2.552521	-1.992609	-1.784015	0.077885	0.140349	0.167962	0.051630396768450736	2.6337448559670777e-05	0.14034906029701233
44280	-2.554305	-1.992506	-1.783623	0.077746	0.140378	0.168028	0.0516205383464694	3.9506172839506166e-05	0.14037783443927765
44400	-2.555131	-1.992256	-1.783024	0.077682	0.140418	0.168129	0.05160069819539785	2.6337448559670777e-05	0.14041784405708313
44520	-2.557485	-1.992014	-1.782400	0.077499	0.140475	0.168234	0.05157839227467775	3.9506172839506166e-05	0.140473872423172
44640	-2.559362	-1.991925	-1.782415	0.077354	0.140492	0.168231	0.05157469622790813	3.9506172839506166e-05	0.14049135148525238
44760	-2.560801	-1.991687	-1.781807	0.077243	0.140544	0.168334	0.051553336158394816	3.9506172839506166e-05	0.1405431032180786
44880	-2.561944	-1.991823	-1.781021	0.077155	0.140546	0.168466	0.05156021062284708	3.9506172839506166e-05	0.14054599404335022
45000	-2.563411	-1.991617	-1.780341	0.077041	0.140590	0.168581	0.051545605063438416	3.9506172839506166e-05	0.14058879017829895
45120	-2.565416	-1.991076	-1.779350	0.076887	0.140688	0.168748	0.05149768479168415	3.9506172839506166e-05	0.1406875103712082
45240	-2.567370	-1.990613	-1.777481	0.076737	0.140766	0.169063	0.05145642310380936	3.9506172839506166e-05	0.14076487720012665
45360	-2.568956	-1.989974	-1.775055	0.076616	0.140872	0.169474	0.05140229407697916	3.9506172839506166e-05	0.14087091386318207
45480	-2.571542	-1.989515	-1.774943	0.076418	0.140954	0.169493	0.05135417059063911	3.9506172839506166e-05	0.1409531682729721
45600	-2.573517	-1.989208	-1.774879	0.076267	0.141016	0.169504	0.051321364007890224	5.925925925925925e-05	0.14101625978946686
45720	-2.575520	-1.989497	-1.774660	0.076114	0.140996	0.169541	0.05134856980293989	2.6337448559670777e-05	0.1409958451986313
45840	-2.577443	-1.989236	-1.773423	0.075968	0.141051	0.169751	0.05132690090686083	2.6337448559670777e-05	0.14105120301246643
45960	-2.578604	-1.989011	-1.772059	0.075880	0.141097	0.169983	0.05131024643778801	3.9506172839506166e-05	0.14109663665294647
46080	-2.580214	-1.988781	-1.770355	0.075758	0.141148	0.170273	0.051288985460996625	3.9506172839506166e-05	0.14114664494991302
46200	-2.582342	-1.988689	-1.769463	0.075597	0.141179	0.170424	0.051278674043715	3.9506172839506166e-05	0.1411781907081604
46320	-2.582814	-1.988341	-1.768131	0.075561	0.141236	0.170652	0.05125685259699821	5.925925925925925e-05	0.14123417437076569
46440	-2.583763	-1.987968	-1.766873	0.075489	0.141303	0.170867	0.051213530637323854	2.6337448559670777e-05	0.14130309224128723
46560	-2.584348	-1.987787	-1.766719	0.075445	0.141341	0.170893	0.05119741205126047	3.9506172839506166e-05	0.14134056866168976
46680	-2.586596	-1.987721	-1.766392	0.075276	0.141367	0.170949	0.05119283478707075	3.9506172839506166e-05	0.1413668394088745
46800	-2.587276	-1.987420	-1.764727	0.075225	0.141422	0.171234	0.05116611309349537	3.9506172839506166e-05	0.14142152667045593
46920	-2.588862	-1.987311	-1.764176	0.075105	0.141445	0.171328	0.051156587712466714	3.9506172839506166e-05	0.14144451916217804
47040	-2.590131	-1.987102	-1.763106	0.075010	0.141490	0.171511	0.05113727990537882	3.9506172839506166e-05	0.14148923754692078
47160	-2.592579	-1.986893	-1.763035	0.074827	0.141548	0.171524	0.051116987876594064	3.9506172839506166e-05	0.14154760539531708
47280	-2.594530	-1.986683	-1.762604	0.074681	0.141607	0.171597	0.05109783858060837	3.9506172839506166e-05	0.14160668849945068
47400	-2.596075	-1.986714	-1.761887	0.074566	0.141620	0.171721	0.051102501712739466	2.6337448559670777e-05	0.14161895215511322
47520	-2.596556	-1.986656	-1.761306	0.074530	0.141648	0.171820	0.051095681823790075	3.9506172839506166e-05	0.14164753258228302
47640	-2.598227	-1.986404	-1.760877	0.074405	0.141713	0.171894	0.051075923070311544	3.9506172839506166e-05	0.1417119950056076
47760	-2.599922	-1.986177	-1.761515	0.074279	0.141756	0.171784	0.05104782227426767	3.9506172839506166e-05	0.1417563259601593
47880	-2.601559	-1.986039	-1.761539	0.074158	0.141794	0.171780	0.05104040913283825	3.9506172839506166e-05	0.1417931169271469
48000	-2.601279	-1.985804	-1.760538	0.074179	0.141844	0.171952	0.05102419760078192	3.9506172839506166e-05	0.1418425440788269
48120	-2.602847	-1.985387	-1.758376	0.074062	0.141924	0.172325	0.05098413527011871	3.9506172839506166e-05	0.14192290604114532
48240	-2.605963	-1.985143	-1.757202	0.073832	0.141988	0.172527	0.050962677039206025	2.6337448559670777e-05	0.1419873982667923
48360	-2.606179	-1.985052	-1.756458	0.073816	0.142013	0.172655	0.05095082297921181	2.6337448559670777e-05	0.14201317727565765
48480	-2.606416	-1.984611	-1.756805	0.073799	0.142091	0.172596	0.05091484170407057	3.9506172839506166e-05	0.14208973944187164
48600	-2.607563	-1.984428	-1.756678	0.073714	0.142128	0.172617	0.050899177230894564	1.7558299039780518e-05	0.14212742447853088
48720	-2.609003	-1.983930	-1.756726	0.073608	0.142214	0.172609	0.050861341319978236	3.9506172839506166e-05	0.14221176505088806
48840	-2.610252	-1.983414	-1.755167	0.073516	0.142297	0.172878	0.05080778542906046	3.9506172839506166e-05	0.14229586720466614
48960	-2.610451	-1.982872	-1.753536	0.073501	0.142388	0.173161	0.050758077390491964	3.9506172839506166e-05	0.14238761365413666
49080	-2.611617	-1.982635	-1.752032	0.073416	0.142430	0.173421	0.050734519958496094	3.9506172839506166e-05	0.14242997765541077
49200	-2.612578	-1.982476	-1.751992	0.073345	0.142476	0.173428	0.05071757864207029	2.6337448559670777e-05	0.14247623085975647
49320	-2.614832	-1.982408	-1.751835	0.073180	0.142504	0.173455	0.05071502067148685	3.9506172839506166e-05	0.14250294864177704
49440	-2.615989	-1.981909	-1.752133	0.073095	0.142584	0.173404	0.050675165466964246	2.6337448559670777e-05	0.1425829529762268
49560	-2.618256	-1.981420	-1.750566	0.072930	0.142678	0.173676	0.05062509924173355	2.6337448559670777e-05	0.14267855882644653
49680	-2.620373	-1.981244	-1.750071	0.072776	0.142722	0.173762	0.05061180666089058	3.9506172839506166e-05	0.14272131025791168
49800	-2.621051	-1.981100	-1.749840	0.072726	0.142756	0.173802	0.05059592220932245	3.9506172839506166e-05	0.14275546371936798
49920	-2.623092	-1.980840	-1.749259	0.072578	0.142807	0.173903	0.05057429801672697	3.9506172839506166e-05	0.14280666410923004
50040	-2.623594	-1.980872	-1.748569	0.072542	0.142811	0.174023	0.05057593751698732	3.9506172839506166e-05	0.14281006157398224
50160	-2.626002	-1.980754	-1.747195	0.072367	0.142848	0.174262	0.05056426301598549	3.9506172839506166e-05	0.1428474336862564
50280	-2.628150	-1.980820	-1.746829	0.072212	0.142855	0.174326	0.05056865904480219	2.6337448559670777e-05	0.1428554654121399
50400	-2.628412	-1.980536	-1.746977	0.072193	0.142907	0.174300	0.05054841786623001	3.9506172839506166e-05	0.1429067701101303
50520	-2.628893	-1.979972	-1.745095	0.072158	0.143015	0.174628	0.05049362126737833	3.9506172839506166e-05	0.14301472902297974
50640	-2.629928	-1.979634	-1.743911	0.072084	0.143073	0.174835	0.05047058295458555	3.9506172839506166e-05	0.1430717259645462
50760	-2.631619	-1.979281	-1.743254	0.071962	0.143138	0.174950	0.05043316055089235	3.9506172839506166e-05	0.14313755929470062
50880	-2.632844	-1.979211	-1.742127	0.071874	0.143172	0.175147	0.05042201541364193	2.6337448559670777e-05	0.14317212998867035
51000	-2.633442	-1.978972	-1.741532	0.071831	0.143226	0.175252	0.05040642526000738	3.9506172839506166e-05	0.1432255059480667
51120	-2.634725	-1.978458	-1.740844	0.071739	0.143325	0.175372	0.0503623615950346	3.9506172839506166e-05	0.14332425594329834
51240	-2.636577	-1.978033	-1.739696	0.071606	0.143406	0.175574	0.05032089855521917	3.9506172839506166e-05	0.14340566098690033
51360	-2.637229	-1.977746	-1.739291	0.071559	0.143463	0.175645	0.050293984822928905	3.9506172839506166e-05	0.14346303045749664
51480	-2.638613	-1.977599	-1.739117	0.071460	0.143501	0.175675	0.05028015710413456	3.9506172839506166e-05	0.14350047707557678
51600	-2.639640	-1.977546	-1.739248	0.071387	0.143522	0.175652	0.050278858281672	2.6337448559670777e-05	0.14352157711982727
51720	-2.640818	-1.977287	-1.738498	0.071303	0.143577	0.175784	0.05025800261646509	3.9506172839506166e-05	0.14357595145702362
51840	-2.641274	-1.977026	-1.737747	0.071270	0.143621	0.175916	0.05023169182240963	2.6337448559670777e-05	0.14362023770809174
51960	-2.642275	-1.977143	-1.737670	0.071199	0.143609	0.175930	0.05023850928992033	2.6337448559670777e-05	0.14360934495925903
52080	-2.643787	-1.976987	-1.738294	0.071092	0.143644	0.175820	0.05022270791232586	3.9506172839506166e-05	0.1436447948217392
52200	-2.644458	-1.976766	-1.738330	0.071044	0.143676	0.175814	0.05020709969103336	3.9506172839506166e-05	0.1436760574579239
52320	-2.646175	-1.976583	-1.738062	0.070922	0.143720	0.175861	0.0501906780526042	3.9506172839506166e-05	0.14371979236602783
52440	-2.647973	-1.976529	-1.738049	0.070795	0.143743	0.175863	0.05017672572284937	3.9506172839506166e-05	0.14374352991580963
52560	-2.649764	-1.976631	-1.738552	0.070668	0.143738	0.175775	0.05019468404352665	2.6337448559670777e-05	0.1437375843524933
52680	-2.650699	-1.976521	-1.739278	0.070602	0.143765	0.175647	0.05018277391791344	2.6337448559670777e-05	0.1437651813030243
52800	-2.652746	-1.976279	-1.738425	0.070457	0.143827	0.175797	0.05016011651605368	2.6337448559670777e-05	0.14382699131965637
52920	-2.653682	-1.975883	-1.736747	0.070392	0.143907	0.176092	0.05012758020311594	3.9506172839506166e-05	0.1439070999622345
53040	-2.654458	-1.975852	-1.736245	0.070337	0.143921	0.176181	0.05012505985796452	3.9506172839506166e-05	0.14392051100730896
53160	-2.656330	-1.975693	-1.735997	0.070205	0.143962	0.176224	0.050105460174381736	3.9506172839506166e-05	0.14396266639232635
53280	-2.658051	-1.975417	-1.735919	0.070085	0.144032	0.176238	0.05008747614920139	3.9506172839506166e-05	0.14403095841407776
53400	-2.658928	-1.975159	-1.736061	0.070023	0.144084	0.176213	0.0500590231269598	3.9506172839506166e-05	0.14408394694328308
53520	-2.659636	-1.975147	-1.735245	0.069974	0.144104	0.176357	0.050056261010468006	3.9506172839506166e-05	0.1441042125225067
53640	-2.661828	-1.975003	-1.734518	0.069820	0.144151	0.176485	0.050045302510261534	3.9506172839506166e-05	0.1441510021686554
53760	-2.662649	-1.974912	-1.734269	0.069763	0.144173	0.176529	0.05003986395895481	3.9506172839506166e-05	0.14417216181755066
53880	-2.664789	-1.974666	-1.733194	0.069614	0.144229	0.176719	0.050015322491526605	2.6337448559670777e-05	0.14422918856143951
54000	-2.666493	-1.974339	-1.731628	0.069496	0.144305	0.176996	0.04998990874737501	3.9506172839506166e-05	0.1443042755126953
54120	-2.667212	-1.973967	-1.730806	0.069446	0.144383	0.177142	0.04996267594397068	3.9506172839506166e-05	0.14438124001026154
54240	-2.667289	-1.973685	-1.729760	0.069440	0.144446	0.177327	0.04992822110652924	3.9506172839506166e-05	0.14444589614868164
54360	-2.667784	-1.973367	-1.729482	0.069406	0.144504	0.177376	0.049904866330325606	2.6337448559670777e-05	0.14450286328792572
54480	-2.668929	-1.973057	-1.728073	0.069326	0.144558	0.177626	0.04987466093152761	2.6337448559670777e-05	0.14455750584602356
54600	-2.669629	-1.972708	-1.726903	0.069278	0.144624	0.177834	0.049840567633509636	2.6337448559670777e-05	0.14462357759475708
54720	-2.671144	-1.972382	-1.725837	0.069173	0.144695	0.178024	0.04981392398476601	2.6337448559670777e-05	0.14469444751739502
54840	-2.671652	-1.972114	-1.725451	0.069138	0.144743	0.178093	0.04978635367006064	3.9506172839506166e-05	0.1447424739599228
54960	-2.673527	-1.972076	-1.725366	0.069008	0.144772	0.178108	0.04978258218616247	3.9506172839506166e-05	0.14477166533470154
55080	-2.673940	-1.971704	-1.725615	0.068980	0.144842	0.178063	0.049749853648245336	3.9506172839506166e-05	0.1448422074317932
55200	-2.673537	-1.971433	-1.724742	0.069008	0.144891	0.178219	0.04973099734634161	3.9506172839506166e-05	0.14488951861858368
55320	-2.675517	-1.971195	-1.725725	0.068871	0.144939	0.178044	0.04970609396696091	3.9506172839506166e-05	0.14493809640407562
55440	-2.676700	-1.970878	-1.723493	0.068790	0.145006	0.178442	0.04967687092721462	3.9506172839506166e-05	0.14500537514686584
55560	-2.677858	-1.970852	-1.723180	0.068710	0.145022	0.178498	0.04967064242810011	2.6337448559670777e-05	0.1450224667787552
55680	-2.678910	-1.970604	-1.722573	0.068638	0.145077	0.178606	0.04965211134403944	3.9506172839506166e-05	0.14507676661014557
55800	-2.679558	-1.970396	-1.721647	0.068593	0.145124	0.178771	0.049631759896874426	3.9506172839506166e-05	0.14512404799461365
55920	-2.680202	-1.970633	-1.723197	0.068549	0.145100	0.178495	0.04965175688266754	2.6337448559670777e-05	0.14510008692741394
56040	-2.682062	-1.970534	-1.722677	0.068422	0.145135	0.178587	0.04963833410292864	3.9506172839506166e-05	0.1451353281736374
56160	-2.683355	-1.970469	-1.722273	0.068334	0.145164	0.178660	0.0496409609913826	2.6337448559670777e-05	0.14516375958919525
56280	-2.685973	-1.970227	-1.721328	0.068155	0.145219	0.178828	0.049614878743886946	2.6337448559670777e-05	0.14521928131580353
56400	-2.687560	-1.969854	-1.720163	0.068047	0.145290	0.179037	0.04958235546946525	3.9506172839506166e-05	0.1452893316745758
56520	-2.689443	-1.969849	-1.719413	0.067919	0.145309	0.179171	0.04958560690283775	3.9506172839506166e-05	0.14530792832374573
56640	-2.691520	-1.969583	-1.719703	0.067778	0.145376	0.179119	0.049557199142873286	2.6337448559670777e-05	0.1453753113746643
56760	-2.691679	-1.969376	-1.719439	0.067767	0.145421	0.179167	0.04954076521098614	3.9506172839506166e-05	0.14542122185230255
56880	-2.692355	-1.968856	-1.717961	0.067721	0.145510	0.179432	0.04949535690248012	3.9506172839506166e-05	0.14551027119159698
57000	-2.692197	-1.968339	-1.716532	0.067732	0.145598	0.179688	0.04944905657321215	2.6337448559670777e-05	0.1455981433391571
57120	-2.695084	-1.968110	-1.717137	0.067537	0.145648	0.179579	0.04942016880959273	3.9506172839506166e-05	0.1456485539674759
57240	-2.696765	-1.967860	-1.716644	0.067423	0.145703	0.179668	0.04940897934138775	3.9506172839506166e-05	0.14570128917694092
57360	-2.698163	-1.967530	-1.716804	0.067329	0.145774	0.179639	0.049375600554049014	2.6337448559670777e-05	0.14577390253543854
57480	-2.700873	-1.967517	-1.715806	0.067147	0.145794	0.179819	0.049374145641922954	3.9506172839506166e-05	0.14579352736473083
57600	-2.703257	-1.967469	-1.716675	0.066987	0.145826	0.179663	0.049367879331111905	2.6337448559670777e-05	0.14582541584968567
57720	-2.704506	-1.967009	-1.715204	0.066903	0.145922	0.179927	0.049329225346446036	2.6337448559670777e-05	0.14592109620571136
57840	-2.706335	-1.966995	-1.714598	0.066781	0.145941	0.180036	0.04932765271514654	2.6337448559670777e-05	0.14594070613384247
57960	-2.708704	-1.966667	-1.714152	0.066623	0.146017	0.180116	0.049297097325325015	2.6337448559670777e-05	0.14601711928844452
58080	-2.710633	-1.966469	-1.714699	0.066495	0.146056	0.180018	0.049280233308672906	1.7558299039780518e-05	0.14605526626110077
58200	-2.711741	-1.966204	-1.714521	0.066421	0.146109	0.180050	0.049257379956543446	1.7558299039780518e-05	0.1461086869239807
58320	-2.713110	-1.965977	-1.713721	0.066330	0.146158	0.180194	0.049237029254436494	3.9506172839506166e-05	0.14615711569786072
58440	-2.713636	-1.965636	-1.714172	0.066295	0.146229	0.180113	0.04919639397412538	3.9506172839506166e-05	0.14622949063777924
58560	-2.715203	-1.965660	-1.713638	0.066192	0.146239	0.180209	0.04920282829552889	3.9506172839506166e-05	0.14623935520648956
58680	-2.716431	-1.965636	-1.712835	0.066110	0.146253	0.180354	0.04920213352888823	2.6337448559670777e-05	0.14625293016433716
58800	-2.717978	-1.965559	-1.712796	0.066008	0.146270	0.180361	0.04920163135975599	2.6337448559670777e-05	0.14626887440681458
58920	-2.720402	-1.965618	-1.713093	0.065848	0.146284	0.180307	0.04920016620308161	2.6337448559670777e-05	0.14628386497497559
59040	-2.721356	-1.965324	-1.711697	0.065786	0.146349	0.180559	0.04917955789715052	2.6337448559670777e-05	0.14634759724140167
59160	-2.723234	-1.965151	-1.710620	0.065662	0.146389	0.180754	0.049156412854790686	3.9506172839506166e-05	0.146389439702034
59280	-2.725064	-1.965381	-1.710770	0.065542	0.146374	0.180727	0.04918149523437023	3.9506172839506166e-05	0.14637309312820435
59400	-2.727906	-1.965369	-1.709758	0.065356	0.146406	0.180910	0.049178574606776236	3.9506172839506166e-05	0.14640572667121887
59520	-2.728847	-1.965109	-1.708917	0.065295	0.146458	0.181062	0.04915548898279667	3.9506172839506166e-05	0.14645759761333466
59640	-2.730356	-1.965182	-1.708295	0.065196	0.146462	0.181174	0.04916173815727234	3.9506172839506166e-05	0.1464615911245346
59760	-2.731020	-1.964881	-1.708838	0.065153	0.146519	0.181076	0.04913459084928036	2.6337448559670777e-05	0.14651896059513092
59880	-2.731406	-1.964476	-1.708349	0.065128	0.146602	0.181165	0.04910305999219418	3.9506172839506166e-05	0.14660091698169708
60000	-2.731461	-1.963955	-1.707791	0.065124	0.146689	0.181266	0.04905327409505844	3.9506172839506166e-05	0.14668843150138855
60120	-2.730841	-1.963783	-1.707420	0.065164	0.146727	0.181333	0.049039733968675135	1.7558299039780518e-05	0.1467268019914627
60240	-2.732498	-1.963554	-1.706714	0.065057	0.146781	0.181461	0.04901886526495218	3.9506172839506166e-05	0.14678092300891876
60360	-2.733637	-1.963135	-1.705463	0.064983	0.146857	0.181688	0.048979596234858036	3.9506172839506166e-05	0.14685675501823425
60480	-2.734483	-1.962689	-1.702945	0.064928	0.146945	0.182146	0.0489396084100008	3.9506172839506166e-05	0.14694474637508392
60600	-2.736522	-1.962777	-1.702394	0.064795	0.146961	0.182247	0.04894199501723051	3.9506172839506166e-05	0.14696143567562103
60720	-2.737187	-1.962716	-1.702189	0.064752	0.146986	0.182284	0.04894040729850531	2.6337448559670777e-05	0.14698593318462372
60840	-2.737048	-1.962571	-1.701962	0.064761	0.147019	0.182325	0.04892809223383665	2.6337448559670777e-05	0.1470184177160263
60960	-2.737463	-1.962237	-1.702767	0.064734	0.147068	0.182179	0.048900901898741723	3.9506172839506166e-05	0.14706742763519287
61080	-2.737816	-1.961747	-1.702513	0.064712	0.147158	0.182225	0.04885627310723066	3.9506172839506166e-05	0.14715676009655
61200	-2.738951	-1.961583	-1.701201	0.064638	0.147205	0.182464	0.048838989622890946	2.6337448559670777e-05	0.14720430970191956
61320	-2.739518	-1.961359	-1.700410	0.064601	0.147265	0.182609	0.04882045183330774	3.9506172839506166e-05	0.14726391434669495
61440	-2.740641	-1.961022	-1.699212	0.064529	0.147336	0.182828	0.04879771638661623	2.6337448559670777e-05	0.14733456075191498
61560	-2.743078	-1.960954	-1.698741	0.064372	0.147369	0.182914	0.04878536835312843	3.9506172839506166e-05	0.14736858010292053
61680	-2.744798	-1.960932	-1.699370	0.064261	0.147389	0.182799	0.04878175370395184	3.9506172839506166e-05	0.14738893508911133
61800	-2.747280	-1.960888	-1.698880	0.064102	0.147414	0.182888	0.04877901021391153	3.9506172839506166e-05	0.14741337299346924
61920	-2.747668	-1.961094	-1.698812	0.064077	0.147393	0.182901	0.04878945965319872	3.9506172839506166e-05	0.14739398658275604
62040	-2.748394	-1.960827	-1.698037	0.064031	0.147448	0.183042	0.048772602900862695	2.6337448559670777e-05	0.14744757115840912
62160	-2.750541	-1.960656	-1.698909	0.063893	0.147496	0.182883	0.04875361379235983	3.9506172839506166e-05	0.1474960446357727
62280	-2.751276	-1.960509	-1.698381	0.063846	0.147536	0.182979	0.048744679056108	1.7558299039780518e-05	0.14753590524196625
62400	-2.752664	-1.960681	-1.698814	0.063758	0.147529	0.182900	0.04875880554318428	3.9506172839506166e-05	0.14752881228923798
62520	-2.754401	-1.960604	-1.699116	0.063647	0.147552	0.182845	0.0487524988129735	3.9506172839506166e-05	0.14755119383335114
62640	-2.755893	-1.960373	-1.697861	0.063552	0.147604	0.183075	0.04872903283685446	2.6337448559670777e-05	0.14760394394397736
62760	-2.758129	-1.960156	-1.696953	0.063410	0.147665	0.183241	0.04870618470013142	3.9506172839506166e-05	0.1476658284664154
62880	-2.758695	-1.959846	-1.697800	0.063374	0.147725	0.183086	0.048687790520489216	3.9506172839506166e-05	0.14772453904151917
63000	-2.760496	-1.959515	-1.696997	0.063260	0.147799	0.183233	0.04865659847855568	2.6337448559670777e-05	0.1477983146905899
63120	-2.761659	-1.959369	-1.696798	0.063187	0.147847	0.183269	0.04864326249808073	3.9506172839506166e-05	0.14784575998783112
63240	-2.762089	-1.958981	-1.695504	0.063160	0.147919	0.183507	0.04860751256346703	2.6337448559670777e-05	0.14791828393936157
63360	-2.762499	-1.958581	-1.694794	0.063134	0.147999	0.183637	0.04856945425271988	3.9506172839506166e-05	0.14799898862838745
63480	-2.762843	-1.958691	-1.694628	0.063112	0.147989	0.183668	0.04857892822474241	1.7558299039780518e-05	0.14798839390277863
63600	-2.763935	-1.958609	-1.693841	0.063043	0.148018	0.183812	0.04857613202184439	3.9506172839506166e-05	0.14801667630672455
63720	-2.764325	-1.958311	-1.691831	0.063019	0.148090	0.184182	0.04854824524372816	3.9506172839506166e-05	0.14808936417102814
63840	-2.764450	-1.957564	-1.690322	0.063011	0.148215	0.184460	0.048484518006443975	2.6337448559670777e-05	0.14821331202983856
63960	-2.765384	-1.957250	-1.690626	0.062952	0.148279	0.184404	0.04844702314585447	3.9506172839506166e-05	0.14827881753444672
64080	-2.765878	-1.957155	-1.689528	0.062921	0.148303	0.184607	0.04844028148800135	3.9506172839506166e-05	0.14830276370048523
64200	-2.765238	-1.956985	-1.689647	0.062961	0.148343	0.184585	0.04842412322759628	3.9506172839506166e-05	0.14834335446357727
64320	-2.765635	-1.956723	-1.690169	0.062936	0.148397	0.184488	0.048405098356306554	3.9506172839506166e-05	0.148396298289299
64440	-2.766888	-1.956327	-1.689424	0.062857	0.148476	0.184626	0.048368905857205394	2.6337448559670777e-05	0.14847536385059357
64560	-2.767454	-1.956054	-1.689389	0.062822	0.148537	0.184632	0.048344092816114424	3.9506172839506166e-05	0.1485358327627182
64680	-2.769025	-1.955740	-1.689139	0.062723	0.148602	0.184678	0.048313211835920813	3.9506172839506166e-05	0.14860178530216217
64800	-2.769766	-1.955645	-1.689754	0.062677	0.148640	0.184565	0.0483022827655077	3.9506172839506166e-05	0.14864042401313782
64920	-2.769695	-1.955402	-1.690295	0.062681	0.148680	0.184465	0.048282979615032674	3.9506172839506166e-05	0.14868003129959106
65040	-2.769620	-1.955060	-1.690392	0.062686	0.148744	0.184447	0.04825223684310913	2.6337448559670777e-05	0.14874431490898132
65160	-2.770318	-1.954748	-1.689673	0.062642	0.148804	0.184580	0.048223506473004815	3.9506172839506166e-05	0.1488035023212433
65280	-2.772079	-1.954888	-1.690257	0.062532	0.148800	0.184472	0.04823933318257332	2.6337448559670777e-05	0.1487996131181717
65400	-2.771083	-1.954673	-1.688745	0.062594	0.148847	0.184751	0.048216105252504346	3.9506172839506166e-05	0.1488468199968338
65520	-2.772206	-1.954409	-1.688149	0.062524	0.148906	0.184861	0.04819553401321173	1.7558299039780518e-05	0.14890561997890472
65640	-2.773154	-1.954385	-1.688901	0.062465	0.148928	0.184722	0.04819035064429045	3.9506172839506166e-05	0.1489284187555313
65760	-2.774257	-1.954064	-1.688745	0.062396	0.148989	0.184751	0.048171473853290084	2.6337448559670777e-05	0.14898736774921417
65880	-2.775980	-1.953688	-1.688346	0.062288	0.149067	0.184825	0.04813592191785574	3.9506172839506166e-05	0.1490660458803177
66000	-2.776766	-1.953479	-1.687927	0.062239	0.149109	0.184902	0.04811389055103064	3.9506172839506166e-05	0.14910796284675598
66120	-2.778358	-1.953413	-1.686740	0.062140	0.149140	0.185122	0.04810656290501356	3.9506172839506166e-05	0.14913946390151978
66240	-2.780396	-1.953289	-1.686524	0.062014	0.149184	0.185162	0.04809096232056618	2.6337448559670777e-05	0.14918404817581177
66360	-2.781121	-1.953007	-1.686310	0.061969	0.149252	0.185202	0.04806828666478395	1.7558299039780518e-05	0.14925138652324677
66480	-2.782037	-1.952597	-1.686202	0.061912	0.149329	0.185222	0.04803355075418949	3.9506172839506166e-05	0.1493278443813324
66600	-2.783666	-1.952420	-1.686262	0.061811	0.149382	0.185211	0.048023353517055514	3.9506172839506166e-05	0.14938029646873474
66720	-2.785505	-1.952288	-1.685848	0.061698	0.149426	0.185287	0.04800074268132448	3.9506172839506166e-05	0.14942529797554016
66840	-2.786780	-1.951791	-1.684045	0.061619	0.149519	0.185622	0.04795552343130112	3.9506172839506166e-05	0.14951860904693604
66960	-2.786761	-1.951364	-1.683590	0.061621	0.149596	0.185706	0.047923494130373	3.9506172839506166e-05	0.1495952606201172
67080	-2.786994	-1.951175	-1.682443	0.061606	0.149645	0.185919	0.04790162295103073	2.6337448559670777e-05	0.14964506030082703
67200	-2.788421	-1.950885	-1.680625	0.061518	0.149711	0.186258	0.04787733629345894	2.6337448559670777e-05	0.14971129596233368
67320	-2.788933	-1.950470	-1.679531	0.061487	0.149787	0.186461	0.04784175511449575	3.9506172839506166e-05	0.14978599548339844
67440	-2.791090	-1.949996	-1.679215	0.061354	0.149882	0.186520	0.04779755491763353	3.9506172839506166e-05	0.1498819887638092
67560	-2.791135	-1.949714	-1.678505	0.061352	0.149940	0.186653	0.04776842761784792	3.9506172839506166e-05	0.14993983507156372
67680	-2.791790	-1.949348	-1.677391	0.061311	0.150015	0.186861	0.047739273868501186	3.9506172839506166e-05	0.15001408755779266
67800	-2.792904	-1.949128	-1.677025	0.061243	0.150069	0.186929	0.04772092178463936	3.9506172839506166e-05	0.15006843209266663
67920	-2.793851	-1.948772	-1.676479	0.061185	0.150133	0.187031	0.04768765587359667	2.6337448559670777e-05	0.15013179183006287
68040	-2.794808	-1.948573	-1.675433	0.061127	0.150185	0.187227	0.04767201784998178	2.6337448559670777e-05	0.15018434822559357
68160	-2.796057	-1.948335	-1.674794	0.061050	0.150242	0.187347	0.04764812681823969	3.9506172839506166e-05	0.1502414345741272
68280	-2.796398	-1.948090	-1.674533	0.061030	0.150286	0.187396	0.047624215669929984	2.6337448559670777e-05	0.15028603374958038
68400	-2.796785	-1.948133	-1.674073	0.061006	0.150298	0.187482	0.047624928690493104	1.7558299039780518e-05	0.15029819309711456
68520	-2.798419	-1.947963	-1.672766	0.060906	0.150341	0.187727	0.047610418498516084	3.9506172839506166e-05	0.15034149587154388
68640	-2.799628	-1.947997	-1.671565	0.060833	0.150363	0.187953	0.0476117666810751	3.9506172839506166e-05	0.15036383271217346
68760	-2.800427	-1.947753	-1.670893	0.060784	0.150414	0.188079	0.0475969459861517	3.9506172839506166e-05	0.15041346848011017
68880	-2.801348	-1.947402	-1.670813	0.060728	0.150485	0.188094	0.04756145924329758	2.6337448559670777e-05	0.15048512816429138
69000	-2.802649	-1.947302	-1.671022	0.060649	0.150526	0.188055	0.047553745843470094	2.6337448559670777e-05	0.1505253165960312
69120	-2.803780	-1.947199	-1.669827	0.060581	0.150548	0.188280	0.04754321277141571	3.9506172839506166e-05	0.15054787695407867
69240	-2.804694	-1.946993	-1.668398	0.060525	0.150602	0.188549	0.04752804934978485	1.7558299039780518e-05	0.15060186386108398
69360	-2.806391	-1.946903	-1.667652	0.060423	0.150633	0.188690	0.04752254001796245	2.6337448559670777e-05	0.15063267946243286
69480	-2.806801	-1.946650	-1.668353	0.060398	0.150683	0.188557	0.04749535582959652	2.6337448559670777e-05	0.15068329870700836
69600	-2.807109	-1.946528	-1.668277	0.060379	0.150702	0.188572	0.04748467560857535	2.6337448559670777e-05	0.1507013887166977
69720	-2.807812	-1.945977	-1.667413	0.060337	0.150793	0.188735	0.04743968192487955	3.9506172839506166e-05	0.15079176425933838
69840	-2.809041	-1.945611	-1.666551	0.060263	0.150857	0.188898	0.047402653843164444	3.9506172839506166e-05	0.150857076048851
69960	-2.810280	-1.945218	-1.665375	0.060188	0.150951	0.189120	0.047365105152130126	3.9506172839506166e-05	0.15095090866088867
70080	-2.810833	-1.945222	-1.665923	0.060155	0.150959	0.189016	0.04736728500574827	3.9506172839506166e-05	0.1509588062763214
70200	-2.811937	-1.945243	-1.666021	0.060089	0.150964	0.188998	0.04737153109163046	1.7558299039780518e-05	0.1509637087583542
70320	-2.812713	-1.944866	-1.665194	0.060042	0.151034	0.189154	0.04733037892729044	2.6337448559670777e-05	0.15103502571582794
70440	-2.814137	-1.944493	-1.665004	0.059956	0.151114	0.189190	0.047305746003985405	2.6337448559670777e-05	0.15111315250396729
70560	-2.815587	-1.944234	-1.664683	0.059870	0.151169	0.189251	0.047280816920101644	3.9506172839506166e-05	0.1511680781841278
70680	-2.816624	-1.943836	-1.663562	0.059807	0.151257	0.189463	0.04724472053349018	3.9506172839506166e-05	0.15125659108161926
70800	-2.816470	-1.943791	-1.662922	0.059817	0.151283	0.189584	0.04723795596510172	3.9506172839506166e-05	0.1512829065322876
70920	-2.816403	-1.943246	-1.661221	0.059821	0.151385	0.189907	0.047193876653909686	3.9506172839506166e-05	0.15138332545757294
71040	-2.817033	-1.943141	-1.660782	0.059783	0.151407	0.189990	0.04717325046658516	2.6337448559670777e-05	0.1514076441526413
71160	-2.816404	-1.942895	-1.661674	0.059821	0.151446	0.189821	0.04716043192893267	3.9506172839506166e-05	0.15144570171833038
71280	-2.817566	-1.942811	-1.662304	0.059751	0.151472	0.189701	0.04715063758194447	3.9506172839506166e-05	0.15147173404693604
71400	-2.817636	-1.942758	-1.661244	0.059747	0.151484	0.189903	0.047148296050727366	2.6337448559670777e-05	0.15148335695266724
71520	-2.818223	-1.942445	-1.661424	0.059712	0.151546	0.189868	0.047119029052555564	3.9506172839506166e-05	0.15154562890529633
71640	-2.819326	-1.942171	-1.661031	0.059646	0.151610	0.189943	0.04709130935370922	2.6337448559670777e-05	0.1516095995903015
71760	-2.820663	-1.941774	-1.660276	0.059566	0.151688	0.190087	0.047060396149754526	2.6337448559670777e-05	0.1516871303319931
71880	-2.822713	-1.941631	-1.659423	0.059444	0.151744	0.190249	0.047041512094438076	2.6337448559670777e-05	0.15174385905265808
72000	-2.822526	-1.941362	-1.658307	0.059456	0.151794	0.190461	0.047021655924618246	3.9506172839506166e-05	0.15179327130317688
72120	-2.823167	-1.941277	-1.657430	0.059417	0.151819	0.190628	0.047012786753475665	3.9506172839506166e-05	0.1518181413412094
72240	-2.824046	-1.940934	-1.657624	0.059365	0.151885	0.190591	0.046979671157896516	2.6337448559670777e-05	0.15188513696193695
72360	-2.825126	-1.940678	-1.656744	0.059301	0.151940	0.190759	0.046963163651525974	3.9506172839506166e-05	0.1519383043050766
72480	-2.826522	-1.940168	-1.654917	0.059218	0.152031	0.191108	0.04691242929548025	3.9506172839506166e-05	0.15203076601028442
72600	-2.827553	-1.940418	-1.654357	0.059157	0.152017	0.191215	0.046934538334608075	2.6337448559670777e-05	0.15201666951179504
72720	-2.826185	-1.940088	-1.653830	0.059238	0.152067	0.191316	0.04690415170043707	3.9506172839506166e-05	0.1520664095878601
72840	-2.825521	-1.939832	-1.653085	0.059278	0.152115	0.191458	0.04688264485448599	3.9506172839506166e-05	0.1521151214838028
72960	-2.825910	-1.939505	-1.652937	0.059255	0.152181	0.191487	0.04685288202017546	3.9506172839506166e-05	0.15218038856983185
73080	-2.826811	-1.939545	-1.652984	0.059201	0.152188	0.191478	0.0468522273004055	2.6337448559670777e-05	0.1521882265806198
73200	-2.827541	-1.939270	-1.652582	0.059158	0.152244	0.191555	0.04682939723134041	3.9506172839506166e-05	0.15224389731884003
73320	-2.828438	-1.939106	-1.651765	0.059105	0.152294	0.191711	0.04682114422321319	3.9506172839506166e-05	0.15229225158691406
73440	-2.829208	-1.938596	-1.651150	0.059060	0.152397	0.191829	0.0467732597142458	3.9506172839506166e-05	0.15239599347114563
73560	-2.830155	-1.938407	-1.651017	0.059004	0.152445	0.191855	0.046759647130966184	2.6337448559670777e-05	0.15244337916374207
73680	-2.830778	-1.938057	-1.650165	0.058967	0.152519	0.192018	0.04672359842807054	2.6337448559670777e-05	0.152518168091774
73800	-2.832049	-1.937835	-1.649231	0.058892	0.152587	0.192198	0.04670296367257833	3.9506172839506166e-05	0.15258657932281494
73920	-2.831697	-1.937424	-1.648140	0.058913	0.152675	0.192407	0.0466684989631176	3.9506172839506166e-05	0.15267354249954224
74040	-2.832137	-1.937233	-1.647932	0.058887	0.152735	0.192448	0.04664882272481918	3.9506172839506166e-05	0.15273486077785492
74160	-2.833763	-1.937016	-1.648216	0.058791	0.152804	0.192393	0.04662959035485983	3.9506172839506166e-05	0.15280352532863617
74280	-2.833987	-1.936897	-1.648532	0.058778	0.152833	0.192332	0.04661657027900219	2.6337448559670777e-05	0.15283316373825073
74400	-2.833531	-1.936801	-1.648158	0.058805	0.152847	0.192404	0.046607314981520175	3.9506172839506166e-05	0.15284715592861176
74520	-2.835117	-1.936462	-1.646792	0.058712	0.152940	0.192667	0.04658614322543144	3.9506172839506166e-05	0.1529380828142166
74640	-2.835336	-1.936095	-1.645895	0.058699	0.153010	0.192840	0.04654908962547779	3.9506172839506166e-05	0.15300923585891724
74760	-2.836222	-1.936044	-1.644952	0.058647	0.153041	0.193022	0.046541142463684085	3.9506172839506166e-05	0.15304039418697357
74880	-2.837111	-1.935853	-1.646649	0.058595	0.153084	0.192694	0.046525406464934346	2.6337448559670777e-05	0.15308302640914917
75000	-2.838770	-1.935758	-1.645792	0.058498	0.153128	0.192860	0.04651387799531222	2.6337448559670777e-05	0.15312832593917847
75120	-2.839391	-1.935597	-1.644900	0.058461	0.153174	0.193032	0.046500980667769906	2.6337448559670777e-05	0.15317344665527344
75240	-2.839793	-1.935546	-1.644126	0.058438	0.153186	0.193181	0.04649962931871414	2.6337448559670777e-05	0.15318509936332703
75360	-2.839325	-1.935409	-1.644013	0.058465	0.153213	0.193203	0.0464834900572896	3.9506172839506166e-05	0.1532125324010849
75480	-2.841000	-1.935219	-1.643025	0.058367	0.153279	0.193394	0.04646947309374809	3.9506172839506166e-05	0.153278186917305
75600	-2.840999	-1.935404	-1.643152	0.058367	0.153265	0.193370	0.04647825416177511	2.6337448559670777e-05	0.1532658487558365
75720	-2.841646	-1.935019	-1.642362	0.058330	0.153339	0.193522	0.046444553323090075	3.9506172839506166e-05	0.15333905816078186
75840	-2.842352	-1.934726	-1.642035	0.058288	0.153412	0.193586	0.04642651453614235	3.9506172839506166e-05	0.15341106057167053
75960	-2.842564	-1.934777	-1.641056	0.058276	0.153416	0.193775	0.04642835576087236	2.6337448559670777e-05	0.15341539680957794
76080	-2.842670	-1.934857	-1.639988	0.058270	0.153411	0.193982	0.046429478004574774	3.9506172839506166e-05	0.153411403298378
76200	-2.841823	-1.934643	-1.639361	0.058319	0.153460	0.194104	0.04641264956444502	3.9506172839506166e-05	0.15345986187458038
76320	-2.841767	-1.934447	-1.639374	0.058323	0.153511	0.194101	0.04639925230294466	3.9506172839506166e-05	0.15351009368896484
76440	-2.841815	-1.934227	-1.638416	0.058320	0.153558	0.194287	0.04637841023504734	2.6337448559670777e-05	0.15355713665485382
76560	-2.841997	-1.934192	-1.637270	0.058309	0.153585	0.194510	0.04636925328522921	3.9506172839506166e-05	0.15358538925647736
76680	-2.842196	-1.933768	-1.636393	0.058297	0.153660	0.194681	0.04633618742227554	3.9506172839506166e-05	0.15366001427173615
76800	-2.842710	-1.933450	-1.635298	0.058268	0.153732	0.194894	0.04631006997078657	2.6337448559670777e-05	0.1537315547466278
76920	-2.842215	-1.933252	-1.634209	0.058296	0.153772	0.195107	0.04628692753612995	2.6337448559670777e-05	0.15377235412597656
77040	-2.842493	-1.933157	-1.633622	0.058280	0.153808	0.195221	0.04627623874694109	3.9506172839506166e-05	0.15380887687206268
77160	-2.843903	-1.933011	-1.633889	0.058198	0.153850	0.195169	0.046270723640918734	3.9506172839506166e-05	0.153848797082901
77280	-2.844620	-1.932980	-1.634782	0.058156	0.153876	0.194995	0.04626560676842928	3.9506172839506166e-05	0.15387581288814545
77400	-2.845008	-1.932900	-1.634004	0.058134	0.153908	0.195147	0.046255347318947315	3.9506172839506166e-05	0.15390826761722565
77520	-2.844868	-1.932666	-1.633447	0.058142	0.153968	0.195255	0.04623913336545229	2.6337448559670777e-05	0.1539669781923294
77640	-2.845120	-1.932450	-1.632029	0.058127	0.154020	0.195532	0.046219663508236405	2.6337448559670777e-05	0.1540195345878601
77760	-2.845233	-1.932090	-1.631056	0.058121	0.154100	0.195723	0.04618785604834556	3.9506172839506166e-05	0.15409882366657257
77880	-2.845643	-1.931958	-1.630994	0.058097	0.154154	0.195735	0.046172079630196095	3.9506172839506166e-05	0.1541539430618286
78000	-2.846132	-1.932138	-1.630279	0.058069	0.154150	0.195875	0.046186274662613866	3.9506172839506166e-05	0.1541503518819809
78120	-2.847034	-1.931959	-1.630584	0.058016	0.154187	0.195815	0.04617512077093124	3.9506172839506166e-05	0.1541861593723297
78240	-2.846202	-1.932025	-1.629540	0.058064	0.154187	0.196020	0.04617707282304764	3.9506172839506166e-05	0.15418635308742523
78360	-2.847278	-1.931737	-1.629281	0.058002	0.154257	0.196070	0.0461526894941926	3.9506172839506166e-05	0.15425708889961243
78480	-2.848263	-1.931564	-1.629367	0.057945	0.154320	0.196054	0.04613858591765165	3.9506172839506166e-05	0.15431928634643555
78600	-2.849093	-1.931064	-1.628267	0.057897	0.154427	0.196269	0.04609690960496664	3.9506172839506166e-05	0.15442568063735962
78720	-2.849931	-1.930920	-1.628152	0.057848	0.154459	0.196292	0.046079859510064124	2.6337448559670777e-05	0.15445874631404877
78840	-2.851287	-1.930773	-1.627857	0.057770	0.154501	0.196350	0.046064949966967104	2.6337448559670777e-05	0.1545015424489975
78960	-2.852020	-1.930422	-1.625700	0.057728	0.154587	0.196774	0.04603520650416613	3.9506172839506166e-05	0.15458695590496063
79080	-2.853248	-1.930527	-1.624763	0.057657	0.154601	0.196958	0.046038674749433996	3.9506172839506166e-05	0.1546008139848709
79200	-2.853066	-1.930199	-1.623923	0.057667	0.154668	0.197124	0.046014271676540375	3.9506172839506166e-05	0.15466740727424622
79320	-2.854534	-1.930000	-1.623158	0.057583	0.154726	0.197275	0.0459973743185401	2.6337448559670777e-05	0.15472611784934998
79440	-2.854893	-1.929740	-1.622002	0.057562	0.154789	0.197503	0.04597923737019301	3.9506172839506166e-05	0.15478727221488953
79560	-2.854746	-1.929665	-1.621818	0.057570	0.154820	0.197539	0.04596871100366116	2.6337448559670777e-05	0.15481941401958466
79680	-2.854910	-1.929465	-1.621593	0.057561	0.154857	0.197584	0.045944998040795326	3.9506172839506166e-05	0.1548576056957245
79800	-2.854809	-1.929293	-1.620188	0.057567	0.154907	0.197862	0.04593630712479353	3.9506172839506166e-05	0.1549057811498642
79920	-2.854923	-1.929126	-1.619380	0.057560	0.154950	0.198021	0.0459190372377634	2.6337448559670777e-05	0.1549495905637741
80040	-2.856110	-1.928925	-1.619055	0.057492	0.155002	0.198086	0.045903781056404115	3.9506172839506166e-05	0.15500089526176453
80160	-2.856888	-1.928636	-1.619939	0.057447	0.155068	0.197911	0.045874027721583846	2.6337448559670777e-05	0.1550673246383667
80280	-2.857494	-1.928355	-1.619437	0.057412	0.155137	0.198010	0.045847371220588684	3.9506172839506166e-05	0.1551370918750763
80400	-2.858212	-1.928573	-1.619874	0.057371	0.155119	0.197924	0.04586409777402878	3.9506172839506166e-05	0.15511904656887054
80520	-2.858503	-1.928488	-1.618944	0.057355	0.155161	0.198108	0.04586127456277609	3.9506172839506166e-05	0.15516003966331482
80640	-2.858167	-1.928588	-1.618488	0.057374	0.155169	0.198198	0.04587123040109873	2.6337448559670777e-05	0.15516814589500427
80760	-2.858075	-1.928504	-1.619071	0.057379	0.155200	0.198083	0.04585982505232096	3.9506172839506166e-05	0.15520025789737701
80880	-2.858121	-1.928547	-1.617803	0.057376	0.155216	0.198334	0.04586475286632776	3.9506172839506166e-05	0.15521565079689026
81000	-2.859231	-1.928605	-1.616584	0.057313	0.155231	0.198576	0.04587020929902792	2.6337448559670777e-05	0.15523041784763336
81120	-2.860716	-1.928372	-1.616367	0.057228	0.155290	0.198619	0.04585615321993828	3.9506172839506166e-05	0.15528792142868042
81240	-2.862386	-1.928528	-1.616050	0.057132	0.155293	0.198682	0.04586030561476946	2.6337448559670777e-05	0.1552937775850296
81360	-2.862601	-1.928644	-1.615852	0.057120	0.155298	0.198721	0.04587694499641657	3.9506172839506166e-05	0.15529711544513702
81480	-2.864207	-1.928551	-1.615954	0.057028	0.155344	0.198701	0.04587083607912064	3.9506172839506166e-05	0.15534232556819916
81600	-2.864822	-1.928192	-1.614983	0.056993	0.155418	0.198894	0.04583431836217642	3.9506172839506166e-05	0.15541762113571167
81720	-2.865704	-1.928277	-1.614037	0.056943	0.155426	0.199082	0.045838948152959344	2.6337448559670777e-05	0.1554255336523056
81840	-2.865772	-1.928079	-1.613146	0.056939	0.155471	0.199260	0.045823071524500845	3.9506172839506166e-05	0.15547113120555878
81960	-2.866873	-1.928061	-1.612911	0.056877	0.155504	0.199306	0.04582146182656288	3.9506172839506166e-05	0.15550382435321808
82080	-2.866442	-1.927879	-1.612124	0.056901	0.155542	0.199463	0.04580884054303169	3.9506172839506166e-05	0.15554097294807434
82200	-2.866123	-1.927835	-1.612168	0.056919	0.155568	0.199455	0.045802817307412626	3.9506172839506166e-05	0.15556688606739044
82320	-2.867204	-1.927611	-1.611328	0.056858	0.155636	0.199622	0.04577997867017984	3.9506172839506166e-05	0.15563586354255676
82440	-2.869081	-1.927462	-1.610248	0.056751	0.155685	0.199838	0.045767143554985526	3.9506172839506166e-05	0.15568506717681885
82560	-2.869082	-1.927340	-1.608938	0.056751	0.155718	0.200100	0.045757561549544336	2.6337448559670777e-05	0.15571753680706024
82680	-2.868411	-1.927019	-1.606501	0.056789	0.155774	0.200588	0.045731656812131406	2.6337448559670777e-05	0.15577375888824463
82800	-2.869270	-1.926782	-1.606447	0.056740	0.155835	0.200599	0.045707689598202705	3.9506172839506166e-05	0.15583457052707672
82920	-2.869655	-1.926469	-1.605975	0.056718	0.155911	0.200694	0.04567751064896584	3.9506172839506166e-05	0.15591098368167877
83040	-2.869645	-1.926335	-1.605166	0.056719	0.155954	0.200856	0.04566768035292625	3.9506172839506166e-05	0.15595385432243347
83160	-2.870164	-1.925764	-1.603486	0.056690	0.156072	0.201194	0.04562548641115427	3.9506172839506166e-05	0.1560692936182022
83280	-2.870297	-1.925182	-1.602460	0.056682	0.156191	0.201400	0.04556598421186209	3.9506172839506166e-05	0.156189426779747
83400	-2.871186	-1.924988	-1.601165	0.056632	0.156261	0.201661	0.04554446320980787	3.9506172839506166e-05	0.15626098215579987
83520	-2.871480	-1.924737	-1.599457	0.056615	0.156323	0.202006	0.04552075173705816	3.9506172839506166e-05	0.15632258355617523
83640	-2.872188	-1.924431	-1.600274	0.056575	0.156397	0.201841	0.0454964866861701	3.9506172839506166e-05	0.15639594197273254
83760	-2.873053	-1.924105	-1.599974	0.056526	0.156474	0.201902	0.04546882193535566	2.6337448559670777e-05	0.1564730405807495
83880	-2.874568	-1.923852	-1.599154	0.056441	0.156541	0.202067	0.04544680677354336	2.6337448559670777e-05	0.15654020011425018
84000	-2.874387	-1.923299	-1.598434	0.056451	0.156649	0.202213	0.0453976659104228	2.6337448559670777e-05	0.15664775669574738
84120	-2.875516	-1.923445	-1.597779	0.056387	0.156644	0.202345	0.04540485367178917	2.6337448559670777e-05	0.15664373338222504
84240	-2.875913	-1.923169	-1.596007	0.056365	0.156704	0.202704	0.04538348410278559	2.6337448559670777e-05	0.15670405328273773
84360	-2.876181	-1.922993	-1.595739	0.056350	0.156745	0.202759	0.0453654021024704	2.6337448559670777e-05	0.1567445546388626
84480	-2.876295	-1.922723	-1.595516	0.056343	0.156805	0.202804	0.04534655213356018	3.9506172839506166e-05	0.1568041890859604
84600	-2.877066	-1.922449	-1.595106	0.056300	0.156868	0.202887	0.04531830567866564	2.6337448559670777e-05	0.1568671017885208
84720	-2.877574	-1.922283	-1.595558	0.056271	0.156908	0.202795	0.04530081283301115	2.6337448559670777e-05	0.15690748393535614
84840	-2.877239	-1.922161	-1.594783	0.056290	0.156935	0.202953	0.045287920720875265	3.9506172839506166e-05	0.15693537890911102
84960	-2.877023	-1.921953	-1.593555	0.056302	0.156983	0.203202	0.045271928608417514	3.9506172839506166e-05	0.15698277950286865
85080	-2.877204	-1.921686	-1.591762	0.056292	0.157045	0.203567	0.04525001831352711	3.9506172839506166e-05	0.15704438090324402
85200	-2.876630	-1.921680	-1.591183	0.056324	0.157067	0.203685	0.045248098112642764	2.6337448559670777e-05	0.15706650912761688
85320	-2.877039	-1.921405	-1.591844	0.056301	0.157130	0.203550	0.045225422270596026	3.9506172839506166e-05	0.15712951123714447
85440	-2.877977	-1.921107	-1.591116	0.056248	0.157220	0.203698	0.04519982747733593	3.9506172839506166e-05	0.15721893310546875
85560	-2.878912	-1.920892	-1.591049	0.056196	0.157278	0.203712	0.04517731424421072	3.9506172839506166e-05	0.15727761387825012
85680	-2.879336	-1.920946	-1.589560	0.056172	0.157299	0.204015	0.04518171735107899	3.9506172839506166e-05	0.15729884803295135
85800	-2.878396	-1.920895	-1.588264	0.056225	0.157319	0.204280	0.045178426802158354	3.9506172839506166e-05	0.15731841325759888
85920	-2.879476	-1.920809	-1.588684	0.056164	0.157355	0.204194	0.04517034143209457	3.9506172839506166e-05	0.1573544591665268
86040	-2.880707	-1.920798	-1.587954	0.056095	0.157375	0.204343	0.045162901282310486	3.9506172839506166e-05	0.15737532079219818
86160	-2.881730	-1.920677	-1.586425	0.056038	0.157413	0.204656	0.0451592106372118	3.9506172839506166e-05	0.15741270780563354
86280	-2.881452	-1.920455	-1.586154	0.056053	0.157465	0.204711	0.04513444136828184	3.9506172839506166e-05	0.15746523439884186
86400	-2.881700	-1.920261	-1.585556	0.056039	0.157515	0.204834	0.045121974498033526	2.6337448559670777e-05	0.157514289021492
86520	-2.882850	-1.920003	-1.585039	0.055975	0.157583	0.204940	0.045097365789115426	3.9506172839506166e-05	0.1575830578804016
86640	-2.883536	-1.919879	-1.584874	0.055937	0.157610	0.204974	0.045086588338017465	3.9506172839506166e-05	0.15761002898216248
86760	-2.883485	-1.920038	-1.584422	0.055939	0.157586	0.205066	0.04509629569947719	2.6337448559670777e-05	0.1575866937637329
86880	-2.882806	-1.920041	-1.583153	0.055977	0.157598	0.205327	0.04510072823613882	2.6337448559670777e-05	0.15759813785552979
87000	-2.882930	-1.919769	-1.582452	0.055971	0.157655	0.205471	0.04507833253592253	3.9506172839506166e-05	0.1576542854309082
87120	-2.882323	-1.919609	-1.581776	0.056005	0.157699	0.205610	0.045063937082886696	3.9506172839506166e-05	0.1576981544494629
87240	-2.883512	-1.919461	-1.579738	0.055938	0.157749	0.206029	0.045049131475389005	2.6337448559670777e-05	0.15774813294410706
87360	-2.884310	-1.919406	-1.579833	0.055893	0.157788	0.206009	0.045041011460125444	3.9506172839506166e-05	0.1577875167131424
87480	-2.884953	-1.919180	-1.579723	0.055857	0.157853	0.206032	0.045022984594106676	2.6337448559670777e-05	0.15785302221775055
87600	-2.884600	-1.919200	-1.579462	0.055877	0.157859	0.206086	0.045021161623299125	3.9506172839506166e-05	0.15785959362983704
87720	-2.884257	-1.918936	-1.578638	0.055896	0.157920	0.206256	0.045004183612763884	2.6337448559670777e-05	0.15791870653629303
87840	-2.884748	-1.918921	-1.578704	0.055869	0.157955	0.206242	0.04500054884701967	3.9506172839506166e-05	0.15795432031154633
87960	-2.885223	-1.918909	-1.577584	0.055842	0.157989	0.206473	0.04499735236167908	3.9506172839506166e-05	0.15798893570899963
88080	-2.885414	-1.918873	-1.577208	0.055832	0.158000	0.206551	0.04499384704977274	3.9506172839506166e-05	0.15799996256828308
88200	-2.886291	-1.918559	-1.575631	0.055783	0.158071	0.206877	0.044966277293860914	2.6337448559670777e-05	0.1580703854560852
88320	-2.886079	-1.918352	-1.575375	0.055795	0.158114	0.206930	0.044948413781821725	3.9506172839506166e-05	0.1581137478351593
88440	-2.886053	-1.918176	-1.575302	0.055796	0.158147	0.206945	0.04493589922785759	3.9506172839506166e-05	0.15814650058746338
88560	-2.884868	-1.917632	-1.573811	0.055862	0.158249	0.207254	0.04488892182707786	3.9506172839506166e-05	0.158247172832489
88680	-2.885276	-1.917490	-1.574632	0.055839	0.158294	0.207084	0.044871488399803636	2.6337448559670777e-05	0.15829336643218994
88800	-2.886330	-1.917229	-1.573593	0.055781	0.158356	0.207299	0.04485087543725967	2.6337448559670777e-05	0.15835529565811157
88920	-2.886153	-1.917235	-1.574710	0.055790	0.158368	0.207068	0.04484919011592865	3.9506172839506166e-05	0.15836718678474426
89040	-2.884541	-1.916879	-1.573323	0.055880	0.158441	0.207355	0.04481786824762821	3.9506172839506166e-05	0.15844061970710754
89160	-2.885466	-1.916765	-1.572306	0.055829	0.158484	0.207566	0.0448046375066042	2.6337448559670777e-05	0.15848428010940552
89280	-2.887073	-1.916462	-1.571882	0.055739	0.158564	0.207654	0.044778937473893166	3.9506172839506166e-05	0.15856382250785828
89400	-2.888079	-1.916128	-1.571433	0.055683	0.158641	0.207747	0.044748220779001716	3.9506172839506166e-05	0.1586403101682663
89520	-2.888308	-1.915882	-1.570832	0.055670	0.158701	0.207872	0.04473009239882231	1.7558299039780518e-05	0.1587008684873581
89640	-2.887475	-1.915845	-1.569948	0.055717	0.158710	0.208056	0.04472273290157318	2.6337448559670777e-05	0.15871001780033112
89760	-2.887907	-1.916067	-1.569952	0.055693	0.158700	0.208055	0.04474270399659872	3.9506172839506166e-05	0.1586991846561432
89880	-2.888310	-1.915795	-1.570620	0.055670	0.158769	0.207916	0.044719737209379676	3.9506172839506166e-05	0.15876813232898712
90000	-2.888330	-1.915638	-1.570056	0.055669	0.158813	0.208033	0.04470515362918377	2.6337448559670777e-05	0.15881241858005524
90120	-2.889018	-1.915555	-1.570087	0.055631	0.158845	0.208027	0.0446956617757678	3.9506172839506166e-05	0.15884481370449066
90240	-2.888934	-1.915134	-1.569052	0.055636	0.158927	0.208242	0.04466070756316185	3.9506172839506166e-05	0.1589263677597046
90360	-2.889771	-1.914650	-1.568876	0.055589	0.159024	0.208279	0.04462389145046473	3.9506172839506166e-05	0.15902166068553925
90480	-2.890197	-1.914455	-1.568493	0.055565	0.159074	0.208359	0.04459758996963501	2.6337448559670777e-05	0.15907375514507294
90600	-2.890732	-1.914474	-1.568115	0.055536	0.159097	0.208438	0.04459706135094166	3.9506172839506166e-05	0.15909674763679504
90720	-2.891321	-1.914456	-1.568708	0.055503	0.159121	0.208314	0.044598320685327056	3.9506172839506166e-05	0.15912020206451416
90840	-2.891939	-1.914275	-1.569021	0.055469	0.159165	0.208249	0.04458307046443224	2.6337448559670777e-05	0.15916486084461212
90960	-2.893651	-1.913842	-1.568089	0.055374	0.159274	0.208443	0.04454599376767874	3.9506172839506166e-05	0.15927277505397797
91080	-2.894793	-1.913505	-1.568151	0.055310	0.159365	0.208430	0.04451434370130301	3.9506172839506166e-05	0.15936453640460968
91200	-2.894023	-1.913060	-1.567365	0.055353	0.159456	0.208594	0.04447493329644203	3.9506172839506166e-05	0.15945516526699066
91320	-2.894280	-1.912637	-1.567227	0.055339	0.159539	0.208623	0.044437560997903344	2.6337448559670777e-05	0.15953844785690308
91440	-2.894127	-1.912407	-1.566861	0.055347	0.159583	0.208699	0.04440847989171744	3.9506172839506166e-05	0.15958404541015625
91560	-2.894782	-1.911936	-1.566096	0.055311	0.159696	0.208859	0.04437313601374626	1.7558299039780518e-05	0.1596950739622116
91680	-2.895139	-1.911845	-1.565302	0.055291	0.159729	0.209025	0.04436557218432426	1.7558299039780518e-05	0.15972797572612762
91800	-2.895591	-1.911697	-1.563961	0.055266	0.159774	0.209305	0.044350877217948434	2.6337448559670777e-05	0.15977363288402557
91920	-2.895360	-1.911354	-1.562958	0.055279	0.159844	0.209515	0.04432105515152216	3.9506172839506166e-05	0.15984340012073517
92040	-2.894272	-1.911203	-1.562372	0.055339	0.159889	0.209638	0.0443026777356863	1.7558299039780518e-05	0.15988904237747192
92160	-2.894522	-1.911097	-1.562149	0.055325	0.159923	0.209685	0.04429568573832512	2.6337448559670777e-05	0.1599230021238327
92280	-2.895539	-1.910679	-1.562395	0.055269	0.160008	0.209633	0.04425562359392643	3.9506172839506166e-05	0.16000841557979584
92400	-2.896325	-1.910514	-1.563447	0.055226	0.160049	0.209413	0.04424328114837408	3.9506172839506166e-05	0.16004836559295654
92520	-2.896266	-1.910160	-1.562499	0.055229	0.160115	0.209612	0.04421379212290048	3.9506172839506166e-05	0.1601146012544632
92640	-2.897048	-1.910044	-1.563784	0.055186	0.160152	0.209342	0.044201967865228654	1.7558299039780518e-05	0.16015174984931946
92760	-2.898613	-1.910291	-1.564503	0.055100	0.160127	0.209192	0.04422044064849615	2.6337448559670777e-05	0.16012714803218842
92880	-2.901116	-1.910141	-1.563703	0.054962	0.160178	0.209359	0.04421116821467876	2.6337448559670777e-05	0.16017772257328033
93000	-2.900813	-1.909809	-1.561774	0.054978	0.160240	0.209764	0.04418176356703043	2.6337448559670777e-05	0.16023984551429749
93120	-2.900977	-1.909474	-1.560097	0.054969	0.160291	0.210116	0.04415315371006727	3.9506172839506166e-05	0.1602904349565506
93240	-2.900596	-1.909124	-1.559005	0.054990	0.160366	0.210345	0.044122712686657906	3.9506172839506166e-05	0.16036474704742432
93360	-2.901489	-1.909089	-1.558543	0.054941	0.160400	0.210443	0.04411439001560211	3.9506172839506166e-05	0.16039946675300598
93480	-2.901527	-1.908693	-1.557832	0.054939	0.160477	0.210592	0.044082479737699035	2.6337448559670777e-05	0.1604759246110916
93600	-2.901639	-1.908525	-1.556679	0.054933	0.160513	0.210835	0.04406767655164003	3.9506172839506166e-05	0.16051237285137177
93720	-2.901503	-1.908215	-1.556686	0.054941	0.160583	0.210834	0.044035416282713416	3.9506172839506166e-05	0.16058272123336792
93840	-2.901693	-1.907844	-1.556138	0.054930	0.160659	0.210949	0.04400285761803389	3.9506172839506166e-05	0.16065825521945953
93960	-2.902313	-1.907513	-1.555892	0.054896	0.160740	0.211001	0.04397525228559971	2.6337448559670777e-05	0.1607392281293869
94080	-2.902592	-1.907479	-1.554175	0.054881	0.160755	0.211364	0.04396825022995472	3.9506172839506166e-05	0.1607552319765091
94200	-2.903627	-1.907215	-1.552815	0.054824	0.160818	0.211651	0.043949340097606183	2.6337448559670777e-05	0.1608172059059143
94320	-2.904187	-1.907202	-1.553058	0.054793	0.160836	0.211600	0.04394259713590145	1.7558299039780518e-05	0.16083624958992004
94440	-2.904142	-1.906813	-1.551797	0.054796	0.160921	0.211867	0.04391304049640894	3.9506172839506166e-05	0.16092076897621155
94560	-2.905081	-1.906873	-1.551715	0.054744	0.160918	0.211884	0.04391500987112522	3.9506172839506166e-05	0.16091838479042053
94680	-2.905859	-1.906576	-1.551222	0.054702	0.160998	0.211989	0.04389042966067791	2.6337448559670777e-05	0.16099698841571808
94800	-2.907406	-1.906416	-1.550934	0.054617	0.161044	0.212050	0.043875763565301894	2.6337448559670777e-05	0.1610431969165802
94920	-2.907473	-1.906114	-1.550112	0.054614	0.161113	0.212224	0.04385165348649025	2.6337448559670777e-05	0.16111214458942413
95040	-2.908682	-1.905707	-1.548399	0.054548	0.161206	0.212588	0.043814536184072495	1.7558299039780518e-05	0.16120582818984985
95160	-2.909536	-1.905582	-1.547300	0.054501	0.161262	0.212822	0.043801783584058285	3.9506172839506166e-05	0.16126078367233276
95280	-2.911059	-1.905478	-1.547085	0.054418	0.161303	0.212868	0.04378893338143826	2.6337448559670777e-05	0.16130277514457703
95400	-2.911510	-1.905444	-1.546563	0.054394	0.161318	0.212979	0.04378292318433523	2.6337448559670777e-05	0.1613178551197052
95520	-2.911605	-1.905470	-1.545982	0.054388	0.161320	0.213102	0.04379157852381468	2.6337448559670777e-05	0.16131946444511414
95640	-2.912545	-1.905236	-1.545688	0.054337	0.161385	0.213165	0.043771309591829774	1.7558299039780518e-05	0.1613839864730835
95760	-2.912822	-1.904825	-1.543059	0.054322	0.161487	0.213726	0.043728097528219226	3.9506172839506166e-05	0.1614869087934494
95880	-2.912172	-1.904516	-1.542400	0.054358	0.161553	0.213867	0.04370712172240019	3.9506172839506166e-05	0.16155195236206055
96000	-2.912576	-1.904189	-1.542709	0.054336	0.161621	0.213801	0.04367534574121237	3.9506172839506166e-05	0.16161955893039703
96120	-2.912061	-1.903969	-1.542033	0.054364	0.161676	0.213946	0.043655289337038994	3.9506172839506166e-05	0.16167546808719635
96240	-2.913146	-1.903722	-1.541752	0.054305	0.161745	0.214006	0.04363538697361946	3.9506172839506166e-05	0.1617436707019806
96360	-2.913108	-1.903591	-1.541265	0.054307	0.161785	0.214110	0.04361758194863796	2.6337448559670777e-05	0.1617852747440338
96480	-2.913687	-1.903376	-1.541661	0.054275	0.161833	0.214025	0.04360345955938101	3.9506172839506166e-05	0.1618318110704422
96600	-2.915218	-1.903015	-1.539514	0.054192	0.161920	0.214485	0.043570596165955065	3.9506172839506166e-05	0.16191914677619934
96720	-2.916142	-1.902955	-1.538100	0.054142	0.161953	0.214789	0.04356019161641598	3.9506172839506166e-05	0.16195335984230042
96840	-2.916336	-1.902554	-1.536262	0.054132	0.162059	0.215184	0.043532093055546284	3.9506172839506166e-05	0.16205742955207825
96960	-2.915872	-1.902214	-1.536020	0.054157	0.162126	0.215236	0.04349442888051271	3.9506172839506166e-05	0.1621256172657013
97080	-2.915676	-1.902314	-1.536675	0.054167	0.162125	0.215095	0.04350506160408259	3.9506172839506166e-05	0.16212397813796997
97200	-2.915667	-1.902146	-1.534373	0.054168	0.162183	0.215591	0.04349088352173567	3.9506172839506166e-05	0.1621823012828827
97320	-2.914848	-1.901939	-1.535170	0.054212	0.162232	0.215419	0.04346786756068468	3.9506172839506166e-05	0.16223262250423431
97440	-2.915128	-1.901798	-1.534995	0.054197	0.162278	0.215457	0.043460174649953845	3.9506172839506166e-05	0.1622769683599472
97560	-2.913989	-1.901639	-1.535296	0.054259	0.162302	0.215392	0.043445694446563723	2.6337448559670777e-05	0.16230162978172302
97680	-2.914930	-1.901455	-1.534827	0.054208	0.162351	0.215493	0.04342751540243626	2.6337448559670777e-05	0.16235056519508362
97800	-2.914757	-1.901329	-1.534904	0.054217	0.162388	0.215476	0.04341675993055105	3.9506172839506166e-05	0.16238735616207123
97920	-2.913589	-1.901121	-1.535009	0.054281	0.162433	0.215454	0.04339770320802927	3.9506172839506166e-05	0.162433460354805
98040	-2.914341	-1.901001	-1.534301	0.054240	0.162471	0.215606	0.043389707803726196	2.6337448559670777e-05	0.16246967017650604
98160	-2.915378	-1.900911	-1.533395	0.054184	0.162507	0.215802	0.04337812289595604	2.6337448559670777e-05	0.1625063270330429
98280	-2.914183	-1.900549	-1.532814	0.054248	0.162569	0.215927	0.04334767013788223	1.7558299039780518e-05	0.1625681072473526
98400	-2.914597	-1.900196	-1.531603	0.054226	0.162649	0.216189	0.043314953707158564	3.9506172839506166e-05	0.16264879703521729
98520	-2.913557	-1.899871	-1.531940	0.054282	0.162702	0.216116	0.04329587277024984	3.9506172839506166e-05	0.16269956529140472
98640	-2.913915	-1.899842	-1.532000	0.054263	0.162727	0.216103	0.04327990524470806	2.6337448559670777e-05	0.16272640228271484
98760	-2.913913	-1.899891	-1.532799	0.054263	0.162735	0.215930	0.043286497704684734	3.9506172839506166e-05	0.1627340465784073
98880	-2.914225	-1.899707	-1.532735	0.054246	0.162774	0.215944	0.04327096957713365	2.6337448559670777e-05	0.16277338564395905
99000	-2.915826	-1.899547	-1.532306	0.054159	0.162832	0.216037	0.043255462870001794	3.9506172839506166e-05	0.16283176839351654
99120	-2.915603	-1.899025	-1.531993	0.054171	0.162937	0.216105	0.04320748783648014	3.9506172839506166e-05	0.16293753683567047
99240	-2.915809	-1.898792	-1.531519	0.054160	0.162997	0.216207	0.04318523406982422	3.9506172839506166e-05	0.16299723088741302
99360	-2.916771	-1.898638	-1.530981	0.054108	0.163044	0.216323	0.04317562598735094	3.9506172839506166e-05	0.16304361820220947
99480	-2.915420	-1.898149	-1.530305	0.054181	0.163142	0.216470	0.04313310943543911	3.9506172839506166e-05	0.1631413698196411
99600	-2.916558	-1.897948	-1.529527	0.054120	0.163189	0.216638	0.04311076812446117	3.9506172839506166e-05	0.16318918764591217
99720	-2.917571	-1.898015	-1.529670	0.054065	0.163190	0.216607	0.04312064256519079	2.6337448559670777e-05	0.16318929195404053
99840	-2.917872	-1.897603	-1.528905	0.054049	0.163284	0.216773	0.04308027513325215	3.9506172839506166e-05	0.16328345239162445
99960	-2.917934	-1.897616	-1.528474	0.054045	0.163309	0.216866	0.04308148883283138	2.6337448559670777e-05	0.16330839693546295
100080	-2.918294	-1.897568	-1.527125	0.054026	0.163326	0.217159	0.043077210895717144	2.6337448559670777e-05	0.16332587599754333
100200	-2.919196	-1.897390	-1.525743	0.053977	0.163386	0.217459	0.04306609705090523	3.9506172839506166e-05	0.16338537633419037
100320	-2.919182	-1.897209	-1.525338	0.053978	0.163437	0.217548	0.04304672572761774	2.6337448559670777e-05	0.1634364277124405
100440	-2.919991	-1.896923	-1.525684	0.053934	0.163510	0.217472	0.043025178648531434	2.6337448559670777e-05	0.16350911557674408
100560	-2.921278	-1.896914	-1.525635	0.053865	0.163553	0.217483	0.043018249608576295	2.6337448559670777e-05	0.16355298459529877
100680	-2.920843	-1.896839	-1.525486	0.053888	0.163591	0.217515	0.04301198199391365	3.9506172839506166e-05	0.16359077394008636
100800	-2.920264	-1.896398	-1.524336	0.053919	0.163683	0.217766	0.04297270067036152	3.9506172839506166e-05	0.16368277370929718
100920	-2.920871	-1.895963	-1.524791	0.053887	0.163771	0.217667	0.042936375550925734	3.9506172839506166e-05	0.16376997530460358
101040	-2.921766	-1.896033	-1.524282	0.053839	0.163781	0.217777	0.04294165540486574	3.9506172839506166e-05	0.16378027200698853
101160	-2.921445	-1.895639	-1.523856	0.053856	0.163858	0.217870	0.04290827922523022	2.6337448559670777e-05	0.1638571321964264
101280	-2.921658	-1.895352	-1.523115	0.053844	0.163927	0.218032	0.042881565354764464	3.9506172839506166e-05	0.1639261394739151
101400	-2.920927	-1.894763	-1.522140	0.053884	0.164034	0.218244	0.042832848988473414	3.9506172839506166e-05	0.1640317738056183
101520	-2.921814	-1.894443	-1.521652	0.053836	0.164123	0.218351	0.04279670566320419	3.9506172839506166e-05	0.16412273049354553
101640	-2.922328	-1.894273	-1.520146	0.053808	0.164176	0.218680	0.042781106382608416	2.6337448559670777e-05	0.16417601704597473
101760	-2.921216	-1.894135	-1.519481	0.053868	0.164216	0.218825	0.04277334064245224	2.6337448559670777e-05	0.164214625954628
101880	-2.920658	-1.893779	-1.518913	0.053898	0.164300	0.218950	0.042739556171000004	2.6337448559670777e-05	0.16429977118968964
102000	-2.920256	-1.893427	-1.517613	0.053920	0.164387	0.219235	0.04270661473274231	3.9506172839506166e-05	0.1643860936164856
102120	-2.920457	-1.893078	-1.515907	0.053909	0.164482	0.219609	0.042679437436163425	2.6337448559670777e-05	0.16448071599006653
102240	-2.919825	-1.892594	-1.516059	0.053943	0.164580	0.219575	0.04262971822172403	3.9506172839506166e-05	0.16458046436309814
102360	-2.919892	-1.892246	-1.516053	0.053939	0.164656	0.219577	0.04260158631950617	2.6337448559670777e-05	0.16465584933757782
102480	-2.920025	-1.891936	-1.514936	0.053932	0.164733	0.219822	0.042576479353010656	1.7558299039780518e-05	0.1647324413061142
102600	-2.919179	-1.891411	-1.514211	0.053978	0.164828	0.219982	0.04252377711236477	3.9506172839506166e-05	0.16482751071453094
102720	-2.918536	-1.891371	-1.514575	0.054013	0.164847	0.219902	0.04251678735017776	3.9506172839506166e-05	0.16484679281711578
102840	-2.919667	-1.891210	-1.512964	0.053952	0.164906	0.220256	0.042503632605075836	2.6337448559670777e-05	0.16490547358989716
102960	-2.919967	-1.891003	-1.512724	0.053935	0.164970	0.220309	0.0424865635111928	2.6337448559670777e-05	0.16496971249580383
103080	-2.921636	-1.890785	-1.511263	0.053846	0.165029	0.220631	0.042471349611878394	3.9506172839506166e-05	0.16502715647220612
103200	-2.922272	-1.890377	-1.508783	0.053811	0.165124	0.221179	0.04243220016360283	3.9506172839506166e-05	0.16512328386306763
103320	-2.923011	-1.890067	-1.507525	0.053772	0.165192	0.221457	0.04240233656018973	2.6337448559670777e-05	0.16519196331501007
103440	-2.923253	-1.889821	-1.507879	0.053759	0.165246	0.221379	0.04237768668681383	3.9506172839506166e-05	0.16524651646614075
103560	-2.923647	-1.889688	-1.507003	0.053737	0.165276	0.221573	0.04236707929521799	2.6337448559670777e-05	0.16527575254440308
103680	-2.923269	-1.889596	-1.505790	0.053758	0.165327	0.221842	0.042359616979956626	3.9506172839506166e-05	0.16532668471336365
103800	-2.923075	-1.889174	-1.505980	0.053768	0.165420	0.221800	0.04232564978301525	2.6337448559670777e-05	0.16541941463947296
103920	-2.922677	-1.889013	-1.505812	0.053790	0.165453	0.221837	0.04230891410261393	2.6337448559670777e-05	0.16545288264751434
104040	-2.922574	-1.888863	-1.504985	0.053795	0.165495	0.222021	0.04229292161762714	3.9506172839506166e-05	0.16549435257911682
104160	-2.923294	-1.888503	-1.505527	0.053756	0.165576	0.221900	0.042260734178125856	3.9506172839506166e-05	0.16557598114013672
104280	-2.923665	-1.888293	-1.505784	0.053736	0.165628	0.221843	0.04224526379257441	3.9506172839506166e-05	0.16562725603580475
104400	-2.924344	-1.888149	-1.505331	0.053700	0.165675	0.221944	0.04223029837012291	2.6337448559670777e-05	0.1656745821237564
104520	-2.924064	-1.887750	-1.504882	0.053715	0.165769	0.222043	0.042194226570427415	2.6337448559670777e-05	0.1657688170671463
104640	-2.925227	-1.887246	-1.504935	0.053653	0.165878	0.222032	0.04214406181126833	2.6337448559670777e-05	0.16587865352630615
104760	-2.925307	-1.886972	-1.504035	0.053648	0.165946	0.222232	0.04213332198560238	2.6337448559670777e-05	0.16594409942626953
104880	-2.925592	-1.886515	-1.503053	0.053633	0.166043	0.222450	0.0420840548351407	3.9506172839506166e-05	0.16604234278202057
105000	-2.925913	-1.886145	-1.501328	0.053616	0.166147	0.222834	0.04205205235630274	3.9506172839506166e-05	0.16614605486392975
105120	-2.925993	-1.885901	-1.499160	0.053611	0.166198	0.223318	0.04203068781644106	3.9506172839506166e-05	0.16619624197483063
105240	-2.924095	-1.885357	-1.498285	0.053713	0.166318	0.223513	0.04198265429586172	2.6337448559670777e-05	0.1663161963224411
105360	-2.922986	-1.884779	-1.497757	0.053773	0.166419	0.223631	0.04193160589784384	2.6337448559670777e-05	0.16641829907894135
105480	-2.924429	-1.884706	-1.497119	0.053695	0.166454	0.223774	0.041919281147420405	2.6337448559670777e-05	0.1664540022611618
105600	-2.924711	-1.884473	-1.497115	0.053680	0.166511	0.223775	0.04189711883664131	2.6337448559670777e-05	0.16651149094104767
105720	-2.925201	-1.884119	-1.497421	0.053654	0.166574	0.223706	0.04187369085848332	3.9506172839506166e-05	0.1665719896554947
105840	-2.925381	-1.884007	-1.497230	0.053644	0.166608	0.223749	0.041853467002511024	2.6337448559670777e-05	0.1666085124015808
105960	-2.925285	-1.883530	-1.495618	0.053649	0.166708	0.224110	0.041818358935415745	2.6337448559670777e-05	0.16670723259449005
106080	-2.925370	-1.883210	-1.494359	0.053645	0.166789	0.224392	0.041788624599575996	2.6337448559670777e-05	0.16678717732429504
106200	-2.925724	-1.882805	-1.492370	0.053626	0.166883	0.224839	0.04175188783556223	1.7558299039780518e-05	0.1668824702501297
106320	-2.925438	-1.882423	-1.491193	0.053641	0.166958	0.225104	0.04171683955937624	2.6337448559670777e-05	0.16695794463157654
106440	-2.925572	-1.882158	-1.490931	0.053634	0.167030	0.225163	0.04168922230601311	2.6337448559670777e-05	0.16703033447265625
106560	-2.926588	-1.881872	-1.490620	0.053580	0.167107	0.225233	0.0416627885773778	3.9506172839506166e-05	0.16710683703422546
106680	-2.926977	-1.881549	-1.489482	0.053559	0.167192	0.225490	0.041639795154333116	2.6337448559670777e-05	0.16719089448451996
106800	-2.926444	-1.880930	-1.488215	0.053587	0.167307	0.225775	0.04158512111753225	2.6337448559670777e-05	0.16730612516403198
106920	-2.926032	-1.880536	-1.488147	0.053609	0.167402	0.225791	0.041547281108796595	2.6337448559670777e-05	0.16740086674690247
107040	-2.926382	-1.880404	-1.489035	0.053591	0.167438	0.225590	0.04153269380331039	3.9506172839506166e-05	0.16743792593479156
107160	-2.925324	-1.880308	-1.488786	0.053647	0.167466	0.225646	0.04152317736297846	2.6337448559670777e-05	0.16746550798416138
107280	-2.924498	-1.880063	-1.487754	0.053692	0.167517	0.225880	0.041507352329790595	3.9506172839506166e-05	0.16751611232757568
107400	-2.923588	-1.879643	-1.486662	0.053741	0.167595	0.226126	0.04146431740373373	2.6337448559670777e-05	0.1675945222377777
107520	-2.923501	-1.879322	-1.486628	0.053745	0.167675	0.226134	0.04143361207097769	2.6337448559670777e-05	0.16767527163028717
107640	-2.923609	-1.879122	-1.485263	0.053739	0.167731	0.226443	0.041419250331819056	2.6337448559670777e-05	0.16773070394992828
107760	-2.923646	-1.878848	-1.485431	0.053737	0.167791	0.226405	0.0413962222635746	2.6337448559670777e-05	0.16778957843780518
107880	-2.924093	-1.878654	-1.485445	0.053713	0.167832	0.226402	0.04137560222297907	1.7558299039780518e-05	0.16783198714256287
108000	-2.924970	-1.878578	-1.485841	0.053666	0.167873	0.226312	0.04137200675904751	3.9506172839506166e-05	0.16787156462669373
108120	-2.925782	-1.878570	-1.485555	0.053623	0.167909	0.226377	0.04136389102786779	2.6337448559670777e-05	0.167909175157547
108240	-2.925236	-1.878211	-1.485874	0.053652	0.167989	0.226304	0.04134184326976538	2.6337448559670777e-05	0.16798757016658783
108360	-2.924441	-1.877997	-1.485329	0.053695	0.168044	0.226428	0.0413164796307683	3.9506172839506166e-05	0.16804301738739014
108480	-2.925003	-1.877764	-1.484836	0.053665	0.168110	0.226539	0.041294862516224384	3.9506172839506166e-05	0.16810952126979828
108600	-2.923787	-1.877471	-1.484822	0.053730	0.168162	0.226543	0.041267682798206806	2.6337448559670777e-05	0.16816245019435883
108720	-2.923496	-1.877170	-1.484376	0.053745	0.168222	0.226644	0.04124622493982315	1.7558299039780518e-05	0.16822145879268646
108840	-2.923150	-1.876826	-1.484300	0.053764	0.168281	0.226661	0.041212357394397256	2.6337448559670777e-05	0.16828031837940216
108960	-2.921949	-1.876183	-1.483291	0.053829	0.168407	0.226890	0.04115149900317192	3.9506172839506166e-05	0.16840669512748718
109080	-2.921605	-1.875919	-1.481901	0.053847	0.168468	0.227205	0.041132462583482264	2.6337448559670777e-05	0.16846749186515808
109200	-2.922213	-1.875688	-1.480301	0.053814	0.168548	0.227569	0.04110510908067226	3.9506172839506166e-05	0.1685483604669571
109320	-2.923349	-1.875770	-1.480033	0.053753	0.168568	0.227630	0.041115264408290386	2.6337448559670777e-05	0.1685682237148285
109440	-2.924218	-1.875551	-1.479861	0.053707	0.168630	0.227669	0.04109590947628021	3.9506172839506166e-05	0.16863001883029938
109560	-2.925814	-1.875412	-1.479605	0.053621	0.168676	0.227728	0.04108437802642584	3.9506172839506166e-05	0.1686750054359436
109680	-2.926638	-1.875286	-1.478800	0.053577	0.168721	0.227911	0.04107110965996981	2.6337448559670777e-05	0.1687214970588684
109800	-2.927125	-1.875232	-1.478862	0.053551	0.168747	0.227897	0.04106831606477499	2.6337448559670777e-05	0.1687469780445099
109920	-2.927536	-1.874915	-1.479207	0.053529	0.168840	0.227818	0.041042968071997164	3.9506172839506166e-05	0.168838769197464
110040	-2.927622	-1.874728	-1.478830	0.053524	0.168890	0.227904	0.041023429669439795	3.9506172839506166e-05	0.16888947784900665
110160	-2.928062	-1.874628	-1.477208	0.053501	0.168937	0.228274	0.04101434163749218	2.6337448559670777e-05	0.16893617808818817
110280	-2.927908	-1.874319	-1.475562	0.053509	0.169003	0.228650	0.04098670333623886	2.6337448559670777e-05	0.16900309920310974
110400	-2.927146	-1.874191	-1.474312	0.053550	0.169047	0.228936	0.04097423404455185	2.6337448559670777e-05	0.16904571652412415
110520	-2.927987	-1.873674	-1.473967	0.053505	0.169161	0.229015	0.040930548682808876	2.6337448559670777e-05	0.16915953159332275
110640	-2.927769	-1.873320	-1.473458	0.053516	0.169238	0.229132	0.040896273031830785	1.7558299039780518e-05	0.16923806071281433
110760	-2.927190	-1.872776	-1.471972	0.053547	0.169346	0.229472	0.04085195735096932	2.6337448559670777e-05	0.16934460401535034
110880	-2.927836	-1.872600	-1.471632	0.053513	0.169397	0.229550	0.04083026871085167	2.6337448559670777e-05	0.16939668357372284
111000	-2.927548	-1.872167	-1.470373	0.053528	0.169494	0.229840	0.04079136587679386	1.7558299039780518e-05	0.16949336230754852
111120	-2.927575	-1.872026	-1.470044	0.053527	0.169537	0.229915	0.04078071750700474	2.6337448559670777e-05	0.16953621804714203
111240	-2.927079	-1.871631	-1.469250	0.053553	0.169628	0.230098	0.04075105097144842	3.9506172839506166e-05	0.16962584853172302
111360	-2.926320	-1.871302	-1.468476	0.053594	0.169714	0.230276	0.04071495570242405	2.6337448559670777e-05	0.16971337795257568
111480	-2.926138	-1.870794	-1.468480	0.053604	0.169823	0.230275	0.040666458569467066	3.9506172839506166e-05	0.16982325911521912
111600	-2.926789	-1.870569	-1.467859	0.053569	0.169873	0.230418	0.040645764023065564	2.6337448559670777e-05	0.16987286508083344
111720	-2.927373	-1.870228	-1.466265	0.053537	0.169971	0.230786	0.04062001183629036	3.9506172839506166e-05	0.1699700504541397
111840	-2.927505	-1.869725	-1.465589	0.053530	0.170078	0.230942	0.04058580566197634	3.9506172839506166e-05	0.17007489502429962
111960	-2.927103	-1.869177	-1.465052	0.053552	0.170192	0.231066	0.040526938252151014	2.6337448559670777e-05	0.17019061744213104
112080	-2.926692	-1.868807	-1.463413	0.053574	0.170272	0.231445	0.04049006700515747	2.6337448559670777e-05	0.17027121782302856
112200	-2.925921	-1.868276	-1.462335	0.053615	0.170366	0.231695	0.040443217195570466	2.6337448559670777e-05	0.17036549746990204
112320	-2.926410	-1.868192	-1.462275	0.053589	0.170405	0.231708	0.04043687265366316	1.7558299039780518e-05	0.1704038828611374
112440	-2.927058	-1.867953	-1.461185	0.053554	0.170468	0.231961	0.04041464105248451	2.6337448559670777e-05	0.17046712338924408
112560	-2.927139	-1.867574	-1.460530	0.053550	0.170567	0.232113	0.04038135539740324	2.6337448559670777e-05	0.17056624591350555
112680	-2.927051	-1.867075	-1.459331	0.053555	0.170684	0.232392	0.04033871665596962	3.9506172839506166e-05	0.17068296670913696
112800	-2.927032	-1.867119	-1.458774	0.053556	0.170703	0.232521	0.04033397156745196	3.9506172839506166e-05	0.17070356011390686
112920	-2.928204	-1.867023	-1.458529	0.053493	0.170755	0.232578	0.04033051058650017	2.6337448559670777e-05	0.17075422406196594
113040	-2.927898	-1.866328	-1.458429	0.053509	0.170886	0.232601	0.04027088787406683	3.9506172839506166e-05	0.1708846092224121
113160	-2.928055	-1.865946	-1.458093	0.053501	0.170958	0.232680	0.04023604784160852	3.9506172839506166e-05	0.17095723748207092
113280	-2.928514	-1.865728	-1.457547	0.053476	0.171020	0.232807	0.04020784683525562	2.6337448559670777e-05	0.1710202544927597
113400	-2.927676	-1.865422	-1.457141	0.053521	0.171085	0.232901	0.04018425140529871	2.6337448559670777e-05	0.1710844188928604
113520	-2.928746	-1.864967	-1.455424	0.053464	0.171210	0.233301	0.04014728590846062	2.6337448559670777e-05	0.17120888829231262
113640	-2.928035	-1.864659	-1.455009	0.053502	0.171285	0.233398	0.04011776708066463	2.6337448559670777e-05	0.17128437757492065
113760	-2.927088	-1.864548	-1.454177	0.053553	0.171318	0.233592	0.040107650123536585	1.7558299039780518e-05	0.17131824791431427
113880	-2.926910	-1.864339	-1.454582	0.053562	0.171379	0.233498	0.040090860426425935	2.6337448559670777e-05	0.17137746512889862
114000	-2.927458	-1.863984	-1.453941	0.053533	0.171475	0.233648	0.040058189630508424	2.6337448559670777e-05	0.1714736521244049
114120	-2.926942	-1.863647	-1.452381	0.053561	0.171553	0.234012	0.04002862051129341	3.9506172839506166e-05	0.17155157029628754
114240	-2.926355	-1.863445	-1.451874	0.053592	0.171600	0.234131	0.0400068398565054	2.6337448559670777e-05	0.17159947752952576
114360	-2.925592	-1.862999	-1.451249	0.053633	0.171689	0.234277	0.03997006807476282	2.6337448559670777e-05	0.17168797552585602
114480	-2.925241	-1.862673	-1.450984	0.053652	0.171762	0.234340	0.039939646422863004	2.6337448559670777e-05	0.17176130414009094
114600	-2.926456	-1.862726	-1.450818	0.053587	0.171785	0.234379	0.039937985688447954	3.9506172839506166e-05	0.17178525030612946
114720	-2.925979	-1.862494	-1.450584	0.053612	0.171837	0.234433	0.039923057332634924	3.9506172839506166e-05	0.171835795044899
114840	-2.926090	-1.862115	-1.449782	0.053606	0.171940	0.234622	0.039893561787903306	3.9506172839506166e-05	0.17193813621997833
114960	-2.927921	-1.861845	-1.448814	0.053508	0.172016	0.234849	0.03986693695187569	3.9506172839506166e-05	0.17201384902000427
115080	-2.928041	-1.861557	-1.446832	0.053502	0.172098	0.235314	0.039840240590274335	2.6337448559670777e-05	0.17209656536579132
115200	-2.927030	-1.861140	-1.445336	0.053556	0.172200	0.235667	0.03980235047638416	3.9506172839506166e-05	0.1721988320350647
115320	-2.927308	-1.860735	-1.443506	0.053541	0.172298	0.236098	0.03976678289473057	3.9506172839506166e-05	0.17229655385017395
115440	-2.926940	-1.860329	-1.442696	0.053561	0.172397	0.236290	0.03972938098013401	2.6337448559670777e-05	0.17239606380462646
115560	-2.928389	-1.859926	-1.440792	0.053483	0.172508	0.236740	0.03968958668410778	2.6337448559670777e-05	0.1725073605775833
115680	-2.927832	-1.859686	-1.440084	0.053513	0.172581	0.236908	0.03966995105147362	2.6337448559670777e-05	0.1725803017616272
115800	-2.928405	-1.859670	-1.440534	0.053482	0.172603	0.236801	0.03966429214924574	3.9506172839506166e-05	0.17260371148586273
115920	-2.928541	-1.859579	-1.440110	0.053475	0.172631	0.236902	0.03965902794152498	3.9506172839506166e-05	0.1726311296224594
116040	-2.927754	-1.859255	-1.439186	0.053517	0.172695	0.237121	0.039625358581542966	1.7558299039780518e-05	0.1726958155632019
116160	-2.927905	-1.859086	-1.439153	0.053509	0.172735	0.237129	0.03961521107703447	1.7558299039780518e-05	0.17273437976837158
116280	-2.927098	-1.858634	-1.437489	0.053552	0.172841	0.237523	0.03957573659718037	3.9506172839506166e-05	0.17284069955348969
116400	-2.926987	-1.858322	-1.436931	0.053558	0.172910	0.237656	0.039547061547636986	2.6337448559670777e-05	0.17290985584259033
116520	-2.926775	-1.858125	-1.436576	0.053570	0.172964	0.237740	0.03953049685806036	2.6337448559670777e-05	0.17296266555786133
116640	-2.927132	-1.857796	-1.436430	0.053550	0.173044	0.237775	0.03950105253607035	2.6337448559670777e-05	0.17304261028766632
116760	-2.927880	-1.857495	-1.435920	0.053510	0.173129	0.237896	0.039473538473248485	2.6337448559670777e-05	0.17312780022621155
116880	-2.928109	-1.857401	-1.435472	0.053498	0.173179	0.238003	0.03946633748710156	1.7558299039780518e-05	0.17317740619182587
117000	-2.928499	-1.857140	-1.434686	0.053477	0.173250	0.238190	0.03944204766303301	2.6337448559670777e-05	0.17324939370155334
117120	-2.928222	-1.856957	-1.433804	0.053492	0.173307	0.238400	0.03942510336637497	2.6337448559670777e-05	0.17330624163150787
117240	-2.928449	-1.856622	-1.433596	0.053480	0.173391	0.238450	0.03939629774540663	2.6337448559670777e-05	0.17339053750038147
117360	-2.928506	-1.856265	-1.431954	0.053477	0.173486	0.238842	0.039360998943448064	2.6337448559670777e-05	0.17348530888557434
117480	-2.928695	-1.856173	-1.431642	0.053467	0.173510	0.238916	0.0393497534096241	3.9506172839506166e-05	0.1735103726387024
117600	-2.929161	-1.856051	-1.432246	0.053442	0.173546	0.238772	0.03934226091951132	2.6337448559670777e-05	0.1735454648733139
117720	-2.929525	-1.855725	-1.430312	0.053422	0.173639	0.239234	0.03930909298360348	3.9506172839506166e-05	0.1736389845609665
117840	-2.930816	-1.855259	-1.428946	0.053353	0.173738	0.239561	0.03927812874317169	2.6337448559670777e-05	0.1737360805273056
117960	-2.929757	-1.854905	-1.428742	0.053410	0.173800	0.239610	0.03924188204109669	2.6337448559670777e-05	0.17379899322986603
118080	-2.929360	-1.854476	-1.427454	0.053431	0.173887	0.239919	0.03920383155345917	2.6337448559670777e-05	0.17388619482517242
118200	-2.929158	-1.854368	-1.427101	0.053442	0.173923	0.240004	0.03918868340551853	2.6337448559670777e-05	0.17392303049564362
118320	-2.929559	-1.854186	-1.425977	0.053421	0.173978	0.240274	0.03917699158191681	1.7558299039780518e-05	0.1739770621061325
118440	-2.930207	-1.854084	-1.425927	0.053386	0.174014	0.240286	0.03916506040841341	1.7558299039780518e-05	0.1740129441022873
118560	-2.930627	-1.853832	-1.424812	0.053364	0.174077	0.240554	0.03914304412901402	2.6337448559670777e-05	0.17407581210136414
118680	-2.930553	-1.853807	-1.423707	0.053367	0.174107	0.240820	0.039139656350016594	3.9506172839506166e-05	0.17410655319690704
118800	-2.930734	-1.853719	-1.423420	0.053358	0.174138	0.240889	0.0391328152269125	1.7558299039780518e-05	0.17413754761219025
118920	-2.930733	-1.853530	-1.422508	0.053358	0.174191	0.241109	0.03911683447659016	3.9506172839506166e-05	0.17418988049030304
119040	-2.931044	-1.853174	-1.422444	0.053341	0.174272	0.241124	0.03908400069922209	1.7558299039780518e-05	0.1742713302373886
119160	-2.930126	-1.853000	-1.422036	0.053390	0.174317	0.241222	0.03906798306852579	2.6337448559670777e-05	0.17431630194187164
119280	-2.930820	-1.852689	-1.421512	0.053353	0.174393	0.241349	0.039039606042206285	2.6337448559670777e-05	0.17439284920692444
119400	-2.929991	-1.852556	-1.421009	0.053397	0.174438	0.241470	0.039028861559927464	2.6337448559670777e-05	0.17443734407424927
119520	-2.929420	-1.852260	-1.420753	0.053428	0.174501	0.241532	0.03899783343076706	2.6337448559670777e-05	0.17450039088726044
119640	-2.929669	-1.852170	-1.420754	0.053415	0.174530	0.241532	0.03898918405175209	3.9506172839506166e-05	0.17453067004680634
119760	-2.929127	-1.851663	-1.419237	0.053444	0.174653	0.241898	0.038950114883482455	2.6337448559670777e-05	0.17465218901634216
119880	-2.929564	-1.851472	-1.418700	0.053420	0.174703	0.242028	0.03893284164369106	2.6337448559670777e-05	0.17470264434814453
120000	-2.929900	-1.851193	-1.418365	0.053402	0.174793	0.242110	0.038907868415117265	3.9506172839506166e-05	0.17479196190834045
120120	-2.930285	-1.851026	-1.417090	0.053382	0.174843	0.242418	0.03889313489198685	2.6337448559670777e-05	0.1748427152633667
120240	-2.930257	-1.850755	-1.417079	0.053383	0.174922	0.242421	0.03886649589985609	2.6337448559670777e-05	0.17492061853408813
120360	-2.929416	-1.850488	-1.417571	0.053428	0.174976	0.242302	0.038841407559812066	2.6337448559670777e-05	0.1749756783246994
120480	-2.929146	-1.850252	-1.417912	0.053443	0.175031	0.242219	0.038818074576556685	2.6337448559670777e-05	0.17503182590007782
120600	-2.929248	-1.849982	-1.417809	0.053437	0.175096	0.242244	0.03879087939858437	3.9506172839506166e-05	0.17509640753269196
120720	-2.930166	-1.849948	-1.417236	0.053388	0.175127	0.242383	0.03879549913108349	2.6337448559670777e-05	0.17512625455856323
120840	-2.930542	-1.849770	-1.416668	0.053368	0.175178	0.242521	0.03877425529062748	2.6337448559670777e-05	0.17517776787281036
120960	-2.929875	-1.849552	-1.415872	0.053404	0.175253	0.242714	0.038758732937276365	2.6337448559670777e-05	0.17525199055671692
121080	-2.929394	-1.849264	-1.415523	0.053429	0.175319	0.242798	0.03873311467468739	2.6337448559670777e-05	0.17531776428222656
121200	-2.929857	-1.849276	-1.415168	0.053405	0.175344	0.242885	0.038732515461742875	2.6337448559670777e-05	0.17534275352954865
121320	-2.930404	-1.848975	-1.414102	0.053375	0.175427	0.243144	0.03871014527976513	3.9506172839506166e-05	0.17542527616024017
121440	-2.931084	-1.848849	-1.413286	0.053339	0.175485	0.243342	0.038693623058497904	2.6337448559670777e-05	0.175484299659729
121560	-2.930631	-1.848457	-1.412956	0.053363	0.175569	0.243423	0.038663586042821406	2.6337448559670777e-05	0.17556829750537872
121680	-2.929555	-1.848170	-1.413059	0.053421	0.175618	0.243398	0.03863302581012249	2.6337448559670777e-05	0.17561747133731842
121800	-2.928879	-1.847697	-1.412452	0.053457	0.175715	0.243545	0.03858961071819067	2.6337448559670777e-05	0.17571422457695007
121920	-2.930060	-1.847602	-1.413216	0.053394	0.175768	0.243359	0.0385801924392581	1.7558299039780518e-05	0.1757674515247345
122040	-2.930447	-1.847443	-1.412364	0.053373	0.175819	0.243567	0.038566081412136556	2.6337448559670777e-05	0.17581890523433685
122160	-2.931205	-1.847446	-1.411929	0.053333	0.175833	0.243673	0.03856762908399105	2.6337448559670777e-05	0.17583248019218445
122280	-2.932015	-1.846847	-1.411198	0.053290	0.175975	0.243851	0.038517984189093114	3.9506172839506166e-05	0.17597366869449615
122400	-2.931535	-1.846703	-1.410329	0.053315	0.176013	0.244063	0.03849918209016323	2.6337448559670777e-05	0.17601294815540314
122520	-2.930779	-1.846594	-1.410746	0.053355	0.176039	0.243961	0.03849057592451573	2.6337448559670777e-05	0.17603866755962372
122640	-2.930552	-1.846285	-1.410186	0.053368	0.176117	0.244098	0.038461152277886865	3.9506172839506166e-05	0.17611627280712128
122760	-2.929971	-1.846070	-1.409085	0.053399	0.176172	0.244367	0.03844622429460287	2.6337448559670777e-05	0.17617133259773254
122880	-2.930021	-1.845547	-1.407482	0.053396	0.176289	0.244759	0.038397479057312014	2.6337448559670777e-05	0.1762879192829132
123000	-2.929404	-1.845551	-1.407391	0.053429	0.176298	0.244781	0.038399032317101955	2.6337448559670777e-05	0.17629720270633698
123120	-2.929271	-1.845373	-1.406482	0.053436	0.176344	0.245004	0.03837942592799663	2.6337448559670777e-05	0.17634408175945282
123240	-2.928867	-1.845043	-1.406122	0.053458	0.176413	0.245092	0.038349912874400614	1.7558299039780518e-05	0.17641256749629974
123360	-2.928955	-1.844791	-1.405885	0.053453	0.176489	0.245150	0.03833036758005619	2.6337448559670777e-05	0.17648811638355255
123480	-2.929267	-1.844574	-1.405113	0.053436	0.176550	0.245339	0.03830678351223469	2.6337448559670777e-05	0.1765495240688324
123600	-2.929751	-1.844479	-1.405109	0.053410	0.176588	0.245340	0.03829880114644766	2.6337448559670777e-05	0.17658784985542297
123720	-2.930555	-1.844165	-1.404813	0.053367	0.176663	0.245413	0.03827520962804556	2.6337448559670777e-05	0.17666129767894745
123840	-2.930047	-1.843860	-1.405244	0.053395	0.176730	0.245307	0.03824628591537475	3.9506172839506166e-05	0.17672882974147797
123960	-2.930060	-1.843353	-1.403775	0.053394	0.176843	0.245668	0.038199758343398574	3.9506172839506166e-05	0.17684224247932434
124080	-2.930479	-1.843249	-1.404109	0.053371	0.176875	0.245586	0.03818881753832102	3.9506172839506166e-05	0.17687447369098663
124200	-2.930791	-1.843288	-1.403621	0.053355	0.176889	0.245706	0.038192041032016275	2.6337448559670777e-05	0.17688891291618347
124320	-2.931752	-1.843133	-1.403398	0.053304	0.176933	0.245761	0.03818077277392149	2.6337448559670777e-05	0.17693205177783966
124440	-2.931696	-1.842771	-1.403218	0.053307	0.177034	0.245805	0.03815052025020123	1.7558299039780518e-05	0.17703290283679962
124560	-2.931156	-1.842481	-1.402476	0.053335	0.177113	0.245987	0.03812154028564692	3.9506172839506166e-05	0.1771118938922882
124680	-2.932643	-1.842370	-1.402359	0.053256	0.177183	0.246016	0.038108151592314246	2.6337448559670777e-05	0.17718277871608734
124800	-2.934260	-1.842379	-1.401877	0.053170	0.177222	0.246135	0.038114103488624096	2.6337448559670777e-05	0.17722034454345703
124920	-2.935709	-1.842191	-1.402345	0.053093	0.177280	0.246019	0.03809690997004509	2.6337448559670777e-05	0.17727911472320557
125040	-2.936685	-1.842093	-1.401035	0.053041	0.177331	0.246342	0.03808682262897491	1.7558299039780518e-05	0.1773306131362915
125160	-2.937483	-1.841695	-1.400610	0.052999	0.177421	0.246447	0.03805140741169453	1.7558299039780518e-05	0.1774197816848755
125280	-2.937883	-1.841478	-1.400537	0.052978	0.177480	0.246464	0.03803093228489161	2.6337448559670777e-05	0.17747895419597626
125400	-2.937883	-1.841112	-1.400372	0.052978	0.177571	0.246505	0.03800151702016592	2.6337448559670777e-05	0.17756995558738708
125520	-2.938028	-1.840918	-1.399773	0.052970	0.177614	0.246653	0.037980415485799314	3.9506172839506166e-05	0.177612766623497
125640	-2.938352	-1.840882	-1.399862	0.052953	0.177632	0.246631	0.03797931801527739	1.7558299039780518e-05	0.17763163149356842
125760	-2.938967	-1.840821	-1.399587	0.052920	0.177665	0.246699	0.03797124307602644	2.6337448559670777e-05	0.1776643693447113
125880	-2.939424	-1.840583	-1.399443	0.052896	0.177740	0.246734	0.037954185530543326	3.9506172839506166e-05	0.17773796617984772
126000	-2.939472	-1.840352	-1.398950	0.052894	0.177802	0.246856	0.037925427220761775	1.7558299039780518e-05	0.17780143022537231
126120	-2.941296	-1.840369	-1.399171	0.052797	0.177829	0.246802	0.03792705684900284	2.6337448559670777e-05	0.17782925069332123
126240	-2.942043	-1.840279	-1.398612	0.052758	0.177862	0.246939	0.0379228500649333	3.9506172839506166e-05	0.17786189913749695
126360	-2.942757	-1.840221	-1.398593	0.052720	0.177895	0.246944	0.03791357148438692	2.6337448559670777e-05	0.1778952181339264
126480	-2.944038	-1.840077	-1.398719	0.052653	0.177937	0.246913	0.03790057301521301	3.9506172839506166e-05	0.1779371052980423
126600	-2.945483	-1.839912	-1.397999	0.052577	0.178012	0.247091	0.03788884822279215	3.9506172839506166e-05	0.1780107468366623
126720	-2.946032	-1.839563	-1.398150	0.052548	0.178096	0.247054	0.03785671964287758	2.6337448559670777e-05	0.17809543013572693
126840	-2.946978	-1.839527	-1.397884	0.052498	0.178131	0.247119	0.03785130847245455	2.6337448559670777e-05	0.17813150584697723
126960	-2.947474	-1.839436	-1.397092	0.052472	0.178180	0.247315	0.037847401946783064	2.6337448559670777e-05	0.17817847430706024
127080	-2.948902	-1.839317	-1.397263	0.052397	0.178229	0.247273	0.037836211174726485	3.9506172839506166e-05	0.17822818458080292
127200	-2.950415	-1.839510	-1.398029	0.052318	0.178211	0.247084	0.037847368605434896	1.7558299039780518e-05	0.17821161448955536
127320	-2.951247	-1.839422	-1.397220	0.052274	0.178249	0.247284	0.03784154187887907	2.6337448559670777e-05	0.1782493144273758
127440	-2.952009	-1.838882	-1.396357	0.052235	0.178378	0.247497	0.037798074446618556	1.7558299039780518e-05	0.1783774346113205
127560	-2.953020	-1.838836	-1.397318	0.052182	0.178410	0.247259	0.03778914902359247	1.7558299039780518e-05	0.17840996384620667
127680	-2.955034	-1.838599	-1.397497	0.052077	0.178479	0.247215	0.03777171410620213	3.9506172839506166e-05	0.178477942943573
127800	-2.957206	-1.838738	-1.397471	0.051964	0.178496	0.247221	0.037779330648481844	2.6337448559670777e-05	0.1784958839416504
127920	-2.957589	-1.838567	-1.396843	0.051944	0.178555	0.247377	0.03776578679680824	1.7558299039780518e-05	0.17855492234230042
128040	-2.958751	-1.838483	-1.396178	0.051884	0.178596	0.247541	0.03776159696280956	2.6337448559670777e-05	0.17859536409378052
128160	-2.959195	-1.838073	-1.395342	0.051861	0.178675	0.247748	0.03772660419344902	3.9506172839506166e-05	0.1786743849515915
128280	-2.960493	-1.837642	-1.395352	0.051793	0.178772	0.247746	0.03768204320222139	3.9506172839506166e-05	0.1787726730108261
128400	-2.960175	-1.837501	-1.395119	0.051810	0.178796	0.247803	0.037668036110699174	1.7558299039780518e-05	0.17879672348499298
128520	-2.961349	-1.837208	-1.394771	0.051749	0.178874	0.247890	0.03764728587120771	2.6337448559670777e-05	0.17887316644191742
128640	-2.962163	-1.836873	-1.394750	0.051707	0.178946	0.247895	0.03761595748364925	2.6337448559670777e-05	0.17894579470157623
128760	-2.961604	-1.836404	-1.393148	0.051736	0.179046	0.248292	0.037575431354343894	2.6337448559670777e-05	0.17904484272003174
128880	-2.962713	-1.835921	-1.392363	0.051679	0.179171	0.248487	0.037532448396086694	2.6337448559670777e-05	0.1791696399450302
129000	-2.962648	-1.835728	-1.392161	0.051682	0.179221	0.248538	0.037515557184815404	2.6337448559670777e-05	0.1792200207710266
129120	-2.963473	-1.835321	-1.391359	0.051639	0.179315	0.248737	0.03747253809124231	3.9506172839506166e-05	0.1793154925107956
129240	-2.964750	-1.834972	-1.391385	0.051573	0.179394	0.248730	0.03744673691689968	2.6337448559670777e-05	0.17939311265945435
129360	-2.966027	-1.834968	-1.391426	0.051508	0.179431	0.248720	0.037444348074495794	2.6337448559670777e-05	0.17943066358566284
129480	-2.966581	-1.834500	-1.390366	0.051479	0.179525	0.248984	0.03740134835243225	2.6337448559670777e-05	0.17952458560466766
129600	-2.967649	-1.834292	-1.390670	0.051424	0.179580	0.248909	0.03738582339137793	2.6337448559670777e-05	0.1795779913663864
129720	-2.968595	-1.834022	-1.390831	0.051375	0.179654	0.248868	0.03735844921320677	2.6337448559670777e-05	0.17965379357337952
129840	-2.969381	-1.833948	-1.390175	0.051335	0.179698	0.249032	0.037353322841227055	2.6337448559670777e-05	0.17969711124897003
129960	-2.970155	-1.833473	-1.390734	0.051295	0.179795	0.248892	0.037309647910296916	2.6337448559670777e-05	0.1797943413257599
130080	-2.969959	-1.833476	-1.390948	0.051305	0.179813	0.248839	0.03730755895376205	3.9506172839506166e-05	0.17981299757957458
130200	-2.970344	-1.833063	-1.389458	0.051286	0.179911	0.249210	0.0372763991355896	2.6337448559670777e-05	0.17990997433662415
130320	-2.970972	-1.832664	-1.387723	0.051253	0.180009	0.249643	0.0372381653636694	2.6337448559670777e-05	0.1800079196691513
130440	-2.972099	-1.832311	-1.387753	0.051196	0.180106	0.249636	0.037209033593535425	2.6337448559670777e-05	0.1801048219203949
130560	-2.973289	-1.832139	-1.388161	0.051135	0.180162	0.249534	0.03718611802905798	2.6337448559670777e-05	0.18016278743743896
130680	-2.974007	-1.832018	-1.388307	0.051098	0.180196	0.249497	0.03717801664024591	2.6337448559670777e-05	0.1801961213350296
130800	-2.975107	-1.831539	-1.387954	0.051042	0.180318	0.249585	0.03714138362556696	3.9506172839506166e-05	0.1803167462348938
130920	-2.975831	-1.831390	-1.387579	0.051005	0.180362	0.249679	0.03712305948138237	2.6337448559670777e-05	0.1803615689277649
131040	-2.977661	-1.831465	-1.386782	0.050912	0.180371	0.249878	0.03712387774139643	2.6337448559670777e-05	0.18037164211273193
131160	-2.978208	-1.831171	-1.385884	0.050884	0.180445	0.250103	0.03710530549287796	1.1705532693187011e-05	0.18044394254684448
131280	-2.979012	-1.830822	-1.384910	0.050843	0.180525	0.250346	0.037072271667420865	2.6337448559670777e-05	0.18052375316619873
131400	-2.979110	-1.830644	-1.384303	0.050838	0.180568	0.250498	0.037053989805281164	2.6337448559670777e-05	0.18056799471378326
131520	-2.979216	-1.830271	-1.383964	0.050833	0.180663	0.250583	0.03702484760433435	2.6337448559670777e-05	0.1806616336107254
131640	-2.980117	-1.829976	-1.384074	0.050787	0.180734	0.250556	0.036995725519955155	1.7558299039780518e-05	0.1807338446378708
131760	-2.980196	-1.829581	-1.383493	0.050783	0.180816	0.250701	0.036961688101291655	1.7558299039780518e-05	0.1808154135942459
131880	-2.979874	-1.829181	-1.382088	0.050799	0.180899	0.251054	0.03692929558455944	3.9506172839506166e-05	0.18089665472507477
132000	-2.980606	-1.828817	-1.380884	0.050762	0.180990	0.251356	0.036889775283634664	2.6337448559670777e-05	0.1809900403022766
132120	-2.981451	-1.828579	-1.379657	0.050719	0.181045	0.251665	0.03686788119375706	2.6337448559670777e-05	0.18104469776153564
132240	-2.983444	-1.828362	-1.379628	0.050618	0.181134	0.251672	0.03685026112943888	2.6337448559670777e-05	0.18113279342651367
132360	-2.984548	-1.828390	-1.379624	0.050562	0.181138	0.251673	0.03685208894312382	2.6337448559670777e-05	0.18113753199577332
132480	-2.984734	-1.828333	-1.379904	0.050553	0.181158	0.251603	0.03684745896607637	2.6337448559670777e-05	0.18115746974945068
132600	-2.985154	-1.828282	-1.379979	0.050532	0.181187	0.251584	0.036842096410691735	1.1705532693187011e-05	0.1811869591474533
132720	-2.985030	-1.828073	-1.379920	0.050538	0.181238	0.251599	0.03682164717465639	1.7558299039780518e-05	0.18123771250247955
132840	-2.987063	-1.827835	-1.378346	0.050435	0.181323	0.251995	0.036804673820734025	2.6337448559670777e-05	0.18132232129573822
132960	-2.988101	-1.827644	-1.377059	0.050383	0.181384	0.252320	0.0367857214063406	2.6337448559670777e-05	0.1813831627368927
133080	-2.988525	-1.827382	-1.376978	0.050362	0.181439	0.252340	0.03676343411207199	1.7558299039780518e-05	0.18143823742866516
133200	-2.989051	-1.827000	-1.376176	0.050335	0.181521	0.252542	0.03672988042235374	3.9506172839506166e-05	0.18151980638504028
133320	-2.990165	-1.826582	-1.376165	0.050279	0.181616	0.252545	0.036698277294635775	3.9506172839506166e-05	0.18161292374134064
133440	-2.990799	-1.826179	-1.375471	0.050247	0.181686	0.252721	0.03664979599416256	2.6337448559670777e-05	0.18168652057647705
133560	-2.992211	-1.826098	-1.376235	0.050176	0.181723	0.252528	0.03664516322314739	2.6337448559670777e-05	0.18172284960746765
133680	-2.993063	-1.826128	-1.375631	0.050134	0.181746	0.252680	0.036646753549575806	2.6337448559670777e-05	0.18174608051776886
133800	-2.993937	-1.826147	-1.375235	0.050090	0.181755	0.252780	0.036647973209619523	2.6337448559670777e-05	0.18175531923770905
133920	-2.994149	-1.826077	-1.374719	0.050079	0.181776	0.252911	0.036644605360925196	2.6337448559670777e-05	0.1817755401134491
134040	-2.994148	-1.825811	-1.374111	0.050079	0.181821	0.253064	0.03662402853369713	2.6337448559670777e-05	0.18181955814361572
134160	-2.995670	-1.825649	-1.373709	0.050003	0.181878	0.253166	0.0366071617230773	3.9506172839506166e-05	0.18187645077705383
134280	-2.996270	-1.825190	-1.373930	0.049973	0.181981	0.253110	0.036566765420138835	2.6337448559670777e-05	0.18198077380657196
134400	-2.997720	-1.824820	-1.373993	0.049901	0.182065	0.253094	0.03653101306408644	2.6337448559670777e-05	0.18206456303596497
134520	-2.998912	-1.824498	-1.372825	0.049841	0.182146	0.253390	0.036505086533725264	3.9506172839506166e-05	0.1821455955505371
134640	-2.999320	-1.824320	-1.372498	0.049821	0.182208	0.253473	0.036486072838306426	2.6337448559670777e-05	0.18220806121826172
134760	-2.999941	-1.824100	-1.372600	0.049790	0.182270	0.253447	0.03646411020308733	3.9506172839506166e-05	0.18226955831050873
134880	-3.002011	-1.823962	-1.371314	0.049687	0.182345	0.253773	0.036453676968812944	3.9506172839506166e-05	0.18234415352344513
135000	-3.002592	-1.823663	-1.369859	0.049658	0.182426	0.254143	0.03642826396971941	2.6337448559670777e-05	0.1824253797531128
135120	-3.002748	-1.823420	-1.369304	0.049650	0.182487	0.254284	0.03640723209828138	2.6337448559670777e-05	0.18248575925827026
135240	-3.002863	-1.823212	-1.369093	0.049645	0.182559	0.254337	0.03638606946915388	2.6337448559670777e-05	0.18255798518657684
135360	-3.004108	-1.823126	-1.369403	0.049583	0.182609	0.254259	0.03637934513390064	3.9506172839506166e-05	0.18260757625102997
135480	-3.005348	-1.823000	-1.368879	0.049521	0.182680	0.254392	0.03636571802198887	1.7558299039780518e-05	0.18267984688282013
135600	-3.007020	-1.822771	-1.368250	0.049439	0.182759	0.254552	0.03634835984557867	3.9506172839506166e-05	0.18275819718837738
135720	-3.007478	-1.822592	-1.368044	0.049416	0.182822	0.254604	0.03632865510880947	2.6337448559670777e-05	0.18282142281532288
135840	-3.008469	-1.822437	-1.368024	0.049367	0.182869	0.254610	0.03631752356886864	3.9506172839506166e-05	0.1828678846359253
135960	-3.008698	-1.822307	-1.367662	0.049356	0.182913	0.254702	0.0363041453063488	2.6337448559670777e-05	0.18291233479976654
136080	-3.008912	-1.821971	-1.366327	0.049345	0.183000	0.255042	0.03627303391695023	2.6337448559670777e-05	0.18300014734268188
136200	-3.009400	-1.821464	-1.364866	0.049321	0.183113	0.255415	0.03622895907610655	2.6337448559670777e-05	0.18311230838298798
136320	-3.009360	-1.820993	-1.364031	0.049323	0.183209	0.255628	0.036188564635813235	1.7558299039780518e-05	0.18320877850055695
136440	-3.010547	-1.820780	-1.364482	0.049265	0.183267	0.255513	0.0361664230003953	2.6337448559670777e-05	0.1832665055990219
136560	-3.011102	-1.820540	-1.364162	0.049237	0.183344	0.255595	0.03614435233175754	2.6337448559670777e-05	0.1833435744047165
136680	-3.011264	-1.820297	-1.363694	0.049229	0.183407	0.255714	0.036122150346636774	2.6337448559670777e-05	0.18340732157230377
136800	-3.011936	-1.820071	-1.362951	0.049196	0.183471	0.255905	0.03610400184988975	2.6337448559670777e-05	0.18347059190273285
136920	-3.012637	-1.819986	-1.361996	0.049162	0.183526	0.256149	0.036097350530326366	2.6337448559670777e-05	0.18352530896663666
137040	-3.013599	-1.819681	-1.361924	0.049115	0.183615	0.256167	0.03606963325291872	2.6337448559670777e-05	0.18361422419548035
137160	-3.014517	-1.819605	-1.360828	0.049070	0.183658	0.256448	0.036062251590192315	1.7558299039780518e-05	0.18365783989429474
137280	-3.016074	-1.819144	-1.359992	0.048993	0.183785	0.256663	0.03602899480611086	3.9506172839506166e-05	0.18378208577632904
137400	-3.015787	-1.818690	-1.358898	0.049007	0.183882	0.256944	0.03598331678658724	2.6337448559670777e-05	0.1838809996843338
137520	-3.016293	-1.818329	-1.358461	0.048982	0.183973	0.257056	0.0359488021582365	2.6337448559670777e-05	0.18397225439548492
137640	-3.017087	-1.818075	-1.358319	0.048944	0.184026	0.257093	0.03592311106622219	3.9506172839506166e-05	0.18402573466300964
137760	-3.017988	-1.817985	-1.357373	0.048900	0.184070	0.257336	0.03591706585139036	1.7558299039780518e-05	0.1840694099664688
137880	-3.018890	-1.817829	-1.356885	0.048855	0.184139	0.257461	0.03589784353971481	2.6337448559670777e-05	0.18413907289505005
138000	-3.019941	-1.817769	-1.356287	0.048804	0.184171	0.257615	0.03589602578431368	2.6337448559670777e-05	0.1841709315776825
138120	-3.021793	-1.817498	-1.355705	0.048714	0.184263	0.257766	0.03588024321943521	3.9506172839506166e-05	0.18425963819026947
138240	-3.021528	-1.817090	-1.355814	0.048727	0.184339	0.257737	0.03583349157124758	2.6337448559670777e-05	0.18433910608291626
138360	-3.022389	-1.816633	-1.355368	0.048685	0.184444	0.257852	0.03579713106155395	2.6337448559670777e-05	0.1844429224729538
138480	-3.023236	-1.816304	-1.354617	0.048644	0.184538	0.258046	0.03576616700738668	2.6337448559670777e-05	0.1845376193523407
138600	-3.023697	-1.816180	-1.353429	0.048621	0.184583	0.258353	0.035756753943860534	3.9506172839506166e-05	0.18458157777786255
138720	-3.023268	-1.815823	-1.353240	0.048642	0.184652	0.258402	0.03572121951729059	2.6337448559670777e-05	0.1846519410610199
138840	-3.024304	-1.815698	-1.353068	0.048592	0.184688	0.258446	0.0357079928740859	2.6337448559670777e-05	0.18468722701072693
138960	-3.024958	-1.815527	-1.351983	0.048560	0.184739	0.258727	0.03569144569337368	1.7558299039780518e-05	0.18473945558071136
139080	-3.025465	-1.815387	-1.351094	0.048535	0.184783	0.258957	0.03568070773035288	2.6337448559670777e-05	0.18478290736675262
139200	-3.027126	-1.815199	-1.350891	0.048455	0.184850	0.259009	0.03566832896322012	2.6337448559670777e-05	0.18484818935394287
139320	-3.027047	-1.814821	-1.350113	0.048459	0.184923	0.259211	0.0356316763907671	2.6337448559670777e-05	0.18492230772972107
139440	-3.027215	-1.814325	-1.348654	0.048450	0.185039	0.259589	0.0355854906141758	3.9506172839506166e-05	0.18503929674625397
139560	-3.027465	-1.814264	-1.349122	0.048438	0.185055	0.259468	0.03557840082794428	2.6337448559670777e-05	0.1850549727678299
139680	-3.027347	-1.814126	-1.348261	0.048444	0.185092	0.259691	0.03556702192872763	2.6337448559670777e-05	0.18509171903133392
139800	-3.026789	-1.813538	-1.347430	0.048471	0.185219	0.259907	0.03551886472851038	2.6337448559670777e-05	0.18521776795387268
139920	-3.027329	-1.813271	-1.346331	0.048445	0.185282	0.260193	0.035489691980183126	1.7558299039780518e-05	0.18528185784816742
140040	-3.028376	-1.813092	-1.345470	0.048394	0.185348	0.260417	0.03547339998185635	1.7558299039780518e-05	0.1853477507829666
140160	-3.028159	-1.812845	-1.345403	0.048405	0.185399	0.260435	0.035457979701459405	2.6337448559670777e-05	0.18539690971374512
140280	-3.028461	-1.812525	-1.345875	0.048390	0.185485	0.260312	0.0354247709736228	2.6337448559670777e-05	0.18548467755317688
140400	-3.028713	-1.812278	-1.345430	0.048378	0.185528	0.260428	0.03540042899549008	2.6337448559670777e-05	0.18552838265895844
140520	-3.029685	-1.811736	-1.344508	0.048331	0.185659	0.260668	0.03535972554236651	3.9506172839506166e-05	0.18565653264522552
140640	-3.032103	-1.811452	-1.344247	0.048214	0.185763	0.260736	0.03532761093229055	2.6337448559670777e-05	0.18576303124427795
140760	-3.032809	-1.811240	-1.343632	0.048180	0.185840	0.260896	0.03530679177492857	2.6337448559670777e-05	0.18583935499191284
140880	-3.034078	-1.811103	-1.343397	0.048119	0.185906	0.260958	0.0352981137111783	2.6337448559670777e-05	0.1859048455953598
141000	-3.034580	-1.810869	-1.342897	0.048095	0.185970	0.261088	0.035273763723671435	2.6337448559670777e-05	0.185969278216362
141120	-3.035468	-1.810691	-1.342446	0.048052	0.186036	0.261206	0.0352582985535264	2.6337448559670777e-05	0.18603555858135223
141240	-3.037040	-1.810523	-1.341961	0.047977	0.186105	0.261333	0.035241699405014516	2.6337448559670777e-05	0.18610556423664093
141360	-3.037078	-1.810338	-1.341183	0.047975	0.186150	0.261536	0.035228749550879	2.6337448559670777e-05	0.18614941835403442
141480	-3.037616	-1.810239	-1.341742	0.047949	0.186208	0.261390	0.035213755816221236	1.7558299039780518e-05	0.18620766699314117
141600	-3.038618	-1.809993	-1.340537	0.047901	0.186273	0.261705	0.03520025741308928	2.6337448559670777e-05	0.1862712949514389
141720	-3.037802	-1.809509	-1.339844	0.047940	0.186381	0.261887	0.03515802770853042	2.6337448559670777e-05	0.1863792985677719
141840	-3.038559	-1.809098	-1.339059	0.047904	0.186478	0.262092	0.03512094467878342	1.1705532693187011e-05	0.18647755682468414
141960	-3.038470	-1.808817	-1.338505	0.047908	0.186543	0.262237	0.03509202264249325	1.7558299039780518e-05	0.18654228746891022
142080	-3.039677	-1.808307	-1.337232	0.047850	0.186679	0.262571	0.035051964409649375	3.9506172839506166e-05	0.1866770088672638
142200	-3.041640	-1.808176	-1.335983	0.047757	0.186749	0.262900	0.03502892628312111	2.6337448559670777e-05	0.18674936890602112
142320	-3.042352	-1.808272	-1.336070	0.047723	0.186745	0.262877	0.03504239208996296	2.6337448559670777e-05	0.18674439191818237
142440	-3.043306	-1.808300	-1.336357	0.047677	0.186750	0.262801	0.035040483437478544	3.9506172839506166e-05	0.18675030767917633
142560	-3.043722	-1.808034	-1.336365	0.047657	0.186806	0.262799	0.035024900920689106	2.6337448559670777e-05	0.18680496513843536
142680	-3.044815	-1.807566	-1.335082	0.047605	0.186919	0.263137	0.03498171605169773	2.6337448559670777e-05	0.18691828846931458
142800	-3.045317	-1.807350	-1.335511	0.047581	0.186988	0.263024	0.034959211573004724	2.6337448559670777e-05	0.18698668479919434
142920	-3.046180	-1.806906	-1.334635	0.047540	0.187097	0.263254	0.03491911925375461	2.6337448559670777e-05	0.18709607422351837
143040	-3.047266	-1.806852	-1.334285	0.047489	0.187125	0.263346	0.03491414375603199	2.6337448559670777e-05	0.1871248185634613
143160	-3.047609	-1.806581	-1.334945	0.047472	0.187190	0.263173	0.03488917201757431	1.7558299039780518e-05	0.18718887865543365
143280	-3.048308	-1.806288	-1.334495	0.047439	0.187264	0.263291	0.03486780654639006	2.6337448559670777e-05	0.1872621327638626
143400	-3.048889	-1.805806	-1.333887	0.047412	0.187373	0.263451	0.034818646498024464	2.6337448559670777e-05	0.1873723864555359
143520	-3.049982	-1.805775	-1.332805	0.047360	0.187413	0.263737	0.0348163653165102	2.6337448559670777e-05	0.1874125599861145
143640	-3.050127	-1.805441	-1.332625	0.047353	0.187478	0.263784	0.03478463534265756	1.7558299039780518e-05	0.18747833371162415
143760	-3.050599	-1.805173	-1.332318	0.047331	0.187561	0.263865	0.034762203320860864	2.6337448559670777e-05	0.18756034970283508
143880	-3.051184	-1.804976	-1.332109	0.047303	0.187619	0.263920	0.034746045060455796	2.6337448559670777e-05	0.18761812150478363
144000	-3.051557	-1.804831	-1.331668	0.047285	0.187675	0.264036	0.03472867384552956	2.6337448559670777e-05	0.18767520785331726
144120	-3.052634	-1.804659	-1.331143	0.047234	0.187730	0.264175	0.03471312914043665	2.6337448559670777e-05	0.18772993981838226
144240	-3.053874	-1.804401	-1.330061	0.047176	0.187799	0.264461	0.0346932714805007	1.7558299039780518e-05	0.18779870867729187
144360	-3.054674	-1.804122	-1.329245	0.047138	0.187876	0.264677	0.03466982524842024	2.6337448559670777e-05	0.18787544965744019
144480	-3.055125	-1.803864	-1.329543	0.047117	0.187937	0.264598	0.03464523591101169	2.6337448559670777e-05	0.1879369020462036
144600	-3.055398	-1.803696	-1.329217	0.047104	0.187984	0.264684	0.034628324396908286	2.6337448559670777e-05	0.18798427283763885
144720	-3.056194	-1.803732	-1.328706	0.047066	0.188008	0.264820	0.034635231085121634	2.6337448559670777e-05	0.18800665438175201
144840	-3.058051	-1.803412	-1.327893	0.046979	0.188090	0.265035	0.03460585046559572	3.9506172839506166e-05	0.18808889389038086
144960	-3.058286	-1.803214	-1.327528	0.046968	0.188155	0.265132	0.03458959758281708	3.9506172839506166e-05	0.18815377354621887
145080	-3.058560	-1.802907	-1.326989	0.046955	0.188239	0.265275	0.03455948475748301	2.6337448559670777e-05	0.18823868036270142
145200	-3.059634	-1.802923	-1.326384	0.046905	0.188251	0.265435	0.03455295506864786	2.6337448559670777e-05	0.18825213611125946
145320	-3.060257	-1.802849	-1.326275	0.046876	0.188287	0.265464	0.03455312997102737	2.6337448559670777e-05	0.18828633427619934
145440	-3.061048	-1.802641	-1.327233	0.046839	0.188355	0.265210	0.03453609105199575	2.6337448559670777e-05	0.1883547306060791
145560	-3.061145	-1.802453	-1.326771	0.046834	0.188412	0.265333	0.034520392306149006	2.6337448559670777e-05	0.18841135501861572
145680	-3.061609	-1.802239	-1.326803	0.046812	0.188480	0.265324	0.03449844475835562	2.6337448559670777e-05	0.18847966194152832
145800	-3.062306	-1.801949	-1.326580	0.046780	0.188551	0.265383	0.034472919069230556	1.1705532693187011e-05	0.1885504573583603
145920	-3.062248	-1.801644	-1.326553	0.046782	0.188619	0.265390	0.034448514319956304	2.6337448559670777e-05	0.18861790001392365
146040	-3.062564	-1.801189	-1.326151	0.046768	0.188738	0.265497	0.03440785706043244	2.6337448559670777e-05	0.18873697519302368
146160	-3.063533	-1.800913	-1.326504	0.046722	0.188809	0.265403	0.03437845967710018	2.6337448559670777e-05	0.18880902230739594
146280	-3.063871	-1.800692	-1.326649	0.046707	0.188877	0.265365	0.03435773756355047	2.6337448559670777e-05	0.1888759285211563
146400	-3.064647	-1.800465	-1.326338	0.046670	0.188944	0.265447	0.034337970241904256	2.6337448559670777e-05	0.18894365429878235
146520	-3.065493	-1.800319	-1.326724	0.046631	0.188979	0.265345	0.03432593457400799	2.6337448559670777e-05	0.1889784038066864
146640	-3.065960	-1.800110	-1.326599	0.046609	0.189038	0.265378	0.034308289736509325	2.6337448559670777e-05	0.18903771042823792
146760	-3.067042	-1.799925	-1.325188	0.046559	0.189095	0.265753	0.03428968191146851	2.6337448559670777e-05	0.18909460306167603
146880	-3.067374	-1.799634	-1.323930	0.046543	0.189172	0.266088	0.034267422184348105	2.6337448559670777e-05	0.18917113542556763
147000	-3.067864	-1.799011	-1.323390	0.046520	0.189318	0.266231	0.0342078372836113	2.6337448559670777e-05	0.18931789696216583
147120	-3.068483	-1.798803	-1.322744	0.046492	0.189383	0.266403	0.03419053219258785	2.6337448559670777e-05	0.189381405711174
147240	-3.069600	-1.798609	-1.323132	0.046440	0.189434	0.266300	0.03417051397264004	2.6337448559670777e-05	0.18943335115909576
147360	-3.069557	-1.798194	-1.323245	0.046442	0.189529	0.266270	0.03413746990263462	2.6337448559670777e-05	0.18952788412570953
147480	-3.069642	-1.798110	-1.323233	0.046438	0.189555	0.266273	0.034126301668584345	2.6337448559670777e-05	0.18955488502979279
147600	-3.070964	-1.797898	-1.323003	0.046376	0.189625	0.266334	0.03410950154066086	2.6337448559670777e-05	0.18962447345256805
147720	-3.071262	-1.797543	-1.322948	0.046363	0.189706	0.266349	0.03407643083482981	2.6337448559670777e-05	0.1897057741880417
147840	-3.072140	-1.797441	-1.323757	0.046322	0.189735	0.266134	0.034067201986908914	2.6337448559670777e-05	0.1897345632314682
147960	-3.072977	-1.797215	-1.323547	0.046283	0.189795	0.266189	0.0340491870418191	2.6337448559670777e-05	0.18979425728321075
148080	-3.073029	-1.797079	-1.323442	0.046281	0.189833	0.266217	0.03403119407594204	2.6337448559670777e-05	0.18983317911624908
148200	-3.073591	-1.796656	-1.323275	0.046255	0.189949	0.266262	0.03400001171976328	2.6337448559670777e-05	0.18994709849357605
148320	-3.074630	-1.796106	-1.323257	0.046207	0.190079	0.266267	0.03395117409527302	2.6337448559670777e-05	0.19007733464241028
148440	-3.074674	-1.795749	-1.322527	0.046205	0.190179	0.266461	0.033915432170033455	2.6337448559670777e-05	0.19017867743968964
148560	-3.074074	-1.795349	-1.322279	0.046232	0.190265	0.266527	0.03387703076004982	1.7558299039780518e-05	0.19026456773281097
148680	-3.074053	-1.795084	-1.322562	0.046233	0.190319	0.266452	0.033854122087359426	2.6337448559670777e-05	0.19031937420368195
148800	-3.074183	-1.794925	-1.322175	0.046227	0.190366	0.266555	0.033838819712400436	2.6337448559670777e-05	0.19036538898944855
148920	-3.075498	-1.794731	-1.322221	0.046167	0.190424	0.266543	0.03382305353879929	2.6337448559670777e-05	0.19042357802391052
149040	-3.076755	-1.794512	-1.321988	0.046109	0.190501	0.266605	0.033801686391234397	1.7558299039780518e-05	0.19050124287605286
149160	-3.077173	-1.794283	-1.321581	0.046089	0.190565	0.266713	0.033787702955305574	3.9506172839506166e-05	0.1905629187822342
149280	-3.077743	-1.794014	-1.321048	0.046063	0.190633	0.266855	0.033754868805408476	2.6337448559670777e-05	0.19063301384449005
149400	-3.079604	-1.793952	-1.322057	0.045977	0.190685	0.266587	0.033752364292740825	2.6337448559670777e-05	0.19068457186222076
149520	-3.080145	-1.793643	-1.322031	0.045953	0.190773	0.266593	0.03372562974691391	2.6337448559670777e-05	0.19077204167842865
149640	-3.080299	-1.793381	-1.322060	0.045946	0.190833	0.266586	0.03370643854141235	2.6337448559670777e-05	0.19083154201507568
149760	-3.080407	-1.793127	-1.321502	0.045941	0.190895	0.266734	0.033677436783909796	2.6337448559670777e-05	0.1908944696187973
149880	-3.081065	-1.792934	-1.320396	0.045910	0.190960	0.267030	0.03365949466824532	2.6337448559670777e-05	0.19095933437347412
150000	-3.081591	-1.792650	-1.320382	0.045886	0.191025	0.267033	0.03363664969801903	1.7558299039780518e-05	0.19102400541305542
150120	-3.083554	-1.792384	-1.320519	0.045796	0.191104	0.266997	0.033613866195082664	1.7558299039780518e-05	0.1911032497882843
150240	-3.083776	-1.792222	-1.320396	0.045786	0.191143	0.267029	0.033600999228656295	2.6337448559670777e-05	0.19114139676094055
150360	-3.084380	-1.792117	-1.320431	0.045758	0.191195	0.267020	0.033583948761224745	2.6337448559670777e-05	0.19119496643543243
150480	-3.085397	-1.791992	-1.320302	0.045712	0.191250	0.267055	0.03357554897665978	2.6337448559670777e-05	0.191249281167984
150600	-3.085349	-1.791757	-1.320053	0.045714	0.191313	0.267121	0.0335566233843565	2.6337448559670777e-05	0.1913122683763504
150720	-3.085022	-1.791666	-1.320667	0.045729	0.191341	0.266957	0.03354627676308155	2.6337448559670777e-05	0.19134122133255005
150840	-3.084999	-1.791481	-1.320047	0.045730	0.191402	0.267123	0.03353094309568405	1.7558299039780518e-05	0.1914019137620926
150960	-3.085407	-1.791222	-1.319136	0.045711	0.191473	0.267366	0.03350908644497395	3.9506172839506166e-05	0.19147169589996338
151080	-3.085553	-1.790799	-1.318398	0.045705	0.191585	0.267564	0.033468845672905444	2.6337448559670777e-05	0.19158422946929932
151200	-3.086182	-1.790663	-1.318045	0.045676	0.191628	0.267658	0.03345665205270052	1.7558299039780518e-05	0.19162693619728088
151320	-3.085584	-1.790507	-1.318429	0.045703	0.191671	0.267555	0.03344055339694023	2.6337448559670777e-05	0.1916707307100296
151440	-3.085342	-1.790129	-1.318893	0.045714	0.191767	0.267431	0.033408614434301855	2.6337448559670777e-05	0.1917658895254135
151560	-3.085738	-1.789863	-1.317908	0.045696	0.191834	0.267695	0.033381891436874866	1.7558299039780518e-05	0.19183413684368134
151680	-3.086844	-1.789738	-1.317787	0.045646	0.191890	0.267727	0.03337059747427702	1.7558299039780518e-05	0.191890150308609
151800	-3.087723	-1.789410	-1.317528	0.045606	0.191989	0.267797	0.0333418408408761	2.6337448559670777e-05	0.19198933243751526
151920	-3.088776	-1.789067	-1.316884	0.045558	0.192088	0.267969	0.03331536371260881	2.6337448559670777e-05	0.19208687543869019
152040	-3.088921	-1.788702	-1.316725	0.045551	0.192164	0.268012	0.03328447267413139	2.6337448559670777e-05	0.19216279685497284
152160	-3.088786	-1.788362	-1.315873	0.045557	0.192262	0.268240	0.033250320702791214	2.6337448559670777e-05	0.1922614872455597
152280	-3.088577	-1.787976	-1.315553	0.045567	0.192358	0.268326	0.03321996852755547	2.6337448559670777e-05	0.19235655665397644
152400	-3.088856	-1.787521	-1.314475	0.045554	0.192471	0.268615	0.03317795656621456	1.7558299039780518e-05	0.19247031211853027
152520	-3.089739	-1.787098	-1.313831	0.045514	0.192574	0.268788	0.03313688039779663	2.6337448559670777e-05	0.19257314503192902
152640	-3.089961	-1.786754	-1.312779	0.045504	0.192672	0.269071	0.03310498092323542	2.6337448559670777e-05	0.19267140328884125
152760	-3.089961	-1.786332	-1.312484	0.045504	0.192759	0.269151	0.03306641113013029	2.6337448559670777e-05	0.1927584409713745
152880	-3.090550	-1.786151	-1.312274	0.045477	0.192799	0.269207	0.033051667362451555	2.6337448559670777e-05	0.1927984058856964
153000	-3.090658	-1.785839	-1.311816	0.045472	0.192874	0.269331	0.033024789020419124	2.6337448559670777e-05	0.19287335872650146
153120	-3.091020	-1.785462	-1.310766	0.045456	0.192965	0.269613	0.03299289159476757	3.9506172839506166e-05	0.19296349585056305
153240	-3.091719	-1.785036	-1.310605	0.045424	0.193067	0.269657	0.03295795172452927	3.9506172839506166e-05	0.1930648684501648
153360	-3.092666	-1.784656	-1.310231	0.045381	0.193174	0.269758	0.032917269691824916	1.7558299039780518e-05	0.1931736022233963
153480	-3.092719	-1.784423	-1.309115	0.045378	0.193237	0.270059	0.03289652187377214	1.1705532693187011e-05	0.1932360827922821
153600	-3.093876	-1.784315	-1.309229	0.045326	0.193282	0.270028	0.03288703225553036	2.6337448559670777e-05	0.19328062236309052
153720	-3.094575	-1.784140	-1.309435	0.045294	0.193334	0.269973	0.03286845572292805	2.6337448559670777e-05	0.19333377480506897
153840	-3.094750	-1.784041	-1.309412	0.045286	0.193387	0.269979	0.03286328017711639	2.6337448559670777e-05	0.19338557124137878
153960	-3.095065	-1.783558	-1.307580	0.045272	0.193500	0.270474	0.03281517643481493	1.7558299039780518e-05	0.1935006082057953
154080	-3.095135	-1.783284	-1.307424	0.045269	0.193570	0.270516	0.03279633149504661	2.6337448559670777e-05	0.19356894493103027
154200	-3.095688	-1.782968	-1.306882	0.045244	0.193634	0.270663	0.03276553936302662	2.6337448559670777e-05	0.19363299012184143
154320	-3.095957	-1.782233	-1.305814	0.045232	0.193798	0.270952	0.032699739746749404	2.6337448559670777e-05	0.19379670917987823
154440	-3.095638	-1.781791	-1.305158	0.045246	0.193894	0.271130	0.03265751861035824	2.6337448559670777e-05	0.1938943713903427
154560	-3.095711	-1.781521	-1.304207	0.045243	0.193957	0.271388	0.032635688036680224	2.6337448559670777e-05	0.19395656883716583
154680	-3.096581	-1.781314	-1.303345	0.045203	0.194023	0.271622	0.03261620439589023	2.6337448559670777e-05	0.1940227448940277
154800	-3.097063	-1.781025	-1.301952	0.045182	0.194100	0.272000	0.032592831179499626	2.6337448559670777e-05	0.19409878551959991
154920	-3.097689	-1.780813	-1.301607	0.045153	0.194165	0.272094	0.03256777208298445	1.7558299039780518e-05	0.19416512548923492
155040	-3.098061	-1.780573	-1.301394	0.045137	0.194228	0.272152	0.032546073384583	2.6337448559670777e-05	0.19422747194766998
155160	-3.097855	-1.780471	-1.301853	0.045146	0.194254	0.272027	0.032537723705172536	2.6337448559670777e-05	0.19425393640995026
155280	-3.098535	-1.780419	-1.301803	0.045115	0.194279	0.272041	0.032534798979759215	2.6337448559670777e-05	0.1942792534828186
155400	-3.098559	-1.779920	-1.301360	0.045114	0.194393	0.272162	0.03249217122793198	1.1705532693187011e-05	0.1943923979997635
155520	-3.098942	-1.779644	-1.300661	0.045097	0.194454	0.272352	0.032469790615141395	2.6337448559670777e-05	0.19445210695266724
155640	-3.099845	-1.779146	-1.300430	0.045056	0.194574	0.272415	0.032421269826591013	2.6337448559670777e-05	0.19457322359085083
155760	-3.100455	-1.778743	-1.299422	0.045029	0.194667	0.272689	0.032388625852763656	2.6337448559670777e-05	0.19466541707515717
155880	-3.100670	-1.778344	-1.299077	0.045019	0.194765	0.272783	0.032349342666566375	2.6337448559670777e-05	0.19476479291915894
156000	-3.100750	-1.777881	-1.298555	0.045015	0.194875	0.272926	0.03230850752443075	2.6337448559670777e-05	0.19487446546554565
156120	-3.100884	-1.777161	-1.296862	0.045009	0.195047	0.273388	0.03224474750459194	2.6337448559670777e-05	0.19504566490650177
156240	-3.102023	-1.776822	-1.296173	0.044958	0.195144	0.273577	0.032214400731027125	1.1705532693187011e-05	0.19514289498329163
156360	-3.102479	-1.776534	-1.295584	0.044938	0.195232	0.273738	0.032186520844697954	3.9506172839506166e-05	0.1952298879623413
156480	-3.103094	-1.776186	-1.294720	0.044910	0.195338	0.273974	0.032158640958368775	2.6337448559670777e-05	0.19533689320087433
156600	-3.104292	-1.775878	-1.293618	0.044856	0.195438	0.274277	0.032125376537442206	1.7558299039780518e-05	0.1954374462366104
156720	-3.104932	-1.775419	-1.291961	0.044828	0.195540	0.274731	0.032089729234576224	2.6337448559670777e-05	0.19553813338279724
156840	-3.104723	-1.774861	-1.291065	0.044837	0.195662	0.274978	0.03203790821135044	2.6337448559670777e-05	0.1956612765789032
156960	-3.105294	-1.774506	-1.290488	0.044811	0.195742	0.275136	0.03200704623013735	3.9506172839506166e-05	0.1957402527332306
157080	-3.106750	-1.774482	-1.289789	0.044746	0.195780	0.275329	0.031999840028584005	1.7558299039780518e-05	0.19577975571155548
157200	-3.106858	-1.774085	-1.290340	0.044741	0.195858	0.275177	0.03196786735206843	2.6337448559670777e-05	0.19585663080215454
157320	-3.107568	-1.773642	-1.290416	0.044710	0.195972	0.275156	0.03192679677158594	2.6337448559670777e-05	0.19597043097019196
157440	-3.108600	-1.773235	-1.289660	0.044663	0.196085	0.275364	0.0318902151659131	3.9506172839506166e-05	0.1960841715335846
157560	-3.108485	-1.772969	-1.290378	0.044669	0.196143	0.275167	0.031865463592112064	3.9506172839506166e-05	0.1961423009634018
157680	-3.108758	-1.772534	-1.289506	0.044656	0.196248	0.275407	0.031827148795127866	2.6337448559670777e-05	0.19624736905097961
157800	-3.109954	-1.772401	-1.288061	0.044603	0.196311	0.275805	0.031810063123703006	3.9506172839506166e-05	0.19631025195121765
157920	-3.110451	-1.772257	-1.287153	0.044581	0.196364	0.276056	0.03180301617830992	3.9506172839506166e-05	0.1963622123003006
158040	-3.110482	-1.771587	-1.286624	0.044579	0.196512	0.276202	0.03174562472850084	2.6337448559670777e-05	0.1965111494064331
158160	-3.110703	-1.771602	-1.286134	0.044570	0.196521	0.276337	0.031737444922327995	1.7558299039780518e-05	0.19652114808559418
158280	-3.111011	-1.771456	-1.285059	0.044556	0.196574	0.276634	0.03172964565455914	2.6337448559670777e-05	0.1965731829404831
158400	-3.112265	-1.771241	-1.284878	0.044500	0.196645	0.276684	0.03171205446124077	2.6337448559670777e-05	0.1966433823108673
158520	-3.113321	-1.771033	-1.284260	0.044453	0.196713	0.276855	0.03169375211000443	2.6337448559670777e-05	0.1967121660709381
158640	-3.113303	-1.770838	-1.283490	0.044454	0.196773	0.277069	0.03167309872806072	1.7558299039780518e-05	0.196772500872612
158760	-3.114233	-1.770395	-1.282907	0.044413	0.196867	0.277230	0.03163793366402388	3.9506172839506166e-05	0.1968659907579422
158880	-3.114158	-1.770008	-1.282522	0.044416	0.196972	0.277337	0.03160223048180342	2.6337448559670777e-05	0.19697044789791107
159000	-3.114514	-1.769520	-1.282011	0.044400	0.197093	0.277479	0.031556461937725544	2.6337448559670777e-05	0.19709233939647675
159120	-3.114922	-1.769179	-1.281231	0.044382	0.197196	0.277695	0.0315211420878768	1.7558299039780518e-05	0.197196364402771
159240	-3.115110	-1.768920	-1.280507	0.044374	0.197267	0.277896	0.031500456668436524	1.1705532693187011e-05	0.19726695120334625
159360	-3.115760	-1.768720	-1.279590	0.044345	0.197334	0.278151	0.03147951457649469	2.6337448559670777e-05	0.19733412563800812
159480	-3.116826	-1.768465	-1.279329	0.044298	0.197405	0.278224	0.031462321616709234	3.9506172839506166e-05	0.19740332663059235
159600	-3.116923	-1.768144	-1.278941	0.044293	0.197499	0.278332	0.03143252581357956	1.7558299039780518e-05	0.1974983960390091
159720	-3.117247	-1.767790	-1.277988	0.044279	0.197590	0.278597	0.03140014633536339	2.6337448559670777e-05	0.19758950173854828
159840	-3.117624	-1.767428	-1.278943	0.044262	0.197675	0.278331	0.03136906400322914	2.6337448559670777e-05	0.19767333567142487
159960	-3.119201	-1.767094	-1.277945	0.044192	0.197768	0.278609	0.0313387094065547	2.6337448559670777e-05	0.19776684045791626
160080	-3.119370	-1.766648	-1.276551	0.044185	0.197878	0.278998	0.031298294104635714	2.6337448559670777e-05	0.19787701964378357
160200	-3.120466	-1.766534	-1.276492	0.044137	0.197917	0.279014	0.03128628917038441	2.6337448559670777e-05	0.197916179895401
160320	-3.120526	-1.766197	-1.275840	0.044134	0.197993	0.279196	0.03125605918467045	2.6337448559670777e-05	0.19799283146858215
160440	-3.120674	-1.765887	-1.275822	0.044127	0.198059	0.279201	0.031225650385022164	2.6337448559670777e-05	0.198059543967247
160560	-3.121013	-1.765576	-1.274679	0.044112	0.198152	0.279521	0.031201280746608974	1.7558299039780518e-05	0.1981515735387802
160680	-3.121328	-1.765219	-1.274365	0.044099	0.198254	0.279608	0.031167835742235184	2.6337448559670777e-05	0.1982535570859909
160800	-3.122240	-1.765058	-1.273655	0.044058	0.198320	0.279807	0.03115216111764312	3.9506172839506166e-05	0.19831962883472443
160920	-3.123405	-1.764648	-1.272898	0.044007	0.198425	0.280019	0.0311158774420619	2.6337448559670777e-05	0.1984250694513321
161040	-3.122862	-1.764467	-1.273034	0.044031	0.198460	0.279981	0.031096856854856015	2.6337448559670777e-05	0.1984599083662033
161160	-3.123220	-1.764257	-1.272323	0.044015	0.198509	0.280180	0.031077961158007383	2.6337448559670777e-05	0.19850948452949524
161280	-3.123839	-1.764033	-1.272435	0.043988	0.198568	0.280149	0.031060084886848926	2.6337448559670777e-05	0.19856736063957214
161400	-3.123475	-1.763574	-1.272924	0.044004	0.198656	0.280012	0.031021685991436242	2.6337448559670777e-05	0.19865460693836212
161520	-3.124038	-1.763208	-1.272388	0.043979	0.198741	0.280162	0.03098625848069787	2.6337448559670777e-05	0.19874054193496704
161640	-3.124794	-1.762926	-1.272552	0.043946	0.198821	0.280116	0.03096254952251911	1.7558299039780518e-05	0.1988200843334198
161760	-3.126518	-1.762726	-1.272301	0.043870	0.198891	0.280186	0.03094386272132397	2.6337448559670777e-05	0.19888988137245178
161880	-3.127043	-1.762431	-1.271694	0.043847	0.198962	0.280356	0.03091698158532381	1.7558299039780518e-05	0.1989615112543106
162000	-3.127136	-1.761961	-1.270800	0.043843	0.199074	0.280607	0.030874108709394932	1.7558299039780518e-05	0.19907395541667938
162120	-3.126897	-1.761923	-1.271059	0.043854	0.199091	0.280534	0.03087043100968003	2.6337448559670777e-05	0.1990908533334732
162240	-3.126785	-1.761641	-1.270451	0.043859	0.199153	0.280705	0.0308459946885705	2.6337448559670777e-05	0.19915249943733215
162360	-3.127602	-1.761124	-1.270098	0.043823	0.199275	0.280804	0.03079899763688445	2.6337448559670777e-05	0.1992749273777008
162480	-3.127098	-1.760944	-1.269506	0.043845	0.199325	0.280970	0.030781058128923178	2.6337448559670777e-05	0.1993250846862793
162600	-3.127768	-1.760452	-1.268050	0.043815	0.199451	0.281380	0.03074287259951234	1.7558299039780518e-05	0.19944971799850464
162720	-3.128663	-1.760182	-1.268019	0.043776	0.199528	0.281388	0.030713781621307133	2.6337448559670777e-05	0.1995270848274231
162840	-3.129751	-1.760169	-1.267850	0.043729	0.199563	0.281436	0.030711835715919733	2.6337448559670777e-05	0.1995629221200943
162960	-3.130541	-1.759677	-1.266191	0.043694	0.199693	0.281903	0.030672485753893853	1.7558299039780518e-05	0.19969207048416138
163080	-3.130041	-1.759417	-1.265305	0.043716	0.199770	0.282153	0.03064541518688202	2.6337448559670777e-05	0.1997690200805664
163200	-3.130321	-1.759201	-1.265129	0.043704	0.199827	0.282203	0.030625698622316122	2.6337448559670777e-05	0.19982707500457764
163320	-3.130465	-1.758985	-1.264751	0.043697	0.199879	0.282310	0.030600965674966573	2.6337448559670777e-05	0.19987885653972626
163440	-3.130812	-1.758675	-1.264793	0.043682	0.199944	0.282298	0.030575189832597972	2.6337448559670777e-05	0.19994421303272247
163560	-3.132156	-1.758398	-1.265194	0.043624	0.200006	0.282185	0.030553808342665432	2.6337448559670777e-05	0.20000530779361725
163680	-3.132524	-1.758068	-1.263491	0.043608	0.200095	0.282665	0.030525774229317904	2.6337448559670777e-05	0.20009422302246094
163800	-3.132722	-1.757854	-1.262330	0.043599	0.200154	0.282994	0.030503599811345337	2.6337448559670777e-05	0.2001536339521408
163920	-3.133080	-1.757499	-1.261655	0.043583	0.200230	0.283185	0.030472218338400126	2.6337448559670777e-05	0.2002299427986145
164040	-3.133751	-1.757240	-1.261099	0.043554	0.200305	0.283342	0.030450824368745088	2.6337448559670777e-05	0.20030410587787628
164160	-3.134691	-1.756864	-1.259965	0.043513	0.200409	0.283664	0.03041691184043884	1.7558299039780518e-05	0.2004084289073944
164280	-3.135172	-1.756498	-1.259761	0.043492	0.200509	0.283722	0.030386408884078266	2.6337448559670777e-05	0.20050716400146484
164400	-3.135995	-1.756177	-1.259339	0.043456	0.200613	0.283842	0.03035427825525403	1.7558299039780518e-05	0.2006128579378128
164520	-3.135780	-1.755657	-1.258205	0.043466	0.200720	0.284164	0.030309538822621107	2.6337448559670777e-05	0.200718492269516
164640	-3.135908	-1.755305	-1.257901	0.043460	0.200805	0.284250	0.030276009161025286	2.6337448559670777e-05	0.20080365240573883
164760	-3.136284	-1.754969	-1.257564	0.043444	0.200893	0.284346	0.030253433715552093	3.9506172839506166e-05	0.20089079439640045
164880	-3.137114	-1.754478	-1.256952	0.043408	0.201030	0.284520	0.03020424712449312	2.6337448559670777e-05	0.20102831721305847
165000	-3.138167	-1.754018	-1.256581	0.043362	0.201160	0.284626	0.030162289552390576	2.6337448559670777e-05	0.20115844905376434
165120	-3.138502	-1.753571	-1.255569	0.043348	0.201280	0.284914	0.030122439842671156	1.7558299039780518e-05	0.20127908885478973
165240	-3.138939	-1.753327	-1.255020	0.043329	0.201346	0.285070	0.03009632360190153	2.6337448559670777e-05	0.2013455480337143
165360	-3.139075	-1.753125	-1.254903	0.043323	0.201380	0.285103	0.030078993737697603	1.7558299039780518e-05	0.20137976109981537
165480	-3.139613	-1.752942	-1.255143	0.043300	0.201424	0.285035	0.030063137505203487	2.6337448559670777e-05	0.2014232873916626
165600	-3.140482	-1.752828	-1.254467	0.043262	0.201474	0.285228	0.030050442181527616	1.7558299039780518e-05	0.2014739066362381
165720	-3.141077	-1.752547	-1.253073	0.043236	0.201548	0.285626	0.030027553997933866	1.7558299039780518e-05	0.2015475481748581
165840	-3.141855	-1.752272	-1.252639	0.043203	0.201630	0.285750	0.03000132702291012	2.6337448559670777e-05	0.20162883400917053
165960	-3.141714	-1.752104	-1.252620	0.043209	0.201669	0.285755	0.029988081473857165	2.6337448559670777e-05	0.20166803896427155
166080	-3.142896	-1.751906	-1.252664	0.043158	0.201739	0.285742	0.02997102290391922	1.7558299039780518e-05	0.20173843204975128
166200	-3.143793	-1.751657	-1.253189	0.043119	0.201807	0.285593	0.02994704758748412	2.6337448559670777e-05	0.2018059939146042
166320	-3.144583	-1.751496	-1.253452	0.043085	0.201855	0.285517	0.029932871088385583	2.6337448559670777e-05	0.20185396075248718
166440	-3.145003	-1.751060	-1.253827	0.043067	0.201967	0.285410	0.029895728453993797	1.7558299039780518e-05	0.20196671783924103
166560	-3.144836	-1.750874	-1.253515	0.043074	0.202011	0.285500	0.029875517729669808	2.6337448559670777e-05	0.2020103633403778
166680	-3.146567	-1.750621	-1.253591	0.042999	0.202101	0.285478	0.029852197878062724	2.6337448559670777e-05	0.2021011859178543
166800	-3.147418	-1.750388	-1.254185	0.042963	0.202151	0.285308	0.02983410796150565	2.6337448559670777e-05	0.20215018093585968
166920	-3.148778	-1.750067	-1.253969	0.042905	0.202248	0.285370	0.029804647713899613	2.6337448559670777e-05	0.20224744081497192
167040	-3.149686	-1.749693	-1.252992	0.042866	0.202357	0.285649	0.029770240746438505	1.7558299039780518e-05	0.2023564875125885
167160	-3.150124	-1.749509	-1.252569	0.042847	0.202404	0.285770	0.029754077643156053	2.6337448559670777e-05	0.2024027407169342
167280	-3.150832	-1.749229	-1.251986	0.042817	0.202487	0.285936	0.029727662075310947	2.6337448559670777e-05	0.20248648524284363
167400	-3.150420	-1.748771	-1.251851	0.042834	0.202588	0.285975	0.029692604206502438	1.7558299039780518e-05	0.20258624851703644
167520	-3.150350	-1.748441	-1.251383	0.042837	0.202664	0.286109	0.029659371823072433	2.6337448559670777e-05	0.20266315340995789
167640	-3.150940	-1.748134	-1.250776	0.042812	0.202735	0.286283	0.029630392510443925	2.6337448559670777e-05	0.2027348130941391
167760	-3.151020	-1.747908	-1.249862	0.042808	0.202800	0.286544	0.02960798451676965	2.6337448559670777e-05	0.20279937982559204
167880	-3.151777	-1.747807	-1.249218	0.042776	0.202833	0.286729	0.029599607177078723	2.6337448559670777e-05	0.20283271372318268
168000	-3.152164	-1.747378	-1.248399	0.042759	0.202942	0.286964	0.029564349446445704	1.7558299039780518e-05	0.2029411345720291
168120	-3.152738	-1.747035	-1.247555	0.042735	0.203027	0.287206	0.029532623942941427	2.6337448559670777e-05	0.20302598178386688
168240	-3.152690	-1.746719	-1.246383	0.042737	0.203100	0.287543	0.02950736414641142	1.1705532693187011e-05	0.20309925079345703
168360	-3.153457	-1.746565	-1.245923	0.042704	0.203154	0.287675	0.029489251133054496	3.9506172839506166e-05	0.20315268635749817
168480	-3.154164	-1.746258	-1.245842	0.042674	0.203245	0.287699	0.029462578240782022	2.6337448559670777e-05	0.20324361324310303
168600	-3.154942	-1.746135	-1.245074	0.042641	0.203285	0.287919	0.02944847075268626	1.1705532693187011e-05	0.20328441262245178
168720	-3.155733	-1.745873	-1.244687	0.042607	0.203378	0.288031	0.029425273183733225	3.9506172839506166e-05	0.203377828001976
168840	-3.156526	-1.745564	-1.244080	0.042573	0.203454	0.288206	0.02939780820161104	2.6337448559670777e-05	0.2034539133310318
168960	-3.156714	-1.745371	-1.243843	0.042565	0.203511	0.288274	0.029384236317127943	1.7558299039780518e-05	0.2035098820924759
169080	-3.156911	-1.745124	-1.242823	0.042557	0.203584	0.288568	0.029361187014728785	2.6337448559670777e-05	0.20358295738697052
169200	-3.156370	-1.744614	-1.242142	0.042580	0.203688	0.288765	0.029316544346511365	2.6337448559670777e-05	0.2036876529455185
169320	-3.156954	-1.744373	-1.241943	0.042555	0.203748	0.288823	0.02929079029709101	3.9506172839506166e-05	0.20374763011932373
169440	-3.157090	-1.744227	-1.242640	0.042549	0.203776	0.288621	0.029279914870858192	2.6337448559670777e-05	0.20377476513385773
169560	-3.156581	-1.743711	-1.242716	0.042571	0.203875	0.288599	0.029235743544995786	2.6337448559670777e-05	0.20387378334999084
169680	-3.156580	-1.743270	-1.241662	0.042571	0.203999	0.288904	0.029195995163172485	2.6337448559670777e-05	0.20399700105190277
169800	-3.157259	-1.743029	-1.241980	0.042542	0.204077	0.288812	0.029172595869749785	2.6337448559670777e-05	0.20407646894454956
169920	-3.157528	-1.742565	-1.241552	0.042531	0.204185	0.288936	0.029131508618593215	3.9506172839506166e-05	0.20418354868888855
170040	-3.157794	-1.742333	-1.241335	0.042519	0.204248	0.288998	0.0291078869253397	1.7558299039780518e-05	0.2042473703622818
170160	-3.157791	-1.742056	-1.240669	0.042520	0.204317	0.289191	0.02908518062904477	2.6337448559670777e-05	0.20431610941886902
170280	-3.157677	-1.741638	-1.241425	0.042524	0.204404	0.288972	0.02904842747375369	1.7558299039780518e-05	0.20440340042114258
170400	-3.158257	-1.741307	-1.240567	0.042500	0.204494	0.289220	0.029017805214971305	2.6337448559670777e-05	0.2044929563999176
170520	-3.159343	-1.741310	-1.240892	0.042454	0.204501	0.289126	0.029014667961746454	3.9506172839506166e-05	0.2045007348060608
170640	-3.160047	-1.741102	-1.241155	0.042424	0.204556	0.289050	0.028998374938964844	2.6337448559670777e-05	0.20455528795719147
170760	-3.160504	-1.740776	-1.241179	0.042404	0.204636	0.289043	0.02896846504881978	1.7558299039780518e-05	0.2046354115009308
170880	-3.160183	-1.740646	-1.240829	0.042418	0.204669	0.289144	0.02895624525845051	2.6337448559670777e-05	0.20466840267181396
171000	-3.160557	-1.740330	-1.239823	0.042402	0.204749	0.289436	0.028927917685359718	2.6337448559670777e-05	0.20474834740161896
171120	-3.160028	-1.739846	-1.239844	0.042425	0.204865	0.289429	0.028886825311928988	2.6337448559670777e-05	0.20486371219158173
171240	-3.160468	-1.739623	-1.239460	0.042406	0.204945	0.289541	0.028861815948039292	2.6337448559670777e-05	0.20494486391544342
171360	-3.160538	-1.739572	-1.238077	0.042403	0.204977	0.289941	0.02886087605729699	2.6337448559670777e-05	0.20497523248195648
171480	-3.161563	-1.739169	-1.236908	0.042359	0.205091	0.290280	0.02882237797603011	2.6337448559670777e-05	0.20509077608585358
171600	-3.162469	-1.739047	-1.236743	0.042321	0.205139	0.290328	0.028810752648860218	2.6337448559670777e-05	0.20513930916786194
171720	-3.163590	-1.738881	-1.236173	0.042274	0.205192	0.290494	0.02879921765998006	2.6337448559670777e-05	0.20519129931926727
171840	-3.165700	-1.738605	-1.235291	0.042185	0.205296	0.290750	0.028771721944212913	2.6337448559670777e-05	0.20529484748840332
171960	-3.167619	-1.738253	-1.234379	0.042104	0.205403	0.291015	0.028741285018622876	3.9506172839506166e-05	0.20540226995944977
172080	-3.168970	-1.737810	-1.233774	0.042047	0.205510	0.291191	0.02870417255908251	2.6337448559670777e-05	0.20550867915153503
172200	-3.170374	-1.737558	-1.233053	0.041988	0.205602	0.291402	0.028678955603390933	1.1705532693187011e-05	0.2056010365486145
172320	-3.170962	-1.737192	-1.232810	0.041963	0.205686	0.291472	0.028643759060651065	2.6337448559670777e-05	0.20568528771400452
172440	-3.171689	-1.737044	-1.233077	0.041933	0.205715	0.291395	0.028632193431258203	2.6337448559670777e-05	0.20571430027484894
172560	-3.171837	-1.736668	-1.232853	0.041927	0.205805	0.291460	0.02859791200608015	2.6337448559670777e-05	0.20580466091632843
172680	-3.172471	-1.736435	-1.233037	0.041900	0.205867	0.291406	0.02857928993180394	2.6337448559670777e-05	0.20586614310741425
172800	-3.172970	-1.735848	-1.231454	0.041879	0.206021	0.291868	0.028525733575224876	2.6337448559670777e-05	0.20602013170719147
172920	-3.174192	-1.735532	-1.231099	0.041828	0.206104	0.291972	0.028497619740664958	2.6337448559670777e-05	0.20610225200653076
173040	-3.174679	-1.735062	-1.230335	0.041808	0.206240	0.292195	0.02845612373203039	3.9506172839506166e-05	0.20623815059661865
173160	-3.175602	-1.734975	-1.230309	0.041769	0.206298	0.292202	0.028441666252911092	2.6337448559670777e-05	0.20629817247390747
173280	-3.176931	-1.734768	-1.229923	0.041713	0.206364	0.292315	0.02842771839350462	2.6337448559670777e-05	0.2063630372285843
173400	-3.177474	-1.734532	-1.229830	0.041691	0.206430	0.292342	0.028408343251794577	2.6337448559670777e-05	0.2064289152622223
173520	-3.178343	-1.734434	-1.229458	0.041655	0.206467	0.292451	0.028396603744477035	2.6337448559670777e-05	0.20646658539772034
173640	-3.177925	-1.733846	-1.228991	0.041672	0.206601	0.292588	0.028352733515203	3.9506172839506166e-05	0.20659789443016052
173760	-3.178212	-1.733337	-1.228661	0.041660	0.206735	0.292684	0.02830006182193756	2.6337448559670777e-05	0.20673421025276184
173880	-3.178462	-1.733024	-1.228022	0.041650	0.206820	0.292871	0.028269548527896406	2.6337448559670777e-05	0.20681887865066528
174000	-3.179808	-1.732911	-1.227270	0.041594	0.206859	0.293092	0.02825601352378726	2.6337448559670777e-05	0.2068590223789215
174120	-3.181058	-1.732735	-1.226728	0.041542	0.206924	0.293250	0.02824264643713832	2.6337448559670777e-05	0.20692384243011475
174240	-3.181926	-1.732509	-1.226154	0.041506	0.207014	0.293419	0.028222639858722687	2.6337448559670777e-05	0.20701387524604797
174360	-3.182724	-1.732395	-1.225684	0.041473	0.207057	0.293557	0.028213732596486806	2.6337448559670777e-05	0.20705671608448029
174480	-3.183220	-1.731910	-1.224983	0.041452	0.207184	0.293763	0.028171393647789957	2.6337448559670777e-05	0.20718304812908173
174600	-3.184014	-1.731629	-1.224151	0.041419	0.207259	0.294007	0.028143526613712312	2.6337448559670777e-05	0.2072587013244629
174720	-3.184158	-1.731153	-1.223087	0.041413	0.207377	0.294320	0.028102126624435186	2.6337448559670777e-05	0.2073763608932495
174840	-3.184882	-1.730656	-1.222608	0.041383	0.207500	0.294461	0.02806307263672352	2.6337448559670777e-05	0.2074992060661316
174960	-3.185696	-1.730474	-1.222533	0.041349	0.207566	0.294483	0.028039858024567366	2.6337448559670777e-05	0.20756596326828003
175080	-3.186637	-1.730219	-1.221652	0.041311	0.207649	0.294743	0.02801548410207033	3.9506172839506166e-05	0.2076483815908432
175200	-3.186830	-1.729952	-1.221022	0.041303	0.207733	0.294929	0.02799426205456257	3.9506172839506166e-05	0.20773150026798248
175320	-3.186734	-1.729442	-1.219654	0.041307	0.207873	0.295332	0.027946542110294105	2.6337448559670777e-05	0.2078731656074524
175440	-3.185778	-1.729264	-1.219481	0.041346	0.207929	0.295383	0.027933302521705627	2.6337448559670777e-05	0.2079276144504547
175560	-3.185652	-1.728865	-1.219209	0.041351	0.208041	0.295464	0.027895795926451684	1.7558299039780518e-05	0.20804080367088318
175680	-3.185281	-1.728356	-1.218947	0.041367	0.208151	0.295541	0.02785018179565668	1.7558299039780518e-05	0.20815011858940125
175800	-3.186085	-1.728052	-1.219155	0.041333	0.208237	0.295480	0.02782344548031688	1.7558299039780518e-05	0.20823577046394348
175920	-3.186451	-1.727811	-1.218809	0.041318	0.208310	0.295582	0.027800668496638536	2.6337448559670777e-05	0.208309605717659
176040	-3.186671	-1.727558	-1.218860	0.041309	0.208372	0.295567	0.027778514381498098	2.6337448559670777e-05	0.20837126672267914
176160	-3.187346	-1.727146	-1.218247	0.041281	0.208470	0.295748	0.02774155270308256	1.7558299039780518e-05	0.2084697037935257
176280	-3.187498	-1.727061	-1.218353	0.041275	0.208502	0.295717	0.02773169782012701	2.6337448559670777e-05	0.20850202441215515
176400	-3.187690	-1.726828	-1.218284	0.041267	0.208564	0.295737	0.02771247299388051	1.7558299039780518e-05	0.2085636854171753
176520	-3.188389	-1.726315	-1.218270	0.041238	0.208704	0.295741	0.027673988416790963	2.6337448559670777e-05	0.20870162546634674
176640	-3.189046	-1.726134	-1.218158	0.041211	0.208753	0.295775	0.0276514146476984	2.6337448559670777e-05	0.20875149965286255
176760	-3.189522	-1.725804	-1.216343	0.041192	0.208857	0.296312	0.02762094307690859	2.6337448559670777e-05	0.20885629951953888
176880	-3.189883	-1.725470	-1.215068	0.041177	0.208952	0.296690	0.027590360678732394	1.7558299039780518e-05	0.20895159244537354
177000	-3.190557	-1.725318	-1.214137	0.041149	0.208996	0.296966	0.027576902136206626	2.6337448559670777e-05	0.20899532735347748
177120	-3.190391	-1.724784	-1.212951	0.041156	0.209138	0.297319	0.02752922736108303	2.6337448559670777e-05	0.20913730561733246
177240	-3.191335	-1.724581	-1.212288	0.041117	0.209219	0.297516	0.02751283850520849	2.6337448559670777e-05	0.20921671390533447
177360	-3.191410	-1.724140	-1.212193	0.041114	0.209338	0.297544	0.02747236043214798	1.7558299039780518e-05	0.2093365639448166
177480	-3.192891	-1.724176	-1.212754	0.041053	0.209343	0.297377	0.02747131735086441	1.7558299039780518e-05	0.20934344828128815
177600	-3.193685	-1.724011	-1.212765	0.041020	0.209383	0.297374	0.027453229017555713	3.9506172839506166e-05	0.20938318967819214
177720	-3.194642	-1.723726	-1.212060	0.040981	0.209487	0.297583	0.027431759145110847	2.6337448559670777e-05	0.20948711037635803
177840	-3.195308	-1.723426	-1.211603	0.040954	0.209608	0.297720	0.027405936643481253	2.6337448559670777e-05	0.20960699021816254
177960	-3.195397	-1.722973	-1.210557	0.040950	0.209735	0.298031	0.027369690872728825	2.6337448559670777e-05	0.20973347127437592
178080	-3.195356	-1.722614	-1.210339	0.040952	0.209841	0.298096	0.02733256369829178	2.6337448559670777e-05	0.20984075963497162
178200	-3.195383	-1.722240	-1.209771	0.040951	0.209952	0.298266	0.027302055340260267	3.9506172839506166e-05	0.20995059609413147
178320	-3.196256	-1.721991	-1.208823	0.040915	0.210027	0.298548	0.02727768858894706	2.6337448559670777e-05	0.21002602577209473
178440	-3.197401	-1.721915	-1.209112	0.040868	0.210072	0.298462	0.027266462426632644	2.6337448559670777e-05	0.21007227897644043
178560	-3.197879	-1.721426	-1.208137	0.040849	0.210178	0.298753	0.0272328183054924	1.7558299039780518e-05	0.21017687022686005
178680	-3.198459	-1.721021	-1.207682	0.040825	0.210267	0.298889	0.027189662959426642	3.9506172839506166e-05	0.2102663218975067
178800	-3.198869	-1.720525	-1.205513	0.040808	0.210396	0.299538	0.027147691696882248	2.6337448559670777e-05	0.2103949636220932
178920	-3.197405	-1.720024	-1.204993	0.040868	0.210509	0.299694	0.027102314773947	2.6337448559670777e-05	0.2105070799589157
179040	-3.199062	-1.719622	-1.204431	0.040800	0.210608	0.299863	0.027071521058678626	3.9506172839506166e-05	0.21060535311698914
179160	-3.199225	-1.719192	-1.203991	0.040794	0.210728	0.299995	0.027025573328137396	2.6337448559670777e-05	0.2107272446155548
179280	-3.200064	-1.718861	-1.203826	0.040760	0.210830	0.300044	0.026994859986007213	2.6337448559670777e-05	0.21082933247089386
179400	-3.201359	-1.718669	-1.203439	0.040707	0.210908	0.300160	0.026977374311536552	2.6337448559670777e-05	0.21090756356716156
179520	-3.201965	-1.718407	-1.202562	0.040682	0.210975	0.300424	0.026950904354453086	1.7558299039780518e-05	0.21097500622272491
179640	-3.202656	-1.718173	-1.202101	0.040654	0.211048	0.300562	0.026932010613381862	2.6337448559670777e-05	0.2110477089881897
179760	-3.203674	-1.717933	-1.202011	0.040613	0.211131	0.300589	0.026912431884557008	2.6337448559670777e-05	0.2111300677061081
179880	-3.204375	-1.717903	-1.201452	0.040584	0.211163	0.300757	0.02690790956839919	2.6337448559670777e-05	0.21116256713867188
180000	-3.205659	-1.717841	-1.201082	0.040532	0.211213	0.300868	0.02690131226554513	2.6337448559670777e-05	0.21121256053447723
180120	-3.206159	-1.717707	-1.200573	0.040512	0.211295	0.301022	0.026892153080552816	2.6337448559670777e-05	0.21129381656646729
180240	-3.206862	-1.717379	-1.200018	0.040483	0.211388	0.301189	0.026865100767463446	2.6337448559670777e-05	0.21138687431812286
180360	-3.208319	-1.717308	-1.199338	0.040425	0.211429	0.301394	0.02685731342062354	2.6337448559670777e-05	0.21142752468585968
180480	-3.208734	-1.717106	-1.198431	0.040408	0.211504	0.301667	0.0268346693366766	1.7558299039780518e-05	0.21150413155555725
180600	-3.209152	-1.716809	-1.197580	0.040391	0.211591	0.301924	0.026806716248393057	2.6337448559670777e-05	0.2115911990404129
180720	-3.209058	-1.716661	-1.196923	0.040395	0.211631	0.302123	0.026797051168978216	2.6337448559670777e-05	0.2116309255361557
180840	-3.209104	-1.716397	-1.196134	0.040393	0.211705	0.302361	0.026773897744715214	1.7558299039780518e-05	0.21170401573181152
180960	-3.209805	-1.716046	-1.194214	0.040364	0.211816	0.302942	0.02674064878374338	2.6337448559670777e-05	0.21181514859199524
181080	-3.209954	-1.715670	-1.192924	0.040358	0.211907	0.303333	0.02671159589663148	2.6337448559670777e-05	0.21190518140792847
181200	-3.210556	-1.715583	-1.192627	0.040334	0.211940	0.303423	0.026700344495475294	2.6337448559670777e-05	0.21193884313106537
181320	-3.210193	-1.715243	-1.191765	0.040349	0.212044	0.303685	0.026668941136449575	1.7558299039780518e-05	0.21204371750354767
181440	-3.210203	-1.715097	-1.190876	0.040348	0.212104	0.303955	0.02665747292339802	2.6337448559670777e-05	0.21210314333438873
181560	-3.209829	-1.714821	-1.190380	0.040364	0.212167	0.304106	0.02663069060072303	2.6337448559670777e-05	0.21216675639152527
181680	-3.209556	-1.714634	-1.190638	0.040375	0.212202	0.304027	0.026616752706468107	2.6337448559670777e-05	0.21220138669013977
181800	-3.211218	-1.714589	-1.189983	0.040307	0.212238	0.304226	0.026610101852566004	3.9506172839506166e-05	0.21223655343055725
181920	-3.212176	-1.714308	-1.189239	0.040269	0.212339	0.304453	0.026587155275046827	2.6337448559670777e-05	0.21233795583248138
182040	-3.212180	-1.714219	-1.189981	0.040269	0.212358	0.304227	0.02657757932320237	2.6337448559670777e-05	0.2123575508594513
182160	-3.213104	-1.713870	-1.189799	0.040232	0.212456	0.304282	0.0265476830303669	2.6337448559670777e-05	0.21245457231998444
182280	-3.213830	-1.713626	-1.189438	0.040202	0.212537	0.304392	0.02652771892026067	3.9506172839506166e-05	0.2125363051891327
182400	-3.213371	-1.713143	-1.189241	0.040221	0.212645	0.304452	0.026481690909713508	2.6337448559670777e-05	0.2126445770263672
182520	-3.213111	-1.712591	-1.188150	0.040231	0.212776	0.304784	0.026432817056775092	2.6337448559670777e-05	0.21277476847171783
182640	-3.213823	-1.712259	-1.187474	0.040203	0.212864	0.304991	0.02640293026342988	1.7558299039780518e-05	0.21286317706108093
182760	-3.214549	-1.712041	-1.187381	0.040173	0.212913	0.305019	0.026379194110631943	2.6337448559670777e-05	0.21291352808475494
182880	-3.215585	-1.711767	-1.187635	0.040132	0.212981	0.304942	0.02635633563622832	2.6337448559670777e-05	0.212980717420578
183000	-3.216304	-1.711198	-1.185754	0.040103	0.213130	0.305516	0.02631054148077965	3.9506172839506166e-05	0.21312887966632843
183120	-3.217087	-1.710923	-1.185099	0.040072	0.213204	0.305716	0.02628134787082672	3.9506172839506166e-05	0.21320262551307678
183240	-3.216956	-1.710578	-1.185255	0.040077	0.213295	0.305668	0.026252636779099704	1.7558299039780518e-05	0.2132933884859085
183360	-3.217901	-1.710335	-1.184706	0.040039	0.213374	0.305836	0.02622909052297473	1.7558299039780518e-05	0.21337313950061798
183480	-3.218625	-1.710019	-1.184728	0.040010	0.213461	0.305829	0.026200473308563232	2.6337448559670777e-05	0.21345965564250946
183600	-3.219694	-1.709774	-1.182802	0.039967	0.213564	0.306419	0.02617576401680708	2.6337448559670777e-05	0.21356312930583954
183720	-3.219370	-1.709474	-1.182831	0.039980	0.213657	0.306410	0.02615223079919815	2.6337448559670777e-05	0.2136562317609787
183840	-3.220475	-1.709203	-1.181677	0.039936	0.213718	0.306764	0.02612511534243822	2.6337448559670777e-05	0.21371667087078094
183960	-3.221243	-1.709094	-1.181671	0.039905	0.213774	0.306766	0.026114253886044027	3.9506172839506166e-05	0.21377402544021606
184080	-3.222367	-1.708469	-1.179909	0.039861	0.213969	0.307307	0.026059226598590612	1.7558299039780518e-05	0.213968425989151
184200	-3.223340	-1.708411	-1.179436	0.039822	0.214008	0.307452	0.026052724663168193	2.6337448559670777e-05	0.21400797367095947
184320	-3.224020	-1.708342	-1.178646	0.039795	0.214032	0.307695	0.026047015190124513	3.9506172839506166e-05	0.21403148770332336
184440	-3.225013	-1.707914	-1.178655	0.039755	0.214147	0.307692	0.026009203493595125	2.6337448559670777e-05	0.21414685249328613
184560	-3.224892	-1.707777	-1.178226	0.039760	0.214189	0.307824	0.025994483940303327	2.6337448559670777e-05	0.21418887376785278
184680	-3.225688	-1.707623	-1.177846	0.039728	0.214231	0.307941	0.025984831154346466	2.6337448559670777e-05	0.21423007547855377
184800	-3.225743	-1.707349	-1.177433	0.039726	0.214303	0.308069	0.025960572343319655	2.6337448559670777e-05	0.2143017053604126
184920	-3.225729	-1.707181	-1.177131	0.039727	0.214365	0.308162	0.0259434474632144	2.6337448559670777e-05	0.21436496078968048
185040	-3.225822	-1.706956	-1.177613	0.039723	0.214420	0.308013	0.02592630675062537	2.6337448559670777e-05	0.2144189178943634
185160	-3.225487	-1.706583	-1.177285	0.039736	0.214519	0.308114	0.025892476178705694	2.6337448559670777e-05	0.21451826393604279
185280	-3.225704	-1.706025	-1.176875	0.039728	0.214656	0.308240	0.02584498729556799	2.6337448559670777e-05	0.21465417742729187
185400	-3.226902	-1.705607	-1.176502	0.039680	0.214761	0.308355	0.025802629161626102	1.7558299039780518e-05	0.21476106345653534
185520	-3.227395	-1.705426	-1.176177	0.039661	0.214821	0.308456	0.025784517265856267	2.6337448559670777e-05	0.2148200273513794
185640	-3.228077	-1.705103	-1.175960	0.039634	0.214921	0.308523	0.025755134411156178	1.7558299039780518e-05	0.214920774102211
185760	-3.228649	-1.704831	-1.176022	0.039611	0.214994	0.308504	0.02573310835286975	3.9506172839506166e-05	0.21499362587928772
185880	-3.228923	-1.704220	-1.175345	0.039600	0.215159	0.308713	0.025682435557246207	2.6337448559670777e-05	0.21515749394893646
186000	-3.229238	-1.703614	-1.174813	0.039588	0.215309	0.308877	0.025627536606043576	2.6337448559670777e-05	0.21530796587467194
186120	-3.228937	-1.703189	-1.174415	0.039600	0.215438	0.309000	0.02558394493535161	2.6337448559670777e-05	0.21543727815151215
186240	-3.229087	-1.702753	-1.174283	0.039594	0.215542	0.309041	0.025551356188952924	2.6337448559670777e-05	0.21554017066955566
186360	-3.229514	-1.702630	-1.174260	0.039577	0.215595	0.309048	0.025532986409962176	2.6337448559670777e-05	0.2155943512916565
186480	-3.230089	-1.702224	-1.174058	0.039554	0.215714	0.309110	0.025496259238570927	2.6337448559670777e-05	0.21571364998817444
186600	-3.231026	-1.701848	-1.173802	0.039517	0.215841	0.309189	0.02546255774796009	2.6337448559670777e-05	0.2158404290676117
186720	-3.232350	-1.701403	-1.172568	0.039465	0.216003	0.309571	0.025425761193037032	2.6337448559670777e-05	0.21600142121315002
186840	-3.232676	-1.701223	-1.172611	0.039452	0.216070	0.309557	0.02540705418214202	2.6337448559670777e-05	0.21606996655464172
186960	-3.232176	-1.700875	-1.172303	0.039472	0.216159	0.309653	0.025377049390226603	2.6337448559670777e-05	0.2161584496498108
187080	-3.232666	-1.700653	-1.171230	0.039452	0.216234	0.309985	0.02535288445651531	2.6337448559670777e-05	0.2162339836359024
187200	-3.233792	-1.700098	-1.170845	0.039408	0.216395	0.310105	0.02531043440103531	1.7558299039780518e-05	0.2163936197757721
187320	-3.234607	-1.699760	-1.170185	0.039376	0.216495	0.310309	0.025277446303516627	1.1705532693187011e-05	0.21649466454982758
187440	-3.235368	-1.699713	-1.169487	0.039346	0.216520	0.310526	0.025269325263798235	1.7558299039780518e-05	0.2165203094482422
187560	-3.236073	-1.699604	-1.169644	0.039318	0.216543	0.310477	0.025261576846241952	2.6337448559670777e-05	0.21654288470745087
187680	-3.236103	-1.699525	-1.169411	0.039317	0.216584	0.310550	0.02525494499132037	2.6337448559670777e-05	0.21658261120319366
187800	-3.236732	-1.699302	-1.169700	0.039292	0.216657	0.310460	0.025233032088726758	2.6337448559670777e-05	0.2166566401720047
187920	-3.237425	-1.699131	-1.169345	0.039265	0.216703	0.310570	0.025220723915845157	2.6337448559670777e-05	0.21670198440551758
188040	-3.238841	-1.698906	-1.169245	0.039209	0.216777	0.310601	0.025204883050173522	1.7558299039780518e-05	0.2167757898569107
188160	-3.238972	-1.698902	-1.168538	0.039204	0.216787	0.310821	0.02519929800182581	2.6337448559670777e-05	0.21678610146045685
188280	-3.240108	-1.698532	-1.167718	0.039160	0.216892	0.311076	0.025167324859648944	1.7558299039780518e-05	0.21689118444919586
188400	-3.240369	-1.698218	-1.167445	0.039149	0.216989	0.311161	0.0251399758271873	2.6337448559670777e-05	0.21698787808418274
188520	-3.240727	-1.697924	-1.167180	0.039135	0.217087	0.311244	0.025112051144242288	1.1705532693187011e-05	0.21708621084690094
188640	-3.241637	-1.697620	-1.166364	0.039100	0.217174	0.311498	0.025085036270320417	2.6337448559670777e-05	0.21717305481433868
188760	-3.242662	-1.697410	-1.166164	0.039060	0.217236	0.311560	0.02506591733545065	2.6337448559670777e-05	0.2172345370054245
188880	-3.242661	-1.696913	-1.165409	0.039060	0.217365	0.311795	0.02502300702035427	2.6337448559670777e-05	0.2173638641834259
189000	-3.242997	-1.696550	-1.165117	0.039047	0.217464	0.311886	0.02498666038736701	2.6337448559670777e-05	0.21746328473091125
189120	-3.243203	-1.696202	-1.165002	0.039039	0.217563	0.311922	0.024955020193010567	1.7558299039780518e-05	0.2175625115633011
189240	-3.244601	-1.695914	-1.164459	0.038984	0.217648	0.312091	0.024933141097426413	3.9506172839506166e-05	0.2176472693681717
189360	-3.245078	-1.695346	-1.163556	0.038966	0.217782	0.312373	0.02488096188753843	2.6337448559670777e-05	0.21778073906898499
189480	-3.244971	-1.694995	-1.163258	0.038970	0.217874	0.312467	0.02484881617128849	2.6337448559670777e-05	0.2178729623556137
189600	-3.245691	-1.694651	-1.163468	0.038942	0.217946	0.312401	0.024817338585853575	1.7558299039780518e-05	0.21794603765010834
189720	-3.245581	-1.694303	-1.163660	0.038946	0.218020	0.312341	0.02478580633178353	2.6337448559670777e-05	0.21801941096782684
189840	-3.245298	-1.694029	-1.162024	0.038957	0.218104	0.312852	0.024760001245886086	3.9506172839506166e-05	0.21810376644134521
189960	-3.245105	-1.693624	-1.160798	0.038964	0.218237	0.313236	0.02472261991351843	1.7558299039780518e-05	0.21823643147945404
190080	-3.245149	-1.693403	-1.161042	0.038963	0.218292	0.313160	0.02470274781808257	2.6337448559670777e-05	0.2182914763689041
190200	-3.244816	-1.692998	-1.160493	0.038976	0.218406	0.313332	0.024667221680283548	3.9506172839506166e-05	0.21840523183345795
190320	-3.245644	-1.692848	-1.159399	0.038943	0.218472	0.313675	0.024652265850454567	2.6337448559670777e-05	0.2184712290763855
190440	-3.246094	-1.692526	-1.158495	0.038926	0.218563	0.313958	0.024627033900469542	2.6337448559670777e-05	0.21856257319450378
190560	-3.246896	-1.692303	-1.158132	0.038895	0.218630	0.314072	0.024601684231311084	3.9506172839506166e-05	0.21862941980361938
190680	-3.247559	-1.692196	-1.157173	0.038869	0.218687	0.314374	0.024595742113888264	2.6337448559670777e-05	0.21868686378002167
190800	-3.247552	-1.691933	-1.156899	0.038869	0.218783	0.314460	0.02457027593627572	2.6337448559670777e-05	0.2187826931476593
190920	-3.247954	-1.691829	-1.157406	0.038854	0.218821	0.314300	0.024564613588154316	3.9506172839506166e-05	0.21881914138793945
191040	-3.248239	-1.691371	-1.157252	0.038843	0.218927	0.314349	0.024524810072034598	1.7558299039780518e-05	0.2189260572195053
191160	-3.248733	-1.691285	-1.157405	0.038823	0.218961	0.314301	0.02451229328289628	2.6337448559670777e-05	0.21896088123321533
191280	-3.248938	-1.690729	-1.155301	0.038815	0.219097	0.314963	0.024466554448008538	3.9506172839506166e-05	0.21909533441066742
191400	-3.249049	-1.690386	-1.155013	0.038811	0.219185	0.315053	0.024433742091059685	2.6337448559670777e-05	0.21918430924415588
191520	-3.250001	-1.690090	-1.154349	0.038774	0.219292	0.315263	0.024406113568693398	2.6337448559670777e-05	0.21929043531417847
191640	-3.251113	-1.689738	-1.154290	0.038731	0.219400	0.315281	0.024375853314995765	1.7558299039780518e-05	0.2193998396396637
191760	-3.252737	-1.689302	-1.153573	0.038668	0.219528	0.315507	0.02433686600998044	2.6337448559670777e-05	0.21952679753303528
191880	-3.253868	-1.688979	-1.153313	0.038625	0.219609	0.315589	0.024311092868447303	1.7558299039780518e-05	0.2196071892976761
192000	-3.254108	-1.688711	-1.152879	0.038615	0.219670	0.315727	0.024280722625553607	1.7558299039780518e-05	0.21966999769210815
192120	-3.255651	-1.688715	-1.153319	0.038556	0.219705	0.315588	0.02427714141085744	2.6337448559670777e-05	0.21970577538013458
192240	-3.257132	-1.688548	-1.153109	0.038499	0.219760	0.315654	0.024264073558151723	1.1705532693187011e-05	0.21976014971733093
192360	-3.257831	-1.688358	-1.152458	0.038472	0.219817	0.315859	0.024248734675347806	1.7558299039780518e-05	0.21981631219387054
192480	-3.258502	-1.688185	-1.151828	0.038446	0.219876	0.316059	0.024232552759349345	2.6337448559670777e-05	0.21987596154212952
192600	-3.258873	-1.687961	-1.150741	0.038432	0.219934	0.316402	0.02421213621273637	3.9506172839506166e-05	0.21993404626846313
192720	-3.259162	-1.687684	-1.150694	0.038421	0.220016	0.316417	0.024188566114753486	2.6337448559670777e-05	0.22001595795154572
192840	-3.259494	-1.687448	-1.150384	0.038408	0.220083	0.316515	0.02416765345260501	2.6337448559670777e-05	0.22008216381072998
192960	-3.259885	-1.687071	-1.149360	0.038393	0.220207	0.316839	0.024132602475583555	1.7558299039780518e-05	0.22020655870437622
193080	-3.259448	-1.686679	-1.148521	0.038410	0.220307	0.317105	0.0240998606197536	2.6337448559670777e-05	0.22030508518218994
193200	-3.259702	-1.686292	-1.147410	0.038400	0.220431	0.317458	0.024063453450798987	2.6337448559670777e-05	0.22043047845363617
193320	-3.260069	-1.686205	-1.146992	0.038386	0.220471	0.317591	0.024053339194506407	1.7558299039780518e-05	0.22047072649002075
193440	-3.261245	-1.685974	-1.146329	0.038341	0.220569	0.317801	0.024037178512662648	2.6337448559670777e-05	0.22056791186332703
193560	-3.262276	-1.685528	-1.145895	0.038301	0.220708	0.317939	0.024001145828515293	1.7558299039780518e-05	0.2207067608833313
193680	-3.263342	-1.685488	-1.144664	0.038260	0.220758	0.318331	0.023992307670414447	2.6337448559670777e-05	0.22075659036636353
193800	-3.263674	-1.685027	-1.144110	0.038248	0.220910	0.318507	0.023953614849597217	1.7558299039780518e-05	0.2209087610244751
193920	-3.264609	-1.684897	-1.144175	0.038212	0.220966	0.318487	0.02393906284123659	2.6337448559670777e-05	0.22096478939056396
194040	-3.264590	-1.684632	-1.144127	0.038213	0.221065	0.318502	0.023914318159222604	2.6337448559670777e-05	0.22106438875198364
194160	-3.264990	-1.684454	-1.143891	0.038197	0.221138	0.318577	0.023897846043109894	2.6337448559670777e-05	0.2211369425058365
194280	-3.265328	-1.684004	-1.143542	0.038184	0.221268	0.318688	0.023857736587524415	2.6337448559670777e-05	0.22126738727092743
194400	-3.265669	-1.683612	-1.143527	0.038171	0.221373	0.318693	0.023825974296778442	2.6337448559670777e-05	0.22137179970741272
194520	-3.266608	-1.683390	-1.143417	0.038136	0.221467	0.318728	0.02380316723138094	2.6337448559670777e-05	0.2214658409357071
194640	-3.266894	-1.683008	-1.142317	0.038125	0.221570	0.319079	0.023766623344272375	2.6337448559670777e-05	0.2215697467327118
194760	-3.267692	-1.682828	-1.142387	0.038094	0.221643	0.319057	0.02375308098271489	2.6337448559670777e-05	0.22164230048656464
194880	-3.269163	-1.682672	-1.142898	0.038038	0.221708	0.318893	0.02373796347528696	2.6337448559670777e-05	0.22170770168304443
195000	-3.269919	-1.682459	-1.142405	0.038010	0.221790	0.319051	0.023720712587237357	1.7558299039780518e-05	0.2217887043952942
195120	-3.270993	-1.682134	-1.142311	0.037969	0.221884	0.319081	0.023690267559140922	2.6337448559670777e-05	0.2218834012746811
195240	-3.272337	-1.681990	-1.141696	0.037918	0.221949	0.319277	0.023675971012562514	2.6337448559670777e-05	0.22194795310497284
195360	-3.272722	-1.681960	-1.141867	0.037903	0.221970	0.319223	0.023674328438937665	1.1705532693187011e-05	0.22196947038173676
195480	-3.273520	-1.681790	-1.141140	0.037873	0.222050	0.319455	0.023657209519296885	2.6337448559670777e-05	0.2220492660999298
195600	-3.273414	-1.681548	-1.141045	0.037877	0.222117	0.319485	0.023639502935111523	2.6337448559670777e-05	0.22211579978466034
195720	-3.273252	-1.681272	-1.140965	0.037883	0.222203	0.319511	0.023611733596771954	2.6337448559670777e-05	0.22220301628112793
195840	-3.273687	-1.681058	-1.140236	0.037867	0.222293	0.319744	0.023590157646685837	2.6337448559670777e-05	0.22229288518428802
195960	-3.274127	-1.680750	-1.139296	0.037850	0.222379	0.320044	0.023568836506456137	1.7558299039780518e-05	0.22237785160541534
196080	-3.273277	-1.680676	-1.139649	0.037882	0.222392	0.319931	0.023557193018496035	2.6337448559670777e-05	0.22239238023757935
196200	-3.273786	-1.680646	-1.138955	0.037863	0.222427	0.320154	0.023557515628635884	2.6337448559670777e-05	0.2224251627922058
196320	-3.273922	-1.680318	-1.138276	0.037858	0.222550	0.320371	0.023525529354810715	1.7558299039780518e-05	0.22254963219165802
196440	-3.275660	-1.680264	-1.137959	0.037792	0.222612	0.320472	0.023517864756286144	1.7558299039780518e-05	0.22261221706867218
196560	-3.276318	-1.680024	-1.137513	0.037767	0.222708	0.320615	0.02350115478038788	2.6337448559670777e-05	0.22270698845386505
196680	-3.276135	-1.679823	-1.137794	0.037774	0.222767	0.320525	0.023483433946967124	2.6337448559670777e-05	0.22276607155799866
196800	-3.276886	-1.679503	-1.137219	0.037746	0.222872	0.320710	0.023459957633167505	2.6337448559670777e-05	0.22286982834339142
196920	-3.277298	-1.679065	-1.136335	0.037730	0.222994	0.320993	0.023415797390043736	2.6337448559670777e-05	0.2229926884174347
197040	-3.276762	-1.678744	-1.134950	0.037750	0.223072	0.321438	0.02338887257501483	2.6337448559670777e-05	0.22307021915912628
197160	-3.276927	-1.678485	-1.134817	0.037744	0.223152	0.321481	0.02336101559922099	2.6337448559670777e-05	0.22315168380737305
197280	-3.276482	-1.678206	-1.133480	0.037761	0.223225	0.321911	0.023338263109326362	2.6337448559670777e-05	0.22322329878807068
197400	-3.276731	-1.678056	-1.133258	0.037751	0.223276	0.321983	0.023325650207698344	2.6337448559670777e-05	0.2232738733291626
197520	-3.278098	-1.677774	-1.132604	0.037700	0.223371	0.322193	0.023298911284655333	1.7558299039780518e-05	0.22337034344673157
197640	-3.279032	-1.677635	-1.132114	0.037665	0.223423	0.322351	0.023281101230531932	2.6337448559670777e-05	0.22342346608638763
197760	-3.280046	-1.677727	-1.132569	0.037627	0.223423	0.322204	0.023294128105044366	2.6337448559670777e-05	0.22342176735401154
197880	-3.280187	-1.677607	-1.132618	0.037621	0.223453	0.322189	0.02328246310353279	2.6337448559670777e-05	0.22345244884490967
198000	-3.281043	-1.677329	-1.132358	0.037589	0.223544	0.322273	0.02325701043009758	1.7558299039780518e-05	0.22354383766651154
198120	-3.281686	-1.677292	-1.132529	0.037565	0.223590	0.322217	0.023250992130488157	2.6337448559670777e-05	0.22358939051628113
198240	-3.281760	-1.677112	-1.132229	0.037562	0.223637	0.322314	0.02323903879150748	2.6337448559670777e-05	0.2236357033252716
198360	-3.281759	-1.676992	-1.131696	0.037562	0.223676	0.322486	0.023230505362153053	2.6337448559670777e-05	0.2236739695072174
198480	-3.282492	-1.676737	-1.131950	0.037535	0.223765	0.322404	0.02320423098281026	2.6337448559670777e-05	0.2237652987241745
198600	-3.283488	-1.676473	-1.131621	0.037497	0.223856	0.322510	0.023179692588746546	2.6337448559670777e-05	0.2238551676273346
198720	-3.284318	-1.676448	-1.132082	0.037466	0.223871	0.322362	0.023174544889479877	2.6337448559670777e-05	0.22387076914310455
198840	-3.285154	-1.676276	-1.131663	0.037435	0.223947	0.322496	0.023163395654410123	1.7558299039780518e-05	0.2239462435245514
198960	-3.285782	-1.676178	-1.130899	0.037411	0.223988	0.322743	0.023152538016438483	2.6337448559670777e-05	0.22398795187473297
199080	-3.287084	-1.676101	-1.131073	0.037363	0.224031	0.322687	0.02314896658062935	2.6337448559670777e-05	0.22402937710285187
199200	-3.288130	-1.675679	-1.130803	0.037324	0.224140	0.322774	0.023106600530445574	2.6337448559670777e-05	0.22414013743400574
199320	-3.287606	-1.675407	-1.130373	0.037343	0.224223	0.322913	0.023082403279840947	1.7558299039780518e-05	0.22422268986701965
199440	-3.287829	-1.675181	-1.130419	0.037335	0.224299	0.322898	0.023069045040756464	1.7558299039780518e-05	0.22429731488227844
199560	-3.288324	-1.674883	-1.130470	0.037316	0.224395	0.322882	0.023037944734096528	1.7558299039780518e-05	0.22439435124397278
199680	-3.288272	-1.674526	-1.129399	0.037318	0.224495	0.323228	0.02300798464566469	2.6337448559670777e-05	0.22449283301830292
199800	-3.288829	-1.674286	-1.129347	0.037298	0.224576	0.323244	0.02298321481794119	2.6337448559670777e-05	0.22457554936408997
199920	-3.288736	-1.674064	-1.129715	0.037301	0.224627	0.323125	0.022965277079492807	2.6337448559670777e-05	0.22462624311447144
200040	-3.288881	-1.673714	-1.129221	0.037296	0.224721	0.323285	0.022933494299650192	1.7558299039780518e-05	0.2247198075056076
200160	-3.289708	-1.673518	-1.130043	0.037265	0.224790	0.323019	0.022914825193583965	1.7558299039780518e-05	0.22478896379470825
200280	-3.290571	-1.673035	-1.128561	0.037233	0.224942	0.323498	0.022873143665492535	3.9506172839506166e-05	0.22494003176689148
200400	-3.291413	-1.672774	-1.127526	0.037201	0.225006	0.323833	0.022847033571451902	1.1705532693187011e-05	0.2250060886144638
200520	-3.291645	-1.672582	-1.126462	0.037193	0.225080	0.324178	0.022831375151872633	2.6337448559670777e-05	0.22507868707180023
200640	-3.292413	-1.672377	-1.126056	0.037164	0.225161	0.324310	0.022813360393047332	2.6337448559670777e-05	0.22516009211540222
200760	-3.291973	-1.672075	-1.125868	0.037180	0.225236	0.324371	0.022784199006855486	2.6337448559670777e-05	0.2252354770898819
200880	-3.292071	-1.671757	-1.126169	0.037177	0.225349	0.324273	0.02276136092841625	2.6337448559670777e-05	0.22534671425819397
201000	-3.292577	-1.671508	-1.126594	0.037158	0.225436	0.324135	0.022729965392500162	2.6337448559670777e-05	0.22543562948703766
201120	-3.293736	-1.671365	-1.126012	0.037115	0.225493	0.324324	0.0227210883051157	2.6337448559670777e-05	0.22549229860305786
201240	-3.293911	-1.670984	-1.126136	0.037108	0.225602	0.324284	0.02268689898774028	2.6337448559670777e-05	0.22560136020183563
201360	-3.294258	-1.670868	-1.125970	0.037096	0.225660	0.324338	0.02267375560477376	1.7558299039780518e-05	0.22566038370132446
201480	-3.294844	-1.670734	-1.125729	0.037074	0.225715	0.324416	0.022660392802208662	2.6337448559670777e-05	0.22571539878845215
201600	-3.296711	-1.670541	-1.124217	0.037005	0.225806	0.324907	0.022646136581897736	2.6337448559670777e-05	0.22580523788928986
201720	-3.297497	-1.670423	-1.123021	0.036976	0.225874	0.325296	0.022632874175906183	2.6337448559670777e-05	0.2258741557598114
201840	-3.298591	-1.670443	-1.122770	0.036935	0.225897	0.325377	0.022636823542416095	1.7558299039780518e-05	0.2258959859609604
201960	-3.299336	-1.670289	-1.122220	0.036908	0.225958	0.325556	0.022623661253601313	2.6337448559670777e-05	0.22595694661140442
202080	-3.299455	-1.670029	-1.122231	0.036903	0.226038	0.325553	0.022600420843809844	2.6337448559670777e-05	0.2260366678237915
202200	-3.299995	-1.669767	-1.121262	0.036883	0.226118	0.325868	0.022575781401246785	1.7558299039780518e-05	0.22611838579177856
202320	-3.300592	-1.669612	-1.120753	0.036861	0.226183	0.326034	0.022564376424998044	2.6337448559670777e-05	0.22618165612220764
202440	-3.301628	-1.669518	-1.120177	0.036823	0.226228	0.326222	0.022553392127156256	1.7558299039780518e-05	0.2262280136346817
202560	-3.302325	-1.669424	-1.119923	0.036797	0.226262	0.326305	0.02254414716735482	2.6337448559670777e-05	0.22626109421253204
202680	-3.303622	-1.669134	-1.118656	0.036750	0.226380	0.326719	0.022517280653119087	2.6337448559670777e-05	0.22638054192066193
202800	-3.304484	-1.668876	-1.117562	0.036718	0.226478	0.327076	0.022499352041631938	2.6337448559670777e-05	0.22647589445114136
202920	-3.304720	-1.668760	-1.117266	0.036709	0.226527	0.327173	0.022484507784247397	2.6337448559670777e-05	0.22652655839920044
203040	-3.304942	-1.668154	-1.116584	0.036701	0.226681	0.327396	0.02243108917027712	2.6337448559670777e-05	0.2266802042722702
203160	-3.306088	-1.668077	-1.115942	0.036659	0.226729	0.327606	0.02242338201031089	2.6337448559670777e-05	0.22672845423221588
203280	-3.306155	-1.667736	-1.115876	0.036657	0.226820	0.327628	0.022397380229085682	2.6337448559670777e-05	0.2268180102109909
203400	-3.306833	-1.667670	-1.116114	0.036632	0.226859	0.327550	0.022385949082672597	1.7558299039780518e-05	0.22685907781124115
203520	-3.307752	-1.667616	-1.115989	0.036598	0.226888	0.327591	0.022382753808051346	1.1705532693187011e-05	0.22688807547092438
203640	-3.308291	-1.667605	-1.115780	0.036579	0.226914	0.327660	0.02237795488908887	2.6337448559670777e-05	0.22691446542739868
203760	-3.308877	-1.667431	-1.115574	0.036557	0.226998	0.327727	0.02236559707671404	2.6337448559670777e-05	0.2269970178604126
203880	-3.309235	-1.667200	-1.115368	0.036544	0.227076	0.327795	0.022342552803456782	2.6337448559670777e-05	0.2270764410495758
204000	-3.310063	-1.667036	-1.114480	0.036514	0.227166	0.328086	0.02233050698414445	1.7558299039780518e-05	0.2271648645401001
204120	-3.310544	-1.666913	-1.113748	0.036496	0.227205	0.328326	0.02231945712119341	2.6337448559670777e-05	0.2272045612335205
204240	-3.311495	-1.666694	-1.113802	0.036462	0.227260	0.328308	0.022299880161881447	2.6337448559670777e-05	0.2272590696811676
204360	-3.312179	-1.666753	-1.113168	0.036437	0.227266	0.328517	0.022300274670124055	2.6337448559670777e-05	0.22726723551750183
204480	-3.312630	-1.666743	-1.113273	0.036420	0.227287	0.328482	0.022302988450974226	2.6337448559670777e-05	0.2272862046957016
204600	-3.312817	-1.666525	-1.112786	0.036413	0.227361	0.328642	0.02228420116007328	1.7558299039780518e-05	0.22736044228076935
204720	-3.313110	-1.666324	-1.112774	0.036403	0.227424	0.328646	0.022267781663686037	1.7558299039780518e-05	0.22742365300655365
204840	-3.313354	-1.666200	-1.112333	0.036394	0.227487	0.328791	0.022254619281738997	2.6337448559670777e-05	0.2274867594242096
204960	-3.313480	-1.665867	-1.112099	0.036389	0.227582	0.328868	0.022229416854679586	1.7558299039780518e-05	0.2275807112455368
205080	-3.314155	-1.666001	-1.112158	0.036365	0.227567	0.328848	0.02223569853231311	1.7558299039780518e-05	0.22756701707839966
205200	-3.314533	-1.665847	-1.112202	0.036351	0.227617	0.328834	0.022220558300614358	2.6337448559670777e-05	0.2276167869567871
205320	-3.315326	-1.665474	-1.112803	0.036322	0.227722	0.328637	0.022191481664776802	1.7558299039780518e-05	0.2277212142944336
205440	-3.315400	-1.665404	-1.112464	0.036320	0.227738	0.328748	0.02218195963650942	1.7558299039780518e-05	0.22773811221122742
205560	-3.315312	-1.665243	-1.111965	0.036323	0.227804	0.328912	0.02216614531353116	1.7558299039780518e-05	0.22780372202396393
205680	-3.315086	-1.665058	-1.110811	0.036331	0.227873	0.329292	0.022154154535382987	1.7558299039780518e-05	0.2278718501329422
205800	-3.315783	-1.664883	-1.111100	0.036306	0.227937	0.329197	0.022137339133769272	1.7558299039780518e-05	0.22793608903884888
205920	-3.315105	-1.664648	-1.111508	0.036330	0.227998	0.329062	0.022118228394538163	2.6337448559670777e-05	0.22799697518348694
206040	-3.315827	-1.664487	-1.110696	0.036304	0.228070	0.329330	0.022101803310215475	2.6337448559670777e-05	0.22806933522224426
206160	-3.315465	-1.664320	-1.110894	0.036317	0.228114	0.329265	0.02208391772583127	1.7558299039780518e-05	0.2281138300895691
206280	-3.315651	-1.663912	-1.108935	0.036310	0.228233	0.329910	0.022050607670098542	2.6337448559670777e-05	0.22823208570480347
206400	-3.315744	-1.663879	-1.108403	0.036307	0.228251	0.330086	0.022045743837952613	2.6337448559670777e-05	0.22824999690055847
206520	-3.315754	-1.663674	-1.107840	0.036307	0.228325	0.330272	0.02202637791633606	2.6337448559670777e-05	0.2283250391483307
206640	-3.316231	-1.663537	-1.108314	0.036289	0.228374	0.330115	0.02201320035383105	2.6337448559670777e-05	0.2283736765384674
206760	-3.316694	-1.663406	-1.108977	0.036273	0.228416	0.329896	0.0220031201839447	1.7558299039780518e-05	0.22841574251651764
206880	-3.317632	-1.663162	-1.108226	0.036239	0.228501	0.330144	0.02198075745254755	2.6337448559670777e-05	0.22850090265274048
207000	-3.317643	-1.662843	-1.106772	0.036238	0.228597	0.330625	0.021951347589492798	1.1705532693187011e-05	0.22859719395637512
207120	-3.318098	-1.662815	-1.106319	0.036222	0.228645	0.330774	0.021950831823050975	1.7558299039780518e-05	0.2286444753408432
207240	-3.318682	-1.662609	-1.106851	0.036201	0.228711	0.330598	0.02193119153380394	2.6337448559670777e-05	0.22871142625808716
207360	-3.318448	-1.662467	-1.106886	0.036209	0.228759	0.330587	0.02191930767148733	2.6337448559670777e-05	0.22875858843326569
207480	-3.318671	-1.662274	-1.106686	0.036201	0.228836	0.330653	0.021901698503643274	1.7558299039780518e-05	0.22883568704128265
207600	-3.318555	-1.662239	-1.107143	0.036205	0.228857	0.330502	0.021897162683308123	1.7558299039780518e-05	0.2288571000099182
207720	-3.318582	-1.662225	-1.106684	0.036204	0.228891	0.330653	0.021899631712585688	2.6337448559670777e-05	0.22888970375061035
207840	-3.318202	-1.661965	-1.106452	0.036218	0.228973	0.330730	0.021876368951052428	2.6337448559670777e-05	0.22897201776504517
207960	-3.317711	-1.661861	-1.106006	0.036236	0.229009	0.330878	0.021862768847495318	2.6337448559670777e-05	0.2290092259645462
208080	-3.316923	-1.662074	-1.106733	0.036264	0.228984	0.330637	0.0218816670589149	2.6337448559670777e-05	0.2289838343858719
208200	-3.317348	-1.662058	-1.106956	0.036249	0.229002	0.330564	0.02188035100698471	1.7558299039780518e-05	0.22900229692459106
208320	-3.318703	-1.662079	-1.107257	0.036200	0.229024	0.330464	0.021884832344949246	1.7558299039780518e-05	0.22902362048625946
208440	-3.319129	-1.661780	-1.106875	0.036184	0.229120	0.330591	0.02185858516022563	2.6337448559670777e-05	0.229119211435318
208560	-3.319332	-1.661755	-1.106015	0.036177	0.229159	0.330875	0.021855838131159544	2.6337448559670777e-05	0.2291577011346817
208680	-3.318994	-1.661768	-1.104796	0.036189	0.229183	0.331278	0.021856576669961214	2.6337448559670777e-05	0.22918210923671722
208800	-3.319518	-1.661669	-1.104844	0.036170	0.229230	0.331262	0.02184332013130188	2.6337448559670777e-05	0.22923031449317932
208920	-3.319477	-1.661558	-1.103821	0.036172	0.229277	0.331602	0.021839479450136423	1.7558299039780518e-05	0.22927634418010712
209040	-3.320376	-1.661382	-1.103261	0.036139	0.229345	0.331787	0.021823027078062295	1.1705532693187011e-05	0.22934480011463165
209160	-3.320849	-1.661327	-1.103306	0.036122	0.229377	0.331773	0.02181638013571501	1.7558299039780518e-05	0.22937586903572083
209280	-3.320971	-1.660919	-1.102127	0.036118	0.229486	0.332164	0.021783771552145482	2.6337448559670777e-05	0.22948439419269562
209400	-3.320757	-1.660629	-1.101545	0.036125	0.229572	0.332357	0.02175087099894881	2.6337448559670777e-05	0.2295723706483841
209520	-3.320786	-1.660540	-1.101396	0.036124	0.229596	0.332407	0.02174484385177493	1.7558299039780518e-05	0.22959594428539276
209640	-3.320801	-1.660250	-1.100904	0.036124	0.229676	0.332570	0.021718530729413033	1.1705532693187011e-05	0.22967635095119476
209760	-3.321401	-1.659988	-1.100130	0.036102	0.229748	0.332828	0.02169576520100236	1.7558299039780518e-05	0.22974736988544464
209880	-3.321760	-1.659836	-1.099616	0.036089	0.229817	0.332999	0.02168086152523756	2.6337448559670777e-05	0.22981701791286469
210000	-3.322428	-1.659669	-1.098935	0.036065	0.229874	0.333226	0.02166999187320471	1.7558299039780518e-05	0.22987239062786102
210120	-3.322820	-1.659561	-1.098663	0.036051	0.229920	0.333316	0.02165916608646512	2.6337448559670777e-05	0.22991876304149628
210240	-3.323310	-1.659280	-1.098336	0.036033	0.230012	0.333425	0.021637234836816788	2.6337448559670777e-05	0.23001042008399963
210360	-3.324051	-1.659058	-1.097626	0.036007	0.230088	0.333662	0.021610128320753576	2.6337448559670777e-05	0.2300880253314972
210480	-3.324383	-1.659079	-1.097144	0.035995	0.230087	0.333823	0.021615162398666142	2.6337448559670777e-05	0.2300860434770584
210600	-3.324650	-1.658836	-1.096320	0.035985	0.230171	0.334098	0.021594437677413224	1.7558299039780518e-05	0.2301701307296753
210720	-3.325089	-1.658741	-1.095456	0.035969	0.230213	0.334387	0.021582904923707246	1.7558299039780518e-05	0.23021270334720612
210840	-3.326260	-1.658660	-1.093904	0.035927	0.230264	0.334906	0.021578356996178626	2.6337448559670777e-05	0.23026275634765625
210960	-3.326221	-1.658448	-1.093352	0.035929	0.230339	0.335091	0.021557289734482767	2.6337448559670777e-05	0.2303386926651001
211080	-3.326401	-1.658377	-1.093388	0.035922	0.230367	0.335079	0.021551429107785226	1.7558299039780518e-05	0.23036667704582214
211200	-3.326820	-1.658461	-1.093870	0.035907	0.230354	0.334918	0.021555913519114255	2.6337448559670777e-05	0.2303544282913208
211320	-3.327981	-1.658345	-1.093941	0.035865	0.230400	0.334894	0.021548794116824865	1.7558299039780518e-05	0.23039966821670532
211440	-3.327426	-1.658005	-1.093370	0.035885	0.230498	0.335085	0.02151693431660533	2.6337448559670777e-05	0.23049791157245636
211560	-3.327502	-1.657522	-1.092762	0.035883	0.230612	0.335289	0.021473070979118346	2.6337448559670777e-05	0.23061273992061615
211680	-3.327483	-1.657491	-1.091641	0.035883	0.230633	0.335665	0.021472933515906335	1.7558299039780518e-05	0.23063242435455322
211800	-3.328413	-1.657488	-1.090924	0.035850	0.230664	0.335906	0.02147000329568982	2.6337448559670777e-05	0.2306634485721588
211920	-3.328969	-1.657173	-1.089630	0.035830	0.230772	0.336341	0.02144112242385745	2.6337448559670777e-05	0.23077276349067688
212040	-3.328933	-1.657138	-1.088254	0.035831	0.230804	0.336804	0.021436066180467606	2.6337448559670777e-05	0.23080433905124664
212160	-3.329192	-1.657116	-1.087515	0.035822	0.230821	0.337053	0.021435527317225932	1.7558299039780518e-05	0.23082047700881958
212280	-3.329149	-1.656813	-1.087390	0.035824	0.230897	0.337095	0.021413364727050067	1.1705532693187011e-05	0.23089636862277985
212400	-3.329431	-1.656738	-1.087665	0.035813	0.230931	0.337003	0.02140419138595462	1.7558299039780518e-05	0.23093023896217346
212520	-3.329403	-1.656440	-1.087703	0.035814	0.231011	0.336990	0.021379084419459106	2.6337448559670777e-05	0.23101039230823517
212640	-3.329441	-1.656147	-1.086508	0.035813	0.231084	0.337393	0.021352184750139714	1.7558299039780518e-05	0.23108287155628204
212760	-3.329368	-1.655952	-1.086753	0.035816	0.231133	0.337310	0.021334256511181593	1.7558299039780518e-05	0.23113246262073517
212880	-3.329036	-1.655705	-1.086794	0.035828	0.231193	0.337296	0.021316029597073793	2.6337448559670777e-05	0.23119108378887177
213000	-3.329376	-1.655455	-1.085933	0.035815	0.231278	0.337587	0.02129116179421544	2.6337448559670777e-05	0.23127688467502594
213120	-3.328779	-1.655406	-1.085319	0.035837	0.231288	0.337794	0.021282888390123843	2.6337448559670777e-05	0.23128767311573029
213240	-3.328985	-1.655056	-1.085287	0.035829	0.231376	0.337805	0.02125194314867258	1.7558299039780518e-05	0.23137615621089935
213360	-3.328655	-1.654860	-1.084623	0.035841	0.231425	0.338029	0.021234263107180594	2.6337448559670777e-05	0.23142440617084503
213480	-3.328848	-1.654693	-1.084658	0.035834	0.231486	0.338017	0.02121991291642189	2.6337448559670777e-05	0.2314848005771637
213600	-3.328503	-1.654760	-1.084575	0.035847	0.231472	0.338045	0.021222751587629318	2.6337448559670777e-05	0.2314726859331131
213720	-3.328160	-1.654570	-1.083943	0.035859	0.231508	0.338259	0.021209941245615482	1.7558299039780518e-05	0.23150745034217834
213840	-3.328338	-1.654530	-1.084377	0.035853	0.231530	0.338112	0.02120308093726635	1.7558299039780518e-05	0.23152951896190643
213960	-3.328795	-1.654266	-1.083317	0.035836	0.231607	0.338471	0.021180195454508065	2.6337448559670777e-05	0.2316061109304428
214080	-3.328813	-1.654130	-1.083918	0.035836	0.231644	0.338267	0.021168453618884087	1.7558299039780518e-05	0.23164397478103638
214200	-3.328515	-1.654129	-1.084204	0.035846	0.231632	0.338171	0.021167657524347305	2.6337448559670777e-05	0.23163200914859772
214320	-3.329039	-1.653686	-1.084371	0.035828	0.231746	0.338114	0.02113111037760973	1.7558299039780518e-05	0.2317448854446411
214440	-3.329112	-1.653446	-1.084180	0.035825	0.231809	0.338179	0.021108136884868144	1.1705532693187011e-05	0.23180857300758362
214560	-3.328633	-1.653342	-1.083758	0.035842	0.231823	0.338322	0.021097853127866984	1.7558299039780518e-05	0.2318224459886551
214680	-3.328549	-1.653219	-1.083715	0.035845	0.231870	0.338336	0.02108424445614219	1.7558299039780518e-05	0.23186972737312317
214800	-3.328377	-1.653143	-1.083458	0.035851	0.231888	0.338423	0.02107843365520239	1.7558299039780518e-05	0.23188845813274384
214920	-3.327772	-1.653039	-1.083774	0.035873	0.231905	0.338316	0.021067227330058814	2.6337448559670777e-05	0.23190541565418243
215040	-3.328097	-1.652716	-1.083580	0.035861	0.232003	0.338382	0.021042256243526937	2.6337448559670777e-05	0.23200292885303497
215160	-3.328168	-1.652482	-1.084442	0.035859	0.232059	0.338090	0.021019788831472395	1.7558299039780518e-05	0.23205909132957458
215280	-3.328773	-1.652408	-1.084200	0.035837	0.232089	0.338172	0.02101381765678525	2.6337448559670777e-05	0.23208795487880707
215400	-3.329566	-1.652231	-1.084066	0.035809	0.232141	0.338218	0.020996662229299544	2.6337448559670777e-05	0.2321404367685318
215520	-3.329569	-1.652068	-1.083593	0.035809	0.232176	0.338378	0.020982157997787	2.6337448559670777e-05	0.23217597603797913
215640	-3.328521	-1.651818	-1.083906	0.035846	0.232222	0.338272	0.020959005784243347	1.7558299039780518e-05	0.23222152888774872
215760	-3.328541	-1.651675	-1.083559	0.035845	0.232268	0.338389	0.02094776462763548	1.1705532693187011e-05	0.23226787149906158
215880	-3.327909	-1.651544	-1.083094	0.035868	0.232288	0.338546	0.020935296174138786	2.6337448559670777e-05	0.23228833079338074
216000	-3.328674	-1.651481	-1.083416	0.035841	0.232308	0.338437	0.02092802571132779	1.1705532693187011e-05	0.23230837285518646
216120	-3.328804	-1.651293	-1.083809	0.035836	0.232358	0.338304	0.020913375820964576	2.6337448559670777e-05	0.23235845565795898
216240	-3.328071	-1.650936	-1.083786	0.035862	0.232429	0.338312	0.020884082652628422	1.7558299039780518e-05	0.23242810368537903
216360	-3.327671	-1.650599	-1.084440	0.035877	0.232498	0.338091	0.02085098596289754	1.1705532693187011e-05	0.23249788582324982
216480	-3.327873	-1.650465	-1.085397	0.035869	0.232540	0.337768	0.020837489515542984	7.803688462124674e-06	0.2325403392314911
216600	-3.327604	-1.650292	-1.085737	0.035879	0.232589	0.337653	0.02082298742607236	1.7558299039780518e-05	0.23258820176124573
216720	-3.327698	-1.650176	-1.085031	0.035876	0.232636	0.337891	0.020814362354576586	2.6337448559670777e-05	0.23263520002365112
216840	-3.327040	-1.649778	-1.086058	0.035899	0.232736	0.337544	0.020777320954948664	1.1705532693187011e-05	0.23273512721061707
216960	-3.327192	-1.649652	-1.086544	0.035894	0.232773	0.337380	0.02076433440670371	1.7558299039780518e-05	0.2327727973461151
217080	-3.327961	-1.649360	-1.087561	0.035866	0.232842	0.337038	0.020740605145692825	2.6337448559670777e-05	0.23284108936786652
217200	-3.328003	-1.649227	-1.087450	0.035865	0.232880	0.337075	0.020726546086370944	1.7558299039780518e-05	0.23288027942180634
217320	-3.328231	-1.648947	-1.087659	0.035856	0.232946	0.337004	0.020701213181018828	2.6337448559670777e-05	0.23294632136821747
217440	-3.327798	-1.648749	-1.088027	0.035872	0.232988	0.336880	0.020684312283992767	2.6337448559670777e-05	0.23298737406730652
217560	-3.327679	-1.648655	-1.088203	0.035876	0.233024	0.336821	0.02067861258983612	1.1705532693187011e-05	0.233023002743721
217680	-3.327823	-1.648588	-1.087643	0.035871	0.233051	0.337010	0.020668519660830498	2.6337448559670777e-05	0.23305073380470276
217800	-3.327977	-1.648403	-1.087312	0.035866	0.233106	0.337121	0.020653614681214093	2.6337448559670777e-05	0.23310454189777374
217920	-3.327719	-1.648102	-1.087579	0.035875	0.233180	0.337032	0.020626379922032357	1.7558299039780518e-05	0.23318004608154297
218040	-3.327852	-1.647916	-1.088400	0.035870	0.233229	0.336755	0.020609396044164896	2.6337448559670777e-05	0.233228400349617
218160	-3.327413	-1.647782	-1.088628	0.035886	0.233279	0.336678	0.020596908405423164	2.6337448559670777e-05	0.23327817022800446
218280	-3.327507	-1.647616	-1.088606	0.035882	0.233345	0.336686	0.02058535274118185	1.7558299039780518e-05	0.23334436118602753
218400	-3.327540	-1.647358	-1.087991	0.035881	0.233431	0.336892	0.02055821418762207	1.7558299039780518e-05	0.23343048989772797
218520	-3.327607	-1.647199	-1.088780	0.035879	0.233491	0.336627	0.020547356456518173	2.6337448559670777e-05	0.23349004983901978
218640	-3.327701	-1.647029	-1.089186	0.035875	0.233551	0.336490	0.0205273674800992	1.7558299039780518e-05	0.2335507869720459
218760	-3.326970	-1.646571	-1.088752	0.035902	0.233664	0.336636	0.020494021568447353	2.6337448559670777e-05	0.23366142809391022
218880	-3.326613	-1.646255	-1.088576	0.035915	0.233754	0.336696	0.020459653157740832	1.7558299039780518e-05	0.23375405371189117
219000	-3.327203	-1.645979	-1.088321	0.035893	0.233824	0.336782	0.020433563087135554	1.7558299039780518e-05	0.23382426798343658
219120	-3.327482	-1.645817	-1.087546	0.035883	0.233851	0.337042	0.020422395132482053	2.6337448559670777e-05	0.23384933173656464
219240	-3.328591	-1.645661	-1.087072	0.035844	0.233917	0.337203	0.020406801160424946	1.7558299039780518e-05	0.23391662538051605
219360	-3.328438	-1.645320	-1.085917	0.035849	0.234022	0.337592	0.020377059746533633	1.1705532693187011e-05	0.23402154445648193
219480	-3.329087	-1.645194	-1.085354	0.035826	0.234084	0.337782	0.020363298151642083	2.6337448559670777e-05	0.23408405482769012
219600	-3.328717	-1.645071	-1.085078	0.035839	0.234127	0.337875	0.020350909419357778	2.6337448559670777e-05	0.2341277003288269
219720	-3.328351	-1.644672	-1.084412	0.035852	0.234236	0.338101	0.020316498912870885	2.6337448559670777e-05	0.234235480427742
219840	-3.328469	-1.644468	-1.084181	0.035848	0.234297	0.338179	0.02029920956119895	1.7558299039780518e-05	0.23429670929908752
219960	-3.328735	-1.644194	-1.084307	0.035838	0.234368	0.338136	0.020273806620389224	2.6337448559670777e-05	0.23436716198921204
220080	-3.328268	-1.643905	-1.083546	0.035855	0.234438	0.338394	0.020253836736083032	2.6337448559670777e-05	0.2344362884759903
220200	-3.327965	-1.643592	-1.083842	0.035866	0.234523	0.338293	0.020221363846212627	1.7558299039780518e-05	0.2345225214958191
220320	-3.327852	-1.643259	-1.083681	0.035870	0.234624	0.338348	0.020190829504281284	2.6337448559670777e-05	0.23462335765361786
220440	-3.328036	-1.643155	-1.082782	0.035863	0.234667	0.338652	0.02017706660553813	3.9506172839506166e-05	0.23466745018959045
220560	-3.326914	-1.643065	-1.081743	0.035904	0.234678	0.339004	0.020173970330506562	1.7558299039780518e-05	0.23467694222927094
220680	-3.327404	-1.642809	-1.081228	0.035886	0.234771	0.339179	0.020147533249109985	2.6337448559670777e-05	0.23477168381214142
220800	-3.327498	-1.642629	-1.080563	0.035883	0.234814	0.339404	0.020137916039675473	2.6337448559670777e-05	0.2348126620054245
220920	-3.327857	-1.642381	-1.079903	0.035870	0.234905	0.339628	0.020110478065907954	2.6337448559670777e-05	0.23490475118160248
221040	-3.327904	-1.642085	-1.079099	0.035868	0.234988	0.339901	0.020084272138774395	1.7558299039780518e-05	0.23498789966106415
221160	-3.327838	-1.641972	-1.078892	0.035871	0.235031	0.339972	0.020076246932148933	2.6337448559670777e-05	0.23502950370311737
221280	-3.326634	-1.641509	-1.079151	0.035914	0.235138	0.339884	0.020037150662392377	2.6337448559670777e-05	0.2351359874010086
221400	-3.326611	-1.641312	-1.078426	0.035915	0.235209	0.340130	0.02001661602407694	2.6337448559670777e-05	0.23520809412002563
221520	-3.327080	-1.641241	-1.078327	0.035898	0.235246	0.340164	0.020003504119813442	1.7558299039780518e-05	0.23524625599384308
221640	-3.327322	-1.641141	-1.077692	0.035889	0.235300	0.340380	0.019999320991337298	2.6337448559670777e-05	0.23529954254627228
221760	-3.326343	-1.640881	-1.077517	0.035924	0.235379	0.340440	0.019976113084703685	1.1705532693187011e-05	0.23537829518318176
221880	-3.326388	-1.640737	-1.077235	0.035923	0.235434	0.340536	0.019962760526686905	3.9506172839506166e-05	0.23543338477611542
222000	-3.325101	-1.640153	-1.075859	0.035969	0.235601	0.341005	0.019914113450795412	2.6337448559670777e-05	0.23559927940368652
222120	-3.325025	-1.639857	-1.075119	0.035972	0.235699	0.341257	0.019884772878140212	2.6337448559670777e-05	0.23569822311401367
222240	-3.325060	-1.639422	-1.075154	0.035970	0.235814	0.341245	0.019846548419445754	2.6337448559670777e-05	0.2358124852180481
222360	-3.324974	-1.639212	-1.074834	0.035973	0.235859	0.341354	0.019823177438229322	2.6337448559670777e-05	0.23585915565490723
222480	-3.325602	-1.639155	-1.074053	0.035951	0.235888	0.341621	0.019819825049489738	2.6337448559670777e-05	0.235887810587883
222600	-3.325455	-1.638781	-1.072904	0.035956	0.235998	0.342014	0.019786999002099036	2.6337448559670777e-05	0.2359970360994339
222720	-3.325447	-1.638412	-1.072026	0.035956	0.236119	0.342314	0.01976034538820386	2.6337448559670777e-05	0.23611554503440857
222840	-3.325143	-1.638065	-1.071824	0.035967	0.236224	0.342384	0.019725965242832898	2.6337448559670777e-05	0.2362229824066162
222960	-3.325005	-1.637870	-1.071552	0.035972	0.236271	0.342477	0.019703541230410338	1.7558299039780518e-05	0.236271470785141
223080	-3.324562	-1.637767	-1.070757	0.035988	0.236306	0.342749	0.019697480462491514	2.6337448559670777e-05	0.23630455136299133
223200	-3.324563	-1.637586	-1.069199	0.035988	0.236372	0.343283	0.019675302878022195	2.6337448559670777e-05	0.2363719940185547
223320	-3.323959	-1.637370	-1.068719	0.036010	0.236425	0.343448	0.01965877627953887	2.6337448559670777e-05	0.23642511665821075
223440	-3.323896	-1.637176	-1.068380	0.036012	0.236480	0.343565	0.01964313453063369	1.7558299039780518e-05	0.23647958040237427
223560	-3.323172	-1.636867	-1.067662	0.036038	0.236562	0.343811	0.019620163738727568	2.6337448559670777e-05	0.23655979335308075
223680	-3.323661	-1.636476	-1.067076	0.036021	0.236658	0.344013	0.019578575808554887	2.6337448559670777e-05	0.2366582155227661
223800	-3.323773	-1.636031	-1.065741	0.036017	0.236781	0.344472	0.019543218426406384	1.7558299039780518e-05	0.23677964508533478
223920	-3.324307	-1.635772	-1.065722	0.035997	0.236867	0.344479	0.019516897108405828	1.1705532693187011e-05	0.23686596751213074
224040	-3.324270	-1.635572	-1.063872	0.035999	0.236932	0.345117	0.01949725728482008	2.6337448559670777e-05	0.23693197965621948
224160	-3.323813	-1.635240	-1.062678	0.036015	0.237028	0.345529	0.019469980988651513	2.6337448559670777e-05	0.2370273619890213
224280	-3.323709	-1.635010	-1.062115	0.036019	0.237102	0.345724	0.01944907046854496	1.7558299039780518e-05	0.2371004819869995
224400	-3.324732	-1.634711	-1.061588	0.035982	0.237200	0.345906	0.0194217037409544	1.7558299039780518e-05	0.23719945549964905
224520	-3.325016	-1.634382	-1.060515	0.035972	0.237314	0.346277	0.019391884841024876	2.6337448559670777e-05	0.23731394112110138
224640	-3.324698	-1.634298	-1.060687	0.035983	0.237344	0.346218	0.019380224216729403	2.6337448559670777e-05	0.23734475672245026
224760	-3.325052	-1.634163	-1.061227	0.035971	0.237400	0.346031	0.019373637903481723	2.6337448559670777e-05	0.2373986393213272
224880	-3.325275	-1.633749	-1.061381	0.035963	0.237516	0.345978	0.01933479057624936	2.6337448559670777e-05	0.23751622438430786
225000	-3.324865	-1.633545	-1.060915	0.035977	0.237575	0.346139	0.019318423606455325	2.6337448559670777e-05	0.23757396638393402
225120	-3.325206	-1.633533	-1.060801	0.035965	0.237592	0.346179	0.019314783439040185	1.7558299039780518e-05	0.2375919371843338
225240	-3.326844	-1.633248	-1.059644	0.035906	0.237705	0.346579	0.019290343672037125	3.9506172839506166e-05	0.23770436644554138
225360	-3.326870	-1.633044	-1.058953	0.035905	0.237769	0.346819	0.019271360896527766	1.7558299039780518e-05	0.2377689629793167
225480	-3.328218	-1.632795	-1.057897	0.035857	0.237855	0.347185	0.01924862591549754	2.6337448559670777e-05	0.23785455524921417
225600	-3.327487	-1.632653	-1.057350	0.035883	0.237909	0.347375	0.01923578027635813	1.7558299039780518e-05	0.23790813982486725
225720	-3.327412	-1.632547	-1.056958	0.035886	0.237981	0.347511	0.019223831221461297	3.9506172839506166e-05	0.2379806488752365
225840	-3.327766	-1.632342	-1.056740	0.035873	0.238045	0.347587	0.01920700930058956	1.1705532693187011e-05	0.2380446493625641
225960	-3.327241	-1.631979	-1.056176	0.035892	0.238143	0.347783	0.01917879590764642	2.6337448559670777e-05	0.23814153671264648
226080	-3.327575	-1.631711	-1.054458	0.035880	0.238251	0.348381	0.01915202960371971	2.6337448559670777e-05	0.2382507622241974
226200	-3.327925	-1.631445	-1.054380	0.035867	0.238336	0.348408	0.019125496875494717	1.7558299039780518e-05	0.238335981965065
226320	-3.327681	-1.631346	-1.054251	0.035876	0.238375	0.348453	0.019119493290781976	2.6337448559670777e-05	0.2383737862110138
226440	-3.327269	-1.631170	-1.054243	0.035891	0.238414	0.348456	0.019102860055863858	2.6337448559670777e-05	0.2384134978055954
226560	-3.326651	-1.631014	-1.054490	0.035913	0.238438	0.348370	0.01908671986311674	2.6337448559670777e-05	0.23843832314014435
226680	-3.327019	-1.630753	-1.053750	0.035900	0.238528	0.348628	0.01906576966866851	2.6337448559670777e-05	0.238527312874794
226800	-3.327185	-1.630792	-1.053347	0.035894	0.238539	0.348768	0.01906649712473154	2.6337448559670777e-05	0.23853862285614014
226920	-3.327204	-1.630549	-1.053141	0.035893	0.238613	0.348840	0.019044580217450858	2.6337448559670777e-05	0.23861289024353027
227040	-3.327178	-1.630398	-1.053282	0.035894	0.238661	0.348791	0.01903346078470349	1.7558299039780518e-05	0.23866063356399536
227160	-3.327233	-1.630168	-1.053214	0.035892	0.238737	0.348815	0.019012652430683376	2.6337448559670777e-05	0.2387366145849228
227280	-3.326860	-1.629820	-1.052741	0.035906	0.238833	0.348980	0.018984990194439888	3.9506172839506166e-05	0.23883123695850372
227400	-3.327364	-1.629497	-1.051279	0.035888	0.238928	0.349490	0.01895258091390133	2.6337448559670777e-05	0.23892684280872345
227520	-3.326920	-1.629303	-1.050824	0.035904	0.238968	0.349650	0.01893498031422496	2.6337448559670777e-05	0.23896817862987518
227640	-3.326447	-1.628963	-1.051090	0.035920	0.239054	0.349557	0.01890343436971307	3.9506172839506166e-05	0.23905403912067413
227760	-3.326875	-1.628819	-1.050248	0.035905	0.239118	0.349851	0.018893457483500242	2.6337448559670777e-05	0.23911674320697784
227880	-3.327274	-1.628639	-1.049595	0.035891	0.239157	0.350080	0.018871460389345885	3.9506172839506166e-05	0.2391582429409027
228000	-3.328243	-1.628492	-1.048738	0.035856	0.239222	0.350380	0.018860899750143288	2.6337448559670777e-05	0.23922134935855865
228120	-3.327986	-1.628247	-1.048355	0.035865	0.239292	0.350514	0.018843429069966076	3.9506172839506166e-05	0.2392905056476593
228240	-3.327401	-1.628091	-1.048243	0.035886	0.239334	0.350553	0.01882752636447549	2.6337448559670777e-05	0.23933282494544983
228360	-3.326657	-1.627719	-1.048117	0.035913	0.239419	0.350597	0.018793086148798467	1.7558299039780518e-05	0.23941849172115326
228480	-3.326067	-1.627482	-1.047665	0.035934	0.239488	0.350756	0.01877073971554637	7.803688462124674e-06	0.23948772251605988
228600	-3.326664	-1.627326	-1.047220	0.035913	0.239551	0.350912	0.0187569597736001	2.6337448559670777e-05	0.23954974114894867
228720	-3.326696	-1.627114	-1.046235	0.035912	0.239616	0.351258	0.018738838098943233	2.6337448559670777e-05	0.23961488902568817
228840	-3.327733	-1.626984	-1.046572	0.035874	0.239705	0.351139	0.018727869261056185	2.6337448559670777e-05	0.23970380425453186
228960	-3.327744	-1.626450	-1.046361	0.035874	0.239869	0.351213	0.018678470328450204	1.1705532693187011e-05	0.2398684173822403
229080	-3.327601	-1.626259	-1.045757	0.035879	0.239932	0.351426	0.018663917388767003	2.6337448559670777e-05	0.2399299591779709
229200	-3.328597	-1.626017	-1.045141	0.035843	0.240038	0.351642	0.018638983834534883	1.7558299039780518e-05	0.2400374710559845
229320	-3.327914	-1.625658	-1.044354	0.035868	0.240132	0.351919	0.018606275599449874	1.7558299039780518e-05	0.24013137817382812
229440	-3.327742	-1.625405	-1.043971	0.035874	0.240205	0.352054	0.01858344245702028	1.7558299039780518e-05	0.24020445346832275
229560	-3.327948	-1.625332	-1.043728	0.035867	0.240231	0.352139	0.01857529254630208	1.1705532693187011e-05	0.240230992436409
229680	-3.328018	-1.625033	-1.042568	0.035864	0.240343	0.352548	0.018551249429583548	2.6337448559670777e-05	0.240341916680336
229800	-3.327878	-1.624690	-1.041881	0.035869	0.240459	0.352791	0.01851897407323122	2.6337448559670777e-05	0.2404586672782898
229920	-3.326770	-1.624392	-1.041325	0.035909	0.240544	0.352987	0.01849121879786253	1.7558299039780518e-05	0.24054409563541412
230040	-3.327484	-1.624087	-1.040731	0.035883	0.240638	0.353196	0.0184685786254704	2.6337448559670777e-05	0.24063584208488464
230160	-3.327766	-1.623755	-1.040030	0.035873	0.240758	0.353444	0.01843928322196007	2.6337448559670777e-05	0.2407565861940384
230280	-3.327734	-1.623555	-1.040226	0.035874	0.240820	0.353375	0.01842240011319518	1.1705532693187011e-05	0.2408183068037033
230400	-3.328265	-1.623346	-1.039484	0.035855	0.240882	0.353637	0.018397705163806677	2.6337448559670777e-05	0.24088190495967865
230520	-3.327963	-1.623198	-1.038933	0.035866	0.240927	0.353832	0.01838570963591337	2.6337448559670777e-05	0.24092617630958557
230640	-3.327404	-1.622775	-1.038236	0.035886	0.241049	0.354079	0.018349522817879917	2.6337448559670777e-05	0.24104765057563782
230760	-3.327996	-1.622303	-1.037098	0.035865	0.241188	0.354482	0.018303968757390977	1.7558299039780518e-05	0.24118757247924805
230880	-3.327816	-1.622005	-1.036737	0.035871	0.241300	0.354610	0.018275627214461566	2.6337448559670777e-05	0.24129986763000488
231000	-3.328134	-1.621665	-1.036214	0.035860	0.241410	0.354795	0.018251525610685347	2.6337448559670777e-05	0.24140824377536774
231120	-3.328433	-1.621417	-1.035251	0.035849	0.241505	0.355137	0.01822354197502136	1.7558299039780518e-05	0.24150492250919342
231240	-3.327754	-1.621238	-1.034342	0.035874	0.241574	0.355460	0.01820737486705184	3.9506172839506166e-05	0.24157415330410004
231360	-3.326841	-1.620910	-1.033813	0.035906	0.241656	0.355648	0.018179485481232403	2.6337448559670777e-05	0.24165590107440948
231480	-3.327015	-1.620854	-1.032971	0.035900	0.241673	0.355948	0.018173709232360124	1.7558299039780518e-05	0.24167288839817047
231600	-3.327721	-1.620340	-1.032324	0.035875	0.241814	0.356178	0.01813107365742326	2.6337448559670777e-05	0.241812601685524
231720	-3.327001	-1.619963	-1.031477	0.035901	0.241916	0.356480	0.01809547804296017	1.7558299039780518e-05	0.241914764046669
231840	-3.326849	-1.619633	-1.031587	0.035906	0.242015	0.356441	0.018064942676573992	2.6337448559670777e-05	0.24201402068138123
231960	-3.327119	-1.619430	-1.031473	0.035896	0.242079	0.356482	0.018044537305831908	1.7558299039780518e-05	0.2420794665813446
232080	-3.327364	-1.619135	-1.031532	0.035888	0.242149	0.356460	0.018019902426749466	2.6337448559670777e-05	0.24214886128902435
232200	-3.327696	-1.618690	-1.030853	0.035876	0.242267	0.356703	0.01798103014007211	2.6337448559670777e-05	0.2422662377357483
232320	-3.327541	-1.618571	-1.030920	0.035881	0.242284	0.356679	0.017966667655855417	1.7558299039780518e-05	0.24228470027446747
232440	-3.328236	-1.618254	-1.030626	0.035856	0.242395	0.356783	0.017937473207712173	2.6337448559670777e-05	0.24239522218704224
232560	-3.328497	-1.618054	-1.030142	0.035847	0.242468	0.356956	0.017922329436987638	2.6337448559670777e-05	0.24246689677238464
232680	-3.328361	-1.617854	-1.029749	0.035852	0.242526	0.357097	0.01790349492803216	1.7558299039780518e-05	0.242525115609169
232800	-3.328312	-1.617687	-1.029464	0.035854	0.242566	0.357198	0.017889142222702503	2.6337448559670777e-05	0.2425651103258133
232920	-3.328925	-1.617677	-1.029649	0.035832	0.242587	0.357132	0.01788463247939944	1.7558299039780518e-05	0.24258743226528168
233040	-3.329838	-1.617476	-1.029167	0.035799	0.242674	0.357304	0.017870960012078285	2.6337448559670777e-05	0.2426730841398239
233160	-3.329407	-1.617206	-1.029515	0.035814	0.242750	0.357180	0.017844031378626824	1.7558299039780518e-05	0.24275043606758118
233280	-3.329373	-1.616825	-1.029081	0.035816	0.242859	0.357335	0.01781403198838234	2.6337448559670777e-05	0.24285738170146942
233400	-3.329892	-1.616494	-1.029140	0.035797	0.242963	0.357314	0.017781123146414758	2.6337448559670777e-05	0.24296261370182037
233520	-3.329881	-1.616328	-1.028986	0.035797	0.243012	0.357369	0.0177662898786366	2.6337448559670777e-05	0.24301159381866455
233640	-3.330121	-1.616019	-1.028003	0.035789	0.243107	0.357721	0.01774047305807471	2.6337448559670777e-05	0.24310599267482758
233760	-3.330022	-1.615634	-1.027938	0.035792	0.243218	0.357744	0.017709627375006677	2.6337448559670777e-05	0.2432161420583725
233880	-3.329890	-1.615291	-1.028214	0.035797	0.243311	0.357645	0.01768067544326186	2.6337448559670777e-05	0.2433081865310669
234000	-3.331184	-1.614832	-1.027500	0.035751	0.243476	0.357901	0.017633526027202605	2.6337448559670777e-05	0.24347563087940216
234120	-3.330557	-1.614382	-1.026429	0.035773	0.243604	0.358284	0.017594866920262575	2.6337448559670777e-05	0.243602454662323
234240	-3.331002	-1.613936	-1.025830	0.035757	0.243733	0.358499	0.017551015969365834	2.6337448559670777e-05	0.2437327355146408
234360	-3.331039	-1.613715	-1.024915	0.035756	0.243816	0.358827	0.01753229768946767	2.6337448559670777e-05	0.24381478130817413
234480	-3.330597	-1.613227	-1.023688	0.035772	0.243942	0.359268	0.017493215575814246	2.6337448559670777e-05	0.2439400851726532
234600	-3.331335	-1.612980	-1.023034	0.035745	0.244030	0.359503	0.017464552912861107	2.6337448559670777e-05	0.24402959644794464
234720	-3.331772	-1.612740	-1.022299	0.035730	0.244116	0.359767	0.017445541545748712	1.7558299039780518e-05	0.2441151887178421
234840	-3.333114	-1.612750	-1.021706	0.035682	0.244159	0.359980	0.01744438847526908	3.9506172839506166e-05	0.2441585510969162
234960	-3.332814	-1.612238	-1.021229	0.035693	0.244284	0.360152	0.017399144917726518	2.6337448559670777e-05	0.24428382515907288
235080	-3.333669	-1.612176	-1.021078	0.035662	0.244325	0.360207	0.017392292339354753	2.6337448559670777e-05	0.24432432651519775
235200	-3.332122	-1.611741	-1.019706	0.035717	0.244437	0.360701	0.017356336303055286	2.6337448559670777e-05	0.24443568289279938
235320	-3.332347	-1.611458	-1.019236	0.035709	0.244532	0.360870	0.017331914324313403	2.6337448559670777e-05	0.24453048408031464
235440	-3.332528	-1.610890	-1.018437	0.035703	0.244681	0.361159	0.01727839168161154	2.6337448559670777e-05	0.24468030035495758
235560	-3.332696	-1.610790	-1.017962	0.035697	0.244736	0.361331	0.017269599344581367	1.7558299039780518e-05	0.24473516643047333
235680	-3.332837	-1.610517	-1.018138	0.035692	0.244817	0.361267	0.01724161542952061	2.6337448559670777e-05	0.24481721222400665
235800	-3.333551	-1.610433	-1.017758	0.035666	0.244852	0.361404	0.017237026523798705	2.6337448559670777e-05	0.24485062062740326
235920	-3.333255	-1.610027	-1.017507	0.035677	0.244959	0.361495	0.01720246495679021	2.6337448559670777e-05	0.2449573576450348
236040	-3.332723	-1.609717	-1.017545	0.035696	0.245057	0.361481	0.017171317990869284	2.6337448559670777e-05	0.2450566291809082
236160	-3.332628	-1.609552	-1.017472	0.035699	0.245096	0.361508	0.017157777026295663	2.6337448559670777e-05	0.24509555101394653
236280	-3.332765	-1.609179	-1.017271	0.035694	0.245222	0.361580	0.017126513086259364	1.7558299039780518e-05	0.24522072076797485
236400	-3.333236	-1.608687	-1.016129	0.035677	0.245382	0.361993	0.017080989945679904	2.6337448559670777e-05	0.24538075923919678
236520	-3.331854	-1.608309	-1.015969	0.035727	0.245462	0.362051	0.017048790398985148	2.6337448559670777e-05	0.2454601377248764
236640	-3.331688	-1.608004	-1.015413	0.035733	0.245553	0.362253	0.017019703704863786	2.6337448559670777e-05	0.24555252492427826
236760	-3.331615	-1.607693	-1.014775	0.035735	0.245632	0.362484	0.016988540533930063	2.6337448559670777e-05	0.24563109874725342
236880	-3.331603	-1.607258	-1.014875	0.035736	0.245764	0.362448	0.016956908628344536	1.7558299039780518e-05	0.24576245248317719
237000	-3.331180	-1.606870	-1.014999	0.035751	0.245886	0.362403	0.016914575081318616	1.7558299039780518e-05	0.24588565528392792
237120	-3.331496	-1.606722	-1.014617	0.035740	0.245933	0.362541	0.016900424007326366	2.6337448559670777e-05	0.24593259394168854
237240	-3.330755	-1.606257	-1.014319	0.035766	0.246043	0.362649	0.016860865242779254	1.7558299039780518e-05	0.246041938662529
237360	-3.331574	-1.606155	-1.014834	0.035737	0.246103	0.362462	0.01684897970408201	2.6337448559670777e-05	0.2461026906967163
237480	-3.331940	-1.605883	-1.014292	0.035724	0.246204	0.362659	0.01682972852140665	2.6337448559670777e-05	0.24620218575000763
237600	-3.331986	-1.605587	-1.013401	0.035722	0.246308	0.362982	0.016800894308835267	1.7558299039780518e-05	0.24630822241306305
237720	-3.332441	-1.605298	-1.012560	0.035706	0.246401	0.363288	0.01677479250356555	2.6337448559670777e-05	0.24640099704265594
237840	-3.332914	-1.604877	-1.011995	0.035689	0.246532	0.363493	0.016739471163600684	2.6337448559670777e-05	0.24653001129627228
237960	-3.332600	-1.604716	-1.012058	0.035700	0.246582	0.363470	0.01672077113762498	1.7558299039780518e-05	0.24658185243606567
238080	-3.333232	-1.604602	-1.011622	0.035678	0.246640	0.363629	0.01670843092724681	1.7558299039780518e-05	0.24664054811000824
238200	-3.333670	-1.604405	-1.011836	0.035662	0.246721	0.363551	0.016697034984827042	2.6337448559670777e-05	0.24671943485736847
238320	-3.333775	-1.604179	-1.011279	0.035658	0.246801	0.363753	0.016674086544662715	1.7558299039780518e-05	0.2468002289533615
238440	-3.333919	-1.603641	-1.010553	0.035653	0.246958	0.364018	0.016629551723599433	2.6337448559670777e-05	0.24695664644241333
238560	-3.333529	-1.603435	-1.010887	0.035667	0.247015	0.363896	0.01660621976479888	2.6337448559670777e-05	0.2470141500234604
238680	-3.333543	-1.603119	-1.010359	0.035667	0.247102	0.364088	0.016575245745480062	2.6337448559670777e-05	0.24710151553153992
238800	-3.333251	-1.602818	-1.010846	0.035677	0.247203	0.363911	0.01655312441289425	2.6337448559670777e-05	0.2472018152475357
238920	-3.332512	-1.602581	-1.009917	0.035703	0.247285	0.364249	0.01653185607865453	2.6337448559670777e-05	0.2472844272851944
239040	-3.332698	-1.602449	-1.010092	0.035697	0.247352	0.364186	0.016519041545689107	2.6337448559670777e-05	0.24735143780708313
239160	-3.332267	-1.602125	-1.010291	0.035712	0.247435	0.364113	0.01648821122944355	2.6337448559670777e-05	0.24743397533893585
239280	-3.331656	-1.601903	-1.009782	0.035734	0.247507	0.364298	0.01646836744621396	2.6337448559670777e-05	0.24750648438930511
239400	-3.331808	-1.601624	-1.010044	0.035728	0.247591	0.364203	0.01644620383158326	2.6337448559670777e-05	0.24759025871753693
239520	-3.331007	-1.601201	-1.009559	0.035757	0.247717	0.364380	0.01640658276155591	2.6337448559670777e-05	0.24771597981452942
239640	-3.331093	-1.600983	-1.009043	0.035754	0.247798	0.364568	0.01638907678425312	2.6337448559670777e-05	0.24779601395130157
239760	-3.331028	-1.600857	-1.009130	0.035756	0.247847	0.364536	0.016375559289008378	2.6337448559670777e-05	0.247846320271492
239880	-3.329947	-1.600257	-1.009224	0.035795	0.248007	0.364502	0.016324214823544025	2.6337448559670777e-05	0.24800604581832886
240000	-3.330129	-1.599735	-1.007580	0.035788	0.248168	0.365102	0.016276369336992502	1.7558299039780518e-05	0.24816682934761047
240120	-3.329697	-1.599380	-1.006776	0.035804	0.248261	0.365395	0.01624523280188441	1.7558299039780518e-05	0.24825936555862427
240240	-3.329513	-1.598947	-1.006300	0.035811	0.248381	0.365569	0.016205299459397794	2.6337448559670777e-05	0.2483798861503601
240360	-3.329329	-1.598685	-1.006269	0.035817	0.248461	0.365580	0.016178591921925545	2.6337448559670777e-05	0.24846047163009644
240480	-3.329114	-1.598417	-1.005931	0.035825	0.248536	0.365704	0.016157478746026754	1.7558299039780518e-05	0.2485344111919403
240600	-3.328992	-1.598059	-1.005781	0.035829	0.248659	0.365759	0.0161259644664824	2.6337448559670777e-05	0.24865709245204926
240720	-3.329053	-1.597636	-1.005933	0.035827	0.248770	0.365703	0.016087967064231636	2.6337448559670777e-05	0.2487686276435852
240840	-3.329256	-1.597437	-1.006067	0.035820	0.248839	0.365654	0.01606811173260212	2.6337448559670777e-05	0.24883723258972168
240960	-3.329863	-1.597361	-1.005610	0.035798	0.248912	0.365821	0.016059895604848863	1.7558299039780518e-05	0.248911052942276
241080	-3.330381	-1.597038	-1.005218	0.035779	0.249005	0.365965	0.016032457910478116	2.6337448559670777e-05	0.2490035742521286
241200	-3.330304	-1.596710	-1.004729	0.035782	0.249094	0.366144	0.01600117301568389	2.6337448559670777e-05	0.24909324944019318
241320	-3.329833	-1.596568	-1.005078	0.035799	0.249123	0.366016	0.01598646165803075	1.7558299039780518e-05	0.2491227239370346
241440	-3.329791	-1.596131	-1.004582	0.035801	0.249244	0.366198	0.015951464604586362	2.6337448559670777e-05	0.24924273788928986
241560	-3.331306	-1.595809	-1.003024	0.035746	0.249351	0.366769	0.015921160113066435	2.6337448559670777e-05	0.24935054779052734
241680	-3.331080	-1.595569	-1.002206	0.035754	0.249428	0.367069	0.015900288615375756	1.7558299039780518e-05	0.24942666292190552
241800	-3.331102	-1.595320	-1.002566	0.035754	0.249492	0.366937	0.015874751564115285	2.6337448559670777e-05	0.2494920939207077
241920	-3.330410	-1.594902	-1.002645	0.035778	0.249586	0.366908	0.01583960009738803	1.1705532693187011e-05	0.24958541989326477
242040	-3.330404	-1.594685	-1.001286	0.035779	0.249658	0.367407	0.01582237482070923	2.6337448559670777e-05	0.24965591728687286
242160	-3.330233	-1.594279	-1.000611	0.035785	0.249803	0.367655	0.015784025844186544	1.7558299039780518e-05	0.24980241060256958
242280	-3.330979	-1.594118	-0.999644	0.035758	0.249854	0.368010	0.015767932310700415	2.6337448559670777e-05	0.2498527616262436
242400	-3.331362	-1.593859	-0.999291	0.035744	0.249932	0.368140	0.015744192246347665	2.6337448559670777e-05	0.24993205070495605
242520	-3.331867	-1.593608	-0.998185	0.035726	0.250029	0.368548	0.015725203230977057	1.7558299039780518e-05	0.25002720952033997
242640	-3.331872	-1.593354	-0.997515	0.035726	0.250119	0.368795	0.015697167813777925	1.7558299039780518e-05	0.2501187026500702
242760	-3.332612	-1.593116	-0.996140	0.035700	0.250218	0.369302	0.015679437667131424	3.9506172839506166e-05	0.2502155900001526
242880	-3.333413	-1.592619	-0.995372	0.035671	0.250377	0.369586	0.01563387895002961	2.6337448559670777e-05	0.250376433134079
243000	-3.332976	-1.592148	-0.994967	0.035687	0.250492	0.369736	0.015592100331559777	2.6337448559670777e-05	0.25049135088920593
243120	-3.332760	-1.591939	-0.994530	0.035694	0.250558	0.369897	0.015572034800425173	2.6337448559670777e-05	0.25055718421936035
243240	-3.333311	-1.591428	-0.993835	0.035675	0.250701	0.370155	0.01553099723532796	1.1705532693187011e-05	0.2506999671459198
243360	-3.333643	-1.591174	-0.993948	0.035663	0.250792	0.370113	0.015502182161435485	1.7558299039780518e-05	0.25079184770584106
243480	-3.334350	-1.591019	-0.993775	0.035638	0.250854	0.370176	0.015486868470907212	1.7558299039780518e-05	0.2508538067340851
243600	-3.334604	-1.590824	-0.993484	0.035629	0.250899	0.370284	0.015472830785438419	1.7558299039780518e-05	0.2508977949619293
243720	-3.334510	-1.590572	-0.992482	0.035632	0.250955	0.370656	0.015450127795338631	2.6337448559670777e-05	0.25095421075820923
243840	-3.334310	-1.590232	-0.991883	0.035639	0.251053	0.370878	0.015422749100252986	3.9506172839506166e-05	0.25105082988739014
243960	-3.334551	-1.590030	-0.991646	0.035631	0.251114	0.370965	0.015400407463312149	1.7558299039780518e-05	0.2511138617992401
244080	-3.334306	-1.589724	-0.991348	0.035639	0.251210	0.371076	0.015378005430102348	2.6337448559670777e-05	0.2512080669403076
244200	-3.334338	-1.589029	-0.989754	0.035638	0.251412	0.371668	0.015314268181100488	2.6337448559670777e-05	0.2514092028141022
244320	-3.333905	-1.588831	-0.988541	0.035654	0.251477	0.372119	0.015290864463895559	1.7558299039780518e-05	0.251476526260376
244440	-3.333325	-1.588419	-0.987916	0.035674	0.251582	0.372352	0.015257693128660321	1.7558299039780518e-05	0.25158146023750305
244560	-3.333698	-1.588098	-0.987610	0.035661	0.251686	0.372466	0.015229853941127658	2.6337448559670777e-05	0.25168463587760925
244680	-3.333157	-1.587958	-0.987237	0.035680	0.251744	0.372605	0.01521559190005064	2.6337448559670777e-05	0.2517421841621399
244800	-3.333786	-1.587730	-0.987217	0.035658	0.251820	0.372612	0.015193593222647905	2.6337448559670777e-05	0.2518196702003479
244920	-3.333930	-1.587377	-0.986769	0.035653	0.251924	0.372779	0.015166517021134496	2.6337448559670777e-05	0.2519226372241974
245040	-3.334256	-1.587078	-0.986176	0.035641	0.252026	0.373000	0.015137871075421572	1.7558299039780518e-05	0.25202471017837524
245160	-3.334060	-1.586832	-0.985890	0.035648	0.252106	0.373107	0.015113452821969986	1.1705532693187011e-05	0.25210461020469666
245280	-3.333950	-1.586489	-0.985172	0.035652	0.252205	0.373375	0.015082546044141054	2.6337448559670777e-05	0.2522042393684387
245400	-3.334740	-1.586120	-0.984192	0.035624	0.252328	0.373741	0.015048171859234571	1.7558299039780518e-05	0.2523275911808014
245520	-3.334941	-1.585935	-0.983590	0.035617	0.252395	0.373966	0.015032637724652886	2.6337448559670777e-05	0.25239360332489014
245640	-3.335234	-1.585500	-0.982398	0.035606	0.252524	0.374412	0.014995434507727622	2.6337448559670777e-05	0.25252270698547363
245760	-3.335070	-1.585387	-0.982697	0.035612	0.252569	0.374300	0.014980981778353452	2.6337448559670777e-05	0.2525686025619507
245880	-3.335367	-1.584994	-0.982462	0.035602	0.252682	0.374388	0.014944939874112606	2.6337448559670777e-05	0.2526828944683075
246000	-3.335220	-1.584755	-0.982598	0.035607	0.252740	0.374337	0.01492347433231771	1.7558299039780518e-05	0.25274020433425903
246120	-3.335030	-1.584395	-0.982133	0.035614	0.252827	0.374511	0.014892135979607701	1.7558299039780518e-05	0.2528270483016968
246240	-3.334746	-1.583972	-0.982373	0.035624	0.252946	0.374421	0.014853224949911236	2.6337448559670777e-05	0.25294601917266846
246360	-3.334592	-1.583618	-0.981707	0.035629	0.253039	0.374671	0.01482748556882143	3.9506172839506166e-05	0.25303834676742554
246480	-3.334144	-1.583324	-0.981562	0.035645	0.253104	0.374725	0.014800801360979676	1.7558299039780518e-05	0.2531023919582367
246600	-3.334607	-1.583028	-0.981678	0.035629	0.253198	0.374682	0.01477130656130612	2.6337448559670777e-05	0.2531973123550415
246720	-3.334413	-1.582762	-0.981058	0.035635	0.253306	0.374914	0.014749562740325928	2.6337448559670777e-05	0.253304123878479
246840	-3.334394	-1.582332	-0.979110	0.035636	0.253430	0.375645	0.014708433020859956	2.6337448559670777e-05	0.2534291446208954
246960	-3.334260	-1.582120	-0.979543	0.035641	0.253517	0.375483	0.014687753422185779	2.6337448559670777e-05	0.25351622700691223
247080	-3.334151	-1.581789	-0.979046	0.035645	0.253626	0.375669	0.014659685082733631	1.7558299039780518e-05	0.25362512469291687
247200	-3.334661	-1.581558	-0.979139	0.035627	0.253697	0.375634	0.01463620844297111	1.7558299039780518e-05	0.25369733572006226
247320	-3.334388	-1.581230	-0.978033	0.035636	0.253782	0.376050	0.014610771043226122	2.6337448559670777e-05	0.2537808120250702
247440	-3.334306	-1.580896	-0.977766	0.035639	0.253885	0.376151	0.01457932023331523	1.7558299039780518e-05	0.25388428568840027
247560	-3.334127	-1.580739	-0.978535	0.035646	0.253922	0.375861	0.01456061159260571	2.6337448559670777e-05	0.2539224624633789
247680	-3.333931	-1.580546	-0.978522	0.035653	0.253971	0.375866	0.014548578811809421	2.6337448559670777e-05	0.25396987795829773
247800	-3.333992	-1.580297	-0.977939	0.035651	0.254053	0.376085	0.01452619773335755	1.7558299039780518e-05	0.25405195355415344
247920	-3.333979	-1.580034	-0.977621	0.035651	0.254146	0.376205	0.014501857524737715	1.7558299039780518e-05	0.2541446387767792
248040	-3.333880	-1.579663	-0.977300	0.035654	0.254251	0.376326	0.0144734354224056	1.7558299039780518e-05	0.2542497217655182
248160	-3.334041	-1.579326	-0.976865	0.035649	0.254350	0.376490	0.014435909409075975	2.6337448559670777e-05	0.2543501853942871
248280	-3.335424	-1.579035	-0.976350	0.035599	0.254462	0.376684	0.01441233758814633	2.6337448559670777e-05	0.25446078181266785
248400	-3.336237	-1.578677	-0.975912	0.035571	0.254579	0.376848	0.014380788896232843	2.6337448559670777e-05	0.2545775771141052
248520	-3.336600	-1.578527	-0.975457	0.035558	0.254653	0.377020	0.014365893695503474	3.9506172839506166e-05	0.2546515166759491
248640	-3.337334	-1.578225	-0.975062	0.035532	0.254744	0.377169	0.01433866829611361	2.6337448559670777e-05	0.2547427713871002
248760	-3.337809	-1.577881	-0.974701	0.035515	0.254851	0.377305	0.014307830715551972	2.6337448559670777e-05	0.25484946370124817
248880	-3.337336	-1.577434	-0.974368	0.035531	0.254973	0.377431	0.014269497245550156	1.7558299039780518e-05	0.2549712657928467
249000	-3.337936	-1.577304	-0.974054	0.035510	0.255039	0.377550	0.014254041109234094	1.7558299039780518e-05	0.2550385892391205
249120	-3.337972	-1.577023	-0.973516	0.035509	0.255129	0.377753	0.014229054376482964	1.7558299039780518e-05	0.2551290690898895
249240	-3.337581	-1.576591	-0.972504	0.035523	0.255251	0.378135	0.014193430542945862	2.6337448559670777e-05	0.2552494704723358
249360	-3.337834	-1.576198	-0.972422	0.035514	0.255345	0.378166	0.014154827082529664	2.6337448559670777e-05	0.2553443908691406
249480	-3.337487	-1.575982	-0.972242	0.035526	0.255391	0.378234	0.014136735256761313	2.6337448559670777e-05	0.2553904056549072
249600	-3.337522	-1.575557	-0.971694	0.035525	0.255530	0.378441	0.014101432356983423	2.6337448559670777e-05	0.2555285692214966
249720	-3.337871	-1.575066	-0.971603	0.035512	0.255664	0.378476	0.014053586777299643	2.6337448559670777e-05	0.2556639313697815
249840	-3.338060	-1.574640	-0.970907	0.035506	0.255787	0.378739	0.014016662817448377	1.7558299039780518e-05	0.2557864487171173
249960	-3.338333	-1.574165	-0.971614	0.035496	0.255907	0.378472	0.013972156960517169	2.6337448559670777e-05	0.2559056878089905
250080	-3.337519	-1.573672	-0.971608	0.035525	0.256052	0.378474	0.013931345753371715	2.6337448559670777e-05	0.2560504078865051
250200	-3.337795	-1.573233	-0.971031	0.035515	0.256187	0.378692	0.013886288134381175	2.6337448559670777e-05	0.25618699193000793
250320	-3.337306	-1.573092	-0.971025	0.035533	0.256202	0.378694	0.013878989359363913	1.7558299039780518e-05	0.2562013864517212
250440	-3.338198	-1.572816	-0.970192	0.035501	0.256308	0.379010	0.013850787794217468	2.6337448559670777e-05	0.25630709528923035
250560	-3.337554	-1.572426	-0.969886	0.035524	0.256407	0.379126	0.013819573353976012	2.6337448559670777e-05	0.25640538334846497
250680	-3.337368	-1.571882	-0.968742	0.035530	0.256579	0.379560	0.01376662328839302	2.6337448559670777e-05	0.25657787919044495
250800	-3.336973	-1.571408	-0.967894	0.035544	0.256705	0.379882	0.013727448228746653	2.6337448559670777e-05	0.2567032277584076
250920	-3.337198	-1.571167	-0.968114	0.035536	0.256771	0.379799	0.0137048015370965	2.6337448559670777e-05	0.2567698061466217
251040	-3.336911	-1.570751	-0.967323	0.035547	0.256891	0.380099	0.013666385598480702	1.7558299039780518e-05	0.25688979029655457
251160	-3.337590	-1.570497	-0.966999	0.035522	0.257007	0.380223	0.013644528621807695	1.7558299039780518e-05	0.25700560212135315
251280	-3.337622	-1.570223	-0.966827	0.035521	0.257085	0.380288	0.013617814006283879	1.7558299039780518e-05	0.25708457827568054
251400	-3.338765	-1.569922	-0.965187	0.035481	0.257188	0.380912	0.013595539890229703	2.6337448559670777e-05	0.25718435645103455
251520	-3.338889	-1.569674	-0.963504	0.035476	0.257263	0.381554	0.013569510774686933	3.9506172839506166e-05	0.25726211071014404
251640	-3.339044	-1.569460	-0.962463	0.035471	0.257355	0.381951	0.013550636498257518	1.7558299039780518e-05	0.25735390186309814
251760	-3.339841	-1.569250	-0.961664	0.035443	0.257450	0.382256	0.013532822579145431	2.6337448559670777e-05	0.25744757056236267
251880	-3.339477	-1.568984	-0.961453	0.035455	0.257522	0.382337	0.013508243346586823	2.6337448559670777e-05	0.2575210928916931
252000	-3.339932	-1.568619	-0.960156	0.035439	0.257644	0.382833	0.013472836371511221	1.7558299039780518e-05	0.25764375925064087
252120	-3.339801	-1.568422	-0.959651	0.035444	0.257696	0.383027	0.013457175809890032	2.6337448559670777e-05	0.2576943039894104
252240	-3.339499	-1.568178	-0.959883	0.035455	0.257758	0.382938	0.013435053965076804	1.7558299039780518e-05	0.25775691866874695
252360	-3.339762	-1.567962	-0.959875	0.035445	0.257819	0.382941	0.013414393225684763	1.7558299039780518e-05	0.2578185200691223
252480	-3.340808	-1.567910	-0.959431	0.035408	0.257861	0.383111	0.013407095661386847	1.1705532693187011e-05	0.25786110758781433
252600	-3.341417	-1.567679	-0.959000	0.035387	0.257938	0.383276	0.013385285856202245	2.6337448559670777e-05	0.25793901085853577
252720	-3.342023	-1.567435	-0.958940	0.035365	0.258015	0.383299	0.013370881602168084	2.6337448559670777e-05	0.2580127716064453
252840	-3.342744	-1.567053	-0.957888	0.035340	0.258144	0.383702	0.01333390986546874	2.6337448559670777e-05	0.25814250111579895
252960	-3.343081	-1.566685	-0.957006	0.035328	0.258254	0.384041	0.01330092791467905	2.6337448559670777e-05	0.25825244188308716
253080	-3.342866	-1.566486	-0.956329	0.035336	0.258297	0.384301	0.013279445702210069	2.6337448559670777e-05	0.2582967281341553
253200	-3.343070	-1.566334	-0.955463	0.035328	0.258338	0.384634	0.013270221510902047	2.6337448559670777e-05	0.25833627581596375
253320	-3.343596	-1.565972	-0.954890	0.035310	0.258452	0.384855	0.013237379305064679	1.7558299039780518e-05	0.25845053791999817
253440	-3.343009	-1.565642	-0.954890	0.035331	0.258539	0.384854	0.013206386147066951	2.6337448559670777e-05	0.25853845477104187
253560	-3.343622	-1.565556	-0.955482	0.035309	0.258575	0.384627	0.013197698583826422	2.6337448559670777e-05	0.258573442697525
253680	-3.343611	-1.565398	-0.955276	0.035309	0.258640	0.384706	0.013183222291991115	1.7558299039780518e-05	0.25863972306251526
253800	-3.344282	-1.565225	-0.954880	0.035286	0.258697	0.384858	0.01316965240985155	2.6337448559670777e-05	0.2586952745914459
253920	-3.343516	-1.564756	-0.954163	0.035313	0.258826	0.385134	0.013127143215388059	2.6337448559670777e-05	0.2588249444961548
254040	-3.343282	-1.564533	-0.953031	0.035321	0.258898	0.385570	0.013103692652657628	2.6337448559670777e-05	0.25889748334884644
254160	-3.343792	-1.564326	-0.952575	0.035303	0.258968	0.385747	0.013086171541363	2.6337448559670777e-05	0.2589672803878784
254280	-3.343389	-1.563892	-0.951952	0.035317	0.259094	0.385987	0.013050040090456605	2.6337448559670777e-05	0.2590923309326172
254400	-3.343630	-1.563695	-0.951791	0.035309	0.259146	0.386049	0.013031213264912366	2.6337448559670777e-05	0.25914469361305237
254520	-3.343705	-1.563517	-0.951132	0.035306	0.259210	0.386303	0.013013589289039373	1.7558299039780518e-05	0.25920945405960083
254640	-3.343539	-1.563169	-0.950667	0.035312	0.259298	0.386483	0.012983137601986527	1.1705532693187011e-05	0.2592969834804535
254760	-3.342849	-1.562714	-0.950475	0.035336	0.259404	0.386557	0.012947149947285653	3.9506172839506166e-05	0.2594023048877716
254880	-3.343585	-1.562492	-0.950487	0.035310	0.259467	0.386553	0.01292059076949954	2.6337448559670777e-05	0.2594664692878723
255000	-3.343379	-1.562053	-0.949788	0.035317	0.259613	0.386823	0.0128845548722893	1.7558299039780518e-05	0.25961238145828247
255120	-3.344014	-1.561728	-0.948440	0.035295	0.259716	0.387345	0.012857455993071198	2.6337448559670777e-05	0.25971341133117676
255240	-3.344254	-1.561382	-0.947627	0.035287	0.259830	0.387660	0.012823642697185278	2.6337448559670777e-05	0.25982898473739624
255360	-3.344203	-1.561002	-0.948191	0.035288	0.259944	0.387441	0.012791202683001757	2.6337448559670777e-05	0.2599429190158844
255480	-3.344386	-1.560816	-0.947782	0.035282	0.259996	0.387600	0.012773026851937175	1.7558299039780518e-05	0.2599952220916748
255600	-3.344726	-1.560627	-0.947459	0.035270	0.260057	0.387725	0.012754112016409636	1.1705532693187011e-05	0.26005586981773376
255720	-3.345229	-1.560379	-0.946745	0.035252	0.260144	0.388002	0.012729849619790911	2.6337448559670777e-05	0.26014357805252075
255840	-3.345382	-1.560112	-0.946475	0.035247	0.260249	0.388107	0.012707745982334017	1.7558299039780518e-05	0.26024800539016724
255960	-3.345819	-1.559715	-0.946272	0.035231	0.260347	0.388185	0.012674982193857431	2.6337448559670777e-05	0.26034626364707947
256080	-3.346204	-1.559455	-0.945820	0.035218	0.260399	0.388361	0.012648239685222506	2.6337448559670777e-05	0.2603985071182251
256200	-3.345959	-1.559174	-0.945614	0.035226	0.260464	0.388441	0.012624067021533847	2.6337448559670777e-05	0.2604639530181885
256320	-3.346663	-1.558816	-0.944908	0.035202	0.260580	0.388715	0.012591295642778277	2.6337448559670777e-05	0.26057901978492737
256440	-3.346110	-1.558601	-0.944203	0.035221	0.260646	0.388989	0.012574333976954222	2.6337448559670777e-05	0.2606445848941803
256560	-3.346396	-1.558474	-0.943657	0.035211	0.260708	0.389202	0.012563181156292558	1.1705532693187011e-05	0.26070696115493774
256680	-3.346290	-1.558104	-0.943459	0.035215	0.260821	0.389279	0.012527822749689221	1.7558299039780518e-05	0.2608199417591095
256800	-3.347063	-1.557723	-0.943498	0.035188	0.260959	0.389264	0.012489977153018117	1.7558299039780518e-05	0.26095888018608093
256920	-3.347805	-1.557550	-0.943077	0.035161	0.261013	0.389428	0.012480708863586187	2.6337448559670777e-05	0.2610119879245758
257040	-3.347419	-1.557235	-0.942678	0.035175	0.261092	0.389583	0.012448701914399863	1.7558299039780518e-05	0.2610909044742584
257160	-3.347963	-1.556888	-0.941541	0.035156	0.261214	0.390026	0.012415882898494601	1.7558299039780518e-05	0.26121363043785095
257280	-3.348753	-1.556548	-0.940679	0.035128	0.261337	0.390363	0.012389928894117474	1.7558299039780518e-05	0.26133573055267334
257400	-3.348665	-1.556367	-0.940119	0.035131	0.261395	0.390581	0.012372302077710628	2.6337448559670777e-05	0.2613934874534607
257520	-3.348917	-1.556218	-0.940522	0.035122	0.261434	0.390424	0.012356675928458571	1.7558299039780518e-05	0.26143380999565125
257640	-3.348917	-1.556018	-0.940289	0.035122	0.261510	0.390515	0.012338819680735469	1.7558299039780518e-05	0.26150965690612793
257760	-3.350153	-1.555843	-0.939470	0.035079	0.261593	0.390835	0.012325673177838326	1.7558299039780518e-05	0.26159197092056274
257880	-3.350063	-1.555474	-0.939119	0.035082	0.261703	0.390972	0.01229304471053183	2.6337448559670777e-05	0.26170119643211365
258000	-3.350329	-1.554899	-0.938190	0.035073	0.261869	0.391336	0.012239339901134372	2.6337448559670777e-05	0.261867493391037
258120	-3.351764	-1.554552	-0.937350	0.035023	0.262010	0.391664	0.012211067788302898	1.7558299039780518e-05	0.262008398771286
258240	-3.352426	-1.554324	-0.937111	0.034999	0.262098	0.391758	0.012189405225217342	1.7558299039780518e-05	0.26209622621536255
258360	-3.353079	-1.554107	-0.936863	0.034977	0.262176	0.391855	0.012167586153373123	2.6337448559670777e-05	0.26217541098594666
258480	-3.354293	-1.553733	-0.936478	0.034934	0.262300	0.392006	0.0121356887742877	2.6337448559670777e-05	0.26229768991470337
258600	-3.354407	-1.553465	-0.937348	0.034930	0.262373	0.391665	0.012111709080636501	1.7558299039780518e-05	0.2623710036277771
258720	-3.354684	-1.553124	-0.936917	0.034920	0.262484	0.391834	0.012078887969255447	1.7558299039780518e-05	0.262483149766922
258840	-3.354560	-1.552930	-0.936764	0.034925	0.262539	0.391894	0.012060424033552408	1.7558299039780518e-05	0.26253920793533325
258960	-3.355006	-1.552738	-0.936270	0.034909	0.262617	0.392088	0.012041253270581365	2.6337448559670777e-05	0.2626168131828308
259080	-3.355026	-1.552361	-0.934814	0.034908	0.262757	0.392659	0.012010387796908616	2.6337448559670777e-05	0.2627561390399933
259200	-3.355195	-1.552217	-0.934670	0.034903	0.262810	0.392715	0.01199836446903646	2.6337448559670777e-05	0.26280972361564636
259320	-3.355467	-1.551839	-0.934908	0.034893	0.262915	0.392622	0.011965520167723297	3.9506172839506166e-05	0.26291412115097046
259440	-3.356256	-1.551563	-0.935078	0.034866	0.263014	0.392555	0.011938136257231235	2.6337448559670777e-05	0.2630130350589752
259560	-3.356222	-1.551464	-0.934636	0.034867	0.263079	0.392729	0.011930744955316186	2.6337448559670777e-05	0.2630770206451416
259680	-3.356180	-1.551185	-0.933428	0.034868	0.263171	0.393204	0.011906668543815613	2.6337448559670777e-05	0.26316988468170166
259800	-3.356217	-1.550987	-0.932391	0.034867	0.263268	0.393612	0.01188679039478302	1.7558299039780518e-05	0.26326748728752136
259920	-3.357147	-1.550763	-0.931891	0.034834	0.263362	0.393808	0.011865414306521415	1.7558299039780518e-05	0.26336172223091125
260040	-3.357142	-1.550397	-0.930812	0.034835	0.263477	0.394234	0.011833719769492745	2.6337448559670777e-05	0.26347681879997253
260160	-3.356488	-1.550032	-0.930517	0.034857	0.263578	0.394350	0.011801358498632907	2.6337448559670777e-05	0.26357758045196533
260280	-3.356164	-1.549658	-0.929437	0.034869	0.263697	0.394776	0.011768387677147985	1.7558299039780518e-05	0.26369619369506836
260400	-3.356365	-1.549411	-0.928651	0.034862	0.263791	0.395086	0.01174576748162508	2.6337448559670777e-05	0.2637893259525299
260520	-3.356842	-1.549114	-0.927742	0.034845	0.263890	0.395446	0.011720577394589782	2.6337448559670777e-05	0.2638885974884033
260640	-3.357760	-1.548884	-0.927989	0.034813	0.263963	0.395348	0.011697692517191171	1.1705532693187011e-05	0.26396194100379944
260760	-3.358654	-1.548530	-0.927779	0.034782	0.264096	0.395431	0.011666838638484478	1.1705532693187011e-05	0.2640949487686157
260880	-3.359258	-1.548149	-0.927403	0.034761	0.264225	0.395580	0.011632198095321655	2.6337448559670777e-05	0.26422449946403503
261000	-3.360047	-1.548043	-0.926252	0.034734	0.264282	0.396035	0.011620483733713627	2.6337448559670777e-05	0.2642814815044403
261120	-3.360348	-1.547831	-0.925256	0.034723	0.264376	0.396430	0.011602347530424596	1.7558299039780518e-05	0.26437512040138245
261240	-3.360883	-1.547423	-0.924114	0.034705	0.264523	0.396883	0.011565735517069697	1.7558299039780518e-05	0.2645222246646881
261360	-3.361428	-1.547338	-0.923818	0.034686	0.264557	0.397000	0.01155349132604897	2.6337448559670777e-05	0.2645570635795593
261480	-3.361797	-1.547167	-0.922852	0.034673	0.264621	0.397384	0.011544439196586608	1.1705532693187011e-05	0.2646201252937317
261600	-3.362186	-1.547067	-0.922698	0.034659	0.264666	0.397445	0.011533285630866886	2.6337448559670777e-05	0.2646651566028595
261720	-3.361652	-1.546807	-0.922395	0.034678	0.264733	0.397566	0.011506162164732815	2.6337448559670777e-05	0.26473376154899597
261840	-3.361839	-1.546574	-0.921632	0.034671	0.264822	0.397869	0.011491745058447123	2.6337448559670777e-05	0.2648209035396576
261960	-3.361885	-1.546412	-0.921776	0.034670	0.264894	0.397812	0.011470023822039366	2.6337448559670777e-05	0.2648939788341522
262080	-3.362339	-1.546343	-0.921548	0.034654	0.264929	0.397903	0.011468822602182627	1.7558299039780518e-05	0.26492804288864136
262200	-3.361998	-1.546005	-0.920633	0.034666	0.265025	0.398267	0.011439187079668045	1.7558299039780518e-05	0.26502367854118347
262320	-3.362749	-1.545750	-0.920175	0.034640	0.265104	0.398449	0.011413830518722533	2.6337448559670777e-05	0.26510411500930786
262440	-3.363150	-1.545644	-0.919425	0.034626	0.265142	0.398748	0.011403504572808743	2.6337448559670777e-05	0.2651422321796417
262560	-3.362539	-1.545274	-0.918902	0.034647	0.265239	0.398957	0.011374195991083979	1.7558299039780518e-05	0.2652379870414734
262680	-3.363222	-1.545002	-0.918289	0.034624	0.265335	0.399201	0.011349592404440046	3.9506172839506166e-05	0.26533401012420654
262800	-3.363840	-1.544827	-0.917519	0.034602	0.265407	0.399509	0.011331945518031716	1.7558299039780518e-05	0.2654060125350952
262920	-3.364354	-1.544512	-0.916971	0.034584	0.265527	0.399728	0.011304586380720138	2.6337448559670777e-05	0.2655257284641266
263040	-3.364622	-1.544167	-0.916366	0.034575	0.265645	0.399970	0.011274949135258793	2.6337448559670777e-05	0.265642911195755
263160	-3.365659	-1.543859	-0.915675	0.034539	0.265763	0.400246	0.011242378875613213	1.1705532693187011e-05	0.2657630145549774
263280	-3.366338	-1.543553	-0.915038	0.034516	0.265876	0.400501	0.011218076152727009	1.7558299039780518e-05	0.2658753991127014
263400	-3.366710	-1.543197	-0.914953	0.034503	0.265987	0.400535	0.01118654916062951	1.7558299039780518e-05	0.2659858167171478
263520	-3.366604	-1.542755	-0.914065	0.034507	0.266132	0.400891	0.011148159764707089	2.6337448559670777e-05	0.266130656003952
263640	-3.367424	-1.542570	-0.913353	0.034478	0.266208	0.401177	0.011126222554594278	1.7558299039780518e-05	0.2662084996700287
263760	-3.367577	-1.542291	-0.912790	0.034473	0.266324	0.401403	0.011104281106963754	2.6337448559670777e-05	0.26632264256477356
263880	-3.368010	-1.541990	-0.911831	0.034458	0.266433	0.401788	0.011079659592360258	2.6337448559670777e-05	0.2664317190647125
264000	-3.368236	-1.541671	-0.911718	0.034450	0.266512	0.401833	0.011049093771725893	1.7558299039780518e-05	0.26651066541671753
264120	-3.368725	-1.541310	-0.911415	0.034434	0.266655	0.401955	0.011017032200470567	3.9506172839506166e-05	0.2666538953781128
264240	-3.369258	-1.540978	-0.910070	0.034415	0.266784	0.402496	0.010986820980906486	1.1705532693187011e-05	0.26678308844566345
264360	-3.369253	-1.540535	-0.909184	0.034415	0.266929	0.402853	0.010951057402417063	2.6337448559670777e-05	0.2669267952442169
264480	-3.369949	-1.540243	-0.909066	0.034391	0.267046	0.402900	0.010918065253645182	1.7558299039780518e-05	0.26704591512680054
264600	-3.370177	-1.539970	-0.908747	0.034384	0.267112	0.403029	0.010894740419462322	1.7558299039780518e-05	0.2671116888523102
264720	-3.370005	-1.539707	-0.908135	0.034389	0.267198	0.403276	0.010870859725400805	1.7558299039780518e-05	0.26719725131988525
264840	-3.370588	-1.539229	-0.907297	0.034369	0.267341	0.403614	0.010830807406455279	2.6337448559670777e-05	0.2673397362232208
264960	-3.370808	-1.538978	-0.906924	0.034362	0.267416	0.403764	0.01080525852739811	2.6337448559670777e-05	0.26741525530815125
265080	-3.371497	-1.538704	-0.906064	0.034338	0.267525	0.404112	0.010780188255012035	1.7558299039780518e-05	0.26752397418022156
265200	-3.372123	-1.538500	-0.905953	0.034317	0.267587	0.404156	0.010757834231480957	1.7558299039780518e-05	0.2675885260105133
265320	-3.372706	-1.538257	-0.905601	0.034297	0.267705	0.404299	0.010742550250142813	1.7558299039780518e-05	0.2677042484283447
265440	-3.373528	-1.537733	-0.904516	0.034269	0.267868	0.404738	0.010693271039053797	2.6337448559670777e-05	0.2678678631782532
265560	-3.373717	-1.537477	-0.903766	0.034262	0.267973	0.405042	0.010673550143837928	2.6337448559670777e-05	0.2679717242717743
265680	-3.373612	-1.537084	-0.903229	0.034266	0.268092	0.405259	0.010636952426284551	1.7558299039780518e-05	0.2680903971195221
265800	-3.374473	-1.536804	-0.903072	0.034236	0.268191	0.405323	0.0106105986982584	2.6337448559670777e-05	0.26818984746932983
265920	-3.375438	-1.536617	-0.902704	0.034203	0.268267	0.405472	0.010592918936163187	2.6337448559670777e-05	0.2682660222053528
266040	-3.376069	-1.536412	-0.902323	0.034182	0.268334	0.405626	0.010573014710098505	1.7558299039780518e-05	0.26833364367485046
266160	-3.376824	-1.536173	-0.902103	0.034156	0.268426	0.405715	0.010552788898348809	2.6337448559670777e-05	0.26842519640922546
266280	-3.376639	-1.535830	-0.902681	0.034162	0.268541	0.405481	0.010524148400872946	2.6337448559670777e-05	0.26854008436203003
266400	-3.376824	-1.535732	-0.902786	0.034156	0.268601	0.405439	0.010511448327451944	2.6337448559670777e-05	0.26860085129737854
266520	-3.378138	-1.535516	-0.902050	0.034111	0.268687	0.405737	0.010496816504746676	1.1705532693187011e-05	0.26868611574172974
266640	-3.378547	-1.535503	-0.901718	0.034097	0.268692	0.405872	0.0104904149658978	1.7558299039780518e-05	0.2686924338340759
266760	-3.378787	-1.535253	-0.900636	0.034089	0.268754	0.406311	0.010472713271155953	1.1705532693187011e-05	0.2687530219554901
266880	-3.379133	-1.535043	-0.899691	0.034077	0.268839	0.406695	0.010449031786993145	2.6337448559670777e-05	0.2688387930393219
267000	-3.379104	-1.534674	-0.899545	0.034078	0.268947	0.406755	0.010420013172551989	1.1705532693187011e-05	0.2689470946788788
267120	-3.379684	-1.534421	-0.899134	0.034058	0.269039	0.406922	0.010393445240333676	1.7558299039780518e-05	0.2690386176109314
267240	-3.379295	-1.534233	-0.899162	0.034071	0.269097	0.406911	0.01038076332770288	1.7558299039780518e-05	0.2690952718257904
267360	-3.379149	-1.533987	-0.899325	0.034076	0.269155	0.406844	0.010359191661700606	2.6337448559670777e-05	0.2691541612148285
267480	-3.379271	-1.533526	-0.898525	0.034072	0.269301	0.407170	0.01031555263325572	2.6337448559670777e-05	0.26930010318756104
267600	-3.379891	-1.533277	-0.897693	0.034051	0.269391	0.407509	0.010293806903064251	3.9506172839506166e-05	0.2693904638290405
267720	-3.379095	-1.532844	-0.896598	0.034078	0.269535	0.407955	0.010254648420959711	1.7558299039780518e-05	0.26953408122062683
267840	-3.380520	-1.532592	-0.896642	0.034030	0.269655	0.407937	0.010230051912367344	1.7558299039780518e-05	0.26965442299842834
267960	-3.380834	-1.532378	-0.895567	0.034019	0.269754	0.408376	0.010214318707585334	2.6337448559670777e-05	0.26975101232528687
268080	-3.380928	-1.532127	-0.894747	0.034016	0.269854	0.408711	0.010189392976462841	2.6337448559670777e-05	0.2698539197444916
268200	-3.380767	-1.531726	-0.893657	0.034021	0.269962	0.409157	0.01015362199395895	2.6337448559670777e-05	0.26996174454689026
268320	-3.381267	-1.531572	-0.893022	0.034004	0.270028	0.409417	0.010135871404781938	2.6337448559670777e-05	0.27002862095832825
268440	-3.382119	-1.531231	-0.891868	0.033975	0.270165	0.409890	0.010109136998653411	2.6337448559670777e-05	0.2701645493507385
268560	-3.382392	-1.530826	-0.890953	0.033966	0.270313	0.410264	0.010070046223700047	1.7558299039780518e-05	0.27031269669532776
268680	-3.382943	-1.530676	-0.890615	0.033947	0.270378	0.410403	0.01006007194519043	2.6337448559670777e-05	0.2703772783279419
268800	-3.383037	-1.530379	-0.890271	0.033944	0.270459	0.410544	0.01003176411613822	2.6337448559670777e-05	0.2704581916332245
268920	-3.383072	-1.529957	-0.888697	0.033943	0.270599	0.411191	0.009992956090718508	1.1705532693187011e-05	0.27059832215309143
269040	-3.384465	-1.529911	-0.888622	0.033896	0.270662	0.411222	0.009990179631859063	2.6337448559670777e-05	0.2706601321697235
269160	-3.384970	-1.529504	-0.888006	0.033879	0.270804	0.411475	0.00995251671411097	3.9506172839506166e-05	0.2708033323287964
269280	-3.384946	-1.529296	-0.887899	0.033879	0.270868	0.411520	0.009936542436480521	1.1705532693187011e-05	0.2708664536476135
269400	-3.385872	-1.528946	-0.887299	0.033848	0.271018	0.411767	0.009901963081210852	2.6337448559670777e-05	0.27101701498031616
269520	-3.386079	-1.528592	-0.886824	0.033841	0.271139	0.411962	0.009874380566179753	2.6337448559670777e-05	0.27113795280456543
269640	-3.385909	-1.528465	-0.887184	0.033847	0.271165	0.411814	0.009857379365712404	2.6337448559670777e-05	0.27116501331329346
269760	-3.386226	-1.528117	-0.885769	0.033836	0.271306	0.412397	0.009828800847753883	1.7558299039780518e-05	0.27130430936813354
269880	-3.386372	-1.527858	-0.884544	0.033831	0.271414	0.412903	0.009806805243715643	1.1705532693187011e-05	0.27141252160072327
270000	-3.387281	-1.527664	-0.883934	0.033800	0.271512	0.413154	0.009787649707868695	3.9506172839506166e-05	0.27151116728782654
270120	-3.387649	-1.527250	-0.883387	0.033788	0.271633	0.413380	0.00975111424922943	1.7558299039780518e-05	0.27163246273994446
270240	-3.387439	-1.526940	-0.882743	0.033795	0.271719	0.413647	0.009721582429483533	2.6337448559670777e-05	0.27171769738197327
270360	-3.387933	-1.526572	-0.882568	0.033778	0.271850	0.413719	0.009690350433811546	2.6337448559670777e-05	0.27184823155403137
270480	-3.387922	-1.526176	-0.882354	0.033779	0.271969	0.413808	0.009654279798269272	2.6337448559670777e-05	0.2719686031341553
270600	-3.388617	-1.525780	-0.882081	0.033755	0.272132	0.413921	0.009619270591065288	2.6337448559670777e-05	0.2721309959888458
270720	-3.389036	-1.525529	-0.881797	0.033741	0.272224	0.414038	0.009594919718801975	2.6337448559670777e-05	0.27222368121147156
270840	-3.389042	-1.525052	-0.880300	0.033741	0.272361	0.414658	0.009554478479549289	1.7558299039780518e-05	0.2723594307899475
270960	-3.388856	-1.524734	-0.880192	0.033747	0.272460	0.414703	0.009527137316763402	1.7558299039780518e-05	0.27245864272117615
271080	-3.389984	-1.524516	-0.880170	0.033709	0.272552	0.414712	0.009503631433472038	2.6337448559670777e-05	0.27255117893218994
271200	-3.389720	-1.524205	-0.880355	0.033718	0.272640	0.414636	0.009479163167998194	2.6337448559670777e-05	0.27263811230659485
271320	-3.389568	-1.523848	-0.880029	0.033723	0.272751	0.414771	0.009445274481549859	1.7558299039780518e-05	0.27275019884109497
271440	-3.390237	-1.523569	-0.879717	0.033701	0.272839	0.414900	0.009418354276567698	1.7558299039780518e-05	0.27283862233161926
271560	-3.390188	-1.523322	-0.879356	0.033702	0.272904	0.415050	0.009395564487203956	1.7558299039780518e-05	0.27290311455726624
271680	-3.391613	-1.522949	-0.878080	0.033654	0.273041	0.415580	0.009366033505648375	2.6337448559670777e-05	0.2730386257171631
271800	-3.392836	-1.522767	-0.878336	0.033613	0.273122	0.415474	0.009344360744580626	2.6337448559670777e-05	0.27312174439430237
271920	-3.393071	-1.522491	-0.878551	0.033605	0.273224	0.415384	0.009320367267355323	1.7558299039780518e-05	0.2732231914997101
272040	-3.393012	-1.521908	-0.877898	0.033607	0.273399	0.415656	0.009271642565727234	2.6337448559670777e-05	0.2733977437019348
272160	-3.392424	-1.521647	-0.877045	0.033627	0.273458	0.416011	0.009244586154818536	7.803688462124674e-06	0.27345791459083557
272280	-3.392343	-1.521514	-0.877064	0.033630	0.273518	0.416002	0.009235695842653513	2.6337448559670777e-05	0.27351707220077515
272400	-3.392072	-1.521298	-0.877389	0.033639	0.273587	0.415867	0.009212900698184968	1.7558299039780518e-05	0.27358683943748474
272520	-3.392536	-1.521011	-0.877159	0.033623	0.273675	0.415963	0.009190450236201287	2.6337448559670777e-05	0.2736741304397583
272640	-3.392403	-1.520746	-0.876790	0.033628	0.273749	0.416117	0.009165808139368892	1.7558299039780518e-05	0.27374863624572754
272760	-3.392782	-1.520375	-0.875565	0.033615	0.273883	0.416626	0.009131190273910761	2.6337448559670777e-05	0.2738826274871826
272880	-3.392765	-1.520043	-0.875504	0.033616	0.273986	0.416652	0.009101134398952127	1.7558299039780518e-05	0.27398571372032166
273000	-3.392440	-1.519800	-0.875372	0.033627	0.274052	0.416707	0.00908031752333045	2.6337448559670777e-05	0.2740510404109955
273120	-3.393445	-1.519423	-0.875013	0.033593	0.274178	0.416857	0.009048817586153746	2.6337448559670777e-05	0.2741753160953522
273240	-3.394565	-1.519189	-0.874479	0.033555	0.274271	0.417079	0.009024398867040873	2.6337448559670777e-05	0.2742709219455719
273360	-3.394210	-1.518866	-0.873297	0.033567	0.274370	0.417572	0.008994548581540585	1.7558299039780518e-05	0.27436986565589905
273480	-3.394558	-1.518660	-0.872481	0.033555	0.274462	0.417914	0.008979835361242295	3.9506172839506166e-05	0.274459570646286
273600	-3.394816	-1.518400	-0.872323	0.033547	0.274566	0.417979	0.008954593585804105	2.6337448559670777e-05	0.27456459403038025
273720	-3.395368	-1.518041	-0.871663	0.033528	0.274711	0.418255	0.008923732489347459	1.7558299039780518e-05	0.27471014857292175
273840	-3.396460	-1.517745	-0.871507	0.033492	0.274805	0.418321	0.008894510893151164	2.6337448559670777e-05	0.2748045325279236
273960	-3.396675	-1.517520	-0.871383	0.033484	0.274875	0.418372	0.008877525757998227	2.6337448559670777e-05	0.2748720645904541
274080	-3.396383	-1.517225	-0.871124	0.033494	0.274969	0.418481	0.008852371852844954	2.6337448559670777e-05	0.2749662399291992
274200	-3.396341	-1.516759	-0.870856	0.033496	0.275104	0.418593	0.008809988340362906	1.7558299039780518e-05	0.2751021981239319
274320	-3.397286	-1.516604	-0.870396	0.033464	0.275172	0.418786	0.008793506491929292	2.6337448559670777e-05	0.2751707136631012
274440	-3.396260	-1.516021	-0.869596	0.033498	0.275334	0.419121	0.008742505824193359	2.6337448559670777e-05	0.2753327786922455
274560	-3.396409	-1.515816	-0.869469	0.033493	0.275412	0.419174	0.008722040290012955	2.6337448559670777e-05	0.27541109919548035
274680	-3.397420	-1.515539	-0.868704	0.033459	0.275509	0.419495	0.008698122156783939	2.6337448559670777e-05	0.27550703287124634
274800	-3.398546	-1.515236	-0.868578	0.033422	0.275610	0.419548	0.008667670423164964	2.6337448559670777e-05	0.2756093442440033
274920	-3.398890	-1.514876	-0.867743	0.033410	0.275710	0.419898	0.008637113170698285	2.6337448559670777e-05	0.27570876479148865
275040	-3.399024	-1.514815	-0.867163	0.033406	0.275721	0.420142	0.008629321260377765	1.7558299039780518e-05	0.2757204473018646
275160	-3.400152	-1.514579	-0.866976	0.033368	0.275836	0.420220	0.008607246400788426	2.6337448559670777e-05	0.2758358120918274
275280	-3.400435	-1.514327	-0.866912	0.033359	0.275929	0.420247	0.008588895620778202	1.7558299039780518e-05	0.27592843770980835
275400	-3.400897	-1.514123	-0.867660	0.033343	0.275994	0.419933	0.008568444103002549	2.6337448559670777e-05	0.27599379420280457
275520	-3.401929	-1.513735	-0.867524	0.033309	0.276116	0.419990	0.008536921627819539	1.7558299039780518e-05	0.27611497044563293
275640	-3.403176	-1.513272	-0.867223	0.033267	0.276277	0.420117	0.008492684224620461	2.6337448559670777e-05	0.2762760519981384
275760	-3.403946	-1.513094	-0.866498	0.033242	0.276361	0.420421	0.008476231433451175	1.7558299039780518e-05	0.27636024355888367
275880	-3.404348	-1.512762	-0.864952	0.033228	0.276456	0.421072	0.008450061548501253	1.1705532693187011e-05	0.276454359292984
276000	-3.404427	-1.512500	-0.864891	0.033226	0.276540	0.421097	0.008426172938197852	1.7558299039780518e-05	0.2765378952026367
276120	-3.405474	-1.512205	-0.864595	0.033191	0.276662	0.421222	0.008397803455591202	1.7558299039780518e-05	0.27666133642196655
276240	-3.405445	-1.511961	-0.864389	0.033192	0.276753	0.421309	0.008376245247200131	3.9506172839506166e-05	0.276750773191452
276360	-3.405249	-1.511624	-0.863299	0.033199	0.276862	0.421768	0.008343732077628374	1.7558299039780518e-05	0.2768615484237671
276480	-3.405415	-1.511348	-0.863141	0.033193	0.276943	0.421835	0.008320389362052084	2.6337448559670777e-05	0.2769414484500885
276600	-3.405132	-1.511099	-0.862375	0.033202	0.277039	0.422158	0.008298656484112144	1.1705532693187011e-05	0.27703794836997986
276720	-3.405087	-1.510844	-0.862655	0.033204	0.277110	0.422040	0.008274026913568377	1.7558299039780518e-05	0.2771093547344208
276840	-3.404767	-1.510766	-0.863079	0.033215	0.277135	0.421861	0.008264805236831308	2.6337448559670777e-05	0.2771351933479309
276960	-3.404515	-1.510412	-0.862664	0.033223	0.277244	0.422036	0.00823495602235198	2.6337448559670777e-05	0.2772432267665863
277080	-3.405149	-1.510207	-0.862555	0.033202	0.277330	0.422082	0.008215519925579428	1.7558299039780518e-05	0.2773294150829315
277200	-3.406237	-1.510021	-0.861882	0.033166	0.277410	0.422366	0.008198725106194616	2.6337448559670777e-05	0.27740970253944397
277320	-3.407013	-1.509764	-0.860936	0.033140	0.277517	0.422766	0.00817578099668026	1.7558299039780518e-05	0.2775166928768158
277440	-3.407386	-1.509529	-0.860919	0.033128	0.277617	0.422773	0.008158286241814494	2.6337448559670777e-05	0.2776152491569519
277560	-3.406558	-1.509163	-0.859604	0.033155	0.277753	0.423330	0.008125798357650638	1.7558299039780518e-05	0.2777509391307831
277680	-3.406513	-1.509025	-0.858756	0.033157	0.277817	0.423689	0.008107020147144794	2.6337448559670777e-05	0.2778164744377136
277800	-3.406234	-1.508726	-0.858202	0.033166	0.277924	0.423924	0.008082892140373587	1.7558299039780518e-05	0.2779231667518616
277920	-3.406425	-1.508368	-0.857339	0.033160	0.278053	0.424290	0.008051157603040338	1.1705532693187011e-05	0.2780522406101227
278040	-3.407560	-1.507996	-0.856841	0.033122	0.278220	0.424501	0.008016555942595005	2.6337448559670777e-05	0.2782191336154938
278160	-3.408402	-1.507729	-0.856290	0.033094	0.278314	0.424735	0.007993123680353164	2.6337448559670777e-05	0.2783132791519165
278280	-3.408647	-1.507535	-0.856066	0.033086	0.278380	0.424830	0.007978058094158769	2.6337448559670777e-05	0.27837851643562317
278400	-3.407896	-1.507172	-0.855117	0.033111	0.278511	0.425233	0.007942842459306121	2.6337448559670777e-05	0.2785106301307678
278520	-3.408371	-1.506799	-0.854650	0.033095	0.278633	0.425432	0.007916513970121742	3.9506172839506166e-05	0.27863070368766785
278640	-3.407436	-1.506226	-0.853399	0.033126	0.278815	0.425964	0.007859417842701078	1.7558299039780518e-05	0.27881380915641785
278760	-3.407577	-1.506022	-0.853544	0.033121	0.278894	0.425903	0.007837876304984092	2.6337448559670777e-05	0.2788943648338318
278880	-3.407886	-1.505732	-0.853138	0.033111	0.279022	0.426076	0.007814314938150347	2.6337448559670777e-05	0.2790206968784332
279000	-3.407867	-1.505653	-0.852765	0.033112	0.279048	0.426235	0.0078117297496646644	2.6337448559670777e-05	0.2790451943874359
279120	-3.408079	-1.505314	-0.852301	0.033105	0.279169	0.426433	0.007775142276659608	2.6337448559670777e-05	0.2791690528392792
279240	-3.408238	-1.504958	-0.851890	0.033099	0.279283	0.426608	0.007747803069651127	2.6337448559670777e-05	0.2792811989784241
279360	-3.407903	-1.504627	-0.851540	0.033111	0.279402	0.426757	0.007713488792069257	2.6337448559670777e-05	0.2794012427330017
279480	-3.407954	-1.504299	-0.850488	0.033109	0.279497	0.427206	0.007688438799232244	3.9506172839506166e-05	0.2794962525367737
279600	-3.407505	-1.503877	-0.850094	0.033124	0.279622	0.427375	0.007646981510333717	1.7558299039780518e-05	0.27962058782577515
279720	-3.407357	-1.503476	-0.850036	0.033129	0.279753	0.427399	0.007611987250857055	2.6337448559670777e-05	0.2797514498233795
279840	-3.407123	-1.503151	-0.848781	0.033136	0.279872	0.427936	0.007584767858497798	2.6337448559670777e-05	0.27986952662467957
279960	-3.407348	-1.502964	-0.848913	0.033129	0.279937	0.427880	0.007565897633321583	2.6337448559670777e-05	0.2799355983734131
280080	-3.407853	-1.502651	-0.848609	0.033112	0.280041	0.428010	0.007534622354432941	2.6337448559670777e-05	0.28004083037376404
280200	-3.407898	-1.502378	-0.847876	0.033111	0.280142	0.428324	0.0075101363472640514	1.7558299039780518e-05	0.2801420986652374
280320	-3.408332	-1.501983	-0.847146	0.033096	0.280257	0.428636	0.007476338720880449	2.6337448559670777e-05	0.2802561819553375
280440	-3.408814	-1.501683	-0.846175	0.033080	0.280371	0.429053	0.007450666022486984	2.6337448559670777e-05	0.2803695797920227
280560	-3.408967	-1.501211	-0.846329	0.033075	0.280521	0.428987	0.0074081520549952986	2.6337448559670777e-05	0.28051912784576416
280680	-3.409191	-1.500683	-0.846603	0.033068	0.280692	0.428869	0.007366632763296366	2.6337448559670777e-05	0.28068968653678894
280800	-3.409194	-1.500274	-0.845780	0.033068	0.280809	0.429223	0.007323964242823422	2.6337448559670777e-05	0.2808082699775696
280920	-3.409301	-1.499914	-0.845981	0.033064	0.280916	0.429136	0.007293921522796154	1.7558299039780518e-05	0.2809143662452698
281040	-3.409541	-1.499468	-0.845480	0.033056	0.281082	0.429351	0.00725023103877902	1.7558299039780518e-05	0.28108081221580505
281160	-3.410870	-1.499505	-0.845408	0.033012	0.281101	0.429382	0.007252880115993321	2.6337448559670777e-05	0.28110021352767944
281280	-3.411683	-1.499187	-0.845500	0.032986	0.281203	0.429342	0.0072273158235475424	2.6337448559670777e-05	0.2812020480632782
281400	-3.411951	-1.498646	-0.843738	0.032977	0.281376	0.430100	0.007180768181569874	1.7558299039780518e-05	0.2813740372657776
281520	-3.412354	-1.498488	-0.843099	0.032964	0.281447	0.430375	0.0071596083464100955	2.6337448559670777e-05	0.2814471125602722
281640	-3.413278	-1.498250	-0.843269	0.032933	0.281533	0.430302	0.0071385144256055355	3.9506172839506166e-05	0.2815326154232025
281760	-3.413973	-1.497901	-0.842919	0.032910	0.281664	0.430452	0.007113031973131001	2.6337448559670777e-05	0.2816620469093323
281880	-3.414045	-1.497531	-0.842779	0.032908	0.281801	0.430512	0.007075783307664096	2.6337448559670777e-05	0.28180041909217834
282000	-3.413948	-1.497078	-0.842902	0.032911	0.281942	0.430460	0.007037529232911765	1.7558299039780518e-05	0.2819393575191498
282120	-3.413470	-1.496855	-0.843006	0.032927	0.282025	0.430415	0.007013280061073601	1.7558299039780518e-05	0.2820243537425995
282240	-3.413771	-1.496665	-0.842560	0.032917	0.282109	0.430607	0.006995932781137526	2.6337448559670777e-05	0.2821088433265686
282360	-3.414218	-1.496203	-0.841179	0.032902	0.282260	0.431202	0.006957523454912007	2.6337448559670777e-05	0.28225892782211304
282480	-3.414540	-1.495787	-0.841061	0.032892	0.282396	0.431253	0.0069198761833831664	2.6337448559670777e-05	0.28239479660987854
282600	-3.415714	-1.495567	-0.840733	0.032853	0.282491	0.431394	0.0068978688446804885	1.1705532693187011e-05	0.2824905812740326
282720	-3.415995	-1.495076	-0.840141	0.032844	0.282649	0.431650	0.006858705170452594	2.6337448559670777e-05	0.2826465666294098
282840	-3.416370	-1.494820	-0.839472	0.032831	0.282738	0.431939	0.006832211534492672	1.7558299039780518e-05	0.2827370762825012
282960	-3.416762	-1.494565	-0.838726	0.032819	0.282866	0.432261	0.006805153843015432	2.6337448559670777e-05	0.28286615014076233
283080	-3.417183	-1.494378	-0.837960	0.032805	0.282925	0.432592	0.006790038803592325	2.6337448559670777e-05	0.2829243540763855
283200	-3.417860	-1.494008	-0.837945	0.032783	0.283066	0.432599	0.006756455055437982	2.6337448559670777e-05	0.28306615352630615
283320	-3.418702	-1.493764	-0.838040	0.032755	0.283156	0.432557	0.006736902543343604	2.6337448559670777e-05	0.2831546664237976
283440	-3.418812	-1.493395	-0.836663	0.032751	0.283288	0.433153	0.00670411919709295	1.1705532693187011e-05	0.2832874357700348
283560	-3.418649	-1.492927	-0.835432	0.032757	0.283434	0.433687	0.006660949089564383	2.6337448559670777e-05	0.28343331813812256
283680	-3.419114	-1.492681	-0.834321	0.032741	0.283523	0.434169	0.006636732490733266	2.6337448559670777e-05	0.28352218866348267
283800	-3.420164	-1.492342	-0.835640	0.032707	0.283624	0.433597	0.006607578578405082	2.6337448559670777e-05	0.2836233973503113
283920	-3.420366	-1.491984	-0.835878	0.032700	0.283730	0.433494	0.006577401957474649	2.6337448559670777e-05	0.28372901678085327
284040	-3.421173	-1.491791	-0.835883	0.032674	0.283836	0.433492	0.006561892037279904	2.6337448559670777e-05	0.2838340997695923
284160	-3.421885	-1.491457	-0.835470	0.032651	0.283949	0.433671	0.0065289382357150315	1.7558299039780518e-05	0.28394848108291626
284280	-3.421776	-1.491152	-0.835251	0.032654	0.284046	0.433766	0.0065000798553228375	2.6337448559670777e-05	0.28404533863067627
284400	-3.422064	-1.490942	-0.835404	0.032645	0.284133	0.433699	0.006483217491768301	2.6337448559670777e-05	0.2841317355632782
284520	-3.421825	-1.490597	-0.835386	0.032653	0.284262	0.433707	0.006451287120580673	1.7558299039780518e-05	0.2842617332935333
284640	-3.423557	-1.490235	-0.834180	0.032596	0.284415	0.434231	0.006419075117446482	1.7558299039780518e-05	0.28441429138183594
284760	-3.424406	-1.490036	-0.833539	0.032569	0.284516	0.434509	0.006399547727778554	2.6337448559670777e-05	0.2845161259174347
284880	-3.424566	-1.489545	-0.832690	0.032563	0.284662	0.434878	0.006365744955837726	2.6337448559670777e-05	0.2846590578556061
285000	-3.424862	-1.489241	-0.832577	0.032554	0.284781	0.434927	0.006329342839308083	1.7558299039780518e-05	0.2847804129123688
285120	-3.425591	-1.489010	-0.831707	0.032530	0.284862	0.435305	0.00630819178186357	1.1705532693187011e-05	0.28486114740371704
285240	-3.426179	-1.488781	-0.830640	0.032511	0.284963	0.435770	0.006287572230212391	1.7558299039780518e-05	0.28496256470680237
285360	-3.426646	-1.488506	-0.830635	0.032496	0.285054	0.435773	0.0062638908624649044	2.6337448559670777e-05	0.2850536108016968
285480	-3.427025	-1.488228	-0.830478	0.032483	0.285144	0.435841	0.006239038216881454	2.6337448559670777e-05	0.2851419746875763
285600	-3.426985	-1.487700	-0.829618	0.032485	0.285318	0.436216	0.006192861869931221	1.7558299039780518e-05	0.2853163778781891
285720	-3.427794	-1.487303	-0.829515	0.032458	0.285453	0.436261	0.0061557865235954525	2.6337448559670777e-05	0.2854519784450531
285840	-3.428493	-1.486908	-0.829617	0.032436	0.285586	0.436216	0.006117579573765397	1.7558299039780518e-05	0.28558534383773804
285960	-3.429709	-1.486867	-0.828969	0.032396	0.285646	0.436499	0.00611462420783937	1.7558299039780518e-05	0.28564533591270447
286080	-3.429973	-1.486856	-0.828546	0.032388	0.285699	0.436684	0.006113070785067976	2.6337448559670777e-05	0.2856985926628113
286200	-3.430308	-1.486498	-0.827102	0.032377	0.285854	0.437315	0.006083073955960572	2.6337448559670777e-05	0.28585219383239746
286320	-3.430363	-1.486358	-0.826151	0.032375	0.285929	0.437731	0.006067393277771771	2.6337448559670777e-05	0.28592854738235474
286440	-3.431035	-1.486073	-0.825535	0.032353	0.286022	0.438001	0.0060466683702543374	1.7558299039780518e-05	0.28601962327957153
286560	-3.430928	-1.485677	-0.825383	0.032357	0.286138	0.438067	0.006010244134813547	1.7558299039780518e-05	0.2861374020576477
286680	-3.431056	-1.485431	-0.825048	0.032353	0.286233	0.438214	0.005984368547797203	1.7558299039780518e-05	0.2862326502799988
286800	-3.430784	-1.485281	-0.824750	0.032362	0.286276	0.438345	0.005973379453644156	2.6337448559670777e-05	0.2862754166126251
286920	-3.431683	-1.485088	-0.824136	0.032332	0.286336	0.438614	0.005955865047872067	2.6337448559670777e-05	0.2863351106643677
287040	-3.431507	-1.484861	-0.824161	0.032338	0.286416	0.438603	0.005934988358058035	1.7558299039780518e-05	0.2864152193069458
287160	-3.431926	-1.484589	-0.823608	0.032325	0.286516	0.438845	0.005913841212168336	2.6337448559670777e-05	0.28651371598243713
287280	-3.432638	-1.484508	-0.823629	0.032302	0.286571	0.438836	0.005905663850717247	2.6337448559670777e-05	0.2865693271160126
287400	-3.432751	-1.483954	-0.823065	0.032298	0.286756	0.439084	0.005854650447145104	1.7558299039780518e-05	0.2867552638053894
287520	-3.431587	-1.483681	-0.822936	0.032336	0.286838	0.439141	0.005827984376810491	2.6337448559670777e-05	0.2868384122848511
287640	-3.431550	-1.483472	-0.822914	0.032337	0.286909	0.439150	0.005808052700012922	1.7558299039780518e-05	0.28690871596336365
287760	-3.432654	-1.483120	-0.822469	0.032301	0.287070	0.439345	0.005779934325255453	1.1705532693187011e-05	0.28706926107406616
287880	-3.432848	-1.482796	-0.822732	0.032295	0.287193	0.439230	0.005752620636485517	2.6337448559670777e-05	0.2871907949447632
288000	-3.432147	-1.482400	-0.821620	0.032317	0.287322	0.439719	0.005718534998595715	3.9506172839506166e-05	0.2873193323612213
288120	-3.432169	-1.482092	-0.821440	0.032317	0.287440	0.439798	0.005686467140913009	2.6337448559670777e-05	0.28743836283683777
288240	-3.432449	-1.481693	-0.820584	0.032308	0.287561	0.440175	0.005652800714597106	1.7558299039780518e-05	0.28756049275398254
288360	-3.432987	-1.481448	-0.820625	0.032290	0.287647	0.440156	0.005629242514260113	2.6337448559670777e-05	0.28764525055885315
288480	-3.432788	-1.481350	-0.820902	0.032297	0.287678	0.440034	0.005617097718641162	1.7558299039780518e-05	0.287677526473999
288600	-3.432789	-1.481046	-0.820202	0.032297	0.287793	0.440343	0.005588541366159916	1.7558299039780518e-05	0.2877928912639618
288720	-3.433015	-1.480833	-0.820125	0.032289	0.287872	0.440377	0.005570974480360746	2.6337448559670777e-05	0.2878716289997101
288840	-3.433264	-1.480472	-0.820004	0.032281	0.287994	0.440430	0.00553826242685318	1.7558299039780518e-05	0.28799453377723694
288960	-3.433134	-1.480187	-0.819629	0.032286	0.288106	0.440595	0.005516212689690292	1.7558299039780518e-05	0.288104772567749
289080	-3.433038	-1.479857	-0.818813	0.032289	0.288222	0.440955	0.005485609732568264	2.6337448559670777e-05	0.28822025656700134
289200	-3.433362	-1.479542	-0.818307	0.032278	0.288328	0.441178	0.005458923405967653	2.6337448559670777e-05	0.28832724690437317
289320	-3.433536	-1.479052	-0.817309	0.032273	0.288492	0.441618	0.005411949544213712	1.7558299039780518e-05	0.28849145770072937
289440	-3.434170	-1.478753	-0.816921	0.032252	0.288561	0.441790	0.005386908422224224	2.6337448559670777e-05	0.2885607182979584
289560	-3.433801	-1.478627	-0.816408	0.032264	0.288605	0.442017	0.005369575181975961	1.7558299039780518e-05	0.28860607743263245
289680	-3.433856	-1.478614	-0.815940	0.032262	0.288607	0.442223	0.005373379960656166	1.7558299039780518e-05	0.28860512375831604
289800	-3.434322	-1.478527	-0.815840	0.032247	0.288653	0.442268	0.005364609905518592	2.6337448559670777e-05	0.2886523902416229
289920	-3.434563	-1.478287	-0.815043	0.032239	0.288744	0.442620	0.005345919332467019	2.6337448559670777e-05	0.28874191641807556
290040	-3.434781	-1.477811	-0.815025	0.032232	0.288910	0.442628	0.00530163524672389	2.6337448559670777e-05	0.2889086604118347
290160	-3.435114	-1.477602	-0.814652	0.032222	0.288994	0.442793	0.00528154200874269	2.6337448559670777e-05	0.28899282217025757
290280	-3.435125	-1.477203	-0.813640	0.032221	0.289143	0.443242	0.00524645063560456	2.6337448559670777e-05	0.28914156556129456
290400	-3.435601	-1.477140	-0.813964	0.032206	0.289193	0.443098	0.0052376683102920655	2.6337448559670777e-05	0.28919291496276855
290520	-3.435269	-1.476673	-0.813312	0.032217	0.289354	0.443387	0.005199911748059094	1.1705532693187011e-05	0.2893529236316681
290640	-3.435779	-1.476465	-0.813945	0.032200	0.289408	0.443107	0.005179577134549617	2.6337448559670777e-05	0.289407342672348
290760	-3.435767	-1.476092	-0.813971	0.032201	0.289506	0.443095	0.005142949381843209	1.7558299039780518e-05	0.28950703144073486
290880	-3.435588	-1.475937	-0.814169	0.032206	0.289566	0.443007	0.005130915297195315	1.7558299039780518e-05	0.28956493735313416
291000	-3.436375	-1.475554	-0.813431	0.032181	0.289728	0.443334	0.005095280101522803	2.6337448559670777e-05	0.2897285521030426
291120	-3.436602	-1.475455	-0.813251	0.032174	0.289778	0.443414	0.005085943057201803	2.6337448559670777e-05	0.28977838158607483
291240	-3.436807	-1.475309	-0.812788	0.032167	0.289856	0.443619	0.005073965317569673	2.6337448559670777e-05	0.2898555099964142
291360	-3.437263	-1.475008	-0.813332	0.032153	0.289998	0.443378	0.005046224687248468	1.1705532693187011e-05	0.28999727964401245
291480	-3.437808	-1.474727	-0.812640	0.032135	0.290143	0.443685	0.005025250650942325	2.6337448559670777e-05	0.2901402711868286
291600	-3.438949	-1.474493	-0.811777	0.032098	0.290262	0.444068	0.004996295575983823	2.6337448559670777e-05	0.2902633249759674
291720	-3.438790	-1.474350	-0.811252	0.032104	0.290312	0.444302	0.004989309911616146	1.7558299039780518e-05	0.2903105318546295
291840	-3.439233	-1.474116	-0.810677	0.032089	0.290444	0.444557	0.004969650041311979	2.6337448559670777e-05	0.2904432713985443
291960	-3.439745	-1.473761	-0.809460	0.032073	0.290603	0.445098	0.00493823979049921	3.9506172839506166e-05	0.2906007170677185
292080	-3.440167	-1.473501	-0.808756	0.032059	0.290714	0.445412	0.004911689995788037	2.6337448559670777e-05	0.2907128632068634
292200	-3.439309	-1.473095	-0.808034	0.032087	0.290845	0.445733	0.00487969636451453	1.7558299039780518e-05	0.2908429503440857
292320	-3.438770	-1.472589	-0.807265	0.032104	0.291033	0.446076	0.004833656270056963	1.7558299039780518e-05	0.2910325527191162
292440	-3.438540	-1.472373	-0.806855	0.032112	0.291098	0.446260	0.004813377372920513	1.7558299039780518e-05	0.29109612107276917
292560	-3.439390	-1.472092	-0.805869	0.032084	0.291220	0.446700	0.004786484339274466	2.6337448559670777e-05	0.2912192940711975
292680	-3.440454	-1.471796	-0.805448	0.032050	0.291347	0.446888	0.004762092279270292	1.7558299039780518e-05	0.2913452386856079
292800	-3.440591	-1.471231	-0.804436	0.032046	0.291533	0.447340	0.004708762909285724	2.6337448559670777e-05	0.2915321886539459
292920	-3.440377	-1.470970	-0.803701	0.032053	0.291654	0.447669	0.004686510073952377	2.6337448559670777e-05	0.2916533946990967
293040	-3.440534	-1.470629	-0.803501	0.032048	0.291772	0.447759	0.004656690661795438	2.6337448559670777e-05	0.29177021980285645
293160	-3.440641	-1.470447	-0.804191	0.032044	0.291829	0.447450	0.00463786933105439	1.7558299039780518e-05	0.2918287217617035
293280	-3.440780	-1.470255	-0.803480	0.032040	0.291900	0.447768	0.004617380746640265	2.6337448559670777e-05	0.29189935326576233
293400	-3.441146	-1.470080	-0.802931	0.032028	0.291998	0.448014	0.004606785462237894	2.6337448559670777e-05	0.29199686646461487
293520	-3.441595	-1.469772	-0.802118	0.032014	0.292116	0.448378	0.004580048215575516	1.7558299039780518e-05	0.29211485385894775
293640	-3.441917	-1.469368	-0.801997	0.032003	0.292244	0.448432	0.0045397798763588074	1.7558299039780518e-05	0.2922433614730835
293760	-3.442681	-1.469088	-0.801594	0.031979	0.292376	0.448614	0.004517301893793046	1.7558299039780518e-05	0.29237452149391174
293880	-3.443101	-1.468718	-0.800788	0.031965	0.292514	0.448975	0.004483277210965753	2.6337448559670777e-05	0.2925131916999817
294000	-3.443885	-1.468599	-0.800908	0.031940	0.292582	0.448921	0.004466649563983083	2.6337448559670777e-05	0.29258260130882263
294120	-3.443754	-1.468192	-0.801354	0.031945	0.292729	0.448721	0.004437490459531545	2.6337448559670777e-05	0.29272711277008057
294240	-3.444155	-1.467991	-0.800995	0.031932	0.292811	0.448882	0.00441762157715857	2.6337448559670777e-05	0.2928079068660736
294360	-3.445364	-1.467606	-0.800234	0.031893	0.292951	0.449224	0.004384960047900677	2.6337448559670777e-05	0.2929494082927704
294480	-3.445822	-1.467289	-0.799562	0.031879	0.293061	0.449526	0.004352724715135992	2.6337448559670777e-05	0.29305997490882874
294600	-3.446884	-1.467043	-0.799047	0.031845	0.293142	0.449757	0.004332563048228622	2.6337448559670777e-05	0.2931411862373352
294720	-3.446980	-1.466907	-0.798973	0.031842	0.293192	0.449791	0.004318729671649635	1.7558299039780518e-05	0.29319170117378235
294840	-3.447463	-1.466749	-0.799630	0.031826	0.293236	0.449495	0.004303597891703248	2.6337448559670777e-05	0.29323506355285645
294960	-3.448063	-1.466383	-0.799500	0.031807	0.293380	0.449554	0.0042732992675155405	1.1705532693187011e-05	0.2933787703514099
295080	-3.448750	-1.466121	-0.798572	0.031785	0.293512	0.449971	0.0042482685763388876	1.7558299039780518e-05	0.2935110032558441
295200	-3.449400	-1.465824	-0.798623	0.031765	0.293613	0.449948	0.00422164723277092	2.6337448559670777e-05	0.29361116886138916
295320	-3.449374	-1.465460	-0.798784	0.031766	0.293726	0.449876	0.004196446971036494	2.6337448559670777e-05	0.29372259974479675
295440	-3.449977	-1.465105	-0.798542	0.031746	0.293857	0.449985	0.004157376522198319	2.6337448559670777e-05	0.29385605454444885
295560	-3.450905	-1.464861	-0.797976	0.031717	0.293957	0.450240	0.004135283851064741	1.7558299039780518e-05	0.2939557433128357
295680	-3.451588	-1.464367	-0.796814	0.031695	0.294136	0.450763	0.004094133106991649	2.6337448559670777e-05	0.29413357377052307
295800	-3.452060	-1.463894	-0.796311	0.031680	0.294291	0.450989	0.004050086881034076	2.6337448559670777e-05	0.29428860545158386
295920	-3.451796	-1.463424	-0.795540	0.031689	0.294437	0.451337	0.004007125436328351	2.6337448559670777e-05	0.29443612694740295
296040	-3.452217	-1.463096	-0.795245	0.031675	0.294555	0.451470	0.003976771514862776	2.6337448559670777e-05	0.29455357789993286
296160	-3.452570	-1.462452	-0.794712	0.031664	0.294772	0.451711	0.003924557566642761	2.6337448559670777e-05	0.29476991295814514
296280	-3.452749	-1.462286	-0.793474	0.031658	0.294848	0.452271	0.003900972509291023	1.7558299039780518e-05	0.2948482930660248
296400	-3.452936	-1.462217	-0.793056	0.031653	0.294897	0.452460	0.0038957552053034304	2.6337448559670777e-05	0.2948962152004242
296520	-3.453344	-1.462105	-0.792825	0.031640	0.294936	0.452565	0.003887295606546104	1.7558299039780518e-05	0.29493510723114014
296640	-3.453725	-1.461819	-0.793232	0.031628	0.295028	0.452380	0.0038616077392362056	1.7558299039780518e-05	0.2950267195701599
296760	-3.453353	-1.461539	-0.792534	0.031639	0.295115	0.452696	0.0038370438502170145	1.7558299039780518e-05	0.29511451721191406
296880	-3.454221	-1.461353	-0.791742	0.031612	0.295200	0.453055	0.0038208099431358278	2.6337448559670777e-05	0.295197993516922
297000	-3.454436	-1.460983	-0.790621	0.031605	0.295314	0.453563	0.00378650005441159	1.1705532693187011e-05	0.2953133285045624
297120	-3.455155	-1.460693	-0.790259	0.031582	0.295433	0.453727	0.003759800409898162	2.6337448559670777e-05	0.29543232917785645
297240	-3.455274	-1.460549	-0.789570	0.031579	0.295493	0.454040	0.003744508244562894	1.1705532693187011e-05	0.2954932451248169
297360	-3.455174	-1.460280	-0.789155	0.031582	0.295593	0.454229	0.0037280407967045905	2.6337448559670777e-05	0.29558998346328735
297480	-3.455431	-1.459910	-0.789105	0.031574	0.295708	0.454251	0.003690853388980031	1.7558299039780518e-05	0.2957066297531128
297600	-3.455997	-1.459760	-0.788161	0.031556	0.295803	0.454680	0.0036740279756486416	2.6337448559670777e-05	0.2958017587661743
297720	-3.455916	-1.459341	-0.787338	0.031558	0.295951	0.455055	0.003640550549607724	2.6337448559670777e-05	0.295949786901474
297840	-3.456480	-1.458932	-0.786293	0.031541	0.296112	0.455530	0.0036039952305145563	2.6337448559670777e-05	0.2961110472679138
297960	-3.455864	-1.458605	-0.786051	0.031560	0.296229	0.455641	0.0035720160230994225	1.1705532693187011e-05	0.2962287962436676
298080	-3.456028	-1.458314	-0.785933	0.031555	0.296338	0.455694	0.0035454740980640055	1.7558299039780518e-05	0.2963371276855469
298200	-3.456350	-1.458092	-0.786656	0.031545	0.296394	0.455365	0.0035246203769929707	2.6337448559670777e-05	0.2963947057723999
298320	-3.455832	-1.457667	-0.785986	0.031561	0.296526	0.455670	0.0034908243920654058	1.7558299039780518e-05	0.29652443528175354
298440	-3.456674	-1.457393	-0.785199	0.031534	0.296633	0.456029	0.0034654726507142184	2.6337448559670777e-05	0.2966315746307373
298560	-3.456072	-1.457221	-0.784432	0.031553	0.296716	0.456379	0.0034497265005484223	2.6337448559670777e-05	0.2967137396335602
298680	-3.456089	-1.456771	-0.784399	0.031553	0.296862	0.456394	0.003405669960193336	1.7558299039780518e-05	0.29686176776885986
298800	-3.456046	-1.456498	-0.784075	0.031554	0.296960	0.456542	0.0033844315214082597	2.6337448559670777e-05	0.2969575822353363
298920	-3.456275	-1.456273	-0.783072	0.031547	0.297040	0.457000	0.003363189147785306	2.6337448559670777e-05	0.2970384657382965
299040	-3.456795	-1.455967	-0.782800	0.031531	0.297154	0.457124	0.003334696940146387	2.6337448559670777e-05	0.297153115272522
299160	-3.456074	-1.455561	-0.782341	0.031553	0.297270	0.457334	0.003300113370642066	1.7558299039780518e-05	0.29726848006248474
299280	-3.455855	-1.455212	-0.781689	0.031560	0.297379	0.457632	0.003268999990541488	2.6337448559670777e-05	0.2973767817020416
299400	-3.455834	-1.454868	-0.781843	0.031561	0.297511	0.457562	0.003236946032848209	2.6337448559670777e-05	0.29750993847846985
299520	-3.456133	-1.454633	-0.781810	0.031552	0.297610	0.457577	0.0032163024414330723	2.6337448559670777e-05	0.29760855436325073
299640	-3.456412	-1.454317	-0.781492	0.031543	0.297718	0.457723	0.0031857135822065175	2.6337448559670777e-05	0.297717422246933
299760	-3.457256	-1.454066	-0.780980	0.031516	0.297839	0.457957	0.0031621095491573214	2.6337448559670777e-05	0.29783913493156433
299880	-3.457694	-1.453694	-0.780367	0.031502	0.297978	0.458238	0.0031339768669568003	1.7558299039780518e-05	0.2979755401611328
300000	-3.457639	-1.453137	-0.778658	0.031504	0.298167	0.459022	0.00308191638905555	2.6337448559670777e-05	0.2981661260128021
300120	-3.457372	-1.452702	-0.778464	0.031512	0.298293	0.459110	0.0030402016011066733	2.6337448559670777e-05	0.29829278588294983
300240	-3.457221	-1.452428	-0.778519	0.031517	0.298379	0.459085	0.003019727056380361	2.6337448559670777e-05	0.29837748408317566
300360	-3.457070	-1.452142	-0.778442	0.031522	0.298471	0.459121	0.00299141863361001	1.7558299039780518e-05	0.29846954345703125
300480	-3.456897	-1.451799	-0.778822	0.031527	0.298598	0.458946	0.0029585802927613257	2.6337448559670777e-05	0.29859697818756104
300600	-3.456835	-1.451417	-0.778938	0.031529	0.298732	0.458893	0.0029285750817507504	2.6337448559670777e-05	0.2987304627895355
300720	-3.457214	-1.451031	-0.778132	0.031517	0.298870	0.459263	0.0028922651312313975	1.1705532693187011e-05	0.29886889457702637
300840	-3.457435	-1.450786	-0.777492	0.031510	0.298949	0.459557	0.0028690435225144028	2.6337448559670777e-05	0.2989482283592224
300960	-3.457094	-1.450374	-0.777132	0.031521	0.299089	0.459722	0.0028322835569269955	1.7558299039780518e-05	0.2990874648094177
301080	-3.457664	-1.449971	-0.776891	0.031503	0.299243	0.459834	0.002796773239970207	2.6337448559670777e-05	0.2992411255836487
301200	-3.458265	-1.449606	-0.775054	0.031484	0.299399	0.460679	0.002765543514396995	2.6337448559670777e-05	0.29939645528793335
301320	-3.458243	-1.449193	-0.774111	0.031485	0.299537	0.461113	0.0027273008367046715	2.6337448559670777e-05	0.29953497648239136
301440	-3.458569	-1.448800	-0.773866	0.031475	0.299671	0.461227	0.0026888080290518703	1.7558299039780518e-05	0.29967060685157776
301560	-3.458972	-1.448498	-0.773576	0.031462	0.299779	0.461360	0.0026634288602508604	1.7558299039780518e-05	0.29977789521217346
301680	-3.458858	-1.448080	-0.772934	0.031466	0.299921	0.461657	0.002626086282543838	2.6337448559670777e-05	0.29991859197616577
301800	-3.458981	-1.447701	-0.771764	0.031462	0.300054	0.462197	0.002589860127773136	1.7558299039780518e-05	0.30005350708961487
301920	-3.459269	-1.447471	-0.770373	0.031453	0.300149	0.462840	0.0025682114996016026	1.7558299039780518e-05	0.30014893412590027
302040	-3.460168	-1.447167	-0.770015	0.031424	0.300255	0.463006	0.0025465286336839197	2.6337448559670777e-05	0.30025115609169006
302160	-3.460313	-1.447134	-0.769498	0.031420	0.300274	0.463246	0.0025353211909532546	1.7558299039780518e-05	0.3002742528915405
302280	-3.460424	-1.446683	-0.769393	0.031416	0.300448	0.463294	0.0025008863653056324	2.6337448559670777e-05	0.3004467487335205
302400	-3.461264	-1.446447	-0.769329	0.031390	0.300549	0.463324	0.0024784163804724814	1.7558299039780518e-05	0.3005475699901581
302520	-3.461946	-1.446055	-0.769034	0.031369	0.300681	0.463461	0.0024450948694720864	2.6337448559670777e-05	0.3006797432899475
302640	-3.461254	-1.445733	-0.768133	0.031390	0.300790	0.463878	0.002414893568493426	2.6337448559670777e-05	0.3007882535457611
302760	-3.461498	-1.445361	-0.766276	0.031383	0.300946	0.464740	0.0023850071826018392	2.6337448559670777e-05	0.3009430468082428
302880	-3.461473	-1.445138	-0.766032	0.031383	0.301044	0.464854	0.002361416316125542	2.6337448559670777e-05	0.3010421395301819
303000	-3.461721	-1.444812	-0.765870	0.031376	0.301159	0.464929	0.002331701328512281	2.6337448559670777e-05	0.3011592626571655
303120	-3.461507	-1.444351	-0.765269	0.031382	0.301292	0.465209	0.002289885946083814	1.7558299039780518e-05	0.3012908697128296
303240	-3.461436	-1.444154	-0.765180	0.031385	0.301373	0.465250	0.0022712355363182723	1.1705532693187011e-05	0.3013722896575928
303360	-3.461925	-1.443846	-0.764653	0.031369	0.301503	0.465495	0.002244632807560265	2.6337448559670777e-05	0.3015018701553345
303480	-3.461989	-1.443612	-0.765156	0.031367	0.301562	0.465262	0.002221889211796224	1.7558299039780518e-05	0.30156248807907104
303600	-3.462499	-1.443270	-0.763824	0.031351	0.301708	0.465881	0.002195070218294859	2.6337448559670777e-05	0.3017053008079529
303720	-3.463094	-1.442893	-0.762821	0.031333	0.301848	0.466349	0.0021585335256531835	1.7558299039780518e-05	0.3018464744091034
303840	-3.463129	-1.442365	-0.763151	0.031332	0.301997	0.466195	0.002114623389206827	2.6337448559670777e-05	0.3019949495792389
303960	-3.463176	-1.441835	-0.762171	0.031330	0.302197	0.466652	0.0020652776467613874	1.1705532693187011e-05	0.30219587683677673
304080	-3.463193	-1.441382	-0.761905	0.031330	0.302357	0.466776	0.002022443735040724	3.9506172839506166e-05	0.30235570669174194
304200	-3.462375	-1.441019	-0.761610	0.031355	0.302467	0.466914	0.001989505102392286	1.7558299039780518e-05	0.3024663031101227
304320	-3.462504	-1.440775	-0.762081	0.031351	0.302524	0.466694	0.001967686030548066	2.6337448559670777e-05	0.3025231957435608
304440	-3.462933	-1.440525	-0.762213	0.031338	0.302595	0.466633	0.0019451219588518143	2.6337448559670777e-05	0.3025941550731659
304560	-3.463571	-1.440294	-0.762014	0.031318	0.302698	0.466725	0.0019231752783525735	1.7558299039780518e-05	0.30269771814346313
304680	-3.462375	-1.439836	-0.761818	0.031355	0.302820	0.466817	0.0018860758049413563	1.1705532693187011e-05	0.3028191030025482
304800	-3.462052	-1.439541	-0.760568	0.031365	0.302943	0.467401	0.0018595493631437421	2.6337448559670777e-05	0.3029401898384094
304920	-3.463081	-1.439321	-0.760546	0.031333	0.303038	0.467411	0.0018358819012064486	2.6337448559670777e-05	0.3030375838279724
305040	-3.462967	-1.438979	-0.760029	0.031337	0.303172	0.467653	0.0018053865060210228	1.1705532693187011e-05	0.3031720817089081
305160	-3.464566	-1.438654	-0.759280	0.031287	0.303306	0.468003	0.001775543997064233	1.7558299039780518e-05	0.3033052682876587
305280	-3.464848	-1.438213	-0.758288	0.031278	0.303457	0.468468	0.001739798387279734	2.6337448559670777e-05	0.3034561276435852
305400	-3.464799	-1.438075	-0.757926	0.031279	0.303520	0.468637	0.0017226431053131818	2.6337448559670777e-05	0.30351993441581726
305520	-3.465141	-1.437494	-0.756562	0.031269	0.303754	0.469277	0.0016785393585450948	2.6337448559670777e-05	0.303750604391098
305640	-3.464572	-1.437007	-0.756029	0.031286	0.303915	0.469527	0.0016307686106301843	1.7558299039780518e-05	0.3039134442806244
305760	-3.464023	-1.436634	-0.755159	0.031304	0.304038	0.469936	0.0015972660621628165	2.6337448559670777e-05	0.30403652787208557
305880	-3.464042	-1.436245	-0.754815	0.031303	0.304174	0.470098	0.0015595488250255585	2.6337448559670777e-05	0.3041728138923645
306000	-3.464077	-1.435880	-0.754598	0.031302	0.304304	0.470200	0.0015297100238967688	2.6337448559670777e-05	0.304301381111145
306120	-3.463680	-1.435549	-0.754031	0.031314	0.304434	0.470466	0.0014983927947469055	2.6337448559670777e-05	0.3044324815273285
306240	-3.464155	-1.435481	-0.754040	0.031299	0.304470	0.470462	0.0014927410695236177	1.7558299039780518e-05	0.3044685423374176
306360	-3.464175	-1.435136	-0.753165	0.031299	0.304594	0.470874	0.0014602873008698225	2.6337448559670777e-05	0.3045933246612549
306480	-3.465063	-1.434671	-0.752064	0.031271	0.304737	0.471393	0.0014171088638249784	1.7558299039780518e-05	0.30473607778549194
306600	-3.465582	-1.434252	-0.751525	0.031255	0.304909	0.471647	0.0013813672820106148	2.6337448559670777e-05	0.3049074411392212
306720	-3.465863	-1.433777	-0.751387	0.031246	0.305093	0.471712	0.0013388073188252748	1.7558299039780518e-05	0.3050926625728607
306840	-3.466006	-1.433512	-0.751628	0.031242	0.305198	0.471598	0.001315708487527445	2.6337448559670777e-05	0.30519649386405945
306960	-3.466581	-1.433309	-0.751062	0.031224	0.305291	0.471865	0.0012937293911818414	1.7558299039780518e-05	0.3052903413772583
307080	-3.467035	-1.433215	-0.750801	0.031209	0.305338	0.471988	0.001283942424925044	1.7558299039780518e-05	0.3053385019302368
307200	-3.467050	-1.432892	-0.750250	0.031209	0.305466	0.472248	0.0012558604241348803	2.6337448559670777e-05	0.30546626448631287
307320	-3.466998	-1.432494	-0.749377	0.031211	0.305625	0.472661	0.0012248002167325467	2.6337448559670777e-05	0.30562329292297363
307440	-3.467088	-1.432198	-0.749077	0.031208	0.305758	0.472803	0.0011947735270950942	2.6337448559670777e-05	0.30575716495513916
307560	-3.467832	-1.431847	-0.748480	0.031185	0.305894	0.473085	0.0011631202301941811	1.7558299039780518e-05	0.3058932423591614
307680	-3.467962	-1.431510	-0.748231	0.031181	0.306007	0.473203	0.001132494054036215	7.803688462124674e-06	0.30600711703300476
307800	-3.467539	-1.431077	-0.746992	0.031194	0.306154	0.473789	0.001098890509456396	2.6337448559670777e-05	0.30615049600601196
307920	-3.467900	-1.430758	-0.746607	0.031182	0.306283	0.473972	0.0010671236319467424	1.7558299039780518e-05	0.30628126859664917
308040	-3.468146	-1.430439	-0.745903	0.031175	0.306397	0.474306	0.0010378250910434872	1.7558299039780518e-05	0.3063959777355194
308160	-3.468300	-1.430121	-0.745525	0.031170	0.306504	0.474485	0.0010101754451170564	1.7558299039780518e-05	0.3065023720264435
308280	-3.468576	-1.429510	-0.744800	0.031161	0.306717	0.474829	0.0009564817912178114	2.6337448559670777e-05	0.306714802980423
308400	-3.469206	-1.429127	-0.744423	0.031142	0.306874	0.475008	0.0009195464663207531	1.7558299039780518e-05	0.30687248706817627
308520	-3.469978	-1.428869	-0.743569	0.031118	0.306981	0.475414	0.0008965880668256431	2.6337448559670777e-05	0.30698084831237793
308640	-3.469628	-1.428444	-0.743547	0.031129	0.307115	0.475424	0.0008579976361943409	1.7558299039780518e-05	0.30711302161216736
308760	-3.469754	-1.428074	-0.742899	0.031125	0.307250	0.475733	0.0008268017554655671	2.6337448559670777e-05	0.30724844336509705
308880	-3.469857	-1.427842	-0.743156	0.031121	0.307333	0.475611	0.0008046371774980798	2.6337448559670777e-05	0.3073315918445587
309000	-3.470453	-1.427512	-0.742248	0.031103	0.307480	0.476043	0.0007755666796583682	2.6337448559670777e-05	0.3074776828289032
309120	-3.470208	-1.427241	-0.742025	0.031111	0.307583	0.476149	0.0007494295627111569	1.7558299039780518e-05	0.30758172273635864
309240	-3.470924	-1.426934	-0.741700	0.031088	0.307706	0.476304	0.0007246312976349145	2.6337448559670777e-05	0.30770400166511536
309360	-3.471157	-1.426444	-0.741249	0.031081	0.307869	0.476518	0.0006792882515583188	2.6337448559670777e-05	0.30786779522895813
309480	-3.471236	-1.426147	-0.740648	0.031079	0.307983	0.476805	0.0006520633556647226	1.1705532693187011e-05	0.30798184871673584
309600	-3.471697	-1.425735	-0.740719	0.031064	0.308125	0.476771	0.0006165486382087692	2.6337448559670777e-05	0.308123916387558
309720	-3.471951	-1.425461	-0.739866	0.031056	0.308248	0.477178	0.0005909644212806597	2.6337448559670777e-05	0.30824655294418335
309840	-3.472386	-1.425159	-0.739420	0.031043	0.308360	0.477391	0.0005591114691924304	1.7558299039780518e-05	0.30836090445518494
309960	-3.473484	-1.424963	-0.738935	0.031009	0.308468	0.477623	0.000547346583334729	2.6337448559670777e-05	0.30846595764160156
310080	-3.473477	-1.424650	-0.738522	0.031009	0.308567	0.477819	0.0005175334110390395	1.1705532693187011e-05	0.30856600403785706
310200	-3.474657	-1.424375	-0.737718	0.030972	0.308711	0.478204	0.0004923218337353318	1.1705532693187011e-05	0.3087100386619568
310320	-3.475263	-1.424235	-0.737405	0.030954	0.308774	0.478354	0.0004793410160345957	1.7558299039780518e-05	0.3087727129459381
310440	-3.475722	-1.424040	-0.737775	0.030939	0.308835	0.478177	0.00045974789827596396	2.6337448559670777e-05	0.3088347017765045
310560	-3.475627	-1.423717	-0.737668	0.030942	0.308975	0.478228	0.0004360204839031212	1.7558299039780518e-05	0.3089730441570282
310680	-3.476305	-1.423368	-0.737853	0.030921	0.309105	0.478140	0.00039971159858396275	2.6337448559670777e-05	0.3091045916080475
310800	-3.476815	-1.423060	-0.736957	0.030906	0.309219	0.478568	0.0003758357692277059	2.6337448559670777e-05	0.3092172145843506
310920	-3.477398	-1.422871	-0.736301	0.030888	0.309310	0.478882	0.00035703753965208305	2.6337448559670777e-05	0.3093082308769226
311040	-3.477129	-1.422507	-0.736029	0.030896	0.309420	0.479012	0.0003250743102398701	2.6337448559670777e-05	0.3094184994697571
311160	-3.477582	-1.422242	-0.735682	0.030882	0.309507	0.479178	0.00030000673577887935	2.6337448559670777e-05	0.3095049262046814
311280	-3.478538	-1.422074	-0.734701	0.030852	0.309603	0.479649	0.0002871192642487586	2.6337448559670777e-05	0.30960163474082947
311400	-3.478137	-1.421535	-0.733451	0.030865	0.309778	0.480249	0.00023815369058866054	3.9506172839506166e-05	0.30977681279182434
311520	-3.478848	-1.421459	-0.733917	0.030843	0.309812	0.480025	0.00023091196562745607	2.6337448559670777e-05	0.30981022119522095
311640	-3.479238	-1.421122	-0.732978	0.030831	0.309944	0.480476	0.0002000136322749313	2.6337448559670777e-05	0.3099434971809387
311760	-3.479308	-1.420756	-0.731605	0.030829	0.310062	0.481136	0.00016822421093820594	2.6337448559670777e-05	0.3100607991218567
311880	-3.478919	-1.420502	-0.731403	0.030841	0.310164	0.481234	0.00014627563505200669	2.6337448559670777e-05	0.31016165018081665
312000	-3.479332	-1.420088	-0.730999	0.030828	0.310330	0.481428	0.00010760581171780359	2.6337448559670777e-05	0.31032806634902954
312120	-3.479660	-1.419670	-0.730149	0.030818	0.310478	0.481837	6.892084929859266e-05	2.6337448559670777e-05	0.31047701835632324
312240	-3.479446	-1.419309	-0.729569	0.030824	0.310611	0.482117	4.1337966285937e-05	1.7558299039780518e-05	0.3106081187725067
312360	-3.479317	-1.419014	-0.729399	0.030828	0.310744	0.482199	9.070276928468956e-06	2.6337448559670777e-05	0.31074362993240356
312480	-3.480017	-1.418777	-0.728917	0.030807	0.310860	0.482431	-9.825706274568802e-06	2.6337448559670777e-05	0.3108585476875305
312600	-3.479882	-1.418319	-0.728627	0.030811	0.311052	0.482571	-5.160057444300037e-05	1.7558299039780518e-05	0.3110499083995819
312720	-3.480573	-1.417951	-0.727735	0.030790	0.311236	0.483002	-8.362984481209423e-05	1.1705532693187011e-05	0.3112351596355438
312840	-3.481301	-1.417616	-0.727195	0.030767	0.311377	0.483263	-0.00011477088664832991	2.6337448559670777e-05	0.31137529015541077
312960	-3.481580	-1.417242	-0.727163	0.030759	0.311518	0.483278	-0.00014864086624584162	2.6337448559670777e-05	0.3115167021751404
313080	-3.482095	-1.417059	-0.726186	0.030743	0.311606	0.483751	-0.00016825723214424214	1.7558299039780518e-05	0.3116050958633423
313200	-3.482352	-1.416762	-0.725680	0.030735	0.311730	0.483995	-0.00019033467397093772	1.7558299039780518e-05	0.3117276728153229
313320	-3.482947	-1.416389	-0.725128	0.030717	0.311859	0.484262	-0.00022170149895828217	3.9506172839506166e-05	0.31185588240623474
313440	-3.482799	-1.415876	-0.724298	0.030721	0.312042	0.484665	-0.0002732826411374845	1.7558299039780518e-05	0.31204167008399963
313560	-3.483363	-1.415704	-0.723844	0.030704	0.312119	0.484885	-0.00028853213152615356	1.7558299039780518e-05	0.3121185302734375
313680	-3.482812	-1.415368	-0.723012	0.030721	0.312244	0.485288	-0.00032001816434785725	2.6337448559670777e-05	0.31224387884140015
313800	-3.482975	-1.415066	-0.722996	0.030716	0.312370	0.485296	-0.0003481954277958721	1.7558299039780518e-05	0.3123694658279419
313920	-3.483397	-1.414913	-0.722436	0.030703	0.312450	0.485568	-0.00035916816268581896	1.1705532693187011e-05	0.3124494254589081
314040	-3.483726	-1.414644	-0.722020	0.030693	0.312560	0.485770	-0.00038565003051189707	1.7558299039780518e-05	0.3125593364238739
314160	-3.484321	-1.414416	-0.721781	0.030675	0.312647	0.485886	-0.00040518115711165594	1.7558299039780518e-05	0.3126460313796997
314280	-3.484083	-1.414107	-0.721554	0.030682	0.312743	0.485996	-0.0004348953880253248	2.6337448559670777e-05	0.3127443790435791
314400	-3.485304	-1.413974	-0.720355	0.030644	0.312814	0.486580	-0.00044498883507912976	1.1705532693187011e-05	0.31281399726867676
314520	-3.485186	-1.413514	-0.719873	0.030648	0.312972	0.486814	-0.0004801592745934613	2.6337448559670777e-05	0.31296950578689575
314640	-3.485353	-1.412954	-0.718583	0.030643	0.313179	0.487443	-0.000533851856016554	2.6337448559670777e-05	0.3131779730319977
314760	-3.486150	-1.412614	-0.717986	0.030619	0.313325	0.487734	-0.0005682811635779217	2.6337448559670777e-05	0.31332436203956604
314880	-3.486329	-1.412314	-0.717780	0.030613	0.313452	0.487834	-0.0005927015386987478	1.7558299039780518e-05	0.3134506642818451
315000	-3.486297	-1.412136	-0.717696	0.030614	0.313511	0.487875	-0.0006111436930950731	2.6337448559670777e-05	0.31351011991500854
315120	-3.485993	-1.411760	-0.717563	0.030623	0.313643	0.487940	-0.0006430644862120971	1.7558299039780518e-05	0.31364262104034424
315240	-3.486086	-1.411397	-0.716401	0.030620	0.313795	0.488507	-0.0006749918276909739	1.7558299039780518e-05	0.31379279494285583
315360	-3.486835	-1.410998	-0.715907	0.030598	0.313948	0.488749	-0.0007065938523737713	1.7558299039780518e-05	0.31394633650779724
315480	-3.486718	-1.410780	-0.715287	0.030601	0.314040	0.489052	-0.000731958486721851	1.7558299039780518e-05	0.3140391707420349
315600	-3.487161	-1.410534	-0.715485	0.030588	0.314125	0.488955	-0.0007537066790973768	1.7558299039780518e-05	0.31412428617477417
315720	-3.487000	-1.410277	-0.715565	0.030593	0.314193	0.488916	-0.0007765370392007753	1.1705532693187011e-05	0.31419259309768677
315840	-3.487062	-1.410078	-0.714649	0.030591	0.314275	0.489364	-0.0007934809720609338	2.6337448559670777e-05	0.31427285075187683
315960	-3.487059	-1.409590	-0.714066	0.030591	0.314466	0.489649	-0.0008348660281626508	2.6337448559670777e-05	0.31446364521980286
316080	-3.487045	-1.409145	-0.713628	0.030591	0.314627	0.489864	-0.0008720655227079987	1.7558299039780518e-05	0.31462499499320984
316200	-3.486939	-1.408757	-0.713853	0.030594	0.314764	0.489753	-0.0009139822563156485	1.7558299039780518e-05	0.31476300954818726
316320	-3.486895	-1.408299	-0.712806	0.030596	0.314944	0.490267	-0.0009513474476989358	2.6337448559670777e-05	0.31494104862213135
316440	-3.487239	-1.408022	-0.712581	0.030585	0.315084	0.490377	-0.000981048686662689	2.6337448559670777e-05	0.31508275866508484
316560	-3.487114	-1.407635	-0.712114	0.030589	0.315221	0.490606	-0.001011946058133617	2.6337448559670777e-05	0.31522005796432495
316680	-3.487453	-1.407251	-0.711843	0.030579	0.315374	0.490739	-0.0010496191738639028	1.7558299039780518e-05	0.3153723180294037
316800	-3.488217	-1.407028	-0.711454	0.030555	0.315475	0.490930	-0.0010691535251680761	2.6337448559670777e-05	0.31547483801841736
316920	-3.488305	-1.406867	-0.711708	0.030553	0.315535	0.490805	-0.001084461552090943	2.6337448559670777e-05	0.3155338168144226
317040	-3.487834	-1.406409	-0.711193	0.030567	0.315665	0.491058	-0.001125041104387492	1.7558299039780518e-05	0.3156645894050598
317160	-3.488126	-1.406327	-0.711399	0.030558	0.315690	0.490957	-0.00113378320238553	1.7558299039780518e-05	0.31568965315818787
317280	-3.488099	-1.405986	-0.711236	0.030559	0.315839	0.491037	-0.001164397445973009	2.6337448559670777e-05	0.3158380091190338
317400	-3.489012	-1.405695	-0.710337	0.030531	0.315950	0.491479	-0.0011889573012012987	2.6337448559670777e-05	0.3159485459327698
317520	-3.489969	-1.405251	-0.709588	0.030502	0.316113	0.491847	-0.0012286714045330882	2.6337448559670777e-05	0.31611114740371704
317640	-3.491565	-1.404932	-0.708401	0.030453	0.316260	0.492431	-0.0012601280119270085	1.7558299039780518e-05	0.3162601590156555
317760	-3.491884	-1.404605	-0.707878	0.030443	0.316388	0.492689	-0.0012859801936428994	2.6337448559670777e-05	0.31638652086257935
317880	-3.492180	-1.404254	-0.707359	0.030434	0.316507	0.492945	-0.001321040710899979	2.6337448559670777e-05	0.316506564617157
318000	-3.492657	-1.403996	-0.706929	0.030420	0.316604	0.493156	-0.001340631814673543	1.7558299039780518e-05	0.3166028559207916
318120	-3.493530	-1.403559	-0.705963	0.030393	0.316762	0.493633	-0.0013797899009659886	2.6337448559670777e-05	0.3167610168457031
318240	-3.492772	-1.403226	-0.705785	0.030416	0.316857	0.493721	-0.001410154189215973	2.6337448559670777e-05	0.31685498356819153
318360	-3.492821	-1.402693	-0.704707	0.030415	0.317018	0.494253	-0.0014585042896214872	2.6337448559670777e-05	0.3170170187950134
318480	-3.492552	-1.402296	-0.703217	0.030423	0.317174	0.494990	-0.0014934482343960554	1.7558299039780518e-05	0.31717243790626526
318600	-3.493561	-1.401945	-0.702677	0.030392	0.317306	0.495258	-0.0015258334460668266	2.6337448559670777e-05	0.3173041045665741
318720	-3.493763	-1.401662	-0.702412	0.030386	0.317401	0.495389	-0.0015527996642049403	1.7558299039780518e-05	0.3174002766609192
318840	-3.494356	-1.401308	-0.701735	0.030368	0.317522	0.495724	-0.0015828243107534946	1.1705532693187011e-05	0.31752046942710876
318960	-3.493923	-1.400942	-0.700181	0.030381	0.317656	0.496495	-0.0016122593486215919	3.9506172839506166e-05	0.31765294075012207
319080	-3.494203	-1.400400	-0.699025	0.030373	0.317847	0.497070	-0.0016653157072141767	1.7558299039780518e-05	0.3178456723690033
319200	-3.494704	-1.400235	-0.697924	0.030358	0.317945	0.497618	-0.0016831997374538333	2.6337448559670777e-05	0.31794437766075134
319320	-3.495422	-1.399908	-0.697845	0.030336	0.318088	0.497657	-0.0017091728106606752	2.6337448559670777e-05	0.3180864751338959
319440	-3.494995	-1.399616	-0.697847	0.030349	0.318191	0.497656	-0.001735135039780289	2.6337448559670777e-05	0.3181885778903961
319560	-3.494923	-1.399425	-0.698001	0.030351	0.318264	0.497579	-0.001753863540943712	1.7558299039780518e-05	0.31826281547546387
319680	-3.495424	-1.398988	-0.696393	0.030336	0.318468	0.498380	-0.0017908371228259057	1.1705532693187011e-05	0.31846633553504944
319800	-3.495087	-1.398527	-0.695320	0.030346	0.318661	0.498915	-0.0018264325510244817	1.7558299039780518e-05	0.3186575472354889
319920	-3.495235	-1.398272	-0.694742	0.030342	0.318779	0.499203	-0.0018566884566098452	1.7558299039780518e-05	0.3187773823738098
320040	-3.495299	-1.397763	-0.693736	0.030340	0.318977	0.499706	-0.0019018009363207967	2.6337448559670777e-05	0.3189755082130432
320160	-3.496104	-1.397380	-0.693230	0.030315	0.319108	0.499959	-0.0019363586558029055	1.7558299039780518e-05	0.31910720467567444
320280	-3.496240	-1.397009	-0.692678	0.030311	0.319296	0.500235	-0.001967097434680909	1.7558299039780518e-05	0.3192938268184662
320400	-3.496355	-1.396701	-0.692419	0.030308	0.319403	0.500364	-0.001997724734246731	2.6337448559670777e-05	0.3194005787372589
320520	-3.496454	-1.396315	-0.691543	0.030305	0.319546	0.500803	-0.0020339671056717632	1.7558299039780518e-05	0.3195456862449646
320640	-3.497277	-1.396031	-0.691760	0.030280	0.319663	0.500694	-0.002059833367820829	1.7558299039780518e-05	0.3196624219417572
320760	-3.497015	-1.395794	-0.692458	0.030288	0.319730	0.500345	-0.0020783261861652136	2.6337448559670777e-05	0.31972941756248474
320880	-3.496745	-1.395590	-0.691832	0.030296	0.319810	0.500658	-0.002098274149466306	2.6337448559670777e-05	0.3198093771934509
321000	-3.496755	-1.395241	-0.690848	0.030296	0.319931	0.501151	-0.002129635284654796	2.6337448559670777e-05	0.319929301738739
321120	-3.496480	-1.394886	-0.690476	0.030304	0.320092	0.501337	-0.0021613981225527823	1.7558299039780518e-05	0.32009124755859375
321240	-3.496771	-1.394476	-0.689782	0.030295	0.320236	0.501686	-0.002198374702129513	2.6337448559670777e-05	0.3202354311943054
321360	-3.496680	-1.394293	-0.689724	0.030298	0.320312	0.501715	-0.0022132510552182794	2.6337448559670777e-05	0.32030996680259705
321480	-3.497210	-1.393898	-0.689427	0.030282	0.320463	0.501864	-0.002252381748985499	1.7558299039780518e-05	0.32046225666999817
321600	-3.498164	-1.393615	-0.689858	0.030253	0.320600	0.501647	-0.002273911563679576	3.9506172839506166e-05	0.32059866189956665
321720	-3.498252	-1.393334	-0.689371	0.030250	0.320697	0.501892	-0.0023041507578454913	1.7558299039780518e-05	0.3206973671913147
321840	-3.497541	-1.393159	-0.689268	0.030272	0.320763	0.501943	-0.002317323163151741	1.7558299039780518e-05	0.3207615911960602
321960	-3.497100	-1.392523	-0.688431	0.030285	0.320969	0.502364	-0.0023735775612294674	2.6337448559670777e-05	0.3209681212902069
322080	-3.496825	-1.392195	-0.686772	0.030293	0.321104	0.503198	-0.0024077709065750243	2.6337448559670777e-05	0.32110390067100525
322200	-3.497269	-1.392162	-0.686831	0.030280	0.321146	0.503168	-0.0024081799318082632	1.7558299039780518e-05	0.32114487886428833
322320	-3.497766	-1.391919	-0.686237	0.030265	0.321264	0.503467	-0.002430119796190411	1.1705532693187011e-05	0.3212638795375824
322440	-3.497835	-1.391831	-0.685980	0.030263	0.321309	0.503596	-0.0024390485836192966	1.7558299039780518e-05	0.32130929827690125
322560	-3.497888	-1.391416	-0.685680	0.030261	0.321456	0.503748	-0.0024720462155528367	2.6337448559670777e-05	0.3214542865753174
322680	-3.498251	-1.391061	-0.685142	0.030250	0.321621	0.504019	-0.002508985355962068	1.7558299039780518e-05	0.32162073254585266
322800	-3.497983	-1.390626	-0.683889	0.030258	0.321776	0.504651	-0.002544026076793671	2.6337448559670777e-05	0.3217744529247284
322920	-3.498686	-1.390226	-0.683651	0.030237	0.321925	0.504771	-0.0025812669191509485	1.1705532693187011e-05	0.3219243884086609
323040	-3.498588	-1.389994	-0.682760	0.030240	0.322026	0.505221	-0.002599986712448299	2.6337448559670777e-05	0.32202446460723877
323160	-3.498352	-1.389785	-0.681970	0.030247	0.322101	0.505620	-0.0026215255726128816	2.6337448559670777e-05	0.32210060954093933
323280	-3.498114	-1.389424	-0.680567	0.030254	0.322237	0.506330	-0.002654518198687583	1.7558299039780518e-05	0.32223573327064514
323400	-3.498256	-1.389289	-0.680127	0.030250	0.322310	0.506553	-0.0026689917664043604	2.6337448559670777e-05	0.3223092257976532
323520	-3.498357	-1.389199	-0.679951	0.030247	0.322361	0.506642	-0.002674948866479099	2.6337448559670777e-05	0.3223595917224884
323640	-3.498716	-1.389025	-0.679540	0.030236	0.322453	0.506850	-0.002691946551203728	2.6337448559670777e-05	0.3224519193172455
323760	-3.499167	-1.388737	-0.678642	0.030223	0.322570	0.507305	-0.00271505038253963	1.7558299039780518e-05	0.32256880402565
323880	-3.499274	-1.388233	-0.677516	0.030219	0.322764	0.507877	-0.002756926603615284	2.6337448559670777e-05	0.322761207818985
324000	-3.499665	-1.388080	-0.677062	0.030207	0.322818	0.508107	-0.0027733196737244727	1.1705532693187011e-05	0.3228176236152649
324120	-3.499516	-1.387569	-0.676719	0.030212	0.322967	0.508282	-0.0028197018313221634	1.7558299039780518e-05	0.32296469807624817
324240	-3.500066	-1.387197	-0.676165	0.030195	0.323113	0.508563	-0.00285411566728726	2.6337448559670777e-05	0.3231119215488434
324360	-3.500171	-1.386891	-0.674705	0.030192	0.323236	0.509307	-0.0028801799402572215	1.7558299039780518e-05	0.32323455810546875
324480	-3.500226	-1.386613	-0.674866	0.030191	0.323342	0.509225	-0.0029066872084513307	1.7558299039780518e-05	0.3233402669429779
324600	-3.500665	-1.386337	-0.674711	0.030177	0.323463	0.509304	-0.002933337527792901	1.7558299039780518e-05	0.32346293330192566
324720	-3.501203	-1.386048	-0.674240	0.030161	0.323608	0.509544	-0.0029567531892098486	2.6337448559670777e-05	0.3236062228679657
324840	-3.502233	-1.385776	-0.673720	0.030130	0.323747	0.509809	-0.0029797205235809086	1.1705532693187011e-05	0.32374483346939087
324960	-3.502399	-1.385590	-0.673441	0.030125	0.323817	0.509951	-0.0029983325279317797	2.6337448559670777e-05	0.3238159418106079
325080	-3.502946	-1.385236	-0.672648	0.030109	0.323996	0.510356	-0.0030312919057905673	1.1705532693187011e-05	0.3239956498146057
325200	-3.503176	-1.384972	-0.672472	0.030102	0.324095	0.510445	-0.0030559827457182108	2.6337448559670777e-05	0.3240939974784851
325320	-3.503655	-1.384535	-0.671789	0.030087	0.324278	0.510794	-0.0030905846739187836	2.6337448559670777e-05	0.3242759704589844
325440	-3.503932	-1.384160	-0.670874	0.030079	0.324435	0.511261	-0.003126488835550845	2.6337448559670777e-05	0.32443392276763916
325560	-3.504864	-1.383876	-0.670462	0.030051	0.324550	0.511472	-0.0031523051671683787	2.6337448559670777e-05	0.3245490789413452
325680	-3.505259	-1.383653	-0.669400	0.030039	0.324618	0.512016	-0.0031746582360938193	2.6337448559670777e-05	0.3246166706085205
325800	-3.505137	-1.383325	-0.669228	0.030043	0.324737	0.512104	-0.0032006061519496143	2.6337448559670777e-05	0.3247349262237549
325920	-3.506008	-1.383056	-0.668624	0.030017	0.324886	0.512413	-0.0032252724748104812	2.6337448559670777e-05	0.32488399744033813
326040	-3.505806	-1.382763	-0.668298	0.030023	0.325002	0.512580	-0.003256880445405841	1.7558299039780518e-05	0.32500317692756653
326160	-3.505282	-1.382367	-0.667362	0.030038	0.325133	0.513060	-0.0032882651314139364	1.7558299039780518e-05	0.3251325190067291
326280	-3.506016	-1.382077	-0.666851	0.030016	0.325261	0.513322	-0.003311144979670644	2.6337448559670777e-05	0.32525888085365295
326400	-3.505743	-1.381906	-0.666802	0.030024	0.325323	0.513348	-0.003327990463003516	1.7558299039780518e-05	0.3253211975097656
326520	-3.505875	-1.381369	-0.665525	0.030021	0.325534	0.514004	-0.0033792028902098537	1.7558299039780518e-05	0.3255329728126526
326640	-3.506860	-1.381107	-0.664605	0.029991	0.325699	0.514477	-0.003403487254399806	1.7558299039780518e-05	0.32569822669029236
326760	-3.507238	-1.380924	-0.664948	0.029980	0.325766	0.514300	-0.0034205357194878163	1.7558299039780518e-05	0.3257659673690796
326880	-3.507020	-1.380637	-0.665090	0.029986	0.325889	0.514227	-0.00344535963376984	2.6337448559670777e-05	0.3258877098560333
327000	-3.506404	-1.380413	-0.664746	0.030005	0.325980	0.514404	-0.0034616350196301935	2.6337448559670777e-05	0.3259776830673218
327120	-3.507132	-1.379844	-0.664465	0.029983	0.326212	0.514549	-0.003512689843773842	2.6337448559670777e-05	0.3262091875076294
327240	-3.507948	-1.379461	-0.665080	0.029958	0.326344	0.514232	-0.0035497969831340013	1.7558299039780518e-05	0.32634326815605164
327360	-3.508219	-1.379093	-0.664294	0.029950	0.326468	0.514637	-0.003582242038100958	2.6337448559670777e-05	0.32646632194519043
327480	-3.509352	-1.378730	-0.663887	0.029916	0.326620	0.514846	-0.0036150242667645216	2.6337448559670777e-05	0.3266180455684662
327600	-3.510467	-1.378459	-0.663142	0.029883	0.326748	0.515230	-0.003636930964421481	2.6337448559670777e-05	0.32674479484558105
327720	-3.510792	-1.378011	-0.662607	0.029873	0.326919	0.515506	-0.0036811579600907864	1.7558299039780518e-05	0.32691851258277893
327840	-3.511384	-1.377742	-0.662067	0.029856	0.327048	0.515784	-0.0037027057609520853	1.7558299039780518e-05	0.32704681158065796
327960	-3.511333	-1.377521	-0.662042	0.029857	0.327140	0.515797	-0.0037226391257718207	2.6337448559670777e-05	0.32713812589645386
328080	-3.511358	-1.377097	-0.661383	0.029856	0.327312	0.516137	-0.0037627025158144534	2.6337448559670777e-05	0.3273109197616577
328200	-3.511370	-1.376715	-0.661171	0.029856	0.327466	0.516246	-0.0037987127783708275	2.6337448559670777e-05	0.3274654150009155
328320	-3.510591	-1.376399	-0.661629	0.029879	0.327575	0.516010	-0.0038233288913033904	1.7558299039780518e-05	0.32757383584976196
328440	-3.509967	-1.376282	-0.661384	0.029898	0.327598	0.516136	-0.003836823895107955	1.1705532693187011e-05	0.32759737968444824
328560	-3.510309	-1.376019	-0.660766	0.029888	0.327711	0.516456	-0.003860817092936486	2.6337448559670777e-05	0.32771068811416626
328680	-3.510679	-1.375754	-0.661002	0.029877	0.327785	0.516334	-0.0038839340559206903	1.1705532693187011e-05	0.3277849853038788
328800	-3.510988	-1.375570	-0.660808	0.029867	0.327892	0.516434	-0.003901296411640942	1.1705532693187011e-05	0.3278903365135193
328920	-3.511482	-1.375151	-0.659641	0.029853	0.328083	0.517037	-0.003937407000921667	2.6337448559670777e-05	0.3280816972255707
329040	-3.511582	-1.374992	-0.658530	0.029850	0.328158	0.517611	-0.003954375651665032	1.7558299039780518e-05	0.32815784215927124
329160	-3.510870	-1.374769	-0.658892	0.029871	0.328217	0.517424	-0.003971450566314161	1.7558299039780518e-05	0.32821622490882874
329280	-3.511030	-1.374521	-0.658267	0.029866	0.328316	0.517748	-0.003996902285143733	1.7558299039780518e-05	0.32831594347953796
329400	-3.511100	-1.374184	-0.657315	0.029864	0.328437	0.518241	-0.004018941312097013	2.6337448559670777e-05	0.328434556722641
329520	-3.511545	-1.374050	-0.656350	0.029851	0.328508	0.518741	-0.004038891964592039	1.7558299039780518e-05	0.3285076320171356
329640	-3.511628	-1.373443	-0.655289	0.029848	0.328730	0.519292	-0.004087911895476281	1.1705532693187011e-05	0.3287281095981598
329760	-3.512488	-1.373275	-0.655716	0.029823	0.328804	0.519070	-0.004109861818142236	2.6337448559670777e-05	0.3288028836250305
329880	-3.512255	-1.373026	-0.655220	0.029830	0.328895	0.519328	-0.004130643722601235	2.6337448559670777e-05	0.3288942873477936
330000	-3.512479	-1.372847	-0.654979	0.029823	0.328953	0.519453	-0.004144470696337521	1.7558299039780518e-05	0.3289515972137451
330120	-3.512246	-1.372384	-0.654700	0.029830	0.329124	0.519598	-0.0041884536854922775	2.6337448559670777e-05	0.32912394404411316
330240	-3.513176	-1.372307	-0.654921	0.029802	0.329204	0.519483	-0.0041927691549062725	2.6337448559670777e-05	0.3292025923728943
330360	-3.513163	-1.372010	-0.654484	0.029803	0.329312	0.519710	-0.004219609755091369	2.6337448559670777e-05	0.32931023836135864
330480	-3.512934	-1.371745	-0.653814	0.029809	0.329406	0.520059	-0.004244083538651466	1.7558299039780518e-05	0.32940515875816345
330600	-3.513186	-1.371391	-0.653167	0.029802	0.329541	0.520395	-0.004275274532847107	1.1705532693187011e-05	0.3295395076274872
330720	-3.513309	-1.371099	-0.652447	0.029798	0.329684	0.520770	-0.004303679848089814	2.6337448559670777e-05	0.3296819031238556
330840	-3.512934	-1.370737	-0.651820	0.029809	0.329828	0.521097	-0.004330918681807816	3.9506172839506166e-05	0.3298257291316986
330960	-3.513306	-1.370435	-0.651782	0.029798	0.329976	0.521116	-0.004363203304819763	2.6337448559670777e-05	0.32997506856918335
331080	-3.513788	-1.370103	-0.651932	0.029784	0.330089	0.521038	-0.004389003664255142	1.7558299039780518e-05	0.330086886882782
331200	-3.514878	-1.369857	-0.652498	0.029751	0.330199	0.520743	-0.004411935829557479	2.6337448559670777e-05	0.3301972448825836
331320	-3.514735	-1.369704	-0.652741	0.029756	0.330267	0.520617	-0.0044293352635577325	2.6337448559670777e-05	0.33026596903800964
331440	-3.514501	-1.369416	-0.652114	0.029763	0.330375	0.520944	-0.004455106146633625	2.6337448559670777e-05	0.3303746283054352
331560	-3.515070	-1.369210	-0.651760	0.029746	0.330480	0.521128	-0.004472602601163089	2.6337448559670777e-05	0.33047887682914734
331680	-3.515499	-1.368884	-0.651137	0.029733	0.330618	0.521452	-0.004502833285368979	1.7558299039780518e-05	0.3306174874305725
331800	-3.516548	-1.368483	-0.651108	0.029702	0.330772	0.521468	-0.004538774793036282	1.7558299039780518e-05	0.3307715654373169
331920	-3.516870	-1.368081	-0.650116	0.029692	0.330951	0.521985	-0.004574247007258237	2.6337448559670777e-05	0.33094915747642517
332040	-3.517363	-1.367651	-0.649035	0.029678	0.331119	0.522550	-0.004610593523830175	2.6337448559670777e-05	0.3311172127723694
332160	-3.517351	-1.367386	-0.649640	0.029678	0.331220	0.522234	-0.004640566324815154	2.6337448559670777e-05	0.33122000098228455
332280	-3.517835	-1.367025	-0.649592	0.029664	0.331351	0.522259	-0.004669017135165631	2.6337448559670777e-05	0.33134961128234863
332400	-3.518195	-1.366780	-0.649047	0.029653	0.331458	0.522544	-0.004692290164530277	1.7558299039780518e-05	0.3314567804336548
332520	-3.517789	-1.366322	-0.649279	0.029665	0.331617	0.522422	-0.004732950404286384	1.1705532693187011e-05	0.331615686416626
332640	-3.518663	-1.365852	-0.648822	0.029639	0.331825	0.522661	-0.004770506150089204	2.6337448559670777e-05	0.33182185888290405
332760	-3.519154	-1.365527	-0.648872	0.029624	0.331953	0.522635	-0.004805056075565517	2.6337448559670777e-05	0.3319525420665741
332880	-3.518518	-1.365281	-0.647954	0.029643	0.332047	0.523115	-0.004824805003590882	1.7558299039780518e-05	0.3320457935333252
333000	-3.519459	-1.365208	-0.647499	0.029615	0.332110	0.523353	-0.004835549416020513	2.6337448559670777e-05	0.3321092426776886
333120	-3.519086	-1.364888	-0.646469	0.029627	0.332217	0.523892	-0.004861673689447343	1.7558299039780518e-05	0.33221644163131714
333240	-3.518995	-1.364485	-0.645491	0.029629	0.332363	0.524405	-0.004894600645639002	2.6337448559670777e-05	0.3323608636856079
333360	-3.518769	-1.364180	-0.644361	0.029636	0.332492	0.524998	-0.0049270746065303685	1.7558299039780518e-05	0.3324914574623108
333480	-3.518323	-1.363927	-0.643542	0.029649	0.332588	0.525428	-0.004948035185225308	2.6337448559670777e-05	0.3325866162776947
333600	-3.518445	-1.363512	-0.643732	0.029646	0.332739	0.525328	-0.004982901946641504	2.6337448559670777e-05	0.3327382206916809
333720	-3.517913	-1.363164	-0.643291	0.029661	0.332844	0.525560	-0.005017701792530716	2.6337448559670777e-05	0.3328433632850647
333840	-3.518905	-1.362878	-0.642094	0.029632	0.332965	0.526190	-0.005041299597360193	2.6337448559670777e-05	0.33296361565589905
333960	-3.519005	-1.362605	-0.641537	0.029629	0.333068	0.526483	-0.005065610120072961	2.6337448559670777e-05	0.3330659866333008
334080	-3.518964	-1.362422	-0.641194	0.029630	0.333128	0.526663	-0.005085057974793017	2.6337448559670777e-05	0.33312860131263733
334200	-3.519480	-1.362116	-0.640097	0.029615	0.333246	0.527241	-0.00510880125220865	2.6337448559670777e-05	0.3332441747188568
334320	-3.519164	-1.361848	-0.639722	0.029624	0.333341	0.527439	-0.005135419499129057	1.1705532693187011e-05	0.3333400785923004
334440	-3.519405	-1.361519	-0.639289	0.029617	0.333495	0.527668	-0.005165720032528043	2.6337448559670777e-05	0.3334943652153015
334560	-3.519313	-1.361247	-0.639366	0.029620	0.333598	0.527627	-0.0051898274570703505	2.6337448559670777e-05	0.3335975706577301
334680	-3.518607	-1.360910	-0.638255	0.029641	0.333741	0.528214	-0.0052204742329195145	2.6337448559670777e-05	0.33374014496803284
334800	-3.518832	-1.360668	-0.638359	0.029634	0.333858	0.528159	-0.005242297821678221	1.7558299039780518e-05	0.3338575065135956
334920	-3.518385	-1.360399	-0.638426	0.029647	0.333937	0.528123	-0.00526784504763782	1.7558299039780518e-05	0.3339359760284424
335040	-3.517795	-1.360139	-0.638269	0.029665	0.334015	0.528206	-0.005287203099578619	2.6337448559670777e-05	0.3340141177177429
335160	-3.518126	-1.359862	-0.637803	0.029655	0.334157	0.528452	-0.005313253519125283	2.6337448559670777e-05	0.334155797958374
335280	-3.518587	-1.359350	-0.636733	0.029641	0.334359	0.529018	-0.005358250741846859	2.6337448559670777e-05	0.33435842394828796
335400	-3.518791	-1.358883	-0.636059	0.029635	0.334538	0.529375	-0.005400807736441493	2.6337448559670777e-05	0.33453601598739624
335520	-3.518973	-1.358641	-0.635401	0.029630	0.334637	0.529723	-0.005422373069450259	1.7558299039780518e-05	0.33463534712791443
335640	-3.519389	-1.358315	-0.635545	0.029618	0.334790	0.529647	-0.005453292699530721	2.6337448559670777e-05	0.3347894251346588
335760	-3.519885	-1.358034	-0.634605	0.029603	0.334905	0.530145	-0.00547785465605557	2.6337448559670777e-05	0.334903359413147
335880	-3.520278	-1.357522	-0.634515	0.029591	0.335120	0.530193	-0.005523811024613678	1.7558299039780518e-05	0.33511754870414734
336000	-3.520877	-1.357227	-0.635303	0.029573	0.335256	0.529775	-0.005549634248018265	3.9506172839506166e-05	0.3352546989917755
336120	-3.521460	-1.356890	-0.635009	0.029556	0.335404	0.529931	-0.005581688857637346	1.7558299039780518e-05	0.33540308475494385
336240	-3.521820	-1.356703	-0.634889	0.029546	0.335468	0.529994	-0.005600000498816371	1.7558299039780518e-05	0.33546826243400574
336360	-3.522061	-1.356421	-0.634973	0.029539	0.335568	0.529950	-0.005624533910304308	2.6337448559670777e-05	0.33556607365608215
336480	-3.522781	-1.356120	-0.633761	0.029517	0.335719	0.530593	-0.005650415550917387	1.7558299039780518e-05	0.3357173502445221
336600	-3.522574	-1.355847	-0.633005	0.029523	0.335837	0.530994	-0.005674749473109841	2.6337448559670777e-05	0.3358359932899475
336720	-3.522623	-1.355498	-0.632163	0.029522	0.335980	0.531441	-0.005709086824208498	1.7558299039780518e-05	0.33597952127456665
336840	-3.522248	-1.355305	-0.632080	0.029533	0.336060	0.531485	-0.005728343105874956	2.6337448559670777e-05	0.33605995774269104
336960	-3.522104	-1.355237	-0.631961	0.029537	0.336093	0.531548	-0.005733633460476994	1.7558299039780518e-05	0.3360932469367981
337080	-3.522474	-1.355037	-0.631463	0.029526	0.336183	0.531813	-0.005750751472078264	2.6337448559670777e-05	0.33618196845054626
337200	-3.522839	-1.354748	-0.630597	0.029516	0.336329	0.532274	-0.005774446646682918	1.1705532693187011e-05	0.33632752299308777
337320	-3.523045	-1.354516	-0.630562	0.029509	0.336407	0.532293	-0.0057967060012742875	2.6337448559670777e-05	0.33640599250793457
337440	-3.523919	-1.354084	-0.630139	0.029484	0.336575	0.532518	-0.005833056266419589	2.6337448559670777e-05	0.3365737199783325
337560	-3.523935	-1.353819	-0.629192	0.029483	0.336707	0.533022	-0.005857857596129179	1.7558299039780518e-05	0.33670511841773987
337680	-3.524114	-1.353460	-0.628812	0.029478	0.336890	0.533225	-0.005892961914651096	2.6337448559670777e-05	0.33688902854919434
337800	-3.523837	-1.353218	-0.629296	0.029486	0.336991	0.532967	-0.005909217870794237	2.6337448559670777e-05	0.3369885981082916
337920	-3.523465	-1.352850	-0.628690	0.029497	0.337128	0.533290	-0.005946917575784028	1.7558299039780518e-05	0.33712831139564514
338040	-3.523504	-1.352570	-0.628499	0.029496	0.337251	0.533392	-0.005967844626866281	2.6337448559670777e-05	0.33724814653396606
338160	-3.524184	-1.352173	-0.628016	0.029476	0.337411	0.533650	-0.006007257685996592	2.6337448559670777e-05	0.33741095662117004
338280	-3.523602	-1.351588	-0.627146	0.029493	0.337596	0.534114	-0.00605667291674763	1.7558299039780518e-05	0.3375946283340454
338400	-3.523860	-1.351226	-0.626646	0.029485	0.337740	0.534381	-0.006092152465134859	2.6337448559670777e-05	0.33773937821388245
338520	-3.523218	-1.350889	-0.625843	0.029504	0.337869	0.534810	-0.006124843051657081	1.7558299039780518e-05	0.33786913752555847
338640	-3.523052	-1.350649	-0.626254	0.029509	0.337961	0.534591	-0.006143301539123058	2.6337448559670777e-05	0.3379596471786499
338760	-3.523301	-1.350434	-0.626371	0.029502	0.338062	0.534528	-0.006164317298680544	2.6337448559670777e-05	0.3380608856678009
338880	-3.522837	-1.350037	-0.625743	0.029516	0.338206	0.534864	-0.0061973593663424255	1.7558299039780518e-05	0.3382040560245514
339000	-3.523229	-1.349782	-0.625703	0.029504	0.338333	0.534885	-0.006220826786011458	2.6337448559670777e-05	0.33833080530166626
339120	-3.523040	-1.349447	-0.625004	0.029510	0.338491	0.535260	-0.00624991727527231	2.6337448559670777e-05	0.33848920464515686
339240	-3.523165	-1.349129	-0.624475	0.029506	0.338617	0.535542	-0.006280975742265582	1.7558299039780518e-05	0.33861613273620605
339360	-3.523643	-1.348925	-0.623517	0.029492	0.338718	0.536056	-0.006295836763456464	2.6337448559670777e-05	0.33871495723724365
339480	-3.523627	-1.348632	-0.622877	0.029492	0.338839	0.536399	-0.0063204712001606825	2.6337448559670777e-05	0.33883601427078247
339600	-3.523959	-1.348296	-0.622641	0.029482	0.338994	0.536526	-0.006356732756830752	2.6337448559670777e-05	0.33899378776550293
339720	-3.524076	-1.348071	-0.622851	0.029479	0.339097	0.536413	-0.006372830620966852	2.6337448559670777e-05	0.3390950858592987
339840	-3.524781	-1.347973	-0.622398	0.029458	0.339153	0.536656	-0.006385879265144468	1.7558299039780518e-05	0.33915218710899353
339960	-3.525121	-1.347697	-0.621923	0.029448	0.339299	0.536911	-0.006407607672736048	2.6337448559670777e-05	0.33929726481437683
340080	-3.525173	-1.347217	-0.621490	0.029447	0.339502	0.537144	-0.00644924296066165	2.6337448559670777e-05	0.3394988477230072
340200	-3.525528	-1.346904	-0.621266	0.029436	0.339637	0.537264	-0.0064855933422222735	2.6337448559670777e-05	0.3396379351615906
340320	-3.526162	-1.346945	-0.621189	0.029418	0.339623	0.537305	-0.006480482360348106	1.7558299039780518e-05	0.3396237790584564
340440	-3.526583	-1.346605	-0.620240	0.029405	0.339771	0.537816	-0.006510303262621165	2.6337448559670777e-05	0.33977043628692627
340560	-3.526224	-1.346322	-0.619985	0.029416	0.339860	0.537953	-0.00652971831150353	2.6337448559670777e-05	0.33985769748687744
340680	-3.526152	-1.345948	-0.619339	0.029418	0.340034	0.538300	-0.0065667609916999934	2.6337448559670777e-05	0.3400331437587738
340800	-3.525951	-1.345491	-0.619306	0.029424	0.340221	0.538318	-0.006605570670217276	2.6337448559670777e-05	0.34021875262260437
340920	-3.525628	-1.345207	-0.618987	0.029433	0.340349	0.538489	-0.0066341482102870945	1.7558299039780518e-05	0.34034743905067444
341040	-3.525975	-1.345114	-0.619161	0.029423	0.340405	0.538396	-0.006641037785448134	2.6337448559670777e-05	0.3404037654399872
341160	-3.525792	-1.344779	-0.618698	0.029428	0.340563	0.538645	-0.006667237356305122	2.6337448559670777e-05	0.34056010842323303
341280	-3.525677	-1.344482	-0.618078	0.029432	0.340681	0.538979	-0.006701622647233308	1.7558299039780518e-05	0.3406810462474823
341400	-3.525489	-1.344291	-0.618187	0.029437	0.340772	0.538921	-0.006717823026701808	1.7558299039780518e-05	0.3407707214355469
341520	-3.525927	-1.344097	-0.617759	0.029425	0.340887	0.539151	-0.006737657729536295	1.7558299039780518e-05	0.34088680148124695
341640	-3.526248	-1.343885	-0.618229	0.029415	0.341052	0.538898	-0.006752980290912092	1.7558299039780518e-05	0.3410508930683136
341760	-3.526360	-1.343380	-0.617590	0.029412	0.341250	0.539242	-0.006795478309504688	2.6337448559670777e-05	0.3412483036518097
341880	-3.526304	-1.343111	-0.616895	0.029413	0.341375	0.539618	-0.006819402775727212	2.6337448559670777e-05	0.3413727879524231
342000	-3.526444	-1.343014	-0.616489	0.029409	0.341474	0.539836	-0.0068323789862915875	1.1705532693187011e-05	0.34147316217422485
342120	-3.527107	-1.342828	-0.616869	0.029390	0.341582	0.539632	-0.006846224772743881	1.7558299039780518e-05	0.34158021211624146
342240	-3.526475	-1.342531	-0.616527	0.029408	0.341681	0.539816	-0.006873822212219239	2.6337448559670777e-05	0.34168025851249695
342360	-3.526629	-1.342196	-0.615924	0.029404	0.341821	0.540142	-0.006905118236318231	1.7558299039780518e-05	0.34181976318359375
342480	-3.526965	-1.341974	-0.615861	0.029394	0.341915	0.540176	-0.006924194633029401	1.7558299039780518e-05	0.34191352128982544
342600	-3.525772	-1.341814	-0.615359	0.029429	0.341961	0.540447	-0.006939354981295764	2.6337448559670777e-05	0.34196045994758606
342720	-3.526003	-1.341388	-0.614881	0.029422	0.342114	0.540705	-0.006977317179553211	1.7558299039780518e-05	0.3421134948730469
342840	-3.526015	-1.341132	-0.614760	0.029422	0.342237	0.540771	-0.007001360948197544	2.6337448559670777e-05	0.34223705530166626
342960	-3.526058	-1.340784	-0.614462	0.029421	0.342409	0.540932	-0.007030827295966447	2.6337448559670777e-05	0.3424077332019806
343080	-3.526192	-1.340640	-0.613342	0.029417	0.342497	0.541538	-0.007045347848907113	1.7558299039780518e-05	0.342496782541275
343200	-3.526193	-1.340350	-0.612674	0.029417	0.342621	0.541900	-0.0070674927206709984	1.7558299039780518e-05	0.3426191806793213
343320	-3.526091	-1.339867	-0.611318	0.029420	0.342783	0.542635	-0.007110807090066373	2.6337448559670777e-05	0.3427804410457611
343440	-3.525720	-1.339498	-0.610303	0.029431	0.342924	0.543186	-0.007147929561324417	2.6337448559670777e-05	0.34292376041412354
343560	-3.525761	-1.339127	-0.609468	0.029429	0.343083	0.543640	-0.007178408256731927	1.1705532693187011e-05	0.34308168292045593
343680	-3.526227	-1.338858	-0.609476	0.029416	0.343197	0.543636	-0.007206238363869489	1.7558299039780518e-05	0.34319671988487244
343800	-3.526370	-1.338691	-0.609265	0.029411	0.343283	0.543750	-0.007218152238056064	2.6337448559670777e-05	0.34328171610832214
343920	-3.526015	-1.338258	-0.608759	0.029422	0.343432	0.544025	-0.007258608704432845	1.7558299039780518e-05	0.34343141317367554
344040	-3.525681	-1.337812	-0.608647	0.029432	0.343616	0.544087	-0.007299452158622444	2.6337448559670777e-05	0.34361544251441956
344160	-3.525572	-1.337375	-0.608046	0.029435	0.343793	0.544413	-0.007336101913824678	2.6337448559670777e-05	0.34378984570503235
344280	-3.524918	-1.336798	-0.607785	0.029454	0.344053	0.544556	-0.007387599162757397	1.7558299039780518e-05	0.34405186772346497
344400	-3.524965	-1.336558	-0.607755	0.029453	0.344165	0.544572	-0.007411454804241657	2.6337448559670777e-05	0.34416353702545166
344520	-3.525468	-1.336180	-0.606932	0.029438	0.344343	0.545021	-0.0074437409173697235	2.6337448559670777e-05	0.34434157609939575
344640	-3.525424	-1.335769	-0.607118	0.029439	0.344492	0.544919	-0.00748159815557301	2.6337448559670777e-05	0.34449106454849243
344760	-3.526159	-1.335310	-0.606832	0.029418	0.344662	0.545075	-0.00752401517238468	2.6337448559670777e-05	0.3446604907512665
344880	-3.526269	-1.334909	-0.606492	0.029414	0.344818	0.545260	-0.007561644772067666	1.7558299039780518e-05	0.3448179364204407
345000	-3.526934	-1.334716	-0.606675	0.029395	0.344906	0.545161	-0.007576247723773122	1.7558299039780518e-05	0.34490451216697693
345120	-3.527296	-1.334316	-0.606167	0.029384	0.345072	0.545438	-0.007611521566286683	2.6337448559670777e-05	0.3450700342655182
345240	-3.527961	-1.333889	-0.605352	0.029365	0.345250	0.545882	-0.0076532817212864755	1.7558299039780518e-05	0.34524932503700256
345360	-3.528354	-1.333670	-0.604369	0.029353	0.345340	0.546419	-0.0076712456997483965	1.1705532693187011e-05	0.3453388214111328
345480	-3.528549	-1.333352	-0.603656	0.029347	0.345477	0.546809	-0.007699136948212981	2.6337448559670777e-05	0.3454759120941162
345600	-3.528473	-1.333193	-0.603338	0.029350	0.345546	0.546983	-0.007715094089508057	2.6337448559670777e-05	0.3455449938774109
345720	-3.528580	-1.332842	-0.602237	0.029347	0.345700	0.547585	-0.007743908488191664	1.7558299039780518e-05	0.3456980288028717
345840	-3.528812	-1.332617	-0.601606	0.029340	0.345804	0.547931	-0.007767582824453711	1.7558299039780518e-05	0.3458034098148346
345960	-3.529740	-1.332390	-0.600621	0.029313	0.345917	0.548471	-0.007783964555710554	2.6337448559670777e-05	0.34591394662857056
346080	-3.529765	-1.331825	-0.600231	0.029312	0.346141	0.548685	-0.007840445451438426	2.6337448559670777e-05	0.34614142775535583
346200	-3.530095	-1.331599	-0.599695	0.029302	0.346240	0.548979	-0.007857169397175312	2.6337448559670777e-05	0.3462390899658203
346320	-3.531238	-1.331244	-0.598878	0.029269	0.346385	0.549428	-0.007887788023799658	1.1705532693187011e-05	0.3463838994503021
346440	-3.531590	-1.330948	-0.598450	0.029258	0.346494	0.549663	-0.00791444038040936	2.6337448559670777e-05	0.3464919626712799
346560	-3.532468	-1.330649	-0.598136	0.029233	0.346621	0.549835	-0.007944494718685746	2.6337448559670777e-05	0.34662094712257385
346680	-3.532179	-1.330393	-0.597683	0.029241	0.346743	0.550085	-0.007966649252921343	2.6337448559670777e-05	0.34674158692359924
346800	-3.532280	-1.330024	-0.597647	0.029238	0.346901	0.550104	-0.008000250114127994	2.6337448559670777e-05	0.34689992666244507
346920	-3.532431	-1.329570	-0.596865	0.029234	0.347069	0.550535	-0.008040701039135456	2.6337448559670777e-05	0.34706902503967285
347040	-3.532577	-1.329116	-0.595108	0.029229	0.347248	0.551503	-0.008079492626711727	2.6337448559670777e-05	0.34724584221839905
347160	-3.532951	-1.328952	-0.594988	0.029219	0.347307	0.551569	-0.00809871698729694	2.6337448559670777e-05	0.3473075330257416
347280	-3.533077	-1.328557	-0.594337	0.029215	0.347487	0.551928	-0.008130922261625529	2.6337448559670777e-05	0.34748512506484985
347400	-3.533733	-1.328391	-0.593809	0.029196	0.347610	0.552220	-0.008145342906937003	1.7558299039780518e-05	0.347608745098114
347520	-3.534551	-1.327922	-0.593661	0.029172	0.347818	0.552301	-0.008189702685922385	2.6337448559670777e-05	0.347817599773407
347640	-3.535163	-1.327500	-0.592735	0.029154	0.348047	0.552813	-0.008227735385298729	1.7558299039780518e-05	0.34804627299308777
347760	-3.534761	-1.327048	-0.592623	0.029166	0.348226	0.552875	-0.008262212248519063	2.6337448559670777e-05	0.34822288155555725
347880	-3.535399	-1.326556	-0.591967	0.029147	0.348420	0.553238	-0.00831215400248766	1.7558299039780518e-05	0.34841880202293396
348000	-3.536380	-1.326470	-0.591444	0.029119	0.348484	0.553527	-0.00832193628884852	2.6337448559670777e-05	0.348483145236969
348120	-3.536901	-1.326493	-0.590765	0.029103	0.348497	0.553904	-0.008318644156679511	1.7558299039780518e-05	0.3484964668750763
348240	-3.537402	-1.326111	-0.590871	0.029089	0.348640	0.553845	-0.008347622444853186	2.6337448559670777e-05	0.34863677620887756
348360	-3.537187	-1.325837	-0.590867	0.029095	0.348709	0.553847	-0.008375340886414052	2.6337448559670777e-05	0.3487074375152588
348480	-3.537951	-1.325637	-0.590305	0.029073	0.348802	0.554158	-0.008395116170868277	2.6337448559670777e-05	0.3488016128540039
348600	-3.537925	-1.325344	-0.589388	0.029074	0.348896	0.554666	-0.00841490444727242	1.7558299039780518e-05	0.34889283776283264
348720	-3.538236	-1.324728	-0.589013	0.029065	0.349129	0.554874	-0.008473380049690605	2.6337448559670777e-05	0.3491268455982208
348840	-3.538429	-1.324185	-0.589064	0.029059	0.349343	0.554847	-0.008524025138467551	2.6337448559670777e-05	0.34934189915657043
348960	-3.538321	-1.323905	-0.588704	0.029062	0.349428	0.555046	-0.008550939755514264	1.7558299039780518e-05	0.34942689538002014
349080	-3.538021	-1.323610	-0.587200	0.029071	0.349556	0.555882	-0.008574806479737162	2.6337448559670777e-05	0.3495534360408783
349200	-3.538168	-1.323228	-0.585875	0.029067	0.349703	0.556618	-0.008609089674428106	2.6337448559670777e-05	0.34970155358314514
349320	-3.538236	-1.322951	-0.585798	0.029065	0.349761	0.556661	-0.00863631027750671	2.6337448559670777e-05	0.34975960850715637
349440	-3.538500	-1.322479	-0.585203	0.029057	0.349951	0.556993	-0.008678046241402625	1.7558299039780518e-05	0.3499501645565033
349560	-3.539147	-1.322300	-0.584974	0.029038	0.350019	0.557120	-0.00869552232325077	2.6337448559670777e-05	0.3500189483165741
349680	-3.539104	-1.322003	-0.584402	0.029039	0.350168	0.557439	-0.008721062401309609	1.7558299039780518e-05	0.3501669466495514
349800	-3.539129	-1.321656	-0.584149	0.029039	0.350309	0.557580	-0.008750240178778767	1.7558299039780518e-05	0.3503071367740631
349920	-3.539333	-1.321328	-0.583833	0.029033	0.350423	0.557757	-0.008783418871462344	1.7558299039780518e-05	0.35042232275009155
350040	-3.538711	-1.321092	-0.583143	0.029051	0.350500	0.558141	-0.008800425194203853	1.7558299039780518e-05	0.35049811005592346
350160	-3.539566	-1.320780	-0.583293	0.029026	0.350632	0.558058	-0.00882690683938563	2.6337448559670777e-05	0.3506290316581726
350280	-3.539665	-1.320475	-0.582488	0.029023	0.350774	0.558507	-0.00885769068263471	2.6337448559670777e-05	0.3507715165615082
350400	-3.539914	-1.320243	-0.581538	0.029016	0.350866	0.559038	-0.008884090557694435	1.7558299039780518e-05	0.35086560249328613
350520	-3.539698	-1.319940	-0.581611	0.029022	0.351003	0.558997	-0.008907651202753187	2.6337448559670777e-05	0.3510024845600128
350640	-3.539806	-1.319579	-0.581520	0.029019	0.351155	0.559048	-0.008939315332099795	1.7558299039780518e-05	0.3511536121368408
350760	-3.539748	-1.319395	-0.581018	0.029021	0.351230	0.559329	-0.008956662518903613	1.7558299039780518e-05	0.35122865438461304
350880	-3.541041	-1.319183	-0.580385	0.028983	0.351341	0.559683	-0.008976336801424623	2.6337448559670777e-05	0.3513408303260803
351000	-3.540933	-1.318798	-0.580608	0.028986	0.351486	0.559558	-0.009008852392435074	2.6337448559670777e-05	0.351484477519989
351120	-3.540280	-1.318339	-0.580183	0.029005	0.351659	0.559796	-0.009049661504104734	2.6337448559670777e-05	0.35165703296661377
351240	-3.540257	-1.318265	-0.580291	0.029006	0.351698	0.559735	-0.009058516146615148	2.6337448559670777e-05	0.35169756412506104
351360	-3.540417	-1.317802	-0.580316	0.029001	0.351900	0.559721	-0.009096211148425936	1.7558299039780518e-05	0.3518984317779541
351480	-3.540259	-1.317484	-0.580325	0.029006	0.352012	0.559717	-0.009130300115793943	1.1705532693187011e-05	0.35201171040534973
351600	-3.540339	-1.317251	-0.580554	0.029004	0.352120	0.559588	-0.00914837997406721	2.6337448559670777e-05	0.3521179258823395
351720	-3.540895	-1.316703	-0.579816	0.028987	0.352333	0.560001	-0.00919749103486538	2.6337448559670777e-05	0.35233110189437866
351840	-3.540877	-1.316300	-0.579305	0.028988	0.352465	0.560287	-0.009234216855838894	1.7558299039780518e-05	0.35246387124061584
351960	-3.541019	-1.315961	-0.578479	0.028984	0.352608	0.560751	-0.009266164526343346	1.7558299039780518e-05	0.35260650515556335
352080	-3.541392	-1.315646	-0.578069	0.028973	0.352752	0.560980	-0.009292742190882563	1.7558299039780518e-05	0.3527502119541168
352200	-3.542914	-1.315266	-0.577424	0.028929	0.352945	0.561342	-0.009328591451048852	2.6337448559670777e-05	0.35294309258461
352320	-3.543584	-1.314865	-0.576827	0.028910	0.353158	0.561678	-0.00936268623918295	1.7558299039780518e-05	0.35315680503845215
352440	-3.543734	-1.314502	-0.575991	0.028905	0.353271	0.562147	-0.009392779599875212	2.6337448559670777e-05	0.35326799750328064
352560	-3.544503	-1.314145	-0.576515	0.028883	0.353402	0.561853	-0.009428348671644927	1.7558299039780518e-05	0.3534008264541626
352680	-3.544778	-1.313790	-0.575528	0.028875	0.353559	0.562408	-0.009462175983935594	2.6337448559670777e-05	0.35355839133262634
352800	-3.544970	-1.313416	-0.575393	0.028869	0.353714	0.562484	-0.009492152743041516	2.6337448559670777e-05	0.35371318459510803
352920	-3.546258	-1.313135	-0.574342	0.028832	0.353870	0.563075	-0.009515228355303407	1.7558299039780518e-05	0.35386770963668823
353040	-3.546860	-1.312781	-0.573798	0.028815	0.354042	0.563382	-0.009554774779826403	1.7558299039780518e-05	0.354042112827301
353160	-3.546534	-1.312555	-0.573513	0.028824	0.354112	0.563542	-0.009570432035252452	2.6337448559670777e-05	0.35411056876182556
353280	-3.546558	-1.311994	-0.573005	0.028824	0.354333	0.563829	-0.009620717633515597	2.6337448559670777e-05	0.3543313145637512
353400	-3.546743	-1.311699	-0.573389	0.028818	0.354422	0.563612	-0.00965012894012034	1.7558299039780518e-05	0.35442063212394714
353520	-3.547558	-1.311661	-0.573908	0.028795	0.354465	0.563320	-0.009651641221717	2.6337448559670777e-05	0.3544639050960541
353640	-3.547447	-1.311107	-0.572184	0.028798	0.354707	0.564292	-0.009701994759961963	1.7558299039780518e-05	0.3547061085700989
353760	-3.548204	-1.311053	-0.572488	0.028776	0.354755	0.564120	-0.009710097592324019	1.7558299039780518e-05	0.35475513339042664
353880	-3.548869	-1.311061	-0.572345	0.028757	0.354798	0.564201	-0.009708443703129888	1.1705532693187011e-05	0.3547966182231903
354000	-3.548969	-1.310827	-0.572124	0.028754	0.354907	0.564326	-0.009727276675403119	2.6337448559670777e-05	0.35490646958351135
354120	-3.549451	-1.310424	-0.572182	0.028740	0.355111	0.564293	-0.0097613544203341	1.7558299039780518e-05	0.35510820150375366
354240	-3.550643	-1.310100	-0.571966	0.028706	0.355283	0.564415	-0.009793800860643386	2.6337448559670777e-05	0.3552813231945038
354360	-3.550591	-1.309754	-0.570496	0.028708	0.355446	0.565245	-0.009822310926392675	2.6337448559670777e-05	0.3554448187351227
354480	-3.550488	-1.309361	-0.569729	0.028711	0.355610	0.565678	-0.00985767664387822	1.7558299039780518e-05	0.35560891032218933
354600	-3.550342	-1.308893	-0.570192	0.028715	0.355797	0.565417	-0.009901017136871814	1.1705532693187011e-05	0.355796217918396
354720	-3.550425	-1.308550	-0.569777	0.028712	0.355945	0.565651	-0.009933625394478441	2.6337448559670777e-05	0.3559443950653076
354840	-3.550862	-1.308365	-0.570006	0.028700	0.356028	0.565522	-0.009949443582445382	2.6337448559670777e-05	0.35602641105651855
354960	-3.551196	-1.308067	-0.569344	0.028690	0.356164	0.565896	-0.009980681026354432	3.9506172839506166e-05	0.3561647832393646
355080	-3.552214	-1.307893	-0.568798	0.028661	0.356268	0.566206	-0.009991916315630078	1.7558299039780518e-05	0.3562663495540619
355200	-3.552056	-1.307729	-0.568875	0.028666	0.356359	0.566162	-0.010007831873372197	2.6337448559670777e-05	0.3563588559627533
355320	-3.552342	-1.307238	-0.568295	0.028657	0.356578	0.566491	-0.010045272065326571	2.6337448559670777e-05	0.3565730154514313
355440	-3.552217	-1.306970	-0.569810	0.028661	0.356654	0.565633	-0.010075992764905095	1.7558299039780518e-05	0.35665351152420044
355560	-3.552580	-1.306798	-0.569172	0.028651	0.356746	0.565994	-0.010090245585888623	2.6337448559670777e-05	0.35674384236335754
355680	-3.552932	-1.306491	-0.567938	0.028641	0.356883	0.566692	-0.010120542719960213	2.6337448559670777e-05	0.3568829894065857
355800	-3.553226	-1.306163	-0.567555	0.028632	0.357025	0.566910	-0.010148977721109986	2.6337448559670777e-05	0.35702425241470337
355920	-3.554399	-1.305640	-0.566956	0.028599	0.357252	0.567250	-0.010191453155130148	2.6337448559670777e-05	0.35725000500679016
356040	-3.554928	-1.305474	-0.565882	0.028583	0.357328	0.567859	-0.01021026805974543	2.6337448559670777e-05	0.35732728242874146
356160	-3.556150	-1.305243	-0.566109	0.028549	0.357447	0.567730	-0.010230349702760577	1.7558299039780518e-05	0.3574460446834564
356280	-3.556567	-1.305160	-0.566206	0.028537	0.357479	0.567675	-0.010239129420369864	1.7558299039780518e-05	0.3574790954589844
356400	-3.557416	-1.304878	-0.566429	0.028512	0.357611	0.567549	-0.010262285685166716	1.7558299039780518e-05	0.35760968923568726
356520	-3.558384	-1.304716	-0.566647	0.028485	0.357707	0.567425	-0.010277763940393925	1.7558299039780518e-05	0.35770636796951294
356640	-3.558737	-1.304422	-0.566496	0.028475	0.357833	0.567511	-0.01030399724841118	1.7558299039780518e-05	0.3578314483165741
356760	-3.557953	-1.304138	-0.566011	0.028497	0.357955	0.567786	-0.010330936033278703	1.7558299039780518e-05	0.3579539954662323
356880	-3.558785	-1.303985	-0.565560	0.028473	0.358085	0.568042	-0.010342739475890993	1.7558299039780518e-05	0.3580828309059143
357000	-3.559080	-1.303800	-0.564889	0.028465	0.358186	0.568423	-0.010363866807892919	2.6337448559670777e-05	0.3581855595111847
357120	-3.559072	-1.303377	-0.564642	0.028465	0.358362	0.568564	-0.010397976310923696	1.1705532693187011e-05	0.35836145281791687
357240	-3.558894	-1.303186	-0.564233	0.028470	0.358419	0.568796	-0.01041510091163218	2.6337448559670777e-05	0.35841789841651917
357360	-3.558707	-1.302899	-0.563512	0.028476	0.358540	0.569206	-0.01044240789487958	2.6337448559670777e-05	0.3585394024848938
357480	-3.558869	-1.302678	-0.562859	0.028471	0.358659	0.569578	-0.010460303723812103	1.7558299039780518e-05	0.3586573004722595
357600	-3.558673	-1.302333	-0.562710	0.028477	0.358830	0.569663	-0.01049231579527259	2.6337448559670777e-05	0.35882753133773804
357720	-3.557923	-1.301927	-0.562001	0.028498	0.359005	0.570067	-0.01052805334329605	1.7558299039780518e-05	0.3590029776096344
357840	-3.558053	-1.301494	-0.561179	0.028494	0.359190	0.570536	-0.01056514699012041	2.6337448559670777e-05	0.35918787121772766
357960	-3.558201	-1.301089	-0.560387	0.028490	0.359340	0.570988	-0.010603388072922826	1.1705532693187011e-05	0.35933783650398254
358080	-3.558351	-1.300853	-0.559987	0.028486	0.359454	0.571216	-0.010624634753912687	2.6337448559670777e-05	0.35945332050323486
358200	-3.557891	-1.300493	-0.560622	0.028499	0.359577	0.570854	-0.010658246604725719	2.6337448559670777e-05	0.3595768213272095
358320	-3.557621	-1.300159	-0.560205	0.028507	0.359727	0.571092	-0.010687838215380907	2.6337448559670777e-05	0.35972505807876587
358440	-3.557302	-1.299857	-0.560081	0.028516	0.359830	0.571163	-0.010717529570683837	2.6337448559670777e-05	0.3598307967185974
358560	-3.557334	-1.299404	-0.559440	0.028515	0.360033	0.571529	-0.010755717987194657	2.6337448559670777e-05	0.3600315749645233
358680	-3.558153	-1.299047	-0.558651	0.028491	0.360192	0.571980	-0.01078929789364338	2.6337448559670777e-05	0.36019209027290344
358800	-3.558979	-1.299039	-0.558774	0.028468	0.360202	0.571910	-0.010788435162976385	1.7558299039780518e-05	0.36020106077194214
358920	-3.559274	-1.298880	-0.558247	0.028459	0.360287	0.572212	-0.010803902382031083	1.7558299039780518e-05	0.36028677225112915
359040	-3.560133	-1.298519	-0.557513	0.028435	0.360482	0.572631	-0.010837004287168384	2.6337448559670777e-05	0.360481321811676
359160	-3.560283	-1.298105	-0.556458	0.028431	0.360666	0.573236	-0.01087111234664917	2.6337448559670777e-05	0.3606645166873932
359280	-3.560752	-1.297759	-0.555884	0.028417	0.360847	0.573565	-0.010902847908437253	2.6337448559670777e-05	0.3608449101448059
359400	-3.560291	-1.297434	-0.554697	0.028431	0.360960	0.574246	-0.010936410678550602	1.7558299039780518e-05	0.3609605133533478
359520	-3.561311	-1.297212	-0.553746	0.028402	0.361064	0.574793	-0.01094987946562469	2.6337448559670777e-05	0.3610614240169525
359640	-3.561544	-1.296953	-0.553034	0.028395	0.361215	0.575202	-0.010977726615965366	1.7558299039780518e-05	0.361213356256485
359760	-3.562398	-1.296707	-0.551908	0.028371	0.361367	0.575850	-0.010998523700982333	1.7558299039780518e-05	0.36136648058891296
359880	-3.562435	-1.296439	-0.551349	0.028370	0.361503	0.576172	-0.011019734479486943	2.6337448559670777e-05	0.3615003526210785
360000	-3.562528	-1.296212	-0.550274	0.028367	0.361641	0.576792	-0.011046308651566505	1.7558299039780518e-05	0.3616410493850708
360120	-3.562579	-1.295907	-0.550477	0.028366	0.361766	0.576675	-0.011067087948322295	2.6337448559670777e-05	0.3617634177207947
360240	-3.562448	-1.295581	-0.549920	0.028369	0.361917	0.576996	-0.011100864550098778	2.6337448559670777e-05	0.3619174361228943
360360	-3.562484	-1.295329	-0.549156	0.028368	0.362055	0.577437	-0.01112071075476706	2.6337448559670777e-05	0.36205342411994934
360480	-3.562163	-1.295088	-0.549373	0.028377	0.362150	0.577312	-0.011144664185121656	2.6337448559670777e-05	0.36214956641197205
360600	-3.562742	-1.294756	-0.549055	0.028361	0.362273	0.577495	-0.01117795710451901	2.6337448559670777e-05	0.36227431893348694
360720	-3.563594	-1.294566	-0.548436	0.028337	0.362375	0.577853	-0.011194387124851346	2.6337448559670777e-05	0.3623737394809723
360840	-3.563749	-1.294155	-0.547889	0.028332	0.362587	0.578169	-0.011225978238508105	2.6337448559670777e-05	0.3625839352607727
360960	-3.564407	-1.293894	-0.547991	0.028314	0.362707	0.578110	-0.011250669928267598	2.6337448559670777e-05	0.36270537972450256
361080	-3.565215	-1.293756	-0.547505	0.028291	0.362809	0.578391	-0.011264042835682631	1.1705532693187011e-05	0.3628078103065491
361200	-3.565398	-1.293439	-0.546968	0.028286	0.362953	0.578702	-0.011288174940273166	2.6337448559670777e-05	0.36295032501220703
361320	-3.565693	-1.293105	-0.546873	0.028277	0.363076	0.578757	-0.011321576498448848	2.6337448559670777e-05	0.36307409405708313
361440	-3.565521	-1.293029	-0.546722	0.028282	0.363102	0.578844	-0.011331919161602855	2.6337448559670777e-05	0.3631021976470947
361560	-3.565469	-1.292490	-0.546293	0.028284	0.363333	0.579092	-0.011375848995521664	1.7558299039780518e-05	0.3633321523666382
361680	-3.565444	-1.292197	-0.544799	0.028284	0.363469	0.579958	-0.011405826220288873	2.6337448559670777e-05	0.36346888542175293
361800	-3.565567	-1.292028	-0.544475	0.028281	0.363572	0.580146	-0.011421213950961828	2.6337448559670777e-05	0.363570898771286
361920	-3.566001	-1.291849	-0.544403	0.028269	0.363645	0.580188	-0.011436388501897455	1.7558299039780518e-05	0.3636443614959717
362040	-3.566247	-1.291637	-0.544140	0.028262	0.363732	0.580341	-0.011452736519277095	1.7558299039780518e-05	0.36372944712638855
362160	-3.566362	-1.291193	-0.542561	0.028258	0.363951	0.581258	-0.011488560447469353	2.6337448559670777e-05	0.36394667625427246
362280	-3.566036	-1.290733	-0.541430	0.028268	0.364171	0.581916	-0.011531537864357233	1.7558299039780518e-05	0.3641679883003235
362400	-3.566679	-1.290375	-0.541239	0.028250	0.364365	0.582027	-0.011566717363893985	1.7558299039780518e-05	0.364362895488739
362520	-3.567584	-1.290169	-0.541221	0.028224	0.364473	0.582037	-0.011586159467697144	1.7558299039780518e-05	0.36447086930274963
362640	-3.568263	-1.289797	-0.540545	0.028205	0.364644	0.582431	-0.011617537867277861	2.6337448559670777e-05	0.36464208364486694
362760	-3.568287	-1.289436	-0.540253	0.028204	0.364776	0.582601	-0.011649125954136252	2.6337448559670777e-05	0.36477380990982056
362880	-3.568487	-1.289190	-0.539720	0.028198	0.364897	0.582911	-0.011674754694104195	1.7558299039780518e-05	0.3648957312107086
363000	-3.568861	-1.288872	-0.539120	0.028188	0.365042	0.583261	-0.011700852401554584	2.6337448559670777e-05	0.3650394380092621
363120	-3.569032	-1.288529	-0.538083	0.028183	0.365217	0.583866	-0.01173310042358935	2.6337448559670777e-05	0.36521533131599426
363240	-3.569582	-1.288250	-0.537982	0.028168	0.365325	0.583925	-0.011759706260636448	2.6337448559670777e-05	0.36532527208328247
363360	-3.570435	-1.287802	-0.537274	0.028144	0.365513	0.584339	-0.011800937913358211	2.6337448559670777e-05	0.3655124306678772
363480	-3.570902	-1.287549	-0.536898	0.028130	0.365647	0.584559	-0.011824706476181746	2.6337448559670777e-05	0.36564695835113525
363600	-3.571762	-1.287148	-0.536788	0.028106	0.365821	0.584623	-0.011853355169296264	2.6337448559670777e-05	0.36581623554229736
363720	-3.572616	-1.287094	-0.535874	0.028082	0.365912	0.585158	-0.011864844802767038	1.7558299039780518e-05	0.36591145396232605
363840	-3.572581	-1.286857	-0.535254	0.028083	0.366024	0.585521	-0.011885711643844842	1.1705532693187011e-05	0.36602306365966797
363960	-3.572607	-1.286590	-0.534946	0.028083	0.366130	0.585701	-0.01190922032110393	1.7558299039780518e-05	0.3661288321018219
364080	-3.573005	-1.286453	-0.534514	0.028071	0.366207	0.585954	-0.01192176789045334	2.6337448559670777e-05	0.36620521545410156
364200	-3.573408	-1.286208	-0.534346	0.028060	0.366324	0.586052	-0.011942744487896562	2.6337448559670777e-05	0.36632248759269714
364320	-3.574480	-1.286044	-0.534566	0.028030	0.366399	0.585923	-0.011957558896392584	2.6337448559670777e-05	0.36639803647994995
364440	-3.574483	-1.285735	-0.534670	0.028030	0.366545	0.585862	-0.011983773997053504	2.6337448559670777e-05	0.3665435314178467
364560	-3.575181	-1.285501	-0.534019	0.028010	0.366696	0.586244	-0.01201064777560532	2.6337448559670777e-05	0.36669600009918213
364680	-3.575219	-1.285199	-0.533530	0.028009	0.366845	0.586531	-0.012034144811332225	1.1705532693187011e-05	0.36684340238571167
364800	-3.575762	-1.285105	-0.533116	0.027994	0.366926	0.586774	-0.012044958444312215	1.1705532693187011e-05	0.36692509055137634
364920	-3.576059	-1.284729	-0.531894	0.027986	0.367115	0.587491	-0.01207754760980606	2.6337448559670777e-05	0.3671139180660248
365040	-3.576860	-1.284451	-0.531333	0.027963	0.367259	0.587821	-0.012101816525682808	2.6337448559670777e-05	0.3672579228878021
365160	-3.576967	-1.284172	-0.531330	0.027960	0.367354	0.587823	-0.012128827162086964	1.7558299039780518e-05	0.36735355854034424
365280	-3.576700	-1.283958	-0.531054	0.027968	0.367431	0.587985	-0.012148050218820572	2.6337448559670777e-05	0.36743128299713135
365400	-3.577034	-1.283763	-0.531059	0.027959	0.367524	0.587982	-0.012163638463243842	2.6337448559670777e-05	0.36752256751060486
365520	-3.577735	-1.283639	-0.529928	0.027939	0.367603	0.588647	-0.012179243564605712	1.7558299039780518e-05	0.3676036596298218
365640	-3.578013	-1.283349	-0.530001	0.027931	0.367761	0.588604	-0.012199505232274532	1.7558299039780518e-05	0.36776041984558105
365760	-3.577856	-1.282970	-0.529651	0.027936	0.367889	0.588810	-0.01223507490940392	2.6337448559670777e-05	0.36788785457611084
365880	-3.577904	-1.282340	-0.528899	0.027934	0.368159	0.589254	-0.012283607618883252	2.6337448559670777e-05	0.3681546747684479
366000	-3.578161	-1.281619	-0.528007	0.027927	0.368464	0.589779	-0.012351951934397221	2.6337448559670777e-05	0.3684608042240143
366120	-3.578247	-1.281298	-0.528111	0.027925	0.368627	0.589718	-0.012384009454399348	2.6337448559670777e-05	0.368625670671463
366240	-3.579032	-1.280995	-0.527654	0.027903	0.368767	0.589987	-0.012414164748042822	1.7558299039780518e-05	0.3687664568424225
366360	-3.579058	-1.280637	-0.527741	0.027902	0.368932	0.589936	-0.012445566430687904	1.7558299039780518e-05	0.36893150210380554
366480	-3.579367	-1.280343	-0.527651	0.027893	0.369078	0.589989	-0.012469864450395107	2.6337448559670777e-05	0.3690764605998993
366600	-3.579391	-1.279949	-0.528061	0.027893	0.369242	0.589747	-0.012507230881601572	1.7558299039780518e-05	0.3692416846752167
366720	-3.579598	-1.279559	-0.526778	0.027887	0.369416	0.590504	-0.01254024701192975	2.6337448559670777e-05	0.3694142699241638
366840	-3.579119	-1.279368	-0.526119	0.027900	0.369483	0.590894	-0.012560484325513243	1.7558299039780518e-05	0.3694820702075958
366960	-3.579650	-1.279270	-0.527283	0.027885	0.369534	0.590206	-0.012570217624306679	1.1705532693187011e-05	0.3695341646671295
367080	-3.579704	-1.279001	-0.527450	0.027884	0.369674	0.590108	-0.012592679122462869	2.6337448559670777e-05	0.3696728050708771
367200	-3.580172	-1.278864	-0.527359	0.027871	0.369755	0.590162	-0.012603552453219891	2.6337448559670777e-05	0.36975255608558655
367320	-3.580892	-1.278615	-0.526747	0.027851	0.369882	0.590523	-0.012625381210818886	1.7558299039780518e-05	0.36987993121147156
367440	-3.581663	-1.278011	-0.526160	0.027829	0.370135	0.590870	-0.012676558736711741	1.7558299039780518e-05	0.37013208866119385
367560	-3.582030	-1.277870	-0.526514	0.027819	0.370227	0.590660	-0.012696587480604649	1.1705532693187011e-05	0.37022697925567627
367680	-3.582090	-1.277623	-0.526669	0.027818	0.370351	0.590569	-0.01271780119277537	1.7558299039780518e-05	0.3703509569168091
367800	-3.582117	-1.277287	-0.526211	0.027817	0.370503	0.590840	-0.012745199631899596	1.7558299039780518e-05	0.370500773191452
367920	-3.581985	-1.277080	-0.526086	0.027820	0.370598	0.590914	-0.012763226917013527	1.7558299039780518e-05	0.37059593200683594
368040	-3.582352	-1.276821	-0.525910	0.027810	0.370731	0.591018	-0.012789549864828586	2.6337448559670777e-05	0.3707302510738373
368160	-3.582262	-1.276389	-0.525937	0.027813	0.370886	0.591001	-0.012824756186455488	1.1705532693187011e-05	0.37088507413864136
368280	-3.584174	-1.276023	-0.525394	0.027760	0.371079	0.591323	-0.012861247081309557	2.6337448559670777e-05	0.37107783555984497
368400	-3.585079	-1.275797	-0.525884	0.027734	0.371186	0.591032	-0.01288026375696063	2.6337448559670777e-05	0.3711853623390198
368520	-3.585906	-1.275502	-0.526232	0.027712	0.371312	0.590827	-0.012903393199667334	2.6337448559670777e-05	0.37130942940711975
368640	-3.586569	-1.275220	-0.526216	0.027693	0.371441	0.590836	-0.012931670993566513	2.6337448559670777e-05	0.37144070863723755
368760	-3.586857	-1.274872	-0.525800	0.027685	0.371585	0.591083	-0.012962114857509732	2.6337448559670777e-05	0.3715822100639343
368880	-3.587073	-1.274649	-0.525756	0.027679	0.371697	0.591109	-0.012981630675494672	2.6337448559670777e-05	0.3716956675052643
369000	-3.587124	-1.274421	-0.525939	0.027678	0.371777	0.591000	-0.013006605114787817	2.6337448559670777e-05	0.3717767298221588
369120	-3.587094	-1.274075	-0.526076	0.027679	0.371905	0.590919	-0.013033784832805395	2.6337448559670777e-05	0.37190327048301697
369240	-3.587254	-1.273629	-0.526288	0.027674	0.372090	0.590794	-0.013072795327752828	2.6337448559670777e-05	0.3720863461494446
369360	-3.588119	-1.273400	-0.525496	0.027650	0.372226	0.591262	-0.013097644038498401	1.7558299039780518e-05	0.3722247779369354
369480	-3.588455	-1.273133	-0.525519	0.027641	0.372358	0.591248	-0.013120416412129998	2.6337448559670777e-05	0.3723571002483368
369600	-3.588662	-1.273044	-0.525208	0.027635	0.372398	0.591432	-0.0131291882134974	1.7558299039780518e-05	0.3723972737789154
369720	-3.588913	-1.272700	-0.524907	0.027628	0.372539	0.591610	-0.01315781967714429	1.7558299039780518e-05	0.3725374639034271
369840	-3.589082	-1.272457	-0.523517	0.027624	0.372648	0.592434	-0.013179351901635527	2.6337448559670777e-05	0.37264665961265564
369960	-3.589924	-1.272291	-0.523169	0.027600	0.372746	0.592639	-0.013196270819753409	2.6337448559670777e-05	0.37274613976478577
370080	-3.590494	-1.272120	-0.523516	0.027585	0.372795	0.592434	-0.013214113004505635	2.6337448559670777e-05	0.37279510498046875
370200	-3.590481	-1.271632	-0.522618	0.027585	0.373027	0.592966	-0.013254941906780005	1.7558299039780518e-05	0.3730264902114868
370320	-3.589823	-1.271188	-0.521578	0.027603	0.373221	0.593583	-0.013294599065557123	2.6337448559670777e-05	0.3732199966907501
370440	-3.590019	-1.270817	-0.521370	0.027598	0.373406	0.593707	-0.013323542568832636	3.9506172839506166e-05	0.3734017014503479
370560	-3.591523	-1.270522	-0.520202	0.027556	0.373586	0.594400	-0.013354559522122144	2.6337448559670777e-05	0.37358400225639343
370680	-3.592353	-1.270338	-0.519690	0.027533	0.373736	0.594705	-0.013369635958224536	2.6337448559670777e-05	0.3737342655658722
370800	-3.592517	-1.270207	-0.519888	0.027529	0.373778	0.594587	-0.013384193275123834	1.7558299039780518e-05	0.37377721071243286
370920	-3.592854	-1.270071	-0.520526	0.027520	0.373867	0.594208	-0.013397799991071224	2.6337448559670777e-05	0.37386685609817505
371040	-3.593689	-1.269926	-0.520945	0.027497	0.373971	0.593959	-0.01340962271206081	2.6337448559670777e-05	0.37396982312202454
371160	-3.593517	-1.269425	-0.520334	0.027501	0.374166	0.594322	-0.01345153572037816	2.6337448559670777e-05	0.37416550517082214
371280	-3.593305	-1.269290	-0.521149	0.027507	0.374241	0.593838	-0.013465224299579859	2.6337448559670777e-05	0.3742390275001526
371400	-3.594039	-1.269014	-0.521015	0.027487	0.374364	0.593917	-0.013491549342870713	1.7558299039780518e-05	0.3743632435798645
371520	-3.594451	-1.268914	-0.520419	0.027476	0.374455	0.594272	-0.01350315036252141	2.6337448559670777e-05	0.37445417046546936
371640	-3.594229	-1.268682	-0.520300	0.027482	0.374553	0.594342	-0.013523444021120667	1.7558299039780518e-05	0.37455371022224426
371760	-3.594292	-1.268451	-0.520080	0.027480	0.374651	0.594473	-0.013537285337224602	1.7558299039780518e-05	0.37464848160743713
371880	-3.594439	-1.267982	-0.519273	0.027476	0.374833	0.594953	-0.013582708640024066	2.6337448559670777e-05	0.37483251094818115
372000	-3.594368	-1.267728	-0.519234	0.027478	0.374965	0.594976	-0.01360786147415638	1.7558299039780518e-05	0.3749634027481079
372120	-3.595424	-1.267113	-0.518663	0.027449	0.375228	0.595316	-0.013658230705186725	1.7558299039780518e-05	0.3752264082431793
372240	-3.595841	-1.266869	-0.518323	0.027438	0.375334	0.595518	-0.013680988689884543	2.6337448559670777e-05	0.3753318190574646
372360	-3.596304	-1.266570	-0.518235	0.027425	0.375477	0.595571	-0.013708876725286246	2.6337448559670777e-05	0.3754737973213196
372480	-3.596211	-1.266281	-0.517578	0.027427	0.375602	0.595962	-0.013733380055055023	1.7558299039780518e-05	0.37560009956359863
372600	-3.595955	-1.266137	-0.517203	0.027434	0.375687	0.596186	-0.013753606285899878	1.7558299039780518e-05	0.375687837600708
372720	-3.596008	-1.265923	-0.517887	0.027433	0.375766	0.595778	-0.013769011152908206	2.6337448559670777e-05	0.37576502561569214
372840	-3.596977	-1.265618	-0.516586	0.027406	0.375918	0.596553	-0.013799450686201453	2.6337448559670777e-05	0.37591856718063354
372960	-3.596842	-1.265392	-0.516316	0.027410	0.376036	0.596715	-0.013818064332008361	2.6337448559670777e-05	0.37603551149368286
373080	-3.598237	-1.265228	-0.516050	0.027372	0.376119	0.596873	-0.01383212856017053	2.6337448559670777e-05	0.3761177361011505
373200	-3.597515	-1.264853	-0.514956	0.027392	0.376254	0.597527	-0.013865205040201545	2.6337448559670777e-05	0.3762530982494354
373320	-3.597127	-1.264466	-0.514365	0.027402	0.376412	0.597880	-0.013898333348333836	2.6337448559670777e-05	0.37640947103500366
373440	-3.597064	-1.264403	-0.513618	0.027404	0.376445	0.598327	-0.013905869610607625	2.6337448559670777e-05	0.37644433975219727
373560	-3.597449	-1.264225	-0.513595	0.027394	0.376539	0.598341	-0.013922820473089815	2.6337448559670777e-05	0.3765377998352051
373680	-3.597333	-1.263943	-0.513051	0.027397	0.376663	0.598666	-0.013946567429229617	1.7558299039780518e-05	0.37666261196136475
373800	-3.598275	-1.263663	-0.513258	0.027371	0.376805	0.598543	-0.013971782987937331	2.6337448559670777e-05	0.3768036365509033
373920	-3.599156	-1.263357	-0.512749	0.027347	0.376962	0.598847	-0.014001398999243974	1.7558299039780518e-05	0.376961886882782
374040	-3.599751	-1.263053	-0.512336	0.027331	0.377122	0.599095	-0.014023664034903049	1.7558299039780518e-05	0.3771199584007263
374160	-3.600087	-1.262510	-0.511771	0.027321	0.377340	0.599433	-0.01407394208945334	1.7558299039780518e-05	0.37733808159828186
374280	-3.600109	-1.262118	-0.511541	0.027321	0.377488	0.599571	-0.014111003885045648	2.6337448559670777e-05	0.37748754024505615
374400	-3.600263	-1.261788	-0.511190	0.027317	0.377642	0.599782	-0.014139678655192256	2.6337448559670777e-05	0.37764111161231995
374520	-3.599932	-1.261247	-0.510342	0.027326	0.377896	0.600290	-0.014187745610252022	2.6337448559670777e-05	0.37789350748062134
374640	-3.600048	-1.260943	-0.509480	0.027322	0.378054	0.600808	-0.014218633249402046	2.6337448559670777e-05	0.3780534565448761
374760	-3.600974	-1.260817	-0.508743	0.027297	0.378142	0.601251	-0.014228796772658824	2.6337448559670777e-05	0.37814077734947205
374880	-3.600737	-1.260574	-0.508760	0.027304	0.378247	0.601241	-0.014251937810331582	2.6337448559670777e-05	0.37824612855911255
375000	-3.601002	-1.260235	-0.508600	0.027296	0.378462	0.601337	-0.014276804216206074	2.6337448559670777e-05	0.37845730781555176
375120	-3.600915	-1.259974	-0.507756	0.027299	0.378629	0.601844	-0.014303670218214392	1.7558299039780518e-05	0.37862783670425415
375240	-3.600871	-1.259750	-0.507855	0.027300	0.378742	0.601785	-0.014325333246961235	1.7558299039780518e-05	0.3787410259246826
375360	-3.601963	-1.259418	-0.506585	0.027270	0.378912	0.602549	-0.01435466525144875	1.7558299039780518e-05	0.37891098856925964
375480	-3.601730	-1.258997	-0.506270	0.027276	0.379091	0.602740	-0.014393745781853795	1.7558299039780518e-05	0.37909045815467834
375600	-3.601554	-1.258879	-0.506459	0.027281	0.379138	0.602625	-0.014405119745060802	1.1705532693187011e-05	0.3791373670101166
375720	-3.601305	-1.258617	-0.506302	0.027288	0.379239	0.602720	-0.014429118437692522	1.7558299039780518e-05	0.3792388439178467
375840	-3.601056	-1.258290	-0.506331	0.027295	0.379363	0.602703	-0.014453611802309752	2.6337448559670777e-05	0.3793603479862213
375960	-3.601499	-1.258074	-0.506202	0.027283	0.379472	0.602780	-0.014476323360577225	2.6337448559670777e-05	0.37947168946266174
376080	-3.601809	-1.257689	-0.505946	0.027274	0.379638	0.602935	-0.014505876041948796	2.6337448559670777e-05	0.3796346187591553
376200	-3.601305	-1.257287	-0.505633	0.027288	0.379803	0.603124	-0.014544959412887692	1.7558299039780518e-05	0.3798004686832428
376320	-3.601142	-1.256830	-0.504830	0.027293	0.379986	0.603608	-0.014586473675444722	2.6337448559670777e-05	0.3799845278263092
376440	-3.601490	-1.256613	-0.504254	0.027283	0.380094	0.603956	-0.014606306608766318	2.6337448559670777e-05	0.38009214401245117
376560	-3.600852	-1.256380	-0.504050	0.027300	0.380170	0.604079	-0.014628803683444857	2.6337448559670777e-05	0.38016968965530396
376680	-3.601786	-1.256160	-0.503815	0.027275	0.380297	0.604221	-0.014648358011618257	2.6337448559670777e-05	0.3802965581417084
376800	-3.601984	-1.255817	-0.503085	0.027270	0.380445	0.604662	-0.01467745047993958	1.7558299039780518e-05	0.3804435133934021
376920	-3.601423	-1.255509	-0.502540	0.027285	0.380565	0.604992	-0.014706465834751725	2.6337448559670777e-05	0.3805648684501648
377040	-3.601131	-1.255256	-0.502510	0.027293	0.380674	0.605010	-0.014729076670482755	2.6337448559670777e-05	0.38067394495010376
377160	-3.601873	-1.255006	-0.502021	0.027273	0.380783	0.605306	-0.014748736144974827	2.6337448559670777e-05	0.3807801604270935
377280	-3.601454	-1.254710	-0.501563	0.027284	0.380950	0.605584	-0.014780522650107741	1.1705532693187011e-05	0.3809492588043213
377400	-3.601619	-1.254474	-0.501017	0.027280	0.381072	0.605914	-0.014799061138182879	1.7558299039780518e-05	0.3810713291168213
377520	-3.602039	-1.254362	-0.500282	0.027268	0.381151	0.606360	-0.014809656841680407	2.6337448559670777e-05	0.38114920258522034
377640	-3.601617	-1.253973	-0.499411	0.027280	0.381321	0.606888	-0.01484065861441195	2.6337448559670777e-05	0.38131821155548096
377760	-3.602206	-1.253650	-0.499457	0.027264	0.381511	0.606860	-0.014873377420008183	2.6337448559670777e-05	0.3815081715583801
377880	-3.602857	-1.253292	-0.498118	0.027246	0.381690	0.607673	-0.014902520971372724	1.7558299039780518e-05	0.38168683648109436
378000	-3.603803	-1.253035	-0.497559	0.027220	0.381845	0.608013	-0.014929611841216684	2.6337448559670777e-05	0.3818439245223999
378120	-3.604661	-1.252660	-0.496755	0.027197	0.382057	0.608502	-0.01496432744897902	1.7558299039780518e-05	0.3820567727088928
378240	-3.604949	-1.252264	-0.495651	0.027189	0.382219	0.609174	-0.014997742837294936	2.6337448559670777e-05	0.3822178244590759
378360	-3.605162	-1.252023	-0.495204	0.027183	0.382331	0.609447	-0.015019763587042689	2.6337448559670777e-05	0.3823295831680298
378480	-3.605729	-1.251867	-0.495236	0.027168	0.382414	0.609427	-0.015037540020421148	2.6337448559670777e-05	0.3824140727519989
378600	-3.605479	-1.251601	-0.495196	0.027174	0.382532	0.609451	-0.01505909119732678	1.7558299039780518e-05	0.3825312852859497
378720	-3.606009	-1.251319	-0.495335	0.027160	0.382685	0.609366	-0.015082915732637047	1.1705532693187011e-05	0.3826839327812195
378840	-3.605788	-1.250979	-0.494826	0.027166	0.382829	0.609677	-0.015114863868802786	2.6337448559670777e-05	0.38282808661460876
378960	-3.606056	-1.250791	-0.494455	0.027159	0.382929	0.609903	-0.015135285584256053	2.6337448559670777e-05	0.38292980194091797
379080	-3.606860	-1.250531	-0.494482	0.027137	0.383085	0.609887	-0.01515157548710704	1.7558299039780518e-05	0.3830827474594116
379200	-3.607636	-1.250182	-0.494280	0.027116	0.383252	0.610010	-0.01518615409731865	2.6337448559670777e-05	0.38324984908103943
379320	-3.607323	-1.249725	-0.493768	0.027124	0.383439	0.610322	-0.01522558587603271	2.6337448559670777e-05	0.38343721628189087
379440	-3.607114	-1.249492	-0.493303	0.027130	0.383542	0.610606	-0.01524941073730588	1.7558299039780518e-05	0.3835418224334717
379560	-3.607604	-1.249099	-0.492867	0.027117	0.383740	0.610873	-0.015278800576925277	1.7558299039780518e-05	0.38373827934265137
379680	-3.607425	-1.248749	-0.492437	0.027122	0.383899	0.611135	-0.015311636403203011	1.7558299039780518e-05	0.38389742374420166
379800	-3.607289	-1.248450	-0.491955	0.027125	0.384045	0.611430	-0.015337639395147562	2.6337448559670777e-05	0.384042888879776
379920	-3.607530	-1.248284	-0.491874	0.027119	0.384136	0.611480	-0.01535776318050921	2.6337448559670777e-05	0.3841344714164734
380040	-3.607647	-1.248166	-0.491519	0.027116	0.384206	0.611696	-0.01536895176395774	2.6337448559670777e-05	0.38420602679252625
380160	-3.608171	-1.247926	-0.491367	0.027101	0.384318	0.611790	-0.015388183062896132	2.6337448559670777e-05	0.38431572914123535
380280	-3.609245	-1.247695	-0.490851	0.027072	0.384436	0.612106	-0.015406550513580442	2.6337448559670777e-05	0.3844325542449951
380400	-3.608660	-1.247374	-0.490231	0.027088	0.384556	0.612485	-0.015437375009059905	2.6337448559670777e-05	0.38455459475517273
380520	-3.609401	-1.247216	-0.489710	0.027068	0.384627	0.612804	-0.015454476745799185	2.6337448559670777e-05	0.38462749123573303
380640	-3.608440	-1.246870	-0.489907	0.027094	0.384776	0.612683	-0.015484589478000998	1.1705532693187011e-05	0.3847757875919342
380760	-3.608952	-1.246587	-0.489672	0.027080	0.384939	0.612828	-0.015508282044902445	2.6337448559670777e-05	0.38493743538856506
380880	-3.609415	-1.246402	-0.489825	0.027068	0.385024	0.612734	-0.015524779306724667	2.6337448559670777e-05	0.38502237200737
381000	-3.609159	-1.246069	-0.488876	0.027075	0.385162	0.613316	-0.01555489283055067	2.6337448559670777e-05	0.385160356760025
381120	-3.608986	-1.245719	-0.488904	0.027079	0.385288	0.613298	-0.015586299588903785	1.7558299039780518e-05	0.38528746366500854
381240	-3.609190	-1.245602	-0.487935	0.027074	0.385367	0.613893	-0.015597972087562084	1.7558299039780518e-05	0.38536617159843445
381360	-3.608632	-1.245419	-0.487494	0.027089	0.385448	0.614164	-0.01561493994668126	2.6337448559670777e-05	0.38544657826423645
381480	-3.608935	-1.245285	-0.487113	0.027081	0.385522	0.614398	-0.0156271493062377	1.7558299039780518e-05	0.3855211138725281
381600	-3.609756	-1.245023	-0.486878	0.027058	0.385643	0.614542	-0.015650393441319466	1.7558299039780518e-05	0.3856412470340729
381720	-3.610924	-1.244874	-0.487153	0.027027	0.385740	0.614373	-0.0156651028431952	1.7558299039780518e-05	0.38573843240737915
381840	-3.610650	-1.244726	-0.486959	0.027034	0.385807	0.614492	-0.015675928443670273	1.7558299039780518e-05	0.38580530881881714
381960	-3.610435	-1.244210	-0.486485	0.027040	0.386030	0.614784	-0.015718371048569678	3.9506172839506166e-05	0.38602638244628906
382080	-3.610764	-1.243816	-0.486315	0.027031	0.386188	0.614888	-0.015761229582130908	2.6337448559670777e-05	0.38618922233581543
382200	-3.610091	-1.243543	-0.486273	0.027049	0.386300	0.614914	-0.015783128328621387	2.6337448559670777e-05	0.3862975239753723
382320	-3.610714	-1.243107	-0.485666	0.027033	0.386475	0.615287	-0.015820711757987736	2.6337448559670777e-05	0.38647204637527466
382440	-3.611325	-1.242856	-0.485036	0.027016	0.386616	0.615675	-0.01584501685574651	2.6337448559670777e-05	0.38661500811576843
382560	-3.610978	-1.242419	-0.484745	0.027025	0.386798	0.615854	-0.015884836297482254	2.6337448559670777e-05	0.38679757714271545
382680	-3.611024	-1.242195	-0.484497	0.027024	0.386915	0.616007	-0.01590439723804593	1.7558299039780518e-05	0.38691288232803345
382800	-3.612073	-1.241991	-0.484234	0.026996	0.387064	0.616169	-0.015918795578181745	1.7558299039780518e-05	0.38706058263778687
382920	-3.612592	-1.241887	-0.484390	0.026982	0.387157	0.616073	-0.01593247810378671	2.6337448559670777e-05	0.3871554434299469
383040	-3.613412	-1.241615	-0.483438	0.026960	0.387331	0.616659	-0.01595627050846815	2.6337448559670777e-05	0.3873286843299866
383160	-3.614162	-1.241208	-0.481920	0.026939	0.387545	0.617597	-0.015993721969425678	1.7558299039780518e-05	0.3875439763069153
383280	-3.614031	-1.240830	-0.481121	0.026943	0.387732	0.618090	-0.016026269923895598	1.7558299039780518e-05	0.38772985339164734
383400	-3.614460	-1.240584	-0.481392	0.026931	0.387844	0.617923	-0.01604966102167964	2.6337448559670777e-05	0.38784319162368774
383520	-3.614796	-1.240363	-0.480567	0.026922	0.387997	0.618433	-0.01607017358765006	2.6337448559670777e-05	0.38799405097961426
383640	-3.615540	-1.240192	-0.480341	0.026902	0.388074	0.618572	-0.01608434347435832	2.6337448559670777e-05	0.38807299733161926
383760	-3.615479	-1.239835	-0.479577	0.026904	0.388241	0.619045	-0.01611507497727871	1.7558299039780518e-05	0.3882397711277008
383880	-3.615023	-1.239361	-0.479803	0.026916	0.388446	0.618905	-0.01615969780832529	1.7558299039780518e-05	0.38844454288482666
384000	-3.615203	-1.238916	-0.479110	0.026911	0.388618	0.619334	-0.01619967995211482	1.7558299039780518e-05	0.3886179029941559
384120	-3.616219	-1.238588	-0.478699	0.026884	0.388764	0.619589	-0.01622858252376318	3.9506172839506166e-05	0.3887622654438019
384240	-3.616346	-1.238354	-0.478959	0.026881	0.388827	0.619428	-0.01625062422826886	2.6337448559670777e-05	0.38882654905319214
384360	-3.617027	-1.238125	-0.478908	0.026862	0.388964	0.619460	-0.01627256227657199	1.7558299039780518e-05	0.38896381855010986
384480	-3.617429	-1.237974	-0.478043	0.026852	0.389071	0.619995	-0.016282430198043586	2.6337448559670777e-05	0.38906827569007874
384600	-3.617749	-1.237762	-0.477052	0.026843	0.389182	0.620610	-0.016302944347262382	2.6337448559670777e-05	0.38918057084083557
384720	-3.619051	-1.237587	-0.477072	0.026808	0.389314	0.620598	-0.016318880952894688	2.6337448559670777e-05	0.3893127143383026
384840	-3.619440	-1.237344	-0.477222	0.026798	0.389463	0.620505	-0.016339365392923355	2.6337448559670777e-05	0.3894599378108978
384960	-3.619671	-1.236868	-0.476441	0.026791	0.389670	0.620990	-0.01638071835041046	2.6337448559670777e-05	0.3896675705909729
385080	-3.620038	-1.236703	-0.476169	0.026782	0.389770	0.621158	-0.016398688592016698	1.7558299039780518e-05	0.38976985216140747
385200	-3.620784	-1.236455	-0.475258	0.026762	0.389894	0.621724	-0.01642167307436466	1.7558299039780518e-05	0.3898942470550537
385320	-3.621154	-1.236320	-0.475983	0.026752	0.389987	0.621274	-0.01643528826534748	2.6337448559670777e-05	0.38998642563819885
385440	-3.621206	-1.236158	-0.475804	0.026750	0.390095	0.621385	-0.01644765855744481	2.6337448559670777e-05	0.3900924623012543
385560	-3.621983	-1.235845	-0.474618	0.026730	0.390285	0.622122	-0.01647408977150917	2.6337448559670777e-05	0.3902818560600281
385680	-3.621735	-1.235706	-0.473813	0.026736	0.390402	0.622624	-0.01648870138451457	2.6337448559670777e-05	0.3903995752334595
385800	-3.621642	-1.235428	-0.473095	0.026739	0.390566	0.623071	-0.016515612602233887	2.6337448559670777e-05	0.390565425157547
385920	-3.621988	-1.235144	-0.472945	0.026729	0.390710	0.623164	-0.01653699530288577	2.6337448559670777e-05	0.39070820808410645
386040	-3.621661	-1.234810	-0.472923	0.026738	0.390841	0.623178	-0.016569632943719624	2.6337448559670777e-05	0.39084047079086304
386160	-3.622255	-1.234556	-0.472925	0.026722	0.390958	0.623177	-0.016592977102845907	1.7558299039780518e-05	0.3909572660923004
386280	-3.622568	-1.234425	-0.473212	0.026714	0.391031	0.622998	-0.016603528428822754	1.7558299039780518e-05	0.3910297155380249
386400	-3.622196	-1.234188	-0.472348	0.026724	0.391121	0.623536	-0.0166260726749897	2.6337448559670777e-05	0.39112067222595215
386520	-3.621989	-1.233922	-0.471942	0.026729	0.391273	0.623790	-0.016648999787867068	2.6337448559670777e-05	0.3912706971168518
386640	-3.622131	-1.233558	-0.471205	0.026726	0.391440	0.624250	-0.01667821928858757	2.6337448559670777e-05	0.3914376497268677
386760	-3.622129	-1.233347	-0.471705	0.026726	0.391503	0.623937	-0.016700392309576272	2.6337448559670777e-05	0.391503244638443
386880	-3.621799	-1.232951	-0.470925	0.026735	0.391686	0.624425	-0.01673593707382679	2.6337448559670777e-05	0.3916857838630676
387000	-3.622745	-1.232746	-0.469445	0.026709	0.391830	0.625349	-0.01675347127020359	1.7558299039780518e-05	0.3918287456035614
387120	-3.623203	-1.232490	-0.468531	0.026697	0.391992	0.625921	-0.016777483560144902	1.7558299039780518e-05	0.39198973774909973
387240	-3.624025	-1.232183	-0.468548	0.026675	0.392150	0.625911	-0.01680281525477767	2.6337448559670777e-05	0.39214691519737244
387360	-3.624287	-1.231837	-0.467247	0.026668	0.392284	0.626725	-0.016836854722350837	2.6337448559670777e-05	0.39228376746177673
387480	-3.624673	-1.231437	-0.467064	0.026658	0.392455	0.626840	-0.016871918458491564	1.1705532693187011e-05	0.3924540579319
387600	-3.625109	-1.231187	-0.466736	0.026646	0.392593	0.627046	-0.016894129663705827	1.7558299039780518e-05	0.39259132742881775
387720	-3.625627	-1.231054	-0.466164	0.026632	0.392696	0.627405	-0.016908764373511076	2.6337448559670777e-05	0.3926956057548523
387840	-3.625393	-1.230712	-0.465566	0.026639	0.392849	0.627780	-0.016936378832906485	1.1705532693187011e-05	0.3928472101688385
387960	-3.625612	-1.230331	-0.465075	0.026633	0.393039	0.628088	-0.016970742587000133	2.6337448559670777e-05	0.39303645491600037
388080	-3.626151	-1.230095	-0.465064	0.026618	0.393125	0.628095	-0.016995735466480255	2.6337448559670777e-05	0.3931249678134918
388200	-3.626577	-1.229927	-0.464918	0.026607	0.393200	0.628187	-0.017008674331009388	2.6337448559670777e-05	0.39319896697998047
388320	-3.627394	-1.229734	-0.464690	0.026585	0.393310	0.628330	-0.017024783045053483	1.1705532693187011e-05	0.39330917596817017
388440	-3.628051	-1.229613	-0.464524	0.026568	0.393378	0.628434	-0.017038147896528244	2.6337448559670777e-05	0.3933770954608917
388560	-3.628518	-1.229258	-0.464169	0.026556	0.393534	0.628657	-0.01707009458914399	2.6337448559670777e-05	0.3935333490371704
388680	-3.628263	-1.228951	-0.463571	0.026562	0.393701	0.629034	-0.017097486462444068	1.7558299039780518e-05	0.3937002420425415
388800	-3.628903	-1.228589	-0.462904	0.026545	0.393876	0.629453	-0.017128411401063203	1.7558299039780518e-05	0.3938741981983185
388920	-3.628408	-1.228330	-0.462841	0.026558	0.393979	0.629492	-0.017153467517346144	1.7558299039780518e-05	0.39397966861724854
389040	-3.627758	-1.227988	-0.462050	0.026576	0.394116	0.629991	-0.017182504758238792	2.6337448559670777e-05	0.39411425590515137
389160	-3.628261	-1.227620	-0.461011	0.026562	0.394282	0.630646	-0.017217306606471538	2.6337448559670777e-05	0.3942815661430359
389280	-3.628336	-1.227494	-0.460734	0.026560	0.394353	0.630820	-0.01722821081057191	1.1705532693187011e-05	0.39435243606567383
389400	-3.628920	-1.227237	-0.460091	0.026545	0.394482	0.631226	-0.017253341618925333	2.6337448559670777e-05	0.3944813907146454
389520	-3.630126	-1.227067	-0.458847	0.026513	0.394615	0.632012	-0.017264490202069282	1.7558299039780518e-05	0.3946131765842438
389640	-3.630317	-1.226761	-0.458663	0.026508	0.394760	0.632128	-0.017291258089244366	1.7558299039780518e-05	0.3947583734989166
389760	-3.630634	-1.226569	-0.458520	0.026499	0.394856	0.632219	-0.01731160068884492	1.7558299039780518e-05	0.3948551416397095
389880	-3.631047	-1.226355	-0.458867	0.026488	0.394945	0.631999	-0.017331763077527283	1.7558299039780518e-05	0.39494481682777405
390000	-3.630892	-1.226221	-0.458826	0.026493	0.394978	0.632025	-0.01734357764944434	2.6337448559670777e-05	0.39497777819633484
390120	-3.631410	-1.226029	-0.458394	0.026479	0.395101	0.632298	-0.017358420230448247	2.6337448559670777e-05	0.3950989842414856
390240	-3.632623	-1.225750	-0.458224	0.026447	0.395285	0.632406	-0.017383771017193794	3.9506172839506166e-05	0.39528268575668335
390360	-3.632569	-1.225379	-0.457763	0.026448	0.395451	0.632697	-0.0174183277413249	1.7558299039780518e-05	0.39544978737831116
390480	-3.631969	-1.225015	-0.457746	0.026464	0.395618	0.632708	-0.01745165269821882	2.6337448559670777e-05	0.3956170380115509
390600	-3.632473	-1.224772	-0.456893	0.026451	0.395740	0.633248	-0.017473412211984396	1.1705532693187011e-05	0.3957391083240509
390720	-3.632438	-1.224378	-0.456407	0.026452	0.395909	0.633556	-0.01750536747276783	2.6337448559670777e-05	0.3959067761898041
390840	-3.632185	-1.224221	-0.455667	0.026458	0.396004	0.634025	-0.017521895933896303	2.6337448559670777e-05	0.3960025906562805
390960	-3.632624	-1.223945	-0.455796	0.026447	0.396153	0.633943	-0.01754953442141414	2.6337448559670777e-05	0.39615291357040405
391080	-3.633042	-1.223757	-0.455591	0.026436	0.396277	0.634073	-0.017567519377917052	1.7558299039780518e-05	0.39627689123153687
391200	-3.633340	-1.223167	-0.455304	0.026428	0.396547	0.634255	-0.017614910285919903	1.7558299039780518e-05	0.3965444266796112
391320	-3.633794	-1.222938	-0.455242	0.026416	0.396676	0.634294	-0.01764025529846549	2.6337448559670777e-05	0.3966754078865051
391440	-3.634257	-1.222785	-0.456222	0.026404	0.396760	0.633673	-0.017651335895061494	2.6337448559670777e-05	0.3967595398426056
391560	-3.633943	-1.222372	-0.455661	0.026412	0.396940	0.634029	-0.017689148895442486	2.6337448559670777e-05	0.3969387114048004
391680	-3.633794	-1.222029	-0.454770	0.026416	0.397104	0.634594	-0.017719816695898772	2.6337448559670777e-05	0.3971032202243805
391800	-3.633755	-1.221711	-0.454509	0.026417	0.397258	0.634759	-0.017746973596513272	2.6337448559670777e-05	0.3972558379173279
391920	-3.634075	-1.221477	-0.454115	0.026408	0.397398	0.635010	-0.017766858637332916	2.6337448559670777e-05	0.3973962664604187
392040	-3.633657	-1.220835	-0.453288	0.026419	0.397666	0.635535	-0.01782565861940384	1.7558299039780518e-05	0.39766353368759155
392160	-3.634323	-1.220378	-0.452292	0.026402	0.397897	0.636169	-0.01786811137571931	1.1705532693187011e-05	0.3978961110115051
392280	-3.635476	-1.220149	-0.451816	0.026371	0.398041	0.636471	-0.01789029110223055	1.7558299039780518e-05	0.398040771484375
392400	-3.635547	-1.219826	-0.451036	0.026369	0.398215	0.636968	-0.017916648369282483	2.6337448559670777e-05	0.3982129395008087
392520	-3.635100	-1.219397	-0.450830	0.026381	0.398378	0.637099	-0.0179534750059247	2.6337448559670777e-05	0.39837685227394104
392640	-3.635007	-1.219170	-0.451126	0.026384	0.398434	0.636911	-0.01798079675063491	2.6337448559670777e-05	0.39843496680259705
392760	-3.634104	-1.218687	-0.449890	0.026408	0.398645	0.637698	-0.01801929362118244	1.7558299039780518e-05	0.3986431062221527
392880	-3.634392	-1.218381	-0.448274	0.026400	0.398795	0.638730	-0.01804955955594778	2.6337448559670777e-05	0.39879491925239563
393000	-3.634466	-1.218053	-0.447506	0.026398	0.398964	0.639221	-0.018074589408934118	1.7558299039780518e-05	0.3989611864089966
393120	-3.634375	-1.217671	-0.447677	0.026400	0.399147	0.639111	-0.018111015018075705	2.6337448559670777e-05	0.3991454541683197
393240	-3.633889	-1.217313	-0.447315	0.026413	0.399288	0.639342	-0.018144343979656696	2.6337448559670777e-05	0.3992879092693329
393360	-3.634176	-1.217164	-0.446936	0.026406	0.399390	0.639585	-0.01815789779648185	2.6337448559670777e-05	0.3993894159793854
393480	-3.634956	-1.216917	-0.446037	0.026385	0.399503	0.640160	-0.0181805401109159	1.7558299039780518e-05	0.39950138330459595
393600	-3.634977	-1.216644	-0.445359	0.026385	0.399646	0.640594	-0.018203393369913102	2.6337448559670777e-05	0.3996436595916748
393720	-3.634366	-1.216440	-0.445284	0.026401	0.399742	0.640642	-0.018223645444959403	2.6337448559670777e-05	0.3997412919998169
393840	-3.634775	-1.216040	-0.444964	0.026390	0.399944	0.640847	-0.01825903160497546	1.7558299039780518e-05	0.3999432623386383
393960	-3.635054	-1.215845	-0.444818	0.026383	0.400040	0.640941	-0.018276023026555777	1.7558299039780518e-05	0.40003931522369385
394080	-3.635764	-1.215758	-0.444491	0.026364	0.400131	0.641151	-0.018285730201750994	2.6337448559670777e-05	0.40012961626052856
394200	-3.635952	-1.215493	-0.444663	0.026359	0.400251	0.641040	-0.018306642211973666	1.1705532693187011e-05	0.4002494513988495
394320	-3.635695	-1.215218	-0.444262	0.026366	0.400385	0.641297	-0.018331978097558023	1.7558299039780518e-05	0.40038374066352844
394440	-3.635483	-1.214961	-0.444528	0.026371	0.400514	0.641127	-0.01835732636973262	2.6337448559670777e-05	0.4005134701728821
394560	-3.635912	-1.214635	-0.443442	0.026360	0.400691	0.641824	-0.0183861680328846	2.6337448559670777e-05	0.4006900191307068
394680	-3.636323	-1.214480	-0.442429	0.026349	0.400800	0.642474	-0.018399295024573804	2.6337448559670777e-05	0.40079912543296814
394800	-3.636781	-1.214258	-0.442171	0.026337	0.400925	0.642640	-0.01841963632032275	1.7558299039780518e-05	0.4009236991405487
394920	-3.637360	-1.213746	-0.441274	0.026322	0.401203	0.643217	-0.018461894150823353	1.1705532693187011e-05	0.4012017250061035
395040	-3.638012	-1.213476	-0.440264	0.026305	0.401385	0.643866	-0.018488687835633753	2.6337448559670777e-05	0.4013833701610565
395160	-3.637910	-1.213112	-0.439777	0.026307	0.401560	0.644180	-0.018519436568021776	1.7558299039780518e-05	0.4015585482120514
395280	-3.637700	-1.212882	-0.439683	0.026313	0.401674	0.644241	-0.018545789550989865	1.7558299039780518e-05	0.40167441964149475
395400	-3.637411	-1.212649	-0.440038	0.026320	0.401781	0.644012	-0.01856512241065502	1.7558299039780518e-05	0.40178099274635315
395520	-3.636979	-1.212342	-0.439673	0.026332	0.401895	0.644247	-0.0185904648154974	2.6337448559670777e-05	0.40189412236213684
395640	-3.637340	-1.212099	-0.439237	0.026322	0.401977	0.644528	-0.01861268896609545	1.7558299039780518e-05	0.40197664499282837
395760	-3.636950	-1.211888	-0.438526	0.026333	0.402092	0.644987	-0.01863174745813012	1.1705532693187011e-05	0.402090847492218
395880	-3.636711	-1.211604	-0.438439	0.026339	0.402234	0.645043	-0.018656320683658124	1.7558299039780518e-05	0.4022314250469208
396000	-3.637098	-1.211326	-0.438145	0.026329	0.402342	0.645232	-0.018684172816574574	1.7558299039780518e-05	0.4023416340351105
396120	-3.636745	-1.211012	-0.437599	0.026338	0.402518	0.645585	-0.01870877416804433	2.6337448559670777e-05	0.40251561999320984
396240	-3.637080	-1.210705	-0.437624	0.026329	0.402708	0.645568	-0.01874129008501768	1.7558299039780518e-05	0.4027075171470642
396360	-3.636420	-1.210447	-0.437001	0.026347	0.402793	0.645971	-0.01876141093671322	1.7558299039780518e-05	0.40279287099838257
396480	-3.635913	-1.210070	-0.436284	0.026360	0.402981	0.646434	-0.01879306398332119	2.6337448559670777e-05	0.4029775559902191
396600	-3.636561	-1.209590	-0.436420	0.026343	0.403218	0.646346	-0.018838681653141974	2.6337448559670777e-05	0.4032168686389923
396720	-3.636348	-1.209310	-0.436067	0.026348	0.403332	0.646574	-0.01886105239391327	1.7558299039780518e-05	0.4033299684524536
396840	-3.635834	-1.208962	-0.435697	0.026362	0.403479	0.646814	-0.01889321384951472	2.6337448559670777e-05	0.4034769535064697
396960	-3.636105	-1.208765	-0.435517	0.026355	0.403600	0.646930	-0.018913549836724997	2.6337448559670777e-05	0.4035976529121399
397080	-3.636955	-1.208400	-0.434960	0.026332	0.403792	0.647291	-0.01894633863121271	1.1705532693187011e-05	0.40379175543785095
397200	-3.636997	-1.208145	-0.434871	0.026331	0.403909	0.647348	-0.01896789940074086	1.1705532693187011e-05	0.4039081931114197
397320	-3.637567	-1.207938	-0.434057	0.026316	0.404010	0.647875	-0.01898907609283924	1.7558299039780518e-05	0.40401044487953186
397440	-3.638144	-1.207621	-0.433523	0.026301	0.404200	0.648221	-0.019010312017053367	1.7558299039780518e-05	0.4041958451271057
397560	-3.637478	-1.207133	-0.433178	0.026319	0.404420	0.648445	-0.019062220212072135	2.6337448559670777e-05	0.40442001819610596
397680	-3.637248	-1.206874	-0.433584	0.026325	0.404535	0.648182	-0.01908156918361783	2.6337448559670777e-05	0.4045332968235016
397800	-3.638083	-1.206617	-0.434164	0.026303	0.404695	0.647806	-0.019106743671000005	1.1705532693187011e-05	0.4046943783760071
397920	-3.638319	-1.206385	-0.434370	0.026297	0.404804	0.647673	-0.019125827588140965	2.6337448559670777e-05	0.40480226278305054
398040	-3.638657	-1.206155	-0.434029	0.026288	0.404950	0.647893	-0.019148552138358355	1.7558299039780518e-05	0.4049493372440338
398160	-3.638496	-1.205689	-0.433628	0.026292	0.405204	0.648153	-0.01919050607830286	1.7558299039780518e-05	0.40520361065864563
398280	-3.638401	-1.205408	-0.432628	0.026294	0.405351	0.648802	-0.019213119242340326	2.6337448559670777e-05	0.4053482115268707
398400	-3.638467	-1.205073	-0.432147	0.026293	0.405542	0.649114	-0.019243996776640414	2.6337448559670777e-05	0.40554022789001465
398520	-3.638728	-1.204604	-0.431444	0.026286	0.405782	0.649571	-0.019285835418850185	2.6337448559670777e-05	0.40578073263168335
398640	-3.637714	-1.203934	-0.430072	0.026312	0.406084	0.650462	-0.019344594329595566	1.7558299039780518e-05	0.40608227252960205
398760	-3.636941	-1.203514	-0.429724	0.026333	0.406277	0.650689	-0.019379515014588834	2.6337448559670777e-05	0.40627339482307434
398880	-3.637228	-1.202988	-0.428686	0.026325	0.406542	0.651365	-0.01943145925179124	2.6337448559670777e-05	0.4065392017364502
399000	-3.637917	-1.202470	-0.427391	0.026307	0.406831	0.652209	-0.019476951844990254	2.6337448559670777e-05	0.40682974457740784
399120	-3.638343	-1.202157	-0.427143	0.026296	0.406985	0.652370	-0.01950691007077694	2.6337448559670777e-05	0.4069828391075134
399240	-3.638107	-1.201796	-0.427275	0.026302	0.407163	0.652284	-0.019541749265044928	1.7558299039780518e-05	0.4071626365184784
399360	-3.638749	-1.201488	-0.427840	0.026285	0.407301	0.651916	-0.019565977714955808	2.6337448559670777e-05	0.40729960799217224
399480	-3.639606	-1.201278	-0.427459	0.026263	0.407450	0.652164	-0.01958755049854517	2.6337448559670777e-05	0.4074479937553406
399600	-3.639990	-1.200989	-0.427807	0.026253	0.407596	0.651937	-0.01961297132074833	1.7558299039780518e-05	0.40759387612342834
399720	-3.640425	-1.200720	-0.427588	0.026241	0.407732	0.652080	-0.019637226406484843	2.6337448559670777e-05	0.4077310264110565
399840	-3.640605	-1.200475	-0.426641	0.026236	0.407839	0.652698	-0.019658082537353037	2.6337448559670777e-05	0.40783706307411194
399960	-3.640800	-1.200140	-0.425323	0.026231	0.408031	0.653559	-0.019692431297153236	1.7558299039780518e-05	0.40803050994873047
400080	-3.640566	-1.200022	-0.425801	0.026237	0.408089	0.653246	-0.019702593423426153	2.6337448559670777e-05	0.40808936953544617
400200	-3.641146	-1.199814	-0.426069	0.026222	0.408224	0.653071	-0.019721768889576198	2.6337448559670777e-05	0.40822479128837585
400320	-3.641369	-1.199710	-0.425664	0.026216	0.408316	0.653336	-0.01972872978076339	2.6337448559670777e-05	0.40831422805786133
400440	-3.641869	-1.199515	-0.425366	0.026203	0.408410	0.653530	-0.019746877159923314	1.1705532693187011e-05	0.40840914845466614
400560	-3.642055	-1.199282	-0.425354	0.026198	0.408521	0.653539	-0.019771536253392695	2.6337448559670777e-05	0.40852299332618713
400680	-3.641820	-1.198892	-0.425189	0.026205	0.408700	0.653646	-0.01980132656171918	1.7558299039780518e-05	0.40869855880737305
400800	-3.641832	-1.198507	-0.424735	0.026204	0.408890	0.653943	-0.019831906631588937	2.6337448559670777e-05	0.4088863432407379
400920	-3.641811	-1.198146	-0.424164	0.026205	0.409085	0.654317	-0.019870024174451828	1.7558299039780518e-05	0.40908366441726685
401040	-3.643049	-1.197934	-0.423519	0.026172	0.409244	0.654739	-0.019885561428964138	2.6337448559670777e-05	0.40924072265625
401160	-3.644108	-1.197591	-0.423494	0.026145	0.409445	0.654755	-0.01991984825581312	1.7558299039780518e-05	0.40944480895996094
401280	-3.643965	-1.197296	-0.423307	0.026148	0.409584	0.654878	-0.019946665689349174	2.6337448559670777e-05	0.40958377718925476
401400	-3.643787	-1.197081	-0.422961	0.026153	0.409687	0.655104	-0.019963830523192883	2.6337448559670777e-05	0.40968552231788635
401520	-3.644767	-1.196911	-0.422504	0.026127	0.409804	0.655404	-0.019982277974486352	1.7558299039780518e-05	0.40980345010757446
401640	-3.644893	-1.196726	-0.422328	0.026124	0.409892	0.655519	-0.019995350390672684	2.6337448559670777e-05	0.4098905622959137
401760	-3.645911	-1.196681	-0.422287	0.026098	0.409990	0.655546	-0.02000236911699176	1.7558299039780518e-05	0.40998929738998413
401880	-3.645734	-1.196512	-0.421812	0.026102	0.410097	0.655857	-0.02001959001645446	2.6337448559670777e-05	0.41009730100631714
402000	-3.645864	-1.196271	-0.422100	0.026099	0.410220	0.655669	-0.020036601554602386	2.6337448559670777e-05	0.41021808981895447
402120	-3.645022	-1.195858	-0.421491	0.026121	0.410385	0.656068	-0.020075265597552062	2.6337448559670777e-05	0.41038402915000916
402240	-3.644420	-1.195805	-0.421630	0.026137	0.410397	0.655977	-0.020080745033919812	2.6337448559670777e-05	0.41039586067199707
402360	-3.644490	-1.195532	-0.421579	0.026135	0.410526	0.656010	-0.02010631561279297	2.6337448559670777e-05	0.41052621603012085
402480	-3.643978	-1.195290	-0.421386	0.026148	0.410637	0.656137	-0.020128425862640142	1.7558299039780518e-05	0.4106377065181732
402600	-3.645147	-1.195091	-0.421436	0.026118	0.410778	0.656104	-0.020146254729479552	2.6337448559670777e-05	0.4107775092124939
402720	-3.646165	-1.194759	-0.420480	0.026091	0.410973	0.656731	-0.020171072334051132	2.6337448559670777e-05	0.4109697639942169
402840	-3.646187	-1.194592	-0.420292	0.026090	0.411066	0.656855	-0.020189630053937434	1.7558299039780518e-05	0.4110657274723053
402960	-3.647134	-1.194330	-0.419921	0.026066	0.411248	0.657098	-0.020211411733180286	1.7558299039780518e-05	0.411247193813324
403080	-3.647178	-1.194061	-0.418833	0.026065	0.411393	0.657814	-0.02023754483088851	2.6337448559670777e-05	0.4113929867744446
403200	-3.646789	-1.193771	-0.418272	0.026075	0.411507	0.658183	-0.02026131106540561	1.7558299039780518e-05	0.41150665283203125
403320	-3.647326	-1.193587	-0.417378	0.026061	0.411650	0.658772	-0.02027809526771307	2.6337448559670777e-05	0.41164636611938477
403440	-3.647816	-1.193421	-0.417015	0.026048	0.411733	0.659011	-0.020291844941675664	1.7558299039780518e-05	0.4117303490638733
403560	-3.648030	-1.192978	-0.416296	0.026042	0.411949	0.659485	-0.02033330490812659	1.7558299039780518e-05	0.41194748878479004
403680	-3.648932	-1.192940	-0.416733	0.026019	0.411982	0.659197	-0.020338373724371195	1.7558299039780518e-05	0.41198137402534485
403800	-3.648854	-1.192567	-0.416858	0.026021	0.412148	0.659114	-0.02036639293655753	2.6337448559670777e-05	0.4121443033218384
403920	-3.649460	-1.192085	-0.416078	0.026005	0.412412	0.659629	-0.020408350229263305	2.6337448559670777e-05	0.41240742802619934
404040	-3.650074	-1.191583	-0.415210	0.025989	0.412649	0.660201	-0.020458674058318138	2.6337448559670777e-05	0.41264626383781433
404160	-3.650767	-1.191323	-0.414321	0.025971	0.412828	0.660789	-0.020479395892471074	2.6337448559670777e-05	0.4128255844116211
404280	-3.649752	-1.190999	-0.413838	0.025998	0.412925	0.661108	-0.02051275912672281	2.6337448559670777e-05	0.41292527318000793
404400	-3.650481	-1.190789	-0.412682	0.025979	0.413032	0.661873	-0.02053119270130992	1.7558299039780518e-05	0.4130302369594574
404520	-3.650963	-1.190490	-0.411752	0.025966	0.413205	0.662489	-0.020558801665902137	1.7558299039780518e-05	0.4132041335105896
404640	-3.650923	-1.190270	-0.411587	0.025967	0.413316	0.662598	-0.02057629991322756	2.6337448559670777e-05	0.4133145809173584
404760	-3.651336	-1.189985	-0.411184	0.025956	0.413428	0.662865	-0.020606143586337566	1.7558299039780518e-05	0.41342830657958984
404880	-3.650904	-1.189759	-0.410692	0.025968	0.413558	0.663191	-0.020624554622918366	2.6337448559670777e-05	0.4135552644729614
405000	-3.650598	-1.189496	-0.410696	0.025976	0.413708	0.663188	-0.020646387431770562	1.7558299039780518e-05	0.41370537877082825
405120	-3.650968	-1.189118	-0.409784	0.025966	0.413896	0.663794	-0.020675498247146606	2.6337448559670777e-05	0.41389235854148865
405240	-3.650812	-1.188789	-0.408738	0.025970	0.414090	0.664488	-0.02070873323827982	2.6337448559670777e-05	0.41408848762512207
405360	-3.650288	-1.188431	-0.408540	0.025984	0.414272	0.664620	-0.020741621684283017	2.6337448559670777e-05	0.41426992416381836
405480	-3.649811	-1.188007	-0.408584	0.025996	0.414467	0.664591	-0.020779816061258317	1.7558299039780518e-05	0.41446536779403687
405600	-3.650094	-1.187663	-0.408464	0.025989	0.414644	0.664670	-0.02080788491293788	2.6337448559670777e-05	0.41464105248451233
405720	-3.650108	-1.187114	-0.407245	0.025988	0.414980	0.665481	-0.020859855134040116	1.1705532693187011e-05	0.414978951215744
405840	-3.650327	-1.186854	-0.406968	0.025983	0.415106	0.665665	-0.02088589146733284	2.6337448559670777e-05	0.4151051938533783
405960	-3.651266	-1.186581	-0.406481	0.025958	0.415268	0.665989	-0.020910651329904793	1.7558299039780518e-05	0.4152661859989166
406080	-3.651358	-1.186415	-0.405855	0.025956	0.415394	0.666407	-0.020924846362322568	2.6337448559670777e-05	0.41539284586906433
406200	-3.651746	-1.186257	-0.405289	0.025946	0.415496	0.666784	-0.020940426643937825	2.6337448559670777e-05	0.41549545526504517
406320	-3.651876	-1.185872	-0.405574	0.025942	0.415662	0.666594	-0.020974312257021666	1.7558299039780518e-05	0.41566160321235657
406440	-3.651718	-1.185660	-0.405146	0.025947	0.415779	0.666879	-0.020990317594259976	2.6337448559670777e-05	0.41577693819999695
406560	-3.652674	-1.185295	-0.404405	0.025922	0.415964	0.667374	-0.021024489123374224	2.6337448559670777e-05	0.4159621298313141
406680	-3.653193	-1.185149	-0.404516	0.025908	0.416059	0.667300	-0.021038754656910897	1.7558299039780518e-05	0.41605743765830994
406800	-3.653966	-1.185043	-0.404116	0.025888	0.416163	0.667567	-0.02104940768331289	1.7558299039780518e-05	0.41616228222846985
406920	-3.654239	-1.184856	-0.403937	0.025881	0.416267	0.667686	-0.021065944619476796	2.6337448559670777e-05	0.41626623272895813
407040	-3.654830	-1.184622	-0.403795	0.025866	0.416378	0.667781	-0.02108514029532671	1.7558299039780518e-05	0.41637709736824036
407160	-3.655199	-1.184397	-0.403711	0.025856	0.416475	0.667837	-0.021106201875954866	1.7558299039780518e-05	0.41647395491600037
407280	-3.655355	-1.184237	-0.403965	0.025852	0.416575	0.667668	-0.021124728210270404	2.6337448559670777e-05	0.4165743291378021
407400	-3.656097	-1.183990	-0.403357	0.025833	0.416724	0.668074	-0.021142317168414592	1.7558299039780518e-05	0.4167221486568451
407520	-3.656401	-1.183597	-0.402526	0.025825	0.416870	0.668629	-0.02117814654484391	2.6337448559670777e-05	0.41686877608299255
407640	-3.656280	-1.183380	-0.401609	0.025828	0.416984	0.669243	-0.02119819838553667	2.6337448559670777e-05	0.4169827699661255
407760	-3.655869	-1.182958	-0.401626	0.025839	0.417139	0.669231	-0.021236517000943422	1.7558299039780518e-05	0.41713768243789673
407880	-3.656371	-1.182572	-0.400556	0.025826	0.417353	0.669948	-0.021273067593574523	2.6337448559670777e-05	0.41735175251960754
408000	-3.656765	-1.182194	-0.400260	0.025816	0.417545	0.670146	-0.02130489330738783	2.6337448559670777e-05	0.41754400730133057
408120	-3.657397	-1.181915	-0.400517	0.025800	0.417708	0.669973	-0.021330859791487456	2.6337448559670777e-05	0.4177068769931793
408240	-3.657870	-1.181582	-0.400178	0.025787	0.417877	0.670201	-0.021359446085989477	1.7558299039780518e-05	0.4178754687309265
408360	-3.657843	-1.181260	-0.399289	0.025788	0.418066	0.670797	-0.021386797539889812	2.6337448559670777e-05	0.41806355118751526
408480	-3.657848	-1.180897	-0.397988	0.025788	0.418249	0.671670	-0.021420624013990162	2.6337448559670777e-05	0.4182472229003906
408600	-3.657879	-1.180528	-0.397798	0.025787	0.418419	0.671798	-0.021454508043825628	2.6337448559670777e-05	0.41841790080070496
408720	-3.657943	-1.180239	-0.397258	0.025786	0.418596	0.672161	-0.02147987252101302	2.6337448559670777e-05	0.41859346628189087
408840	-3.657671	-1.180025	-0.396189	0.025793	0.418733	0.672880	-0.02150182705372572	1.7558299039780518e-05	0.41873297095298767
408960	-3.658134	-1.179765	-0.395987	0.025781	0.418875	0.673016	-0.02152260225266218	2.6337448559670777e-05	0.4188726544380188
409080	-3.659178	-1.179586	-0.396283	0.025754	0.418977	0.672816	-0.021540900133550166	1.7558299039780518e-05	0.4189765453338623
409200	-3.659068	-1.179305	-0.396080	0.025757	0.419114	0.672953	-0.02156649548560381	2.6337448559670777e-05	0.41911280155181885
409320	-3.659235	-1.179044	-0.395861	0.025752	0.419255	0.673100	-0.021588139049708844	1.7558299039780518e-05	0.4192546010017395
409440	-3.659959	-1.178689	-0.396306	0.025734	0.419422	0.672801	-0.021617055218666793	2.6337448559670777e-05	0.4194190800189972
409560	-3.660726	-1.178588	-0.395935	0.025714	0.419516	0.673051	-0.021628576144576073	2.6337448559670777e-05	0.4195135235786438
409680	-3.660921	-1.178340	-0.394830	0.025709	0.419677	0.673794	-0.02165273828431964	2.6337448559670777e-05	0.4196763336658478
409800	-3.660286	-1.178003	-0.394891	0.025725	0.419833	0.673753	-0.02168037537485361	2.6337448559670777e-05	0.4198320508003235
409920	-3.660156	-1.177720	-0.394250	0.025728	0.419981	0.674185	-0.021707606595009567	1.7558299039780518e-05	0.4199807643890381
410040	-3.660336	-1.177422	-0.394023	0.025724	0.420111	0.674339	-0.021735916938632728	2.6337448559670777e-05	0.4201104938983917
410160	-3.660533	-1.177290	-0.394104	0.025719	0.420172	0.674284	-0.021745395474135877	2.6337448559670777e-05	0.42017069458961487
410280	-3.659812	-1.176832	-0.393747	0.025737	0.420342	0.674525	-0.02178705995902419	1.7558299039780518e-05	0.42034101486206055
410400	-3.659531	-1.176377	-0.392514	0.025745	0.420563	0.675357	-0.021824269276112317	1.7558299039780518e-05	0.4205605685710907
410520	-3.659361	-1.176055	-0.392451	0.025749	0.420712	0.675400	-0.021854890696704387	2.6337448559670777e-05	0.42070865631103516
410640	-3.660074	-1.175895	-0.393195	0.025731	0.420806	0.674897	-0.021869027987122536	2.6337448559670777e-05	0.4208025336265564
410760	-3.660665	-1.175526	-0.391662	0.025715	0.421046	0.675933	-0.02190225087106228	2.6337448559670777e-05	0.421043336391449
410880	-3.661610	-1.175260	-0.391161	0.025691	0.421211	0.676271	-0.021932968217879534	2.6337448559670777e-05	0.42121201753616333
411000	-3.661957	-1.174892	-0.390944	0.025682	0.421422	0.676418	-0.021960509568452836	2.6337448559670777e-05	0.42142051458358765
411120	-3.662084	-1.174776	-0.390601	0.025679	0.421486	0.676650	-0.021974750328809023	2.6337448559670777e-05	0.421485960483551
411240	-3.662079	-1.174443	-0.389467	0.025679	0.421671	0.677418	-0.022002765070647003	2.6337448559670777e-05	0.421670138835907
411360	-3.662715	-1.174221	-0.389069	0.025663	0.421832	0.677688	-0.02202335577458143	1.7558299039780518e-05	0.42183154821395874
411480	-3.662099	-1.173945	-0.388540	0.025679	0.421945	0.678046	-0.02204842697829008	2.6337448559670777e-05	0.421944797039032
411600	-3.663100	-1.173889	-0.387385	0.025653	0.422025	0.678830	-0.02205304419621825	2.6337448559670777e-05	0.42202430963516235
411720	-3.663146	-1.173553	-0.386903	0.025652	0.422190	0.679157	-0.022084529791027308	2.6337448559670777e-05	0.4221896231174469
411840	-3.663497	-1.173255	-0.386190	0.025643	0.422369	0.679641	-0.022109265439212322	1.7558299039780518e-05	0.42236799001693726
411960	-3.663805	-1.173032	-0.384236	0.025635	0.422533	0.680971	-0.02213110653683543	2.6337448559670777e-05	0.42253240942955017
412080	-3.663851	-1.172912	-0.384262	0.025634	0.422596	0.680953	-0.0221418397501111	1.7558299039780518e-05	0.4225956201553345
412200	-3.664040	-1.172579	-0.382935	0.025629	0.422770	0.681857	-0.022170046344399452	2.6337448559670777e-05	0.4227701425552368
412320	-3.664867	-1.172267	-0.381631	0.025608	0.423013	0.682747	-0.02220031851902604	1.7558299039780518e-05	0.42301231622695923
412440	-3.665845	-1.172043	-0.381801	0.025583	0.423134	0.682631	-0.022216070722788573	2.6337448559670777e-05	0.4231315851211548
412560	-3.666575	-1.171599	-0.381454	0.025564	0.423362	0.682867	-0.0222581229172647	2.6337448559670777e-05	0.4233611524105072
412680	-3.666908	-1.171406	-0.380809	0.025555	0.423495	0.683309	-0.02227561203762889	2.6337448559670777e-05	0.42349329590797424
412800	-3.666938	-1.171147	-0.379803	0.025555	0.423638	0.683996	-0.022296466305851935	2.6337448559670777e-05	0.42363640666007996
412920	-3.667635	-1.170708	-0.379636	0.025537	0.423851	0.684110	-0.022334671579301357	1.7558299039780518e-05	0.4238485097885132
413040	-3.667883	-1.170466	-0.379268	0.025530	0.423970	0.684362	-0.022361693158745765	2.6337448559670777e-05	0.4239695966243744
413160	-3.668209	-1.170191	-0.379120	0.025522	0.424120	0.684463	-0.022383582033216953	1.7558299039780518e-05	0.42411842942237854
413280	-3.667481	-1.169848	-0.378387	0.025541	0.424263	0.684965	-0.02241779686883092	1.7558299039780518e-05	0.4242623448371887
413400	-3.668320	-1.169707	-0.377694	0.025519	0.424341	0.685440	-0.022428715787827968	1.7558299039780518e-05	0.42434030771255493
413520	-3.667791	-1.169382	-0.376750	0.025533	0.424511	0.686088	-0.022458200436085464	1.7558299039780518e-05	0.4245102107524872
413640	-3.668169	-1.169060	-0.376125	0.025523	0.424699	0.686517	-0.02248616311699152	1.7558299039780518e-05	0.42469653487205505
413760	-3.668319	-1.168925	-0.375707	0.025519	0.424771	0.686803	-0.02249487955123186	2.6337448559670777e-05	0.42476728558540344
413880	-3.668879	-1.168664	-0.375923	0.025505	0.424866	0.686655	-0.022521982342004775	2.6337448559670777e-05	0.4248645305633545
414000	-3.668998	-1.168553	-0.375989	0.025502	0.424932	0.686610	-0.02253528153523803	1.1705532693187011e-05	0.42493224143981934
414120	-3.669513	-1.168400	-0.375544	0.025489	0.425000	0.686916	-0.022550304979085924	2.6337448559670777e-05	0.4250010848045349
414240	-3.669216	-1.168139	-0.375524	0.025496	0.425141	0.686929	-0.02257197964936495	2.6337448559670777e-05	0.42514127492904663
414360	-3.669870	-1.167818	-0.374941	0.025480	0.425363	0.687330	-0.022596806194633244	2.6337448559670777e-05	0.42536237835884094
414480	-3.669926	-1.167471	-0.375216	0.025478	0.425528	0.687141	-0.02262876834720373	2.6337448559670777e-05	0.4255272150039673
414600	-3.669982	-1.167116	-0.374933	0.025477	0.425699	0.687335	-0.022664751578122377	2.6337448559670777e-05	0.42569848895072937
414720	-3.670368	-1.166874	-0.374381	0.025467	0.425858	0.687715	-0.022681279201060535	2.6337448559670777e-05	0.4258555769920349
414840	-3.669477	-1.166453	-0.373665	0.025490	0.426043	0.688207	-0.022719348408281805	2.6337448559670777e-05	0.42604100704193115
414960	-3.669549	-1.166133	-0.373094	0.025488	0.426230	0.688600	-0.02275212137028575	2.6337448559670777e-05	0.4262283742427826
415080	-3.669343	-1.165638	-0.372938	0.025493	0.426446	0.688708	-0.022791258431971072	2.6337448559670777e-05	0.4264427721500397
415200	-3.669120	-1.165289	-0.372502	0.025499	0.426643	0.689008	-0.022825247421860696	1.7558299039780518e-05	0.426641047000885
415320	-3.669262	-1.165085	-0.371581	0.025495	0.426755	0.689643	-0.02284492002800107	2.6337448559670777e-05	0.42675334215164185
415440	-3.669088	-1.164859	-0.371261	0.025500	0.426898	0.689864	-0.022865548729896545	1.7558299039780518e-05	0.426897257566452
415560	-3.670177	-1.164478	-0.371057	0.025472	0.427121	0.690005	-0.022893481235951186	2.6337448559670777e-05	0.4271176755428314
415680	-3.671332	-1.164060	-0.371071	0.025443	0.427360	0.689995	-0.022936944104731082	2.6337448559670777e-05	0.42735934257507324
415800	-3.671681	-1.163891	-0.370927	0.025434	0.427478	0.690094	-0.022950494196265936	2.6337448559670777e-05	0.4274751842021942
415920	-3.672139	-1.163571	-0.370029	0.025422	0.427652	0.690714	-0.022978486586362125	2.6337448559670777e-05	0.42764946818351746
416040	-3.672469	-1.163243	-0.370012	0.025414	0.427867	0.690726	-0.023008170444518326	2.6337448559670777e-05	0.42786478996276855
416160	-3.672565	-1.162767	-0.369489	0.025411	0.428064	0.691088	-0.02305038133636117	3.9506172839506166e-05	0.4280622601509094
416280	-3.672140	-1.162475	-0.369369	0.025422	0.428218	0.691170	-0.02307776315137744	2.6337448559670777e-05	0.42821571230888367
416400	-3.672317	-1.162365	-0.368745	0.025418	0.428307	0.691602	-0.023089876025915147	1.7558299039780518e-05	0.42830660939216614
416520	-3.672698	-1.161999	-0.367917	0.025408	0.428502	0.692175	-0.0231202214024961	2.6337448559670777e-05	0.4284999966621399
416640	-3.672967	-1.161858	-0.367437	0.025401	0.428623	0.692507	-0.023130952194333077	2.6337448559670777e-05	0.4286195635795593
416760	-3.672565	-1.161318	-0.366596	0.025411	0.428857	0.693090	-0.02317913230508566	2.6337448559670777e-05	0.4288535714149475
416880	-3.673106	-1.161048	-0.365105	0.025397	0.428999	0.694124	-0.023207154590636492	2.6337448559670777e-05	0.4289975166320801
417000	-3.673346	-1.160588	-0.364822	0.025391	0.429233	0.694320	-0.02324874736368656	1.7558299039780518e-05	0.42923256754875183
417120	-3.673728	-1.160430	-0.364478	0.025382	0.429349	0.694559	-0.02326609892770648	1.7558299039780518e-05	0.4293496906757355
417240	-3.674148	-1.160318	-0.364728	0.025371	0.429473	0.694386	-0.02327079130336642	2.6337448559670777e-05	0.4294702112674713
417360	-3.673744	-1.159840	-0.364964	0.025381	0.429676	0.694222	-0.023312453739345075	2.6337448559670777e-05	0.4296734035015106
417480	-3.674782	-1.159563	-0.364497	0.025355	0.429864	0.694546	-0.02333905566483736	2.6337448559670777e-05	0.4298607409000397
417600	-3.676025	-1.159156	-0.364305	0.025323	0.430122	0.694679	-0.023376582749187948	2.6337448559670777e-05	0.43012088537216187
417720	-3.676864	-1.158785	-0.363277	0.025302	0.430325	0.695394	-0.023413393273949624	1.7558299039780518e-05	0.43032583594322205
417840	-3.676236	-1.158240	-0.361939	0.025318	0.430616	0.696325	-0.023461090959608556	2.6337448559670777e-05	0.4306148886680603
417960	-3.675712	-1.158061	-0.361640	0.025331	0.430712	0.696533	-0.023476291634142398	2.6337448559670777e-05	0.4307103753089905
418080	-3.675531	-1.157645	-0.361869	0.025336	0.430918	0.696374	-0.02351251766085625	2.6337448559670777e-05	0.4309145510196686
418200	-3.675532	-1.157181	-0.360430	0.025336	0.431197	0.697376	-0.023554780799895526	2.6337448559670777e-05	0.43119555711746216
418320	-3.675792	-1.156837	-0.359769	0.025329	0.431415	0.697838	-0.023584870714694263	1.7558299039780518e-05	0.43141379952430725
418440	-3.675691	-1.156649	-0.359547	0.025332	0.431481	0.697993	-0.023606224171817302	2.6337448559670777e-05	0.43148088455200195
418560	-3.675508	-1.156372	-0.359495	0.025337	0.431564	0.698028	-0.023630132991820575	2.6337448559670777e-05	0.431564062833786
418680	-3.675884	-1.155960	-0.360341	0.025327	0.431748	0.697438	-0.02366531118750572	1.7558299039780518e-05	0.43174681067466736
418800	-3.675675	-1.155707	-0.359567	0.025332	0.431891	0.697978	-0.023691990412771702	2.6337448559670777e-05	0.43189164996147156
418920	-3.675163	-1.155445	-0.359029	0.025345	0.432029	0.698354	-0.023710872139781715	2.6337448559670777e-05	0.43202638626098633
419040	-3.675445	-1.155142	-0.358240	0.025338	0.432190	0.698905	-0.023737061861902477	2.6337448559670777e-05	0.4321877062320709
419160	-3.675496	-1.155019	-0.357930	0.025337	0.432269	0.699122	-0.023753516282886265	1.1705532693187011e-05	0.4322686493396759
419280	-3.676333	-1.154794	-0.358261	0.025316	0.432400	0.698891	-0.023772205132991074	2.6337448559670777e-05	0.4323997497558594
419400	-3.677587	-1.154357	-0.357517	0.025284	0.432651	0.699411	-0.023810570407658816	2.6337448559670777e-05	0.43264979124069214
419520	-3.678619	-1.153990	-0.356698	0.025258	0.432853	0.699984	-0.023835734464228153	2.6337448559670777e-05	0.4328482151031494
419640	-3.679640	-1.153516	-0.355710	0.025232	0.433097	0.700676	-0.023879358638077976	3.9506172839506166e-05	0.4330931007862091
419760	-3.679290	-1.153233	-0.355904	0.025241	0.433258	0.700540	-0.023909841012209655	2.6337448559670777e-05	0.43325555324554443
419880	-3.679385	-1.153093	-0.355314	0.025238	0.433371	0.700954	-0.02392450151965022	2.6337448559670777e-05	0.4333691895008087
420000	-3.679028	-1.152869	-0.355536	0.025248	0.433495	0.700798	-0.023943272326141594	2.6337448559670777e-05	0.4334929883480072
420120	-3.678891	-1.152618	-0.354904	0.025251	0.433617	0.701240	-0.023967870511114597	2.6337448559670777e-05	0.4336168169975281
420240	-3.678790	-1.152451	-0.354144	0.025254	0.433732	0.701774	-0.023980578687042	2.6337448559670777e-05	0.4337299168109894
420360	-3.678049	-1.151868	-0.353612	0.025272	0.434036	0.702147	-0.024031512066721918	2.6337448559670777e-05	0.4340325593948364
420480	-3.678740	-1.151628	-0.353678	0.025255	0.434171	0.702101	-0.024056533072143792	1.7558299039780518e-05	0.43416982889175415
420600	-3.679247	-1.151299	-0.354142	0.025242	0.434323	0.701775	-0.02408313052728772	1.7558299039780518e-05	0.4343222975730896
420720	-3.679357	-1.150951	-0.354650	0.025239	0.434489	0.701419	-0.024113981518894434	2.6337448559670777e-05	0.43448659777641296
420840	-3.679488	-1.150393	-0.354781	0.025236	0.434746	0.701327	-0.024163062032312155	2.6337448559670777e-05	0.43474316596984863
420960	-3.679089	-1.150126	-0.353862	0.025246	0.434913	0.701972	-0.024190960824489592	2.6337448559670777e-05	0.4349108338356018
421080	-3.680311	-1.149904	-0.353406	0.025215	0.435066	0.702292	-0.02420856161043048	1.7558299039780518e-05	0.435062974691391
421200	-3.680397	-1.149778	-0.352921	0.025213	0.435154	0.702633	-0.02422195626422763	2.6337448559670777e-05	0.4351530373096466
421320	-3.680431	-1.149539	-0.353723	0.025212	0.435273	0.702069	-0.024245892744511367	2.6337448559670777e-05	0.4352726936340332
421440	-3.680883	-1.149281	-0.352919	0.025201	0.435389	0.702634	-0.024264528416097164	2.6337448559670777e-05	0.4353870749473572
421560	-3.680850	-1.148991	-0.351942	0.025202	0.435536	0.703321	-0.024292878806591034	2.6337448559670777e-05	0.4355340600013733
421680	-3.680640	-1.148650	-0.351276	0.025207	0.435698	0.703789	-0.024320542253553866	1.7558299039780518e-05	0.43569692969322205
421800	-3.680257	-1.148511	-0.350393	0.025216	0.435783	0.704412	-0.02433689497411251	2.6337448559670777e-05	0.435781329870224
421920	-3.681455	-1.148278	-0.350019	0.025186	0.435934	0.704675	-0.024355757050216198	2.6337448559670777e-05	0.43593141436576843
422040	-3.682549	-1.147942	-0.348937	0.025159	0.436130	0.705438	-0.02438806127756834	2.6337448559670777e-05	0.43612852692604065
422160	-3.683458	-1.147675	-0.348667	0.025136	0.436318	0.705628	-0.024411659967154265	2.6337448559670777e-05	0.4363151490688324
422280	-3.683569	-1.147292	-0.347923	0.025133	0.436536	0.706153	-0.024446813575923442	1.7558299039780518e-05	0.43653565645217896
422400	-3.684087	-1.147084	-0.347840	0.025120	0.436653	0.706212	-0.024464750476181508	1.7558299039780518e-05	0.4366520941257477
422520	-3.684053	-1.146831	-0.347255	0.025121	0.436792	0.706625	-0.024488653149455787	1.7558299039780518e-05	0.4367915689945221
422640	-3.684305	-1.146607	-0.346665	0.025115	0.436919	0.707042	-0.02451024707406759	2.6337448559670777e-05	0.4369187355041504
422760	-3.683473	-1.146314	-0.346528	0.025136	0.437067	0.707139	-0.024533766601234675	2.6337448559670777e-05	0.43706658482551575
422880	-3.683239	-1.146056	-0.346062	0.025141	0.437191	0.707469	-0.02455631662160158	1.7558299039780518e-05	0.43718934059143066
423000	-3.683578	-1.145775	-0.345619	0.025133	0.437369	0.707782	-0.02458430053666234	2.6337448559670777e-05	0.4373690187931061
423120	-3.683711	-1.145547	-0.345462	0.025130	0.437481	0.707893	-0.02460391242057085	1.7558299039780518e-05	0.4374805688858032
423240	-3.683798	-1.145396	-0.345036	0.025127	0.437579	0.708195	-0.02461782768368721	1.7558299039780518e-05	0.43757718801498413
423360	-3.683935	-1.145191	-0.344236	0.025124	0.437707	0.708762	-0.024634325131773948	1.7558299039780518e-05	0.4377046823501587
423480	-3.684039	-1.145052	-0.344021	0.025121	0.437774	0.708914	-0.024647971149533987	1.7558299039780518e-05	0.4377739429473877
423600	-3.684817	-1.144708	-0.343022	0.025102	0.437913	0.709623	-0.024672374315559863	3.9506172839506166e-05	0.43790897727012634
423720	-3.685482	-1.144246	-0.342597	0.025085	0.438129	0.709924	-0.02471832176670432	1.1705532693187011e-05	0.4381278157234192
423840	-3.685632	-1.144084	-0.342180	0.025081	0.438205	0.710221	-0.024736278038471938	2.6337448559670777e-05	0.43820488452911377
423960	-3.685346	-1.143691	-0.341107	0.025089	0.438440	0.710983	-0.02477042470127344	2.6337448559670777e-05	0.4384388327598572
424080	-3.686053	-1.143241	-0.340530	0.025071	0.438664	0.711393	-0.024804125353693963	1.1705532693187011e-05	0.43866094946861267
424200	-3.685940	-1.142896	-0.339921	0.025074	0.438835	0.711827	-0.024836990889161824	2.6337448559670777e-05	0.43883153796195984
424320	-3.685596	-1.142517	-0.340865	0.025082	0.439029	0.711155	-0.02487693727016449	1.7558299039780518e-05	0.4390294849872589
424440	-3.685173	-1.142386	-0.340583	0.025093	0.439080	0.711355	-0.024885361548513174	1.7558299039780518e-05	0.43907788395881653
424560	-3.685498	-1.142099	-0.339402	0.025085	0.439238	0.712196	-0.024915617890655994	2.6337448559670777e-05	0.43923714756965637
424680	-3.685717	-1.141623	-0.338822	0.025079	0.439480	0.712610	-0.0249580099247396	2.6337448559670777e-05	0.43948015570640564
424800	-3.685934	-1.141581	-0.338527	0.025074	0.439538	0.712820	-0.0249609817750752	2.6337448559670777e-05	0.43953800201416016
424920	-3.686579	-1.141322	-0.337409	0.025058	0.439704	0.713617	-0.02498197229579091	2.6337448559670777e-05	0.43970200419425964
425040	-3.687328	-1.141088	-0.336981	0.025039	0.439893	0.713922	-0.025002513732761144	2.6337448559670777e-05	0.43989044427871704
425160	-3.687597	-1.140775	-0.335984	0.025032	0.440096	0.714634	-0.025033387541770934	1.7558299039780518e-05	0.44009557366371155
425280	-3.687905	-1.140635	-0.335870	0.025024	0.440166	0.714716	-0.025044375471770762	2.6337448559670777e-05	0.440164178609848
425400	-3.688271	-1.140393	-0.334938	0.025015	0.440322	0.715383	-0.02506844364106655	2.6337448559670777e-05	0.44032183289527893
425520	-3.688595	-1.140123	-0.334496	0.025007	0.440491	0.715699	-0.025089852511882782	1.7558299039780518e-05	0.4404887855052948
425640	-3.689282	-1.139951	-0.333984	0.024990	0.440616	0.716065	-0.02510730978101492	1.1705532693187011e-05	0.44061434268951416
425760	-3.689611	-1.139578	-0.333641	0.024982	0.440786	0.716311	-0.025139446090906858	2.6337448559670777e-05	0.44078484177589417
425880	-3.690019	-1.139343	-0.334201	0.024972	0.440928	0.715910	-0.025162508618086575	1.1705532693187011e-05	0.4409271776676178
426000	-3.689528	-1.138961	-0.334555	0.024984	0.441073	0.715657	-0.025195619277656078	1.7558299039780518e-05	0.4410722553730011
426120	-3.690053	-1.138778	-0.334386	0.024971	0.441172	0.715778	-0.025210462510585785	2.6337448559670777e-05	0.4411700665950775
426240	-3.690502	-1.138475	-0.333288	0.024959	0.441394	0.716564	-0.0252387092448771	1.7558299039780518e-05	0.44139331579208374
426360	-3.691155	-1.138411	-0.333036	0.024943	0.441466	0.716744	-0.02524516833946109	1.1705532693187011e-05	0.44146528840065
426480	-3.691768	-1.137985	-0.333138	0.024928	0.441665	0.716671	-0.025279887206852435	2.6337448559670777e-05	0.4416618347167969
426600	-3.691539	-1.137511	-0.332866	0.024934	0.441909	0.716866	-0.025326324440538884	1.1705532693187011e-05	0.4419080913066864
426720	-3.691137	-1.137320	-0.332580	0.024944	0.442021	0.717071	-0.025343269854784013	1.7558299039780518e-05	0.4420199990272522
426840	-3.691370	-1.136993	-0.331584	0.024938	0.442207	0.717786	-0.025371521804481746	1.7558299039780518e-05	0.44220468401908875
426960	-3.691045	-1.136623	-0.330240	0.024946	0.442402	0.718751	-0.025406306982040404	1.7558299039780518e-05	0.4424009323120117
427080	-3.690708	-1.136284	-0.330003	0.024954	0.442556	0.718922	-0.025436497200280427	2.6337448559670777e-05	0.44255444407463074
427200	-3.691072	-1.136243	-0.330195	0.024945	0.442577	0.718784	-0.0254430846311152	2.6337448559670777e-05	0.4425773620605469
427320	-3.690725	-1.136114	-0.330551	0.024954	0.442633	0.718528	-0.025453192461282016	2.6337448559670777e-05	0.44263210892677307
427440	-3.690382	-1.135961	-0.330688	0.024962	0.442728	0.718429	-0.02546356488019228	1.7558299039780518e-05	0.44272497296333313
427560	-3.691046	-1.135744	-0.329856	0.024946	0.442851	0.719027	-0.025488014426082374	2.6337448559670777e-05	0.44285088777542114
427680	-3.691371	-1.135582	-0.329384	0.024938	0.442989	0.719367	-0.025498758442699908	2.6337448559670777e-05	0.44298645853996277
427800	-3.690933	-1.135227	-0.328272	0.024949	0.443161	0.720167	-0.025531828682869673	2.6337448559670777e-05	0.4431607723236084
427920	-3.691611	-1.135046	-0.328718	0.024932	0.443281	0.719846	-0.025550672225654124	2.6337448559670777e-05	0.4432811737060547
428040	-3.691358	-1.134607	-0.327928	0.024938	0.443515	0.720415	-0.025586244463920594	2.6337448559670777e-05	0.4435136020183563
428160	-3.691285	-1.134405	-0.327591	0.024940	0.443669	0.720658	-0.025609032437205314	1.7558299039780518e-05	0.44366970658302307
428280	-3.690920	-1.134138	-0.327120	0.024949	0.443840	0.720997	-0.0256275394000113	2.6337448559670777e-05	0.4438382685184479
428400	-3.691117	-1.133691	-0.326797	0.024944	0.444069	0.721230	-0.025665904767811297	1.7558299039780518e-05	0.4440664052963257
428520	-3.691290	-1.133436	-0.326366	0.024940	0.444193	0.721541	-0.025690676737576724	1.7558299039780518e-05	0.4441908001899719
428640	-3.691999	-1.132976	-0.325240	0.024922	0.444493	0.722354	-0.025730539672076704	1.1705532693187011e-05	0.4444909691810608
428760	-3.691913	-1.132613	-0.324788	0.024924	0.444668	0.722680	-0.025766901299357416	1.7558299039780518e-05	0.44466662406921387
428880	-3.692791	-1.132317	-0.324010	0.024902	0.444904	0.723243	-0.025793889723718166	2.6337448559670777e-05	0.4449021816253662
429000	-3.693819	-1.131868	-0.323687	0.024877	0.445119	0.723477	-0.025829519238322975	2.6337448559670777e-05	0.4451151490211487
429120	-3.693340	-1.131655	-0.322633	0.024889	0.445226	0.724239	-0.025854973308742046	1.7558299039780518e-05	0.44522547721862793
429240	-3.693455	-1.131386	-0.322324	0.024886	0.445356	0.724463	-0.025876857899129392	1.7558299039780518e-05	0.44535428285598755
429360	-3.693507	-1.130868	-0.321189	0.024885	0.445636	0.725286	-0.025919399876147508	2.6337448559670777e-05	0.4456314146518707
429480	-3.693541	-1.130451	-0.320977	0.024884	0.445838	0.725440	-0.025961347203701735	2.6337448559670777e-05	0.44583630561828613
429600	-3.694032	-1.130152	-0.320638	0.024872	0.446052	0.725686	-0.025989437475800514	2.6337448559670777e-05	0.446050226688385
429720	-3.693994	-1.129641	-0.319511	0.024872	0.446300	0.726504	-0.02603456927463412	1.7558299039780518e-05	0.44629967212677
429840	-3.694289	-1.129347	-0.319289	0.024865	0.446438	0.726666	-0.02606137851253152	2.6337448559670777e-05	0.44643592834472656
429960	-3.694350	-1.129178	-0.318801	0.024864	0.446543	0.727020	-0.026075245067477226	2.6337448559670777e-05	0.4465413987636566
430080	-3.694373	-1.128845	-0.319082	0.024863	0.446725	0.726816	-0.026105733681470157	1.1705532693187011e-05	0.4467232823371887
430200	-3.694234	-1.128537	-0.319361	0.024867	0.446875	0.726613	-0.026131953485310076	2.6337448559670777e-05	0.446873277425766
430320	-3.694753	-1.128373	-0.319899	0.024854	0.446971	0.726223	-0.026147235091775654	2.6337448559670777e-05	0.4469682276248932
430440	-3.695772	-1.128096	-0.319604	0.024828	0.447142	0.726437	-0.026175512373447417	1.7558299039780518e-05	0.4471417963504791
430560	-3.695566	-1.127526	-0.319384	0.024833	0.447370	0.726597	-0.026221591606736185	1.7558299039780518e-05	0.44736772775650024
430680	-3.695947	-1.127115	-0.318747	0.024824	0.447578	0.727060	-0.02625832911580801	1.7558299039780518e-05	0.44757598638534546
430800	-3.696433	-1.126704	-0.318471	0.024812	0.447818	0.727260	-0.026295138522982597	2.6337448559670777e-05	0.44781380891799927
430920	-3.696515	-1.126397	-0.317705	0.024810	0.447970	0.727818	-0.026326247956603765	1.7558299039780518e-05	0.44796767830848694
431040	-3.696740	-1.126109	-0.316883	0.024804	0.448137	0.728416	-0.02635439718142152	1.7558299039780518e-05	0.4481376111507416
431160	-3.696492	-1.125750	-0.315945	0.024810	0.448339	0.729100	-0.02638377472758293	1.7558299039780518e-05	0.44833698868751526
431280	-3.697311	-1.125366	-0.316369	0.024790	0.448544	0.728791	-0.026418191939592363	2.6337448559670777e-05	0.4485427439212799
431400	-3.697566	-1.125144	-0.316149	0.024784	0.448670	0.728951	-0.02644068170338869	2.6337448559670777e-05	0.4486703872680664
431520	-3.696878	-1.124792	-0.315273	0.024801	0.448850	0.729590	-0.026470612082630397	2.6337448559670777e-05	0.44884833693504333
431640	-3.697203	-1.124459	-0.314978	0.024793	0.449017	0.729805	-0.02649936405941844	2.6337448559670777e-05	0.4490146040916443
431760	-3.697618	-1.124247	-0.314650	0.024782	0.449155	0.730044	-0.026522387471050023	2.6337448559670777e-05	0.4491550028324127
431880	-3.697687	-1.123748	-0.314177	0.024781	0.449397	0.730390	-0.026563145220279694	1.7558299039780518e-05	0.44939619302749634
432000	-3.697703	-1.123356	-0.313222	0.024780	0.449617	0.731088	-0.02659692531451583	2.6337448559670777e-05	0.44961342215538025
432120	-3.697588	-1.122851	-0.313061	0.024783	0.449837	0.731205	-0.026643311604857445	2.6337448559670777e-05	0.44983580708503723
432240	-3.697702	-1.122584	-0.313754	0.024780	0.449939	0.730699	-0.026670606713742016	1.7558299039780518e-05	0.4499385952949524
432360	-3.697462	-1.122379	-0.312775	0.024786	0.450059	0.731415	-0.0266854184679687	2.6337448559670777e-05	0.4500560164451599
432480	-3.697991	-1.122133	-0.312180	0.024773	0.450202	0.731849	-0.026707359496504067	2.6337448559670777e-05	0.45019954442977905
432600	-3.698098	-1.121957	-0.311919	0.024771	0.450320	0.732040	-0.026724716648459435	1.7558299039780518e-05	0.4503188729286194
432720	-3.698537	-1.121538	-0.310913	0.024760	0.450576	0.732778	-0.026760755851864815	2.6337448559670777e-05	0.45057231187820435
432840	-3.699048	-1.121020	-0.310268	0.024747	0.450861	0.733251	-0.02681068079546094	2.6337448559670777e-05	0.4508601427078247
432960	-3.699298	-1.120618	-0.309585	0.024741	0.451039	0.733751	-0.026845429185777904	1.1705532693187011e-05	0.4510383605957031
433080	-3.699022	-1.120279	-0.308766	0.024748	0.451235	0.734352	-0.026879908330738545	2.6337448559670777e-05	0.45123380422592163
433200	-3.699758	-1.120034	-0.307627	0.024730	0.451422	0.735190	-0.0269000425003469	2.6337448559670777e-05	0.4514199495315552
433320	-3.700576	-1.119870	-0.306923	0.024709	0.451570	0.735707	-0.02691503306850791	1.7558299039780518e-05	0.4515693187713623
433440	-3.701202	-1.119552	-0.306535	0.024694	0.451799	0.735993	-0.02694301949813962	2.6337448559670777e-05	0.45179712772369385
433560	-3.702394	-1.119260	-0.305645	0.024664	0.452026	0.736648	-0.026969594322144984	2.6337448559670777e-05	0.4520242214202881
433680	-3.703721	-1.118953	-0.305280	0.024632	0.452216	0.736917	-0.02699762610718608	2.6337448559670777e-05	0.45221513509750366
433800	-3.703420	-1.118504	-0.304440	0.024639	0.452493	0.737536	-0.027036833204329015	2.6337448559670777e-05	0.4524919390678406
433920	-3.703953	-1.118264	-0.305063	0.024626	0.452648	0.737077	-0.027061502821743487	1.7558299039780518e-05	0.45264744758605957
434040	-3.703974	-1.118054	-0.304523	0.024625	0.452784	0.737475	-0.027075615990906955	2.6337448559670777e-05	0.452782541513443
434160	-3.704638	-1.117814	-0.304057	0.024609	0.452928	0.737819	-0.027098989859223366	1.7558299039780518e-05	0.45292630791664124
434280	-3.705101	-1.117458	-0.303319	0.024598	0.453144	0.738364	-0.027132324036210777	2.6337448559670777e-05	0.4531422257423401
434400	-3.706172	-1.117174	-0.302899	0.024571	0.453327	0.738674	-0.0271539774723351	2.6337448559670777e-05	0.4533243477344513
434520	-3.707090	-1.116830	-0.303070	0.024549	0.453502	0.738547	-0.027183591015636922	2.6337448559670777e-05	0.45349884033203125
434640	-3.707009	-1.116627	-0.302740	0.024551	0.453609	0.738791	-0.027207920514047145	2.6337448559670777e-05	0.45360901951789856
434760	-3.706729	-1.116220	-0.302592	0.024558	0.453765	0.738901	-0.027240121085196734	2.6337448559670777e-05	0.4537634253501892
434880	-3.707116	-1.115887	-0.301938	0.024548	0.453917	0.739384	-0.027274433057755232	1.7558299039780518e-05	0.4539162218570709
435000	-3.708315	-1.115892	-0.300835	0.024519	0.453988	0.740200	-0.027275881357491018	2.6337448559670777e-05	0.45398733019828796
435120	-3.708809	-1.115533	-0.301136	0.024507	0.454202	0.739977	-0.027306144312024116	1.7558299039780518e-05	0.4542016386985779
435240	-3.708489	-1.115162	-0.300976	0.024515	0.454421	0.740095	-0.027338317967951296	1.1705532693187011e-05	0.4544200897216797
435360	-3.708772	-1.114906	-0.300979	0.024508	0.454530	0.740094	-0.027361040655523538	1.7558299039780518e-05	0.454529732465744
435480	-3.708854	-1.114622	-0.300966	0.024506	0.454686	0.740103	-0.0273864452727139	1.1705532693187011e-05	0.4546849727630615
435600	-3.710137	-1.114294	-0.300225	0.024474	0.454886	0.740651	-0.027417335845530032	1.7558299039780518e-05	0.4548857808113098
435720	-3.710673	-1.114042	-0.300097	0.024461	0.455011	0.740746	-0.02743919948115945	1.7558299039780518e-05	0.4550100564956665
435840	-3.711097	-1.113838	-0.299486	0.024451	0.455154	0.741199	-0.02745420252904296	2.6337448559670777e-05	0.4551514983177185
435960	-3.711278	-1.113600	-0.298775	0.024446	0.455306	0.741726	-0.02748067453503609	1.7558299039780518e-05	0.455305814743042
436080	-3.712376	-1.113298	-0.297761	0.024419	0.455483	0.742478	-0.027506386023014785	1.1705532693187011e-05	0.45548251271247864
436200	-3.712068	-1.112998	-0.298144	0.024427	0.455588	0.742195	-0.02753213085234165	1.7558299039780518e-05	0.45558786392211914
436320	-3.711963	-1.112678	-0.298005	0.024430	0.455739	0.742298	-0.02756114937365055	1.1705532693187011e-05	0.45573848485946655
436440	-3.712274	-1.112449	-0.298095	0.024422	0.455861	0.742231	-0.027579640317708255	2.6337448559670777e-05	0.4558585286140442
436560	-3.713029	-1.112271	-0.298123	0.024403	0.456009	0.742210	-0.02760101482272148	2.6337448559670777e-05	0.4560096263885498
436680	-3.713771	-1.112026	-0.297695	0.024385	0.456148	0.742528	-0.02761733774095774	1.7558299039780518e-05	0.45614662766456604
436800	-3.713598	-1.111620	-0.296824	0.024390	0.456342	0.743175	-0.027653660904616118	1.7558299039780518e-05	0.4563409090042114
436920	-3.713789	-1.111274	-0.296539	0.024385	0.456540	0.743387	-0.027688727155327796	1.7558299039780518e-05	0.45653969049453735
437040	-3.714002	-1.110974	-0.295552	0.024380	0.456661	0.744121	-0.027713154070079328	2.6337448559670777e-05	0.45665931701660156
437160	-3.713635	-1.110740	-0.295262	0.024389	0.456770	0.744336	-0.027735530119389295	1.7558299039780518e-05	0.4567680358886719
437280	-3.714211	-1.110505	-0.295540	0.024375	0.456896	0.744129	-0.027756476867944004	1.1705532693187011e-05	0.45689448714256287
437400	-3.714442	-1.110119	-0.295233	0.024369	0.457103	0.744358	-0.027789146825671195	2.6337448559670777e-05	0.4571015536785126
437520	-3.714485	-1.109921	-0.294709	0.024368	0.457216	0.744748	-0.027807887084782122	2.6337448559670777e-05	0.45721352100372314
437640	-3.715226	-1.109360	-0.294227	0.024350	0.457505	0.745108	-0.027859375346451998	1.7558299039780518e-05	0.4575037360191345
437760	-3.715371	-1.108872	-0.294311	0.024346	0.457784	0.745045	-0.027902368549257518	1.1705532693187011e-05	0.4577832520008087
437880	-3.715808	-1.108630	-0.293569	0.024336	0.457978	0.745598	-0.027925128024071454	2.6337448559670777e-05	0.4579741656780243
438000	-3.716154	-1.108354	-0.292485	0.024327	0.458163	0.746407	-0.027949206065386534	1.7558299039780518e-05	0.4581610858440399
438120	-3.716160	-1.107981	-0.291803	0.024327	0.458386	0.746916	-0.027982735168188812	1.7558299039780518e-05	0.4583834707736969
438240	-3.716593	-1.107600	-0.291190	0.024317	0.458565	0.747373	-0.02801897320896387	2.6337448559670777e-05	0.45856496691703796
438360	-3.717485	-1.107329	-0.290422	0.024295	0.458737	0.747948	-0.028041265811771153	2.6337448559670777e-05	0.4587348401546478
438480	-3.716810	-1.107047	-0.291099	0.024311	0.458872	0.747441	-0.028068429976701736	2.6337448559670777e-05	0.45886948704719543
438600	-3.716360	-1.106490	-0.290449	0.024322	0.459122	0.747928	-0.02811807282269001	1.7558299039780518e-05	0.4591217339038849
438720	-3.716504	-1.106210	-0.289905	0.024319	0.459278	0.748335	-0.028141940571367742	2.6337448559670777e-05	0.45927613973617554
438840	-3.717632	-1.105730	-0.288959	0.024291	0.459585	0.749043	-0.028184381779283285	2.6337448559670777e-05	0.4595816731452942
438960	-3.717627	-1.105363	-0.288904	0.024292	0.459758	0.749084	-0.028221110999584197	1.7558299039780518e-05	0.45975860953330994
439080	-3.717790	-1.105168	-0.288531	0.024288	0.459874	0.749364	-0.028239050507545473	1.1705532693187011e-05	0.45987388491630554
439200	-3.718070	-1.104932	-0.288655	0.024281	0.459985	0.749270	-0.028257789369672538	1.7558299039780518e-05	0.4599829912185669
439320	-3.718459	-1.104615	-0.288217	0.024271	0.460168	0.749599	-0.028284475579857825	1.7558299039780518e-05	0.4601660966873169
439440	-3.718152	-1.104564	-0.288866	0.024279	0.460179	0.749113	-0.028294196352362633	1.7558299039780518e-05	0.46017906069755554
439560	-3.718420	-1.104245	-0.288992	0.024272	0.460323	0.749018	-0.028318521659821273	1.7558299039780518e-05	0.4603216052055359
439680	-3.719370	-1.104006	-0.288548	0.024249	0.460455	0.749351	-0.028340780083090066	2.6337448559670777e-05	0.46045392751693726
439800	-3.718649	-1.103703	-0.288430	0.024267	0.460623	0.749439	-0.028368793427944183	2.6337448559670777e-05	0.46062177419662476
439920	-3.718087	-1.103486	-0.289008	0.024280	0.460737	0.749007	-0.028387462627142666	2.6337448559670777e-05	0.4607347846031189
440040	-3.718010	-1.103209	-0.289170	0.024282	0.460866	0.748885	-0.028412492852658032	2.6337448559670777e-05	0.4608645737171173
440160	-3.718759	-1.102992	-0.289183	0.024264	0.461028	0.748875	-0.028434135392308234	2.6337448559670777e-05	0.46102675795555115
440280	-3.718654	-1.102716	-0.288282	0.024267	0.461148	0.749551	-0.028457920625805856	2.6337448559670777e-05	0.4611464738845825
440400	-3.718471	-1.102383	-0.287569	0.024271	0.461315	0.750085	-0.028487554285675287	1.7558299039780518e-05	0.4613143801689148
440520	-3.718808	-1.102149	-0.287371	0.024263	0.461442	0.750233	-0.028507787082344294	1.7558299039780518e-05	0.46143975853919983
440640	-3.718679	-1.101772	-0.287265	0.024266	0.461614	0.750313	-0.02854231670498848	1.1705532693187011e-05	0.4616134464740753
440760	-3.719127	-1.101498	-0.286353	0.024255	0.461799	0.750998	-0.028565705940127372	1.7558299039780518e-05	0.46179676055908203
440880	-3.719142	-1.101203	-0.285707	0.024255	0.461948	0.751482	-0.028595627564936877	1.7558299039780518e-05	0.46194779872894287
441000	-3.718999	-1.100939	-0.285301	0.024258	0.462116	0.751788	-0.02861611619591713	2.6337448559670777e-05	0.46211305260658264
441120	-3.718759	-1.100723	-0.285515	0.024264	0.462224	0.751627	-0.028639077115803956	2.6337448559670777e-05	0.46222352981567383
441240	-3.718840	-1.100374	-0.284773	0.024262	0.462407	0.752185	-0.028667190857231618	2.6337448559670777e-05	0.4624055325984955
441360	-3.719080	-1.100031	-0.285054	0.024256	0.462607	0.751974	-0.028700164053589106	3.9506172839506166e-05	0.4626048803329468
441480	-3.720193	-1.099744	-0.284744	0.024229	0.462778	0.752207	-0.028724812902510166	1.7558299039780518e-05	0.4627775251865387
441600	-3.720116	-1.099603	-0.284327	0.024231	0.462867	0.752520	-0.028737942222505808	1.7558299039780518e-05	0.46286702156066895
441720	-3.719898	-1.099309	-0.284384	0.024236	0.462995	0.752478	-0.028765264712274075	2.6337448559670777e-05	0.46299508213996887
441840	-3.719941	-1.099155	-0.284939	0.024235	0.463044	0.752060	-0.028778502251952887	1.7558299039780518e-05	0.46304410696029663
441960	-3.720011	-1.098924	-0.285401	0.024234	0.463151	0.751712	-0.028797805961221456	2.6337448559670777e-05	0.46314942836761475
442080	-3.720773	-1.098750	-0.285164	0.024215	0.463283	0.751891	-0.028812768589705228	1.7558299039780518e-05	0.4632815718650818
442200	-3.720254	-1.098510	-0.284784	0.024228	0.463400	0.752177	-0.02883338164538145	2.6337448559670777e-05	0.4633965790271759
442320	-3.720708	-1.098452	-0.284945	0.024217	0.463430	0.752056	-0.028845430724322794	2.6337448559670777e-05	0.46343088150024414
442440	-3.720442	-1.097991	-0.285682	0.024223	0.463656	0.751501	-0.028879992384463548	2.6337448559670777e-05	0.4636533558368683
442560	-3.720745	-1.097377	-0.285511	0.024216	0.463990	0.751630	-0.028936955146491528	2.6337448559670777e-05	0.46398770809173584
442680	-3.721274	-1.096996	-0.285428	0.024203	0.464219	0.751693	-0.02897150032222271	1.7558299039780518e-05	0.4642167091369629
442800	-3.721189	-1.096459	-0.284275	0.024205	0.464501	0.752559	-0.029017632082104682	2.6337448559670777e-05	0.46449825167655945
442920	-3.720779	-1.096096	-0.283347	0.024215	0.464736	0.753259	-0.029049997497349978	1.1705532693187011e-05	0.4647343158721924
443040	-3.721182	-1.095682	-0.282647	0.024205	0.464939	0.753786	-0.02909070048481226	1.7558299039780518e-05	0.46493780612945557
443160	-3.720837	-1.095556	-0.282313	0.024214	0.464991	0.754037	-0.029102873429656027	2.6337448559670777e-05	0.46499118208885193
443280	-3.721149	-1.095380	-0.282209	0.024206	0.465081	0.754116	-0.029118200950324535	1.7558299039780518e-05	0.4650799036026001
443400	-3.722005	-1.095109	-0.281045	0.024185	0.465276	0.754995	-0.02914018342271447	2.6337448559670777e-05	0.46527326107025146
443520	-3.722788	-1.094850	-0.280741	0.024166	0.465441	0.755224	-0.029164942819625138	1.1705532693187011e-05	0.46543994545936584
443640	-3.723424	-1.094575	-0.280261	0.024151	0.465630	0.755587	-0.029189462866634132	1.7558299039780518e-05	0.4656291902065277
443760	-3.723863	-1.094218	-0.280591	0.024141	0.465823	0.755337	-0.029223899263888596	1.1705532693187011e-05	0.46582284569740295
443880	-3.724400	-1.094027	-0.279997	0.024128	0.465959	0.755786	-0.02923773741349578	2.6337448559670777e-05	0.465956449508667
444000	-3.724663	-1.093755	-0.280916	0.024121	0.466104	0.755092	-0.029266670066863298	2.6337448559670777e-05	0.46610328555107117
444120	-3.724997	-1.093270	-0.280278	0.024113	0.466328	0.755574	-0.029303500801324843	1.1705532693187011e-05	0.4663267433643341
444240	-3.725341	-1.093097	-0.279492	0.024105	0.466444	0.756168	-0.02932455958798528	1.7558299039780518e-05	0.4664428234100342
444360	-3.725121	-1.092916	-0.278961	0.024110	0.466512	0.756570	-0.029338037129491568	2.6337448559670777e-05	0.4665106236934662
444480	-3.725171	-1.092598	-0.278031	0.024109	0.466692	0.757273	-0.0293666273355484	1.7558299039780518e-05	0.4666895270347595
444600	-3.725611	-1.092338	-0.277082	0.024098	0.466884	0.757993	-0.02939165150746703	2.6337448559670777e-05	0.46688175201416016
444720	-3.725161	-1.091970	-0.276787	0.024109	0.467047	0.758216	-0.029425202496349813	1.7558299039780518e-05	0.4670464098453522
444840	-3.725260	-1.091722	-0.276414	0.024107	0.467175	0.758499	-0.02944752909243107	2.6337448559670777e-05	0.4671748876571655
444960	-3.725251	-1.091219	-0.276033	0.024107	0.467436	0.758788	-0.029488521814346313	2.6337448559670777e-05	0.46743300557136536
445080	-3.725629	-1.090907	-0.276133	0.024098	0.467576	0.758712	-0.029518361017107964	1.7558299039780518e-05	0.4675745964050293
445200	-3.726358	-1.090533	-0.275875	0.024080	0.467765	0.758908	-0.029551398660987615	1.7558299039780518e-05	0.4677627682685852
445320	-3.726602	-1.090323	-0.275617	0.024075	0.467902	0.759104	-0.02957412609830499	1.7558299039780518e-05	0.467901349067688
445440	-3.726254	-1.089935	-0.275218	0.024083	0.468098	0.759406	-0.029608442448079586	1.7558299039780518e-05	0.4680967330932617
445560	-3.726450	-1.089717	-0.274629	0.024078	0.468198	0.759854	-0.029629102535545827	1.7558299039780518e-05	0.4681974947452545
445680	-3.726873	-1.089364	-0.274517	0.024068	0.468381	0.759939	-0.029657052271068095	2.6337448559670777e-05	0.4683789908885956
445800	-3.726812	-1.088808	-0.273881	0.024069	0.468654	0.760422	-0.029706557095050812	1.7558299039780518e-05	0.468650758266449
445920	-3.727187	-1.088523	-0.272963	0.024060	0.468843	0.761121	-0.029734927136451005	2.6337448559670777e-05	0.4688411355018616
446040	-3.727132	-1.088318	-0.272268	0.024062	0.468987	0.761650	-0.029753408394753933	1.7558299039780518e-05	0.46898552775382996
446160	-3.727894	-1.088072	-0.272045	0.024043	0.469169	0.761820	-0.029775224439799786	1.1705532693187011e-05	0.4691683053970337
446280	-3.728442	-1.087914	-0.271460	0.024030	0.469265	0.762266	-0.029788419883698226	1.7558299039780518e-05	0.46926310658454895
446400	-3.728271	-1.087777	-0.271725	0.024034	0.469352	0.762064	-0.029804744478315114	1.7558299039780518e-05	0.46935248374938965
446520	-3.729183	-1.087743	-0.272014	0.024012	0.469401	0.761843	-0.029803535994142295	2.6337448559670777e-05	0.4693974554538727
446640	-3.729269	-1.087532	-0.271528	0.024010	0.469531	0.762214	-0.029827054217457773	2.6337448559670777e-05	0.4695301055908203
446760	-3.729815	-1.087207	-0.270903	0.023997	0.469747	0.762691	-0.029849685821682216	2.6337448559670777e-05	0.46974387764930725
446880	-3.730425	-1.087078	-0.270633	0.023983	0.469840	0.762896	-0.029866999201476573	2.6337448559670777e-05	0.4698403477668762
447000	-3.731240	-1.086847	-0.271293	0.023963	0.469957	0.762393	-0.02988625718280673	1.7558299039780518e-05	0.4699558615684509
447120	-3.731442	-1.086701	-0.271578	0.023958	0.470016	0.762176	-0.02990363137796521	1.7558299039780518e-05	0.47001761198043823
447240	-3.730732	-1.086386	-0.271906	0.023975	0.470175	0.761926	-0.02992491042241454	2.6337448559670777e-05	0.4701730012893677
447360	-3.731021	-1.086008	-0.271534	0.023968	0.470422	0.762209	-0.029962515085935594	2.6337448559670777e-05	0.47042086720466614
447480	-3.731836	-1.085865	-0.271196	0.023949	0.470544	0.762467	-0.02997614797204733	1.7558299039780518e-05	0.4705437123775482
447600	-3.731990	-1.085710	-0.271626	0.023945	0.470633	0.762139	-0.029989002086222172	2.6337448559670777e-05	0.47063252329826355
447720	-3.732346	-1.085433	-0.271544	0.023937	0.470792	0.762202	-0.030012968741357327	2.6337448559670777e-05	0.47079041600227356
447840	-3.733237	-1.085202	-0.270558	0.023915	0.470980	0.762953	-0.030037635657936334	2.6337448559670777e-05	0.4709794223308563
447960	-3.732359	-1.084939	-0.271326	0.023936	0.471095	0.762368	-0.03005697075277567	1.7558299039780518e-05	0.4710922837257385
448080	-3.731628	-1.084607	-0.270502	0.023954	0.471273	0.762996	-0.030086340103298425	2.6337448559670777e-05	0.4712715744972229
448200	-3.731838	-1.084358	-0.270388	0.023949	0.471437	0.763084	-0.030106329079717397	2.6337448559670777e-05	0.4714326858520508
448320	-3.732046	-1.083948	-0.269677	0.023944	0.471702	0.763626	-0.030146171618252993	2.6337448559670777e-05	0.4716998338699341
448440	-3.732717	-1.083783	-0.269479	0.023928	0.471805	0.763777	-0.030161506775766612	1.7558299039780518e-05	0.4718036651611328
448560	-3.732750	-1.083585	-0.268463	0.023927	0.471918	0.764554	-0.03017686977982521	1.7558299039780518e-05	0.4719148576259613
448680	-3.732890	-1.083246	-0.268294	0.023924	0.472125	0.764683	-0.03020837251096964	2.6337448559670777e-05	0.47212401032447815
448800	-3.732671	-1.082859	-0.268559	0.023929	0.472309	0.764480	-0.030244689900428057	1.7558299039780518e-05	0.472307026386261
448920	-3.732788	-1.082566	-0.268379	0.023926	0.472502	0.764618	-0.030272023100405932	2.6337448559670777e-05	0.47250044345855713
449040	-3.732375	-1.082472	-0.268868	0.023936	0.472559	0.764244	-0.030283269193023443	2.6337448559670777e-05	0.47255954146385193
449160	-3.732683	-1.082401	-0.268650	0.023929	0.472631	0.764411	-0.030287809018045665	1.7558299039780518e-05	0.47263067960739136
449280	-3.733580	-1.082182	-0.268360	0.023907	0.472801	0.764633	-0.030304737761616705	1.7558299039780518e-05	0.47279924154281616
449400	-3.733620	-1.081876	-0.268243	0.023906	0.472928	0.764722	-0.03033181233331561	2.6337448559670777e-05	0.4729246497154236
449520	-3.733546	-1.081625	-0.267748	0.023908	0.473059	0.765100	-0.03035560855641961	1.7558299039780518e-05	0.47305771708488464
449640	-3.733847	-1.081521	-0.267518	0.023901	0.473143	0.765277	-0.030365009140223265	1.7558299039780518e-05	0.47314172983169556
449760	-3.734728	-1.081285	-0.268115	0.023880	0.473266	0.764820	-0.030386475287377833	1.7558299039780518e-05	0.4732649028301239
449880	-3.735115	-1.080954	-0.268212	0.023870	0.473458	0.764746	-0.03041594596579671	2.6337448559670777e-05	0.47345542907714844
450000	-3.735479	-1.080622	-0.267570	0.023862	0.473685	0.765237	-0.03044594544917345	1.7558299039780518e-05	0.47368356585502625
450120	-3.735844	-1.080487	-0.266696	0.023853	0.473791	0.765906	-0.030460729915648698	1.7558299039780518e-05	0.4737901985645294
450240	-3.736455	-1.080378	-0.266651	0.023838	0.473882	0.765940	-0.03046893933787942	1.7558299039780518e-05	0.4738808870315552
450360	-3.736265	-1.080252	-0.266833	0.023843	0.473971	0.765801	-0.03047833340242505	2.6337448559670777e-05	0.4739696681499481
450480	-3.736408	-1.079770	-0.266732	0.023840	0.474274	0.765878	-0.030521084275096654	1.7558299039780518e-05	0.4742726981639862
450600	-3.737408	-1.079759	-0.266691	0.023816	0.474339	0.765909	-0.03052533194422722	2.6337448559670777e-05	0.47433942556381226
450720	-3.737617	-1.079551	-0.266714	0.023811	0.474422	0.765892	-0.030541333742439745	1.7558299039780518e-05	0.4744199812412262
450840	-3.738041	-1.079453	-0.267015	0.023801	0.474506	0.765662	-0.030553633347153664	1.7558299039780518e-05	0.4745050370693207
450960	-3.738429	-1.079216	-0.266694	0.023791	0.474647	0.765907	-0.03057068744674325	2.6337448559670777e-05	0.4746442437171936
451080	-3.738427	-1.078944	-0.265606	0.023792	0.474816	0.766741	-0.030596318654716015	2.6337448559670777e-05	0.47481396794319153
451200	-3.738985	-1.078546	-0.265316	0.023778	0.475078	0.766964	-0.030633372999727727	1.7558299039780518e-05	0.47507649660110474
451320	-3.738927	-1.078278	-0.264964	0.023780	0.475273	0.767234	-0.03065787386149168	1.7558299039780518e-05	0.47527095675468445
451440	-3.739365	-1.078136	-0.265199	0.023769	0.475346	0.767054	-0.030666393507272006	2.6337448559670777e-05	0.475342333316803
451560	-3.739935	-1.077863	-0.264332	0.023756	0.475485	0.767719	-0.030689932778477667	1.7558299039780518e-05	0.475482702255249
451680	-3.740440	-1.077631	-0.263725	0.023744	0.475646	0.768185	-0.030719111021608115	2.6337448559670777e-05	0.4756461977958679
451800	-3.741104	-1.077314	-0.263328	0.023728	0.475873	0.768490	-0.030744533706456422	2.6337448559670777e-05	0.47587063908576965
451920	-3.741271	-1.076857	-0.262915	0.023724	0.476156	0.768807	-0.030780514888465404	2.6337448559670777e-05	0.476151704788208
452040	-3.741421	-1.076587	-0.262738	0.023720	0.476345	0.768944	-0.030810367409139873	2.6337448559670777e-05	0.4763450026512146
452160	-3.741375	-1.076449	-0.262334	0.023721	0.476448	0.769254	-0.030824500788003206	2.6337448559670777e-05	0.47644779086112976
452280	-3.741108	-1.076057	-0.262373	0.023728	0.476643	0.769224	-0.030860644392669202	2.6337448559670777e-05	0.47664397954940796
452400	-3.741714	-1.075872	-0.262449	0.023713	0.476745	0.769166	-0.030874594859778882	1.7558299039780518e-05	0.47674381732940674
452520	-3.741780	-1.075299	-0.261644	0.023712	0.477036	0.769785	-0.030924519523978233	1.7558299039780518e-05	0.4770354628562927
452640	-3.742445	-1.074856	-0.261441	0.023696	0.477298	0.769941	-0.03096385905519128	1.7558299039780518e-05	0.477295458316803
452760	-3.743013	-1.074530	-0.261298	0.023683	0.477492	0.770051	-0.030995654221624137	2.6337448559670777e-05	0.4774905741214752
452880	-3.743194	-1.074162	-0.260726	0.023678	0.477709	0.770492	-0.031025703717023134	2.6337448559670777e-05	0.47770586609840393
453000	-3.743594	-1.073988	-0.260480	0.023669	0.477862	0.770682	-0.031044201366603373	2.6337448559670777e-05	0.4778607487678528
453120	-3.742836	-1.073635	-0.259652	0.023687	0.478066	0.771320	-0.031076110526919366	2.6337448559670777e-05	0.47806495428085327
453240	-3.742932	-1.073265	-0.257995	0.023685	0.478322	0.772599	-0.03110529063269496	2.6337448559670777e-05	0.4783180058002472
453360	-3.743614	-1.072809	-0.257061	0.023668	0.478612	0.773321	-0.031145652756094933	1.7558299039780518e-05	0.47860902547836304
453480	-3.743417	-1.072403	-0.256532	0.023673	0.478849	0.773731	-0.03118763454258442	1.7558299039780518e-05	0.4788483679294586
453600	-3.744526	-1.072360	-0.255736	0.023647	0.478949	0.774346	-0.031192949134856464	1.7558299039780518e-05	0.47894954681396484
453720	-3.745289	-1.072054	-0.256255	0.023629	0.479171	0.773945	-0.031216999050229788	2.6337448559670777e-05	0.47916892170906067
453840	-3.745482	-1.071842	-0.256397	0.023624	0.479315	0.773835	-0.031237078364938498	2.6337448559670777e-05	0.4793143570423126
453960	-3.746184	-1.071650	-0.256280	0.023608	0.479460	0.773925	-0.03125400021672249	1.7558299039780518e-05	0.47945815324783325
454080	-3.746424	-1.071381	-0.255691	0.023602	0.479649	0.774381	-0.031276961974799636	1.7558299039780518e-05	0.47964683175086975
454200	-3.747092	-1.071234	-0.255497	0.023586	0.479741	0.774532	-0.031289365515112876	2.6337448559670777e-05	0.47973915934562683
454320	-3.747701	-1.070980	-0.254422	0.023572	0.479894	0.775364	-0.03131302613765001	1.7558299039780518e-05	0.47989341616630554
454440	-3.746911	-1.070547	-0.253776	0.023591	0.480086	0.775866	-0.03135177344083786	2.6337448559670777e-05	0.48008495569229126
454560	-3.746952	-1.070308	-0.252997	0.023590	0.480249	0.776470	-0.03137648459523916	2.6337448559670777e-05	0.48024865984916687
454680	-3.746930	-1.069933	-0.252166	0.023590	0.480486	0.777116	-0.03141071889549494	2.6337448559670777e-05	0.4804856777191162
454800	-3.747564	-1.069740	-0.251613	0.023575	0.480649	0.777546	-0.03142361659556627	2.6337448559670777e-05	0.48064693808555603
454920	-3.748158	-1.069584	-0.251771	0.023561	0.480759	0.777422	-0.03143783025443554	1.7558299039780518e-05	0.48075586557388306
455040	-3.748275	-1.069438	-0.251571	0.023558	0.480885	0.777578	-0.031454568915069106	2.6337448559670777e-05	0.48088371753692627
455160	-3.748360	-1.069129	-0.250619	0.023556	0.481059	0.778319	-0.03148205317556858	2.6337448559670777e-05	0.4810577630996704
455280	-3.748469	-1.068974	-0.251108	0.023554	0.481149	0.777938	-0.03149561081081629	2.6337448559670777e-05	0.48114797472953796
455400	-3.748191	-1.068801	-0.250888	0.023560	0.481203	0.778110	-0.03151251114904881	1.7558299039780518e-05	0.48120349645614624
455520	-3.748352	-1.068390	-0.250145	0.023557	0.481444	0.778688	-0.031547099351882935	2.6337448559670777e-05	0.48144277930259705
455640	-3.747802	-1.068143	-0.249757	0.023569	0.481556	0.778990	-0.0315693000331521	1.7558299039780518e-05	0.48155465722084045
455760	-3.747997	-1.067865	-0.249414	0.023565	0.481749	0.779257	-0.03159406501799822	1.7558299039780518e-05	0.481747031211853
455880	-3.748788	-1.067809	-0.249137	0.023546	0.481850	0.779473	-0.03160147480666638	1.7558299039780518e-05	0.48184919357299805
456000	-3.749790	-1.067708	-0.248392	0.023523	0.481981	0.780054	-0.03160977214574814	2.6337448559670777e-05	0.4819793105125427
456120	-3.750200	-1.067532	-0.248709	0.023513	0.482074	0.779807	-0.03162465505301952	2.6337448559670777e-05	0.48207274079322815
456240	-3.750060	-1.067152	-0.249021	0.023516	0.482278	0.779564	-0.03165778629481793	2.6337448559670777e-05	0.48227691650390625
456360	-3.750110	-1.066861	-0.248654	0.023515	0.482465	0.779850	-0.03168236892670393	2.6337448559670777e-05	0.48246312141418457
456480	-3.749919	-1.066551	-0.247838	0.023520	0.482634	0.780487	-0.03171198405325413	2.6337448559670777e-05	0.48263227939605713
456600	-3.749782	-1.066243	-0.247857	0.023523	0.482763	0.780472	-0.031741468235850334	2.6337448559670777e-05	0.48276153206825256
456720	-3.750064	-1.066001	-0.247815	0.023516	0.482923	0.780504	-0.031761508993804456	1.7558299039780518e-05	0.48292163014411926
456840	-3.750571	-1.065823	-0.247303	0.023504	0.483042	0.780904	-0.03177968338131905	2.6337448559670777e-05	0.4830416142940521
456960	-3.751271	-1.065762	-0.246560	0.023488	0.483121	0.781484	-0.03178514055907726	1.7558299039780518e-05	0.483120322227478
457080	-3.750619	-1.065588	-0.244814	0.023503	0.483259	0.782851	-0.03180070910602808	2.6337448559670777e-05	0.48325902223587036
457200	-3.750917	-1.065413	-0.244648	0.023496	0.483396	0.782980	-0.031815148517489435	2.6337448559670777e-05	0.4833938181400299
457320	-3.751142	-1.065033	-0.245323	0.023491	0.483594	0.782452	-0.03184647113084793	2.6337448559670777e-05	0.4835904836654663
457440	-3.751443	-1.064587	-0.244551	0.023484	0.483880	0.783056	-0.03188593089580536	2.6337448559670777e-05	0.4838773310184479
457560	-3.750899	-1.064328	-0.245155	0.023497	0.484010	0.782583	-0.031913413852453235	1.7558299039780518e-05	0.4840087592601776
457680	-3.751170	-1.064152	-0.244999	0.023490	0.484134	0.782705	-0.03192751482129097	1.1705532693187011e-05	0.4841328263282776
457800	-3.750914	-1.063809	-0.244118	0.023496	0.484347	0.783395	-0.031956958770751956	1.7558299039780518e-05	0.48434507846832275
457920	-3.751236	-1.063387	-0.242932	0.023489	0.484587	0.784325	-0.031993298605084416	1.1705532693187011e-05	0.48458540439605713
458040	-3.751030	-1.063209	-0.242540	0.023494	0.484706	0.784633	-0.03201389610767365	2.6337448559670777e-05	0.4847048819065094
458160	-3.751329	-1.063007	-0.242574	0.023487	0.484873	0.784606	-0.03203265890479088	2.6337448559670777e-05	0.4848715364933014
458280	-3.751297	-1.062656	-0.243380	0.023487	0.485063	0.783973	-0.032061447761952876	2.6337448559670777e-05	0.4850612282752991
458400	-3.751180	-1.062374	-0.243454	0.023490	0.485213	0.783916	-0.03208772111684084	2.6337448559670777e-05	0.4852113425731659
458520	-3.750842	-1.061950	-0.242684	0.023498	0.485490	0.784519	-0.03212673384696245	1.7558299039780518e-05	0.4854888916015625
458640	-3.751514	-1.061849	-0.242243	0.023482	0.485592	0.784865	-0.0321377906948328	1.7558299039780518e-05	0.4855908453464508
458760	-3.750342	-1.061457	-0.241357	0.023510	0.485807	0.785561	-0.03216651659458876	2.6337448559670777e-05	0.48580312728881836
458880	-3.750625	-1.061073	-0.240909	0.023503	0.486035	0.785913	-0.03220637273043394	2.6337448559670777e-05	0.4860337972640991
459000	-3.750124	-1.060677	-0.239985	0.023515	0.486269	0.786640	-0.03223606646060943	2.6337448559670777e-05	0.48626551032066345
459120	-3.750133	-1.060347	-0.239709	0.023515	0.486493	0.786857	-0.03226886112242937	2.6337448559670777e-05	0.4864915907382965
459240	-3.749359	-1.059911	-0.239034	0.023533	0.486719	0.787388	-0.03230762537568808	2.6337448559670777e-05	0.48671630024909973
459360	-3.749405	-1.059579	-0.238769	0.023532	0.486935	0.787597	-0.0323393564671278	1.7558299039780518e-05	0.48693346977233887
459480	-3.750200	-1.059407	-0.238437	0.023513	0.487125	0.787858	-0.03235486652702093	2.6337448559670777e-05	0.4871217906475067
459600	-3.751160	-1.059278	-0.238191	0.023490	0.487244	0.788052	-0.03236787840723991	1.7558299039780518e-05	0.48724305629730225
459720	-3.752376	-1.058918	-0.238262	0.023462	0.487430	0.787996	-0.032392604649066924	2.6337448559670777e-05	0.48742401599884033
459840	-3.753057	-1.058662	-0.237638	0.023446	0.487620	0.788488	-0.03242140728980303	2.6337448559670777e-05	0.4876164495944977
459960	-3.753914	-1.058597	-0.236990	0.023426	0.487707	0.788999	-0.032429471611976624	2.6337448559670777e-05	0.4877060353755951
460080	-3.754614	-1.058492	-0.237766	0.023409	0.487808	0.788387	-0.03244128320366144	2.6337448559670777e-05	0.48780879378318787
460200	-3.754646	-1.058285	-0.237023	0.023409	0.487933	0.788973	-0.03245544414967298	1.7558299039780518e-05	0.4879310131072998
460320	-3.755008	-1.058014	-0.236644	0.023400	0.488146	0.789272	-0.03248125147074461	2.6337448559670777e-05	0.4881450831890106
460440	-3.754914	-1.057646	-0.235818	0.023402	0.488390	0.789925	-0.032507972232997416	2.6337448559670777e-05	0.48838621377944946
460560	-3.755438	-1.057068	-0.234571	0.023390	0.488695	0.790910	-0.032563552260398865	2.6337448559670777e-05	0.4886922836303711
460680	-3.756040	-1.056798	-0.234166	0.023376	0.488838	0.791231	-0.03259126171469688	1.1705532693187011e-05	0.48883670568466187
460800	-3.755507	-1.056460	-0.233331	0.023389	0.489023	0.791892	-0.03261912055313587	2.6337448559670777e-05	0.4890207350254059
460920	-3.754943	-1.056150	-0.232867	0.023402	0.489219	0.792259	-0.032646503672003745	2.6337448559670777e-05	0.4892162084579468
461040	-3.754816	-1.055860	-0.232808	0.023405	0.489352	0.792306	-0.03267589900642633	1.7558299039780518e-05	0.4893520176410675
461160	-3.755624	-1.055508	-0.231721	0.023386	0.489599	0.793168	-0.03270272966474295	2.6337448559670777e-05	0.4895963668823242
461280	-3.755607	-1.055376	-0.231146	0.023386	0.489724	0.793623	-0.0327161205932498	1.7558299039780518e-05	0.48972222208976746
461400	-3.755699	-1.054988	-0.230223	0.023384	0.489941	0.794356	-0.03275006227195263	2.6337448559670777e-05	0.48993754386901855
461520	-3.756189	-1.054788	-0.229739	0.023373	0.490095	0.794741	-0.03277083914726973	3.9506172839506166e-05	0.49009305238723755
461640	-3.755351	-1.054663	-0.228796	0.023392	0.490203	0.795490	-0.03278129398822784	1.7558299039780518e-05	0.49020034074783325
461760	-3.755402	-1.054072	-0.228265	0.023391	0.490562	0.795914	-0.03283299021422863	2.6337448559670777e-05	0.49055880308151245
461880	-3.755228	-1.053797	-0.228174	0.023395	0.490721	0.795986	-0.03285812009125948	1.7558299039780518e-05	0.4907187819480896
462000	-3.755376	-1.053377	-0.227818	0.023392	0.490965	0.796269	-0.032898036763072014	2.6337448559670777e-05	0.4909641146659851
462120	-3.755388	-1.053052	-0.227998	0.023391	0.491148	0.796126	-0.03292872756719589	1.7558299039780518e-05	0.4911472797393799
462240	-3.755561	-1.052739	-0.227103	0.023387	0.491350	0.796839	-0.03295585736632347	2.6337448559670777e-05	0.49134883284568787
462360	-3.755902	-1.052378	-0.227361	0.023379	0.491570	0.796633	-0.03298512902110815	1.7558299039780518e-05	0.49156704545021057
462480	-3.755912	-1.052131	-0.226678	0.023379	0.491727	0.797177	-0.03301059305667877	2.6337448559670777e-05	0.49172577261924744
462600	-3.756097	-1.051981	-0.226573	0.023375	0.491793	0.797261	-0.03302447572350502	2.6337448559670777e-05	0.49179211258888245
462720	-3.756629	-1.051681	-0.226125	0.023362	0.491950	0.797619	-0.03304869495332241	1.7558299039780518e-05	0.4919492304325104
462840	-3.756263	-1.051527	-0.225830	0.023371	0.492047	0.797853	-0.033065420016646384	1.7558299039780518e-05	0.4920461177825928
462960	-3.756092	-1.051354	-0.225572	0.023375	0.492124	0.798060	-0.0330825824290514	1.7558299039780518e-05	0.4921247065067291
463080	-3.756094	-1.051150	-0.225515	0.023375	0.492244	0.798105	-0.03309580516070128	1.7558299039780518e-05	0.49224168062210083
463200	-3.756465	-1.050901	-0.225777	0.023366	0.492387	0.797896	-0.0331212479621172	1.7558299039780518e-05	0.49238550662994385
463320	-3.756911	-1.050747	-0.225211	0.023356	0.492497	0.798348	-0.03313708659261465	2.6337448559670777e-05	0.492496132850647
463440	-3.756915	-1.050497	-0.224808	0.023356	0.492620	0.798669	-0.033157911337912085	1.7558299039780518e-05	0.49261969327926636
463560	-3.757544	-1.050404	-0.224950	0.023341	0.492698	0.798556	-0.03316700849682093	1.7558299039780518e-05	0.49269649386405945
463680	-3.757779	-1.050028	-0.223977	0.023336	0.492950	0.799334	-0.03320138622075319	1.7558299039780518e-05	0.4929502606391907
463800	-3.758236	-1.049881	-0.224395	0.023325	0.493058	0.798999	-0.033214191906154156	1.7558299039780518e-05	0.4930574595928192
463920	-3.758370	-1.049576	-0.223783	0.023322	0.493219	0.799489	-0.03324003238230944	1.7558299039780518e-05	0.4932180941104889
464040	-3.758571	-1.049193	-0.223523	0.023317	0.493424	0.799696	-0.03327428363263607	1.7558299039780518e-05	0.49342235922813416
464160	-3.758153	-1.048842	-0.222688	0.023327	0.493634	0.800365	-0.03330535944551229	2.6337448559670777e-05	0.4936317205429077
464280	-3.758538	-1.048538	-0.221518	0.023318	0.493844	0.801302	-0.03333305511623621	2.6337448559670777e-05	0.49384209513664246
464400	-3.758466	-1.048169	-0.221117	0.023319	0.494028	0.801623	-0.03336773570626974	2.6337448559670777e-05	0.4940263628959656
464520	-3.758805	-1.047985	-0.221167	0.023312	0.494159	0.801583	-0.033384027890861034	1.7558299039780518e-05	0.4941575825214386
464640	-3.759398	-1.047733	-0.220699	0.023298	0.494349	0.801958	-0.03340660333633423	1.7558299039780518e-05	0.4943477511405945
464760	-3.759796	-1.047405	-0.220286	0.023288	0.494558	0.802289	-0.03343483842909336	2.6337448559670777e-05	0.4945552945137024
464880	-3.760066	-1.047117	-0.219712	0.023282	0.494759	0.802750	-0.03346052300184965	1.7558299039780518e-05	0.4947575032711029
465000	-3.760092	-1.046759	-0.219952	0.023282	0.494919	0.802557	-0.03349061496555805	2.6337448559670777e-05	0.49491575360298157
465120	-3.760400	-1.046586	-0.219820	0.023274	0.495043	0.802664	-0.033508851565420626	2.6337448559670777e-05	0.4950401186943054
465240	-3.759883	-1.046271	-0.218739	0.023286	0.495250	0.803531	-0.03353438228368759	2.6337448559670777e-05	0.49524688720703125
465360	-3.760019	-1.045949	-0.218302	0.023283	0.495450	0.803883	-0.033566325716674325	2.6337448559670777e-05	0.49544718861579895
465480	-3.760420	-1.045692	-0.217620	0.023274	0.495604	0.804431	-0.03358769789338112	2.6337448559670777e-05	0.495600163936615
465600	-3.760397	-1.045260	-0.216815	0.023274	0.495871	0.805079	-0.03363059554249048	2.6337448559670777e-05	0.4958711266517639
465720	-3.759845	-1.044877	-0.216541	0.023287	0.496042	0.805300	-0.03366364017128944	2.6337448559670777e-05	0.4960426688194275
465840	-3.760219	-1.044589	-0.216213	0.023279	0.496213	0.805563	-0.033688195049762726	1.7558299039780518e-05	0.49621084332466125
465960	-3.759754	-1.044211	-0.215078	0.023289	0.496406	0.806479	-0.03372176606208086	2.6337448559670777e-05	0.4964049458503723
466080	-3.760103	-1.043974	-0.214803	0.023281	0.496569	0.806701	-0.03374335002154112	2.6337448559670777e-05	0.49656715989112854
466200	-3.761141	-1.043814	-0.214658	0.023257	0.496708	0.806817	-0.03375973645597696	1.7558299039780518e-05	0.49670711159706116
466320	-3.761474	-1.043593	-0.214835	0.023249	0.496835	0.806675	-0.03378000166267157	1.7558299039780518e-05	0.4968339502811432
466440	-3.762053	-1.043550	-0.214896	0.023236	0.496921	0.806625	-0.03378285672515631	1.7558299039780518e-05	0.49692022800445557
466560	-3.762266	-1.043171	-0.213869	0.023231	0.497191	0.807454	-0.03381624259054661	2.6337448559670777e-05	0.49718737602233887
466680	-3.763667	-1.043232	-0.213227	0.023199	0.497165	0.807973	-0.03381391726434231	2.6337448559670777e-05	0.49716639518737793
466800	-3.764571	-1.043035	-0.213153	0.023178	0.497306	0.808033	-0.033830837532877925	1.7558299039780518e-05	0.49730589985847473
466920	-3.765506	-1.042849	-0.211908	0.023156	0.497475	0.809039	-0.03384449798613787	1.7558299039780518e-05	0.4974724054336548
467040	-3.765253	-1.042617	-0.211352	0.023162	0.497680	0.809489	-0.033867130614817144	1.7558299039780518e-05	0.49767857789993286
467160	-3.765826	-1.042440	-0.210898	0.023148	0.497785	0.809856	-0.03388299848884344	1.1705532693187011e-05	0.4977852404117584
467280	-3.765997	-1.042216	-0.210548	0.023145	0.497905	0.810140	-0.03390243537724018	2.6337448559670777e-05	0.4979028105735779
467400	-3.765879	-1.041888	-0.209898	0.023147	0.498090	0.810667	-0.033933290466666224	2.6337448559670777e-05	0.4980889856815338
467520	-3.765806	-1.041467	-0.209113	0.023149	0.498312	0.811303	-0.03396796453744173	2.6337448559670777e-05	0.4983099400997162
467640	-3.766113	-1.041169	-0.208500	0.023142	0.498523	0.811801	-0.03399659339338541	2.6337448559670777e-05	0.498521089553833
467760	-3.766017	-1.040772	-0.208737	0.023144	0.498757	0.811609	-0.034032610803842546	2.6337448559670777e-05	0.4987558424472809
467880	-3.765852	-1.040574	-0.209002	0.023148	0.498846	0.811393	-0.03405153006315231	2.6337448559670777e-05	0.4988446533679962
468000	-3.766010	-1.040378	-0.208293	0.023144	0.498986	0.811970	-0.03406922947615385	1.7558299039780518e-05	0.4989851415157318
468120	-3.766045	-1.040319	-0.207464	0.023143	0.499045	0.812642	-0.03407591320574284	2.6337448559670777e-05	0.49904483556747437
468240	-3.765935	-1.039958	-0.206712	0.023146	0.499284	0.813254	-0.034103973954916	2.6337448559670777e-05	0.49928075075149536
468360	-3.766050	-1.039648	-0.206076	0.023143	0.499509	0.813771	-0.03413025885820389	1.7558299039780518e-05	0.49950718879699707
468480	-3.766135	-1.039401	-0.205652	0.023141	0.499630	0.814117	-0.03415232989937067	2.6337448559670777e-05	0.49962663650512695
468600	-3.765881	-1.039070	-0.205414	0.023147	0.499821	0.814310	-0.034186515212059024	1.1705532693187011e-05	0.49981996417045593
468720	-3.766565	-1.038803	-0.205222	0.023131	0.499978	0.814467	-0.03420846275985241	2.6337448559670777e-05	0.4999765455722809
468840	-3.766855	-1.038514	-0.205205	0.023125	0.500191	0.814480	-0.03423371277749539	1.7558299039780518e-05	0.5001887679100037
468960	-3.767320	-1.038187	-0.205022	0.023114	0.500409	0.814629	-0.03426371980458498	2.6337448559670777e-05	0.5004063844680786
469080	-3.767508	-1.037802	-0.204931	0.023110	0.500621	0.814704	-0.034297917038202286	2.6337448559670777e-05	0.5006183981895447
469200	-3.767970	-1.037485	-0.204540	0.023099	0.500861	0.815022	-0.034331664256751535	2.6337448559670777e-05	0.5008600950241089
469320	-3.767722	-1.036947	-0.203694	0.023105	0.501149	0.815712	-0.03436914570629597	2.6337448559670777e-05	0.5011440515518188
469440	-3.766845	-1.036523	-0.204318	0.023125	0.501356	0.815203	-0.03441329505294562	2.6337448559670777e-05	0.5013550519943237
469560	-3.767285	-1.036319	-0.203886	0.023115	0.501477	0.815556	-0.03443348780274391	2.6337448559670777e-05	0.5014763474464417
469680	-3.767560	-1.035998	-0.202515	0.023108	0.501641	0.816674	-0.03446098417043686	1.7558299039780518e-05	0.5016387104988098
469800	-3.768162	-1.035670	-0.201824	0.023094	0.501897	0.817239	-0.03449007198214531	1.7558299039780518e-05	0.5018948316574097
469920	-3.768083	-1.035334	-0.201481	0.023096	0.502079	0.817519	-0.03452181853353977	2.6337448559670777e-05	0.5020771622657776
470040	-3.768637	-1.035073	-0.200099	0.023083	0.502273	0.818649	-0.034544086828827855	2.6337448559670777e-05	0.5022715330123901
470160	-3.769271	-1.034943	-0.200187	0.023069	0.502372	0.818578	-0.034557458758354184	2.6337448559670777e-05	0.5023714900016785
470280	-3.769225	-1.034643	-0.199634	0.023070	0.502560	0.819030	-0.03458569943904877	2.6337448559670777e-05	0.5025587677955627
470400	-3.770398	-1.034350	-0.198147	0.023043	0.502755	0.820250	-0.034607744216918944	2.6337448559670777e-05	0.5027519464492798
470520	-3.770290	-1.033845	-0.197188	0.023045	0.503017	0.821037	-0.03465694524347782	1.7558299039780518e-05	0.5030159950256348
470640	-3.769724	-1.033491	-0.196569	0.023058	0.503212	0.821544	-0.03468467388302088	2.6337448559670777e-05	0.5032089948654175
470760	-3.769604	-1.033157	-0.195931	0.023061	0.503443	0.822069	-0.03471918497234583	2.6337448559670777e-05	0.5034428238868713
470880	-3.769759	-1.032774	-0.195764	0.023058	0.503659	0.822206	-0.03475076276808977	2.6337448559670777e-05	0.5036565065383911
471000	-3.769593	-1.032333	-0.195271	0.023061	0.503928	0.822612	-0.034788649342954156	2.6337448559670777e-05	0.5039248466491699
471120	-3.769645	-1.031997	-0.195032	0.023060	0.504113	0.822808	-0.03482351582497358	2.6337448559670777e-05	0.5041112303733826
471240	-3.769136	-1.031674	-0.194864	0.023072	0.504300	0.822946	-0.03485196996480226	1.7558299039780518e-05	0.5042994618415833
471360	-3.769484	-1.031546	-0.194132	0.023064	0.504407	0.823549	-0.03486477248370647	1.7558299039780518e-05	0.5044077038764954
471480	-3.768916	-1.031214	-0.194426	0.023077	0.504603	0.823307	-0.03489278368651867	1.7558299039780518e-05	0.5046009421348572
471600	-3.768840	-1.030936	-0.193903	0.023079	0.504769	0.823738	-0.03491959646344185	1.7558299039780518e-05	0.5047695636749268
471720	-3.769611	-1.030723	-0.193612	0.023061	0.504899	0.823977	-0.034938506223261355	2.6337448559670777e-05	0.5048986077308655
471840	-3.770167	-1.030378	-0.193739	0.023048	0.505096	0.823873	-0.034969146735966204	1.7558299039780518e-05	0.5050943493843079
471960	-3.770682	-1.030360	-0.193612	0.023036	0.505146	0.823978	-0.034970740973949435	2.6337448559670777e-05	0.505145251750946
472080	-3.770183	-1.030071	-0.192864	0.023048	0.505306	0.824594	-0.03499531168490648	2.6337448559670777e-05	0.5053041577339172
472200	-3.770537	-1.029732	-0.192216	0.023040	0.505521	0.825128	-0.0350238136947155	1.7558299039780518e-05	0.5055182576179504
472320	-3.770428	-1.029250	-0.191980	0.023042	0.505792	0.825323	-0.03506940193474293	2.6337448559670777e-05	0.5057902336120605
472440	-3.770468	-1.028929	-0.191838	0.023041	0.505976	0.825440	-0.03510025143623352	2.6337448559670777e-05	0.505975604057312
472560	-3.770111	-1.028566	-0.192433	0.023050	0.506163	0.824950	-0.0351295318454504	2.6337448559670777e-05	0.5061606168746948
472680	-3.771004	-1.028181	-0.191624	0.023029	0.506422	0.825617	-0.03516636323183775	2.6337448559670777e-05	0.5064209699630737
472800	-3.770496	-1.027847	-0.191683	0.023041	0.506612	0.825568	-0.03519327063113451	1.7558299039780518e-05	0.5066100358963013
472920	-3.770698	-1.027443	-0.190415	0.023036	0.506930	0.826616	-0.03522730115801096	1.7558299039780518e-05	0.5069257020950317
473040	-3.770530	-1.027141	-0.190043	0.023040	0.507093	0.826924	-0.03526363391429186	1.7558299039780518e-05	0.507093608379364
473160	-3.770555	-1.026813	-0.189288	0.023039	0.507307	0.827548	-0.0352890495210886	1.7558299039780518e-05	0.5073057413101196
473280	-3.770144	-1.026485	-0.189276	0.023049	0.507488	0.827558	-0.035319038294255735	1.7558299039780518e-05	0.5074872374534607
473400	-3.770116	-1.026322	-0.188995	0.023049	0.507562	0.827790	-0.03533327449113131	2.6337448559670777e-05	0.5075604915618896
473520	-3.769890	-1.025966	-0.187865	0.023055	0.507755	0.828727	-0.03536390122026205	2.6337448559670777e-05	0.5077530145645142
473640	-3.770432	-1.025696	-0.187192	0.023042	0.507932	0.829284	-0.03539080880582333	2.6337448559670777e-05	0.5079309940338135
473760	-3.770486	-1.025373	-0.187095	0.023041	0.508125	0.829365	-0.03542036786675453	1.1705532693187011e-05	0.5081247687339783
473880	-3.771243	-1.025000	-0.186915	0.023023	0.508386	0.829514	-0.03544599059969187	2.6337448559670777e-05	0.5083808302879333
474000	-3.771646	-1.024718	-0.186702	0.023014	0.508606	0.829691	-0.035479373298585415	2.6337448559670777e-05	0.5086049437522888
474120	-3.770351	-1.024160	-0.186402	0.023044	0.508892	0.829940	-0.035524104908108714	2.6337448559670777e-05	0.5088880658149719
474240	-3.770955	-1.023847	-0.185811	0.023030	0.509090	0.830431	-0.03555516488850117	1.7558299039780518e-05	0.5090887546539307
474360	-3.770494	-1.023605	-0.185627	0.023041	0.509230	0.830583	-0.0355797465890646	1.7558299039780518e-05	0.5092301368713379
474480	-3.771195	-1.023355	-0.184668	0.023025	0.509436	0.831380	-0.0355994975194335	2.6337448559670777e-05	0.5094338059425354
474600	-3.771383	-1.023122	-0.184557	0.023020	0.509567	0.831473	-0.03562316130846739	2.6337448559670777e-05	0.5095657706260681
474720	-3.771250	-1.022849	-0.184095	0.023023	0.509722	0.831857	-0.03564263191074133	2.6337448559670777e-05	0.5097194910049438
474840	-3.772442	-1.022436	-0.183597	0.022996	0.510034	0.832272	-0.035685090348124504	1.7558299039780518e-05	0.5100328922271729
474960	-3.773189	-1.022259	-0.184168	0.022979	0.510130	0.831796	-0.03569978065788746	1.1705532693187011e-05	0.5101291537284851
475080	-3.773486	-1.021815	-0.183388	0.022972	0.510388	0.832445	-0.035735690593719484	2.6337448559670777e-05	0.5103847980499268
475200	-3.773268	-1.021576	-0.182699	0.022977	0.510540	0.833019	-0.03576320111751556	2.6337448559670777e-05	0.5105392932891846
475320	-3.773331	-1.021234	-0.181967	0.022975	0.510728	0.833629	-0.03578978776931763	2.6337448559670777e-05	0.5107266306877136
475440	-3.773684	-1.020946	-0.182186	0.022967	0.510861	0.833446	-0.03581629600375891	1.7558299039780518e-05	0.5108587145805359
475560	-3.773965	-1.020600	-0.181536	0.022961	0.511080	0.833988	-0.03584900964051485	1.7558299039780518e-05	0.511078953742981
475680	-3.774215	-1.020321	-0.180855	0.022955	0.511269	0.834556	-0.03587379343807697	2.6337448559670777e-05	0.5112682580947876
475800	-3.774931	-1.020063	-0.180428	0.022939	0.511411	0.834913	-0.035897635854780674	3.9506172839506166e-05	0.5114098191261292
475920	-3.774935	-1.019798	-0.179955	0.022939	0.511593	0.835308	-0.03592047933489084	2.6337448559670777e-05	0.5115913152694702
476040	-3.775037	-1.019462	-0.180379	0.022936	0.511788	0.834953	-0.03595052622258663	2.6337448559670777e-05	0.5117867588996887
476160	-3.775142	-1.019166	-0.180388	0.022934	0.511970	0.834946	-0.035976048372685906	1.7558299039780518e-05	0.5119678974151611
476280	-3.776341	-1.018827	-0.180578	0.022906	0.512213	0.834788	-0.036007255874574186	2.6337448559670777e-05	0.5122103095054626
476400	-3.777035	-1.018372	-0.180143	0.022890	0.512526	0.835151	-0.03604689072817564	2.6337448559670777e-05	0.5125231742858887
476520	-3.777676	-1.018196	-0.179838	0.022876	0.512670	0.835406	-0.036063797771930695	2.6337448559670777e-05	0.5126689672470093
476640	-3.778483	-1.017823	-0.179537	0.022857	0.512916	0.835657	-0.03609758410602808	1.7558299039780518e-05	0.5129147171974182
476760	-3.778552	-1.017660	-0.178951	0.022856	0.512994	0.836147	-0.036113740503787996	1.7558299039780518e-05	0.5129942297935486
476880	-3.779386	-1.017433	-0.177835	0.022837	0.513168	0.837081	-0.036133338883519175	2.6337448559670777e-05	0.5131663680076599
477000	-3.778848	-1.016979	-0.176615	0.022849	0.513441	0.838102	-0.03616980277001858	2.6337448559670777e-05	0.5134375691413879
477120	-3.778999	-1.016512	-0.176071	0.022846	0.513782	0.838559	-0.03621393050998449	2.6337448559670777e-05	0.5137796998023987
477240	-3.779229	-1.016329	-0.175540	0.022840	0.513900	0.839004	-0.03623818214982748	3.9506172839506166e-05	0.5139018297195435
477360	-3.779426	-1.016205	-0.175105	0.022836	0.514031	0.839369	-0.03624660801142454	2.6337448559670777e-05	0.5140314698219299
477480	-3.779529	-1.016100	-0.175441	0.022833	0.514138	0.839087	-0.03625413086265326	1.7558299039780518e-05	0.5141358375549316
477600	-3.779512	-1.015827	-0.176335	0.022834	0.514292	0.838337	-0.03627339638769626	1.7558299039780518e-05	0.5142890810966492
477720	-3.778950	-1.015244	-0.176472	0.022847	0.514611	0.838222	-0.0363261342048645	1.7558299039780518e-05	0.5146068334579468
477840	-3.779648	-1.014889	-0.175392	0.022831	0.514848	0.839128	-0.036362249776721	2.6337448559670777e-05	0.5148470401763916
477960	-3.779490	-1.014393	-0.175156	0.022834	0.515134	0.839326	-0.0364050330594182	2.6337448559670777e-05	0.5151307582855225
478080	-3.778911	-1.013964	-0.174489	0.022848	0.515364	0.839886	-0.03644092697650194	2.6337448559670777e-05	0.5153603553771973
478200	-3.778648	-1.013665	-0.173952	0.022854	0.515511	0.840338	-0.03647318109869957	1.7558299039780518e-05	0.5155092477798462
478320	-3.778705	-1.013264	-0.173407	0.022852	0.515791	0.840796	-0.03650621026754379	1.7558299039780518e-05	0.5157883167266846
478440	-3.779245	-1.012833	-0.172461	0.022840	0.516059	0.841591	-0.03654872849583626	1.7558299039780518e-05	0.5160588622093201
478560	-3.779759	-1.012567	-0.172346	0.022828	0.516235	0.841688	-0.036569162271916866	1.7558299039780518e-05	0.5162331461906433
478680	-3.780101	-1.012394	-0.171903	0.022820	0.516395	0.842061	-0.03658754825592041	1.7558299039780518e-05	0.5163938403129578
478800	-3.779849	-1.012189	-0.172068	0.022826	0.516486	0.841922	-0.036607489176094535	1.7558299039780518e-05	0.5164870023727417
478920	-3.780055	-1.011822	-0.171939	0.022821	0.516684	0.842031	-0.03663292620331049	1.7558299039780518e-05	0.5166809558868408
479040	-3.780972	-1.011616	-0.170915	0.022801	0.516837	0.842894	-0.036656934581696984	2.6337448559670777e-05	0.5168341994285583
479160	-3.781117	-1.011292	-0.170002	0.022797	0.517065	0.843663	-0.036681666225194934	1.7558299039780518e-05	0.5170597434043884
479280	-3.781352	-1.010791	-0.169665	0.022792	0.517366	0.843948	-0.036729642748832704	1.7558299039780518e-05	0.5173633098602295
479400	-3.781794	-1.010605	-0.169527	0.022782	0.517468	0.844064	-0.036749021895229814	1.1705532693187011e-05	0.5174677968025208
479520	-3.781162	-1.010187	-0.169452	0.022796	0.517678	0.844127	-0.03678228687494993	1.7558299039780518e-05	0.5176764726638794
479640	-3.781095	-1.009919	-0.169019	0.022798	0.517856	0.844493	-0.03681175448000431	1.7558299039780518e-05	0.5178558230400085
479760	-3.781086	-1.009697	-0.168588	0.022798	0.518021	0.844857	-0.0368283711373806	1.1705532693187011e-05	0.5180187225341797
479880	-3.780893	-1.009217	-0.168849	0.022802	0.518234	0.844636	-0.03686972111463547	2.6337448559670777e-05	0.5182322859764099
480000	-3.780757	-1.008891	-0.168386	0.022805	0.518387	0.845028	-0.036903485842049125	2.6337448559670777e-05	0.5183876156806946
480120	-3.780845	-1.008631	-0.168294	0.022803	0.518527	0.845105	-0.03692835550755262	2.6337448559670777e-05	0.5185286402702332
480240	-3.781006	-1.008525	-0.168240	0.022800	0.518632	0.845151	-0.03693743757903576	1.7558299039780518e-05	0.5186324119567871
480360	-3.781538	-1.008258	-0.168833	0.022788	0.518795	0.844650	-0.03696008063852787	1.7558299039780518e-05	0.5187942981719971
480480	-3.781585	-1.007983	-0.168408	0.022787	0.518965	0.845009	-0.0369831271469593	2.6337448559670777e-05	0.5189632177352905
480600	-3.782022	-1.007729	-0.167922	0.022777	0.519146	0.845420	-0.037004921585321426	2.6337448559670777e-05	0.5191431641578674
480720	-3.782848	-1.007586	-0.167494	0.022758	0.519281	0.845781	-0.037021071277558805	1.7558299039780518e-05	0.519280195236206
480840	-3.783307	-1.007418	-0.167128	0.022747	0.519400	0.846091	-0.03703534528613091	1.1705532693187011e-05	0.5193992853164673
480960	-3.784214	-1.007325	-0.166328	0.022727	0.519492	0.846769	-0.037043816037476064	2.6337448559670777e-05	0.5194903612136841
481080	-3.784457	-1.007052	-0.166466	0.022721	0.519713	0.846652	-0.03706671670079231	2.6337448559670777e-05	0.5197100043296814
481200	-3.784881	-1.006787	-0.165947	0.022712	0.519924	0.847091	-0.03709280788898468	1.7558299039780518e-05	0.5199230313301086
481320	-3.785672	-1.006461	-0.166226	0.022694	0.520161	0.846855	-0.037118817679584026	2.6337448559670777e-05	0.5201582908630371
481440	-3.785396	-1.006121	-0.165870	0.022700	0.520320	0.847156	-0.037150259129703045	1.7558299039780518e-05	0.5203192234039307
481560	-3.785140	-1.005754	-0.165839	0.022706	0.520512	0.847183	-0.03717912957072258	2.6337448559670777e-05	0.5205076932907104
481680	-3.785151	-1.005594	-0.165575	0.022705	0.520622	0.847407	-0.03719769641757011	1.7558299039780518e-05	0.5206201672554016
481800	-3.785341	-1.005171	-0.165216	0.022701	0.520952	0.847711	-0.03723665196448565	1.1705532693187011e-05	0.5209507346153259
481920	-3.785338	-1.004832	-0.165050	0.022701	0.521136	0.847851	-0.03726887088268995	2.6337448559670777e-05	0.5211363434791565
482040	-3.786147	-1.004609	-0.163823	0.022683	0.521357	0.848892	-0.03728574831038713	2.6337448559670777e-05	0.5213541388511658
482160	-3.786674	-1.004283	-0.163463	0.022671	0.521625	0.849198	-0.03731853272765875	2.6337448559670777e-05	0.5216232538223267
482280	-3.786681	-1.003780	-0.162523	0.022671	0.521930	0.849996	-0.037361408770084384	2.6337448559670777e-05	0.5219298601150513
482400	-3.786568	-1.003435	-0.161936	0.022673	0.522191	0.850495	-0.03739081621170044	2.6337448559670777e-05	0.5221880674362183
482520	-3.787071	-1.003229	-0.161641	0.022662	0.522320	0.850747	-0.037408285215497016	1.1705532693187011e-05	0.5223188996315002
482640	-3.787082	-1.003077	-0.161378	0.022662	0.522451	0.850971	-0.03742836732417345	2.6337448559670777e-05	0.5224504470825195
482760	-3.787134	-1.002914	-0.161466	0.022660	0.522542	0.850896	-0.037441883236169815	2.6337448559670777e-05	0.5225417017936707
482880	-3.787490	-1.002663	-0.161626	0.022652	0.522721	0.850759	-0.037461765296757224	2.6337448559670777e-05	0.5227175354957581
483000	-3.787957	-1.002347	-0.161218	0.022642	0.522947	0.851106	-0.03749136216938496	1.1705532693187011e-05	0.5229461193084717
483120	-3.788551	-1.002285	-0.161156	0.022628	0.523022	0.851159	-0.03749717995524406	3.9506172839506166e-05	0.5230197906494141
483240	-3.789379	-1.002017	-0.160711	0.022610	0.523216	0.851538	-0.03752004969865084	2.6337448559670777e-05	0.5232142806053162
483360	-3.789317	-1.001754	-0.159982	0.022611	0.523446	0.852159	-0.03753788936883211	2.6337448559670777e-05	0.5234413146972656
483480	-3.789076	-1.001416	-0.158730	0.022616	0.523711	0.853227	-0.037575464136898516	2.6337448559670777e-05	0.5237098932266235
483600	-3.789487	-1.001245	-0.157880	0.022607	0.523854	0.853953	-0.03758953399956226	2.6337448559670777e-05	0.5238513350486755
483720	-3.789794	-1.001052	-0.157423	0.022600	0.523995	0.854342	-0.03760612569749355	1.7558299039780518e-05	0.5239927172660828
483840	-3.789628	-1.000608	-0.156277	0.022604	0.524259	0.855322	-0.03764772582799196	2.6337448559670777e-05	0.5242571830749512
483960	-3.789284	-1.000225	-0.155354	0.022612	0.524513	0.856112	-0.03768160585314036	2.6337448559670777e-05	0.5245128273963928
484080	-3.789880	-1.000065	-0.154944	0.022598	0.524694	0.856463	-0.0376977963373065	2.6337448559670777e-05	0.5246930122375488
484200	-3.790447	-0.999876	-0.154108	0.022585	0.524864	0.857179	-0.03771848976612091	2.6337448559670777e-05	0.5248668193817139
484320	-3.791148	-0.999405	-0.153248	0.022570	0.525142	0.857917	-0.037752566300332545	2.6337448559670777e-05	0.5251380205154419
484440	-3.791596	-0.999045	-0.152993	0.022560	0.525366	0.858136	-0.037781514972448346	2.6337448559670777e-05	0.5253600478172302
484560	-3.791533	-0.998751	-0.152147	0.022561	0.525540	0.858862	-0.03781320247799158	1.7558299039780518e-05	0.5255367755889893
484680	-3.792764	-0.998361	-0.151869	0.022533	0.525860	0.859101	-0.0378494767472148	1.7558299039780518e-05	0.5258593559265137
484800	-3.792315	-0.998219	-0.151390	0.022543	0.525914	0.859513	-0.03786220103502273	2.6337448559670777e-05	0.525911808013916
484920	-3.792038	-0.997982	-0.150512	0.022550	0.526021	0.860267	-0.037884426303207874	1.1705532693187011e-05	0.5260201096534729
485040	-3.792553	-0.997847	-0.149992	0.022538	0.526138	0.860715	-0.03789613787084818	2.6337448559670777e-05	0.5261362791061401
485160	-3.792708	-0.997703	-0.149336	0.022534	0.526248	0.861280	-0.03790696933865547	2.6337448559670777e-05	0.5262457132339478
485280	-3.792942	-0.997408	-0.149006	0.022529	0.526443	0.861564	-0.03793639559298754	1.7558299039780518e-05	0.5264421105384827
485400	-3.792843	-0.997064	-0.148755	0.022531	0.526636	0.861780	-0.03796726893633604	1.7558299039780518e-05	0.5266349911689758
485520	-3.792198	-0.996528	-0.148862	0.022546	0.526947	0.861688	-0.03801068775355816	1.7558299039780518e-05	0.5269444584846497
485640	-3.791830	-0.996110	-0.148864	0.022554	0.527181	0.861686	-0.0380505045875907	2.6337448559670777e-05	0.5271786451339722
485760	-3.791216	-0.995486	-0.147713	0.022568	0.527557	0.862678	-0.03810469601303339	2.6337448559670777e-05	0.5275543928146362
485880	-3.790647	-0.995116	-0.146866	0.022581	0.527822	0.863410	-0.03814209569245577	1.7558299039780518e-05	0.5278199911117554
486000	-3.790865	-0.995052	-0.147294	0.022576	0.527858	0.863040	-0.03814791366457939	2.6337448559670777e-05	0.5278558135032654
486120	-3.790882	-0.994709	-0.146688	0.022576	0.528072	0.863563	-0.03817871659994125	1.7558299039780518e-05	0.5280717015266418
486240	-3.791026	-0.994313	-0.146111	0.022572	0.528352	0.864062	-0.03821168299764395	2.6337448559670777e-05	0.5283476114273071
486360	-3.791081	-0.993976	-0.145616	0.022571	0.528564	0.864490	-0.038240709155797956	1.7558299039780518e-05	0.5285608768463135
486480	-3.790346	-0.993749	-0.145234	0.022588	0.528708	0.864820	-0.038265741616487506	2.6337448559670777e-05	0.5287063717842102
486600	-3.790578	-0.993395	-0.144935	0.022583	0.528966	0.865079	-0.038297981582582	1.7558299039780518e-05	0.5289644598960876
486720	-3.791003	-0.993052	-0.144654	0.022573	0.529194	0.865322	-0.03832846228033304	1.7558299039780518e-05	0.5291922092437744
486840	-3.790329	-0.992710	-0.144333	0.022588	0.529355	0.865600	-0.03835924379527569	1.1705532693187011e-05	0.5293540358543396
486960	-3.789999	-0.992405	-0.144106	0.022596	0.529566	0.865796	-0.03838652279227972	2.6337448559670777e-05	0.5295660495758057
487080	-3.790285	-0.992115	-0.144410	0.022589	0.529746	0.865533	-0.03840851802378893	3.9506172839506166e-05	0.5297409892082214
487200	-3.791544	-0.991556	-0.143262	0.022561	0.530161	0.866527	-0.03846097867935896	2.6337448559670777e-05	0.5301579236984253
487320	-3.792263	-0.991368	-0.143084	0.022545	0.530331	0.866681	-0.038482068851590154	1.7558299039780518e-05	0.5303317308425903
487440	-3.792964	-0.991189	-0.142806	0.022529	0.530532	0.866922	-0.03849757350981235	1.7558299039780518e-05	0.5305311679840088
487560	-3.792548	-0.990872	-0.142399	0.022538	0.530742	0.867275	-0.03852240424603224	1.7558299039780518e-05	0.530739963054657
487680	-3.793072	-0.990545	-0.142802	0.022526	0.530990	0.866926	-0.03855264037847519	2.6337448559670777e-05	0.5309873819351196
487800	-3.792644	-0.990212	-0.142388	0.022536	0.531175	0.867285	-0.03858318850398064	1.7558299039780518e-05	0.5311741828918457
487920	-3.792447	-0.989818	-0.141983	0.022540	0.531402	0.867636	-0.038615244813263415	2.6337448559670777e-05	0.5313984155654907
488040	-3.793149	-0.989427	-0.140852	0.022525	0.531718	0.868618	-0.038654410466551783	1.7558299039780518e-05	0.5317165851593018
488160	-3.793143	-0.989093	-0.140963	0.022525	0.531874	0.868521	-0.03868256285786629	2.6337448559670777e-05	0.5318735837936401
488280	-3.792348	-0.988731	-0.139981	0.022543	0.532016	0.869375	-0.03871701806783676	1.7558299039780518e-05	0.5320150256156921
488400	-3.792719	-0.988498	-0.139198	0.022534	0.532230	0.870056	-0.03873302862048149	2.6337448559670777e-05	0.5322270393371582
488520	-3.792618	-0.988279	-0.138967	0.022537	0.532358	0.870257	-0.038758259080350396	1.1705532693187011e-05	0.5323587656021118
488640	-3.794175	-0.987949	-0.138225	0.022501	0.532664	0.870902	-0.03878580648452044	1.7558299039780518e-05	0.5326614379882812
488760	-3.794424	-0.987773	-0.138557	0.022496	0.532764	0.870613	-0.038802079297602175	1.7558299039780518e-05	0.5327613353729248
488880	-3.794388	-0.987312	-0.138337	0.022497	0.533022	0.870806	-0.03884149510413408	2.6337448559670777e-05	0.5330209136009216
489000	-3.794097	-0.986918	-0.137970	0.022503	0.533234	0.871125	-0.03887563776224852	1.7558299039780518e-05	0.5332304835319519
489120	-3.793715	-0.986499	-0.137121	0.022512	0.533487	0.871864	-0.03891693316400051	1.1705532693187011e-05	0.5334861278533936
489240	-3.793822	-0.986278	-0.136558	0.022509	0.533636	0.872355	-0.03893764298409223	2.6337448559670777e-05	0.5336348414421082
489360	-3.793178	-0.986153	-0.136075	0.022524	0.533722	0.872777	-0.038948125578463076	2.6337448559670777e-05	0.5337207913398743
489480	-3.792978	-0.985847	-0.135345	0.022528	0.533881	0.873415	-0.038977411948144434	1.7558299039780518e-05	0.5338813066482544
489600	-3.793024	-0.985588	-0.135611	0.022527	0.533969	0.873182	-0.03899788577109575	2.6337448559670777e-05	0.5339668989181519
489720	-3.793133	-0.985228	-0.135010	0.022525	0.534172	0.873707	-0.03903307858854532	2.6337448559670777e-05	0.5341709852218628
489840	-3.793048	-0.984658	-0.134396	0.022527	0.534572	0.874244	-0.039071394875645635	3.9506172839506166e-05	0.5345613956451416
489960	-3.792512	-0.984041	-0.133436	0.022539	0.534928	0.875083	-0.03913102149963379	2.6337448559670777e-05	0.5349224805831909
490080	-3.792744	-0.983769	-0.133114	0.022534	0.535129	0.875365	-0.03916299641132355	1.7558299039780518e-05	0.5351272225379944
490200	-3.792401	-0.983463	-0.131052	0.022541	0.535352	0.877172	-0.039190242812037465	2.6337448559670777e-05	0.5353499054908752
490320	-3.791935	-0.982942	-0.130164	0.022552	0.535642	0.877952	-0.0392324149608612	2.6337448559670777e-05	0.5356354117393494
490440	-3.791299	-0.982584	-0.129425	0.022566	0.535863	0.878600	-0.039268136397004126	2.6337448559670777e-05	0.5358603596687317
490560	-3.791750	-0.982318	-0.128937	0.022556	0.536070	0.879030	-0.039293313026428224	1.7558299039780518e-05	0.5360670685768127
490680	-3.791620	-0.982009	-0.128476	0.022559	0.536230	0.879435	-0.039318259432911874	2.6337448559670777e-05	0.536228597164154
490800	-3.791723	-0.981892	-0.128417	0.022557	0.536291	0.879487	-0.039332086034119126	1.7558299039780518e-05	0.5362882018089294
490920	-3.791482	-0.981621	-0.127441	0.022562	0.536470	0.880345	-0.0393559331074357	1.1705532693187011e-05	0.5364701747894287
491040	-3.791685	-0.981326	-0.127172	0.022558	0.536647	0.880582	-0.03938190005719662	1.7558299039780518e-05	0.5366445779800415
491160	-3.791304	-0.980996	-0.125631	0.022566	0.536812	0.881940	-0.03941058684140444	2.6337448559670777e-05	0.5368080735206604
491280	-3.790923	-0.980468	-0.124860	0.022575	0.537142	0.882620	-0.039458753541111946	2.6337448559670777e-05	0.5371382832527161
491400	-3.791478	-0.980265	-0.125078	0.022562	0.537309	0.882428	-0.03948168754577637	2.6337448559670777e-05	0.5373092889785767
491520	-3.791352	-0.979989	-0.124951	0.022565	0.537494	0.882541	-0.03950346913188696	2.6337448559670777e-05	0.537492036819458
491640	-3.791385	-0.979519	-0.124012	0.022564	0.537816	0.883369	-0.0395365983247757	3.9506172839506166e-05	0.5378099679946899
491760	-3.791052	-0.979309	-0.122291	0.022572	0.537958	0.884891	-0.03956585992127657	2.6337448559670777e-05	0.5379565358161926
491880	-3.791169	-0.978954	-0.121505	0.022569	0.538175	0.885587	-0.039593139477074143	1.7558299039780518e-05	0.5381733775138855
492000	-3.791414	-0.978452	-0.120813	0.022564	0.538517	0.886200	-0.03963363189250231	2.6337448559670777e-05	0.5385090708732605
492120	-3.791292	-0.978000	-0.120113	0.022566	0.538837	0.886820	-0.03968026526272297	2.6337448559670777e-05	0.538834273815155
492240	-3.791066	-0.977498	-0.119419	0.022572	0.539182	0.887436	-0.03972455393522978	1.7558299039780518e-05	0.5391786694526672
492360	-3.790364	-0.977095	-0.118638	0.022587	0.539458	0.888129	-0.03976357895880937	2.6337448559670777e-05	0.5394566655158997
492480	-3.789581	-0.976798	-0.118270	0.022605	0.539612	0.888456	-0.039787122420966624	2.6337448559670777e-05	0.5396089553833008
492600	-3.789338	-0.976377	-0.117648	0.022611	0.539836	0.889009	-0.039828396029770376	1.7558299039780518e-05	0.5398342609405518
492720	-3.790035	-0.976286	-0.117323	0.022595	0.539947	0.889298	-0.039839880727231505	1.7558299039780518e-05	0.5399470329284668
492840	-3.790044	-0.976241	-0.117301	0.022595	0.539998	0.889317	-0.03984243087470531	2.6337448559670777e-05	0.5399962663650513
492960	-3.790236	-0.975941	-0.116198	0.022590	0.540226	0.890299	-0.039865185506641865	2.6337448559670777e-05	0.5402224063873291
493080	-3.790348	-0.975707	-0.115895	0.022588	0.540406	0.890569	-0.03989077471196652	1.7558299039780518e-05	0.5404056906700134
493200	-3.790076	-0.975296	-0.115195	0.022594	0.540658	0.891192	-0.03992486484348774	1.1705532693187011e-05	0.5406564474105835
493320	-3.790091	-0.974998	-0.114736	0.022594	0.540891	0.891602	-0.03995060455054045	2.6337448559670777e-05	0.5408884286880493
493440	-3.789634	-0.974689	-0.114149	0.022604	0.541093	0.892125	-0.039981729350984097	1.7558299039780518e-05	0.5410928130149841
493560	-3.790054	-0.974417	-0.112715	0.022594	0.541306	0.893405	-0.04000498503446579	1.7558299039780518e-05	0.5413050055503845
493680	-3.789859	-0.974059	-0.111180	0.022599	0.541550	0.894778	-0.040038665570318696	2.6337448559670777e-05	0.5415505170822144
493800	-3.789837	-0.973625	-0.111553	0.022599	0.541740	0.894444	-0.040075989440083504	1.7558299039780518e-05	0.5417393445968628
493920	-3.790307	-0.973398	-0.111147	0.022589	0.541875	0.894808	-0.04009872544556856	2.6337448559670777e-05	0.5418738722801208
494040	-3.790522	-0.973126	-0.111115	0.022584	0.542069	0.894836	-0.04012229982763529	2.6337448559670777e-05	0.5420677661895752
494160	-3.791449	-0.972906	-0.111237	0.022563	0.542213	0.894727	-0.04014141969382763	1.7558299039780518e-05	0.5422121286392212
494280	-3.791730	-0.972698	-0.111103	0.022557	0.542387	0.894846	-0.040159272775053975	1.7558299039780518e-05	0.5423845052719116
494400	-3.792085	-0.972409	-0.109930	0.022549	0.542603	0.895897	-0.04018435105681419	2.6337448559670777e-05	0.5426009297370911
494520	-3.791701	-0.972102	-0.109603	0.022557	0.542764	0.896190	-0.04020987376570702	1.7558299039780518e-05	0.5427615642547607
494640	-3.791740	-0.971880	-0.109361	0.022556	0.542846	0.896407	-0.04023366663604975	2.6337448559670777e-05	0.5428439378738403
494760	-3.791599	-0.971546	-0.108167	0.022559	0.543094	0.897477	-0.040261479839682576	1.7558299039780518e-05	0.5430915951728821
494880	-3.791068	-0.971079	-0.108141	0.022571	0.543343	0.897501	-0.040300716646015644	2.6337448559670777e-05	0.5433405041694641
495000	-3.791891	-0.970650	-0.107704	0.022553	0.543635	0.897894	-0.040343919023871425	1.7558299039780518e-05	0.5436328053474426
495120	-3.792068	-0.970396	-0.106684	0.022549	0.543804	0.898809	-0.040365653298795226	2.6337448559670777e-05	0.5438008308410645
495240	-3.791999	-0.970133	-0.105943	0.022550	0.543986	0.899476	-0.04039188716560602	2.6337448559670777e-05	0.5439853668212891
495360	-3.792135	-0.969865	-0.106204	0.022547	0.544089	0.899241	-0.04041410982608795	2.6337448559670777e-05	0.5440876483917236
495480	-3.791675	-0.969402	-0.105250	0.022558	0.544391	0.900100	-0.04045522026717663	2.6337448559670777e-05	0.5443896651268005
495600	-3.792587	-0.969163	-0.104550	0.022537	0.544576	0.900730	-0.040476984716951846	1.7558299039780518e-05	0.5445744395256042
495720	-3.793095	-0.968748	-0.103956	0.022526	0.544864	0.901265	-0.04051447175443172	1.7558299039780518e-05	0.5448610782623291
495840	-3.793863	-0.968514	-0.103295	0.022508	0.545035	0.901861	-0.04053614605218172	2.6337448559670777e-05	0.5450339317321777
495960	-3.793424	-0.968270	-0.103014	0.022518	0.545200	0.902115	-0.04055656995624304	2.6337448559670777e-05	0.5451975464820862
496080	-3.793243	-0.968102	-0.102754	0.022522	0.545333	0.902349	-0.0405729154124856	2.6337448559670777e-05	0.5453315377235413
496200	-3.793234	-0.967859	-0.103337	0.022523	0.545473	0.901823	-0.04059525988996029	1.7558299039780518e-05	0.5454722046852112
496320	-3.793166	-0.967476	-0.102891	0.022524	0.545708	0.902225	-0.04062513243407011	2.6337448559670777e-05	0.5457037687301636
496440	-3.794059	-0.966920	-0.102228	0.022504	0.546069	0.902824	-0.040679005347192286	2.6337448559670777e-05	0.5460671782493591
496560	-3.793563	-0.966575	-0.101718	0.022515	0.546319	0.903284	-0.04070913083851337	2.6337448559670777e-05	0.5463162064552307
496680	-3.793894	-0.966264	-0.101434	0.022508	0.546527	0.903540	-0.040737657062709334	1.7558299039780518e-05	0.5465248227119446
496800	-3.793616	-0.965789	-0.100359	0.022514	0.546846	0.904513	-0.040782805532217026	2.6337448559670777e-05	0.5468465685844421
496920	-3.793730	-0.965523	-0.099416	0.022511	0.547046	0.905366	-0.040805764682590964	2.6337448559670777e-05	0.547045886516571
497040	-3.794173	-0.965311	-0.099514	0.022502	0.547154	0.905277	-0.04082316718995571	1.7558299039780518e-05	0.5471517443656921
497160	-3.793806	-0.965203	-0.098958	0.022510	0.547230	0.905781	-0.04083378408104181	1.1705532693187011e-05	0.547227680683136
497280	-3.794357	-0.964939	-0.099286	0.022497	0.547459	0.905484	-0.040860592015087606	2.6337448559670777e-05	0.5474604964256287
497400	-3.794900	-0.964511	-0.099409	0.022485	0.547658	0.905373	-0.04089503157883882	2.6337448559670777e-05	0.5476565361022949
497520	-3.795638	-0.964099	-0.099040	0.022469	0.547890	0.905707	-0.04092804156243801	1.7558299039780518e-05	0.5478863716125488
497640	-3.797163	-0.963932	-0.098877	0.022434	0.548050	0.905854	-0.040948995016515256	1.7558299039780518e-05	0.548048734664917
497760	-3.796871	-0.963685	-0.098874	0.022441	0.548214	0.905857	-0.04096859432756901	1.7558299039780518e-05	0.5482099652290344
497880	-3.796432	-0.963486	-0.098639	0.022451	0.548287	0.906070	-0.040992592088878156	2.6337448559670777e-05	0.548290491104126
498000	-3.796924	-0.963319	-0.098304	0.022440	0.548433	0.906373	-0.041003950498998167	2.6337448559670777e-05	0.5484316945075989
498120	-3.796904	-0.962957	-0.097423	0.022440	0.548684	0.907172	-0.041035347059369086	2.6337448559670777e-05	0.5486806631088257
498240	-3.796790	-0.962708	-0.097350	0.022443	0.548846	0.907239	-0.04105953760445118	2.6337448559670777e-05	0.5488449335098267
498360	-3.796719	-0.962377	-0.096965	0.022444	0.549022	0.907588	-0.041086990386247635	1.7558299039780518e-05	0.5490205883979797
498480	-3.796649	-0.962085	-0.096335	0.022446	0.549221	0.908159	-0.041117179580032824	1.7558299039780518e-05	0.5492217540740967
498600	-3.797220	-0.961849	-0.095805	0.022433	0.549400	0.908641	-0.04113150853663683	2.6337448559670777e-05	0.5493946671485901
498720	-3.797334	-0.961609	-0.095815	0.022430	0.549551	0.908632	-0.041157543659210205	2.6337448559670777e-05	0.5495497584342957
498840	-3.797342	-0.961298	-0.094797	0.022430	0.549787	0.909558	-0.041186004877090454	1.7558299039780518e-05	0.5497851967811584
498960	-3.797502	-0.961024	-0.093516	0.022427	0.549966	0.910724	-0.04121057018637657	2.6337448559670777e-05	0.5499645471572876
499080	-3.797561	-0.960605	-0.092765	0.022425	0.550213	0.911408	-0.04124582000076771	1.7558299039780518e-05	0.5502108931541443
499200	-3.797235	-0.960176	-0.091942	0.022433	0.550475	0.912158	-0.0412841834127903	2.6337448559670777e-05	0.5504728555679321
499320	-3.797175	-0.959764	-0.090978	0.022434	0.550754	0.913038	-0.04132180921733379	2.6337448559670777e-05	0.550751805305481
499440	-3.797525	-0.959512	-0.090131	0.022426	0.550994	0.913812	-0.04134758859872818	1.7558299039780518e-05	0.5509918332099915
499560	-3.797465	-0.959009	-0.090100	0.022428	0.551341	0.913840	-0.04138648584485054	1.7558299039780518e-05	0.5513367056846619
499680	-3.797939	-0.958741	-0.090897	0.022417	0.551517	0.913112	-0.04141522701829672	2.6337448559670777e-05	0.5515152215957642
499800	-3.797381	-0.958493	-0.091078	0.022429	0.551641	0.912946	-0.041439367644488814	1.1705532693187011e-05	0.5516411066055298
499920	-3.797502	-0.958378	-0.090252	0.022427	0.551703	0.913701	-0.041448638774454594	2.6337448559670777e-05	0.5516999959945679
500040	-3.797127	-0.958255	-0.090679	0.022435	0.551763	0.913311	-0.04145906046032906	1.7558299039780518e-05	0.551761269569397
500160	-3.797439	-0.958009	-0.090378	0.022428	0.551927	0.913585	-0.041482509672641756	2.6337448559670777e-05	0.5519248247146606
500280	-3.797271	-0.957655	-0.089714	0.022432	0.552154	0.914193	-0.04151242505759001	1.1705532693187011e-05	0.5521520972251892
500400	-3.797270	-0.957312	-0.089169	0.022432	0.552318	0.914691	-0.04154231790453196	2.6337448559670777e-05	0.552315354347229
500520	-3.797108	-0.957108	-0.088767	0.022436	0.552464	0.915059	-0.04156309422105551	1.7558299039780518e-05	0.5524626970291138
500640	-3.796417	-0.956836	-0.089196	0.022451	0.552626	0.914667	-0.04158630557358265	1.1705532693187011e-05	0.5526245832443237
500760	-3.796217	-0.956580	-0.089063	0.022456	0.552772	0.914788	-0.04160968065261841	1.7558299039780518e-05	0.5527702569961548
500880	-3.796854	-0.956227	-0.089340	0.022441	0.553010	0.914534	-0.041641635820269585	2.6337448559670777e-05	0.553007960319519
501000	-3.796843	-0.955985	-0.089148	0.022442	0.553164	0.914710	-0.04166217297315598	2.6337448559670777e-05	0.5531603693962097
501120	-3.796460	-0.955807	-0.088133	0.022450	0.553276	0.915639	-0.04167911764234304	1.7558299039780518e-05	0.5532746315002441
501240	-3.796170	-0.955358	-0.087647	0.022457	0.553522	0.916084	-0.04171865545213223	2.6337448559670777e-05	0.5535198450088501
501360	-3.797202	-0.955029	-0.086736	0.022433	0.553764	0.916919	-0.04174929931759834	1.7558299039780518e-05	0.5537627339363098
501480	-3.797996	-0.954652	-0.086082	0.022416	0.553967	0.917519	-0.04178235810250044	2.6337448559670777e-05	0.5539652705192566
501600	-3.798327	-0.954271	-0.085579	0.022408	0.554220	0.917981	-0.041816184483468535	1.7558299039780518e-05	0.5542175769805908
501720	-3.799057	-0.953974	-0.085063	0.022392	0.554480	0.918454	-0.04184737410396337	1.7558299039780518e-05	0.5544801354408264
501840	-3.799787	-0.953623	-0.084470	0.022376	0.554740	0.918999	-0.04187385495752096	2.6337448559670777e-05	0.5547372102737427
501960	-3.799398	-0.953385	-0.084683	0.022384	0.554895	0.918804	-0.04189848303794861	2.6337448559670777e-05	0.5548938512802124
502080	-3.798663	-0.953269	-0.084256	0.022401	0.554976	0.919196	-0.04190995004028082	2.6337448559670777e-05	0.5549762845039368
502200	-3.799038	-0.953153	-0.084161	0.022392	0.555089	0.919283	-0.04191614799201489	2.6337448559670777e-05	0.5550865530967712
502320	-3.798272	-0.952720	-0.084733	0.022409	0.555376	0.918758	-0.04195437598973513	1.7558299039780518e-05	0.5553728938102722
502440	-3.798778	-0.952377	-0.083639	0.022398	0.555625	0.919763	-0.04198841378092766	2.6337448559670777e-05	0.55562424659729
502560	-3.798913	-0.952219	-0.082616	0.022395	0.555768	0.920704	-0.0420006675645709	2.6337448559670777e-05	0.5557650923728943
502680	-3.799124	-0.951891	-0.082436	0.022390	0.555950	0.920870	-0.042028987966477874	2.6337448559670777e-05	0.5559475421905518
502800	-3.798283	-0.951506	-0.082255	0.022409	0.556192	0.921037	-0.04206594880670309	1.7558299039780518e-05	0.5561895966529846
502920	-3.798866	-0.951330	-0.081595	0.022396	0.556332	0.921646	-0.04208190459758043	2.6337448559670777e-05	0.556329607963562
503040	-3.798778	-0.951091	-0.081874	0.022398	0.556476	0.921388	-0.042104977369308474	1.7558299039780518e-05	0.5564751029014587
503160	-3.799654	-0.950763	-0.081264	0.022379	0.556715	0.921951	-0.042131493985652926	2.6337448559670777e-05	0.5567105412483215
503280	-3.799987	-0.950185	-0.080576	0.022371	0.557112	0.922585	-0.04218530897051096	1.7558299039780518e-05	0.5571101903915405
503400	-3.800592	-0.949851	-0.080800	0.022358	0.557348	0.922378	-0.04221377093344927	2.6337448559670777e-05	0.5573444962501526
503520	-3.800313	-0.949593	-0.079912	0.022364	0.557580	0.923197	-0.042238449677824974	2.6337448559670777e-05	0.557577908039093
503640	-3.800356	-0.949449	-0.078717	0.022363	0.557745	0.924301	-0.04225440304726362	2.6337448559670777e-05	0.5577445030212402
503760	-3.799870	-0.949023	-0.078449	0.022374	0.557959	0.924549	-0.042289364710450174	1.7558299039780518e-05	0.5579578280448914
503880	-3.799293	-0.948598	-0.077548	0.022387	0.558211	0.925383	-0.04232593029737473	1.7558299039780518e-05	0.5582101941108704
504000	-3.800147	-0.948311	-0.076917	0.022367	0.558457	0.925967	-0.042355465888977054	1.7558299039780518e-05	0.5584567785263062
504120	-3.800628	-0.947951	-0.076614	0.022357	0.558711	0.926248	-0.04238581769168377	1.7558299039780518e-05	0.5587087869644165
504240	-3.800614	-0.947497	-0.076346	0.022357	0.558989	0.926496	-0.042424965836107734	2.6337448559670777e-05	0.5589861273765564
504360	-3.800270	-0.947001	-0.075530	0.022365	0.559294	0.927252	-0.042469867318868634	1.7558299039780518e-05	0.5592911839485168
504480	-3.801163	-0.946765	-0.074875	0.022345	0.559510	0.927859	-0.04249361082911492	1.7558299039780518e-05	0.5595095753669739
504600	-3.801405	-0.946560	-0.074507	0.022339	0.559676	0.928201	-0.04251144807785749	1.7558299039780518e-05	0.5596739649772644
504720	-3.801656	-0.946233	-0.074103	0.022334	0.559904	0.928576	-0.042540963366627695	2.6337448559670777e-05	0.5599032640457153
504840	-3.800791	-0.945970	-0.073054	0.022353	0.560052	0.929551	-0.042566080950200556	2.6337448559670777e-05	0.5600516200065613
504960	-3.800722	-0.945696	-0.073193	0.022355	0.560239	0.929421	-0.04258626736700535	2.6337448559670777e-05	0.5602351427078247
505080	-3.799829	-0.945246	-0.072845	0.022375	0.560508	0.929745	-0.04262981992214918	1.7558299039780518e-05	0.5605062246322632
505200	-3.799620	-0.944931	-0.072254	0.022379	0.560677	0.930295	-0.04265983775258064	1.7558299039780518e-05	0.5606768131256104
505320	-3.799117	-0.944639	-0.072318	0.022391	0.560808	0.930235	-0.042680506221950056	2.6337448559670777e-05	0.5608043670654297
505440	-3.799735	-0.944344	-0.072194	0.022377	0.561020	0.930351	-0.04270999748259783	2.6337448559670777e-05	0.5610174536705017
505560	-3.800115	-0.944018	-0.072273	0.022368	0.561316	0.930277	-0.042740128189325335	1.7558299039780518e-05	0.5613139271736145
505680	-3.800682	-0.943700	-0.072012	0.022356	0.561547	0.930520	-0.04276905376464128	1.1705532693187011e-05	0.56154465675354
505800	-3.800433	-0.943395	-0.070968	0.022361	0.561786	0.931492	-0.04279859941452742	2.6337448559670777e-05	0.5617846846580505
505920	-3.800358	-0.942985	-0.070186	0.022363	0.562135	0.932220	-0.0428295923396945	1.7558299039780518e-05	0.5621305704116821
506040	-3.800866	-0.942781	-0.069708	0.022351	0.562314	0.932666	-0.04285337328910828	2.6337448559670777e-05	0.5623125433921814
506160	-3.801105	-0.942600	-0.069431	0.022346	0.562462	0.932924	-0.04286911506205797	1.7558299039780518e-05	0.5624617338180542
506280	-3.801495	-0.942224	-0.069396	0.022337	0.562654	0.932958	-0.04290030468255281	1.1705532693187011e-05	0.5626531839370728
506400	-3.801650	-0.942077	-0.069167	0.022334	0.562746	0.933170	-0.042915286123752595	2.6337448559670777e-05	0.5627443194389343
506520	-3.802137	-0.941809	-0.068892	0.022323	0.562904	0.933427	-0.04294154979288578	2.6337448559670777e-05	0.5629048943519592
506640	-3.803085	-0.941606	-0.068500	0.022302	0.563038	0.933793	-0.04296020232141018	2.6337448559670777e-05	0.5630396604537964
506760	-3.803267	-0.941263	-0.067516	0.022298	0.563250	0.934713	-0.04298810325562954	1.7558299039780518e-05	0.5632487535476685
506880	-3.803614	-0.940965	-0.066887	0.022290	0.563470	0.935301	-0.04301470462232828	1.7558299039780518e-05	0.5634688138961792
507000	-3.804738	-0.940677	-0.066577	0.022265	0.563666	0.935591	-0.04303896576166153	2.6337448559670777e-05	0.5636644959449768
507120	-3.804610	-0.940300	-0.066125	0.022268	0.563878	0.936014	-0.043074501864612105	1.1705532693187011e-05	0.5638765692710876
507240	-3.804453	-0.940013	-0.065692	0.022271	0.564032	0.936419	-0.043100244179368016	1.7558299039780518e-05	0.5640301704406738
507360	-3.803591	-0.939757	-0.065416	0.022291	0.564231	0.936677	-0.04312578272074461	1.7558299039780518e-05	0.5642302632331848
507480	-3.803627	-0.939553	-0.064932	0.022290	0.564374	0.937131	-0.04314561001956463	1.7558299039780518e-05	0.564375638961792
507600	-3.804223	-0.939293	-0.063840	0.022276	0.564570	0.938155	-0.043164613842964175	2.6337448559670777e-05	0.5645672082901001
507720	-3.803603	-0.938960	-0.064317	0.022290	0.564785	0.937707	-0.043193728663027287	1.7558299039780518e-05	0.5647837519645691
507840	-3.803953	-0.938718	-0.063690	0.022283	0.564977	0.938296	-0.043216203711926936	2.6337448559670777e-05	0.564974308013916
507960	-3.804466	-0.938705	-0.064086	0.022271	0.565048	0.937925	-0.04322278741747141	2.6337448559670777e-05	0.5650477409362793
508080	-3.804359	-0.938279	-0.063915	0.022273	0.565296	0.938085	-0.04325253888964653	3.9506172839506166e-05	0.5652896165847778
508200	-3.804207	-0.937927	-0.063381	0.022277	0.565560	0.938586	-0.04328784383833408	2.6337448559670777e-05	0.565557599067688
508320	-3.804359	-0.937725	-0.063678	0.022273	0.565726	0.938307	-0.04330831915140152	1.1705532693187011e-05	0.565725564956665
508440	-3.803742	-0.937200	-0.062470	0.022287	0.566086	0.939442	-0.04335046261548996	2.6337448559670777e-05	0.5660822987556458
508560	-3.803282	-0.936766	-0.061450	0.022297	0.566354	0.940400	-0.04339135009795427	2.6337448559670777e-05	0.5663511753082275
508680	-3.803601	-0.936377	-0.061285	0.022290	0.566600	0.940555	-0.043427472934126854	2.6337448559670777e-05	0.5665972232818604
508800	-3.804641	-0.936098	-0.060769	0.022267	0.566828	0.941040	-0.043451004289090635	2.6337448559670777e-05	0.5668246150016785
508920	-3.804941	-0.935885	-0.060451	0.022261	0.566975	0.941340	-0.04347393345087767	2.6337448559670777e-05	0.5669752359390259
509040	-3.804989	-0.935578	-0.059998	0.022259	0.567182	0.941766	-0.04349726904183626	2.6337448559670777e-05	0.5671789646148682
509160	-3.805125	-0.935256	-0.059686	0.022256	0.567384	0.942060	-0.043530200980603694	2.6337448559670777e-05	0.5673832297325134
509280	-3.804790	-0.934995	-0.058873	0.022264	0.567580	0.942826	-0.04355104025453329	2.6337448559670777e-05	0.5675765872001648
509400	-3.804663	-0.934635	-0.058715	0.022267	0.567777	0.942976	-0.04358612429350615	1.7558299039780518e-05	0.5677767395973206
509520	-3.804819	-0.934488	-0.058618	0.022263	0.567890	0.943067	-0.04359930511564016	2.6337448559670777e-05	0.5678893327713013
509640	-3.805013	-0.934252	-0.058480	0.022259	0.568045	0.943197	-0.04361649714410305	1.7558299039780518e-05	0.5680404901504517
509760	-3.805152	-0.933750	-0.056429	0.022256	0.568454	0.945134	-0.043661469407379624	2.6337448559670777e-05	0.5684495568275452
509880	-3.804545	-0.933262	-0.055479	0.022269	0.568764	0.946032	-0.04370737764984369	2.6337448559670777e-05	0.568762481212616
510000	-3.804760	-0.932815	-0.054943	0.022265	0.569006	0.946539	-0.043749155662953856	1.1705532693187011e-05	0.5690044164657593
510120	-3.805009	-0.932476	-0.054547	0.022259	0.569225	0.946914	-0.04377498459070921	2.6337448559670777e-05	0.5692200660705566
510240	-3.805043	-0.931972	-0.054347	0.022258	0.569572	0.947104	-0.04382345303893089	2.6337448559670777e-05	0.5695677399635315
510360	-3.804584	-0.931557	-0.053722	0.022268	0.569850	0.947695	-0.04386207424104214	2.6337448559670777e-05	0.5698496699333191
510480	-3.805283	-0.931305	-0.053853	0.022253	0.570057	0.947572	-0.04388365522027016	2.6337448559670777e-05	0.570052981376648
510600	-3.805419	-0.930806	-0.053814	0.022250	0.570376	0.947609	-0.04393139239400625	1.7558299039780518e-05	0.5703752636909485
510720	-3.805929	-0.930622	-0.053380	0.022239	0.570540	0.948019	-0.04394743423908949	1.7558299039780518e-05	0.5705389976501465
510840	-3.806394	-0.930332	-0.052414	0.022228	0.570769	0.948936	-0.04397046398371458	2.6337448559670777e-05	0.5707659721374512
510960	-3.806324	-0.930150	-0.051551	0.022230	0.570959	0.949755	-0.04398910440504551	1.7558299039780518e-05	0.5709572434425354
511080	-3.806763	-0.929773	-0.051054	0.022220	0.571241	0.950227	-0.044023478589951995	1.1705532693187011e-05	0.5712405443191528
511200	-3.806560	-0.929414	-0.050490	0.022224	0.571530	0.950764	-0.04405342247337103	2.6337448559670777e-05	0.5715273022651672
511320	-3.806609	-0.929168	-0.049627	0.022223	0.571747	0.951584	-0.044077944755554196	1.7558299039780518e-05	0.5717456340789795
511440	-3.806241	-0.929176	-0.049030	0.022232	0.571813	0.952152	-0.04407459869980812	2.6337448559670777e-05	0.571808934211731
511560	-3.806035	-0.928836	-0.048706	0.022236	0.572055	0.952461	-0.04410690255463123	1.7558299039780518e-05	0.572054386138916
511680	-3.806752	-0.928339	-0.047558	0.022220	0.572379	0.953555	-0.04414892792701721	2.6337448559670777e-05	0.5723757743835449
511800	-3.807091	-0.928294	-0.047078	0.022213	0.572399	0.954013	-0.044157089479267594	2.6337448559670777e-05	0.5723979473114014
511920	-3.807257	-0.928139	-0.046455	0.022209	0.572524	0.954608	-0.04416719600558281	2.6337448559670777e-05	0.5725197196006775
512040	-3.807052	-0.927954	-0.046691	0.022214	0.572631	0.954383	-0.044186645187437534	1.7558299039780518e-05	0.5726304650306702
512160	-3.806486	-0.927584	-0.045854	0.022226	0.572887	0.955182	-0.044218146428465846	2.6337448559670777e-05	0.5728832483291626
512280	-3.805984	-0.927326	-0.045678	0.022237	0.573083	0.955349	-0.04424229487776756	2.6337448559670777e-05	0.5730811357498169
512400	-3.805352	-0.926790	-0.045075	0.022251	0.573411	0.955926	-0.04428873956203461	2.6337448559670777e-05	0.5734081268310547
512520	-3.805135	-0.926583	-0.045196	0.022256	0.573501	0.955810	-0.04431266356259585	2.6337448559670777e-05	0.5735015869140625
512640	-3.805519	-0.926365	-0.045006	0.022248	0.573671	0.955992	-0.04433012194931507	1.7558299039780518e-05	0.5736711621284485
512760	-3.805146	-0.926138	-0.044536	0.022256	0.573831	0.956442	-0.04434979949146509	2.6337448559670777e-05	0.5738279223442078
512880	-3.805634	-0.926151	-0.044797	0.022245	0.573855	0.956191	-0.044349673576653	2.6337448559670777e-05	0.5738540887832642
513000	-3.805619	-0.926035	-0.045031	0.022245	0.573936	0.955968	-0.044361514039337635	2.6337448559670777e-05	0.5739353895187378
513120	-3.805719	-0.926012	-0.045244	0.022243	0.573982	0.955765	-0.04436238743364811	1.1705532693187011e-05	0.5739819407463074
513240	-3.806015	-0.925880	-0.045602	0.022237	0.574060	0.955422	-0.04437361210584641	1.7558299039780518e-05	0.574059009552002
513360	-3.806551	-0.925579	-0.045617	0.022225	0.574276	0.955408	-0.04439731147140265	2.6337448559670777e-05	0.5742717981338501
513480	-3.807898	-0.925158	-0.044351	0.022195	0.574594	0.956618	-0.044438292644917964	1.7558299039780518e-05	0.5745924115180969
513600	-3.807576	-0.924696	-0.043216	0.022202	0.574905	0.957705	-0.04448034577071667	1.7558299039780518e-05	0.5749037861824036
513720	-3.807170	-0.924422	-0.043033	0.022211	0.575091	0.957880	-0.04450392182916403	1.7558299039780518e-05	0.5750895142555237
513840	-3.807791	-0.924024	-0.043315	0.022197	0.575329	0.957610	-0.04453803543001413	1.7558299039780518e-05	0.5753263831138611
513960	-3.808569	-0.923614	-0.042946	0.022180	0.575631	0.957963	-0.04457475002855062	2.6337448559670777e-05	0.5756286978721619
514080	-3.808938	-0.923314	-0.043243	0.022172	0.575864	0.957679	-0.044603877887129786	2.6337448559670777e-05	0.5758630633354187
514200	-3.808602	-0.922975	-0.043499	0.022179	0.576060	0.957433	-0.04463381357491016	2.6337448559670777e-05	0.5760576725006104
514320	-3.809751	-0.922872	-0.042729	0.022154	0.576219	0.958171	-0.04464133232831955	1.7558299039780518e-05	0.5762165784835815
514440	-3.809748	-0.922655	-0.042477	0.022154	0.576353	0.958412	-0.04466393403708935	2.6337448559670777e-05	0.5763519406318665
514560	-3.809455	-0.922433	-0.042565	0.022160	0.576503	0.958328	-0.044682986475527285	2.6337448559670777e-05	0.5765016674995422
514680	-3.809465	-0.922254	-0.043025	0.022160	0.576645	0.957888	-0.04469993356615305	1.7558299039780518e-05	0.5766432285308838
514800	-3.809455	-0.921965	-0.042412	0.022160	0.576833	0.958475	-0.04472465179860592	2.6337448559670777e-05	0.5768313407897949
514920	-3.809055	-0.921454	-0.041476	0.022169	0.577195	0.959372	-0.0447695966809988	2.6337448559670777e-05	0.5771917104721069
515040	-3.809503	-0.921212	-0.041042	0.022159	0.577392	0.959789	-0.04479411039501428	1.7558299039780518e-05	0.5773915648460388
515160	-3.810314	-0.921147	-0.040662	0.022141	0.577514	0.960154	-0.04479860570281744	1.1705532693187011e-05	0.5775123238563538
515280	-3.810411	-0.920853	-0.040320	0.022139	0.577735	0.960482	-0.04482385478913784	1.7558299039780518e-05	0.5777326822280884
515400	-3.810467	-0.920406	-0.039839	0.022138	0.578027	0.960944	-0.04486690890043974	1.1705532693187011e-05	0.5780261754989624
515520	-3.810429	-0.919985	-0.038948	0.022139	0.578348	0.961801	-0.044901480339467524	2.6337448559670777e-05	0.5783463716506958
515640	-3.810876	-0.919615	-0.038249	0.022129	0.578653	0.962473	-0.044937572069466115	2.6337448559670777e-05	0.5786524415016174
515760	-3.811498	-0.919142	-0.037373	0.022115	0.578984	0.963316	-0.04497524797916412	2.6337448559670777e-05	0.5789793729782104
515880	-3.811814	-0.918705	-0.036712	0.022108	0.579280	0.963953	-0.045014755241572856	2.6337448559670777e-05	0.5792757868766785
516000	-3.812017	-0.918449	-0.036618	0.022104	0.579468	0.964045	-0.0450430603697896	1.7558299039780518e-05	0.5794667601585388
516120	-3.812315	-0.918063	-0.036115	0.022097	0.579729	0.964529	-0.04507567156106233	1.7558299039780518e-05	0.5797264575958252
516240	-3.812604	-0.917742	-0.036248	0.022091	0.579959	0.964401	-0.04510077759623528	3.9506172839506166e-05	0.5799544453620911
516360	-3.812926	-0.917241	-0.036152	0.022083	0.580259	0.964494	-0.04515054058283567	1.7558299039780518e-05	0.5802574753761292
516480	-3.812911	-0.917130	-0.035751	0.022084	0.580402	0.964880	-0.045161960273981096	2.6337448559670777e-05	0.5803989768028259
516600	-3.812387	-0.916973	-0.036086	0.022095	0.580535	0.964557	-0.04517457373440266	2.6337448559670777e-05	0.5805346369743347
516720	-3.812653	-0.916800	-0.036325	0.022090	0.580697	0.964327	-0.04519057087600231	1.7558299039780518e-05	0.5806950330734253
516840	-3.811843	-0.916560	-0.037289	0.022107	0.580829	0.963398	-0.04521212745457888	1.7558299039780518e-05	0.5808268785476685
516960	-3.812302	-0.916365	-0.036702	0.022097	0.581018	0.963963	-0.045229744538664816	1.7558299039780518e-05	0.5810158848762512
517080	-3.812570	-0.916230	-0.036427	0.022091	0.581147	0.964228	-0.045240626111626624	2.6337448559670777e-05	0.581144392490387
517200	-3.812523	-0.916086	-0.036515	0.022092	0.581236	0.964144	-0.04525567479431629	1.7558299039780518e-05	0.5812363028526306
517320	-3.812596	-0.915928	-0.036036	0.022091	0.581364	0.964606	-0.0452714990824461	1.7558299039780518e-05	0.581363320350647
517440	-3.813183	-0.915826	-0.035678	0.022078	0.581465	0.964951	-0.045278511755168435	7.803688462124674e-06	0.5814634561538696
517560	-3.813797	-0.915736	-0.034532	0.022064	0.581561	0.966058	-0.04528816062957049	1.7558299039780518e-05	0.5815598368644714
517680	-3.814008	-0.915540	-0.034351	0.022060	0.581679	0.966232	-0.045302838645875455	2.6337448559670777e-05	0.5816763043403625
517800	-3.813886	-0.915255	-0.034226	0.022062	0.581898	0.966353	-0.04533092342317104	7.803688462124674e-06	0.5818974375724792
517920	-3.813622	-0.914984	-0.033493	0.022068	0.582098	0.967062	-0.04534871075302362	2.6337448559670777e-05	0.5820927619934082
518040	-3.813628	-0.914659	-0.032748	0.022068	0.582358	0.967783	-0.045382519625127314	2.6337448559670777e-05	0.5823552012443542
518160	-3.813313	-0.914258	-0.032114	0.022075	0.582601	0.968396	-0.04542005844414234	1.7558299039780518e-05	0.5826000571250916
518280	-3.813223	-0.914042	-0.032093	0.022077	0.582699	0.968417	-0.0454383010044694	1.7558299039780518e-05	0.582696795463562
518400	-3.813792	-0.913714	-0.031645	0.022064	0.582963	0.968851	-0.045465283654630186	2.6337448559670777e-05	0.5829596519470215
518520	-3.814481	-0.913710	-0.031453	0.022049	0.582988	0.969037	-0.04547065123915672	1.7558299039780518e-05	0.5829880237579346
518640	-3.814368	-0.913389	-0.031881	0.022052	0.583252	0.968622	-0.045495841465890405	1.7558299039780518e-05	0.583249568939209
518760	-3.814584	-0.913148	-0.031878	0.022047	0.583378	0.968625	-0.04552161581814289	1.7558299039780518e-05	0.5833780765533447
518880	-3.815157	-0.913099	-0.031827	0.022034	0.583416	0.968674	-0.045523876883089544	2.6337448559670777e-05	0.5834146738052368
519000	-3.815944	-0.912808	-0.030864	0.022017	0.583619	0.969607	-0.04554864559322595	2.6337448559670777e-05	0.5836169123649597
519120	-3.816084	-0.912482	-0.031387	0.022014	0.583827	0.969101	-0.04557690992951393	2.6337448559670777e-05	0.583824098110199
519240	-3.816404	-0.912217	-0.030725	0.022007	0.584058	0.969742	-0.0455947769805789	1.7558299039780518e-05	0.5840527415275574
519360	-3.816650	-0.912035	-0.030289	0.022001	0.584185	0.970165	-0.0456184521317482	2.6337448559670777e-05	0.5841806530952454
519480	-3.816935	-0.911853	-0.030283	0.021995	0.584293	0.970171	-0.045634458772838116	2.6337448559670777e-05	0.5842896103858948
519600	-3.817804	-0.911683	-0.029699	0.021976	0.584423	0.970738	-0.04565408937633038	1.7558299039780518e-05	0.5844235420227051
519720	-3.818290	-0.911478	-0.029326	0.021965	0.584536	0.971100	-0.04566755685955286	1.7558299039780518e-05	0.5845345854759216
519840	-3.818448	-0.911127	-0.029197	0.021962	0.584796	0.971225	-0.04570039343088865	2.6337448559670777e-05	0.584794282913208
519960	-3.818467	-0.910904	-0.028662	0.021961	0.585002	0.971745	-0.045723304897546765	2.6337448559670777e-05	0.5850021839141846
520080	-3.817836	-0.910730	-0.028572	0.021975	0.585152	0.971832	-0.04573761448264122	1.7558299039780518e-05	0.5851513147354126
520200	-3.817286	-0.910616	-0.027493	0.021987	0.585256	0.972881	-0.04574598595499992	1.7558299039780518e-05	0.5852533578872681
520320	-3.818108	-0.910511	-0.027411	0.021969	0.585402	0.972962	-0.04575881324708462	2.6337448559670777e-05	0.5854030847549438
520440	-3.818054	-0.910176	-0.027457	0.021971	0.585587	0.972917	-0.045788364857435225	2.6337448559670777e-05	0.5855873823165894
520560	-3.817848	-0.909995	-0.027357	0.021975	0.585712	0.973014	-0.045803352259099483	1.1705532693187011e-05	0.5857117772102356
520680	-3.817807	-0.909817	-0.026658	0.021976	0.585828	0.973694	-0.04581713937222957	1.7558299039780518e-05	0.5858238935470581
520800	-3.818091	-0.909558	-0.025158	0.021970	0.586076	0.975156	-0.04584363829344511	2.6337448559670777e-05	0.5860733389854431
520920	-3.818550	-0.909406	-0.024534	0.021960	0.586229	0.975765	-0.04585453942418098	1.7558299039780518e-05	0.5862270593643188
521040	-3.819181	-0.909400	-0.024312	0.021946	0.586295	0.975981	-0.0458597669377923	1.7558299039780518e-05	0.5862945318222046
521160	-3.819386	-0.909215	-0.024311	0.021941	0.586369	0.975983	-0.04587538279592991	1.7558299039780518e-05	0.5863699316978455
521280	-3.819933	-0.909086	-0.024099	0.021929	0.586529	0.976189	-0.04588466268032789	1.7558299039780518e-05	0.5865284204483032
521400	-3.820174	-0.909001	-0.023984	0.021924	0.586614	0.976301	-0.045894603431224826	1.1705532693187011e-05	0.586614727973938
521520	-3.820295	-0.908846	-0.023526	0.021921	0.586766	0.976748	-0.04590666554868221	1.7558299039780518e-05	0.5867646932601929
521640	-3.820896	-0.908660	-0.023175	0.021908	0.586930	0.977092	-0.045921391993761065	1.1705532693187011e-05	0.586928129196167
521760	-3.821703	-0.908520	-0.022454	0.021890	0.587085	0.977796	-0.045934827998280525	2.6337448559670777e-05	0.5870829224586487
521880	-3.822683	-0.908134	-0.022165	0.021869	0.587404	0.978078	-0.0459671089425683	1.7558299039780518e-05	0.5874006748199463
522000	-3.823251	-0.907864	-0.022147	0.021857	0.587648	0.978096	-0.045992097444832326	1.7558299039780518e-05	0.5876443982124329
522120	-3.823456	-0.907621	-0.022095	0.021852	0.587790	0.978148	-0.04601850844919682	1.1705532693187011e-05	0.5877901315689087
522240	-3.823521	-0.907388	-0.021824	0.021851	0.587958	0.978413	-0.04604037962853909	2.6337448559670777e-05	0.5879596471786499
522360	-3.824011	-0.907162	-0.021223	0.021840	0.588129	0.979001	-0.046059332229197024	2.6337448559670777e-05	0.5881273746490479
522480	-3.823964	-0.906755	-0.020040	0.021841	0.588441	0.980159	-0.04609316121786833	2.6337448559670777e-05	0.588438868522644
522600	-3.824820	-0.906471	-0.019935	0.021822	0.588650	0.980262	-0.04611635934561491	2.6337448559670777e-05	0.5886446237564087
522720	-3.824307	-0.906037	-0.019380	0.021834	0.588962	0.980806	-0.04615949913859367	1.1705532693187011e-05	0.5889620184898376
522840	-3.825205	-0.905723	-0.019003	0.021814	0.589203	0.981176	-0.04618451446294784	2.6337448559670777e-05	0.5891993045806885
522960	-3.825600	-0.905404	-0.018400	0.021805	0.589464	0.981768	-0.04621103312820196	1.7558299039780518e-05	0.5894609093666077
523080	-3.825595	-0.905203	-0.017200	0.021805	0.589625	0.982947	-0.04623370189219713	2.6337448559670777e-05	0.5896235108375549
523200	-3.826077	-0.905039	-0.016509	0.021795	0.589752	0.983627	-0.04624907784163952	2.6337448559670777e-05	0.5897508859634399
523320	-3.826418	-0.904923	-0.016261	0.021788	0.589864	0.983871	-0.04625651091337204	2.6337448559670777e-05	0.5898607969284058
523440	-3.826197	-0.904544	-0.015442	0.021792	0.590072	0.984676	-0.04629298374056816	2.6337448559670777e-05	0.5900694727897644
523560	-3.826088	-0.904349	-0.015017	0.021795	0.590208	0.985095	-0.04631369709968567	1.7558299039780518e-05	0.5902082324028015
523680	-3.826886	-0.904141	-0.014995	0.021777	0.590361	0.985117	-0.04632901083678007	2.6337448559670777e-05	0.5903586745262146
523800	-3.828003	-0.904185	-0.014965	0.021753	0.590443	0.985147	-0.04632485285401344	2.6337448559670777e-05	0.5904402732849121
523920	-3.827682	-0.903809	-0.014457	0.021760	0.590736	0.985647	-0.046360982581973076	1.7558299039780518e-05	0.5907345414161682
524040	-3.827809	-0.903767	-0.014525	0.021757	0.590771	0.985580	-0.046365850046277045	1.7558299039780518e-05	0.590771496295929
524160	-3.829332	-0.903426	-0.013061	0.021724	0.591066	0.987024	-0.04639413133263588	1.7558299039780518e-05	0.5910648703575134
524280	-3.829080	-0.903252	-0.012789	0.021730	0.591176	0.987292	-0.046411622501909736	2.6337448559670777e-05	0.5911759734153748
524400	-3.828825	-0.902941	-0.011883	0.021735	0.591401	0.988187	-0.04643778242170811	1.7558299039780518e-05	0.5913987159729004
524520	-3.829047	-0.902616	-0.011844	0.021730	0.591638	0.988226	-0.04646492768079043	1.7558299039780518e-05	0.591635525226593
524640	-3.829473	-0.902366	-0.011655	0.021721	0.591790	0.988413	-0.046489037573337555	1.7558299039780518e-05	0.5917885303497314
524760	-3.830176	-0.902148	-0.011056	0.021706	0.591950	0.989005	-0.04650971256196499	2.6337448559670777e-05	0.5919485092163086
524880	-3.830128	-0.901909	-0.010625	0.021707	0.592156	0.989431	-0.04653156418353319	2.6337448559670777e-05	0.5921540856361389
525000	-3.829564	-0.901638	-0.010110	0.021719	0.592298	0.989941	-0.04655402358621359	2.6337448559670777e-05	0.5922967195510864
525120	-3.829412	-0.901302	-0.009522	0.021722	0.592447	0.990523	-0.04658853001892567	1.7558299039780518e-05	0.5924487113952637
525240	-3.829689	-0.901229	-0.009512	0.021716	0.592482	0.990533	-0.04659100398421288	1.1705532693187011e-05	0.5924807190895081
525360	-3.829691	-0.900918	-0.008607	0.021716	0.592718	0.991430	-0.046617540158331396	1.1705532693187011e-05	0.5927157998085022
525480	-3.830255	-0.900832	-0.008809	0.021704	0.592793	0.991229	-0.04662846252322197	2.6337448559670777e-05	0.5927917957305908
525600	-3.830217	-0.900583	-0.008444	0.021705	0.592948	0.991592	-0.04665016606450081	1.7558299039780518e-05	0.5929456949234009
525720	-3.830283	-0.900507	-0.008222	0.021703	0.593028	0.991811	-0.046656830981373784	1.7558299039780518e-05	0.5930264592170715
525840	-3.830150	-0.900328	-0.007591	0.021706	0.593135	0.992438	-0.04667352251708508	2.6337448559670777e-05	0.5931346416473389
525960	-3.829858	-0.900124	-0.007325	0.021713	0.593245	0.992702	-0.046690525487065315	1.7558299039780518e-05	0.593241810798645
526080	-3.830228	-0.899853	-0.006894	0.021705	0.593477	0.993129	-0.04671637341380119	1.7558299039780518e-05	0.5934768915176392
526200	-3.830052	-0.899562	-0.006195	0.021708	0.593691	0.993824	-0.04674022328108549	1.7558299039780518e-05	0.5936890244483948
526320	-3.829702	-0.899207	-0.005540	0.021716	0.593891	0.994475	-0.04677345529198647	3.9506172839506166e-05	0.5938910245895386
526440	-3.828843	-0.899033	-0.004927	0.021735	0.594019	0.995085	-0.04678892660886049	2.6337448559670777e-05	0.5940173268318176
526560	-3.829869	-0.898874	-0.004174	0.021712	0.594178	0.995835	-0.046806306764483455	2.6337448559670777e-05	0.5941775441169739
526680	-3.830236	-0.898552	-0.004786	0.021704	0.594338	0.995225	-0.046831135638058186	2.6337448559670777e-05	0.5943362712860107
526800	-3.830358	-0.898212	-0.003769	0.021702	0.594608	0.996238	-0.046864099055528644	1.7558299039780518e-05	0.5946074724197388
526920	-3.831392	-0.897907	-0.003484	0.021679	0.594844	0.996522	-0.046890880167484286	2.6337448559670777e-05	0.5948424339294434
527040	-3.831407	-0.897576	-0.003224	0.021679	0.595040	0.996781	-0.04691955391317606	2.6337448559670777e-05	0.5950392484664917
527160	-3.831162	-0.897328	-0.002181	0.021684	0.595238	0.997822	-0.046943750232458115	1.7558299039780518e-05	0.5952370762825012
527280	-3.830851	-0.896989	-0.001790	0.021691	0.595462	0.998212	-0.04697477389127016	1.7558299039780518e-05	0.5954601168632507
527400	-3.831424	-0.896787	-0.001807	0.021679	0.595615	0.998195	-0.046989298425614834	2.6337448559670777e-05	0.5956114530563354
527520	-3.831794	-0.896550	-0.001639	0.021671	0.595753	0.998362	-0.04701332189142704	1.7558299039780518e-05	0.5957525968551636
527640	-3.831898	-0.896304	-0.001322	0.021668	0.595896	0.998679	-0.04703147616237402	1.7558299039780518e-05	0.5958927273750305
527760	-3.832606	-0.895768	-0.000225	0.021653	0.596249	0.999775	-0.04708488304167986	1.7558299039780518e-05	0.5962485671043396
527880	-3.832581	-0.895641	-0.000175	0.021654	0.596313	0.999825	-0.047093482688069344	1.7558299039780518e-05	0.5963102579116821
528000	-3.832551	-0.895558	0.000366	0.021654	0.596375	1.000367	-0.047105468809604645	1.7558299039780518e-05	0.5963762402534485
528120	-3.832663	-0.895285	0.000547	0.021652	0.596537	1.000547	-0.047129232250154016	1.7558299039780518e-05	0.5965367555618286
528240	-3.832998	-0.895047	0.001073	0.021645	0.596725	1.001073	-0.04714882802218199	1.7558299039780518e-05	0.5967237949371338
528360	-3.832360	-0.894873	0.000908	0.021658	0.596836	1.000909	-0.04716376680880785	2.6337448559670777e-05	0.5968334674835205
528480	-3.832513	-0.894678	0.000642	0.021655	0.596940	1.000643	-0.047181906178593636	1.1705532693187011e-05	0.5969396829605103
528600	-3.832729	-0.894530	0.000790	0.021650	0.597042	1.000791	-0.047195307165384295	1.7558299039780518e-05	0.5970394611358643
528720	-3.833524	-0.894375	0.001605	0.021633	0.597194	1.001606	-0.04720809552818537	2.6337448559670777e-05	0.5971925854682922
528840	-3.833704	-0.894194	0.001562	0.021629	0.597284	1.001564	-0.047225925512611865	1.7558299039780518e-05	0.5972838401794434
528960	-3.833802	-0.893972	0.001779	0.021627	0.597408	1.001781	-0.04724382907152176	2.6337448559670777e-05	0.5974050760269165
529080	-3.833394	-0.893775	0.002711	0.021636	0.597538	1.002715	-0.047260651178658006	2.6337448559670777e-05	0.5975349545478821
529200	-3.833684	-0.893486	0.003487	0.021630	0.597792	1.003493	-0.0472877798601985	1.7558299039780518e-05	0.5977893471717834
529320	-3.833615	-0.893204	0.004144	0.021631	0.597995	1.004153	-0.047315293177962306	2.6337448559670777e-05	0.5979945063591003
529440	-3.833790	-0.892934	0.004180	0.021627	0.598191	1.004189	-0.0473370548337698	1.7558299039780518e-05	0.5981895327568054
529560	-3.833271	-0.892748	0.004231	0.021639	0.598322	1.004239	-0.04735528565943241	2.6337448559670777e-05	0.5983203053474426
529680	-3.833710	-0.892720	0.004953	0.021629	0.598349	1.004965	-0.047358392551541326	1.7558299039780518e-05	0.5983479022979736
529800	-3.833545	-0.892361	0.005742	0.021633	0.598602	1.005759	-0.04738842640072107	1.7558299039780518e-05	0.5986002087593079
529920	-3.833073	-0.892124	0.006613	0.021643	0.598789	1.006635	-0.047412304766476156	1.7558299039780518e-05	0.598788321018219
530040	-3.833548	-0.891788	0.007057	0.021633	0.599047	1.007082	-0.047443270310759546	1.7558299039780518e-05	0.5990463495254517
530160	-3.834151	-0.891559	0.007054	0.021620	0.599227	1.007079	-0.04746147077530623	2.6337448559670777e-05	0.5992245078086853
530280	-3.834581	-0.891326	0.007077	0.021610	0.599427	1.007102	-0.04748282115906477	1.7558299039780518e-05	0.5994248390197754
530400	-3.835152	-0.891036	0.006951	0.021598	0.599667	1.006975	-0.0475091028958559	1.7558299039780518e-05	0.599665105342865
530520	-3.836143	-0.891043	0.006692	0.021577	0.599708	1.006714	-0.04751023761928082	1.7558299039780518e-05	0.599707841873169
530640	-3.836369	-0.890956	0.006815	0.021572	0.599820	1.006838	-0.047519557364284995	1.7558299039780518e-05	0.5998198986053467
530760	-3.836916	-0.890699	0.007492	0.021560	0.600036	1.007520	-0.047538729198276994	1.7558299039780518e-05	0.6000340580940247
530880	-3.836772	-0.890347	0.007447	0.021563	0.600201	1.007475	-0.047569152899086475	2.6337448559670777e-05	0.6001978516578674
531000	-3.837239	-0.890014	0.007503	0.021553	0.600456	1.007532	-0.047602159716188905	2.6337448559670777e-05	0.6004546880722046
531120	-3.836558	-0.889655	0.007362	0.021568	0.600635	1.007389	-0.04763050340116024	2.6337448559670777e-05	0.6006324887275696
531240	-3.837507	-0.889306	0.006996	0.021547	0.600885	1.007020	-0.04766434282064438	1.7558299039780518e-05	0.6008843183517456
531360	-3.837460	-0.889090	0.007621	0.021548	0.601036	1.007650	-0.04768509231507778	1.7558299039780518e-05	0.6010341644287109
531480	-3.837188	-0.888813	0.007779	0.021554	0.601181	1.007809	-0.04771205727010965	1.7558299039780518e-05	0.6011822819709778
531600	-3.836895	-0.888302	0.007742	0.021560	0.601504	1.007772	-0.047752526216208936	1.7558299039780518e-05	0.6015015244483948
531720	-3.836933	-0.887969	0.008286	0.021560	0.601737	1.008321	-0.04778601117432117	1.7558299039780518e-05	0.6017355918884277
531840	-3.837201	-0.887700	0.008741	0.021554	0.601944	1.008780	-0.04781036097556353	1.7558299039780518e-05	0.6019429564476013
531960	-3.837601	-0.887463	0.009289	0.021545	0.602143	1.009333	-0.047831791639328006	1.7558299039780518e-05	0.6021409034729004
532080	-3.837572	-0.887375	0.009067	0.021546	0.602214	1.009109	-0.04784061424434185	1.7558299039780518e-05	0.6022122502326965
532200	-3.837944	-0.887192	0.009045	0.021538	0.602364	1.009086	-0.047854930721223356	2.6337448559670777e-05	0.6023613810539246
532320	-3.838150	-0.886890	0.009821	0.021533	0.602607	1.009870	-0.04788134023547173	2.6337448559670777e-05	0.6026045680046082
532440	-3.838136	-0.886428	0.009959	0.021534	0.602954	1.010009	-0.04792201779782772	2.6337448559670777e-05	0.6029510498046875
532560	-3.837928	-0.885953	0.009556	0.021538	0.603343	1.009601	-0.04796561039984226	2.6337448559670777e-05	0.6033405065536499
532680	-3.837983	-0.885670	0.010287	0.021537	0.603604	1.010340	-0.04799005519598722	2.6337448559670777e-05	0.6036001443862915
532800	-3.839025	-0.885587	0.010632	0.021515	0.603710	1.010689	-0.04799885358661413	1.7558299039780518e-05	0.6037077307701111
532920	-3.838783	-0.885273	0.010455	0.021520	0.603924	1.010510	-0.0480274872854352	1.7558299039780518e-05	0.6039227843284607
533040	-3.839525	-0.885135	0.010618	0.021504	0.604051	1.010674	-0.04804075676947832	2.6337448559670777e-05	0.604049563407898
533160	-3.839050	-0.884785	0.011353	0.021514	0.604323	1.011418	-0.04807406608015299	1.1705532693187011e-05	0.6043225526809692
533280	-3.838760	-0.884510	0.010914	0.021520	0.604531	1.010974	-0.04809482004493475	2.6337448559670777e-05	0.6045278906822205
533400	-3.838986	-0.883967	0.010910	0.021515	0.604895	1.010970	-0.04814454335719347	2.6337448559670777e-05	0.6048939228057861
533520	-3.838413	-0.883714	0.011445	0.021528	0.605095	1.011511	-0.04816472213715315	2.6337448559670777e-05	0.6050912141799927
533640	-3.838295	-0.883479	0.011813	0.021530	0.605275	1.011883	-0.04819200932979584	1.7558299039780518e-05	0.6052756905555725
533760	-3.838965	-0.883435	0.012419	0.021516	0.605374	1.012496	-0.048193974792957305	1.7558299039780518e-05	0.6053733825683594
533880	-3.839421	-0.883389	0.012531	0.021506	0.605404	1.012610	-0.04819867834448814	1.7558299039780518e-05	0.6054027080535889
534000	-3.839262	-0.882889	0.012070	0.021509	0.605693	1.012143	-0.04823996275663376	1.7558299039780518e-05	0.6056904196739197
534120	-3.839378	-0.882711	0.012776	0.021507	0.605818	1.012858	-0.04826049562543631	2.6337448559670777e-05	0.6058169603347778
534240	-3.840034	-0.882620	0.014003	0.021493	0.605944	1.014102	-0.04826668445020914	1.7558299039780518e-05	0.6059442758560181
534360	-3.839772	-0.882439	0.014412	0.021498	0.606050	1.014516	-0.04828561302274466	1.7558299039780518e-05	0.6060509085655212
534480	-3.839617	-0.882398	0.014125	0.021502	0.606079	1.014225	-0.048288609459996225	2.6337448559670777e-05	0.6060780882835388
534600	-3.839268	-0.882135	0.013710	0.021509	0.606241	1.013804	-0.0483088381588459	1.1705532693187011e-05	0.6062395572662354
534720	-3.839529	-0.881797	0.013898	0.021504	0.606463	1.013995	-0.04833894465118647	1.7558299039780518e-05	0.6064614057540894
534840	-3.840722	-0.881613	0.014380	0.021478	0.606642	1.014484	-0.04835580363869667	2.6337448559670777e-05	0.6066372990608215
534960	-3.841808	-0.881478	0.014139	0.021455	0.606736	1.014239	-0.04837095458060503	1.7558299039780518e-05	0.6067359447479248
535080	-3.841810	-0.881089	0.014324	0.021455	0.606967	1.014427	-0.0484008114784956	1.7558299039780518e-05	0.6069626808166504
535200	-3.841788	-0.880902	0.015841	0.021455	0.607159	1.015968	-0.048421766795217994	2.6337448559670777e-05	0.6071563363075256
535320	-3.840743	-0.880630	0.016812	0.021478	0.607332	1.016954	-0.048440742306411266	2.6337448559670777e-05	0.6073288917541504
535440	-3.841004	-0.880408	0.017802	0.021472	0.607471	1.017961	-0.04846493620425463	2.6337448559670777e-05	0.607469916343689
535560	-3.841486	-0.880190	0.018573	0.021462	0.607658	1.018747	-0.048485595174133776	1.1705532693187011e-05	0.6076582074165344
535680	-3.841538	-0.879900	0.019581	0.021461	0.607882	1.019774	-0.04851238466799259	1.7558299039780518e-05	0.6078810691833496
535800	-3.841082	-0.879705	0.020409	0.021470	0.608050	1.020619	-0.048530399799346924	1.1705532693187011e-05	0.6080498695373535
535920	-3.841122	-0.879478	0.020772	0.021470	0.608193	1.020989	-0.04855015501379967	1.7558299039780518e-05	0.6081920266151428
536040	-3.841611	-0.879252	0.020639	0.021459	0.608418	1.020854	-0.04856804087758064	1.7558299039780518e-05	0.6084155440330505
536160	-3.841118	-0.879029	0.021546	0.021470	0.608604	1.021780	-0.04859151132404804	2.6337448559670777e-05	0.6086030006408691
536280	-3.840202	-0.878752	0.022240	0.021489	0.608737	1.022489	-0.04861536808311939	1.1705532693187011e-05	0.6087368726730347
536400	-3.840023	-0.878429	0.023228	0.021493	0.608963	1.023500	-0.0486420176923275	2.6337448559670777e-05	0.6089603900909424
536520	-3.840582	-0.878236	0.023399	0.021481	0.609177	1.023675	-0.048661690577864646	1.1705532693187011e-05	0.6091751456260681
536640	-3.840505	-0.878064	0.023389	0.021483	0.609275	1.023665	-0.048675918765366075	1.7558299039780518e-05	0.6092730164527893
536760	-3.840889	-0.877900	0.023708	0.021474	0.609371	1.023991	-0.048692176677286626	2.6337448559670777e-05	0.6093688011169434
536880	-3.841673	-0.877787	0.024366	0.021458	0.609449	1.024665	-0.048703473247587684	1.1705532693187011e-05	0.6094495058059692
537000	-3.842134	-0.877508	0.024660	0.021448	0.609649	1.024967	-0.04872596301138401	2.6337448559670777e-05	0.6096481084823608
537120	-3.841887	-0.877402	0.025480	0.021453	0.609738	1.025808	-0.048739710822701454	2.6337448559670777e-05	0.6097378730773926
537240	-3.841641	-0.877190	0.026004	0.021458	0.609970	1.026345	-0.04875328615307808	2.6337448559670777e-05	0.6099665760993958
537360	-3.841475	-0.876952	0.026794	0.021462	0.610115	1.027157	-0.04877782929688692	2.6337448559670777e-05	0.6101124882698059
537480	-3.841564	-0.876800	0.027315	0.021460	0.610239	1.027692	-0.048790345154702666	2.6337448559670777e-05	0.6102365851402283
537600	-3.841604	-0.876688	0.027429	0.021459	0.610308	1.027808	-0.04880252778530121	7.803688462124674e-06	0.6103088855743408
537720	-3.841335	-0.876421	0.027497	0.021465	0.610484	1.027878	-0.04882769752293825	1.7558299039780518e-05	0.6104850769042969
537840	-3.842163	-0.876223	0.028277	0.021447	0.610693	1.028681	-0.04884446058422327	2.6337448559670777e-05	0.6106932163238525
537960	-3.842719	-0.876125	0.028697	0.021435	0.610800	1.029113	-0.048852994292974475	1.7558299039780518e-05	0.6108003854751587
538080	-3.842698	-0.875678	0.028821	0.021436	0.611059	1.029240	-0.048890252597630024	2.6337448559670777e-05	0.611056923866272
538200	-3.842857	-0.875489	0.028945	0.021432	0.611205	1.029368	-0.04890966638922691	1.1705532693187011e-05	0.6112044453620911
538320	-3.842895	-0.875392	0.028651	0.021431	0.611301	1.029065	-0.04891889747232199	7.803688462124674e-06	0.611300528049469
538440	-3.842817	-0.875178	0.028519	0.021433	0.611425	1.028929	-0.0489375289529562	2.6337448559670777e-05	0.6114230751991272
538560	-3.843291	-0.875024	0.028862	0.021423	0.611621	1.029283	-0.04895401429384947	2.6337448559670777e-05	0.6116215586662292
538680	-3.843295	-0.874900	0.029505	0.021423	0.611754	1.029945	-0.048961275815963747	1.1705532693187011e-05	0.6117525696754456
538800	-3.843098	-0.874775	0.029568	0.021427	0.611860	1.030010	-0.04897443223744631	1.7558299039780518e-05	0.6118597984313965
538920	-3.843285	-0.874598	0.029952	0.021423	0.612000	1.030405	-0.04898905325680971	1.1705532693187011e-05	0.6119996309280396
539040	-3.843701	-0.874398	0.030468	0.021414	0.612143	1.030937	-0.04900815449655056	2.6337448559670777e-05	0.6121432185173035
539160	-3.843853	-0.874144	0.030859	0.021411	0.612376	1.031340	-0.04902846440672874	1.7558299039780518e-05	0.612373948097229
539280	-3.844118	-0.874112	0.030926	0.021405	0.612452	1.031410	-0.04903464801609516	1.7558299039780518e-05	0.6124525666236877
539400	-3.844179	-0.873867	0.031794	0.021404	0.612648	1.032305	-0.049055914394557476	2.6337448559670777e-05	0.6126495599746704
539520	-3.844217	-0.873734	0.031703	0.021403	0.612732	1.032211	-0.049066281877458096	1.7558299039780518e-05	0.6127315759658813
539640	-3.843812	-0.873457	0.031817	0.021412	0.612883	1.032329	-0.049089673347771166	2.6337448559670777e-05	0.6128810048103333
539760	-3.843535	-0.873336	0.032546	0.021418	0.612997	1.033081	-0.04910326823592186	1.7558299039780518e-05	0.612995445728302
539880	-3.843416	-0.873190	0.032781	0.021420	0.613128	1.033324	-0.04911356456577778	1.7558299039780518e-05	0.6131265759468079
540000	-3.843966	-0.872977	0.032603	0.021409	0.613316	1.033141	-0.049133993312716485	1.7558299039780518e-05	0.6133133172988892
540120	-3.844424	-0.872853	0.032788	0.021399	0.613433	1.033331	-0.049144068546593186	1.7558299039780518e-05	0.6134297251701355
540240	-3.844105	-0.872676	0.032476	0.021406	0.613568	1.033009	-0.04916260298341513	1.7558299039780518e-05	0.6135669350624084
540360	-3.843854	-0.872432	0.033136	0.021411	0.613784	1.033691	-0.04918386097997427	1.1705532693187011e-05	0.6137823462486267
540480	-3.844045	-0.872232	0.033407	0.021407	0.613943	1.033971	-0.04920163340866566	1.7558299039780518e-05	0.6139411926269531
540600	-3.843697	-0.872032	0.033655	0.021414	0.614075	1.034227	-0.049222047254443166	1.7558299039780518e-05	0.6140753626823425
540720	-3.843823	-0.872002	0.034119	0.021412	0.614145	1.034707	-0.04922333527356386	2.6337448559670777e-05	0.6141434907913208
540840	-3.844643	-0.871831	0.035133	0.021394	0.614349	1.035758	-0.04923819601535797	1.7558299039780518e-05	0.6143469214439392
540960	-3.844440	-0.871596	0.035536	0.021398	0.614500	1.036175	-0.049260735884308814	2.6337448559670777e-05	0.6144993305206299
541080	-3.844400	-0.871338	0.035834	0.021399	0.614724	1.036484	-0.049283595941960814	1.7558299039780518e-05	0.614723801612854
541200	-3.844912	-0.871113	0.036141	0.021388	0.614886	1.036802	-0.04930291306227445	2.6337448559670777e-05	0.6148841381072998
541320	-3.845036	-0.870736	0.037442	0.021386	0.615201	1.038152	-0.04933635089546442	2.6337448559670777e-05	0.6152001619338989
541440	-3.845206	-0.870522	0.038329	0.021382	0.615338	1.039073	-0.049355081468820575	7.803688462124674e-06	0.6153372526168823
541560	-3.845215	-0.870372	0.038451	0.021382	0.615437	1.039200	-0.04937084335833788	7.803688462124674e-06	0.6154363751411438
541680	-3.845676	-0.870161	0.039229	0.021372	0.615649	1.040008	-0.049385841377079485	2.6337448559670777e-05	0.6156444549560547
541800	-3.845241	-0.869902	0.039698	0.021381	0.615855	1.040497	-0.049411161616444585	1.1705532693187011e-05	0.615853488445282
541920	-3.845809	-0.869859	0.040156	0.021369	0.615900	1.040973	-0.0494157250970602	1.7558299039780518e-05	0.6158973574638367
542040	-3.846188	-0.869643	0.040834	0.021361	0.616117	1.041680	-0.04943527709692717	1.7558299039780518e-05	0.6161167621612549
542160	-3.846081	-0.869593	0.040521	0.021363	0.616159	1.041353	-0.04944239892065525	1.7558299039780518e-05	0.6161594390869141
542280	-3.845271	-0.869324	0.040453	0.021381	0.616282	1.041282	-0.049462794326245785	1.7558299039780518e-05	0.616280734539032
542400	-3.845102	-0.869063	0.040099	0.021384	0.616479	1.040914	-0.04948658607900143	1.1705532693187011e-05	0.616478443145752
542520	-3.845404	-0.868855	0.040495	0.021378	0.616658	1.041326	-0.049506256356835365	1.7558299039780518e-05	0.6166565418243408
542640	-3.845305	-0.868609	0.039891	0.021380	0.616843	1.040697	-0.049525361694395545	2.6337448559670777e-05	0.6168403029441833
542760	-3.845357	-0.868214	0.040727	0.021379	0.617176	1.041567	-0.04956186767667532	1.7558299039780518e-05	0.6171730160713196
542880	-3.845129	-0.868083	0.041327	0.021384	0.617239	1.042192	-0.04957454837858677	2.6337448559670777e-05	0.6172378063201904
543000	-3.845037	-0.867885	0.042002	0.021386	0.617387	1.042896	-0.04959063902497292	2.6337448559670777e-05	0.6173850297927856
543120	-3.845286	-0.867539	0.042979	0.021380	0.617627	1.043916	-0.04962656870484352	1.7558299039780518e-05	0.6176283359527588
543240	-3.845220	-0.867358	0.043225	0.021382	0.617754	1.044172	-0.049639015644788745	1.1705532693187011e-05	0.6177529096603394
543360	-3.845298	-0.867168	0.043350	0.021380	0.617907	1.044303	-0.04965780600905419	1.7558299039780518e-05	0.6179053783416748
543480	-3.845542	-0.866930	0.043814	0.021375	0.618125	1.044788	-0.04967990033328533	1.7558299039780518e-05	0.6181240677833557
543600	-3.845637	-0.866660	0.044044	0.021373	0.618275	1.045029	-0.04970273748040199	1.7558299039780518e-05	0.6182736754417419
543720	-3.845326	-0.866339	0.044708	0.021379	0.618518	1.045723	-0.04973251149058342	7.803688462124674e-06	0.6185179948806763
543840	-3.845672	-0.866156	0.044538	0.021372	0.618650	1.045545	-0.049750205129384995	1.7558299039780518e-05	0.6186491250991821
543960	-3.846069	-0.865968	0.044413	0.021364	0.618760	1.045414	-0.0497633770108223	2.6337448559670777e-05	0.6187567710876465
544080	-3.846910	-0.865843	0.044894	0.021346	0.618904	1.045916	-0.049777515791356565	1.7558299039780518e-05	0.6189022660255432
544200	-3.847494	-0.865693	0.044741	0.021333	0.619020	1.045757	-0.04978998489677906	2.6337448559670777e-05	0.6190190315246582
544320	-3.848096	-0.865625	0.045079	0.021320	0.619110	1.046111	-0.049799905903637406	2.6337448559670777e-05	0.6191112399101257
544440	-3.848309	-0.865480	0.045061	0.021316	0.619238	1.046092	-0.04981072433292866	1.1705532693187011e-05	0.6192368865013123
544560	-3.848570	-0.865229	0.044999	0.021310	0.619438	1.046026	-0.04982825871556997	1.7558299039780518e-05	0.6194356083869934
544680	-3.848648	-0.865026	0.045623	0.021309	0.619600	1.046680	-0.04985115509480238	1.1705532693187011e-05	0.6195998191833496
544800	-3.848434	-0.864813	0.045602	0.021313	0.619754	1.046657	-0.049869393929839134	1.7558299039780518e-05	0.6197529435157776
544920	-3.848652	-0.864502	0.046037	0.021308	0.619931	1.047113	-0.049896676652133466	1.7558299039780518e-05	0.6199302077293396
545040	-3.848629	-0.864324	0.046741	0.021309	0.620097	1.047851	-0.04991492200642824	2.6337448559670777e-05	0.6200962662696838
545160	-3.848675	-0.864220	0.046582	0.021308	0.620175	1.047683	-0.04992417171597481	1.1705532693187011e-05	0.6201741099357605
545280	-3.849168	-0.864078	0.047194	0.021297	0.620301	1.048325	-0.04993713218718767	1.1705532693187011e-05	0.6203019022941589
545400	-3.848958	-0.863981	0.047521	0.021302	0.620354	1.048668	-0.04994498454034328	1.7558299039780518e-05	0.6203524470329285
545520	-3.848919	-0.863704	0.047715	0.021303	0.620550	1.048871	-0.04996830467134714	1.7558299039780518e-05	0.6205479502677917
545640	-3.848566	-0.863506	0.047976	0.021310	0.620706	1.049145	-0.049988824501633645	1.1705532693187011e-05	0.6207051277160645
545760	-3.848500	-0.863337	0.048023	0.021312	0.620845	1.049195	-0.05000231210142374	1.7558299039780518e-05	0.6208441257476807
545880	-3.848418	-0.863135	0.047803	0.021313	0.620966	1.048964	-0.0500193452462554	1.1705532693187011e-05	0.620964765548706
546000	-3.848432	-0.862942	0.047804	0.021313	0.621083	1.048965	-0.050035863369703296	2.6337448559670777e-05	0.6210799217224121
546120	-3.848510	-0.862684	0.047785	0.021311	0.621271	1.048945	-0.050060626864433286	1.7558299039780518e-05	0.6212685704231262
546240	-3.848669	-0.862509	0.047855	0.021308	0.621388	1.049018	-0.05007730834186077	1.7558299039780518e-05	0.6213864684104919
546360	-3.848401	-0.862108	0.048219	0.021314	0.621696	1.049401	-0.050111667811870576	1.1705532693187011e-05	0.6216922402381897
546480	-3.848133	-0.861896	0.048110	0.021319	0.621816	1.049286	-0.05012902468442917	2.6337448559670777e-05	0.6218127608299255
546600	-3.848435	-0.861584	0.048443	0.021313	0.622041	1.049635	-0.05016146805137396	1.7558299039780518e-05	0.6220410466194153
546720	-3.848653	-0.861445	0.048001	0.021308	0.622163	1.049172	-0.05017273724079132	1.1705532693187011e-05	0.6221611499786377
546840	-3.848072	-0.861141	0.047654	0.021321	0.622323	1.048808	-0.050197289884090425	1.7558299039780518e-05	0.6223188638687134
546960	-3.847874	-0.860917	0.048063	0.021325	0.622454	1.049237	-0.05021976437419653	1.1705532693187011e-05	0.622453510761261
547080	-3.847189	-0.860617	0.048226	0.021340	0.622677	1.049408	-0.05024721622467041	1.7558299039780518e-05	0.622675359249115
547200	-3.846729	-0.860411	0.047938	0.021349	0.622836	1.049105	-0.050264601968228816	1.7558299039780518e-05	0.6228342652320862
547320	-3.846853	-0.860119	0.048113	0.021347	0.623030	1.049289	-0.05028929710388184	1.7558299039780518e-05	0.6230272650718689
547440	-3.847245	-0.859926	0.048264	0.021338	0.623199	1.049448	-0.05031045190989971	1.1705532693187011e-05	0.6231979131698608
547560	-3.847469	-0.859911	0.048435	0.021334	0.623230	1.049627	-0.05031303819268942	1.1705532693187011e-05	0.6232300996780396
547680	-3.847749	-0.859783	0.048429	0.021328	0.623352	1.049621	-0.05032071713358164	1.7558299039780518e-05	0.6233505606651306
547800	-3.848191	-0.859671	0.048879	0.021318	0.623492	1.050093	-0.05033382065594196	1.7558299039780518e-05	0.6234915256500244
547920	-3.847889	-0.859586	0.049534	0.021325	0.623577	1.050781	-0.05033970326185226	1.7558299039780518e-05	0.623576819896698
548040	-3.848432	-0.859664	0.049856	0.021313	0.623564	1.051120	-0.05033406987786293	2.6337448559670777e-05	0.623561441898346
548160	-3.847872	-0.859476	0.050159	0.021325	0.623746	1.051438	-0.05035135578364134	1.1705532693187011e-05	0.6237463355064392
548280	-3.848000	-0.859412	0.049311	0.021322	0.623793	1.050547	-0.05035654231905937	1.7558299039780518e-05	0.6237925887107849
548400	-3.848384	-0.859294	0.049133	0.021314	0.623875	1.050360	-0.05036692935973406	1.1705532693187011e-05	0.623874306678772
548520	-3.848045	-0.859073	0.048726	0.021321	0.624018	1.049933	-0.05038520134985447	1.7558299039780518e-05	0.6240168213844299
548640	-3.847950	-0.858816	0.049448	0.021323	0.624246	1.050691	-0.05040982197970152	1.7558299039780518e-05	0.624244749546051
548760	-3.848154	-0.858690	0.049330	0.021319	0.624356	1.050567	-0.050421534851193425	2.6337448559670777e-05	0.6243559718132019
548880	-3.848010	-0.858705	0.049269	0.021322	0.624362	1.050503	-0.050422866456210615	2.6337448559670777e-05	0.6243648529052734
549000	-3.848582	-0.858548	0.049768	0.021310	0.624538	1.051028	-0.05043310876935721	2.6337448559670777e-05	0.6245365142822266
549120	-3.848935	-0.858454	0.050138	0.021302	0.624640	1.051416	-0.05044148340821266	1.7558299039780518e-05	0.6246387362480164
549240	-3.848658	-0.858340	0.050262	0.021308	0.624713	1.051547	-0.05045101325958967	2.6337448559670777e-05	0.6247124671936035
549360	-3.848322	-0.858196	0.050611	0.021315	0.624814	1.051914	-0.05046386681497097	1.1705532693187011e-05	0.6248123645782471
549480	-3.848465	-0.858025	0.050975	0.021312	0.624896	1.052297	-0.050481774657964704	1.1705532693187011e-05	0.6248959302902222
549600	-3.848948	-0.857835	0.051109	0.021302	0.625045	1.052438	-0.05049399305135012	1.7558299039780518e-05	0.6250422596931458
549720	-3.849290	-0.857788	0.050905	0.021295	0.625076	1.052223	-0.05050267782062292	1.7558299039780518e-05	0.625076174736023
549840	-3.849178	-0.857484	0.051428	0.021297	0.625318	1.052773	-0.05052609071135521	2.6337448559670777e-05	0.6253128051757812
549960	-3.849617	-0.857171	0.051304	0.021288	0.625538	1.052643	-0.05055534727871418	2.6337448559670777e-05	0.6255366206169128
550080	-3.849975	-0.856978	0.050862	0.021280	0.625643	1.052178	-0.050576597638428214	1.7558299039780518e-05	0.6256435513496399
550200	-3.849851	-0.856735	0.050511	0.021283	0.625810	1.051808	-0.050595589354634284	1.7558299039780518e-05	0.6258070468902588
550320	-3.849987	-0.856457	0.050852	0.021280	0.626063	1.052167	-0.05062062814831734	1.7558299039780518e-05	0.6260600686073303
550440	-3.849993	-0.856301	0.051383	0.021280	0.626218	1.052726	-0.05063487477600574	2.6337448559670777e-05	0.6262155771255493
550560	-3.850101	-0.856164	0.051671	0.021278	0.626362	1.053030	-0.05064897444099188	1.7558299039780518e-05	0.6263611316680908
550680	-3.850191	-0.855879	0.052322	0.021276	0.626610	1.053715	-0.05067580621689558	1.7558299039780518e-05	0.6266104578971863
550800	-3.850261	-0.855690	0.052275	0.021274	0.626736	1.053666	-0.05069025568664074	1.7558299039780518e-05	0.6267358064651489
550920	-3.850023	-0.855386	0.052779	0.021279	0.626917	1.054197	-0.05071865320205689	1.1705532693187011e-05	0.6269167065620422
551040	-3.849373	-0.855192	0.053158	0.021293	0.627017	1.054597	-0.05073770433664322	1.1705532693187011e-05	0.6270183324813843
551160	-3.849597	-0.855088	0.053564	0.021288	0.627095	1.055025	-0.050743140280246735	1.7558299039780518e-05	0.6270930171012878
551280	-3.849702	-0.854859	0.054364	0.021286	0.627278	1.055869	-0.050765310600399974	1.7558299039780518e-05	0.6272766590118408
551400	-3.849576	-0.854601	0.054241	0.021289	0.627471	1.055739	-0.05078799743205309	1.1705532693187011e-05	0.6274689435958862
551520	-3.849358	-0.854471	0.054010	0.021293	0.627548	1.055495	-0.05080274362117052	1.7558299039780518e-05	0.6275488138198853
551640	-3.849480	-0.854258	0.054545	0.021291	0.627710	1.056060	-0.0508197084069252	1.7558299039780518e-05	0.6277078986167908
551760	-3.848737	-0.853937	0.054802	0.021307	0.627913	1.056332	-0.05084741897881031	7.803688462124674e-06	0.6279117465019226
551880	-3.849602	-0.853794	0.055075	0.021288	0.628090	1.056620	-0.05086000729352236	2.6337448559670777e-05	0.6280878186225891
552000	-3.850082	-0.853530	0.055044	0.021278	0.628303	1.056587	-0.05088522732257843	1.1705532693187011e-05	0.6283023953437805
552120	-3.849759	-0.853280	0.055577	0.021285	0.628437	1.057151	-0.050906790792942046	2.6337448559670777e-05	0.6284376382827759
552240	-3.849431	-0.853019	0.056435	0.021292	0.628613	1.058057	-0.0509317034855485	1.1705532693187011e-05	0.6286123991012573
552360	-3.849623	-0.852803	0.056424	0.021288	0.628832	1.058046	-0.050948603078722954	1.7558299039780518e-05	0.6288299560546875
552480	-3.849442	-0.852654	0.057017	0.021292	0.628916	1.058674	-0.05096329487860203	1.1705532693187011e-05	0.6289135813713074
552600	-3.849660	-0.852593	0.056532	0.021287	0.628962	1.058161	-0.05097260698676109	2.6337448559670777e-05	0.6289634108543396
552720	-3.849401	-0.852462	0.056970	0.021292	0.629081	1.058624	-0.0509811295196414	1.7558299039780518e-05	0.6290802955627441
552840	-3.849495	-0.852298	0.058004	0.021290	0.629241	1.059719	-0.05099681857973337	1.7558299039780518e-05	0.629239559173584
552960	-3.849505	-0.851977	0.058614	0.021290	0.629467	1.060366	-0.051025687158107756	7.803688462124674e-06	0.629466712474823
553080	-3.849556	-0.851681	0.058634	0.021289	0.629641	1.060387	-0.05104809943586588	1.7558299039780518e-05	0.6296385526657104
553200	-3.849401	-0.851542	0.059299	0.021292	0.629705	1.061092	-0.0510640786960721	1.7558299039780518e-05	0.629703938961029
553320	-3.849508	-0.851439	0.059043	0.021290	0.629802	1.060821	-0.05107436850667	1.7558299039780518e-05	0.6298016905784607
553440	-3.849598	-0.851401	0.059335	0.021288	0.629858	1.061131	-0.05107908826321363	1.7558299039780518e-05	0.62985759973526
553560	-3.848990	-0.851139	0.059197	0.021301	0.630071	1.060984	-0.05110007449984551	1.7558299039780518e-05	0.6300686001777649
553680	-3.849184	-0.850904	0.059033	0.021297	0.630255	1.060810	-0.051119474694132805	2.6337448559670777e-05	0.6302527785301208
553800	-3.848922	-0.850704	0.058987	0.021303	0.630411	1.060761	-0.051137095876038076	1.7558299039780518e-05	0.6304076910018921
553920	-3.849226	-0.850604	0.059031	0.021296	0.630517	1.060808	-0.05114985685795546	1.7558299039780518e-05	0.6305157542228699
554040	-3.849399	-0.850430	0.059282	0.021293	0.630667	1.061075	-0.05116440411657095	1.1705532693187011e-05	0.6306660771369934
554160	-3.849683	-0.850262	0.059344	0.021286	0.630815	1.061140	-0.051179326698184015	1.7558299039780518e-05	0.6308138370513916
554280	-3.850327	-0.850179	0.059494	0.021273	0.630935	1.061299	-0.05118751395493746	7.803688462124674e-06	0.6309341192245483
554400	-3.850353	-0.850052	0.059822	0.021272	0.631028	1.061647	-0.05119914542883634	1.7558299039780518e-05	0.6310276389122009
554520	-3.850173	-0.850007	0.059768	0.021276	0.631063	1.061590	-0.051203333772718906	1.1705532693187011e-05	0.631062388420105
554640	-3.850278	-0.849928	0.059588	0.021274	0.631126	1.061400	-0.051211016811430456	1.7558299039780518e-05	0.6311262845993042
554760	-3.850402	-0.849836	0.059351	0.021271	0.631220	1.061147	-0.05121886860579252	1.1705532693187011e-05	0.6312205195426941
554880	-3.850734	-0.849649	0.059169	0.021264	0.631369	1.060955	-0.05123516656458378	1.7558299039780518e-05	0.6313682794570923
555000	-3.850602	-0.849490	0.059363	0.021267	0.631509	1.061161	-0.051245102658867836	2.6337448559670777e-05	0.6315035223960876
555120	-3.850116	-0.849383	0.059260	0.021277	0.631571	1.061051	-0.05125930774956942	1.7558299039780518e-05	0.6315706372261047
555240	-3.850299	-0.849267	0.059864	0.021273	0.631711	1.061692	-0.051270882971584796	2.6337448559670777e-05	0.6317110657691956
555360	-3.850581	-0.849202	0.060156	0.021267	0.631798	1.062002	-0.0512745950371027	1.1705532693187011e-05	0.6317961812019348
555480	-3.850612	-0.849001	0.060608	0.021267	0.631996	1.062483	-0.05129254274070263	1.7558299039780518e-05	0.6319953203201294
555600	-3.850341	-0.848771	0.060868	0.021272	0.632166	1.062759	-0.05131350364536047	1.7558299039780518e-05	0.632165789604187
555720	-3.850527	-0.848588	0.061231	0.021269	0.632317	1.063145	-0.05132973399013281	1.7558299039780518e-05	0.6323161721229553
555840	-3.850375	-0.848297	0.061492	0.021272	0.632566	1.063422	-0.0513547832146287	1.7558299039780518e-05	0.6325637102127075
555960	-3.850442	-0.848121	0.061855	0.021270	0.632710	1.063808	-0.05137273594737053	1.1705532693187011e-05	0.632709801197052
556080	-3.850297	-0.848062	0.061491	0.021273	0.632763	1.063421	-0.051378918811678886	2.6337448559670777e-05	0.6327637434005737
556200	-3.850642	-0.847769	0.061650	0.021266	0.632973	1.063590	-0.051403926126658915	1.1705532693187011e-05	0.6329725980758667
556320	-3.851040	-0.847750	0.061973	0.021258	0.633087	1.063934	-0.05140384528785944	2.6337448559670777e-05	0.6330825686454773
556440	-3.850748	-0.847737	0.062721	0.021264	0.633165	1.064730	-0.05141060631722212	2.6337448559670777e-05	0.6331652402877808
556560	-3.850903	-0.847517	0.063559	0.021261	0.633330	1.065622	-0.051426875218749044	1.7558299039780518e-05	0.6333297491073608
556680	-3.851509	-0.847291	0.064403	0.021248	0.633606	1.066522	-0.05144658330827952	2.6337448559670777e-05	0.6336033940315247
556800	-3.851515	-0.847136	0.064903	0.021248	0.633718	1.067056	-0.05146192777901888	1.1705532693187011e-05	0.6337170004844666
556920	-3.851528	-0.847086	0.065055	0.021247	0.633792	1.067217	-0.051467653922736646	1.7558299039780518e-05	0.6337924599647522
557040	-3.851849	-0.847004	0.065732	0.021240	0.633932	1.067940	-0.051473640650510785	2.6337448559670777e-05	0.6339296698570251
557160	-3.852087	-0.846785	0.066249	0.021235	0.634111	1.068492	-0.051493091881275176	1.7558299039780518e-05	0.6341102719306946
557280	-3.852681	-0.846625	0.066047	0.021223	0.634258	1.068277	-0.05150489546358585	1.7558299039780518e-05	0.6342558860778809
557400	-3.852597	-0.846524	0.065875	0.021225	0.634337	1.068094	-0.0515160171315074	1.7558299039780518e-05	0.6343355774879456
557520	-3.853189	-0.846365	0.066297	0.021212	0.634513	1.068544	-0.05152949467301369	2.6337448559670777e-05	0.6345116496086121
557640	-3.853035	-0.846186	0.065898	0.021215	0.634629	1.068117	-0.051546921208500865	1.7558299039780518e-05	0.6346281170845032
557760	-3.852445	-0.846007	0.066335	0.021228	0.634730	1.068585	-0.05155815817415714	1.7558299039780518e-05	0.634724497795105
557880	-3.852263	-0.845831	0.067223	0.021232	0.634913	1.069533	-0.05157620422542095	1.7558299039780518e-05	0.6349108815193176
558000	-3.852588	-0.845680	0.067417	0.021225	0.635074	1.069742	-0.05159230902791023	2.6337448559670777e-05	0.6350716352462769
558120	-3.852851	-0.845729	0.067301	0.021219	0.635066	1.069618	-0.05158795136958361	1.7558299039780518e-05	0.6350651383399963
558240	-3.852973	-0.845569	0.067810	0.021217	0.635234	1.070161	-0.051602842286229134	2.6337448559670777e-05	0.6352328658103943
558360	-3.852929	-0.845481	0.067805	0.021218	0.635276	1.070157	-0.051610511355102064	1.1705532693187011e-05	0.6352764964103699
558480	-3.852580	-0.845348	0.067835	0.021225	0.635373	1.070189	-0.05162387508898973	1.7558299039780518e-05	0.6353728175163269
558600	-3.852656	-0.845300	0.068094	0.021223	0.635418	1.070466	-0.05162561498582363	1.7558299039780518e-05	0.6354168057441711
558720	-3.852970	-0.845209	0.068299	0.021217	0.635502	1.070685	-0.05163416806608438	1.7558299039780518e-05	0.6355006098747253
558840	-3.853070	-0.845071	0.068828	0.021215	0.635627	1.071252	-0.051645645126700404	1.7558299039780518e-05	0.6356250643730164
558960	-3.853072	-0.844880	0.069413	0.021214	0.635756	1.071879	-0.05166386757045984	1.1705532693187011e-05	0.6357548832893372
559080	-3.853537	-0.844846	0.069196	0.021205	0.635814	1.071646	-0.05166725721210241	1.7558299039780518e-05	0.6358124613761902
559200	-3.854105	-0.844639	0.069073	0.021193	0.635990	1.071514	-0.051683229953050615	1.7558299039780518e-05	0.6359871625900269
559320	-3.853992	-0.844460	0.069416	0.021195	0.636124	1.071882	-0.05170083194971085	1.7558299039780518e-05	0.6361217498779297
559440	-3.853562	-0.844192	0.070110	0.021204	0.636319	1.072626	-0.05172667037695646	1.1705532693187011e-05	0.6363182663917542
559560	-3.853162	-0.843910	0.070642	0.021213	0.636525	1.073197	-0.05174947027117014	1.7558299039780518e-05	0.6365233063697815
559680	-3.852965	-0.843456	0.071618	0.021217	0.636833	1.074245	-0.05178966727107763	1.7558299039780518e-05	0.6368308663368225
559800	-3.852843	-0.843071	0.071486	0.021219	0.637088	1.074103	-0.05182543117552996	2.6337448559670777e-05	0.6370866894721985
559920	-3.853004	-0.842808	0.071934	0.021216	0.637285	1.074584	-0.051848560385406015	1.1705532693187011e-05	0.6372832655906677
560040	-3.852937	-0.842638	0.071943	0.021217	0.637408	1.074594	-0.05186665654182434	1.7558299039780518e-05	0.6374080777168274
560160	-3.852584	-0.842461	0.071905	0.021225	0.637520	1.074554	-0.05188181437551975	2.6337448559670777e-05	0.6375195384025574
560280	-3.852828	-0.842252	0.071853	0.021220	0.637657	1.074498	-0.0518998671323061	1.7558299039780518e-05	0.6376556754112244
560400	-3.852300	-0.842214	0.072176	0.021231	0.637686	1.074844	-0.051902052387595175	1.7558299039780518e-05	0.6376836895942688
560520	-3.852265	-0.842055	0.072373	0.021232	0.637823	1.075056	-0.051917933858931065	1.1705532693187011e-05	0.6378222107887268
560640	-3.852450	-0.841944	0.072460	0.021228	0.637942	1.075150	-0.05192929804325104	1.7558299039780518e-05	0.6379417777061462
560760	-3.851861	-0.841759	0.072902	0.021240	0.638068	1.075625	-0.05194514375180006	1.7558299039780518e-05	0.6380674839019775
560880	-3.851972	-0.841674	0.073204	0.021238	0.638169	1.075950	-0.05195281747728586	1.7558299039780518e-05	0.6381686329841614
561000	-3.852004	-0.841600	0.073350	0.021237	0.638245	1.076107	-0.05196001250296831	1.7558299039780518e-05	0.6382431387901306
561120	-3.852175	-0.841541	0.073446	0.021233	0.638340	1.076211	-0.05196414384990931	1.7558299039780518e-05	0.6383371949195862
561240	-3.851862	-0.841376	0.074105	0.021240	0.638517	1.076920	-0.05197869651019573	1.7558299039780518e-05	0.6385158896446228
561360	-3.851759	-0.841152	0.074397	0.021242	0.638667	1.077234	-0.05199998989701271	1.7558299039780518e-05	0.6386670470237732
561480	-3.851681	-0.841075	0.074517	0.021244	0.638726	1.077363	-0.05200845990329981	1.7558299039780518e-05	0.6387274861335754
561600	-3.851386	-0.840913	0.075256	0.021250	0.638897	1.078161	-0.05201937537640333	1.7558299039780518e-05	0.6388939619064331
561720	-3.851031	-0.840731	0.075402	0.021258	0.638998	1.078318	-0.05203770641237497	1.1705532693187011e-05	0.638996958732605
561840	-3.851413	-0.840690	0.075640	0.021250	0.639055	1.078575	-0.052041329070925714	1.7558299039780518e-05	0.6390540599822998
561960	-3.851279	-0.840590	0.075458	0.021253	0.639134	1.078378	-0.0520446864888072	2.6337448559670777e-05	0.6391288042068481
562080	-3.850966	-0.840206	0.076102	0.021259	0.639395	1.079072	-0.052083167247474194	2.6337448559670777e-05	0.6393923759460449
562200	-3.850292	-0.839876	0.077396	0.021274	0.639637	1.080470	-0.05211506597697735	1.1705532693187011e-05	0.6396371126174927
562320	-3.850046	-0.839515	0.078845	0.021279	0.639873	1.082037	-0.052146677114069465	2.6337448559670777e-05	0.6398710608482361
562440	-3.849391	-0.839260	0.079100	0.021293	0.640020	1.082313	-0.052169926650822165	1.1705532693187011e-05	0.6400182843208313
562560	-3.848950	-0.839049	0.079490	0.021302	0.640169	1.082734	-0.05218963492661714	1.7558299039780518e-05	0.6401690244674683
562680	-3.847923	-0.838865	0.079682	0.021324	0.640317	1.082943	-0.0522052438929677	2.6337448559670777e-05	0.6403133273124695
562800	-3.847842	-0.838701	0.080653	0.021326	0.640500	1.083995	-0.05222045034170151	1.7558299039780518e-05	0.6404987573623657
562920	-3.847919	-0.838504	0.081092	0.021324	0.640675	1.084471	-0.05223623365163803	1.7558299039780518e-05	0.640672504901886
563040	-3.848242	-0.838315	0.081156	0.021317	0.640842	1.084541	-0.05225431956350803	1.7558299039780518e-05	0.6408405900001526
563160	-3.849133	-0.838282	0.081152	0.021298	0.640950	1.084536	-0.05225812718272209	1.7558299039780518e-05	0.6409493684768677
563280	-3.849130	-0.838061	0.081161	0.021298	0.641172	1.084545	-0.05227682571858168	1.1705532693187011e-05	0.6411703824996948
563400	-3.848916	-0.837815	0.081610	0.021303	0.641323	1.085032	-0.05229786727577448	1.7558299039780518e-05	0.6413213014602661
563520	-3.849158	-0.837782	0.082457	0.021298	0.641441	1.085952	-0.052301162667572496	2.6337448559670777e-05	0.6414393782615662
563640	-3.849087	-0.837600	0.082976	0.021299	0.641559	1.086516	-0.05231796111911535	1.7558299039780518e-05	0.6415576338768005
563760	-3.849009	-0.837349	0.083447	0.021301	0.641758	1.087028	-0.052338243648409846	1.7558299039780518e-05	0.6417549848556519
563880	-3.848987	-0.837035	0.084225	0.021301	0.642038	1.087873	-0.0523703308776021	1.7558299039780518e-05	0.6420365571975708
564000	-3.849267	-0.836919	0.084825	0.021295	0.642133	1.088526	-0.05238021146506071	1.1705532693187011e-05	0.6421325206756592
564120	-3.848967	-0.836838	0.085299	0.021302	0.642183	1.089043	-0.05238651670515537	2.6337448559670777e-05	0.6421810984611511
564240	-3.848928	-0.836753	0.085039	0.021303	0.642284	1.088760	-0.052395470626652244	1.7558299039780518e-05	0.6422833800315857
564360	-3.849117	-0.836577	0.085764	0.021299	0.642441	1.089549	-0.05241000931710005	1.7558299039780518e-05	0.6424392461776733
564480	-3.848989	-0.836435	0.085901	0.021301	0.642548	1.089699	-0.052422745153307915	1.7558299039780518e-05	0.6425459384918213
564600	-3.848666	-0.836335	0.085993	0.021308	0.642617	1.089798	-0.052434139885008335	1.1705532693187011e-05	0.6426165699958801
564720	-3.848944	-0.836211	0.086298	0.021302	0.642738	1.090131	-0.05244565438479185	1.7558299039780518e-05	0.6427382230758667
564840	-3.849064	-0.836226	0.086754	0.021300	0.642767	1.090628	-0.052443246357142925	1.1705532693187011e-05	0.6427668929100037
564960	-3.849109	-0.836031	0.087321	0.021299	0.642953	1.091246	-0.05246137659996748	1.7558299039780518e-05	0.6429528594017029
565080	-3.849667	-0.835935	0.088265	0.021287	0.643099	1.092277	-0.05246955957263708	1.1705532693187011e-05	0.6430981755256653
565200	-3.849362	-0.835899	0.088762	0.021293	0.643142	1.092820	-0.05247205924242735	1.7558299039780518e-05	0.6431402564048767
565320	-3.849558	-0.835808	0.089548	0.021289	0.643257	1.093680	-0.05248177442699671	1.1705532693187011e-05	0.6432567238807678
565440	-3.849709	-0.835630	0.090057	0.021286	0.643386	1.094236	-0.052498063445091246	1.1705532693187011e-05	0.6433867812156677
565560	-3.849321	-0.835503	0.090004	0.021294	0.643497	1.094179	-0.052509088069200516	1.1705532693187011e-05	0.6434959769248962
565680	-3.849950	-0.835259	0.090662	0.021281	0.643733	1.094899	-0.05252785701304674	2.6337448559670777e-05	0.643730878829956
565800	-3.850031	-0.835138	0.090708	0.021279	0.643846	1.094950	-0.052539716474711895	1.1705532693187011e-05	0.6438446044921875
565920	-3.849601	-0.834957	0.091569	0.021288	0.644005	1.095892	-0.0525595236569643	1.7558299039780518e-05	0.6440058946609497
566040	-3.849467	-0.834780	0.091651	0.021291	0.644172	1.095982	-0.05257209204137325	1.7558299039780518e-05	0.6441708207130432
566160	-3.849638	-0.834656	0.092024	0.021287	0.644316	1.096392	-0.05258428007364273	1.7558299039780518e-05	0.6443154215812683
566280	-3.849497	-0.834497	0.092324	0.021290	0.644381	1.096720	-0.05259702671319246	1.7558299039780518e-05	0.6443797945976257
566400	-3.849843	-0.834339	0.092265	0.021283	0.644526	1.096656	-0.052611236460506916	7.803688462124674e-06	0.6445240378379822
566520	-3.850014	-0.834198	0.092545	0.021279	0.644628	1.096962	-0.052622835896909234	1.7558299039780518e-05	0.6446245312690735
566640	-3.850183	-0.833934	0.092450	0.021276	0.644860	1.096858	-0.0526503911241889	1.1705532693187011e-05	0.6448593139648438
566760	-3.850374	-0.833741	0.092498	0.021272	0.645034	1.096911	-0.05266560334712267	1.7558299039780518e-05	0.6450319886207581
566880	-3.850598	-0.833674	0.092525	0.021267	0.645093	1.096940	-0.05267331060022116	1.7558299039780518e-05	0.645091712474823
567000	-3.850316	-0.833448	0.093469	0.021273	0.645262	1.097977	-0.05269058980047703	1.7558299039780518e-05	0.6452588438987732
567120	-3.850298	-0.833350	0.093559	0.021273	0.645378	1.098076	-0.0527015071362257	1.1705532693187011e-05	0.645376443862915
567240	-3.849873	-0.833187	0.094247	0.021282	0.645500	1.098831	-0.052717885747551915	1.7558299039780518e-05	0.6455003023147583
567360	-3.850767	-0.833134	0.094387	0.021263	0.645614	1.098985	-0.052721934393048286	1.7558299039780518e-05	0.6456131935119629
567480	-3.850767	-0.832995	0.094967	0.021263	0.645736	1.099623	-0.05273346733301878	1.7558299039780518e-05	0.6457346081733704
567600	-3.851140	-0.832807	0.095014	0.021255	0.645928	1.099674	-0.05275149345397949	1.7558299039780518e-05	0.6459271311759949
567720	-3.851604	-0.832771	0.095477	0.021246	0.645984	1.100184	-0.05275512244552374	1.7558299039780518e-05	0.6459836363792419
567840	-3.851693	-0.832498	0.095656	0.021244	0.646197	1.100381	-0.052776600047945973	1.7558299039780518e-05	0.646194577217102
567960	-3.851733	-0.832241	0.095366	0.021243	0.646326	1.100061	-0.05279974788427353	1.7558299039780518e-05	0.6463242173194885
568080	-3.851710	-0.831979	0.095492	0.021243	0.646515	1.100200	-0.05282721035182476	1.7558299039780518e-05	0.6465168595314026
568200	-3.851913	-0.831985	0.095381	0.021239	0.646517	1.100077	-0.0528249541297555	1.1705532693187011e-05	0.6465157270431519
568320	-3.852130	-0.831996	0.095254	0.021234	0.646537	1.099938	-0.052825322933495046	1.1705532693187011e-05	0.6465364694595337
568440	-3.852509	-0.831806	0.095572	0.021226	0.646690	1.100288	-0.052841317653656	1.7558299039780518e-05	0.6466881036758423
568560	-3.852671	-0.831712	0.095890	0.021223	0.646735	1.100638	-0.05284908693283796	1.7558299039780518e-05	0.6467338800430298
568680	-3.852715	-0.831746	0.096027	0.021222	0.646732	1.100789	-0.052847223728895186	5.202458974749783e-06	0.646731436252594
568800	-3.852536	-0.831596	0.096293	0.021226	0.646839	1.101081	-0.05285817440599203	1.7558299039780518e-05	0.6468361020088196
568920	-3.852667	-0.831342	0.097054	0.021223	0.647059	1.101920	-0.05288069099187851	1.7558299039780518e-05	0.6470574140548706
569040	-3.852931	-0.831176	0.097611	0.021217	0.647205	1.102534	-0.052897360920906064	7.803688462124674e-06	0.6472048163414001
569160	-3.853131	-0.831026	0.097544	0.021213	0.647313	1.102460	-0.052911516092717645	1.7558299039780518e-05	0.6473131775856018
569280	-3.853294	-0.830945	0.097359	0.021210	0.647410	1.102256	-0.05291849672794342	1.1705532693187011e-05	0.6474086046218872
569400	-3.852814	-0.830513	0.097531	0.021220	0.647686	1.102446	-0.052957055158913136	1.7558299039780518e-05	0.6476852893829346
569520	-3.853406	-0.830486	0.097726	0.021207	0.647760	1.102660	-0.052960369177162646	1.1705532693187011e-05	0.6477596163749695
569640	-3.853859	-0.830394	0.097873	0.021198	0.647863	1.102823	-0.052967856824398044	1.1705532693187011e-05	0.6478615999221802
569760	-3.853933	-0.830339	0.097797	0.021196	0.647905	1.102739	-0.05297239292412996	2.6337448559670777e-05	0.6479041576385498
569880	-3.853340	-0.830103	0.098040	0.021209	0.648102	1.103007	-0.05299298912286758	1.1705532693187011e-05	0.6481013298034668
570000	-3.853339	-0.829963	0.097821	0.021209	0.648210	1.102766	-0.05300439354032278	1.1705532693187011e-05	0.6482071876525879
570120	-3.853201	-0.829630	0.098309	0.021212	0.648464	1.103304	-0.0530359324067831	1.7558299039780518e-05	0.6484637260437012
570240	-3.853360	-0.829477	0.098397	0.021208	0.648558	1.103401	-0.053049673326313496	1.7558299039780518e-05	0.6485570073127747
570360	-3.853558	-0.829293	0.098484	0.021204	0.648680	1.103497	-0.05306714735925198	1.7558299039780518e-05	0.6486795544624329
570480	-3.853470	-0.829096	0.098660	0.021206	0.648776	1.103691	-0.05308206137269735	2.6337448559670777e-05	0.6487742066383362
570600	-3.853263	-0.829007	0.098632	0.021210	0.648805	1.103660	-0.05309204161167145	1.7558299039780518e-05	0.6488040089607239
570720	-3.853588	-0.828705	0.099416	0.021204	0.649069	1.104525	-0.05311900787055492	1.7558299039780518e-05	0.6490665674209595
570840	-3.853561	-0.828492	0.100082	0.021204	0.649245	1.105261	-0.05313908867537975	1.1705532693187011e-05	0.6492441296577454
570960	-3.854190	-0.828282	0.101234	0.021191	0.649475	1.106535	-0.05315406732261181	2.6337448559670777e-05	0.649469792842865
571080	-3.854272	-0.828113	0.100972	0.021189	0.649637	1.106245	-0.05317225009202957	1.7558299039780518e-05	0.6496370434761047
571200	-3.853914	-0.828043	0.100908	0.021197	0.649673	1.106175	-0.05317982565611601	1.7558299039780518e-05	0.6496727466583252
571320	-3.853795	-0.827812	0.101196	0.021199	0.649854	1.106494	-0.05320065524429083	7.803688462124674e-06	0.6498540043830872
571440	-3.854094	-0.827855	0.101643	0.021193	0.649870	1.106988	-0.05319770090281963	1.1705532693187011e-05	0.6498702764511108
571560	-3.854387	-0.827760	0.102548	0.021187	0.649991	1.107991	-0.05320449862629175	1.7558299039780518e-05	0.6499889492988586
571680	-3.854382	-0.827622	0.102631	0.021187	0.650120	1.108083	-0.053217516466975215	1.7558299039780518e-05	0.6501197814941406
571800	-3.854377	-0.827593	0.103169	0.021187	0.650162	1.108678	-0.05322129726409912	1.7558299039780518e-05	0.6501623392105103
571920	-3.854664	-0.827443	0.102761	0.021181	0.650256	1.108227	-0.053232698887586596	1.7558299039780518e-05	0.6502543687820435
572040	-3.855118	-0.827322	0.102783	0.021171	0.650381	1.108251	-0.05324487630277872	1.7558299039780518e-05	0.6503793001174927
572160	-3.854818	-0.827097	0.103199	0.021177	0.650575	1.108712	-0.053264436312019825	1.7558299039780518e-05	0.6505734324455261
572280	-3.854606	-0.826868	0.102834	0.021182	0.650709	1.108308	-0.05328403227031231	1.1705532693187011e-05	0.6507080793380737
572400	-3.854723	-0.826709	0.102774	0.021179	0.650814	1.108241	-0.05329777952283621	1.1705532693187011e-05	0.6508120894432068
572520	-3.854282	-0.826492	0.102913	0.021189	0.650957	1.108395	-0.053318348899483684	1.7558299039780518e-05	0.6509567499160767
572640	-3.854145	-0.826315	0.102474	0.021192	0.651076	1.107908	-0.05333475898951292	1.7558299039780518e-05	0.6510745286941528
572760	-3.854385	-0.826033	0.103193	0.021187	0.651292	1.108706	-0.05335949752479792	1.1705532693187011e-05	0.6512897610664368
572880	-3.854298	-0.825817	0.103156	0.021188	0.651439	1.108665	-0.053379230201244354	1.7558299039780518e-05	0.6514375805854797
573000	-3.854472	-0.825591	0.103272	0.021185	0.651620	1.108793	-0.05339928083121777	1.7558299039780518e-05	0.651618242263794
573120	-3.854366	-0.825572	0.103213	0.021187	0.651564	1.108727	-0.05340249817818403	2.6337448559670777e-05	0.6515635848045349
573240	-3.853973	-0.825342	0.103937	0.021195	0.651806	1.109530	-0.05341847874224186	2.6337448559670777e-05	0.6518017649650574
573360	-3.854101	-0.825197	0.103572	0.021193	0.651921	1.109126	-0.05343426279723644	1.7558299039780518e-05	0.6519198417663574
573480	-3.854230	-0.824990	0.103851	0.021190	0.652082	1.109435	-0.0534509913995862	1.7558299039780518e-05	0.6520782709121704
573600	-3.853576	-0.824694	0.104503	0.021204	0.652282	1.110159	-0.05348122734576464	1.7558299039780518e-05	0.6522819399833679
573720	-3.853160	-0.824601	0.104539	0.021213	0.652314	1.110199	-0.053489073552191256	1.1705532693187011e-05	0.6523125171661377
573840	-3.853090	-0.824358	0.104892	0.021214	0.652571	1.110590	-0.05351187940686941	1.7558299039780518e-05	0.6525707840919495
573960	-3.853424	-0.824254	0.104691	0.021207	0.652652	1.110368	-0.05352030452340841	7.803688462124674e-06	0.652651309967041
574080	-3.853826	-0.824241	0.104628	0.021198	0.652710	1.110297	-0.05352179072797299	1.7558299039780518e-05	0.6527084708213806
574200	-3.853501	-0.824044	0.104664	0.021205	0.652830	1.110337	-0.053538767620921135	1.7558299039780518e-05	0.652829110622406
574320	-3.853077	-0.823904	0.104712	0.021214	0.652917	1.110391	-0.05355220083147287	7.803688462124674e-06	0.6529166102409363
574440	-3.853746	-0.823788	0.104586	0.021200	0.652973	1.110251	-0.05356494802981615	1.7558299039780518e-05	0.6529731750488281
574560	-3.853425	-0.823549	0.104469	0.021207	0.653150	1.110121	-0.05358470063656569	1.1705532693187011e-05	0.6531497836112976
574680	-3.853603	-0.823311	0.104898	0.021203	0.653321	1.110598	-0.05360475536435842	1.7558299039780518e-05	0.6533202528953552
574800	-3.854031	-0.823138	0.104363	0.021194	0.653441	1.110003	-0.05361962672322988	1.7558299039780518e-05	0.6534388661384583
574920	-3.854039	-0.822842	0.105007	0.021194	0.653668	1.110718	-0.05364658161997795	1.1705532693187011e-05	0.6536664366722107
575040	-3.853476	-0.822745	0.105504	0.021206	0.653714	1.111270	-0.05365655086934566	1.7558299039780518e-05	0.6537144780158997
575160	-3.853570	-0.822553	0.105588	0.021204	0.653816	1.111364	-0.05367358606308699	2.6337448559670777e-05	0.6538162231445312
575280	-3.853844	-0.822328	0.106425	0.021198	0.653991	1.112295	-0.05369465686380863	1.1705532693187011e-05	0.6539914011955261
575400	-3.854141	-0.822115	0.107005	0.021192	0.654191	1.112940	-0.05371225792914629	1.7558299039780518e-05	0.6541883945465088
575520	-3.854736	-0.821773	0.107495	0.021179	0.654491	1.113485	-0.0537416422739625	1.7558299039780518e-05	0.6544891595840454
575640	-3.854110	-0.821545	0.107792	0.021192	0.654633	1.113816	-0.05376610942184925	1.7558299039780518e-05	0.6546345353126526
575760	-3.853842	-0.821406	0.108193	0.021198	0.654719	1.114263	-0.05377517901360988	1.7558299039780518e-05	0.654717206954956
575880	-3.854054	-0.821295	0.107738	0.021194	0.654782	1.113756	-0.053787341341376305	1.7558299039780518e-05	0.654781699180603
576000	-3.854092	-0.821080	0.107761	0.021193	0.654920	1.113782	-0.053805362060666086	2.6337448559670777e-05	0.654920220375061
576120	-3.853769	-0.820949	0.107680	0.021200	0.654980	1.113691	-0.05381682887673378	2.6337448559670777e-05	0.6549795269966125
576240	-3.853101	-0.820657	0.107842	0.021214	0.655153	1.113872	-0.053843881376087664	1.7558299039780518e-05	0.6551520824432373
576360	-3.853327	-0.820491	0.107741	0.021209	0.655255	1.113759	-0.05385573171079159	2.6337448559670777e-05	0.6552508473396301
576480	-3.853251	-0.820354	0.108500	0.021211	0.655385	1.114605	-0.053873622044920924	1.7558299039780518e-05	0.655386209487915
576600	-3.853319	-0.820279	0.108848	0.021209	0.655429	1.114992	-0.053880191221833226	1.1705532693187011e-05	0.6554304361343384
576720	-3.852910	-0.820008	0.109826	0.021218	0.655567	1.116084	-0.05390191618353128	1.7558299039780518e-05	0.6555660367012024
576840	-3.853556	-0.819899	0.110401	0.021204	0.655675	1.116726	-0.05390996783971787	1.1705532693187011e-05	0.6556731462478638
576960	-3.853700	-0.819778	0.111142	0.021201	0.655757	1.117554	-0.053925296664237975	1.7558299039780518e-05	0.6557585000991821
577080	-3.853691	-0.819790	0.111552	0.021201	0.655778	1.118012	-0.05392331723123789	1.7558299039780518e-05	0.655777096748352
577200	-3.854228	-0.819708	0.111414	0.021190	0.655888	1.117857	-0.05392685402184725	2.6337448559670777e-05	0.6558849215507507
577320	-3.854695	-0.819512	0.111895	0.021180	0.656051	1.118395	-0.05394570361822844	2.6337448559670777e-05	0.6560506224632263
577440	-3.854944	-0.819141	0.111853	0.021175	0.656320	1.118349	-0.05397493075579405	3.9506172839506166e-05	0.6563145518302917
577560	-3.854920	-0.818894	0.112445	0.021175	0.656514	1.119011	-0.05400325153023004	7.803688462124674e-06	0.6565136313438416
577680	-3.855310	-0.818746	0.112938	0.021167	0.656669	1.119563	-0.05401564091444015	7.803688462124674e-06	0.6566675305366516
577800	-3.855060	-0.818592	0.113094	0.021172	0.656789	1.119737	-0.05402832087129354	2.6337448559670777e-05	0.6567868590354919
577920	-3.855254	-0.818209	0.113436	0.021168	0.657134	1.120120	-0.05406338088214398	2.6337448559670777e-05	0.6571324467658997
578040	-3.854479	-0.817897	0.113372	0.021185	0.657327	1.120048	-0.05408943612128496	1.7558299039780518e-05	0.6573249101638794
578160	-3.853995	-0.817713	0.113298	0.021195	0.657450	1.119965	-0.0541072404012084	1.7558299039780518e-05	0.6574480533599854
578280	-3.853944	-0.817495	0.113580	0.021196	0.657597	1.120282	-0.054128768108785155	1.7558299039780518e-05	0.6575965881347656
578400	-3.853495	-0.817319	0.114006	0.021205	0.657783	1.120759	-0.054143954440951346	7.803688462124674e-06	0.6577818393707275
578520	-3.853293	-0.817282	0.114456	0.021210	0.657832	1.121263	-0.05414864737540483	1.7558299039780518e-05	0.6578312516212463
578640	-3.853161	-0.817012	0.114547	0.021213	0.658019	1.121365	-0.05417088214308023	1.7558299039780518e-05	0.6580169796943665
578760	-3.853506	-0.816788	0.115207	0.021205	0.658235	1.122106	-0.054191742464900015	1.7558299039780518e-05	0.6582329869270325
578880	-3.853176	-0.816640	0.115841	0.021212	0.658391	1.122817	-0.05420526582747698	1.7558299039780518e-05	0.6583900451660156
579000	-3.853378	-0.816356	0.116151	0.021208	0.658574	1.123165	-0.05422855392098427	2.6337448559670777e-05	0.6585710644721985
579120	-3.852626	-0.816060	0.116565	0.021224	0.658771	1.123631	-0.054258639179170134	1.7558299039780518e-05	0.6587709784507751
579240	-3.853276	-0.815998	0.116168	0.021210	0.658822	1.123185	-0.05426510665565729	1.7558299039780518e-05	0.6588221192359924
579360	-3.853595	-0.815734	0.117066	0.021203	0.659018	1.124194	-0.05428705979138613	1.7558299039780518e-05	0.6590171456336975
579480	-3.853530	-0.815528	0.117964	0.021205	0.659199	1.125203	-0.05430493224412203	1.7558299039780518e-05	0.6591972708702087
579600	-3.853405	-0.815389	0.118124	0.021207	0.659291	1.125383	-0.05431873761117458	1.1705532693187011e-05	0.6592909097671509
579720	-3.853357	-0.815200	0.118173	0.021208	0.659383	1.125438	-0.054335481859743594	1.1705532693187011e-05	0.6593819856643677
579840	-3.853083	-0.815119	0.118587	0.021214	0.659468	1.125905	-0.05434295926243067	1.7558299039780518e-05	0.6594668626785278
579960	-3.853185	-0.814962	0.118737	0.021212	0.659552	1.126074	-0.05435643512755632	2.6337448559670777e-05	0.6595516800880432
580080	-3.853568	-0.814622	0.119261	0.021204	0.659805	1.126664	-0.05438711177557707	1.7558299039780518e-05	0.6598045825958252
580200	-3.853445	-0.814416	0.119848	0.021207	0.659993	1.127326	-0.05440629329532385	2.6337448559670777e-05	0.6599915027618408
580320	-3.853167	-0.814218	0.120804	0.021212	0.660199	1.128404	-0.05442350097000599	1.7558299039780518e-05	0.6601977944374084
580440	-3.853363	-0.814057	0.121815	0.021208	0.660401	1.129546	-0.0544375017285347	2.6337448559670777e-05	0.660399854183197
580560	-3.853917	-0.813936	0.121850	0.021197	0.660509	1.129584	-0.054449151083827016	1.7558299039780518e-05	0.660507082939148
580680	-3.853960	-0.813646	0.122296	0.021196	0.660718	1.130089	-0.05447258222848177	1.7558299039780518e-05	0.6607151031494141
580800	-3.854320	-0.813523	0.122549	0.021188	0.660823	1.130374	-0.054486471228301525	1.7558299039780518e-05	0.6608225703239441
580920	-3.854168	-0.813215	0.123050	0.021191	0.661071	1.130941	-0.054512935876846316	2.6337448559670777e-05	0.6610686779022217
581040	-3.853736	-0.812971	0.123778	0.021200	0.661217	1.131765	-0.054534440487623216	2.6337448559670777e-05	0.6612161993980408
581160	-3.853540	-0.812725	0.124073	0.021205	0.661389	1.132098	-0.05455786809325218	1.1705532693187011e-05	0.6613886952400208
581280	-3.853524	-0.812642	0.123779	0.021205	0.661428	1.131766	-0.05456466320902109	1.7558299039780518e-05	0.6614258289337158
581400	-3.854156	-0.812472	0.123896	0.021191	0.661588	1.131898	-0.05458465162664652	2.6337448559670777e-05	0.6615886092185974
581520	-3.854224	-0.812293	0.124064	0.021190	0.661755	1.132089	-0.05459462907165289	2.6337448559670777e-05	0.6617512106895447
581640	-3.853965	-0.812144	0.124047	0.021196	0.661791	1.132069	-0.05461065284907818	1.7558299039780518e-05	0.6617904901504517
581760	-3.854480	-0.812106	0.123868	0.021185	0.661824	1.131867	-0.05461268164217472	1.7558299039780518e-05	0.6618235111236572
581880	-3.854579	-0.811988	0.123837	0.021183	0.661929	1.131832	-0.054624653048813344	1.7558299039780518e-05	0.661929726600647
582000	-3.854229	-0.811709	0.124278	0.021190	0.662113	1.132331	-0.054647871665656565	1.7558299039780518e-05	0.6621115803718567
582120	-3.854103	-0.811510	0.124294	0.021193	0.662220	1.132349	-0.05466570351272822	1.7558299039780518e-05	0.662218451499939
582240	-3.853920	-0.811383	0.124377	0.021196	0.662310	1.132442	-0.05467845592647791	1.1705532693187011e-05	0.6623085141181946
582360	-3.854137	-0.811209	0.124319	0.021192	0.662478	1.132377	-0.05469589289277792	1.7558299039780518e-05	0.6624782085418701
582480	-3.854312	-0.811081	0.124503	0.021188	0.662571	1.132586	-0.05470514949411154	1.7558299039780518e-05	0.662568986415863
582600	-3.854117	-0.810795	0.124487	0.021192	0.662755	1.132568	-0.05473015997558832	1.1705532693187011e-05	0.6627537608146667
582720	-3.853896	-0.810600	0.124802	0.021197	0.662879	1.132924	-0.054749750159680845	1.7558299039780518e-05	0.6628798842430115
582840	-3.854161	-0.810442	0.124950	0.021191	0.663011	1.133092	-0.05476279947906733	1.7558299039780518e-05	0.6630093455314636
582960	-3.854946	-0.810123	0.124574	0.021175	0.663250	1.132666	-0.05478919558227062	2.6337448559670777e-05	0.6632485389709473
583080	-3.855449	-0.810183	0.124383	0.021164	0.663240	1.132449	-0.05478664264082909	1.7558299039780518e-05	0.6632364988327026
583200	-3.856186	-0.810079	0.124732	0.021148	0.663402	1.132845	-0.05479749571532011	1.7558299039780518e-05	0.6634018421173096
583320	-3.856359	-0.810032	0.125002	0.021145	0.663511	1.133150	-0.05480051524937153	1.7558299039780518e-05	0.6635105013847351
583440	-3.856520	-0.809971	0.124992	0.021141	0.663558	1.133139	-0.0548068929463625	1.7558299039780518e-05	0.6635579466819763
583560	-3.857090	-0.809807	0.125339	0.021129	0.663697	1.133533	-0.054819064773619176	1.7558299039780518e-05	0.663694441318512
583680	-3.856889	-0.809808	0.125396	0.021134	0.663761	1.133597	-0.05482139103114605	1.7558299039780518e-05	0.6637592911720276
583800	-3.856647	-0.809709	0.124692	0.021139	0.663908	1.132799	-0.05483090505003929	1.1705532693187011e-05	0.6639084815979004
583920	-3.856391	-0.809657	0.124673	0.021144	0.663949	1.132777	-0.054834095761179924	1.7558299039780518e-05	0.6639477610588074
584040	-3.856661	-0.809494	0.125209	0.021138	0.664061	1.133385	-0.05484882388263941	1.7558299039780518e-05	0.6640602350234985
584160	-3.856928	-0.809379	0.125026	0.021133	0.664190	1.133177	-0.05485901143401861	1.7558299039780518e-05	0.6641895174980164
584280	-3.856263	-0.809212	0.125117	0.021147	0.664273	1.133281	-0.05487456470727921	1.1705532693187011e-05	0.6642731428146362
584400	-3.856639	-0.809053	0.125611	0.021139	0.664349	1.133841	-0.0548874543979764	1.7558299039780518e-05	0.6643492579460144
584520	-3.856464	-0.808751	0.126907	0.021143	0.664572	1.135311	-0.05491469893604517	1.7558299039780518e-05	0.6645696759223938
584640	-3.856322	-0.808666	0.127022	0.021146	0.664636	1.135442	-0.054924937151372435	1.7558299039780518e-05	0.664635956287384
584760	-3.856255	-0.808580	0.126898	0.021147	0.664729	1.135301	-0.054933717101812364	1.7558299039780518e-05	0.6647306680679321
584880	-3.856504	-0.808596	0.126895	0.021142	0.664755	1.135298	-0.054932394064962864	1.7558299039780518e-05	0.6647549271583557
585000	-3.856724	-0.808536	0.127178	0.021137	0.664828	1.135619	-0.05493469499051571	2.6337448559670777e-05	0.6648274064064026
585120	-3.856965	-0.808392	0.127253	0.021132	0.664906	1.135704	-0.05495009981095791	1.7558299039780518e-05	0.6649073958396912
585240	-3.856782	-0.808192	0.128241	0.021136	0.665073	1.136827	-0.05496610030531883	7.803688462124674e-06	0.6650719046592712
585360	-3.856925	-0.807748	0.129011	0.021133	0.665349	1.137702	-0.05500313974916935	1.7558299039780518e-05	0.6653468608856201
585480	-3.857416	-0.807737	0.129474	0.021123	0.665403	1.138229	-0.05500735566020012	1.7558299039780518e-05	0.665401816368103
585600	-3.856956	-0.807604	0.129430	0.021132	0.665485	1.138180	-0.055018065869808196	1.7558299039780518e-05	0.6654831171035767
585720	-3.857578	-0.807410	0.129566	0.021119	0.665697	1.138335	-0.05503866691142321	1.7558299039780518e-05	0.6656981706619263
585840	-3.857796	-0.807174	0.130319	0.021114	0.665971	1.139191	-0.05505679361522198	2.6337448559670777e-05	0.66596919298172
585960	-3.857818	-0.806856	0.131245	0.021114	0.666217	1.140247	-0.05508380457758903	1.7558299039780518e-05	0.6662145853042603
586080	-3.857160	-0.806697	0.131308	0.021128	0.666361	1.140319	-0.05509961731731892	1.7558299039780518e-05	0.666358232498169
586200	-3.856869	-0.806495	0.131997	0.021134	0.666491	1.141104	-0.05512036699801683	2.6337448559670777e-05	0.6664917469024658
586320	-3.855909	-0.806215	0.131691	0.021154	0.666668	1.140756	-0.055145790055394175	1.1705532693187011e-05	0.6666691899299622
586440	-3.855461	-0.806106	0.131988	0.021164	0.666761	1.141095	-0.05515442583709955	1.7558299039780518e-05	0.6667605042457581
586560	-3.855410	-0.806093	0.131463	0.021165	0.666783	1.140495	-0.0551546972244978	1.7558299039780518e-05	0.6667813658714294
586680	-3.854938	-0.805983	0.131791	0.021175	0.666830	1.140869	-0.05516621600836515	1.7558299039780518e-05	0.6668311357498169
586800	-3.855637	-0.805896	0.132417	0.021160	0.666949	1.141584	-0.055170437321066856	1.7558299039780518e-05	0.6669455766677856
586920	-3.855214	-0.805742	0.132369	0.021169	0.667063	1.141529	-0.05518639795482159	2.6337448559670777e-05	0.667061448097229
587040	-3.854969	-0.805512	0.132348	0.021174	0.667228	1.141506	-0.05520843621343374	1.7558299039780518e-05	0.6672285795211792
587160	-3.855094	-0.805244	0.132101	0.021172	0.667418	1.141224	-0.055226702615618704	2.6337448559670777e-05	0.6674136519432068
587280	-3.855098	-0.804889	0.133232	0.021172	0.667708	1.142515	-0.05526187028735876	1.1705532693187011e-05	0.6677066683769226
587400	-3.854987	-0.804870	0.133500	0.021174	0.667703	1.142822	-0.055265091359615326	2.6337448559670777e-05	0.6677032113075256
587520	-3.854797	-0.804737	0.134303	0.021178	0.667833	1.143739	-0.05527665298432112	1.1705532693187011e-05	0.667831540107727
587640	-3.855106	-0.804587	0.134259	0.021171	0.667953	1.143689	-0.05529020354151726	1.1705532693187011e-05	0.6679522395133972
587760	-3.854934	-0.804584	0.133926	0.021175	0.667964	1.143309	-0.055290369875729085	1.7558299039780518e-05	0.6679629683494568
587880	-3.854869	-0.804394	0.134278	0.021176	0.668109	1.143710	-0.05530882086604834	1.7558299039780518e-05	0.668109118938446
588000	-3.855287	-0.804046	0.135065	0.021168	0.668447	1.144611	-0.05533709917217493	2.6337448559670777e-05	0.6684429049491882
588120	-3.855868	-0.803972	0.135190	0.021155	0.668515	1.144754	-0.05534511543810368	1.7558299039780518e-05	0.6685132384300232
588240	-3.855672	-0.803804	0.134895	0.021159	0.668611	1.144417	-0.055359072797000405	1.7558299039780518e-05	0.6686094403266907
588360	-3.855382	-0.803581	0.134581	0.021166	0.668754	1.144057	-0.05538332965224981	2.6337448559670777e-05	0.6687555909156799
588480	-3.855407	-0.803560	0.135471	0.021165	0.668791	1.145076	-0.055383759550750256	1.7558299039780518e-05	0.6687899231910706
588600	-3.855255	-0.803124	0.136222	0.021168	0.669057	1.145936	-0.055421949550509456	1.7558299039780518e-05	0.669054388999939
588720	-3.855111	-0.802844	0.136692	0.021171	0.669277	1.146475	-0.05544461570680141	1.7558299039780518e-05	0.6692731976509094
588840	-3.855331	-0.802697	0.136672	0.021167	0.669405	1.146452	-0.0554624879732728	1.1705532693187011e-05	0.6694042086601257
588960	-3.854760	-0.802456	0.136650	0.021179	0.669562	1.146427	-0.05548169743269682	1.7558299039780518e-05	0.6695617437362671
589080	-3.855422	-0.802313	0.136534	0.021165	0.669670	1.146294	-0.055494924820959565	2.6337448559670777e-05	0.6696675419807434
589200	-3.855398	-0.802177	0.136832	0.021165	0.669804	1.146635	-0.05550866462290287	1.1705532693187011e-05	0.6698039174079895
589320	-3.855629	-0.802059	0.137055	0.021160	0.669897	1.146891	-0.055516918562352656	2.6337448559670777e-05	0.6698951721191406
589440	-3.855734	-0.801933	0.137277	0.021158	0.670008	1.147146	-0.05553158856928349	1.1705532693187011e-05	0.6700085401535034
589560	-3.855425	-0.801805	0.137598	0.021165	0.670125	1.147515	-0.05554115511476994	1.7558299039780518e-05	0.6701230406761169
589680	-3.854856	-0.801560	0.138203	0.021177	0.670274	1.148208	-0.05556179657578468	2.6337448559670777e-05	0.6702734231948853
589800	-3.855063	-0.801412	0.138414	0.021172	0.670362	1.148451	-0.05557657293975353	7.803688462124674e-06	0.6703622937202454
589920	-3.855410	-0.801234	0.138995	0.021165	0.670559	1.149119	-0.05559180434793234	2.6337448559670777e-05	0.6705578565597534
590040	-3.855376	-0.801155	0.139169	0.021166	0.670623	1.149318	-0.05560064930468798	2.6337448559670777e-05	0.6706226468086243
590160	-3.855392	-0.800782	0.139568	0.021165	0.670895	1.149777	-0.055633244663476945	1.1705532693187011e-05	0.670894205570221
590280	-3.855599	-0.800569	0.139786	0.021161	0.671076	1.150028	-0.05565278921276331	1.1705532693187011e-05	0.671075165271759
590400	-3.856111	-0.800314	0.140734	0.021150	0.671288	1.151118	-0.05567308459430933	2.6337448559670777e-05	0.671286404132843
590520	-3.856657	-0.800203	0.141241	0.021139	0.671415	1.151702	-0.05568451154977083	1.7558299039780518e-05	0.6714133024215698
590640	-3.857094	-0.800045	0.141610	0.021129	0.671594	1.152128	-0.05569842401891947	1.7558299039780518e-05	0.6715921759605408
590760	-3.856338	-0.799739	0.142230	0.021145	0.671805	1.152842	-0.055725127644836905	1.7558299039780518e-05	0.6718018651008606
590880	-3.856411	-0.799494	0.142263	0.021144	0.671998	1.152879	-0.05574739798903465	1.7558299039780518e-05	0.6719964146614075
591000	-3.856607	-0.799355	0.142365	0.021140	0.672117	1.152997	-0.05576180871576071	1.7558299039780518e-05	0.6721161603927612
591120	-3.856242	-0.799021	0.143156	0.021147	0.672360	1.153909	-0.05579076334834099	1.1705532693187011e-05	0.6723597645759583
591240	-3.856462	-0.798861	0.143417	0.021143	0.672522	1.154211	-0.055806609243154524	2.6337448559670777e-05	0.6725211143493652
591360	-3.856061	-0.798538	0.143812	0.021151	0.672745	1.154667	-0.055833484046161175	1.7558299039780518e-05	0.6727448105812073
591480	-3.855616	-0.798271	0.143606	0.021161	0.672930	1.154429	-0.05585511177778244	1.7558299039780518e-05	0.6729257702827454
591600	-3.855514	-0.798044	0.144114	0.021163	0.673126	1.155015	-0.0558808708563447	1.1705532693187011e-05	0.6731261014938354
591720	-3.855093	-0.797738	0.144609	0.021172	0.673356	1.155587	-0.05590343028306961	1.7558299039780518e-05	0.6733531951904297
591840	-3.855149	-0.797499	0.144412	0.021170	0.673522	1.155361	-0.05592544730752706	1.7558299039780518e-05	0.6735191345214844
591960	-3.855248	-0.797287	0.144452	0.021168	0.673684	1.155406	-0.05594573337584734	1.7558299039780518e-05	0.6736821532249451
592080	-3.854929	-0.797116	0.144026	0.021175	0.673792	1.154914	-0.05596314333379269	2.6337448559670777e-05	0.6737908720970154
592200	-3.855014	-0.796993	0.144426	0.021173	0.673889	1.155376	-0.055974842980504036	1.1705532693187011e-05	0.673888623714447
592320	-3.855621	-0.796749	0.144793	0.021160	0.674134	1.155801	-0.05599538628011942	1.1705532693187011e-05	0.6741321086883545
592440	-3.855376	-0.796509	0.144885	0.021166	0.674279	1.155906	-0.05601480137556791	1.7558299039780518e-05	0.674277126789093
592560	-3.854716	-0.796052	0.146228	0.021180	0.674665	1.157461	-0.05605689454823733	1.7558299039780518e-05	0.6746613383293152
592680	-3.854452	-0.795848	0.146395	0.021185	0.674772	1.157654	-0.056076982989907265	1.1705532693187011e-05	0.6747711300849915
592800	-3.854498	-0.795710	0.146706	0.021184	0.674882	1.158013	-0.056088739074766636	1.7558299039780518e-05	0.6748804450035095
592920	-3.854606	-0.795576	0.146727	0.021182	0.675002	1.158038	-0.05610108934342861	1.1705532693187011e-05	0.6750006079673767
593040	-3.855324	-0.795341	0.147086	0.021167	0.675247	1.158453	-0.05612171161919832	1.7558299039780518e-05	0.6752446293830872
593160	-3.855805	-0.795204	0.147578	0.021157	0.675388	1.159024	-0.056133616343140603	7.803688462124674e-06	0.6753860116004944
593280	-3.855647	-0.795009	0.147995	0.021160	0.675520	1.159507	-0.056152261793613434	1.7558299039780518e-05	0.6755183935165405
593400	-3.855827	-0.794759	0.148688	0.021156	0.675752	1.160311	-0.0561754122376442	1.7558299039780518e-05	0.6757522821426392
593520	-3.855097	-0.794476	0.148901	0.021172	0.675914	1.160558	-0.05620013792067766	1.1705532693187011e-05	0.6759128570556641
593640	-3.855089	-0.794338	0.148564	0.021172	0.675987	1.160167	-0.05621362458914518	1.7558299039780518e-05	0.6759864091873169
593760	-3.855184	-0.794066	0.148756	0.021170	0.676178	1.160390	-0.05623552314937115	1.7558299039780518e-05	0.6761756539344788
593880	-3.854189	-0.793684	0.148792	0.021191	0.676430	1.160431	-0.05626890361309052	1.7558299039780518e-05	0.6764269471168518
594000	-3.854941	-0.793514	0.148915	0.021175	0.676638	1.160574	-0.0562873799353838	1.7558299039780518e-05	0.676636815071106
594120	-3.855121	-0.793245	0.148446	0.021171	0.676843	1.160031	-0.05630769729614258	1.1705532693187011e-05	0.6768401265144348
594240	-3.854784	-0.792946	0.148802	0.021178	0.677071	1.160443	-0.056335875391960145	1.1705532693187011e-05	0.677068293094635
594360	-3.854608	-0.792887	0.149225	0.021182	0.677131	1.160935	-0.05634428784251213	7.803688462124674e-06	0.6771309971809387
594480	-3.854481	-0.792726	0.149246	0.021185	0.677279	1.160958	-0.0563575578853488	1.1705532693187011e-05	0.6772777438163757
594600	-3.854349	-0.792426	0.150272	0.021187	0.677527	1.162150	-0.05638223197311163	2.6337448559670777e-05	0.6775235533714294
594720	-3.854731	-0.792359	0.150509	0.021179	0.677580	1.162426	-0.056391175650060174	1.7558299039780518e-05	0.6775797009468079
594840	-3.854634	-0.792034	0.150892	0.021181	0.677831	1.162871	-0.05641928855329752	2.6337448559670777e-05	0.6778281331062317
594960	-3.854866	-0.791813	0.151442	0.021176	0.678055	1.163511	-0.05644111726433039	1.7558299039780518e-05	0.6780552864074707
595080	-3.854489	-0.791616	0.151361	0.021184	0.678225	1.163417	-0.05645874012261629	1.7558299039780518e-05	0.6782248616218567
595200	-3.854391	-0.791464	0.151282	0.021187	0.678322	1.163324	-0.056472398526966575	7.803688462124674e-06	0.6783222556114197
595320	-3.854382	-0.791275	0.151443	0.021187	0.678467	1.163512	-0.056487883627414706	1.7558299039780518e-05	0.6784651279449463
595440	-3.854201	-0.790971	0.151997	0.021191	0.678718	1.164156	-0.05651462152600288	1.1705532693187011e-05	0.6787164807319641
595560	-3.854696	-0.790801	0.151627	0.021180	0.678867	1.163726	-0.05653193648904562	1.7558299039780518e-05	0.6788654327392578
595680	-3.855271	-0.790541	0.151693	0.021168	0.679072	1.163803	-0.05655379090458155	1.7558299039780518e-05	0.679070770740509
595800	-3.855288	-0.790352	0.152094	0.021167	0.679217	1.164269	-0.056570655293762685	1.7558299039780518e-05	0.6792155504226685
595920	-3.855382	-0.789944	0.152428	0.021166	0.679529	1.164659	-0.0566027944907546	2.6337448559670777e-05	0.6795250177383423
596040	-3.854860	-0.789793	0.152681	0.021177	0.679592	1.164953	-0.05662216637283564	1.7558299039780518e-05	0.6795909404754639
596160	-3.854956	-0.789521	0.153140	0.021175	0.679766	1.165489	-0.056644896417856215	2.6337448559670777e-05	0.6797652244567871
596280	-3.854328	-0.789301	0.153612	0.021188	0.679943	1.166038	-0.056665746867656706	1.7558299039780518e-05	0.6799417734146118
596400	-3.853989	-0.789102	0.153676	0.021195	0.680073	1.166112	-0.056683211401104924	1.7558299039780518e-05	0.6800714731216431
596520	-3.853217	-0.788802	0.154431	0.021211	0.680284	1.166993	-0.05670816563069821	1.1705532693187011e-05	0.6802818775177002
596640	-3.852913	-0.788722	0.154574	0.021218	0.680342	1.167160	-0.05671687535941601	1.7558299039780518e-05	0.6803399324417114
596760	-3.852193	-0.788410	0.154768	0.021233	0.680533	1.167387	-0.056745809689164164	1.7558299039780518e-05	0.6805321574211121
596880	-3.852198	-0.788122	0.155210	0.021233	0.680737	1.167903	-0.05677287746220827	7.803688462124674e-06	0.6807368993759155
597000	-3.851954	-0.787982	0.154915	0.021238	0.680859	1.167559	-0.05678476039320231	1.1705532693187011e-05	0.6808581352233887
597120	-3.851798	-0.787760	0.155408	0.021242	0.681015	1.168134	-0.056802956759929656	2.6337448559670777e-05	0.6810133457183838
597240	-3.851470	-0.787495	0.155863	0.021248	0.681177	1.168666	-0.05682904254645109	1.7558299039780518e-05	0.6811754703521729
597360	-3.851076	-0.787427	0.156382	0.021257	0.681245	1.169273	-0.05683627221733332	1.7558299039780518e-05	0.6812447309494019
597480	-3.851261	-0.787376	0.156370	0.021253	0.681277	1.169259	-0.05684115644544363	1.7558299039780518e-05	0.6812779307365417
597600	-3.851421	-0.787106	0.156591	0.021250	0.681502	1.169517	-0.056862573884427545	1.7558299039780518e-05	0.6815006732940674
597720	-3.851418	-0.786853	0.156994	0.021250	0.681756	1.169988	-0.0568848142400384	7.803688462124674e-06	0.6817547082901001
597840	-3.851193	-0.786654	0.157328	0.021254	0.681920	1.170379	-0.05690416730940342	1.7558299039780518e-05	0.6819190979003906
597960	-3.850575	-0.786316	0.157748	0.021268	0.682163	1.170871	-0.05693330783396959	1.7558299039780518e-05	0.6821609735488892
598080	-3.850452	-0.786106	0.158132	0.021270	0.682327	1.171321	-0.05695318598300218	1.1705532693187011e-05	0.6823248863220215
598200	-3.850790	-0.785933	0.158526	0.021263	0.682480	1.171782	-0.056970339454710486	1.7558299039780518e-05	0.6824805736541748
598320	-3.850302	-0.785608	0.159026	0.021273	0.682698	1.172369	-0.05699513498693705	1.7558299039780518e-05	0.6826939582824707
598440	-3.849818	-0.785416	0.158844	0.021284	0.682797	1.172155	-0.05701538417488337	1.1705532693187011e-05	0.6827965974807739
598560	-3.849647	-0.785211	0.159440	0.021287	0.682956	1.172854	-0.05703353434801102	1.1705532693187011e-05	0.6829547882080078
598680	-3.850244	-0.785089	0.159544	0.021275	0.683059	1.172976	-0.057047232240438464	1.7558299039780518e-05	0.6830596327781677
598800	-3.850409	-0.784766	0.160126	0.021271	0.683330	1.173658	-0.05707011446356773	2.6337448559670777e-05	0.6833256483078003
598920	-3.850034	-0.784414	0.160617	0.021279	0.683582	1.174236	-0.057105612568557264	1.1705532693187011e-05	0.6835811734199524
599040	-3.850338	-0.784218	0.160590	0.021273	0.683702	1.174204	-0.05712306760251522	1.7558299039780518e-05	0.6837009787559509
599160	-3.850803	-0.783803	0.160924	0.021263	0.684023	1.174595	-0.05715742614120245	2.6337448559670777e-05	0.6840193271636963
599280	-3.850260	-0.783419	0.161715	0.021274	0.684293	1.175525	-0.057194771617650984	1.1705532693187011e-05	0.6842913627624512
599400	-3.850191	-0.783272	0.161692	0.021276	0.684430	1.175498	-0.05720763299614191	1.7558299039780518e-05	0.6844272613525391
599520	-3.850395	-0.783065	0.162003	0.021271	0.684603	1.175864	-0.057225897908210754	1.7558299039780518e-05	0.684600830078125
599640	-3.850513	-0.782849	0.162354	0.021269	0.684797	1.176277	-0.057247543893754485	1.7558299039780518e-05	0.6847959756851196
599760	-3.850493	-0.782544	0.162787	0.021269	0.685017	1.176786	-0.05727168433368206	1.7558299039780518e-05	0.6850153207778931
599880	-3.850371	-0.782372	0.163068	0.021272	0.685112	1.177116	-0.05728957615792751	7.803688462124674e-06	0.6851109862327576
600000	-3.850271	-0.782039	0.163131	0.021274	0.685446	1.177191	-0.05731776151806116	1.7558299039780518e-05	0.6854441165924072
